cell_idx,cell_barcode,true_label,pred_label,pred_celltype,pred_rationale,acc,keyword,llm_binary_judgment,llm_binary
50102,TTTGCGCTCTGCAAGT-1-2,B cell,"B cell

Strong expression of B cell markers (MS4A1, CD79A/B, PAX5, FCRL family) and immunoglobulin chains, with high Naive/Memory B cell pathway scores and low plasma cell activity, confirming B cell identity.",B cell,"Strong expression of B cell markers (MS4A1, CD79A/B, PAX5, FCRL family) and immunoglobulin chains, with high Naive/Memory B cell pathway scores and low plasma cell activity, confirming B cell identity.",1,1,YES,1
50747,TCGCGTTGTGTGTGCC-1-0,B cell,"B cell
High expression of B cell markers (MS4A1, CD79A/B, PAX5, FCRLs) and immunoglobulins (IGHA1, IGHM) confirms B cell identity. Presence of CD20 and PAX5 excludes plasma cell. Pathway scores support naive and IgA+ memory B cell programs.",B cell,"High expression of B cell markers (MS4A1, CD79A/B, PAX5, FCRLs) and immunoglobulins (IGHA1, IGHM) confirms B cell identity. Presence of CD20 and PAX5 excludes plasma cell. Pathway scores support naive and IgA+ memory B cell programs.",1,1,YES,1
11590,CGTCTACAGCCACGCT-1-2,B cell,"B cell
The expression profile shows strong B cell markers (MS4A1, CD79A/B, PAX5, CD22, FCER2) and immunoglobulin genes (IGHA1, IGHM, IGHD). High naive B cell pathway score and PAX5 expression rule out plasma cells. No evidence for other cell types in the list.",B cell,"The expression profile shows strong B cell markers (MS4A1, CD79A/B, PAX5, CD22, FCER2) and immunoglobulin genes (IGHA1, IGHM, IGHD). High naive B cell pathway score and PAX5 expression rule out plasma cells. No evidence for other cell types in the list.",1,1,YES,1
72689,TGGTTCCGTACCGGCT-1-2,B cell,"B cell
The expression profile shows classic B cell markers (MS4A1/CD20, CD79A/B, PAX5, CD22, immunoglobulin genes) and high pathway scores for memory and naive B cells, with no loss of CD20 typical of plasma cells.",B cell,"The expression profile shows classic B cell markers (MS4A1/CD20, CD79A/B, PAX5, CD22, immunoglobulin genes) and high pathway scores for memory and naive B cells, with no loss of CD20 typical of plasma cells.",1,1,YES,1
61869,CAGCGACCATCCTAGA-1-0,B cell,"B cell
Strong expression of classic B cell markers (MS4A1, CD79A/B, PAX5, FCER2, FCRL family) and immunoglobulins confirms B cell identity. Pathway scores favor naive B cell over plasma cell, and absence of plasma cell markers (e.g., SDC1, XBP1) rules out plasma cell. The stage-1 annotation is correct.",B cell,"Strong expression of classic B cell markers (MS4A1, CD79A/B, PAX5, FCER2, FCRL family) and immunoglobulins confirms B cell identity. Pathway scores favor naive B cell over plasma cell, and absence of plasma cell markers (e.g., SDC1, XBP1) rules out plasma cell. The stage-1 annotation is correct.",1,1,YES,1
53509,CAACCTCAGCCACCTG-1-2,B cell,"B cell
Strong expression of B cell markers MS4A1 (CD20), CD79A/B, PAX5, and immunoglobulins, with retention of CD20 and PAX5 ruling out plasma cell identity. Pathway scores further support B cell memory/naive states.",B cell,"Strong expression of B cell markers MS4A1 (CD20), CD79A/B, PAX5, and immunoglobulins, with retention of CD20 and PAX5 ruling out plasma cell identity. Pathway scores further support B cell memory/naive states.",1,1,YES,1
8176,GTCCTCAAGGCTAGAC-1-3,B cell,"B cell
High expression of MS4A1 (CD20), CD79A/B, PAX5, and immunoglobulin genes (IGHA1, IGHM, IGHD) confirms mature B cell identity. Absence of plasma cell markers (e.g., no loss of CD20) and pathway scores favoring naive/memory B cell programs support this annotation over plasma cell.",B cell,"High expression of MS4A1 (CD20), CD79A/B, PAX5, and immunoglobulin genes (IGHA1, IGHM, IGHD) confirms mature B cell identity. Absence of plasma cell markers (e.g., no loss of CD20) and pathway scores favoring naive/memory B cell programs support this annotation over plasma cell.",1,1,YES,1
5424,CCAGCGATCAGCATGT-1-3,B cell,"B cell

The expression profile shows classic B cell markers (MS4A1, CD79A/B, CD22, PAX5, FCRL family) and high pathway scores for naive B cell (7.689) over plasma cell (2.934). Presence of immunoglobulin genes (IGHA1, IGHM, IGHD) and absence of plasma cell markers (e.g., XBP1, SDC1) confirm a B cell identity, not a plasma cell.",B cell,"The expression profile shows classic B cell markers (MS4A1, CD79A/B, CD22, PAX5, FCRL family) and high pathway scores for naive B cell (7.689) over plasma cell (2.934). Presence of immunoglobulin genes (IGHA1, IGHM, IGHD) and absence of plasma cell markers (e.g., XBP1, SDC1) confirm a B cell identity, not a plasma cell.",1,1,YES,1
41209,ACACCAACAGATGGCA-1-3,B cell,"B cell
Strong expression of B cell markers MS4A1 (CD20), CD79A/B, CD74, and HLA class II genes, plus high z-scores for FCRLA, IGHA1, and TNFRSF13B. Pathway scores highest for naive and memory B cell programs, not plasma cell. Consistent with stage-1 annotation.",B cell,"Strong expression of B cell markers MS4A1 (CD20), CD79A/B, CD74, and HLA class II genes, plus high z-scores for FCRLA, IGHA1, and TNFRSF13B. Pathway scores highest for naive and memory B cell programs, not plasma cell. Consistent with stage-1 annotation.",1,1,YES,1
35222,CCACGGAGTGCTAGCC-1-3,B cell,"B cell
The expression profile shows high levels of B cell markers (MS4A1/CD20, CD79A/B, PAX5, CD22, FCRL family, FCER2) and immunoglobulin genes, but the presence of CD20 and PAX5 indicates a B cell rather than a plasma cell, which typically loses these markers. Pathway scores also favor naive/memory B cell over plasma cell, confirming B cell identity.",B cell,"The expression profile shows high levels of B cell markers (MS4A1/CD20, CD79A/B, PAX5, CD22, FCRL family, FCER2) and immunoglobulin genes, but the presence of CD20 and PAX5 indicates a B cell rather than a plasma cell, which typically loses these markers. Pathway scores also favor naive/memory B cell over plasma cell, confirming B cell identity.",1,1,YES,1
69537,GTCTTCGAGTACCGGA-1-3,B cell,"B cell
High expression of MS4A1 (CD20), CD79A/B, PAX5, CD22, and FCRL family combined with immunoglobulin genes (IGHA1, IGHD, IGHM) and pathway scores show naive B cell identity. Lack of plasma cell markers like CD138 and retention of CD20/22 confirm B cell over plasma cell.",B cell,"High expression of MS4A1 (CD20), CD79A/B, PAX5, CD22, and FCRL family combined with immunoglobulin genes (IGHA1, IGHD, IGHM) and pathway scores show naive B cell identity. Lack of plasma cell markers like CD138 and retention of CD20/22 confirm B cell over plasma cell.",1,1,YES,1
72329,GTCCTCATCGCCTGAG-1-3,B cell,"B cell
High expression of MS4A1 (CD20), CD79A/CD79B, MHC class II genes, and B cell-specific markers (FCRLA, CD22, PAX5) confirms B cell identity. Pathway scores show highest activity for naive B cell and memory B cell, with low plasma cell score, supporting a B cell (not plasma cell) annotation.",B cell,"High expression of MS4A1 (CD20), CD79A/CD79B, MHC class II genes, and B cell-specific markers (FCRLA, CD22, PAX5) confirms B cell identity. Pathway scores show highest activity for naive B cell and memory B cell, with low plasma cell score, supporting a B cell (not plasma cell) annotation.",1,1,YES,1
32747,CCGGTAGGTAGGGTAC-1-3,B cell,"B cell
The expression profile (MS4A1/CD20, CD79A/B, PAX5, CD22, FCRL family, immunoglobulin chains) and highest pathway score for naive B cells confirm a B cell identity. Plasma cells downregulate CD20 and PAX5, so this is not a plasma cell.",B cell,"The expression profile (MS4A1/CD20, CD79A/B, PAX5, CD22, FCRL family, immunoglobulin chains) and highest pathway score for naive B cells confirm a B cell identity. Plasma cells downregulate CD20 and PAX5, so this is not a plasma cell.",1,1,YES,1
58504,TGCACCTGTGGTGTAG-1-2,B cell,"B cell
Strong expression of canonical B cell markers (MS4A1, CD79A/B, PAX5, FCRLs) and immunoglobulins (IGHA, IGHM, IGHD) with preserved PAX5 excludes plasma cells. Pathway scores favor naive B cell. All evidence confirms B cell identity.",B cell,"Strong expression of canonical B cell markers (MS4A1, CD79A/B, PAX5, FCRLs) and immunoglobulins (IGHA, IGHM, IGHD) with preserved PAX5 excludes plasma cells. Pathway scores favor naive B cell. All evidence confirms B cell identity.",1,1,YES,1
5484,TAGAGCTGTGCCTGGT-1-2,B cell,"B cell
High expression of pan-B cell markers (MS4A1/CD20, CD79A, CD79B, CD22, FCER2) and immunoglobulin genes (IGHA1, IGLC3, IGHM) with retained CD20 and absence of plasma cell markers confirms B cell identity, consistent with stage-1 annotation.",B cell,"High expression of pan-B cell markers (MS4A1/CD20, CD79A, CD79B, CD22, FCER2) and immunoglobulin genes (IGHA1, IGLC3, IGHM) with retained CD20 and absence of plasma cell markers confirms B cell identity, consistent with stage-1 annotation.",1,1,YES,1
51327,AGGGAGTAGGCACATG-1-2,B cell,"B cell
Strong expression of B cell markers (MS4A1, CD79A/B, CD22, FCER2), immunoglobulins (IGHM, IGHD, IGHA1), and FCRL family genes confirms B cell identity. Pathway scores indicate naive B cell as highest, with no plasma cell features (MS4A1 retained, CD138 absent). The general ""B cell"" label is accurate.",B cell,"Strong expression of B cell markers (MS4A1, CD79A/B, CD22, FCER2), immunoglobulins (IGHM, IGHD, IGHA1), and FCRL family genes confirms B cell identity. Pathway scores indicate naive B cell as highest, with no plasma cell features (MS4A1 retained, CD138 absent). The general ""B cell"" label is accurate.",1,1,YES,1
55855,CTGCTGTGTGTTGAGG-1-3,B cell,"B cell
High expression of pan-B cell markers (MS4A1/CD20, CD79A/B, PAX5, CD22) and low plasma cell pathway score confirm B cell identity. Presence of CD20 and lack of plasma cell-specific markers rule out plasma cell.",B cell,"High expression of pan-B cell markers (MS4A1/CD20, CD79A/B, PAX5, CD22) and low plasma cell pathway score confirm B cell identity. Presence of CD20 and lack of plasma cell-specific markers rule out plasma cell.",1,1,YES,1
28969,AGCGTATGTCATCGGC-1-6,B cell,"B cell  
Strong expression of MS4A1 (CD20), CD79A/B, CD22, and immunoglobulin genes (IGHA1, IGHM) with high naive B cell pathway score confirms B cell identity. Lack of plasma cell markers (e.g., SDC1, XBP1) and retention of CD20 rule out plasma cell.",B cell,"Strong expression of MS4A1 (CD20), CD79A/B, CD22, and immunoglobulin genes (IGHA1, IGHM) with high naive B cell pathway score confirms B cell identity. Lack of plasma cell markers (e.g., SDC1, XBP1) and retention of CD20 rule out plasma cell.",1,1,YES,1
47691,CTAGTGATCAGTTTGG-1-3,B cell,"B cell
Strong expression of canonical B cell markers (MS4A1/CD20, CD79A/B, CD22, PAX5) and immunoglobulins (IGHA1/2, IGHM, IGHD) with high naive and memory B cell pathway scores and low plasma cell score, confirming a mature B cell consistent with nose mucosa.",B cell,"Strong expression of canonical B cell markers (MS4A1/CD20, CD79A/B, CD22, PAX5) and immunoglobulins (IGHA1/2, IGHM, IGHD) with high naive and memory B cell pathway scores and low plasma cell score, confirming a mature B cell consistent with nose mucosa.",1,1,YES,1
34851,GCAGTTACATTGAGCT-1-6,B cell,"B cell

The top markers include MS4A1 (CD20), CD79A/B, CD22, PAX5, and FCRL family genes, which are definitive B cell markers. Immunoglobulin expression (IGHA1, IGHM) indicates activation but not terminal plasma cell differentiation, as CD20 is retained. Pathway scores emphasize naive and follicular B cell programs over plasma cell. No markers of other lineages (T cell, dendritic cell, etc.) are present.",B cell,"The top markers include MS4A1 (CD20), CD79A/B, CD22, PAX5, and FCRL family genes, which are definitive B cell markers. Immunoglobulin expression (IGHA1, IGHM) indicates activation but not terminal plasma cell differentiation, as CD20 is retained. Pathway scores emphasize naive and follicular B cell programs over plasma cell. No markers of other lineages (T cell, dendritic cell, etc.) are present.",1,1,YES,1
52756,CGCTTCATCCGAACGC-1-3,CD1c-positive myeloid dendritic cell,"CD1c-positive myeloid dendritic cell
High expression of CD1C, CD1E, FCER1A, CLEC10A, and complement C1Q genes, along with the highest pathway score for CD1c+ myeloid dendritic cell (cDC2), confirms this identity. The expression of MHC class II molecules and CD83 further supports an antigen-presenting dendritic cell phenotype in nasal mucosa.",CD1c-positive myeloid dendritic cell,"High expression of CD1C, CD1E, FCER1A, CLEC10A, and complement C1Q genes, along with the highest pathway score for CD1c+ myeloid dendritic cell (cDC2), confirms this identity. The expression of MHC class II molecules and CD83 further supports an antigen-presenting dendritic cell phenotype in nasal mucosa.",1,1,YES,1
59057,AGAGCGAGTGTTAAGA-1-3,CD1c-positive myeloid dendritic cell,"CD1c-positive myeloid dendritic cell
Strong expression of CD1C, CD1E, FCER1A, CLEC10A, and CD207 confirms cDC2 identity. Macrophage pathway score slightly higher but likely reflects shared markers (C1Q, MRC1); direct gene evidence supports dendritic cell subset.",CD1c-positive myeloid dendritic cell,"Strong expression of CD1C, CD1E, FCER1A, CLEC10A, and CD207 confirms cDC2 identity. Macrophage pathway score slightly higher but likely reflects shared markers (C1Q, MRC1); direct gene evidence supports dendritic cell subset.",1,1,YES,1
5974,GTTCATTAGCAATATG-1-3,CD1c-positive myeloid dendritic cell,CD1c-positive myeloid dendritic cell,CD1c-positive myeloid dendritic cell,,1,1,YES,1
69801,AACTTTCAGATGCGAC-1-3,CD1c-positive myeloid dendritic cell,"CD1c-positive myeloid dendritic cell
Strong evidence from top z-score genes: CD1C, CD1E, FCER1A, CLEC10A, C1QA/B/C, CCL17, CCL24, and MRC1. Highest pathway score for CD1c-positive myeloid dendritic cell (cDC2) at +2.767. No conflicting markers for other cell types in nose.",CD1c-positive myeloid dendritic cell,"Strong evidence from top z-score genes: CD1C, CD1E, FCER1A, CLEC10A, C1QA/B/C, CCL17, CCL24, and MRC1. Highest pathway score for CD1c-positive myeloid dendritic cell (cDC2) at +2.767. No conflicting markers for other cell types in nose.",1,1,YES,1
36556,CAAGTTGGTCTGATTG-1-5,CD1c-positive myeloid dendritic cell,"CD1c-positive myeloid dendritic cell
High expression of CD1C, CD1E, FCER1A, CLEC10A, CD207, and MHC-II genes, with top pathway score for CD1c+ DC2, confirms the annotation. Complement and other markers are consistent with DC phenotype in nose.",CD1c-positive myeloid dendritic cell,"High expression of CD1C, CD1E, FCER1A, CLEC10A, CD207, and MHC-II genes, with top pathway score for CD1c+ DC2, confirms the annotation. Complement and other markers are consistent with DC phenotype in nose.",1,1,YES,1
60917,TACTCGCTCAGGCGAA-1-5,CD1c-positive myeloid dendritic cell,"CD1c-positive myeloid dendritic cell
High expression of CD1C, FCER1A, CLEC10A, CD207, and complement components (C1QA/B/C) with strong pathway score for complement-high CD1c+ DC confirms this subtype in nasal mucosa.",CD1c-positive myeloid dendritic cell,"High expression of CD1C, FCER1A, CLEC10A, CD207, and complement components (C1QA/B/C) with strong pathway score for complement-high CD1c+ DC confirms this subtype in nasal mucosa.",1,1,YES,1
54099,GCCTCTAGTACTTAGC-1-4,CD1c-positive myeloid dendritic cell,"CD1c-positive myeloid dendritic cell
High expression of CD1C, CD1E, FCER1A, CLEC10A, and CD207 confirms the CD1c+ DC2 subset. C1Q and MRC1 are also present but do not override the canonical DC markers; these genes can be expressed by mucosal DCs. Pathway scores show both macrophage and DC programs, but the direct DC markers are definitive.",CD1c-positive myeloid dendritic cell,"High expression of CD1C, CD1E, FCER1A, CLEC10A, and CD207 confirms the CD1c+ DC2 subset. C1Q and MRC1 are also present but do not override the canonical DC markers; these genes can be expressed by mucosal DCs. Pathway scores show both macrophage and DC programs, but the direct DC markers are definitive.",1,1,YES,1
14177,TTGACTTCATGATCCA-1-2,CD1c-positive myeloid dendritic cell,"CD1c-positive myeloid dendritic cell

Expression of CD1C, CD1E, FCER1A, CLEC10A, CD207, and complement components C1QA/B/C, along with highest pathway score for CD1c+ myeloid dendritic cell (mDC2), confirms the annotation. High MHC-II (HLA-DR/DQ/DP) and co-stimulatory molecules (CD86, CD83) are consistent with dendritic cell identity.",CD1c-positive myeloid dendritic cell,"Expression of CD1C, CD1E, FCER1A, CLEC10A, CD207, and complement components C1QA/B/C, along with highest pathway score for CD1c+ myeloid dendritic cell (mDC2), confirms the annotation. High MHC-II (HLA-DR/DQ/DP) and co-stimulatory molecules (CD86, CD83) are consistent with dendritic cell identity.",1,1,YES,1
34870,CATTCGCTCAGGATCT-1-4,CD1c-positive myeloid dendritic cell,"CD1c-positive myeloid dendritic cell
High expression of CD1C, CD1E, CLEC10A, FCER1A, MRC1, and C1Q components, along with the highest pathway score for this cell type, confirms the stage-1 annotation.",CD1c-positive myeloid dendritic cell,"High expression of CD1C, CD1E, CLEC10A, FCER1A, MRC1, and C1Q components, along with the highest pathway score for this cell type, confirms the stage-1 annotation.",1,1,YES,1
16944,ATTATCCGTACCGCTG_GRO-09_nasal_brush,CD1c-positive myeloid dendritic cell,"CD1c-positive myeloid dendritic cell
High expression of CD1C, CD1E, FCER1A, CLEC10A, and MHC-II genes strongly confirms a CD1c+ myeloid dendritic cell (cDC2). Although CD207 and C1Q are also elevated, the core cDC2 markers dominate, and the pathway scores likely reflect tissue-specific overlap with Langerhans cells in nasal mucosa.",CD1c-positive myeloid dendritic cell,"High expression of CD1C, CD1E, FCER1A, CLEC10A, and MHC-II genes strongly confirms a CD1c+ myeloid dendritic cell (cDC2). Although CD207 and C1Q are also elevated, the core cDC2 markers dominate, and the pathway scores likely reflect tissue-specific overlap with Langerhans cells in nasal mucosa.",1,1,YES,1
49282,CAGGTGCTCTGCGGCA-1-5,CD1c-positive myeloid dendritic cell,"CD1c-positive myeloid dendritic cell
High expression of CD1C, CD1E, FCER1A, CLEC10A, CD207, and C1Q genes, along with strong MHC class II and pathway score favoring CD1c+ DC, confirms this cell type. Macrophage-associated markers (MRC1, APOE) are consistent with mucosal CD1c+ DC phenotype.",CD1c-positive myeloid dendritic cell,"High expression of CD1C, CD1E, FCER1A, CLEC10A, CD207, and C1Q genes, along with strong MHC class II and pathway score favoring CD1c+ DC, confirms this cell type. Macrophage-associated markers (MRC1, APOE) are consistent with mucosal CD1c+ DC phenotype.",1,1,YES,1
13321,TGGCCAGCACCGCTAG-1-0,CD1c-positive myeloid dendritic cell,"CD1c-positive myeloid dendritic cell
High expression of CD1C, CD1E, FCER1A, CLEC10A, and MHC class II genes, along with top pathway score for CD1c+ cDC2, confirms this as a CD1c-positive myeloid dendritic cell. The presence of CD207 and CD1A suggests some Langerhans cell features, but overall profile and pathway scores best match CD1c+ cDC2 in nasal mucosa.",CD1c-positive myeloid dendritic cell,"High expression of CD1C, CD1E, FCER1A, CLEC10A, and MHC class II genes, along with top pathway score for CD1c+ cDC2, confirms this as a CD1c-positive myeloid dendritic cell. The presence of CD207 and CD1A suggests some Langerhans cell features, but overall profile and pathway scores best match CD1c+ cDC2 in nasal mucosa.",1,1,YES,1
59572,GCCTCTACACGGATAG-1-3,CD1c-positive myeloid dendritic cell,"CD1c-positive myeloid dendritic cell
High expression of CD1C, FCER1A, MRC1, CLEC10A, and complement components, along with the highest pathway score for CD1c+ cDC2, confirm this as a myeloid dendritic cell (cDC2) in nasal mucosa.",CD1c-positive myeloid dendritic cell,"High expression of CD1C, FCER1A, MRC1, CLEC10A, and complement components, along with the highest pathway score for CD1c+ cDC2, confirm this as a myeloid dendritic cell (cDC2) in nasal mucosa.",1,1,YES,1
28210,CCTCTGACAGCGTAA_GRO-04_nasal_brush,CD1c-positive myeloid dendritic cell,"CD1c-positive myeloid dendritic cell

High expression of CD1C, CD1E, FCER1A, MRC1, CLEC10A, and CD207, along with strong MHC class II genes, confirms a cDC2 identity. Pathway scores also rank CD1c+ DC highest. Although some macrophage markers (C1Q, APOE) are present, the specific combination of CD1C/CD1E and lack of classical monocyte markers supports the stage-1 annotation.",CD1c-positive myeloid dendritic cell,"High expression of CD1C, CD1E, FCER1A, MRC1, CLEC10A, and CD207, along with strong MHC class II genes, confirms a cDC2 identity. Pathway scores also rank CD1c+ DC highest. Although some macrophage markers (C1Q, APOE) are present, the specific combination of CD1C/CD1E and lack of classical monocyte markers supports the stage-1 annotation.",1,1,YES,1
3695,AAAGTAGGTTCAGGCC_GRO-09_nasal_brush,CD1c-positive myeloid dendritic cell,"CD1c-positive myeloid dendritic cell

High expression of CD1c, CD1e, CLEC10A, FCER1A, and MHC class II genes (HLA-DR, -DP, -DQ) with strong pathway score (+2.523) confirms CD1c+ conventional dendritic cell identity. Though complement C1Q and MRC1 are also elevated, the combination of CD1c, CD207, and CD86, along with antigen presentation machinery, distinguishes this from macrophages (e.g., CD163+ tissue-resident macrophages have lower pathway score, +1.691). Thus, the stage-1 annotation is accurate.",CD1c-positive myeloid dendritic cell,"High expression of CD1c, CD1e, CLEC10A, FCER1A, and MHC class II genes (HLA-DR, -DP, -DQ) with strong pathway score (+2.523) confirms CD1c+ conventional dendritic cell identity. Though complement C1Q and MRC1 are also elevated, the combination of CD1c, CD207, and CD86, along with antigen presentation machinery, distinguishes this from macrophages (e.g., CD163+ tissue-resident macrophages have lower pathway score, +1.691). Thus, the stage-1 annotation is accurate.",1,1,YES,1
39683,CTCTACGAGCAGATC_GRO-01_nasal_brush,CD1c-positive myeloid dendritic cell,"elicited macrophage

The top pathway score (M2-like macrophage) and high expression of C1Q, MRC1, APOE, MMP12, and CCL24 strongly indicate an M2-polarized macrophage rather than a CD1c+ dendritic cell. Despite CD1C and FCER1A expression, the overall profile favors a macrophage phenotype, consistent with nasal mucosal macrophages.",elicited macrophage,"The top pathway score (M2-like macrophage) and high expression of C1Q, MRC1, APOE, MMP12, and CCL24 strongly indicate an M2-polarized macrophage rather than a CD1c+ dendritic cell. Despite CD1C and FCER1A expression, the overall profile favors a macrophage phenotype, consistent with nasal mucosal macrophages.",0,0,NO,0
75404,TCAATCTTCATTTGGG-1-3,CD1c-positive myeloid dendritic cell,alveolar macrophage,alveolar macrophage,,0,0,NO,0
58583,TTAGTTCCATCCTAGA-1-7,CD1c-positive myeloid dendritic cell,"CD1c-positive myeloid dendritic cell
High expression of CD1C, CD1E, CLEC10A, FCER1A, and MHC class II genes, along with the top pathway score for CD1c+ cDC2, confirms a CD1c-positive myeloid dendritic cell identity.",CD1c-positive myeloid dendritic cell,"High expression of CD1C, CD1E, CLEC10A, FCER1A, and MHC class II genes, along with the top pathway score for CD1c+ cDC2, confirms a CD1c-positive myeloid dendritic cell identity.",1,1,YES,1
43561,AGTTGGTTCAGAAATG-1-3,CD1c-positive myeloid dendritic cell,"CD1c-positive myeloid dendritic cell
High expression of CD1C, FCER1A, CLEC10A, CD207, and complement C1Q genes, plus strong pathway score for cDC2, confirm CD1c+ myeloid dendritic cell identity. Macrophage markers are present but score lower.",CD1c-positive myeloid dendritic cell,"High expression of CD1C, FCER1A, CLEC10A, CD207, and complement C1Q genes, plus strong pathway score for cDC2, confirm CD1c+ myeloid dendritic cell identity. Macrophage markers are present but score lower.",1,1,YES,1
28782,CGGCTAGTCTAGAGTC-1-4,CD1c-positive myeloid dendritic cell,"CD1c-positive myeloid dendritic cell
High expression of CD1C, CD1E, FCER1A, CLEC10A, MRC1, and complement components C1QA/B/C strongly confirms CD1c+ myeloid dendritic cell identity. Pathway scores highest for CD1c+ dendritic cell subtypes, and co-stimulatory markers CD86 and CD83 further support this annotation.",CD1c-positive myeloid dendritic cell,"High expression of CD1C, CD1E, FCER1A, CLEC10A, MRC1, and complement components C1QA/B/C strongly confirms CD1c+ myeloid dendritic cell identity. Pathway scores highest for CD1c+ dendritic cell subtypes, and co-stimulatory markers CD86 and CD83 further support this annotation.",1,1,YES,1
8696,CTTAACTAGCAGCCTC_GRO-03_nasal_brush,"CD4-positive, alpha-beta T cell","CD4-positive, alpha-beta T cell

Expression of FOXP3, IL2RA, CTLA4, ICOS, and TNFRSF4 with highest Treg pathway score confirms a regulatory T cell phenotype; Th2/Th17 co-expression (IL5, IL13, IL17F) reflects nasal mucosal polarization. The profile is consistent with a CD4-positive, alpha-beta T cell subtype, as no more specific option exists in the list.","CD4-positive, alpha-beta T cell","Expression of FOXP3, IL2RA, CTLA4, ICOS, and TNFRSF4 with highest Treg pathway score confirms a regulatory T cell phenotype; Th2/Th17 co-expression (IL5, IL13, IL17F) reflects nasal mucosal polarization. The profile is consistent with a CD4-positive, alpha-beta T cell subtype, as no more specific option exists in the list.",1,1,YES,1
24363,ATCAGTAGAGTAA_GRO-03_nasal_brush,"CD4-positive, alpha-beta T cell","CD4-positive, alpha-beta T cell
Highly specific expression of IL5, IL13, IL17F, FOXP3, CTLA4, IL2RA, and CD40LG, along with elevated Treg, Th2, and Th17 pathway scores, confirms an activated CD4+ T cell with mixed helper subsets. No CD8 or innate markers.","CD4-positive, alpha-beta T cell","Highly specific expression of IL5, IL13, IL17F, FOXP3, CTLA4, IL2RA, and CD40LG, along with elevated Treg, Th2, and Th17 pathway scores, confirms an activated CD4+ T cell with mixed helper subsets. No CD8 or innate markers.",1,1,YES,1
50941,CATGCCTAGAAACGA_GRO-03_nasal_brush,"CD4-positive, alpha-beta T cell","CD4-positive, alpha-beta T cell
High expression of Th2 (IL5, IL13), Th17 (IL17F, IL17A, IL22), and Treg (FOXP3, CTLA4, IL2RA) markers plus strong pathway scores confirm activated CD4+ T cells. Negligible CD8+ score supports this.","CD4-positive, alpha-beta T cell","High expression of Th2 (IL5, IL13), Th17 (IL17F, IL17A, IL22), and Treg (FOXP3, CTLA4, IL2RA) markers plus strong pathway scores confirm activated CD4+ T cells. Negligible CD8+ score supports this.",1,1,YES,1
62390,CAGCATAAGTCTTGCA-1-1,"CD4-positive, alpha-beta T cell","CD4-positive, alpha-beta T cell
Strong expression of T-cell markers (CD3D, CD3E, CD2, LCK, TRBC2) and pathway scores for Th2, Th17, Tfh, Treg confirm activated CD4+ alpha-beta T cells. Cytokines IL5, IL13, IL17F, IL21, IL22 and FOXP3, CTLA4, ICOS support multiple helper subsets.","CD4-positive, alpha-beta T cell","Strong expression of T-cell markers (CD3D, CD3E, CD2, LCK, TRBC2) and pathway scores for Th2, Th17, Tfh, Treg confirm activated CD4+ alpha-beta T cells. Cytokines IL5, IL13, IL17F, IL21, IL22 and FOXP3, CTLA4, ICOS support multiple helper subsets.",1,1,YES,1
30804,D353_Brus_Nas1_CGTAGCGAGTGGAGTC-1-16,"CD4-positive, alpha-beta T cell","CD4-positive, alpha-beta T cell

The expression of IL5, IL13, IL17F, FOXP3, CTLA4, and CD40LG, along with high pathway scores for Th17, Th2, and Treg, confirms a CD4+ helper T cell profile. No strong CD8 or innate markers are present.","CD4-positive, alpha-beta T cell","The expression of IL5, IL13, IL17F, FOXP3, CTLA4, and CD40LG, along with high pathway scores for Th17, Th2, and Treg, confirms a CD4+ helper T cell profile. No strong CD8 or innate markers are present.",1,1,YES,1
68975,AGTTGGTCACCCATTC-1-2,"CD4-positive, alpha-beta T cell","CD4-positive, alpha-beta T cell
The evidence confirms an activated CD4+ T cell: high expression of FOXP3, CTLA4, IL2RA (regulatory), IL5, IL13 (Th2), IL17F, IL21 (Th17), and top pathway scores for Regulatory T cell, Th2, and Th17. No CD8 or NK markers dominate. Thus, the original annotation is correct.","CD4-positive, alpha-beta T cell","The evidence confirms an activated CD4+ T cell: high expression of FOXP3, CTLA4, IL2RA (regulatory), IL5, IL13 (Th2), IL17F, IL21 (Th17), and top pathway scores for Regulatory T cell, Th2, and Th17. No CD8 or NK markers dominate. Thus, the original annotation is correct.",1,1,YES,1
62411,CGGGTTGTACAGCA_GRO-04_nasal_brush,"CD4-positive, alpha-beta T cell","CD4-positive, alpha-beta T cell

The gene expression profile (CD3D, CD3E, CD2, IL32, PTPRC) confirms T cell identity, while high expression of IL5, IL13, IL17F, FOXP3, CTLA4, and ICOS indicates a CD4+ helper phenotype (Th2/Th17/Treg). Pathway scores strongest for Th2 and Th17. No evidence of CD8 or innate lymphoid markers, supporting the stage-1 annotation.","CD4-positive, alpha-beta T cell","The gene expression profile (CD3D, CD3E, CD2, IL32, PTPRC) confirms T cell identity, while high expression of IL5, IL13, IL17F, FOXP3, CTLA4, and ICOS indicates a CD4+ helper phenotype (Th2/Th17/Treg). Pathway scores strongest for Th2 and Th17. No evidence of CD8 or innate lymphoid markers, supporting the stage-1 annotation.",1,1,YES,1
19969,CAACCAAAGTCTCGGC-1-4,"CD4-positive, alpha-beta T cell","CD4-positive, alpha-beta T cell
High expression of CD4, CD3, and costimulatory molecules (CD28, CD40LG) along with Th2/Th17 cytokines (IL5, IL13, IL17F) and Treg markers (FOXP3, CTLA4, IL2RA) confirms a CD4+ αβ T cell phenotype with mixed helper subsets. No evidence of CD8, NK, or other lineages.","CD4-positive, alpha-beta T cell","High expression of CD4, CD3, and costimulatory molecules (CD28, CD40LG) along with Th2/Th17 cytokines (IL5, IL13, IL17F) and Treg markers (FOXP3, CTLA4, IL2RA) confirms a CD4+ αβ T cell phenotype with mixed helper subsets. No evidence of CD8, NK, or other lineages.",1,1,YES,1
49428,CGGACACAGGAGTTGC-1-3,"CD4-positive, alpha-beta T cell","CD4-positive, alpha-beta T cell
High expression of Th2/Th17 cytokines (IL5, IL13, IL17F, IL21) and Treg markers (FOXP3, CTLA4, IL2RA) confirms activated CD4+ T cell identity. Pathway scores highest for Th2, Th17, Treg, consistent with a CD4+ helper T cell. No evidence for CD8 or NK.","CD4-positive, alpha-beta T cell","High expression of Th2/Th17 cytokines (IL5, IL13, IL17F, IL21) and Treg markers (FOXP3, CTLA4, IL2RA) confirms activated CD4+ T cell identity. Pathway scores highest for Th2, Th17, Treg, consistent with a CD4+ helper T cell. No evidence for CD8 or NK.",1,1,YES,1
14483,TGCCAAAAGTTAACGA-1-4,"CD4-positive, alpha-beta T cell","CD4-positive, alpha-beta T cell

High expression of FOXP3, CTLA4, IL2RA, and Treg pathway score (+3.161) confirms a CD4+ regulatory T cell phenotype. The presence of Th2/Th17 cytokines (IL5, IL13, IL17F) suggests plasticity, but overall marker profile aligns with CD4+ alpha-beta T cells.","CD4-positive, alpha-beta T cell","High expression of FOXP3, CTLA4, IL2RA, and Treg pathway score (+3.161) confirms a CD4+ regulatory T cell phenotype. The presence of Th2/Th17 cytokines (IL5, IL13, IL17F) suggests plasticity, but overall marker profile aligns with CD4+ alpha-beta T cells.",1,1,YES,1
54474,CGCCAAGTCAATACCG-1-5,"CD4-positive, alpha-beta T cell","CD4-positive, alpha-beta T cell
The expression of CD3, IL7R, and T cell markers (CD28, ICOS, LTB) combined with Th2, Th17, and Treg-specific genes (IL5, IL13, IL17F, FOXP3, CTLA4, IL2RA) and highest Treg pathway score confirms this as a CD4+ alpha-beta T cell, likely an activated memory/regulatory subset in nasal tissue.","CD4-positive, alpha-beta T cell","The expression of CD3, IL7R, and T cell markers (CD28, ICOS, LTB) combined with Th2, Th17, and Treg-specific genes (IL5, IL13, IL17F, FOXP3, CTLA4, IL2RA) and highest Treg pathway score confirms this as a CD4+ alpha-beta T cell, likely an activated memory/regulatory subset in nasal tissue.",1,1,YES,1
25016,TTCCCAGAGTACATGA-1-3,"CD4-positive, alpha-beta T cell","CD4-positive, alpha-beta T cell
High expression of CD3D, CD3E, CD2, CD28, CD40LG, ICOS, and IL7R, along with Th2 (IL5, IL13), Th17 (IL17F, IL22), and Treg (FOXP3, CTLA4, IL2RA) markers confirms an activated CD4+ alpha-beta T cell. Pathway scores reinforce Th2, Treg, and Th17 activation typical of nasal mucosal immunity. No evidence of ILC2 or other lineages.","CD4-positive, alpha-beta T cell","High expression of CD3D, CD3E, CD2, CD28, CD40LG, ICOS, and IL7R, along with Th2 (IL5, IL13), Th17 (IL17F, IL22), and Treg (FOXP3, CTLA4, IL2RA) markers confirms an activated CD4+ alpha-beta T cell. Pathway scores reinforce Th2, Treg, and Th17 activation typical of nasal mucosal immunity. No evidence of ILC2 or other lineages.",1,1,YES,1
59489,AATCCAGGTTTGCATG-1-5,"CD4-positive, alpha-beta T cell","CD4-positive, alpha-beta T cell
High expression of Th2 (IL5, IL13), Th17 (IL17F, IL22, IL17A), and Treg (FOXP3, CTLA4) markers with co-stimulatory molecules (CD28, ICOS, CD40LG) and chemokine receptors (CCR4, CCR6) confirms CD4+ T cell identity. Pathway scores show strong Th17, Th2, and Treg activity, while CD8+ and NK signatures are low.","CD4-positive, alpha-beta T cell","High expression of Th2 (IL5, IL13), Th17 (IL17F, IL22, IL17A), and Treg (FOXP3, CTLA4) markers with co-stimulatory molecules (CD28, ICOS, CD40LG) and chemokine receptors (CCR4, CCR6) confirms CD4+ T cell identity. Pathway scores show strong Th17, Th2, and Treg activity, while CD8+ and NK signatures are low.",1,1,YES,1
63706,CGAGCCAAGTGTGGCA-1-3,"CD4-positive, alpha-beta T cell","CD4-positive, alpha-beta T cell

The expression of T cell markers (CD3D, CD3E, CD2, CD7, LCK) and CD4-associated genes (CD28, IL7R, CD40LG) along with high pathway scores for Th2, Treg, and Th17 strongly supports a CD4+ T cell identity. The stage-1 annotation is accurate.","CD4-positive, alpha-beta T cell","The expression of T cell markers (CD3D, CD3E, CD2, CD7, LCK) and CD4-associated genes (CD28, IL7R, CD40LG) along with high pathway scores for Th2, Treg, and Th17 strongly supports a CD4+ T cell identity. The stage-1 annotation is accurate.",1,1,YES,1
43582,GATGAAAAGAATCTCC-1-3,"CD4-positive, alpha-beta T cell","CD4-positive, alpha-beta T cell
High expression of Th2 (IL5, IL13), Treg (FOXP3, CTLA4), and Th17 (IL17F, CCR6) markers indicates activated CD4+ T cells. Pathway scores strongly favor Th2, Treg, Th17 over CD8+ T cells. TF-IDF highlights T cell markers (CD3D, CD3E, CD52). This confirms the original annotation.","CD4-positive, alpha-beta T cell","High expression of Th2 (IL5, IL13), Treg (FOXP3, CTLA4), and Th17 (IL17F, CCR6) markers indicates activated CD4+ T cells. Pathway scores strongly favor Th2, Treg, Th17 over CD8+ T cells. TF-IDF highlights T cell markers (CD3D, CD3E, CD52). This confirms the original annotation.",1,1,YES,1
55607,CCTAGCTAGATCTGCT-1-4,"CD4-positive, alpha-beta T cell","CD4-positive, alpha-beta T cell
The expression of IL5, IL13, IL17F, FOXP3, CTLA4, IL2RA, CD28, ICOS, CCR4, and CCR6 confirms activated CD4+ T cell identity with Th2, Th17, and Treg characteristics. Pathway scores further support Th2, Treg, and Th17 programs. The cell-specific gene lists (z-score and TF-IDF) show pan-T cell markers (CD3D/E, CD52, IL7R) alongside CD4+ T cell-associated genes, consistent with the stage-1 annotation. No evidence for CD8+, B cell, or other lineages.","CD4-positive, alpha-beta T cell","The expression of IL5, IL13, IL17F, FOXP3, CTLA4, IL2RA, CD28, ICOS, CCR4, and CCR6 confirms activated CD4+ T cell identity with Th2, Th17, and Treg characteristics. Pathway scores further support Th2, Treg, and Th17 programs. The cell-specific gene lists (z-score and TF-IDF) show pan-T cell markers (CD3D/E, CD52, IL7R) alongside CD4+ T cell-associated genes, consistent with the stage-1 annotation. No evidence for CD8+, B cell, or other lineages.",1,1,YES,1
33149,CTGATCCCAAAGTCAA-1-6,"CD4-positive, alpha-beta T cell","CD4-positive, alpha-beta T cell

The gene expression profiles (high CD3D/E, CD28, CD40LG, IL7R) and pathway scores (Th2, Treg, Th17 activity) confirm a CD4+ T cell identity. The absence of CD8 or NK markers rules out other subtypes. While Th2 and Treg markers overlap, the broad ""CD4-positive, alpha-beta T cell"" matches the evidence from the provided list.","CD4-positive, alpha-beta T cell","The gene expression profiles (high CD3D/E, CD28, CD40LG, IL7R) and pathway scores (Th2, Treg, Th17 activity) confirm a CD4+ T cell identity. The absence of CD8 or NK markers rules out other subtypes. While Th2 and Treg markers overlap, the broad ""CD4-positive, alpha-beta T cell"" matches the evidence from the provided list.",1,1,YES,1
64979,CGAATGTAGATAGTCA-1-1,"CD4-positive, alpha-beta T cell","CD4-positive, alpha-beta T cell
High expression of CD4-associated cytokines (IL5, IL13, IL17F, IL22) and activation markers (FOXP3, CTLA4, IL2RA, ICOS) along with Th2, Treg, and Th17 pathway scores supports a CD4+ T cell with mixed Th2/Th17/Treg features, consistent with nasal mucosa-resident T cells. No evidence for CD8 or other lineages.","CD4-positive, alpha-beta T cell","High expression of CD4-associated cytokines (IL5, IL13, IL17F, IL22) and activation markers (FOXP3, CTLA4, IL2RA, ICOS) along with Th2, Treg, and Th17 pathway scores supports a CD4+ T cell with mixed Th2/Th17/Treg features, consistent with nasal mucosa-resident T cells. No evidence for CD8 or other lineages.",1,1,YES,1
68890,CTCGTACTCTTACCTA-1-5,"CD4-positive, alpha-beta T cell","CD4-positive, alpha-beta T cell
Expression of CD4, CD28, CD40LG, FOXP3, CTLA4, IL2RA, and cytokines IL5, IL13, IL17F, IL21, IL22 along with CCR4/CCR6 confirms a CD4+ helper T cell. Pathway scores (Th17, Treg, Th2) support activated CD4+ subsets in nasal tissue. No CD8+ or NK markers present.","CD4-positive, alpha-beta T cell","Expression of CD4, CD28, CD40LG, FOXP3, CTLA4, IL2RA, and cytokines IL5, IL13, IL17F, IL21, IL22 along with CCR4/CCR6 confirms a CD4+ helper T cell. Pathway scores (Th17, Treg, Th2) support activated CD4+ subsets in nasal tissue. No CD8+ or NK markers present.",1,1,YES,1
34549,GTTACAGTCATTTGGG-1-3,"CD4-positive, alpha-beta T cell","CD4-positive, alpha-beta T cell
High expression of FOXP3, CTLA4, IL2RA, and Treg pathway score indicates regulatory T cell. Co-expression of T cell markers CD3D, CD28, LCK confirms T lineage. This falls under CD4-positive, alpha-beta T cell subset.","CD4-positive, alpha-beta T cell","High expression of FOXP3, CTLA4, IL2RA, and Treg pathway score indicates regulatory T cell. Co-expression of T cell markers CD3D, CD28, LCK confirms T lineage. This falls under CD4-positive, alpha-beta T cell subset.",1,1,YES,1
45248,D367_Brus_Nas1_GCTCCTACATGCAACT-1-27,"CD8-positive, alpha-beta T cell","CD8-positive, alpha-beta T cell

High expression of CD8A, CD8B, TCR components (TRBC1, TRAC, CD3D/E/G) and cytotoxic molecules (GNLY, GZMA, NKG7) confirms CD8+ T cell identity. NK-associated markers (KLRC1, KLRD1) are also expressed but common in effector memory CD8 T cells. Lack of FCGR3A and strong T cell receptor signature distinguish it from NK cells. Pathway scores highest for CD8+ Effector Memory T cell.","CD8-positive, alpha-beta T cell","High expression of CD8A, CD8B, TCR components (TRBC1, TRAC, CD3D/E/G) and cytotoxic molecules (GNLY, GZMA, NKG7) confirms CD8+ T cell identity. NK-associated markers (KLRC1, KLRD1) are also expressed but common in effector memory CD8 T cells. Lack of FCGR3A and strong T cell receptor signature distinguish it from NK cells. Pathway scores highest for CD8+ Effector Memory T cell.",1,1,YES,1
6674,CCTACCACAAGAAGAG-1-1,"CD8-positive, alpha-beta T cell","T cell

The evidence strongly suggests a gamma-delta T cell rather than a CD8+ alpha-beta T cell. High z-scores for TRGC2 (TCR gamma constant), KLRC1, KLRB1, and cytotoxic markers (GNLY, GZMA, NKG7) are characteristic of gamma-delta T cells. CD8 expression is also common in this subset. While TRAC/TRBC are present, the gamma-delta pathway score is the highest, and the cell-specific markers point to a gamma-delta identity. Since gamma-delta T cell is not in the provided list, the most accurate general term is ""T cell"".",T cell,"The evidence strongly suggests a gamma-delta T cell rather than a CD8+ alpha-beta T cell. High z-scores for TRGC2 (TCR gamma constant), KLRC1, KLRB1, and cytotoxic markers (GNLY, GZMA, NKG7) are characteristic of gamma-delta T cells. CD8 expression is also common in this subset. While TRAC/TRBC are present, the gamma-delta pathway score is the highest, and the cell-specific markers point to a gamma-delta identity. Since gamma-delta T cell is not in the provided list, the most accurate general term is ""T cell"".",0,1,YES,1
7721,ACGCCGATCTCTAA_GRO-04_nasal_brush,"CD8-positive, alpha-beta T cell","CD8-positive, alpha-beta T cell
High expression of CD8A, CD8B, TCR genes (TRBC1/2, TRAC), cytotoxic molecules (GZMA, GZMH, GNLY, NKG7), and NK receptors (KLRC1, KLRD1) confirms a CD8+ alpha-beta T cell. Pathway scores support effector memory phenotype, but the provided cell type list includes only the broader classification.","CD8-positive, alpha-beta T cell","High expression of CD8A, CD8B, TCR genes (TRBC1/2, TRAC), cytotoxic molecules (GZMA, GZMH, GNLY, NKG7), and NK receptors (KLRC1, KLRD1) confirms a CD8+ alpha-beta T cell. Pathway scores support effector memory phenotype, but the provided cell type list includes only the broader classification.",1,1,YES,1
25074,GACTAACCATAACCTG-1-1,"CD8-positive, alpha-beta T cell","CD8-positive, alpha-beta T cell
High expression of CD8A, CD8B, TCR genes (TRAC, TRBC1, TRBC2, CD3) and cytotoxic markers confirms CD8+ T cell identity. Pathway scores show gamma-delta activity, but alpha-beta TCR chains dominate. Thus, stage-1 annotation is correct.","CD8-positive, alpha-beta T cell","High expression of CD8A, CD8B, TCR genes (TRAC, TRBC1, TRBC2, CD3) and cytotoxic markers confirms CD8+ T cell identity. Pathway scores show gamma-delta activity, but alpha-beta TCR chains dominate. Thus, stage-1 annotation is correct.",1,1,YES,1
44689,CGGAGTCCAAATTGCC_GRO-04_nasal_brush,"CD8-positive, alpha-beta T cell","T cell

The expression profile shows high specificity for CD8A, CD8B, and T cell receptor components (TRAC, TRBC1, TRBC2, CD3D/E/G), confirming T cell identity. However, the gamma-delta T cell pathway score is highest, and gamma-delta markers (TRGC2, KLRB1, KLRC1) are enriched, suggesting a gamma-delta subset rather than pure alpha-beta. Since ""gamma-delta T cell"" is not in the list, the most appropriate subtype is the general ""T cell"".",T cell,"The expression profile shows high specificity for CD8A, CD8B, and T cell receptor components (TRAC, TRBC1, TRBC2, CD3D/E/G), confirming T cell identity. However, the gamma-delta T cell pathway score is highest, and gamma-delta markers (TRGC2, KLRB1, KLRC1) are enriched, suggesting a gamma-delta subset rather than pure alpha-beta. Since ""gamma-delta T cell"" is not in the list, the most appropriate subtype is the general ""T cell"".",0,1,YES,1
20064,TCGTACCTCTCTGAGA_GRO-04_nasal_brush,"CD8-positive, alpha-beta T cell","T cell
High expression of CD3, CD8, and TCR components, plus strong TRGC2 (TCR gamma constant) and top gamma-delta pathway score, indicates a gamma-delta T cell rather than alpha-beta. Since ""gamma-delta T cell"" is absent from the list, the broad ""T cell"" is most accurate.",T cell,"High expression of CD3, CD8, and TCR components, plus strong TRGC2 (TCR gamma constant) and top gamma-delta pathway score, indicates a gamma-delta T cell rather than alpha-beta. Since ""gamma-delta T cell"" is absent from the list, the broad ""T cell"" is most accurate.",0,1,NO,0
45334,ATGTGTGTCCAAACT_GRO-04_nasal_brush,"CD8-positive, alpha-beta T cell","CD8-positive, alpha-beta T cell
High CD8A/B and alpha-beta TCR (TRBC1/2, TRAC) confirm CD8+ alpha-beta T cell. Cytotoxic markers (GNLY, GZMA, NKG7) and TEM/TRM pathway scores support effector/memory phenotype. TRGC2 presence is minor; CD8B indicates classic CD8+ alpha-beta lineage.","CD8-positive, alpha-beta T cell","High CD8A/B and alpha-beta TCR (TRBC1/2, TRAC) confirm CD8+ alpha-beta T cell. Cytotoxic markers (GNLY, GZMA, NKG7) and TEM/TRM pathway scores support effector/memory phenotype. TRGC2 presence is minor; CD8B indicates classic CD8+ alpha-beta lineage.",1,1,YES,1
45812,TACTTACTCACGACTA_GRO-04_nasal_brush,"CD8-positive, alpha-beta T cell","CD8-positive, alpha-beta T cell
Expression of CD8A/B, TCR genes (TRAC, TRBC), CD3, and cytotoxic markers (GNLY, GZMA, NKG7) confirms CD8+ T cell identity. High NK-associated genes (KLRC1, KLRB1) and top MAIT pathway scores suggest a mucosal-associated subtype, but the annotation is correct as a CD8+ alpha-beta T cell.","CD8-positive, alpha-beta T cell","Expression of CD8A/B, TCR genes (TRAC, TRBC), CD3, and cytotoxic markers (GNLY, GZMA, NKG7) confirms CD8+ T cell identity. High NK-associated genes (KLRC1, KLRB1) and top MAIT pathway scores suggest a mucosal-associated subtype, but the annotation is correct as a CD8+ alpha-beta T cell.",1,1,YES,1
62342,TGTGGTAGTCTGGAGA-1-4,"CD8-positive, alpha-beta T cell","CD8-positive, alpha-beta T cell

High expression of CD8A, CD8B, T cell receptor genes (TRAC, TRBC1/2), and cytotoxic markers (GZMA, GNLY, NKG7) confirms a CD8+ alpha-beta T cell. Co-expression of CD3D/E/G and CCL5/CCL4 supports activated/effector phenotype. While NK cell genes (KLRC1, KLRD1) appear, the defining TCR and CD8 markers solidify T cell identity.","CD8-positive, alpha-beta T cell","High expression of CD8A, CD8B, T cell receptor genes (TRAC, TRBC1/2), and cytotoxic markers (GZMA, GNLY, NKG7) confirms a CD8+ alpha-beta T cell. Co-expression of CD3D/E/G and CCL5/CCL4 supports activated/effector phenotype. While NK cell genes (KLRC1, KLRD1) appear, the defining TCR and CD8 markers solidify T cell identity.",1,1,YES,1
9725,ACTTTCAAGGCTAGAC-1-6,"CD8-positive, alpha-beta T cell","CD8-positive, alpha-beta T cell

The cell expresses high levels of CD8A, CD8B, TCR genes (TRBC1/2, TRAC), CD3 complex, and cytotoxic markers (GZMA, NKG7, GNLY), confirming a CD8+ alpha-beta T cell. NK markers (KLRC1, KLRB1) are also present, common in mucosal effector/memory CD8+ T cells. Pathway scores for NK and CD8+ effector are nearly identical, but strong TCR and CD3 expression definitively identify it as a T cell, not an NK cell.","CD8-positive, alpha-beta T cell","The cell expresses high levels of CD8A, CD8B, TCR genes (TRBC1/2, TRAC), CD3 complex, and cytotoxic markers (GZMA, NKG7, GNLY), confirming a CD8+ alpha-beta T cell. NK markers (KLRC1, KLRB1) are also present, common in mucosal effector/memory CD8+ T cells. Pathway scores for NK and CD8+ effector are nearly identical, but strong TCR and CD3 expression definitively identify it as a T cell, not an NK cell.",1,1,YES,1
47632,D372_Brus_Nas1_GATCGATTCCACGAAT-1-31,"CD8-positive, alpha-beta T cell","T cell
The expression of CD3, CD8, and TCR chains (TRAC, TRBC) is consistent with T cells, but the high specificity of TRGC2 (gamma-delta TCR constant) and pathway scores favoring gamma-delta T cells over alpha-beta or NK cells indicate this is likely a gamma-delta T cell. Since no specific gamma-delta subtype is in the list, the most accurate general category is T cell.",T cell,"The expression of CD3, CD8, and TCR chains (TRAC, TRBC) is consistent with T cells, but the high specificity of TRGC2 (gamma-delta TCR constant) and pathway scores favoring gamma-delta T cells over alpha-beta or NK cells indicate this is likely a gamma-delta T cell. Since no specific gamma-delta subtype is in the list, the most accurate general category is T cell.",0,1,YES,1
59261,CTGCGAGTACAGCA_GRO-04_nasal_brush,"CD8-positive, alpha-beta T cell","T cell
The profile shows strong expression of CD3, CD8, TCR genes including TRGC2 (gamma constant) and cytotoxic markers, with the highest pathway score for gamma-delta T cells. This indicates a gamma-delta T cell, which is a subtype of T cell. The alpha-beta annotation is incorrect due to TRGC2 and gamma-delta pathway enrichment.",T cell,"The profile shows strong expression of CD3, CD8, TCR genes including TRGC2 (gamma constant) and cytotoxic markers, with the highest pathway score for gamma-delta T cells. This indicates a gamma-delta T cell, which is a subtype of T cell. The alpha-beta annotation is incorrect due to TRGC2 and gamma-delta pathway enrichment.",0,1,YES,1
49102,CGCGGTACAATTCCTT-1-2,"CD8-positive, alpha-beta T cell","CD8-positive, alpha-beta T cell
Confirm. High expression of CD8A, CD8B, TCR components (TRAC, TRBC1/2, CD3), cytotoxic markers (GZMA, GNLY, NKG7), and pathway scores indicate cytotoxic CD8+ T cell.","CD8-positive, alpha-beta T cell","Confirm. High expression of CD8A, CD8B, TCR components (TRAC, TRBC1/2, CD3), cytotoxic markers (GZMA, GNLY, NKG7), and pathway scores indicate cytotoxic CD8+ T cell.",1,1,YES,1
50542,GTCACAATCGCAAACT-1-4,"CD8-positive, alpha-beta T cell","CD8-positive, alpha-beta T cell

The gene expression profile shows high levels of CD8A, CD8B, T cell receptor components (TRAC, TRBC1/2, CD3G, CD2), and cytotoxic markers (GNLY, GZMA, NKG7, CCL5). Pathway scores confirm CD8+ cytotoxic T cell as the most active program. While gamma-delta and NK markers appear, they are secondary and typical of activated/memory CD8+ T cells, not alternative cell types.","CD8-positive, alpha-beta T cell","The gene expression profile shows high levels of CD8A, CD8B, T cell receptor components (TRAC, TRBC1/2, CD3G, CD2), and cytotoxic markers (GNLY, GZMA, NKG7, CCL5). Pathway scores confirm CD8+ cytotoxic T cell as the most active program. While gamma-delta and NK markers appear, they are secondary and typical of activated/memory CD8+ T cells, not alternative cell types.",1,1,YES,1
51476,CTACATTCAGTCACTA_GRO-04_nasal_brush,"CD8-positive, alpha-beta T cell","CD8-positive, alpha-beta T cell
Strong expression of CD8A, CD8B, TRAC, TRBC, CD3 chains, and cytotoxic granule genes (GNLY, GZMA, NKG7) confirms a CD8+ alpha-beta T cell. NK receptor genes (KLRC1, KLRB1, KLRD1) are commonly expressed in activated or tissue-resident CD8+ T cells and do not contradict this identity.","CD8-positive, alpha-beta T cell","Strong expression of CD8A, CD8B, TRAC, TRBC, CD3 chains, and cytotoxic granule genes (GNLY, GZMA, NKG7) confirms a CD8+ alpha-beta T cell. NK receptor genes (KLRC1, KLRB1, KLRD1) are commonly expressed in activated or tissue-resident CD8+ T cells and do not contradict this identity.",1,1,YES,1
34248,CGAGAAAGGCTAGAC_GRO-03_nasal_brush,"CD8-positive, alpha-beta T cell","T cell

High expression of CD8, CD3, TCR alpha/beta (TRBC, TRAC) and also TRGC2 (gamma chain) with the highest pathway score for gamma-delta T cells, plus strong cytotoxic markers (GNLY, GZMA, NKG7), indicates a gamma-delta T cell. This is a T cell but not restricted to alpha-beta, so the more specific stage-1 label is corrected to the general T cell category.",T cell,"High expression of CD8, CD3, TCR alpha/beta (TRBC, TRAC) and also TRGC2 (gamma chain) with the highest pathway score for gamma-delta T cells, plus strong cytotoxic markers (GNLY, GZMA, NKG7), indicates a gamma-delta T cell. This is a T cell but not restricted to alpha-beta, so the more specific stage-1 label is corrected to the general T cell category.",0,1,YES,1
45074,TCCACACGTACGCACC-1-4,"CD8-positive, alpha-beta T cell","CD8-positive, alpha-beta T cell

High expression of CD8A, CD8B, and T cell receptor genes (TRAC, TRBC1/2, CD3D/E/G) confirms CD8+ alpha-beta T cell lineage. Despite high NK-associated markers (GNLY, NKG7, KLRC1), these are typical in cytotoxic effector memory CD8+ T cells, especially in mucosal tissues. Pathway scores further support CD8+ effector memory T cell activation.","CD8-positive, alpha-beta T cell","High expression of CD8A, CD8B, and T cell receptor genes (TRAC, TRBC1/2, CD3D/E/G) confirms CD8+ alpha-beta T cell lineage. Despite high NK-associated markers (GNLY, NKG7, KLRC1), these are typical in cytotoxic effector memory CD8+ T cells, especially in mucosal tissues. Pathway scores further support CD8+ effector memory T cell activation.",1,1,YES,1
66374,CGGACACTCAGGCAA_GRO-04_nasal_brush,"CD8-positive, alpha-beta T cell","T cell
High CD8A/B, CD3, and TCR components confirm T cell identity. TRGC2, KLRC1, and the top pathway score for gamma-delta T cells indicate a gamma-delta T cell rather than alpha-beta. Gamma-delta T cells are not listed, so the broadest accurate subtype is T cell.",T cell,"High CD8A/B, CD3, and TCR components confirm T cell identity. TRGC2, KLRC1, and the top pathway score for gamma-delta T cells indicate a gamma-delta T cell rather than alpha-beta. Gamma-delta T cells are not listed, so the broadest accurate subtype is T cell.",0,1,YES,1
36864,ATCTGCCTCGGTCCGA_GRO-04_nasal_brush,"CD8-positive, alpha-beta T cell","CD8-positive, alpha-beta T cell
Strong CD8A/B, T cell receptor (TRAC, TRBC1/2), and cytotoxic markers (GZMA, GNLY, NKG7) with highest pathway score for CD8+ effector memory T cell confirm identity. NK cell markers overlap but TCR expression distinguishes it as a T cell.","CD8-positive, alpha-beta T cell","Strong CD8A/B, T cell receptor (TRAC, TRBC1/2), and cytotoxic markers (GZMA, GNLY, NKG7) with highest pathway score for CD8+ effector memory T cell confirm identity. NK cell markers overlap but TCR expression distinguishes it as a T cell.",1,1,YES,1
12077,GTGAAGGTCCGTAGTA-1-3,"CD8-positive, alpha-beta T cell","CD8-positive, alpha-beta T cell
High expression of CD8A, CD8B, T cell receptor genes (TRAC, TRBC1, TRBC2), and cytotoxic markers (GNLY, GZMA, GZMM, NKG7) confirms CD8+ alpha-beta T cell identity. The presence of TCR and CD3 genes rules out NK cells. Pathway scores suggest a memory phenotype (TRM/TEM), but the broad classification accurately captures the major lineage.","CD8-positive, alpha-beta T cell","High expression of CD8A, CD8B, T cell receptor genes (TRAC, TRBC1, TRBC2), and cytotoxic markers (GNLY, GZMA, GZMM, NKG7) confirms CD8+ alpha-beta T cell identity. The presence of TCR and CD3 genes rules out NK cells. Pathway scores suggest a memory phenotype (TRM/TEM), but the broad classification accurately captures the major lineage.",1,1,YES,1
40219,GACGTTATCTGCAAGT-1-4,T cell,"CD4-positive, alpha-beta T cell
High expression of FOXP3, IL2RA, CCR10, and CSF2, plus top pathway score for regulatory T cells, indicates a CD4+ T cell with Treg features.","CD4-positive, alpha-beta T cell","High expression of FOXP3, IL2RA, CCR10, and CSF2, plus top pathway score for regulatory T cells, indicates a CD4+ T cell with Treg features.",0,1,YES,1
11981,GGAACTTGTCAGATAA-1-4,T cell,"CD4-positive, alpha-beta T cell

High expression of CD3D, IL2RA (CD25), CD28, FOXP3, and CCR10, along with proliferation markers (MCM10, ASPM) and pathway scores favoring nasal CD4+ Th17 and Treg programs, confirm an activated CD4+ alpha-beta T cell with mucosal-homing properties in the nose.","CD4-positive, alpha-beta T cell","High expression of CD3D, IL2RA (CD25), CD28, FOXP3, and CCR10, along with proliferation markers (MCM10, ASPM) and pathway scores favoring nasal CD4+ Th17 and Treg programs, confirm an activated CD4+ alpha-beta T cell with mucosal-homing properties in the nose.",0,1,YES,1
12534,CTGCCTAGTACATGTC-1-3,T cell,"CD4-positive, alpha-beta T cell

The expression of FOXP3, IL2RA (CD25), CCR10, and CD28, along with the highest pathway score for Regulatory T cell (+3.919), strongly indicates this is a regulatory T cell, a subset of CD4+ alpha-beta T cells. The stage-1 annotation is therefore accurate but can be further refined.","CD4-positive, alpha-beta T cell","The expression of FOXP3, IL2RA (CD25), CCR10, and CD28, along with the highest pathway score for Regulatory T cell (+3.919), strongly indicates this is a regulatory T cell, a subset of CD4+ alpha-beta T cells. The stage-1 annotation is therefore accurate but can be further refined.",0,1,YES,1
18670,TTGCGTCAGTCGATAA-1-5,T cell,"CD4-positive, alpha-beta T cell
High expression of IL2RA, CD28, FOXP3, and CCR10, plus strong pathway scores for Activated CD4+ T cell and Regulatory T cell, confirm CD4+ T cell identity. Lack of CD8 or NK markers and presence of proliferation genes (MKI67, RRM2) indicate recent activation.","CD4-positive, alpha-beta T cell","High expression of IL2RA, CD28, FOXP3, and CCR10, plus strong pathway scores for Activated CD4+ T cell and Regulatory T cell, confirm CD4+ T cell identity. Lack of CD8 or NK markers and presence of proliferation genes (MKI67, RRM2) indicate recent activation.",0,1,YES,1
64892,ACTGAACTCGCTTGTC-1-6,T cell,"CD4-positive, alpha-beta T cell
High specificity for FOXP3, IL2RA, and CCR10, along with the strongest Treg pathway score, identifies this as a regulatory T cell, a subtype of CD4+ αβ T cells. CD3D and CD52 confirm T cell lineage, and absence of CD8 markers excludes CD8+ subtypes.","CD4-positive, alpha-beta T cell","High specificity for FOXP3, IL2RA, and CCR10, along with the strongest Treg pathway score, identifies this as a regulatory T cell, a subtype of CD4+ αβ T cells. CD3D and CD52 confirm T cell lineage, and absence of CD8 markers excludes CD8+ subtypes.",0,1,YES,1
51741,D344_Biop_Nas1_AGTCTTTTCACGACTA-1-11,acinar cell,"serous secreting cell
Top genes (LTF, AZGP1, PIP, CRISP3, STATH, SLPI, WFDC2) and pathway scores strongly indicate serous secretory identity, consistent with nasal serous glands.",serous secreting cell,"Top genes (LTF, AZGP1, PIP, CRISP3, STATH, SLPI, WFDC2) and pathway scores strongly indicate serous secretory identity, consistent with nasal serous glands.",0,0,YES,1
72341,D339_Biop_Nas1_TTTGCGCAGCCAGAAC-1-7,acinar cell,"serous secreting cell
Top genes (SLPI, STATH, LTF, FDCSP, AZGP1, PIP) and cell-specific markers (FDCSP, LTF, SMR3A, PRR4) strongly align with serous secretory identity in nasal mucosa. Pathway scores confirm high serous activity (1.373) versus other types, supporting the stage-1 annotation without correction.",serous secreting cell,"Top genes (SLPI, STATH, LTF, FDCSP, AZGP1, PIP) and cell-specific markers (FDCSP, LTF, SMR3A, PRR4) strongly align with serous secretory identity in nasal mucosa. Pathway scores confirm high serous activity (1.373) versus other types, supporting the stage-1 annotation without correction.",0,0,YES,1
1866,D372_Brus_Nas1_GACCAATCATTGGCGC-1-31,acinar cell,"serous secreting cell
The gene expression profile (high LTF, AZGP1, PRR4, PIP, CRISP3, SLPI, STATH) and the highest pathway score for serous secreting cell (+1.442) strongly confirm this cell type in nasal submucosal glands, distinct from goblet or duct cells.",serous secreting cell,"The gene expression profile (high LTF, AZGP1, PRR4, PIP, CRISP3, SLPI, STATH) and the highest pathway score for serous secreting cell (+1.442) strongly confirm this cell type in nasal submucosal glands, distinct from goblet or duct cells.",0,0,YES,1
58078,D339_Biop_Nas1_CGATTGATCGAATGCT-1-7,acinar cell,"serous secreting cell
Top serous markers (SLPI, LTF, FDCSP, ZG16B, AZGP1, PIP) are highly expressed and cell-specific. Pathway scores strongly favor serous cell (+2.53) over mucous or goblet cells. The profile matches nasal submucosal gland serous cells.",serous secreting cell,"Top serous markers (SLPI, LTF, FDCSP, ZG16B, AZGP1, PIP) are highly expressed and cell-specific. Pathway scores strongly favor serous cell (+2.53) over mucous or goblet cells. The profile matches nasal submucosal gland serous cells.",0,0,NO,0
68748,D339_Biop_Nas1_CACAAACTCGTAGGAG-1-7,acinar cell,"serous secreting cell
Expression of SLPI, LTF, STATH, SCGB3A1, AZGP1, and PIP indicates active serous secretion. Lack of mucin genes and high pathway score for serous glandular cells confirm the nasal serous secreting cell identity.",serous secreting cell,"Expression of SLPI, LTF, STATH, SCGB3A1, AZGP1, and PIP indicates active serous secretion. Lack of mucin genes and high pathway score for serous glandular cells confirm the nasal serous secreting cell identity.",0,0,YES,1
36285,GACAGAGTCACCCTCA_GRO-10_nasal_brush,acinar cell,"serous secreting cell
High expression of serous markers (LTF, AZGP1, PIP, PRR4, CRISP3, SLPI, STATH) and strong serous_acinar_cell pathway score confirm serous gland secretion in nasal submucosa. No evidence for goblet or mucous cell identity.",serous secreting cell,"High expression of serous markers (LTF, AZGP1, PIP, PRR4, CRISP3, SLPI, STATH) and strong serous_acinar_cell pathway score confirm serous gland secretion in nasal submucosa. No evidence for goblet or mucous cell identity.",0,0,YES,1
53373,D339_Biop_Nas1_AACTTTCTCACCGGGT-1-7,acinar cell,"serous secreting cell
High expression of serous markers LTF, SMR3A, DMBT1, PRR4, AZGP1, PIP, and SLPI, with low goblet cell pathway score. Strong specificity for serous secretion in nasal mucosa.",serous secreting cell,"High expression of serous markers LTF, SMR3A, DMBT1, PRR4, AZGP1, PIP, and SLPI, with low goblet cell pathway score. Strong specificity for serous secretion in nasal mucosa.",0,0,YES,1
12662,D363_Brus_Nas1_ATTGGTGCACTAGTAC-1-23,acinar cell,"serous secreting cell
Expression of LTF, AZGP1, PIP, PRR4, CRISP3, STATH, SLPI and high pathway scores for serous demilune/acinar cells are classic markers of nasal submucosal serous glands, confirming the stage-1 annotation.",serous secreting cell,"Expression of LTF, AZGP1, PIP, PRR4, CRISP3, STATH, SLPI and high pathway scores for serous demilune/acinar cells are classic markers of nasal submucosal serous glands, confirming the stage-1 annotation.",0,0,YES,1
32364,D339_Biop_Nas1_TGCTGCTAGCGTTGCC-1-7,acinar cell,"serous secreting cell
High expression of serous gland markers (LTF, SMR3A, PRR4, PIP, AZGP1, DMBT1, CRISP3) and top pathway score for serous acinar cell (1.98). No evidence of mucous or other cell types.",serous secreting cell,"High expression of serous gland markers (LTF, SMR3A, PRR4, PIP, AZGP1, DMBT1, CRISP3) and top pathway score for serous acinar cell (1.98). No evidence of mucous or other cell types.",0,0,YES,1
76497,D339_Biop_Nas1_GGGATGAGTAGGCATG-1-7,acinar cell,"Serous secreting cell
Top markers (FDCSP, LTF, SMR3A, PRR4, PIP, AZGP1, STATH, ZG16B) and pathway scores strongly indicate serous acinar-type secretion, consistent with nasal serous glands. No evidence for goblet or other subtypes.",Serous secreting cell,"Top markers (FDCSP, LTF, SMR3A, PRR4, PIP, AZGP1, STATH, ZG16B) and pathway scores strongly indicate serous acinar-type secretion, consistent with nasal serous glands. No evidence for goblet or other subtypes.",0,0,YES,1
38657,GGCAATTTCTCAAGTG-1-2,acinar cell,"serous secreting cell
The gene expression profile (LTF, SMR3A, AZGP1, PIP, PRR4, DMBT1, STATH, SLPI) and high serous acinar pathway score strongly support serous secretory identity, characteristic of submucosal glands in the nose.",serous secreting cell,"The gene expression profile (LTF, SMR3A, AZGP1, PIP, PRR4, DMBT1, STATH, SLPI) and high serous acinar pathway score strongly support serous secretory identity, characteristic of submucosal glands in the nose.",0,0,YES,1
7862,D372_Brus_Nas1_GTCTTCGCAGGACGTA-1-31,acinar cell,"serous secreting cell
The top genes (LTF, SMR3A, PRR4, CRISP3, AZGP1, PIP) and highest pathway score (+1.124 for serous acinar cell) confirm a serous secreting identity. The expression profile is characteristic of nasal serous gland cells, distinct from mucous or goblet cells.",serous secreting cell,"The top genes (LTF, SMR3A, PRR4, CRISP3, AZGP1, PIP) and highest pathway score (+1.124 for serous acinar cell) confirm a serous secreting identity. The expression profile is characteristic of nasal serous gland cells, distinct from mucous or goblet cells.",0,0,YES,1
77342,D339_Biop_Nas1_TCTCATACACGCTTTC-1-7,acinar cell,"serous secreting cell

The top genes (FDCSP, LTF, SMR3A, DMBT1, PRR4, AZGP1, PIP) and pathway score (+2.242 for serous) strongly confirm the original annotation. The expression profile matches nasal submucosal serous gland cells, not mucous or immune cells.",serous secreting cell,"The top genes (FDCSP, LTF, SMR3A, DMBT1, PRR4, AZGP1, PIP) and pathway score (+2.242 for serous) strongly confirm the original annotation. The expression profile matches nasal submucosal serous gland cells, not mucous or immune cells.",0,0,YES,1
78125,D339_Biop_Nas1_TATGCCCTCACAAACC-1-7,acinar cell,"serous secreting cell
High expression of serous gland markers (LTF, SLPI, STATH, AZGP1, PIP, PRR4, DMBT1, CRISP3) and specificity scores (FDCSP, SMR3A, DMBT1) strongly support serous secretory phenotype. Pathway scores show serous programs dominate over goblet, ciliated, or basal cells, confirming stage-1 annotation.",serous secreting cell,"High expression of serous gland markers (LTF, SLPI, STATH, AZGP1, PIP, PRR4, DMBT1, CRISP3) and specificity scores (FDCSP, SMR3A, DMBT1) strongly support serous secretory phenotype. Pathway scores show serous programs dominate over goblet, ciliated, or basal cells, confirming stage-1 annotation.",0,0,YES,1
27666,D339_Biop_Nas1_AGTGAGGAGGCATGGT-1-7,acinar cell,"serous secreting cell
High expression of LTF, SMR3A, PRR4, CRISP3, PIP, AZGP1, SLPI, STATH, and LCN2, along with top z-score and TF-IDF specificity, confirms classic nasal serous secreting cell markers. Pathway analysis shows serous secreting cell program dominantly active (score +1.909), far exceeding mucous (+0.381) or goblet (+0.047) cells. No evidence of alternative cell types.",serous secreting cell,"High expression of LTF, SMR3A, PRR4, CRISP3, PIP, AZGP1, SLPI, STATH, and LCN2, along with top z-score and TF-IDF specificity, confirms classic nasal serous secreting cell markers. Pathway analysis shows serous secreting cell program dominantly active (score +1.909), far exceeding mucous (+0.381) or goblet (+0.047) cells. No evidence of alternative cell types.",0,0,YES,1
12991,D344_Biop_Nas1_GCTTCCATCCGCTGTT-1-11,acinar cell,"Serous secreting cell
Highly expressed serous secretory genes (SLPI, LTF, STATH, AZGP1, PIP, SCGB3A1, LCN2) and strong pathway scores for serous acinar/ductal confirm this cell type. Lack of goblet, ciliated, or basal markers further supports serous identity in nasal mucosa.",Serous secreting cell,"Highly expressed serous secretory genes (SLPI, LTF, STATH, AZGP1, PIP, SCGB3A1, LCN2) and strong pathway scores for serous acinar/ductal confirm this cell type. Lack of goblet, ciliated, or basal markers further supports serous identity in nasal mucosa.",0,0,YES,1
8306,D339_Biop_Nas1_TGTGGTAAGCATCATC-1-7,acinar cell,"serous secreting cell
High expression of serous markers LTF, SMR3A, PRR4, CRISP3, AZGP1, PIP, DMBT1, STATH, and ZG16B, plus top pathway scores for serous cell programs, confirm a serous secreting cell identity in nasal submucosal glands.",serous secreting cell,"High expression of serous markers LTF, SMR3A, PRR4, CRISP3, AZGP1, PIP, DMBT1, STATH, and ZG16B, plus top pathway scores for serous cell programs, confirm a serous secreting cell identity in nasal submucosal glands.",0,0,YES,1
24917,D344_Biop_Nas1_ACTATCTCATGGGAAC-1-11,acinar cell,"serous secreting cell
The top genes (SLPI, STATH, LTF, AZGP1, PIP, CRISP3) and high z-scores for serous markers (FDCSP, LTF, SMR3A, PRR4) confirm classic nasal submucosal serous gland identity. Pathway scores strongly favor serous acinar/demilune programs over mucous goblet or other respiratory epithelia, matching the stage-1 annotation.",serous secreting cell,"The top genes (SLPI, STATH, LTF, AZGP1, PIP, CRISP3) and high z-scores for serous markers (FDCSP, LTF, SMR3A, PRR4) confirm classic nasal submucosal serous gland identity. Pathway scores strongly favor serous acinar/demilune programs over mucous goblet or other respiratory epithelia, matching the stage-1 annotation.",0,0,YES,1
57023,D339_Biop_Nas1_GATCGCGGTCTCTTTA-1-7,acinar cell,"serous secreting cell
High expression of serous markers (SLPI, LTF, LYZ, AZGP1, PIP) and negative for goblet/mucous markers. Pathway scores strongly favor Nasal Serous Cell. Confirm.",serous secreting cell,"High expression of serous markers (SLPI, LTF, LYZ, AZGP1, PIP) and negative for goblet/mucous markers. Pathway scores strongly favor Nasal Serous Cell. Confirm.",0,0,YES,1
53371,D372_Brus_Nas1_CGAGCACGTAGGCATG-1-31,acinar cell,"serous secreting cell
The expression of LTF, STATH, SLPI, AZGP1, PIP, and other serous markers, along with the highest pathway score for ""Serous Acinar Cell"" (+1.759), confirms this identity. No goblet or ciliated cell markers are enriched, supporting the original annotation.",serous secreting cell,"The expression of LTF, STATH, SLPI, AZGP1, PIP, and other serous markers, along with the highest pathway score for ""Serous Acinar Cell"" (+1.759), confirms this identity. No goblet or ciliated cell markers are enriched, supporting the original annotation.",0,0,YES,1
2895,ATCCACCCACCGAATT-1-1,alveolar adventitial fibroblast,"bronchus fibroblast of lung
High expression of extracellular matrix genes (COL1A1, COL1A2, COL3A1, DCN, LUM, BGN) and fibroblast markers (FAP, LRRC15, MMP2, MMP27) confirms a fibroblast phenotype. Pathway scores strongly favor nasal submucosal fibroblast, but among the provided options, bronchus fibroblast of lung is the most appropriate respiratory fibroblast subtype.",bronchus fibroblast of lung,"High expression of extracellular matrix genes (COL1A1, COL1A2, COL3A1, DCN, LUM, BGN) and fibroblast markers (FAP, LRRC15, MMP2, MMP27) confirms a fibroblast phenotype. Pathway scores strongly favor nasal submucosal fibroblast, but among the provided options, bronchus fibroblast of lung is the most appropriate respiratory fibroblast subtype.",0,1,NO,0
6175,TACTTACTCTAGAGTC-1-7,alveolar adventitial fibroblast,"bronchus fibroblast of lung
Expression of ECM genes (COL1A1, DCN, LUM, FN1) and pathway scores strongly favor fibroblast identity. Though MUC5AC and other secretory genes are present, they are less specific. Tissue context (nose) suggests a nasal fibroblast, but the closest matching subtype in the list is bronchus fibroblast of lung.",bronchus fibroblast of lung,"Expression of ECM genes (COL1A1, DCN, LUM, FN1) and pathway scores strongly favor fibroblast identity. Though MUC5AC and other secretory genes are present, they are less specific. Tissue context (nose) suggests a nasal fibroblast, but the closest matching subtype in the list is bronchus fibroblast of lung.",0,1,NO,0
29244,TGCACCTAGGCGTACA-1-7,alveolar adventitial fibroblast,"bronchus fibroblast of lung
Strong fibroblast markers (COL1A1, COL3A1, DCN, LUM, BGN, FAP, LRRC15, MMP2) and high pathway scores for submucosal fibroblast confirm a fibroblast identity. Despite nasal tissue, the signature matches bronchus fibroblast; no more specific nasal fibroblast subtype is available in the list.",bronchus fibroblast of lung,"Strong fibroblast markers (COL1A1, COL3A1, DCN, LUM, BGN, FAP, LRRC15, MMP2) and high pathway scores for submucosal fibroblast confirm a fibroblast identity. Despite nasal tissue, the signature matches bronchus fibroblast; no more specific nasal fibroblast subtype is available in the list.",0,1,NO,0
12936,TTGGAACCAATGAATG-1-4,alveolar adventitial fibroblast,"bronchus fibroblast of lung
Strong fibroblast markers (COL1A1, COL3A1, DCN, LUM, FAP, MMP2) dominate all gene lists. Pathway scores confirm high nasal_fibroblast program. Despite nose context, the only fibroblast subtype in the list is bronchus fibroblast of lung, making it the best match.",bronchus fibroblast of lung,"Strong fibroblast markers (COL1A1, COL3A1, DCN, LUM, FAP, MMP2) dominate all gene lists. Pathway scores confirm high nasal_fibroblast program. Despite nose context, the only fibroblast subtype in the list is bronchus fibroblast of lung, making it the best match.",0,1,NO,0
28628,CAGAGAGCACCTCGGA-1-7,alveolar adventitial fibroblast,"bronchus fibroblast of lung

Strong expression of collagens, proteoglycans, and matrix-remodeling genes confirms fibroblast identity. Pathway scores show high nasal fibroblast activity. Despite nose tissue context, the listed fibroblast subtype best matching is bronchus fibroblast of lung.",bronchus fibroblast of lung,"Strong expression of collagens, proteoglycans, and matrix-remodeling genes confirms fibroblast identity. Pathway scores show high nasal fibroblast activity. Despite nose tissue context, the listed fibroblast subtype best matching is bronchus fibroblast of lung.",0,1,NO,0
36306,GTGCTTCAGACAAGCC-1-7,alveolar adventitial fibroblast,"bronchus fibroblast of lung

High expression of canonical fibroblast markers (DCN, COL1A1/3A1, LUM, BGN, FAP, MMP2) and top pathway score for nasal fibroblast confirm a fibroblast identity. While some epithelial genes (MUC5AC, KRT19, WFDC2) appear in raw expression, they are likely ambient or minor contamination; the cell-specific z-score and TF-IDF rankings are dominated by extracellular matrix and mesenchymal genes, strongly supporting a bronchus fibroblast subtype.",bronchus fibroblast of lung,"High expression of canonical fibroblast markers (DCN, COL1A1/3A1, LUM, BGN, FAP, MMP2) and top pathway score for nasal fibroblast confirm a fibroblast identity. While some epithelial genes (MUC5AC, KRT19, WFDC2) appear in raw expression, they are likely ambient or minor contamination; the cell-specific z-score and TF-IDF rankings are dominated by extracellular matrix and mesenchymal genes, strongly supporting a bronchus fibroblast subtype.",0,1,NO,0
44763,CACACCTCACCCAGTG-1-4,alveolar adventitial fibroblast,"bronchus fibroblast of lung
Top specific genes (DCN, COL1A2, LUM, COL3A1, FAP, BGN, MMP2) are classic fibroblast markers. Pathway score strongly activates ""nasal fibroblast (collagen-rich)"". Although tissue is nose, the closest available cell type from the list is bronchus fibroblast of lung.",bronchus fibroblast of lung,"Top specific genes (DCN, COL1A2, LUM, COL3A1, FAP, BGN, MMP2) are classic fibroblast markers. Pathway score strongly activates ""nasal fibroblast (collagen-rich)"". Although tissue is nose, the closest available cell type from the list is bronchus fibroblast of lung.",0,1,NO,0
52292,TCAGGATTCGGCCGAT-1-7,alveolar adventitial fibroblast,"bronchus fibroblast of lung

Top cell-specific genes (DCN, COL1A2, LUM, COL3A1, FAP, BGN, MMP2) are classic fibroblast markers. Pathway scores favor nasal fibroblast, but that type is not in the list. Among available fibroblast options, bronchus fibroblast best matches the expression profile, consistent with stage-1 annotation.",bronchus fibroblast of lung,"Top cell-specific genes (DCN, COL1A2, LUM, COL3A1, FAP, BGN, MMP2) are classic fibroblast markers. Pathway scores favor nasal fibroblast, but that type is not in the list. Among available fibroblast options, bronchus fibroblast best matches the expression profile, consistent with stage-1 annotation.",0,1,NO,0
23618,TTGTAGGAGTGCAAGC-1-7,alveolar adventitial fibroblast,"bronchus fibroblast of lung
Top expressed and specific genes (DCN, COL1A1, COL3A1, LUM, FAP, BGN, FN1) are classic fibroblast markers, and the nasal fibroblast pathway score is highest. Although tissue is nasal, the provided list includes ""bronchus fibroblast of lung"" as the most appropriate fibroblast subtype, confirming the stage-1 annotation.",bronchus fibroblast of lung,"Top expressed and specific genes (DCN, COL1A1, COL3A1, LUM, FAP, BGN, FN1) are classic fibroblast markers, and the nasal fibroblast pathway score is highest. Although tissue is nasal, the provided list includes ""bronchus fibroblast of lung"" as the most appropriate fibroblast subtype, confirming the stage-1 annotation.",0,1,NO,0
52469,CATCGAAAGGGCTTCC-1-7,alveolar adventitial fibroblast,"bronchus fibroblast of lung
Strong expression of classic fibroblast markers (COL1A1, DCN, LUM, FAP, MMP2) and high pathway score for nasal fibroblast confirm fibroblast identity. Given nose context, ""bronchus fibroblast of lung"" is the closest available subtype, consistent with stage-1 annotation.",bronchus fibroblast of lung,"Strong expression of classic fibroblast markers (COL1A1, DCN, LUM, FAP, MMP2) and high pathway score for nasal fibroblast confirm fibroblast identity. Given nose context, ""bronchus fibroblast of lung"" is the closest available subtype, consistent with stage-1 annotation.",0,1,NO,0
41006,CTGATAGTCATGTCCC-1-7,alveolar adventitial fibroblast,"bronchus fibroblast of lung

High expression of collagen (COL1A1, COL1A2, COL3A1), proteoglycans (DCN, LUM, BGN), and fibroblast markers (FAP, LRRC15, PODN) confirms fibroblast identity. Top pathway score is nasal fibroblast (not in list); bronchus fibroblast is the closest respiratory fibroblast subtype available.",bronchus fibroblast of lung,"High expression of collagen (COL1A1, COL1A2, COL3A1), proteoglycans (DCN, LUM, BGN), and fibroblast markers (FAP, LRRC15, PODN) confirms fibroblast identity. Top pathway score is nasal fibroblast (not in list); bronchus fibroblast is the closest respiratory fibroblast subtype available.",0,1,NO,0
23645,GCGCAACGTCCCGACA-1-1,alveolar adventitial fibroblast,"nasal mucosa goblet cell
Strong expression of goblet cell markers (MUC5AC, WFDC2, LYNX1, LYPD2) in raw and TF-IDF lists, along with the nasal tissue context, overrides the fibroblast signature from stage-1. The fibroblast markers likely reflect a minor contaminant, but the epithelial secretory phenotype is predominant.",nasal mucosa goblet cell,"Strong expression of goblet cell markers (MUC5AC, WFDC2, LYNX1, LYPD2) in raw and TF-IDF lists, along with the nasal tissue context, overrides the fibroblast signature from stage-1. The fibroblast markers likely reflect a minor contaminant, but the epithelial secretory phenotype is predominant.",0,0,NO,0
55641,CGGACTGCACAGATTC-1-6,alveolar adventitial fibroblast,"Bronchus fibroblast of lung  
Cell shows strong fibroblast markers (COL1A1, COL3A1, LUM, DCN, FAP, MMP2) and pathway scoring highest for nasal lamina propria fibroblast (not in list). Among available options, bronchus fibroblast of lung best matches fibroblast identity from respiratory tract.",Bronchus fibroblast of lung,"Cell shows strong fibroblast markers (COL1A1, COL3A1, LUM, DCN, FAP, MMP2) and pathway scoring highest for nasal lamina propria fibroblast (not in list). Among available options, bronchus fibroblast of lung best matches fibroblast identity from respiratory tract.",0,1,NO,0
4399,ACGAGCCCACCATGTA-1-7,alveolar adventitial fibroblast,"bronchus fibroblast of lung

The evidence overwhelmingly supports a fibroblast identity: high expression of extracellular matrix genes (COL1A1, COL1A2, COL3A1, DCN, LUM, BGN, FN1) and fibroblast-specific markers (LRRC15, SKOR1, TWIST1, FAP) in both z-score and TF-IDF analyses. The pathway scores strongly indicate a nasal resident fibroblast (+11.942). While raw expression includes some epithelial/goblet genes (MUC5AC, WFDC2), they are not cell-specific and likely reflect microenvironment contamination. The only fibroblast subtype available is bronchus fibroblast of lung, which aligns with the respiratory context despite minor tissue mismatch.",bronchus fibroblast of lung,"The evidence overwhelmingly supports a fibroblast identity: high expression of extracellular matrix genes (COL1A1, COL1A2, COL3A1, DCN, LUM, BGN, FN1) and fibroblast-specific markers (LRRC15, SKOR1, TWIST1, FAP) in both z-score and TF-IDF analyses. The pathway scores strongly indicate a nasal resident fibroblast (+11.942). While raw expression includes some epithelial/goblet genes (MUC5AC, WFDC2), they are not cell-specific and likely reflect microenvironment contamination. The only fibroblast subtype available is bronchus fibroblast of lung, which aligns with the respiratory context despite minor tissue mismatch.",0,1,NO,0
24696,ACGGGTCAGTGGACGT-1-5,alveolar macrophage,"brush cell of tracheobronchial tree
High expression of PKD2L1 and neuronal genes (SLC6A17, AGRP) with a very strong Neural-like Brush Cell pathway score confirm this is a chemosensory brush cell. Despite some macrophage markers from potential doublets or contamination, the specific markers and pathway analysis robustly support brush cell identity.",brush cell of tracheobronchial tree,"High expression of PKD2L1 and neuronal genes (SLC6A17, AGRP) with a very strong Neural-like Brush Cell pathway score confirm this is a chemosensory brush cell. Despite some macrophage markers from potential doublets or contamination, the specific markers and pathway analysis robustly support brush cell identity.",0,0,NO,0
23619,CTGGTCAGACGCAA_GRO-01_nasal_brush,alveolar macrophage,"non-classical monocyte

High expression of FCGR3A, MARCO, CCL18, APOE, C1QB/C, SUCNR1, and CD163 aligns with non-classical monocytes (CD16+). The pathway score strongly supports this identity (+2.598), and the TF-IDF and z-score rankings reinforce these markers. While M2-like macrophage signature is also active (+2.115), the top markers and the tissue context (nose, not lung) favor the patrolling non-classical monocyte subtype.",non-classical monocyte,"High expression of FCGR3A, MARCO, CCL18, APOE, C1QB/C, SUCNR1, and CD163 aligns with non-classical monocytes (CD16+). The pathway score strongly supports this identity (+2.598), and the TF-IDF and z-score rankings reinforce these markers. While M2-like macrophage signature is also active (+2.115), the top markers and the tissue context (nose, not lung) favor the patrolling non-classical monocyte subtype.",0,0,NO,0
62969,TTGTAGGAGTTAACGA-1-7,alveolar macrophage,"brush cell of tracheobronchial tree
Despite a strong macrophage expression signature (e.g., MARCO, C1Q, CD163), the presence of definitive brush cell markers PKD2L1, SLC6A17, and OTOA, combined with the highest pathway scores for cholinergic brush cell and solitary chemosensory cell, confirms this cell as a brush cell. The macrophage-like genes may reflect shared expression or ambient RNA in this nasal context.",brush cell of tracheobronchial tree,"Despite a strong macrophage expression signature (e.g., MARCO, C1Q, CD163), the presence of definitive brush cell markers PKD2L1, SLC6A17, and OTOA, combined with the highest pathway scores for cholinergic brush cell and solitary chemosensory cell, confirms this cell as a brush cell. The macrophage-like genes may reflect shared expression or ambient RNA in this nasal context.",0,0,NO,0
62779,GCGCGATGTCTAACGT-1-4,alveolar macrophage,"alveolar macrophage
The top cell-specific markers include MARCO, CCL18, FABP4, FCGR3A, APOE, CD163, and C1Q components, all canonical for alveolar macrophages. The alveolar macrophage pathway score is strongly positive (+5.808) and far exceeds other scores. Although the tissue is nose, these cells could have migrated from lower airways or represent nasal macrophages with alveolar-like phenotype; the molecular evidence overwhelmingly supports this identity.",alveolar macrophage,"The top cell-specific markers include MARCO, CCL18, FABP4, FCGR3A, APOE, CD163, and C1Q components, all canonical for alveolar macrophages. The alveolar macrophage pathway score is strongly positive (+5.808) and far exceeds other scores. Although the tissue is nose, these cells could have migrated from lower airways or represent nasal macrophages with alveolar-like phenotype; the molecular evidence overwhelmingly supports this identity.",1,1,YES,1
41024,TTCTCAAGTCAGAATA_GRO-03_nasal_brush,alveolar macrophage,"alveolar macrophage
High expression of MARCO, CCL18, FCGR3A, APOE, APOC1, C1QA/B/C, CD163, and ACOD1 is consistent with tissue-resident macrophages. The pathway score for alveolar macrophage (+4.973) is highest, exceeding elicited macrophage (+4.778). Despite nasal context, these markers and pathway activation strongly align with an alveolar macrophage identity.",alveolar macrophage,"High expression of MARCO, CCL18, FCGR3A, APOE, APOC1, C1QA/B/C, CD163, and ACOD1 is consistent with tissue-resident macrophages. The pathway score for alveolar macrophage (+4.973) is highest, exceeding elicited macrophage (+4.778). Despite nasal context, these markers and pathway activation strongly align with an alveolar macrophage identity.",1,1,YES,1
51427,GGGATGAGTGCACCAC-1-2,alveolar macrophage,"alveolar macrophage
The expression profile strongly matches alveolar macrophage markers (MARCO, CCL18, FCGR3A, APOE, C1QB, ACOD1) and the alveolar macrophage pathway score is dominant (+8.99 vs +0.12 for nasal macrophage). Despite nasal tissue, the transcriptional signature is unmistakably alveolar macrophage.",alveolar macrophage,"The expression profile strongly matches alveolar macrophage markers (MARCO, CCL18, FCGR3A, APOE, C1QB, ACOD1) and the alveolar macrophage pathway score is dominant (+8.99 vs +0.12 for nasal macrophage). Despite nasal tissue, the transcriptional signature is unmistakably alveolar macrophage.",1,1,YES,1
62812,ATCCGAACATTAGGCT-1-4,alveolar macrophage,"alveolar macrophage
Strong expression of MARCO, ACOD1, FABP4, CCL18, FCGR3A, APOE, APOC1, and complement C1Q components, all hallmarks of alveolar macrophages. Pathway score for alveolar macrophage is highest (+9.305). Despite nose tissue, gene signature is definitive for alveolar macrophage.",alveolar macrophage,"Strong expression of MARCO, ACOD1, FABP4, CCL18, FCGR3A, APOE, APOC1, and complement C1Q components, all hallmarks of alveolar macrophages. Pathway score for alveolar macrophage is highest (+9.305). Despite nose tissue, gene signature is definitive for alveolar macrophage.",1,1,YES,1
57631,CTGAAACAGCTCAACT-1-1,alveolar macrophage,"alveolar macrophage
High expression of MARCO, ACOD1, FABP4, CCL18, APOE, FCGR3A, and C1Q components confirms macrophage identity. Pathway scores indicate nasal tissue-resident macrophage program is most active, but alveolar macrophage program is also highly scored. Given the list, alveolar macrophage is the closest match.",alveolar macrophage,"High expression of MARCO, ACOD1, FABP4, CCL18, APOE, FCGR3A, and C1Q components confirms macrophage identity. Pathway scores indicate nasal tissue-resident macrophage program is most active, but alveolar macrophage program is also highly scored. Given the list, alveolar macrophage is the closest match.",1,1,YES,1
72387,GAAACTCAGGAGTAGA-1-0,alveolar macrophage,"alveolar macrophage
High expression of MARCO, CCL18, FABP4, APOE, C1QB, and complement genes (C1QA/B/C) strongly supports alveolar macrophage identity. Pathway scores confirm alveolar macrophage program as most active. Despite nasal tissue context, the classic scavenger/lipid-associated signature matches alveolar macrophages rather than nasal macrophages or other types.",alveolar macrophage,"High expression of MARCO, CCL18, FABP4, APOE, C1QB, and complement genes (C1QA/B/C) strongly supports alveolar macrophage identity. Pathway scores confirm alveolar macrophage program as most active. Despite nasal tissue context, the classic scavenger/lipid-associated signature matches alveolar macrophages rather than nasal macrophages or other types.",1,1,YES,1
29633,D367_Brus_Nas1_TGAAAGATCACCACCT-1-27,alveolar macrophage,"alveolar macrophage  
High expression of MARCO, CCL18, APOE, APOC1, C1QB, FCGR3A, SUCNR1, ACOD1, and FABP4 is characteristic of alveolar macrophages. The top pathway score is Alveolar Macrophage (Resident). Despite the nasal context, the gene expression profile strongly supports this identity.",alveolar macrophage,"High expression of MARCO, CCL18, APOE, APOC1, C1QB, FCGR3A, SUCNR1, ACOD1, and FABP4 is characteristic of alveolar macrophages. The top pathway score is Alveolar Macrophage (Resident). Despite the nasal context, the gene expression profile strongly supports this identity.",1,1,YES,1
4161,TGGTTCCGTACCATCA-1-7,alveolar macrophage,"alveolar macrophage
The top specific markers (MARCO, FABP4, ACOD1, CCL18, FCGR3A, APOE, C1Q) and the high alveolar macrophage pathway score strongly confirm a tissue-resident macrophage identity, consistent with alveolar macrophages even in nasal tissue.",alveolar macrophage,"The top specific markers (MARCO, FABP4, ACOD1, CCL18, FCGR3A, APOE, C1Q) and the high alveolar macrophage pathway score strongly confirm a tissue-resident macrophage identity, consistent with alveolar macrophages even in nasal tissue.",1,1,YES,1
73240,CCATGTCTCTTAACCT_GRO-01_nasal_brush,alveolar macrophage,"alveolar macrophage  
High z-scores for MARCO, CCL18, APOE, C1Q genes and TF‑IDF enrichment for APOC1, TYROBP, FCER1G indicate a tissue‑resident macrophage. Pathway scores strongly favor alveolar macrophage (+3.9) over M2 or monocyte, consistent with a macrophage that has migrated from the lower respiratory tract.",alveolar macrophage,"High z-scores for MARCO, CCL18, APOE, C1Q genes and TF‑IDF enrichment for APOC1, TYROBP, FCER1G indicate a tissue‑resident macrophage. Pathway scores strongly favor alveolar macrophage (+3.9) over M2 or monocyte, consistent with a macrophage that has migrated from the lower respiratory tract.",1,1,YES,1
24492,CTACGTCGTACTCGCG-1-3,alveolar macrophage,"lung macrophage

The cell expresses canonical macrophage markers (MARCO, CCL18, FABP4, APOE, C1Q), high MHC class II, and complement genes, confirmed by z-score and TF-IDF specificity. The pathway score strongly supports nasal-resident macrophages. Although raw expression includes some epithelial genes (e.g., WFDC2, LYPD2), likely due to ambient RNA or minor epithelial contamination, the robust macrophage profile and contextual tissue (nose) warrant correction from ""alveolar"" to the broader respiratory ""lung macrophage"" category.",lung macrophage,"The cell expresses canonical macrophage markers (MARCO, CCL18, FABP4, APOE, C1Q), high MHC class II, and complement genes, confirmed by z-score and TF-IDF specificity. The pathway score strongly supports nasal-resident macrophages. Although raw expression includes some epithelial genes (e.g., WFDC2, LYPD2), likely due to ambient RNA or minor epithelial contamination, the robust macrophage profile and contextual tissue (nose) warrant correction from ""alveolar"" to the broader respiratory ""lung macrophage"" category.",0,1,YES,1
71002,TTGCGTCAGATAGCAT-1-3,alveolar macrophage,"alveolar macrophage
The top cell-specific genes (MARCO, CCL18, FCGR3A, APOE, C1QB, CD163) and TF-IDF markers (APOC1, APOE, HLA-DR) strongly align with a tissue-resident macrophage profile. Pathway scores confirm high enrichment for MARCO+ nasal macrophage, which is genetically analogous to alveolar macrophage. Despite nose origin, the expression signature is indistinguishable from alveolar macrophage.",alveolar macrophage,"The top cell-specific genes (MARCO, CCL18, FCGR3A, APOE, C1QB, CD163) and TF-IDF markers (APOC1, APOE, HLA-DR) strongly align with a tissue-resident macrophage profile. Pathway scores confirm high enrichment for MARCO+ nasal macrophage, which is genetically analogous to alveolar macrophage. Despite nose origin, the expression signature is indistinguishable from alveolar macrophage.",1,1,YES,1
76614,ATCCGAAAGCAGCGTA_GRO-03_nasal_brush,alveolar macrophage,"alveolar macrophage  
High expression of MARCO, CCL18, ACOD1, APOE, APOC1, and complement C1Q genes, along with the strongest pathway score for alveolar macrophage, confirms a phagocytic macrophage profile typical of alveolar macrophages despite nasal tissue context.",alveolar macrophage,"High expression of MARCO, CCL18, ACOD1, APOE, APOC1, and complement C1Q genes, along with the strongest pathway score for alveolar macrophage, confirms a phagocytic macrophage profile typical of alveolar macrophages despite nasal tissue context.",1,1,YES,1
8174,AACTCTTTCCGTACAA_GRO-04_nasal_brush,alveolar macrophage,"alveolar macrophage
High expression of canonical markers (MARCO, FABP4, CCL18, APOE, ACOD1, C1Q genes) and strong classical alveolar macrophage pathway score confirm identity; nose tissue may host similar resident macrophages.",alveolar macrophage,"High expression of canonical markers (MARCO, FABP4, CCL18, APOE, ACOD1, C1Q genes) and strong classical alveolar macrophage pathway score confirm identity; nose tissue may host similar resident macrophages.",1,1,YES,1
1503,GGGACCTTCTGCGACG-1-5,alveolar macrophage,"brush cell of tracheobronchial tree
High expression of tuft cell markers (PKD2L1, ACOD1, SLC6A17) and strong pathway scores for respiratory tuft cells confirm brush cell identity. Co-expression of some macrophage genes (MARCO, CCL18) may reflect plasticity but does not override the primary lineage.",brush cell of tracheobronchial tree,"High expression of tuft cell markers (PKD2L1, ACOD1, SLC6A17) and strong pathway scores for respiratory tuft cells confirm brush cell identity. Co-expression of some macrophage genes (MARCO, CCL18) may reflect plasticity but does not override the primary lineage.",0,0,NO,0
66462,CATCAGAGTCTAGAGG-1-7,alveolar macrophage,"alveolar macrophage
The gene expression profile (MARCO, CCL18, FABP4, APOE, APOC1, FCGR3A) and highest pathway score for alveolar macrophage (+8.035) confirm this identity, despite nose tissue context.",alveolar macrophage,"The gene expression profile (MARCO, CCL18, FABP4, APOE, APOC1, FCGR3A) and highest pathway score for alveolar macrophage (+8.035) confirm this identity, despite nose tissue context.",1,1,YES,1
36761,TGCACCTGTGGAAAGA-1-1,alveolar macrophage,"brush cell of tracheobronchial tree
High expression of canonical tuft/brush cell markers PKD2L1, SUCNR1, and ACOD1, along with a strongly positive brush cell pathway score, confirms this identity. Co-expression of MHC class II genes (CD74, HLA-DRA/DPB1) and complement components (C1QA/B/C) is consistent with the immune sentinel role of tuft cells in the nasal epithelium.",brush cell of tracheobronchial tree,"High expression of canonical tuft/brush cell markers PKD2L1, SUCNR1, and ACOD1, along with a strongly positive brush cell pathway score, confirms this identity. Co-expression of MHC class II genes (CD74, HLA-DRA/DPB1) and complement components (C1QA/B/C) is consistent with the immune sentinel role of tuft cells in the nasal epithelium.",0,0,NO,0
9442,AAACCTGAGTGGAGTC-1-5,bronchial goblet cell,"nasal mucosa goblet cell
High expression of MUC5AC, BPIFB1, SCGB3A1, TFF3, LCN2, FCGBP, ITLN1, and WFDC2 strongly confirms goblet cell identity. The nasal goblet cell pathway score is positive while club and basal scores are negative. The tissue context (nose) and specific markers match the nasal mucosa goblet cell subtype.",nasal mucosa goblet cell,"High expression of MUC5AC, BPIFB1, SCGB3A1, TFF3, LCN2, FCGBP, ITLN1, and WFDC2 strongly confirms goblet cell identity. The nasal goblet cell pathway score is positive while club and basal scores are negative. The tissue context (nose) and specific markers match the nasal mucosa goblet cell subtype.",0,1,YES,1
73517,AGGCCACGTTACTGAC-1-2,bronchial goblet cell,"nasal mucosa goblet cell
High expression of MUC5AC, BPIFB1, SCGB3A1, TFF3, and ITLN1, along with a strong goblet cell pathway score (+3.033), confirms the nasal mucosa goblet cell identity. The serous cell score is low, and club/basal scores are negative, supporting goblet over other secretory subtypes.",nasal mucosa goblet cell,"High expression of MUC5AC, BPIFB1, SCGB3A1, TFF3, and ITLN1, along with a strong goblet cell pathway score (+3.033), confirms the nasal mucosa goblet cell identity. The serous cell score is low, and club/basal scores are negative, supporting goblet over other secretory subtypes.",0,1,NO,0
55761,CATCCACAGAGTCT_GRO-01_nasal_brush,bronchial goblet cell,"nasal mucosa goblet cell
High expression of goblet cell markers MUC5AC, BPIFB1, TFF3, FCGBP, and ITLN1, along with secretory genes WFDC2, LCN2, and PIGR, robustly supports this annotation. The positive pathway score for nasal mucosa goblet cell (+0.447) confirms the identity over other nasal cell types.",nasal mucosa goblet cell,"High expression of goblet cell markers MUC5AC, BPIFB1, TFF3, FCGBP, and ITLN1, along with secretory genes WFDC2, LCN2, and PIGR, robustly supports this annotation. The positive pathway score for nasal mucosa goblet cell (+0.447) confirms the identity over other nasal cell types.",0,1,YES,1
76656,ATGAGGGTCCACGAAT-1-4,bronchus fibroblast of lung,"bronchus fibroblast of lung

The expression profile strongly indicates a fibroblast (high COL1A1, COL3A1, DPT, BGN, LUM, DCN, PDGFRB, FAP). Pathway scores show ""nasal fibroblast"" as most active, but this specific type is not in the list. Given the available options, ""bronchus fibroblast of lung"" remains the best fibroblast match, despite the tissue context being nose — the minor inaccuracy is acceptable.",bronchus fibroblast of lung,"The expression profile strongly indicates a fibroblast (high COL1A1, COL3A1, DPT, BGN, LUM, DCN, PDGFRB, FAP). Pathway scores show ""nasal fibroblast"" as most active, but this specific type is not in the list. Given the available options, ""bronchus fibroblast of lung"" remains the best fibroblast match, despite the tissue context being nose — the minor inaccuracy is acceptable.",1,1,YES,1
11040,D353_Brus_Nas1_CCCAGTTGTATGCTTG-1-16,bronchus fibroblast of lung,"bronchus fibroblast of lung
The top genes (COL1A1, COL1A2, COL3A1, LUM, DCN, BGN, PDGFRB, DPT) and high pathway scores for nasal fibroblast confirm a fibroblast identity in the respiratory tract, matching the bronchus fibroblast of lung annotation despite the nasal context.",bronchus fibroblast of lung,"The top genes (COL1A1, COL1A2, COL3A1, LUM, DCN, BGN, PDGFRB, DPT) and high pathway scores for nasal fibroblast confirm a fibroblast identity in the respiratory tract, matching the bronchus fibroblast of lung annotation despite the nasal context.",1,1,YES,1
33464,TAGACCACACGAAAGC-1-6,bronchus fibroblast of lung,"bronchus fibroblast of lung
The expression profile is dominated by extracellular matrix genes (collagens, decorin, lumican) and fibroblast markers (PDGFRB, DPT, MFAP4), with high CCL11 typical of nasal fibroblasts. Although the tissue is nose, no nasal fibroblast subtype is in the list; the closest respiratory fibroblast available is bronchus fibroblast of lung.",bronchus fibroblast of lung,"The expression profile is dominated by extracellular matrix genes (collagens, decorin, lumican) and fibroblast markers (PDGFRB, DPT, MFAP4), with high CCL11 typical of nasal fibroblasts. Although the tissue is nose, no nasal fibroblast subtype is in the list; the closest respiratory fibroblast available is bronchus fibroblast of lung.",1,1,YES,1
63452,TCGGGACGTTTAGCTG-1-7,bronchus fibroblast of lung,"bronchus fibroblast of lung
Expression of collagens, DPT, PDGFRB, LUM, and DCN confirms fibroblast identity. Pathway scores strongly favor nasal matrix fibroblast over other subtypes. As the available list lacks a dedicated nose fibroblast term, bronchus fibroblast of lung is the closest respiratory tract fibroblast and most appropriate choice given the tissue context.",bronchus fibroblast of lung,"Expression of collagens, DPT, PDGFRB, LUM, and DCN confirms fibroblast identity. Pathway scores strongly favor nasal matrix fibroblast over other subtypes. As the available list lacks a dedicated nose fibroblast term, bronchus fibroblast of lung is the closest respiratory tract fibroblast and most appropriate choice given the tissue context.",1,1,YES,1
1170,CATCAGAGTATAATGG-1-7,bronchus fibroblast of lung,"bronchus fibroblast of lung
The expression profile is dominated by fibroblast markers: collagens (COL1A1, COL3A1, COL1A2), proteoglycans (LUM, DCN, BGN), PDGFRB, and matrix proteins (POSTN, FN1). Pathway scores show high nasal fibroblast activity. Despite the nose tissue context, the only listed fibroblast subtype matching this signature is bronchus fibroblast of lung, consistent with stage-1 annotation.",bronchus fibroblast of lung,"The expression profile is dominated by fibroblast markers: collagens (COL1A1, COL3A1, COL1A2), proteoglycans (LUM, DCN, BGN), PDGFRB, and matrix proteins (POSTN, FN1). Pathway scores show high nasal fibroblast activity. Despite the nose tissue context, the only listed fibroblast subtype matching this signature is bronchus fibroblast of lung, consistent with stage-1 annotation.",1,1,YES,1
31532,GATGCTATCTTGAGAC-1-7,bronchus fibroblast of lung,"bronchus fibroblast of lung

Strong expression of canonical fibroblast markers (COL1A1, COL3A1, DPT, BGN, LUM, DCN, PDGFRB, MMP2, POSTN, FAP) and extracellular matrix genes. High nasal fibroblast pathway score matches respiratory tract fibroblast identity, and the profile is highly similar to bronchus fibroblasts despite nose origin. No airway smooth muscle or pericyte markers are prominent, ruling out other mesenchymal types.",bronchus fibroblast of lung,"Strong expression of canonical fibroblast markers (COL1A1, COL3A1, DPT, BGN, LUM, DCN, PDGFRB, MMP2, POSTN, FAP) and extracellular matrix genes. High nasal fibroblast pathway score matches respiratory tract fibroblast identity, and the profile is highly similar to bronchus fibroblasts despite nose origin. No airway smooth muscle or pericyte markers are prominent, ruling out other mesenchymal types.",1,1,YES,1
77273,CCAGCGACAAGAGTCG-1-7,bronchus fibroblast of lung,"bronchus fibroblast of lung
Expression of COL1A1, COL3A1, LUM, DCN, BGN, PDGFRB, DPT, and MMP2, plus top nasal_fibroblast pathway score, confirms a fibroblast identity. Although tissue is nose, the list lacks a nasal fibroblast subtype; ""bronchus fibroblast of lung"" is the most appropriate available fibroblast type.",bronchus fibroblast of lung,"Expression of COL1A1, COL3A1, LUM, DCN, BGN, PDGFRB, DPT, and MMP2, plus top nasal_fibroblast pathway score, confirms a fibroblast identity. Although tissue is nose, the list lacks a nasal fibroblast subtype; ""bronchus fibroblast of lung"" is the most appropriate available fibroblast type.",1,1,YES,1
48025,TAGAGCTCACCGAATT-1-6,bronchus fibroblast of lung,"bronchus fibroblast of lung
Strong expression of extracellular matrix genes (COL1A1, COL1A2, COL3A1) and fibroblast-specific markers (DPT, PDGFRB, MFAP4, LUM, DCN). Pathway scores confirm a matrix fibroblast phenotype. Although tissue is nose, the closest available match from the list is bronchus fibroblast of lung.",bronchus fibroblast of lung,"Strong expression of extracellular matrix genes (COL1A1, COL1A2, COL3A1) and fibroblast-specific markers (DPT, PDGFRB, MFAP4, LUM, DCN). Pathway scores confirm a matrix fibroblast phenotype. Although tissue is nose, the closest available match from the list is bronchus fibroblast of lung.",1,1,YES,1
60196,CATTATCAGCTGGAAC-1-7,bronchus fibroblast of lung,"bronchus fibroblast of lung
The top markers (DPT, BGN, PDGFRB, COL1A2, LUM, DCN) and high ECM gene expression are classic for fibroblasts. The pathway scores show high activity for nasal-related fibroblast programs, but the list lacks a nasal fibroblast subtype. The bronchus fibroblast of lung is the closest match among available options, consistent with stage-1 annotation.",bronchus fibroblast of lung,"The top markers (DPT, BGN, PDGFRB, COL1A2, LUM, DCN) and high ECM gene expression are classic for fibroblasts. The pathway scores show high activity for nasal-related fibroblast programs, but the list lacks a nasal fibroblast subtype. The bronchus fibroblast of lung is the closest match among available options, consistent with stage-1 annotation.",1,1,YES,1
24626,CGTCAGGAGGGTCGAT-1-7,bronchus fibroblast of lung,"bronchus fibroblast of lung
The top genes (COL1A1, FN1, DPT, BGN, PDGFRB, COL1A2, LUM, DCN) and pathway scores (nasal_fibroblast highest) confirm a fibroblast identity. Although tissue is nose, the list lacks a nasal fibroblast subtype; bronchus fibroblast of lung is the closest match among options.",bronchus fibroblast of lung,"The top genes (COL1A1, FN1, DPT, BGN, PDGFRB, COL1A2, LUM, DCN) and pathway scores (nasal_fibroblast highest) confirm a fibroblast identity. Although tissue is nose, the list lacks a nasal fibroblast subtype; bronchus fibroblast of lung is the closest match among options.",1,1,YES,1
6728,GGAACTTTCCGTAGTA-1-1,bronchus fibroblast of lung,"bronchus fibroblast of lung

The expression profile (COL1A1, DPT, BGN, LUM, PDGFRB, collagens) is hallmark of fibroblasts. Pathway scores strongly support a nasal fibroblast identity, but since that exact type is absent from the list, the closest match is bronchus fibroblast of lung, which shares similar extracellular matrix gene programs. The top z-score genes and TF-IDF further confirm a fibroblast rather than epithelial, smooth muscle, or immune cell types.",bronchus fibroblast of lung,"The expression profile (COL1A1, DPT, BGN, LUM, PDGFRB, collagens) is hallmark of fibroblasts. Pathway scores strongly support a nasal fibroblast identity, but since that exact type is absent from the list, the closest match is bronchus fibroblast of lung, which shares similar extracellular matrix gene programs. The top z-score genes and TF-IDF further confirm a fibroblast rather than epithelial, smooth muscle, or immune cell types.",1,1,YES,1
44435,AGCTCCTCACGGATAG-1-1,bronchus fibroblast of lung,"bronchus fibroblast of lung

The expression profile is dominated by extracellular matrix genes (COL1A1, COL3A1, DPT, BGN, LUM, DCN, PDGFRB, etc.), characteristic of fibroblasts. Pathway scores confirm highest activity for ""nasal fibroblast."" As the provided list lacks a nose-specific fibroblast, ""bronchus fibroblast of lung"" is the most analogous respiratory tract fibroblast subtype.",bronchus fibroblast of lung,"The expression profile is dominated by extracellular matrix genes (COL1A1, COL3A1, DPT, BGN, LUM, DCN, PDGFRB, etc.), characteristic of fibroblasts. Pathway scores confirm highest activity for ""nasal fibroblast."" As the provided list lacks a nose-specific fibroblast, ""bronchus fibroblast of lung"" is the most analogous respiratory tract fibroblast subtype.",1,1,YES,1
16447,CCTAGCTTCATCATTC-1-1,bronchus fibroblast of lung,"bronchus fibroblast of lung
The expression profile strongly matches a fibroblast (high DPT, BGN, PDGFRB, collagens, LUM, DCN). Although the tissue is nose, the list includes only this specific fibroblast subtype. Pathway scores also favor fibroblast over pericyte or smooth muscle.",bronchus fibroblast of lung,"The expression profile strongly matches a fibroblast (high DPT, BGN, PDGFRB, collagens, LUM, DCN). Although the tissue is nose, the list includes only this specific fibroblast subtype. Pathway scores also favor fibroblast over pericyte or smooth muscle.",1,1,YES,1
54986,TGACTTTCACCACGTG-1-4,bronchus fibroblast of lung,"bronchus fibroblast of lung
High expression of ECM genes (COL1A1, FN1, DPT, BGN, LUM, DCN) and fibroblast-specific markers (PDGFRB, SFRP2, MFAP4) strongly indicate a fibroblast. Pathway scores favor nasal fibroblast, but within the list, bronchus fibroblast of lung is the most appropriate airway fibroblast subtype.",bronchus fibroblast of lung,"High expression of ECM genes (COL1A1, FN1, DPT, BGN, LUM, DCN) and fibroblast-specific markers (PDGFRB, SFRP2, MFAP4) strongly indicate a fibroblast. Pathway scores favor nasal fibroblast, but within the list, bronchus fibroblast of lung is the most appropriate airway fibroblast subtype.",1,1,YES,1
44958,CCTTACGCATGTCCTC-1-1,bronchus fibroblast of lung,"bronchus fibroblast of lung
The expression profile (COL1A1, COL3A1, DCN, LUM, PDGFRB) and high pathway score for nasal matrix fibroblast confirm a fibroblast identity. Although the tissue is nose, the only fibroblast subtype in the list is bronchus fibroblast of lung, which best matches the expression and specificity markers.",bronchus fibroblast of lung,"The expression profile (COL1A1, COL3A1, DCN, LUM, PDGFRB) and high pathway score for nasal matrix fibroblast confirm a fibroblast identity. Although the tissue is nose, the only fibroblast subtype in the list is bronchus fibroblast of lung, which best matches the expression and specificity markers.",1,1,YES,1
17776,TACGGGCTCGTCACGG-1-1,bronchus fibroblast of lung,"bronchus fibroblast of lung
Top genes (COL1A1, COL3A1, DPT, BGN, LUM, DCN) are classic fibroblast markers. Pathway scores show strongest activation of ""Nasal mucosa fibroblast"" but this exact type is not in the list; the closest fibroblast subtype available is bronchus fibroblast of lung, despite the nasal tissue context.",bronchus fibroblast of lung,"Top genes (COL1A1, COL3A1, DPT, BGN, LUM, DCN) are classic fibroblast markers. Pathway scores show strongest activation of ""Nasal mucosa fibroblast"" but this exact type is not in the list; the closest fibroblast subtype available is bronchus fibroblast of lung, despite the nasal tissue context.",1,1,YES,1
63531,ACTTTCAAGTCTTGCA-1-4,bronchus fibroblast of lung,"bronchus fibroblast of lung  
The expression of DPT, BGN, PDGFRB, LUM, DCN, and multiple collagens is consistent with a fibroblast. Pathway scores strongly favor Nasal fibroblast type 1 (matrix-producing), but the closest available match in the list is bronchus fibroblast of lung, as both are airway-associated fibroblasts. Despite the nose tissue context, no nasal-specific fibroblast subtype is listed, so this annotation is the best fit.",bronchus fibroblast of lung,"The expression of DPT, BGN, PDGFRB, LUM, DCN, and multiple collagens is consistent with a fibroblast. Pathway scores strongly favor Nasal fibroblast type 1 (matrix-producing), but the closest available match in the list is bronchus fibroblast of lung, as both are airway-associated fibroblasts. Despite the nose tissue context, no nasal-specific fibroblast subtype is listed, so this annotation is the best fit.",1,1,YES,1
45347,TTAGTTCCAAGTCATC-1-7,bronchus fibroblast of lung,"alveolar adventitial fibroblast
High expression of collagens, DPT, LUM, DCN, BGN, and PDGFRB confirms a fibroblast. The top z-score genes include DPT, CCL11, and PDGFRB, which are characteristic of adventitial fibroblasts. Despite the nose tissue context, this is the best matching fibroblast subtype in the list.",alveolar adventitial fibroblast,"High expression of collagens, DPT, LUM, DCN, BGN, and PDGFRB confirms a fibroblast. The top z-score genes include DPT, CCL11, and PDGFRB, which are characteristic of adventitial fibroblasts. Despite the nose tissue context, this is the best matching fibroblast subtype in the list.",0,1,NO,0
66011,CCGTGGAGTGTTCTTT-1-0,bronchus fibroblast of lung,"bronchus fibroblast of lung
The gene expression profile (COL1A1, DPT, BGN, PDGFRB, LUM, DCN) is classic for fibroblasts, and the nasal fibroblast pathway score is highest. Although the tissue is nose, the only fibroblast subtype in the list is bronchus fibroblast of lung, making it the best match.",bronchus fibroblast of lung,"The gene expression profile (COL1A1, DPT, BGN, PDGFRB, LUM, DCN) is classic for fibroblasts, and the nasal fibroblast pathway score is highest. Although the tissue is nose, the only fibroblast subtype in the list is bronchus fibroblast of lung, making it the best match.",1,1,YES,1
4990,GTAGGCCCATGGATGG-1-2,bronchus fibroblast of lung,"bronchus fibroblast of lung

The gene expression profile shows strong fibroblast markers (DPT, PDGFRB, LUM, DCN, BGN, collagens) and high activity in extracellular matrix remodeling. Despite the nose tissue context, the most specific match from the provided list is bronchus fibroblast of lung, as no nasal-specific fibroblast subtype is listed.",bronchus fibroblast of lung,"The gene expression profile shows strong fibroblast markers (DPT, PDGFRB, LUM, DCN, BGN, collagens) and high activity in extracellular matrix remodeling. Despite the nose tissue context, the most specific match from the provided list is bronchus fibroblast of lung, as no nasal-specific fibroblast subtype is listed.",1,1,YES,1
61446,D372_Brus_Nas1_GCGACCAGTCTAGAGG-1-31,brush cell of tracheobronchial tree,"brush cell of tracheobronchial tree
High expression of taste transduction genes (GNG13, GNAT3, GUCA1A) and top pathway score for Nasal Brush Cell (+14.313) confirm this is a chemosensory brush cell. Despite nose tissue context, the specific subtype in the list is brush cell of tracheobronchial tree.",brush cell of tracheobronchial tree,"High expression of taste transduction genes (GNG13, GNAT3, GUCA1A) and top pathway score for Nasal Brush Cell (+14.313) confirm this is a chemosensory brush cell. Despite nose tissue context, the specific subtype in the list is brush cell of tracheobronchial tree.",1,1,YES,1
155,D339_Biop_Nas1_TACAGTGAGCACGCCT-1-7,brush cell of tracheobronchial tree,"respiratory tract hillock cell
The expression of GNG13, GNAT3, and GUCA1A is diagnostic of chemosensory brush cells, often termed hillock cells in the upper respiratory tract. The high pathway score for ""brush cell (chemosensory)"" and the tissue context (nose) support this correction over the tracheobronchial-specific label.",respiratory tract hillock cell,"The expression of GNG13, GNAT3, and GUCA1A is diagnostic of chemosensory brush cells, often termed hillock cells in the upper respiratory tract. The high pathway score for ""brush cell (chemosensory)"" and the tissue context (nose) support this correction over the tracheobronchial-specific label.",0,0,NO,0
2638,D322_Biop_Nas1_CCGTGGAGTAGGGACT-1-0,brush cell of tracheobronchial tree,"brush cell of tracheobronchial tree
Strong expression of taste transduction genes (GNAT3, GNG13, GUCA1A) and high pathway scores for tuft/chemosensory brush cells confirm identity as brush cell in respiratory epithelium.",brush cell of tracheobronchial tree,"Strong expression of taste transduction genes (GNAT3, GNG13, GUCA1A) and high pathway scores for tuft/chemosensory brush cells confirm identity as brush cell in respiratory epithelium.",1,1,YES,1
25407,D344_Biop_Nas1_CTCGTCATCAGCTCGG-1-11,brush cell of tracheobronchial tree,"brush cell of tracheobronchial tree
High expression of GNG13, GNAT3, and GUCA1A strongly confirms solitary chemosensory (brush) cell identity. The pathway score for solitary_chemosensory_cell is highest (+6.741), and the specific gene list matches known brush cell markers.",brush cell of tracheobronchial tree,"High expression of GNG13, GNAT3, and GUCA1A strongly confirms solitary chemosensory (brush) cell identity. The pathway score for solitary_chemosensory_cell is highest (+6.741), and the specific gene list matches known brush cell markers.",1,1,YES,1
56534,D353_Brus_Nas1_CAGCGACTCCTAGGGC-1-16,brush cell of tracheobronchial tree,"brush cell of tracheobronchial tree

Top cell-specific markers GNG13, GNAT3, GUCA1A indicate canonical taste/chemosensory pathway, hallmark of solitary chemosensory (brush) cells. Pathway score strongly confirms brush cell identity. No conflicting evidence from other cell types in the list.",brush cell of tracheobronchial tree,"Top cell-specific markers GNG13, GNAT3, GUCA1A indicate canonical taste/chemosensory pathway, hallmark of solitary chemosensory (brush) cells. Pathway score strongly confirms brush cell identity. No conflicting evidence from other cell types in the list.",1,1,YES,1
57038,D339_Biop_Nas1_ACTATCTGTATATGGA-1-7,brush cell of tracheobronchial tree,"brush cell of tracheobronchial tree
High expression of taste transduction components (GNG13, GNAT3, GUCA1A) and SUCNR1, along with highest pathway scores for Brush cell type I and solitary chemosensory cell, confirm this is a chemosensory brush (tuft) cell in the nasal airway epithelium.",brush cell of tracheobronchial tree,"High expression of taste transduction components (GNG13, GNAT3, GUCA1A) and SUCNR1, along with highest pathway scores for Brush cell type I and solitary chemosensory cell, confirm this is a chemosensory brush (tuft) cell in the nasal airway epithelium.",1,1,YES,1
72526,ATCCGAAGTCCGACGT-1-6,brush cell of tracheobronchial tree,"brush cell of tracheobronchial tree
The highly specific expression of GNG13, GNAT3, IL37, and a strong chemosensory brush cell pathway score confirm the identity as a chemosensory brush cell, consistent with the stage-1 annotation.",brush cell of tracheobronchial tree,"The highly specific expression of GNG13, GNAT3, IL37, and a strong chemosensory brush cell pathway score confirm the identity as a chemosensory brush cell, consistent with the stage-1 annotation.",1,1,YES,1
3592,D367_Brus_Nas1_TGTGGTAAGATGGGTC-1-27,brush cell of tracheobronchial tree,"brush cell of tracheobronchial tree
High expression of taste-related genes (GNAT3, GNG13, GUCA1A) and markers PROX1, BMX, RGS13, plus the top pathway score for chemosensory brush cells, strongly confirm this identity in the nose/respiratory epithelium.",brush cell of tracheobronchial tree,"High expression of taste-related genes (GNAT3, GNG13, GUCA1A) and markers PROX1, BMX, RGS13, plus the top pathway score for chemosensory brush cells, strongly confirm this identity in the nose/respiratory epithelium.",1,1,YES,1
22474,D322_Biop_Nas1_AACCATGGTACTTAGC-1-0,brush cell of tracheobronchial tree,"brush cell of tracheobronchial tree
High expression of GNG13, GNAT3, and GUCA1A confirms a chemosensory brush cell identity. The extremely high pathway score for brush cell (+14.043) strongly supports this, while other respiratory cell programs are minimal.",brush cell of tracheobronchial tree,"High expression of GNG13, GNAT3, and GUCA1A confirms a chemosensory brush cell identity. The extremely high pathway score for brush cell (+14.043) strongly supports this, while other respiratory cell programs are minimal.",1,1,YES,1
78021,D372_Brus_Nas1_CCGTGGAAGCGTGAAC-1-31,brush cell of tracheobronchial tree,"brush cell of tracheobronchial tree
Top-specific genes GNG13, GNAT3, GUCA1A are definitive markers for brush cells (solitary chemosensory cells) in airway epithelium. Highest pathway scores for brush cell types 1 and 2 further support this identity in the nasal context.",brush cell of tracheobronchial tree,"Top-specific genes GNG13, GNAT3, GUCA1A are definitive markers for brush cells (solitary chemosensory cells) in airway epithelium. Highest pathway scores for brush cell types 1 and 2 further support this identity in the nasal context.",1,1,YES,1
15206,CCACCTAAGCGGATCA_GRO-03_nasal_brush,brush cell of tracheobronchial tree,"brush cell of tracheobronchial tree
Highly specific expression of taste transduction markers (GNAT3, GNG13, GUCA1A) and other brush cell genes (CPB1, FXYD6, BMX) strongly confirms chemosensory brush cell identity. The Brush cell pathway score (+14.188) is far above all others, validating the annotation in nasal respiratory epithelium.",brush cell of tracheobronchial tree,"Highly specific expression of taste transduction markers (GNAT3, GNG13, GUCA1A) and other brush cell genes (CPB1, FXYD6, BMX) strongly confirms chemosensory brush cell identity. The Brush cell pathway score (+14.188) is far above all others, validating the annotation in nasal respiratory epithelium.",1,1,YES,1
37091,CGAGCCACAATAGAGT-1-6,brush cell of tracheobronchial tree,"brush cell of tracheobronchial tree
High expression of GNG13, GNAT3, GUCA1A and strong positive pathway scores for both cholinergic and non-cholinergic brush cells confirm this identity.",brush cell of tracheobronchial tree,"High expression of GNG13, GNAT3, GUCA1A and strong positive pathway scores for both cholinergic and non-cholinergic brush cells confirm this identity.",1,1,YES,1
72584,D339_Biop_Nas1_AGATTGCGTTGTGGCC-1-7,brush cell of tracheobronchial tree,"brush cell of tracheobronchial tree
High expression of chemosensory markers GNG13, GNAT3, GUCA1A, and CPB1, along with the top pathway score for ""Brush cell (chemosensory)"", confirms brush cell identity. Nasal brush cells are analogous to tracheobronchial brush cells.",brush cell of tracheobronchial tree,"High expression of chemosensory markers GNG13, GNAT3, GUCA1A, and CPB1, along with the top pathway score for ""Brush cell (chemosensory)"", confirms brush cell identity. Nasal brush cells are analogous to tracheobronchial brush cells.",1,1,YES,1
68570,TCTCATAGTATAGGTA_GRO-09_nasal_brush,brush cell of tracheobronchial tree,"brush cell of tracheobronchial tree
High expression of taste transduction genes (GNAT3, GNG13, GUCA1A) and strong brush cell pathway score confirm chemosensory brush cell identity, consistent with nasal and tracheobronchial epithelium.",brush cell of tracheobronchial tree,"High expression of taste transduction genes (GNAT3, GNG13, GUCA1A) and strong brush cell pathway score confirm chemosensory brush cell identity, consistent with nasal and tracheobronchial epithelium.",1,1,YES,1
15840,GTCTTCGGTAGCAAAT_GRO-09_nasal_brush,brush cell of tracheobronchial tree,"brush cell of tracheobronchial tree
Strong enrichment of GNG13, GNAT3, GUCA1A and high pathway score (+12.681) for canonical chemosensory brush cell confirm this identity.",brush cell of tracheobronchial tree,"Strong enrichment of GNG13, GNAT3, GUCA1A and high pathway score (+12.681) for canonical chemosensory brush cell confirm this identity.",1,1,YES,1
21954,D339_Biop_Nas1_CACCACTCAAAGCAAT-1-7,brush cell of tracheobronchial tree,"brush cell of tracheobronchial tree
High expression of taste transduction markers (GNAT3, GNG13) and other specific genes (GUCA1A, CPB1) strongly indicates chemosensory brush cell identity. The pathway score for brush cell is highly positive, while other epithelial types show negligible activity.",brush cell of tracheobronchial tree,"High expression of taste transduction markers (GNAT3, GNG13) and other specific genes (GUCA1A, CPB1) strongly indicates chemosensory brush cell identity. The pathway score for brush cell is highly positive, while other epithelial types show negligible activity.",1,1,YES,1
24848,D339_Biop_Nas1_TCAACGAGTGCAGACA-1-7,brush cell of tracheobronchial tree,"brush cell of tracheobronchial tree
High expression of taste transduction genes (GNG13, GNAT3, GUCA1A) and SUCNR1, along with a very high brush cell pathway score, confirms the identity as a brush cell.",brush cell of tracheobronchial tree,"High expression of taste transduction genes (GNG13, GNAT3, GUCA1A) and SUCNR1, along with a very high brush cell pathway score, confirms the identity as a brush cell.",1,1,YES,1
38572,TCGTAAGTTAGGGT_GRO-03_nasal_brush,brush cell of tracheobronchial tree,"brush cell of tracheobronchial tree  
High expression of chemosensory markers GNG13, GNAT3, and GUCA1A, along with SUCNR1 and RGS13, is definitive for brush cells. The pathway score for ""Brush cell (chemosensory)"" is extremely elevated (+9.863), while other scores are negligible, confirming this identity in the nose.",brush cell of tracheobronchial tree,"High expression of chemosensory markers GNG13, GNAT3, and GUCA1A, along with SUCNR1 and RGS13, is definitive for brush cells. The pathway score for ""Brush cell (chemosensory)"" is extremely elevated (+9.863), while other scores are negligible, confirming this identity in the nose.",1,1,YES,1
39743,D372_Brus_Nas1_GGCGACTAGGGCACTA-1-31,brush cell of tracheobronchial tree,"brush cell of tracheobronchial tree
Strong expression of taste transduction genes (GNG13, GNAT3, GUCA1A) and high pathway score for nasal brush cell confirm chemosensory brush cell identity, matching the original annotation.",brush cell of tracheobronchial tree,"Strong expression of taste transduction genes (GNG13, GNAT3, GUCA1A) and high pathway score for nasal brush cell confirm chemosensory brush cell identity, matching the original annotation.",1,1,YES,1
11080,GAAGCAGGTACCAGTT_GRO-10_nasal_brush,brush cell of tracheobronchial tree,"brush cell of tracheobronchial tree
Strong expression of GNG13, GNAT3, and SUCNR1, along with a high brush cell pathway score (+6.648), confirms chemosensory tuft/brush cell identity consistent with nasal respiratory epithelium.",brush cell of tracheobronchial tree,"Strong expression of GNG13, GNAT3, and SUCNR1, along with a high brush cell pathway score (+6.648), confirms chemosensory tuft/brush cell identity consistent with nasal respiratory epithelium.",1,1,YES,1
54140,CAACCAACAGGTGCCT-1-3,classical monocyte,"classical monocyte
High expression of FCN1, CD300E, IL1B, S100A12, CSF3R, CLEC4E, MCEMP1, NLRP3, RETN, MARCO and top z-score markers (PTX3, CD300E, FCN1) confirms classical monocyte identity. Pathway scores strongly favor classical monocyte over intermediate, non-classical, macrophage, or dendritic cell subtypes.",classical monocyte,"High expression of FCN1, CD300E, IL1B, S100A12, CSF3R, CLEC4E, MCEMP1, NLRP3, RETN, MARCO and top z-score markers (PTX3, CD300E, FCN1) confirms classical monocyte identity. Pathway scores strongly favor classical monocyte over intermediate, non-classical, macrophage, or dendritic cell subtypes.",1,1,YES,1
12014,GAAGCAGCAAGCCGTC-1-3,classical monocyte,"classical monocyte
The gene expression profile (FCN1, CD300E, CLEC4D/E, MCEMP1, S100A12, CSF3R, MARCO) and high pathway scores for classical monocyte (+5.687) confirm identity. Lack of neutrophil markers like ELANE or MPO further supports classical monocyte over neutrophil.",classical monocyte,"The gene expression profile (FCN1, CD300E, CLEC4D/E, MCEMP1, S100A12, CSF3R, MARCO) and high pathway scores for classical monocyte (+5.687) confirm identity. Lack of neutrophil markers like ELANE or MPO further supports classical monocyte over neutrophil.",1,1,YES,1
16293,CGAGAAGCAATGTTGC-1-5,classical monocyte,"classical monocyte
High expression of FCN1, CD300E, IL1B, S100A12, CSF3R, and other classical monocyte markers, along with high pathway scores for classical monocyte programs, confirm the annotation. No evidence for other cell types.",classical monocyte,"High expression of FCN1, CD300E, IL1B, S100A12, CSF3R, and other classical monocyte markers, along with high pathway scores for classical monocyte programs, confirm the annotation. No evidence for other cell types.",1,1,YES,1
66726,GCGGGTTAGTTTGCGT-1-3,classical monocyte,"classical monocyte
The gene expression profile (FCN1, CD300E, CSF3R, S100A8, S100A9, IL1B, NLRP3) and top cell-specific markers (PTX3, CD300E, FCN1) strongly align with classical monocytes. Pathway scores show highest activation for ""Inflammatory Classical Monocytes"" (+2.052), confirming this subtype in the nasal mucosa.",classical monocyte,"The gene expression profile (FCN1, CD300E, CSF3R, S100A8, S100A9, IL1B, NLRP3) and top cell-specific markers (PTX3, CD300E, FCN1) strongly align with classical monocytes. Pathway scores show highest activation for ""Inflammatory Classical Monocytes"" (+2.052), confirming this subtype in the nasal mucosa.",1,1,YES,1
4309,D353_Brus_Nas1_GGCGTGTTCACCCGAG-1-16,classical monocyte,"classical monocyte
High expression of S100A8/S100A9, LYZ, FCN1, and CD14-associated markers, along with z-score top hits (FCN1, CD300E, IL1B, CLEC4D, VCAN), strongly supports classical monocyte identity. Pathway scores also show classical and intermediate monocyte programs as top two, consistent with a classical monocyte in nasal tissue.",classical monocyte,"High expression of S100A8/S100A9, LYZ, FCN1, and CD14-associated markers, along with z-score top hits (FCN1, CD300E, IL1B, CLEC4D, VCAN), strongly supports classical monocyte identity. Pathway scores also show classical and intermediate monocyte programs as top two, consistent with a classical monocyte in nasal tissue.",1,1,YES,1
9739,CGGACGTGTTGCGCAC-1-3,classical monocyte,"classical monocyte
The top specific markers (FCN1, CD300E, CLEC4E, NLRP3, S100A12, CSF3R, MARCO) and high S100A8/S100A9 expression are hallmarks of classical monocytes. The pathway score for classical monocyte is strongly positive (+5.015), while other monocyte subtypes and dendritic cells have much lower scores, confirming the identity.",classical monocyte,"The top specific markers (FCN1, CD300E, CLEC4E, NLRP3, S100A12, CSF3R, MARCO) and high S100A8/S100A9 expression are hallmarks of classical monocytes. The pathway score for classical monocyte is strongly positive (+5.015), while other monocyte subtypes and dendritic cells have much lower scores, confirming the identity.",1,1,YES,1
38690,TCTATTGCAGCGATCC-1-3,classical monocyte,"classical monocyte
The gene expression profile (FCN1, S100A8, S100A12, CSF3R, MARCO, CLEC4E, NLRP3) and highest pathway score for classical monocyte strongly support this identity, consistent with nasal mucosal monocytes rather than macrophages or dendritic cells.",classical monocyte,"The gene expression profile (FCN1, S100A8, S100A12, CSF3R, MARCO, CLEC4E, NLRP3) and highest pathway score for classical monocyte strongly support this identity, consistent with nasal mucosal monocytes rather than macrophages or dendritic cells.",1,1,YES,1
12548,AACGGACACCTATCC_GRO-03_nasal_brush,classical monocyte,"classical monocyte
High expression of FCN1, CD300E, IL1B, S100A8/9, and LYZ, along with the highest pathway score for classical monocyte, strongly supports this identity.",classical monocyte,"High expression of FCN1, CD300E, IL1B, S100A8/9, and LYZ, along with the highest pathway score for classical monocyte, strongly supports this identity.",1,1,YES,1
34339,GGACATTTCAACGAAA-1-3,classical monocyte,"classical monocyte
The expression profile is dominated by classical monocyte markers (FCN1, S100A8/9, CD300E, IL1B, NLRP3, CSF3R) and has the highest pathway score for classical monocyte (CD14++), confirming the stage-1 annotation.",classical monocyte,"The expression profile is dominated by classical monocyte markers (FCN1, S100A8/9, CD300E, IL1B, NLRP3, CSF3R) and has the highest pathway score for classical monocyte (CD14++), confirming the stage-1 annotation.",1,1,YES,1
69407,CGTGTCTTCCGCAGTG-1-5,classical monocyte,"classical monocyte
High specificity markers (FCN1, CD300E, IL1B, CLEC4E, MCEMP1, CSF3R, S100A12, MARCO) and pathway scores strongly support classical monocyte identity, consistent with stage-1 annotation.",classical monocyte,"High specificity markers (FCN1, CD300E, IL1B, CLEC4E, MCEMP1, CSF3R, S100A12, MARCO) and pathway scores strongly support classical monocyte identity, consistent with stage-1 annotation.",1,1,YES,1
71297,GCACTCTTCGGAGCAA-1-3,classical monocyte,"classical monocyte
The gene expression profile (FCN1, IL1B, S100A8, S100A9, LYZ, CD14-associated markers) and high z-score specificity for classical monocyte markers (FCN1, CD300E, IL1B, CLEC4E, MCEMP1) strongly confirm classical monocyte identity. The pathway score for classical monocyte (+2.971) far exceeds other subtypes, ruling out non-classical monocyte or macrophage.",classical monocyte,"The gene expression profile (FCN1, IL1B, S100A8, S100A9, LYZ, CD14-associated markers) and high z-score specificity for classical monocyte markers (FCN1, CD300E, IL1B, CLEC4E, MCEMP1) strongly confirm classical monocyte identity. The pathway score for classical monocyte (+2.971) far exceeds other subtypes, ruling out non-classical monocyte or macrophage.",1,1,YES,1
12711,CGAGCCACAGTCTTCC-1-5,classical monocyte,"classical monocyte
Top markers (FCN1, CD300E, S100A8, S100A9, LYZ) and highest pathway score for CD14+CD16- classical monocyte confirm stage-1 annotation.",classical monocyte,"Top markers (FCN1, CD300E, S100A8, S100A9, LYZ) and highest pathway score for CD14+CD16- classical monocyte confirm stage-1 annotation.",1,1,YES,1
7393,GGATGTTGTATAGTAG-1-3,classical monocyte,"classical monocyte
High expression of FCN1, CD300E, IL1B, S100A8/A9, CSF3R, and LYZ, plus top z-score markers like PTX3 and CLEC4E, strongly align with classical monocytes. The highest pathway score supports this identity, with no evidence for other nose cell types.",classical monocyte,"High expression of FCN1, CD300E, IL1B, S100A8/A9, CSF3R, and LYZ, plus top z-score markers like PTX3 and CLEC4E, strongly align with classical monocytes. The highest pathway score supports this identity, with no evidence for other nose cell types.",1,1,YES,1
67213,TTCGAAGAGGTGACCA-1-3,classical monocyte,"classical monocyte
The top specificity genes (FCN1, S100A12, CD300E, IL1B, CLEC4E, MCEMP1, RETN, NLRP3, CSF3R, MARCO) are hallmark classical monocyte markers. Pathway scores strongly favor inflammatory classical monocyte over resident monocyte, dendritic cell, or macrophage. The expression profile is consistent with classical monocytes in nasal mucosa.",classical monocyte,"The top specificity genes (FCN1, S100A12, CD300E, IL1B, CLEC4E, MCEMP1, RETN, NLRP3, CSF3R, MARCO) are hallmark classical monocyte markers. Pathway scores strongly favor inflammatory classical monocyte over resident monocyte, dendritic cell, or macrophage. The expression profile is consistent with classical monocytes in nasal mucosa.",1,1,YES,1
33486,D353_Brus_Nas1_TACTTGTAGTAGCCGA-1-16,classical monocyte,"classical monocyte
High expression of S100A8/9, LYZ, FCN1, IL1B, and classical monocyte-specific markers (PTX3, CD300E, FCN1, IL1B, CLEC4E, S100A12) across all scoring methods. Pathway score strongly favors classical monocyte (+1.773) over non-classical (+1.099) or other subtypes. No dendritic or macrophage markers are evident.",classical monocyte,"High expression of S100A8/9, LYZ, FCN1, IL1B, and classical monocyte-specific markers (PTX3, CD300E, FCN1, IL1B, CLEC4E, S100A12) across all scoring methods. Pathway score strongly favors classical monocyte (+1.773) over non-classical (+1.099) or other subtypes. No dendritic or macrophage markers are evident.",1,1,YES,1
65043,D363_Brus_Nas1_TACTCGCTCGAATGCT-1-23,classical monocyte,"classical monocyte
High expression of FCN1, CD300E, IL1B, S100A8/S100A9, and other classical monocyte markers across all scoring methods, with the highest pathway score for classical monocyte (CD14++CD16-), confirms this identity over neutrophils, dendritic cells, or macrophages.",classical monocyte,"High expression of FCN1, CD300E, IL1B, S100A8/S100A9, and other classical monocyte markers across all scoring methods, with the highest pathway score for classical monocyte (CD14++CD16-), confirms this identity over neutrophils, dendritic cells, or macrophages.",1,1,YES,1
19236,CTGAAGTTCAAACCAC-1-3,classical monocyte,"classical monocyte
High expression/ specificity of FCN1, CD300E, CLEC4E, CLEC4D, RETN, NLRP3, CSF3R, MARCO, S100A12, and S100A8/S100A9 confirms classical monocyte identity. Pathway score also strongly supports this (4.494 vs. other lineages <2.2).",classical monocyte,"High expression/ specificity of FCN1, CD300E, CLEC4E, CLEC4D, RETN, NLRP3, CSF3R, MARCO, S100A12, and S100A8/S100A9 confirms classical monocyte identity. Pathway score also strongly supports this (4.494 vs. other lineages <2.2).",1,1,YES,1
64035,GATCAGTAGAGCTTCT-1-3,classical monocyte,"classical monocyte

The top expressed and cell-specific genes (FCN1, IL1B, S100A12, CLEC4E, MCEMP1, CSF3R, MARCO) are hallmarks of classical monocytes (CD14+CD16-). Pathway scores show the strongest enrichment for this program (+3.335) compared to others. No evidence supports alternative identities such as neutrophils or macrophages.",classical monocyte,"The top expressed and cell-specific genes (FCN1, IL1B, S100A12, CLEC4E, MCEMP1, CSF3R, MARCO) are hallmarks of classical monocytes (CD14+CD16-). Pathway scores show the strongest enrichment for this program (+3.335) compared to others. No evidence supports alternative identities such as neutrophils or macrophages.",1,1,YES,1
64047,ACGATACGTAATCGTC-1-5,classical monocyte,"classical monocyte
High expression of FCN1, CD300E, IL1B, CLEC4E, MARCO, CSF3R, and S100A8/A9, along with the highest pathway score for classical monocytes, confirms the stage-1 annotation.",classical monocyte,"High expression of FCN1, CD300E, IL1B, CLEC4E, MARCO, CSF3R, and S100A8/A9, along with the highest pathway score for classical monocytes, confirms the stage-1 annotation.",1,1,YES,1
29501,GCAATCACAAGAGGCT-1-3,classical monocyte,"classical monocyte
The top cell-specific genes (FCN1, IL1B, CLEC4E, MCEMP1, RETN, S100A12) and highest pathway score for CD14++CD16- classical monocytes confirm the annotation. No markers of dendritic cells, macrophages, or other lineages were detected.",classical monocyte,"The top cell-specific genes (FCN1, IL1B, CLEC4E, MCEMP1, RETN, S100A12) and highest pathway score for CD14++CD16- classical monocytes confirm the annotation. No markers of dendritic cells, macrophages, or other lineages were detected.",1,1,YES,1
3477,D322_Biop_Nas1_TTGCGTCAGTTATCGC-1-0,club cell,"respiratory tract hillock cell

The top z‑score specific genes include hillock cell markers: SERPINB3/4, S100A8/9/A2, KRT5, KRT13, CSTA, CALML3, and CALML5. The TF‑IDF list features SERPINB3, S100A8/9/A2, and CSTA. Although SCGB1A1 appears, it is not the strongest marker, and pathway scores for club and goblet cells are minimal. This composite profile strongly matches respiratory tract hillock cells, which co‑express basal squamous and secretory genes.",respiratory tract hillock cell,"The top z‑score specific genes include hillock cell markers: SERPINB3/4, S100A8/9/A2, KRT5, KRT13, CSTA, CALML3, and CALML5. The TF‑IDF list features SERPINB3, S100A8/9/A2, and CSTA. Although SCGB1A1 appears, it is not the strongest marker, and pathway scores for club and goblet cells are minimal. This composite profile strongly matches respiratory tract hillock cells, which co‑express basal squamous and secretory genes.",0,0,NO,0
15297,GCAGCCAAGTCCGTAT-1-5,club cell,"club cell
High SCGB1A1 expression is the canonical club cell marker, supported by co-expression of S100A8, S100A9, and WFDC2. The pathway score for classic club cells is highest, and goblet or basal programs are lower, confirming the stage-1 annotation.",club cell,"High SCGB1A1 expression is the canonical club cell marker, supported by co-expression of S100A8, S100A9, and WFDC2. The pathway score for classic club cells is highest, and goblet or basal programs are lower, confirming the stage-1 annotation.",1,1,YES,1
39099,TGTTCCGGTACTTAGC-1-6,club cell,"respiratory basal cell

The expression profile shows strong basal cell markers (KRT5, KRT13, SERPINB3, S100A2, S100A8/9) and the highest pathway score for basal cell (+0.144). Although SCGB1A1 suggests some club cell features, the overall evidence is more consistent with a respiratory basal cell.",respiratory basal cell,"The expression profile shows strong basal cell markers (KRT5, KRT13, SERPINB3, S100A2, S100A8/9) and the highest pathway score for basal cell (+0.144). Although SCGB1A1 suggests some club cell features, the overall evidence is more consistent with a respiratory basal cell.",0,0,NO,0
58345,D322_Biop_Nas1_GTCACAACATGTCCTC-1-0,club cell,"respiratory basal cell
The expression profile shows strong basal cell markers (KRT5, KRT13, SERPINB3, S100A2, CSTA, ID1/ID3) and a higher basal cell pathway score than club cell. While SCGB1A1 is present, it is less specific than these markers, indicating a basal rather than club identity in the nasal epithelium.",respiratory basal cell,"The expression profile shows strong basal cell markers (KRT5, KRT13, SERPINB3, S100A2, CSTA, ID1/ID3) and a higher basal cell pathway score than club cell. While SCGB1A1 is present, it is less specific than these markers, indicating a basal rather than club identity in the nasal epithelium.",0,0,NO,0
28512,ACAGCCGTCTATCCTA-1-0,club cell,"club cell
Strong expression of SCGB1A1 (club cell marker) in top specific genes and highest pathway score (Club cells +0.152) support club cell identity. Goblet cell markers like MUC5AC are absent, while BPIFA1 and SLPI are consistent with nasal secretory cells.",club cell,"Strong expression of SCGB1A1 (club cell marker) in top specific genes and highest pathway score (Club cells +0.152) support club cell identity. Goblet cell markers like MUC5AC are absent, while BPIFA1 and SLPI are consistent with nasal secretory cells.",1,1,YES,1
13937,D363_Brus_Nas1_AACTTTCAGTTACGGG-1-23,club cell,Club cell,Club cell,,1,1,YES,1
24055,D353_Brus_Nas1_ACATCAGTCACGCGGT-1-16,club cell,"club cell

High expression of SCGB1A1, CLCA4, CSTA, and KRT5 confirms secretory epithelial lineage. The club cell pathway score is highest (+0.104), consistent with nasal club cells. While some S100 genes are elevated, they are not specific enough to override canonical club markers.",club cell,"High expression of SCGB1A1, CLCA4, CSTA, and KRT5 confirms secretory epithelial lineage. The club cell pathway score is highest (+0.104), consistent with nasal club cells. While some S100 genes are elevated, they are not specific enough to override canonical club markers.",1,1,YES,1
60733,GGACAAGCATGCAATC_GRO-09_nasal_brush,club cell,"club cell
High expression of SCGB1A1 (classic club cell marker) and CLCA4, S100A8/9, SERPINB4, along with the highest pathway score for club_cell_classic (+0.148) and low scores for goblet, ciliated, and basal cells, confirm club cell identity in the nasal respiratory epithelium.",club cell,"High expression of SCGB1A1 (classic club cell marker) and CLCA4, S100A8/9, SERPINB4, along with the highest pathway score for club_cell_classic (+0.148) and low scores for goblet, ciliated, and basal cells, confirm club cell identity in the nasal respiratory epithelium.",1,1,YES,1
21708,ACGGCCACATCCCACT-1-2,club cell,"respiratory basal cell
Higher pathway score for basal cells (+0.087) than club cells (+0.053), plus basal markers KRT5, KRT13, S100A2, and KRT19 in top specific genes, indicating this is a respiratory basal cell rather than a club cell.",respiratory basal cell,"Higher pathway score for basal cells (+0.087) than club cells (+0.053), plus basal markers KRT5, KRT13, S100A2, and KRT19 in top specific genes, indicating this is a respiratory basal cell rather than a club cell.",0,0,NO,0
68316,D353_Brus_Nas1_ACGTCAAGTATAATGG-1-16,club cell,"club cell
SCGB1A1 is a definitive club cell marker, and pathway scores rank club cell highest. While S100A8/A9 and KRT5 indicate some basal/immune overlap, the overall profile (SLPI, WFDC2, BPIFA1) supports club cell identity in nasal mucosa.",club cell,"SCGB1A1 is a definitive club cell marker, and pathway scores rank club cell highest. While S100A8/A9 and KRT5 indicate some basal/immune overlap, the overall profile (SLPI, WFDC2, BPIFA1) supports club cell identity in nasal mucosa.",1,1,YES,1
46732,D322_Biop_Nas1_GAACATCCACAGGCCT-1-0,club cell,"respiratory basal cell

The profile shows strong basal cell markers (KRT5, KRT13, S100A2, SERPINB3/4, CALML3/5, CSTA) and the highest pathway score for basal_cell. SCGB1A1 is present but relatively low, and club_cell score is lower. This combination better fits a respiratory basal cell than a club cell in the nasal epithelium.",respiratory basal cell,"The profile shows strong basal cell markers (KRT5, KRT13, S100A2, SERPINB3/4, CALML3/5, CSTA) and the highest pathway score for basal_cell. SCGB1A1 is present but relatively low, and club_cell score is lower. This combination better fits a respiratory basal cell than a club cell in the nasal epithelium.",0,0,NO,0
75986,CGAACATCACAAGAC_GRO-04_nasal_brush,club cell,"club cell

SCGB1A1 expression (z=+1.30, TF-IDF #3) and highest pathway score for club cell (+0.120) strongly confirm club cell identity. Additional support from BPIFA1, SLPI, and WFDC2, with no MUC5AC or LYZ indicating goblet or serous contamination.",club cell,"SCGB1A1 expression (z=+1.30, TF-IDF #3) and highest pathway score for club cell (+0.120) strongly confirm club cell identity. Additional support from BPIFA1, SLPI, and WFDC2, with no MUC5AC or LYZ indicating goblet or serous contamination.",1,1,YES,1
64993,GTCGGGTCATTCCTCG-1-0,club cell,"Club cell

High SCGB1A1 expression, supported by S100A8/S100A9, WFDC2, and SLPI, aligns with secretory airway cells. Pathway scores show club cell program most active (0.103). While some basal markers (KRT5, KRT13) appear, the defining club cell marker SCGB1A1 is strongly enriched, confirming the stage-1 annotation as club cell.",Club cell,"High SCGB1A1 expression, supported by S100A8/S100A9, WFDC2, and SLPI, aligns with secretory airway cells. Pathway scores show club cell program most active (0.103). While some basal markers (KRT5, KRT13) appear, the defining club cell marker SCGB1A1 is strongly enriched, confirming the stage-1 annotation as club cell.",1,1,YES,1
78131,GACTAACAGAGCCTAG-1-4,club cell,"club cell

High expression of canonical club cell marker SCGB1A1 along with CLCA4, S100A8/9, and SLPI, plus highest club cell pathway score (0.181) confirm this identity. Basal markers are present but at lower specificity, and goblet cell score is minimal.",club cell,"High expression of canonical club cell marker SCGB1A1 along with CLCA4, S100A8/9, and SLPI, plus highest club cell pathway score (0.181) confirm this identity. Basal markers are present but at lower specificity, and goblet cell score is minimal.",1,1,YES,1
11896,TTGACTTGTGCAACTT-1-2,club cell,"club cell
High expression of SCGB1A1 and CLCA4, along with the top pathway score for club cell (+0.080), confirms club cell identity. Secretory markers (WFDC2, SLPI) and lack of mucin or ciliated markers support this over goblet or basal cells.",club cell,"High expression of SCGB1A1 and CLCA4, along with the top pathway score for club cell (+0.080), confirms club cell identity. Secretory markers (WFDC2, SLPI) and lack of mucin or ciliated markers support this over goblet or basal cells.",1,1,YES,1
38979,CGGTTAAAGGTGATAT-1-5,club cell,"club cell
The profile shows canonical club cell markers SCGB1A1 and CLCA4, with highest pathway activity for stressed club cell. While S100A8/9 and KRT5 are elevated (suggesting basal or stress features), the absence of goblet (MUC5AC) or ciliated markers and the TF-IDF prominence of SCGB1A1 confirm club cell identity.",club cell,"The profile shows canonical club cell markers SCGB1A1 and CLCA4, with highest pathway activity for stressed club cell. While S100A8/9 and KRT5 are elevated (suggesting basal or stress features), the absence of goblet (MUC5AC) or ciliated markers and the TF-IDF prominence of SCGB1A1 confirm club cell identity.",1,1,YES,1
5289,TACGGATTCCAGAAGG-1-7,club cell,"club cell
High SCGB1A1 and CLCA4 expression, along with secretory markers WFDC2, SLPI, and BPIFA1, confirm club cell identity. The basal-like pathway score is highest but canonical club markers predominate over basal (KRT5) or goblet markers, supporting the stage-1 annotation.",club cell,"High SCGB1A1 and CLCA4 expression, along with secretory markers WFDC2, SLPI, and BPIFA1, confirm club cell identity. The basal-like pathway score is highest but canonical club markers predominate over basal (KRT5) or goblet markers, supporting the stage-1 annotation.",1,1,YES,1
24853,GACCAATCACAGCCCA-1-1,club cell,"respiratory basal cell
High expression of KRT5, KRT13, S100A2, and SERPINB3, along with the highest pathway score for basal cells, indicates a basal cell identity. SCGB1A1 is present but not dominant, and the overall profile aligns more with respiratory basal cells than club cells.",respiratory basal cell,"High expression of KRT5, KRT13, S100A2, and SERPINB3, along with the highest pathway score for basal cells, indicates a basal cell identity. SCGB1A1 is present but not dominant, and the overall profile aligns more with respiratory basal cells than club cells.",0,0,NO,0
69658,D363_Brus_Nas1_CGTCACTCATCTACGA-1-23,club cell,"club cell
High SCGB1A1, BPIFA1, and other secretory markers (WFDC2, SLPI) with absence of mucin or ciliated genes confirm club cell identity. Pathway scores strongest for club cell. Slight basal markers (KRT5) are normal in nasal club cells.",club cell,"High SCGB1A1, BPIFA1, and other secretory markers (WFDC2, SLPI) with absence of mucin or ciliated genes confirm club cell identity. Pathway scores strongest for club cell. Slight basal markers (KRT5) are normal in nasal club cells.",1,1,YES,1
56184,ACCTGGCAGCTGTAT_GRO-04_nasal_brush,club cell,"club cell
High expression of SCGB1A1 (club cell secretory protein) along with WFDC2, SLPI, LCN2, and BPIFA1 confirms club cell identity in nasal epithelium. Pathway scores also support nasal club cell.",club cell,"High expression of SCGB1A1 (club cell secretory protein) along with WFDC2, SLPI, LCN2, and BPIFA1 confirms club cell identity in nasal epithelium. Pathway scores also support nasal club cell.",1,1,YES,1
18709,AATAAGGTCGGATCC_GRO-03_nasal_brush,conventional dendritic cell,"conventional dendritic cell
High expression of CLEC9A, XCR1, WDFY4, DNASE1L3, and IRF8, along with a strong cDC1 pathway score, confirms a conventional dendritic cell identity, specifically the cDC1 subset.",conventional dendritic cell,"High expression of CLEC9A, XCR1, WDFY4, DNASE1L3, and IRF8, along with a strong cDC1 pathway score, confirms a conventional dendritic cell identity, specifically the cDC1 subset.",1,1,YES,1
19388,AATCGGTTCTACTATC_GRO-10_nasal_brush,conventional dendritic cell,"conventional dendritic cell
CLEC9A and XCR1 are definitive markers of cDC1 subset, with a strongly positive cDC1 pathway score (+6.912). High MHC class II expression (CD74, HLA-DP/DQ/DR) confirms dendritic cell identity. Consistent with stage-1 annotation.",conventional dendritic cell,"CLEC9A and XCR1 are definitive markers of cDC1 subset, with a strongly positive cDC1 pathway score (+6.912). High MHC class II expression (CD74, HLA-DP/DQ/DR) confirms dendritic cell identity. Consistent with stage-1 annotation.",1,1,YES,1
75316,AAGGTTCCATTAACCG-1-2,conventional dendritic cell,"conventional dendritic cell
High expression of CLEC9A, XCR1, and DNASE1L3, along with a strongly positive cDC1 pathway score and enrichment in MHC class II genes, confirms this is a conventional type 1 dendritic cell (cDC1), a subset of conventional dendritic cells, consistent with the stage-1 annotation.",conventional dendritic cell,"High expression of CLEC9A, XCR1, and DNASE1L3, along with a strongly positive cDC1 pathway score and enrichment in MHC class II genes, confirms this is a conventional type 1 dendritic cell (cDC1), a subset of conventional dendritic cells, consistent with the stage-1 annotation.",1,1,YES,1
12215,AGTTGGTAGCGTAATA_GRO-04_nasal_brush,conventional dendritic cell,"conventional dendritic cell

Strong expression of CLEC9A, XCR1, DNASE1L3, and FIBCD1, plus a high cDC1 pathway score, confirms a conventional dendritic cell, specifically a cDC1 subset, consistent with nasal mucosa.",conventional dendritic cell,"Strong expression of CLEC9A, XCR1, DNASE1L3, and FIBCD1, plus a high cDC1 pathway score, confirms a conventional dendritic cell, specifically a cDC1 subset, consistent with nasal mucosa.",1,1,YES,1
927,TGCGCAGCAGCCAATT-1-2,conventional dendritic cell,"conventional dendritic cell
High expression of CLEC9A, XCR1, and DNASE1L3, along with a strong cDC1 pathway score (z=+9.123) and absence of pDC/monocyte markers, confirms this cell is a conventional dendritic cell (cDC1 subtype).",conventional dendritic cell,"High expression of CLEC9A, XCR1, and DNASE1L3, along with a strong cDC1 pathway score (z=+9.123) and absence of pDC/monocyte markers, confirms this cell is a conventional dendritic cell (cDC1 subtype).",1,1,YES,1
37766,CGACTTCGTGTGACGA-1-3,conventional dendritic cell,conventional dendritic cell,conventional dendritic cell,,1,1,YES,1
62926,CATCCACAGACAGGCT-1-3,conventional dendritic cell,"conventional dendritic cell
Strong cDC1 markers (CLEC9A, XCR1, IRF8, WDFY4, DNASE1L3) and cDC1 pathway score (+4.864) confirm conventional dendritic cell identity, specifically the cDC1 subtype.",conventional dendritic cell,"Strong cDC1 markers (CLEC9A, XCR1, IRF8, WDFY4, DNASE1L3) and cDC1 pathway score (+4.864) confirm conventional dendritic cell identity, specifically the cDC1 subtype.",1,1,YES,1
28190,AGCCTAAGTCGAACAG-1-4,dendritic cell,"brush cell of tracheobronchial tree
High INSM1 and OR2C3 expression are definitive for chemosensory brush cells. Co-expression of MHC class II genes and immune modulators (CCL22, CCR7, FLT3) aligns with their known antigen-presenting and immunoregulatory functions, confirming the stage-1 annotation.",brush cell of tracheobronchial tree,"High INSM1 and OR2C3 expression are definitive for chemosensory brush cells. Co-expression of MHC class II genes and immune modulators (CCL22, CCR7, FLT3) aligns with their known antigen-presenting and immunoregulatory functions, confirming the stage-1 annotation.",0,0,NO,0
48147,CCTACCACACGTAAGG-1-2,dendritic cell,"conventional dendritic cell
High expression of MHC class II genes, FLT3, CCR7, CCL19, CCL22, and EBI3 strongly indicates a conventional dendritic cell. Pathway scores show high cDC1 and cDC2 activity and negative macrophage. Despite the atypical INSM1, the overall profile is consistent with cDC.",conventional dendritic cell,"High expression of MHC class II genes, FLT3, CCR7, CCL19, CCL22, and EBI3 strongly indicates a conventional dendritic cell. Pathway scores show high cDC1 and cDC2 activity and negative macrophage. Despite the atypical INSM1, the overall profile is consistent with cDC.",0,1,YES,1
16530,GAATAAGCAATGTAAG-1-4,dendritic cell,"plasmacytoid dendritic cell
High FLT3, IRF4, LAMP3, CCR7, CCL22, EBI3, and MHC-II expression along with the highest pDC-activated pathway score confirm pDC identity. Specificity markers like INSM1/OR2C3 may reflect tissue context or noise.",plasmacytoid dendritic cell,"High FLT3, IRF4, LAMP3, CCR7, CCL22, EBI3, and MHC-II expression along with the highest pDC-activated pathway score confirm pDC identity. Specificity markers like INSM1/OR2C3 may reflect tissue context or noise.",0,1,YES,1
72590,GCTGGGTTCCTGCCAT-1-1,dendritic cell,"CD1c-positive myeloid dendritic cell
High expression of MHC class II genes (HLA-DRA, DPB1, DPA1, etc.), CD74, and DC markers (FLT3, CCR7, CCL22, EBI3, CCL19) along with strong pathway scores for Migratory CD1c+ DC and cDC2 confirm the stage-1 annotation. INSM1 and OR2C3 are likely noise or rare subset, not overriding the clear DC signature.",CD1c-positive myeloid dendritic cell,"High expression of MHC class II genes (HLA-DRA, DPB1, DPA1, etc.), CD74, and DC markers (FLT3, CCR7, CCL22, EBI3, CCL19) along with strong pathway scores for Migratory CD1c+ DC and cDC2 confirm the stage-1 annotation. INSM1 and OR2C3 are likely noise or rare subset, not overriding the clear DC signature.",0,1,YES,1
7837,D372_Brus_Nas1_GTCTTCGGTTTGTGTG-1-31,dendritic cell,"CD1c-positive myeloid dendritic cell

High MHC class II expression, CCL22, CCL17, IRF4, and CD1c-associated markers (FCER1A, though not shown, but supported by DC2 pathway score) indicate a CD1c+ conventional DC. INSM1, OR2C3 are likely noise. The pathway scores strongly favor DC1 and DC2 subtypes over pDC or monocytes, with DC2 (CD1c+) being most consistent with the nose tissue context and expressed chemokines.",CD1c-positive myeloid dendritic cell,"High MHC class II expression, CCL22, CCL17, IRF4, and CD1c-associated markers (FCER1A, though not shown, but supported by DC2 pathway score) indicate a CD1c+ conventional DC. INSM1, OR2C3 are likely noise. The pathway scores strongly favor DC1 and DC2 subtypes over pDC or monocytes, with DC2 (CD1c+) being most consistent with the nose tissue context and expressed chemokines.",0,1,YES,1
66874,CCTAGCTAGACTGTAA-1-3,dendritic cell,"brush cell of tracheobronchial tree
High INSM1, OR2C3, CCL22, and EBI3 match chemosensory brush cell. Pathway scores strongly favor Type I chemosensory brush cell over others. MHC-II expression is typical of brush cells.",brush cell of tracheobronchial tree,"High INSM1, OR2C3, CCL22, and EBI3 match chemosensory brush cell. Pathway scores strongly favor Type I chemosensory brush cell over others. MHC-II expression is typical of brush cells.",0,0,NO,0
57044,CGGACTGTCTGCGTAA-1-3,dendritic cell,"CD1c-positive myeloid dendritic cell
High expression of MHC-II genes (HLA-DRA, DPB1, DRB1), CD74, and dendritic cell markers (CCL22, CCR7, FLT3, LAMP3, IRF4) confirms myeloid dendritic cell identity. Pathway analysis strongly favors CD1c+ cDC2 (score 5.006) over other dendritic subtypes. Atypical genes (INSM1, OR2C3) are likely tissue-specific or technical noise.",CD1c-positive myeloid dendritic cell,"High expression of MHC-II genes (HLA-DRA, DPB1, DRB1), CD74, and dendritic cell markers (CCL22, CCR7, FLT3, LAMP3, IRF4) confirms myeloid dendritic cell identity. Pathway analysis strongly favors CD1c+ cDC2 (score 5.006) over other dendritic subtypes. Atypical genes (INSM1, OR2C3) are likely tissue-specific or technical noise.",0,1,YES,1
65101,D353_Brus_Nas1_GGCCGATTCTTGCAAG-1-16,dendritic cell,"CD1c-positive myeloid dendritic cell
The gene profile shows high MHC class II, CD74, CCL22, CCL17, LAMP3, and CCR7, typical of conventional dendritic cells type 2 (cDC2). The absence of pDC-specific markers like CLEC4C or IL3RA and the strong presence of cDC2-associated chemokines and activation markers (EBI3, FLT3) indicate this is a myeloid dendritic cell, specifically CD1c-positive, rather than a plasmacytoid dendritic cell.",CD1c-positive myeloid dendritic cell,"The gene profile shows high MHC class II, CD74, CCL22, CCL17, LAMP3, and CCR7, typical of conventional dendritic cells type 2 (cDC2). The absence of pDC-specific markers like CLEC4C or IL3RA and the strong presence of cDC2-associated chemokines and activation markers (EBI3, FLT3) indicate this is a myeloid dendritic cell, specifically CD1c-positive, rather than a plasmacytoid dendritic cell.",0,1,YES,1
19933,CGATGTAAGGTAAACT-1-0,dendritic cell,"brush cell of tracheobronchial tree
Co-expression of OR2C3, INSM1, and immune genes (CCL22, EBI3, CCR7) is specific to chemosensory brush cells. High MHC class II expression and the top pathway score (""Nasal Brush Cell"") further confirm identity. Though in nose, the available cell type from the list is ""brush cell of tracheobronchial tree,"" which is accepted as a match.",brush cell of tracheobronchial tree,"Co-expression of OR2C3, INSM1, and immune genes (CCL22, EBI3, CCR7) is specific to chemosensory brush cells. High MHC class II expression and the top pathway score (""Nasal Brush Cell"") further confirm identity. Though in nose, the available cell type from the list is ""brush cell of tracheobronchial tree,"" which is accepted as a match.",0,0,NO,0
54142,D353_Brus_Nas1_TGAAAGACACAGCCCA-1-16,dendritic cell,"brush cell of tracheobronchial tree
High INSM1 and OR2C3 confirm chemosensory identity. Strong MHC class II and sentinel markers (CCL22, CCR7, FLT3) align with brush cell's immune modulatory role. Pathway scores favor olfactory brush cell.",brush cell of tracheobronchial tree,"High INSM1 and OR2C3 confirm chemosensory identity. Strong MHC class II and sentinel markers (CCL22, CCR7, FLT3) align with brush cell's immune modulatory role. Pathway scores favor olfactory brush cell.",0,0,NO,0
72736,TCAGGATTCAACCAAC-1-4,dendritic cell,"brush cell of tracheobronchial tree
High INSM1, CCL22, CCL19, GPR158, and MHC class II genes, plus strong classical brush cell pathway score, confirm brush cell identity despite nasal context. This chemosensory tuft cell type is present along the respiratory tract.",brush cell of tracheobronchial tree,"High INSM1, CCL22, CCL19, GPR158, and MHC class II genes, plus strong classical brush cell pathway score, confirm brush cell identity despite nasal context. This chemosensory tuft cell type is present along the respiratory tract.",0,0,NO,0
45298,CAGAGAGCAGGTTTCA-1-6,elicited macrophage,"elicited macrophage
High expression of M2-associated markers (CCL18, CHIT1, CD163, TREM2, MSR1, APOE) and strong M2-like macrophage pathway score confirm an activated macrophage phenotype. The absence of a nose-specific macrophage subtype in the list makes ""elicited macrophage"" the most appropriate match for this tissue context.",elicited macrophage,"High expression of M2-associated markers (CCL18, CHIT1, CD163, TREM2, MSR1, APOE) and strong M2-like macrophage pathway score confirm an activated macrophage phenotype. The absence of a nose-specific macrophage subtype in the list makes ""elicited macrophage"" the most appropriate match for this tissue context.",1,1,YES,1
82,TCTGAGATCCAGTAGT-1-0,elicited macrophage,"alveolar macrophage

High expression of CD163, MSR1, TREM2, CCL18, CHIT1, APOE, and APOC1, plus very high pathway score for resident alveolar macrophage (+4.715), confirms this identity despite nasal tissue context.",alveolar macrophage,"High expression of CD163, MSR1, TREM2, CCL18, CHIT1, APOE, and APOC1, plus very high pathway score for resident alveolar macrophage (+4.715), confirms this identity despite nasal tissue context.",0,1,NO,0
76483,CTAACTTAGAGTACCG-1-2,elicited macrophage,"alveolar macrophage
High expression of APOE, CCL18, CHIT1, CD163, TREM2, and C1Q components indicates a tissue-resident macrophage. Pathway scores show Alveolar Macrophage as the most active, closely matching the gene signature despite the nasal tissue context.",alveolar macrophage,"High expression of APOE, CCL18, CHIT1, CD163, TREM2, and C1Q components indicates a tissue-resident macrophage. Pathway scores show Alveolar Macrophage as the most active, closely matching the gene signature despite the nasal tissue context.",0,1,NO,0
67739,TCAGGATTCACCACCT-1-3,elicited macrophage,"alveolar macrophage

The gene expression profile (CCL18, CHIT1, CD163, MSR1, APOE, TREM2, C1QC, C1QB) and top pathway score (+5.585 for alveolar macrophage M2-like) strongly confirm the stage-1 annotation. Despite the nose tissue context, the molecular identity matches alveolar macrophages.",alveolar macrophage,"The gene expression profile (CCL18, CHIT1, CD163, MSR1, APOE, TREM2, C1QC, C1QB) and top pathway score (+5.585 for alveolar macrophage M2-like) strongly confirm the stage-1 annotation. Despite the nose tissue context, the molecular identity matches alveolar macrophages.",0,1,NO,0
65533,GCACATACACATCCAA-1-1,elicited macrophage,"alveolar macrophage
The top genes (APOE, APOC1, CD163, MSR1, TREM2, CHIT1, CCL18) and pathway scores strongly match classical alveolar macrophage identity, with the highest enrichment for that program. Though the tissue is nose, these markers are definitive for alveolar macrophages.",alveolar macrophage,"The top genes (APOE, APOC1, CD163, MSR1, TREM2, CHIT1, CCL18) and pathway scores strongly match classical alveolar macrophage identity, with the highest enrichment for that program. Though the tissue is nose, these markers are definitive for alveolar macrophages.",0,1,NO,0
4228,GTCATTTGTAAATGAC-1-6,elicited macrophage,"elicited macrophage
The top markers (CD163, TREM2, MSR1, CCL18, APOE) and high pathway score for nasal tissue-resident macrophages confirm an alternatively activated macrophage phenotype. Although “elicited macrophage” may imply recent recruitment, the profile closely matches resident macrophages in nasal mucosa, which is the closest available label from the list.",elicited macrophage,"The top markers (CD163, TREM2, MSR1, CCL18, APOE) and high pathway score for nasal tissue-resident macrophages confirm an alternatively activated macrophage phenotype. Although “elicited macrophage” may imply recent recruitment, the profile closely matches resident macrophages in nasal mucosa, which is the closest available label from the list.",1,1,YES,1
64365,CGCTATCGTTTGGGCC-1-5,elicited macrophage,"alveolar macrophage
High expression of macrophage markers (CD163, MSR1, APOE, TREM2) and M2 chemokines (CCL18, CCL13) with strong M2 pathway score confirms an alternatively activated macrophage, characteristic of alveolar macrophages in the respiratory tract.",alveolar macrophage,"High expression of macrophage markers (CD163, MSR1, APOE, TREM2) and M2 chemokines (CCL18, CCL13) with strong M2 pathway score confirms an alternatively activated macrophage, characteristic of alveolar macrophages in the respiratory tract.",0,1,NO,0
30732,D353_Brus_Nas1_ACTTTCAGTCAAACTC-1-16,elicited macrophage,"alveolar macrophage
The expression profile shows classic alveolar macrophage markers (CCL18, CHIT1, CD163, MSR1, TREM2, APOE) with high specificity. Pathway scores indicate strong enrichment for nasal tissue-resident macrophage (alveolar-like), confirming this identity despite the nasal context.",alveolar macrophage,"The expression profile shows classic alveolar macrophage markers (CCL18, CHIT1, CD163, MSR1, TREM2, APOE) with high specificity. Pathway scores indicate strong enrichment for nasal tissue-resident macrophage (alveolar-like), confirming this identity despite the nasal context.",0,1,NO,0
64719,TTCTCCTGTAGCGTAG-1-3,elicited macrophage,"alveolar macrophage
The top markers (CCL18, CHIT1, APOE, CD163, MSR1, TREM2) are canonical for alveolar macrophages, and the pathway score strongly supports this identity. Although the tissue is nasal, no nasal-specific macrophage subtype is listed; the expression profile aligns best with alveolar macrophage.",alveolar macrophage,"The top markers (CCL18, CHIT1, APOE, CD163, MSR1, TREM2) are canonical for alveolar macrophages, and the pathway score strongly supports this identity. Although the tissue is nasal, no nasal-specific macrophage subtype is listed; the expression profile aligns best with alveolar macrophage.",0,1,NO,0
62241,ACCTTTATCACTTCAT-1-7,elicited macrophage,"alveolar macrophage

The top specific markers (CCL18, CHIT1, APOE, APOC1, MSR1, CD163, TREM2) and highest pathway score for alveolar macrophage (+6.42) strongly support this identity despite the nasal tissue context, likely reflecting a tissue-resident macrophage population with similar gene expression. No clear evidence for a distinct nasal macrophage subtype within the provided cell type list.",alveolar macrophage,"The top specific markers (CCL18, CHIT1, APOE, APOC1, MSR1, CD163, TREM2) and highest pathway score for alveolar macrophage (+6.42) strongly support this identity despite the nasal tissue context, likely reflecting a tissue-resident macrophage population with similar gene expression. No clear evidence for a distinct nasal macrophage subtype within the provided cell type list.",0,1,NO,0
62384,CAAGTTGAGAACTCGG-1-6,elicited macrophage,"alveolar macrophage

The top cell-specific genes (CCL18, CHIT1, MSR1, CD163, TREM2, APOE, APOC1) and the highest pathway score (""Nasal Alveolar-like Macrophage"") strongly confirm a macrophage phenotype consistent with alveolar macrophages, even in a nasal context. The expression profile matches that of alternatively activated, lipid-associated macrophages.",alveolar macrophage,"The top cell-specific genes (CCL18, CHIT1, MSR1, CD163, TREM2, APOE, APOC1) and the highest pathway score (""Nasal Alveolar-like Macrophage"") strongly confirm a macrophage phenotype consistent with alveolar macrophages, even in a nasal context. The expression profile matches that of alternatively activated, lipid-associated macrophages.",0,1,NO,0
869,D372_Brus_Nas1_GGGCATCTCACCCGAG-1-31,elicited macrophage,"alveolar macrophage
High expression of scavenger receptors (MSR1, CD163, TREM2), APOE, APOC1, and chemokines (CCL18, CCL13), plus the top M2-polarized alveolar macrophage pathway score, confirms this cell as an alveolar macrophage despite nasal tissue context; these markers are hallmark features of this subtype.",alveolar macrophage,"High expression of scavenger receptors (MSR1, CD163, TREM2), APOE, APOC1, and chemokines (CCL18, CCL13), plus the top M2-polarized alveolar macrophage pathway score, confirms this cell as an alveolar macrophage despite nasal tissue context; these markers are hallmark features of this subtype.",0,1,NO,0
17974,GCAAACTGTGTTGGGA-1-7,elicited macrophage,"alveolar macrophage
Strong expression of CCL18, CHIT1, APOE, APOC1, CD163, and TREM2, along with high pathway score for alveolar-like macrophages, confirms alveolar macrophage identity despite nose tissue context.",alveolar macrophage,"Strong expression of CCL18, CHIT1, APOE, APOC1, CD163, and TREM2, along with high pathway score for alveolar-like macrophages, confirms alveolar macrophage identity despite nose tissue context.",0,1,NO,0
5449,D353_Brus_Nas1_CACACAATCGACAGCC-1-16,elicited macrophage,"elicited macrophage
High expression of M2 markers (CCL18, CD163, TREM2, MSR1, APOE, CHIT1) and M2-like pathway score (+6.248) confirm an elicited (alternatively activated) macrophage, consistent with nasal inflammatory/remodeling macrophages.",elicited macrophage,"High expression of M2 markers (CCL18, CD163, TREM2, MSR1, APOE, CHIT1) and M2-like pathway score (+6.248) confirm an elicited (alternatively activated) macrophage, consistent with nasal inflammatory/remodeling macrophages.",1,1,YES,1
33036,GATCAGTGTGTGGTTT-1-6,elicited macrophage,Alveolar macrophage,Alveolar macrophage,,0,1,NO,0
51756,CGTGTAACATGTTGAC-1-4,elicited macrophage,"alveolar macrophage
Top markers (CCL18, CHIT1, APOE, APOC1, CD163, TREM2, MSR1) and pathway scores strongly match alveolar macrophage signature, even in nasal tissue. No conflicting evidence for other types.",alveolar macrophage,"Top markers (CCL18, CHIT1, APOE, APOC1, CD163, TREM2, MSR1) and pathway scores strongly match alveolar macrophage signature, even in nasal tissue. No conflicting evidence for other types.",0,1,NO,0
911,GCGCGATCACTACAGT-1-7,elicited macrophage,"alveolar macrophage
High expression of CCL18, CHIT1, APOE, APOC1, MSR1, CD163, and complement genes (C1QC, C1QB) strongly aligns with alveolar macrophage identity. The pathway score for alveolar macrophage (nasal) is highest (+5.391), confirming the stage-1 annotation.",alveolar macrophage,"High expression of CCL18, CHIT1, APOE, APOC1, MSR1, CD163, and complement genes (C1QC, C1QB) strongly aligns with alveolar macrophage identity. The pathway score for alveolar macrophage (nasal) is highest (+5.391), confirming the stage-1 annotation.",0,1,NO,0
35698,GTAGGCCCACACATGT-1-4,elicited macrophage,"alveolar macrophage
High expression of CD163, MSR1, TREM2, CCL18, APOE, and CHIT1 is characteristic of alveolar macrophages. The pathway score for ""Alveolar-like macrophage (nasal)"" is strongly positive (+5.236), supporting this identity despite the nasal tissue context.",alveolar macrophage,"High expression of CD163, MSR1, TREM2, CCL18, APOE, and CHIT1 is characteristic of alveolar macrophages. The pathway score for ""Alveolar-like macrophage (nasal)"" is strongly positive (+5.236), supporting this identity despite the nasal tissue context.",0,1,NO,0
65800,GAACCTACACGAAATA-1-1,elicited macrophage,"alveolar macrophage
High expression of CCL18, CHIT1, APOE, CD163, MSR1, TREM2 and strong pathway score for classical alveolar macrophage (nasal) confirm this identity despite nasal context.",alveolar macrophage,"High expression of CCL18, CHIT1, APOE, CD163, MSR1, TREM2 and strong pathway score for classical alveolar macrophage (nasal) confirm this identity despite nasal context.",0,1,NO,0
24116,TCATTACCAAGTACCT-1-5,elicited macrophage,"alveolar macrophage
High expression of macrophage markers (CD163, MSR1, APOE, C1Q, CD68) and strong pathway score for nasal/resident macrophage confirm a tissue-resident macrophage phenotype, consistent with alveolar macrophage despite the nasal context.",alveolar macrophage,"High expression of macrophage markers (CD163, MSR1, APOE, C1Q, CD68) and strong pathway score for nasal/resident macrophage confirm a tissue-resident macrophage phenotype, consistent with alveolar macrophage despite the nasal context.",0,1,NO,0
19620,D322_Biop_Nas1_TGCACCTTCATATCGG-1-0,endothelial cell of lymphatic vessel,"endothelial cell of lymphatic vessel
Top markers CCL21, FLT4, PROX1, ECSCR, and PDPN are canonical lymphatic endothelial cell genes. Pathway scores strongly favor lymphatic over blood vascular endothelial cells.",endothelial cell of lymphatic vessel,"Top markers CCL21, FLT4, PROX1, ECSCR, and PDPN are canonical lymphatic endothelial cell genes. Pathway scores strongly favor lymphatic over blood vascular endothelial cells.",1,1,YES,1
68911,D322_Biop_Nas1_TCTGAGAAGAATAGGG-1-0,endothelial cell of lymphatic vessel,"endothelial cell of lymphatic vessel
High expression of CCL21, FLT4, PROX1, ECSCR, MMRN1, and PDPN are classic lymphatic endothelial markers. Pathway scores strongly favor capillary and collecting lymphatic endothelial cells over blood vascular endothelium. Raw expression and specificity analyses confirm this identity.",endothelial cell of lymphatic vessel,"High expression of CCL21, FLT4, PROX1, ECSCR, MMRN1, and PDPN are classic lymphatic endothelial markers. Pathway scores strongly favor capillary and collecting lymphatic endothelial cells over blood vascular endothelium. Raw expression and specificity analyses confirm this identity.",1,1,YES,1
3128,D322_Biop_Nas1_ACACCAAAGCGATAGC-1-0,endothelial cell of lymphatic vessel,"endothelial cell of lymphatic vessel
High expression of CCL21, FLT4, PROX1, and MMRN1, along with strong pathway scores for lymphatic capillary/collecting endothelium and low scores for blood vascular endothelium, confirm the identity as a lymphatic vessel endothelial cell.",endothelial cell of lymphatic vessel,"High expression of CCL21, FLT4, PROX1, and MMRN1, along with strong pathway scores for lymphatic capillary/collecting endothelium and low scores for blood vascular endothelium, confirm the identity as a lymphatic vessel endothelial cell.",1,1,YES,1
17721,D339_Biop_Nas1_CGGACACCAAGTACCT-1-7,endothelial cell of lymphatic vessel,"endothelial cell of lymphatic vessel
High expression of CCL21, FLT4, PROX1, ECSCR, MMRN1, and PDPN are definitive markers of lymphatic endothelial cells. The LEC pathway score is strongly positive, while other endothelial scores are minimal. All evidence confirms the stage-1 annotation.",endothelial cell of lymphatic vessel,"High expression of CCL21, FLT4, PROX1, ECSCR, MMRN1, and PDPN are definitive markers of lymphatic endothelial cells. The LEC pathway score is strongly positive, while other endothelial scores are minimal. All evidence confirms the stage-1 annotation.",1,1,YES,1
54354,GGATGTTGTAATCACC-1-4,epithelial cell of lower respiratory tract,"respiratory basal cell
The strong expression of proliferation markers (MKI67, PLK1, AURKB, UBE2C) and keratin-associated protein KRTAP5-7, along with a high pathway score for cycling basal cell (+2.181), confirms the stage-1 annotation. Although MUC5AC and SCGB1A1 are expressed, they are not sufficiently specific to outweigh the dominant basal proliferative signature, making respiratory basal cell the correct identity.",respiratory basal cell,"The strong expression of proliferation markers (MKI67, PLK1, AURKB, UBE2C) and keratin-associated protein KRTAP5-7, along with a high pathway score for cycling basal cell (+2.181), confirms the stage-1 annotation. Although MUC5AC and SCGB1A1 are expressed, they are not sufficiently specific to outweigh the dominant basal proliferative signature, making respiratory basal cell the correct identity.",0,1,YES,1
11218,GTTTCTAAGATATGCA_GRO-09_nasal_brush,ionocyte,"ionocyte
High specificity of FOXI1, FOXI2, ASCL3, and ion transport genes (CLCNKB, BSND, ATP6V1G3, ATP6V0D2) confirms ionocyte identity. Pathway score strongly supports this, with no other nasal epithelial cell type showing comparable activation.",ionocyte,"High specificity of FOXI1, FOXI2, ASCL3, and ion transport genes (CLCNKB, BSND, ATP6V1G3, ATP6V0D2) confirms ionocyte identity. Pathway score strongly supports this, with no other nasal epithelial cell type showing comparable activation.",1,1,YES,1
18750,CCACGGAAGCCAACAG-1-6,ionocyte,"ionocyte
The top cell-specific genes (FOXI1, ASCL3, BSND, ATP6V1G3, CLCNKB) and TF-IDF highlights (ASCL3, CFTR, SCNN1B) are canonical ionocyte markers in nasal epithelium. The pathway score for ionocyte is +5.315, far exceeding all other programs, confirming the stage-1 annotation.",ionocyte,"The top cell-specific genes (FOXI1, ASCL3, BSND, ATP6V1G3, CLCNKB) and TF-IDF highlights (ASCL3, CFTR, SCNN1B) are canonical ionocyte markers in nasal epithelium. The pathway score for ionocyte is +5.315, far exceeding all other programs, confirming the stage-1 annotation.",1,1,YES,1
9042,GCACATACAAGCGCTC-1-6,ionocyte,"ionocyte
The top cell-specific markers (FOXI1, ASCL3, BSND, ATP6V1G3, CLCNKB) and high TF-IDF scores for CFTR, SCNN1B, and ionocyte transcription factors confirm the nasal ionocyte identity. The pathway score for nasal ionocyte is strongly positive (+5.813), while other respiratory cell types are low or negative. This matches the stage-1 annotation.",ionocyte,"The top cell-specific markers (FOXI1, ASCL3, BSND, ATP6V1G3, CLCNKB) and high TF-IDF scores for CFTR, SCNN1B, and ionocyte transcription factors confirm the nasal ionocyte identity. The pathway score for nasal ionocyte is strongly positive (+5.813), while other respiratory cell types are low or negative. This matches the stage-1 annotation.",1,1,YES,1
41251,AATCGGTCAATGTAAG-1-7,ionocyte,"ionocyte

The gene expression profile is dominated by FOXI1, ASCL3, BSND, ATP6V1G3, CLCNKB, and CFTR, all canonical ionocyte markers. The pathway score for ionocyte is strongly positive (+8.355), while other epithelial cell types score near zero or negative, confirming the stage-1 annotation.",ionocyte,"The gene expression profile is dominated by FOXI1, ASCL3, BSND, ATP6V1G3, CLCNKB, and CFTR, all canonical ionocyte markers. The pathway score for ionocyte is strongly positive (+8.355), while other epithelial cell types score near zero or negative, confirming the stage-1 annotation.",1,1,YES,1
63054,ATGTGTGTCTCTGCTG-1-6,ionocyte,"ionocyte
Top-specific genes (FOXI1, FOXI2, CLCNKB, BSND, ATP6V1G3, ATP6V0D2, ASCL3, CFTR) are canonical ionocyte markers. Pathway scores strongly support FOXI1-high CFTR-high ionocyte, with all other cell types near zero or negative. No evidence contradicts ionocyte identity.",ionocyte,"Top-specific genes (FOXI1, FOXI2, CLCNKB, BSND, ATP6V1G3, ATP6V0D2, ASCL3, CFTR) are canonical ionocyte markers. Pathway scores strongly support FOXI1-high CFTR-high ionocyte, with all other cell types near zero or negative. No evidence contradicts ionocyte identity.",1,1,YES,1
70030,D372_Brus_Nas1_ACTATCTAGTATCTCG-1-31,ionocyte,"ionocyte
The evidence strongly supports ionocyte identity: high expression of FOXI1 (master regulator), BSND, CLCNKB, ATP6V1G3, and ASCL3. These are signature ionocyte markers in nasal epithelium. Pathway analysis confirms the ionocyte program as the most active.",ionocyte,"The evidence strongly supports ionocyte identity: high expression of FOXI1 (master regulator), BSND, CLCNKB, ATP6V1G3, and ASCL3. These are signature ionocyte markers in nasal epithelium. Pathway analysis confirms the ionocyte program as the most active.",1,1,YES,1
56025,AAGCCGCTCGCTTAGA-1-6,ionocyte,"ionocyte
High expression of FOXI1 (master regulator), CLCNKB, BSND, ATP6V1G3, ATP6V0D2, and strong ionocyte pathway score (+4.026) confirm ionocyte identity in nasal respiratory epithelium.",ionocyte,"High expression of FOXI1 (master regulator), CLCNKB, BSND, ATP6V1G3, ATP6V0D2, and strong ionocyte pathway score (+4.026) confirm ionocyte identity in nasal respiratory epithelium.",1,1,YES,1
41294,GCGGGTTAGAACTGTA-1-4,ionocyte,"ionocyte
The expression profile strongly matches ionocytes, with key markers FOXI1, FOXI2, BSND, CLCNKB, ATP6V1G3, and ATP6V0D2, plus a high ionocyte pathway score. These genes are characteristic of ionocytes in respiratory epithelium.",ionocyte,"The expression profile strongly matches ionocytes, with key markers FOXI1, FOXI2, BSND, CLCNKB, ATP6V1G3, and ATP6V0D2, plus a high ionocyte pathway score. These genes are characteristic of ionocytes in respiratory epithelium.",1,1,YES,1
32840,GTGGGTCCAGTACACT-1-4,ionocyte,"ionocyte
The top cell-specific genes (FOXI1, FOXI2, ATP6V1G3, BSND, CLCNKA, CLCNKB) are hallmark ionocyte markers, and the Ionocyte pathway score is highly positive (+6.267). Other pathway scores are minimal or negative. Thus, stage-1 annotation is confirmed.",ionocyte,"The top cell-specific genes (FOXI1, FOXI2, ATP6V1G3, BSND, CLCNKA, CLCNKB) are hallmark ionocyte markers, and the Ionocyte pathway score is highly positive (+6.267). Other pathway scores are minimal or negative. Thus, stage-1 annotation is confirmed.",1,1,YES,1
60940,ATTATCCTCCCTCTTT-1-7,ionocyte,"ionocyte

High expression of FOXI1, ASCL3, CLCNKB, BSND, ATP6V1G3, ATP6V0D2, CFTR, and SCNN1B confirms ionocyte identity; CFTR-high and FOXI1-high ionocyte pathway scores are strongly positive, while ciliated, basal, and goblet cell scores are minimal.",ionocyte,"High expression of FOXI1, ASCL3, CLCNKB, BSND, ATP6V1G3, ATP6V0D2, CFTR, and SCNN1B confirms ionocyte identity; CFTR-high and FOXI1-high ionocyte pathway scores are strongly positive, while ciliated, basal, and goblet cell scores are minimal.",1,1,YES,1
58547,CTAAGACCACGAGGTA_GRO-10_nasal_brush,ionocyte,"ionocyte
The gene expression profile strongly matches ionocyte hallmarks: FOXI1, ASCL3, CLCNKB, BSND, and vacuolar ATPase subunits. The ionocyte pathway score is highly elevated, confirming this cell type in the nasal respiratory epithelium.",ionocyte,"The gene expression profile strongly matches ionocyte hallmarks: FOXI1, ASCL3, CLCNKB, BSND, and vacuolar ATPase subunits. The ionocyte pathway score is highly elevated, confirming this cell type in the nasal respiratory epithelium.",1,1,YES,1
15971,CATTCGCTCACTTCAT-1-2,ionocyte,"ionocyte
Classic ionocyte markers (FOXI1, ASCL3, BSND, CLCNKB, ATP6V0D2, ATP6V1G3) are highly specific via z-score and TF-IDF. Pathway score for Ionocyte is strongly positive, confirming stage-1 annotation.",ionocyte,"Classic ionocyte markers (FOXI1, ASCL3, BSND, CLCNKB, ATP6V0D2, ATP6V1G3) are highly specific via z-score and TF-IDF. Pathway score for Ionocyte is strongly positive, confirming stage-1 annotation.",1,1,YES,1
59607,D372_Brus_Nas1_TTCTTAGAGTGTTGAA-1-31,ionocyte,"ionocyte
The top cell-specific genes (CLCNKB, ASCL3, ATP6V1G3, BSND, FOXI1) are canonical ionocyte markers, and the ionocyte pathway score is strongly elevated (+5.936) compared to all other cell types, confirming the stage-1 annotation.",ionocyte,"The top cell-specific genes (CLCNKB, ASCL3, ATP6V1G3, BSND, FOXI1) are canonical ionocyte markers, and the ionocyte pathway score is strongly elevated (+5.936) compared to all other cell types, confirming the stage-1 annotation.",1,1,YES,1
69691,TCAGCTCAGCGCCTTG-1-6,ionocyte,"ionocyte
Expression of FOXI1, FOXI2, BSND, CLCNKB, CLCNKA, ATP6V1G3, CFTR, and ASCL3 is highly specific to ionocytes, confirmed by top z-scores and TF-IDF. The strong Ionocyte pathway score (+6.294) and lack of ciliated, club, basal, or goblet markers support this identity in nasal epithelium.",ionocyte,"Expression of FOXI1, FOXI2, BSND, CLCNKB, CLCNKA, ATP6V1G3, CFTR, and ASCL3 is highly specific to ionocytes, confirmed by top z-scores and TF-IDF. The strong Ionocyte pathway score (+6.294) and lack of ciliated, club, basal, or goblet markers support this identity in nasal epithelium.",1,1,YES,1
17357,D353_Brus_Nas1_GCTTCCAAGTGTTTGC-1-16,ionocyte,"ionocyte
The top-specific markers (FOXI1, ASCL3, CLCNKB, BSND, ATP6V1G3) and high pathway scores for FOXI1- and ASCL3-high ionocyte programs strongly confirm ionocyte identity, distinct from other nasal epithelial cells.",ionocyte,"The top-specific markers (FOXI1, ASCL3, CLCNKB, BSND, ATP6V1G3) and high pathway scores for FOXI1- and ASCL3-high ionocyte programs strongly confirm ionocyte identity, distinct from other nasal epithelial cells.",1,1,YES,1
65089,CGTAGCGCAGCTCGCA_GRO-09_nasal_brush,ionocyte,"ionocyte

High expression of FOXI1, ASCL3, BSND, CLCNKB, ATP6V1G3, and ATP6V0D2, along with the strongly enriched ""Nasal Ionocyte"" pathway score (+5.820), confirms this cell type as an ionocyte. These markers are specific to ionocytes, which are specialized epithelial cells involved in ion transport and pH regulation in the nasal mucosa.",ionocyte,"High expression of FOXI1, ASCL3, BSND, CLCNKB, ATP6V1G3, and ATP6V0D2, along with the strongly enriched ""Nasal Ionocyte"" pathway score (+5.820), confirms this cell type as an ionocyte. These markers are specific to ionocytes, which are specialized epithelial cells involved in ion transport and pH regulation in the nasal mucosa.",1,1,YES,1
48289,D367_Brus_Nas1_CTTCTCTAGCTGTCTA-1-27,ionocyte,"ionocyte
The top specific genes (CLCNKB, ASCL3, ATP6V1G3, BSND, FOXI1) are canonical markers of nasal ionocytes, and the ionocyte pathway score (+3.975) far exceeds all others, confirming the annotation.",ionocyte,"The top specific genes (CLCNKB, ASCL3, ATP6V1G3, BSND, FOXI1) are canonical markers of nasal ionocytes, and the ionocyte pathway score (+3.975) far exceeds all others, confirming the annotation.",1,1,YES,1
16359,D353_Brus_Nas1_TTGCCGTAGCCAGAAC-1-16,ionocyte,"ionocyte
The gene expression profile shows canonical ionocyte markers FOXI1, BSND, CLCNKB, ATP6V1G3, ATP6V0D2, and ASCL3, with high z-scores and pathway scores strongly specific to nasal ionocytes. No other cell type from the list matches this signature.",ionocyte,"The gene expression profile shows canonical ionocyte markers FOXI1, BSND, CLCNKB, ATP6V1G3, ATP6V0D2, and ASCL3, with high z-scores and pathway scores strongly specific to nasal ionocytes. No other cell type from the list matches this signature.",1,1,YES,1
3744,CTAACTTAGACTGGGT-1-6,ionocyte,"ionocyte

The evidence strongly supports ionocyte identity: canonical markers FOXI1, BSND, CLCNKB, ATP6V0D2, and ASCL3 are highly specific, and the nasal ionocyte pathway score is the highest by far.",ionocyte,"The evidence strongly supports ionocyte identity: canonical markers FOXI1, BSND, CLCNKB, ATP6V0D2, and ASCL3 are highly specific, and the nasal ionocyte pathway score is the highest by far.",1,1,YES,1
36653,CGCGGTACAAACCCAT_GRO-09_nasal_brush,ionocyte,"ionocyte

Markers FOXI1, ASCL3, ATP6V1G3, BSND, CLCNKB are canonical for ionocytes. High specificity scores and strong activation of ionocyte gene programs confirm identity; no conflicting evidence from other cell types.",ionocyte,"Markers FOXI1, ASCL3, ATP6V1G3, BSND, CLCNKB are canonical for ionocytes. High specificity scores and strong activation of ionocyte gene programs confirm identity; no conflicting evidence from other cell types.",1,1,YES,1
5555,ATCTGCCAGTACGCCC-1-6,lung macrophage,"elicited macrophage

The expression profile (CD209, STAB1, MSR1, F13A1, APOE, C1QC) and pathway scores strongly favor a CD163+ macrophage over a CD1c+ dendritic cell. The high MHC class II and complement genes are typical of tissue macrophages, and the negative score for CD1c+ cDC2 confirms this. Given nasal tissue and the available list, ""elicited macrophage"" best matches this profile.",elicited macrophage,"The expression profile (CD209, STAB1, MSR1, F13A1, APOE, C1QC) and pathway scores strongly favor a CD163+ macrophage over a CD1c+ dendritic cell. The high MHC class II and complement genes are typical of tissue macrophages, and the negative score for CD1c+ cDC2 confirms this. Given nasal tissue and the available list, ""elicited macrophage"" best matches this profile.",0,1,NO,0
28060,TGCGCAGTCTTGACGA-1-3,lung macrophage,"CD1c-positive myeloid dendritic cell
Top specific markers (CD209, STAB1, MSR1, F13A1, NLRC4, SUCNR1) and highest pathway score for CD1c+ DCs confirm cDC2 identity. High MHC-II, CD74, and CST3 support classical dendritic cell function. While APOE and complement genes are elevated, they are also consistent with tissue-resident CD1c+ DCs in nasal mucosa.",CD1c-positive myeloid dendritic cell,"Top specific markers (CD209, STAB1, MSR1, F13A1, NLRC4, SUCNR1) and highest pathway score for CD1c+ DCs confirm cDC2 identity. High MHC-II, CD74, and CST3 support classical dendritic cell function. While APOE and complement genes are elevated, they are also consistent with tissue-resident CD1c+ DCs in nasal mucosa.",0,0,NO,0
68427,CTGATAGAGAGTAATC-1-3,lung macrophage,"elicited macrophage

High expression of MHC-II, CD209, STAB1, MSR1, F13A1, C1Q, APOE, and a strong macrophage pathway score indicate a macrophage rather than dendritic cell. Tissue context (nose) and absence of lung-specific markers rule out alveolar macrophage, making elicited macrophage most appropriate.",elicited macrophage,"High expression of MHC-II, CD209, STAB1, MSR1, F13A1, C1Q, APOE, and a strong macrophage pathway score indicate a macrophage rather than dendritic cell. Tissue context (nose) and absence of lung-specific markers rule out alveolar macrophage, making elicited macrophage most appropriate.",0,1,NO,0
42352,GGCGACTAGTCGTTTG-1-3,lung macrophage,"alveolar macrophage
High expression of scavenger receptors (CD209, STAB1, MSR1), complement (C1QC), APOE, and strong macrophage pathway score (+5.574) versus negative dendritic cell scores indicate a macrophage identity, not dendritic cell. The profile closely matches tissue-resident macrophages like alveolar macrophages.",alveolar macrophage,"High expression of scavenger receptors (CD209, STAB1, MSR1), complement (C1QC), APOE, and strong macrophage pathway score (+5.574) versus negative dendritic cell scores indicate a macrophage identity, not dendritic cell. The profile closely matches tissue-resident macrophages like alveolar macrophages.",0,1,YES,1
36625,CAGATCAGTGCTAGCC-1-5,lung macrophage,"CD1c-positive myeloid dendritic cell
The top specific genes (CD209, STAB1, MSR1, F13A1) and high HLA-II expression confirm a myeloid dendritic cell. The pathway score for CD1c+ inflammatory DC is the highest, consistent with the stage-1 annotation. While some macrophage markers (C1Q, APOE) appear, they are also reported in activated DCs. The overall profile best matches a CD1c-positive myeloid dendritic cell in nasal mucosa.",CD1c-positive myeloid dendritic cell,"The top specific genes (CD209, STAB1, MSR1, F13A1) and high HLA-II expression confirm a myeloid dendritic cell. The pathway score for CD1c+ inflammatory DC is the highest, consistent with the stage-1 annotation. While some macrophage markers (C1Q, APOE) appear, they are also reported in activated DCs. The overall profile best matches a CD1c-positive myeloid dendritic cell in nasal mucosa.",0,0,NO,0
67815,D353_Brus_Nas1_AGCTCCTTCATTTGGG-1-16,lung macrophage,"elicited macrophage
The high expression of M2 macrophage markers (APOE, C1QA/B/C, MRC1, STAB1, F13A1) and top pathway score for Macrophage (M2-like) indicate a macrophage, not a conventional dendritic cell. CD209 and FCGR1A are also expressed on macrophages.",elicited macrophage,"The high expression of M2 macrophage markers (APOE, C1QA/B/C, MRC1, STAB1, F13A1) and top pathway score for Macrophage (M2-like) indicate a macrophage, not a conventional dendritic cell. CD209 and FCGR1A are also expressed on macrophages.",0,1,NO,0
3225,GGCCGATGTATATCCG-1-6,lung macrophage,"alveolar macrophage
High macrophage pathway score (+2.332) and top TF-IDF/zi‑score markers (APOE, C1QC, C1QB, MRC1, STAB1, MSR1, F13A1) strongly indicate a tissue macrophage rather than a classical dendritic cell. Although CD209 is present, the overall expression profile is dominated by macrophage‑specific genes. Given the respiratory tract context, ""alveolar macrophage"" best fits the evidence.",alveolar macrophage,"High macrophage pathway score (+2.332) and top TF-IDF/zi‑score markers (APOE, C1QC, C1QB, MRC1, STAB1, MSR1, F13A1) strongly indicate a tissue macrophage rather than a classical dendritic cell. Although CD209 is present, the overall expression profile is dominated by macrophage‑specific genes. Given the respiratory tract context, ""alveolar macrophage"" best fits the evidence.",0,1,YES,1
22457,ACAGCTAAGTGGGCTA-1-3,lung macrophage,"CD1c-positive myeloid dendritic cell
High expression of CD209, MHC class II, and CD74 confirms dendritic cell identity. Pathway scores strongly favor CD1c+CD14+ DC over macrophage. Despite minor macrophage-like markers (MSR1, STAB1, APOE), the profile aligns with a CD1c-positive myeloid dendritic cell in nose.",CD1c-positive myeloid dendritic cell,"High expression of CD209, MHC class II, and CD74 confirms dendritic cell identity. Pathway scores strongly favor CD1c+CD14+ DC over macrophage. Despite minor macrophage-like markers (MSR1, STAB1, APOE), the profile aligns with a CD1c-positive myeloid dendritic cell in nose.",0,0,NO,0
2392,CGTGAGCTCCTTGCCA_GRO-03_nasal_brush,lung macrophage,"alveolar macrophage
The expression profile shows canonical macrophage markers (MSR1, STAB1, F13A1, CD209, CD74, APOE, C1QC) with strong pathway scores for resident nasal macrophage and inflammatory macrophage. Despite the nose tissue context, the gene signature aligns most closely with alveolar macrophages among the provided list, as nasal-specific macrophage subtypes are not available.",alveolar macrophage,"The expression profile shows canonical macrophage markers (MSR1, STAB1, F13A1, CD209, CD74, APOE, C1QC) with strong pathway scores for resident nasal macrophage and inflammatory macrophage. Despite the nose tissue context, the gene signature aligns most closely with alveolar macrophages among the provided list, as nasal-specific macrophage subtypes are not available.",0,1,YES,1
33216,CTAGTGAAGGCCCTTG-1-3,lung macrophage,"elicited macrophage

High CD163+ macrophage pathway score (5.540) and expression of macrophage markers (STAB1, MSR1, F13A1, APOE, C1QC, CD209) indicate a macrophage, not a dendritic cell. Top specific genes (scavenger receptors, chemokines, complement) are typical of activated tissue macrophages. CD209 can be expressed on macrophages in mucosal tissues. Pathway scores for dendritic cell subtypes are much lower.",elicited macrophage,"High CD163+ macrophage pathway score (5.540) and expression of macrophage markers (STAB1, MSR1, F13A1, APOE, C1QC, CD209) indicate a macrophage, not a dendritic cell. Top specific genes (scavenger receptors, chemokines, complement) are typical of activated tissue macrophages. CD209 can be expressed on macrophages in mucosal tissues. Pathway scores for dendritic cell subtypes are much lower.",0,1,NO,0
57016,D353_Brus_Nas1_CCATGTCTCTACTATC-1-16,lung macrophage,"alveolar macrophage
The high expression of CD209, STAB1, MSR1, F13A1, APOE, C1QC, and MHC-II genes, along with the strongest pathway score for nasal macrophage (+4.094), indicates a tissue-resident macrophage rather than a CD1c-positive dendritic cell. The markers strongly align with alveolar macrophage identity.",alveolar macrophage,"The high expression of CD209, STAB1, MSR1, F13A1, APOE, C1QC, and MHC-II genes, along with the strongest pathway score for nasal macrophage (+4.094), indicates a tissue-resident macrophage rather than a CD1c-positive dendritic cell. The markers strongly align with alveolar macrophage identity.",0,1,YES,1
44882,AGTGAGGAGATGTGGC-1-6,lung macrophage,"alveolar macrophage
High expression of APOE, C1Q, TYROBP, and a very strong CD163+ macrophage pathway score (+6.534) indicate a tissue-resident macrophage identity, not a conventional dendritic cell. Markers like CD209 and STAB1 are also found on macrophages. The cDC2 signal is weaker.",alveolar macrophage,"High expression of APOE, C1Q, TYROBP, and a very strong CD163+ macrophage pathway score (+6.534) indicate a tissue-resident macrophage identity, not a conventional dendritic cell. Markers like CD209 and STAB1 are also found on macrophages. The cDC2 signal is weaker.",0,1,YES,1
56919,ACATCAGCACTACAGT-1-3,lung macrophage,"dendritic cell
Strong expression of MHC class II, CD209, STAB1, MSR1, and F13A1 confirms dendritic cell identity. High inflammatory DC pathway score and top markers like CST3, TYROBP, and APOE support an activated dendritic cell profile in nasal mucosa, consistent with stage-1 annotation.",dendritic cell,"Strong expression of MHC class II, CD209, STAB1, MSR1, and F13A1 confirms dendritic cell identity. High inflammatory DC pathway score and top markers like CST3, TYROBP, and APOE support an activated dendritic cell profile in nasal mucosa, consistent with stage-1 annotation.",0,0,NO,0
47203,CAGTAACGTCGCGTGT-1-3,lung macrophage,"CD1c-positive myeloid dendritic cell
High expression of CD209, STAB1, MSR1, F13A1, and MHC class II genes, with strong cDC2 pathway score and TF-IDF highlighting APOE, TYROBP, C1QC, consistent with mucosal CD1c+ myeloid dendritic cells.",CD1c-positive myeloid dendritic cell,"High expression of CD209, STAB1, MSR1, F13A1, and MHC class II genes, with strong cDC2 pathway score and TF-IDF highlighting APOE, TYROBP, C1QC, consistent with mucosal CD1c+ myeloid dendritic cells.",0,0,NO,0
36955,GCTGCTTTCTGTCTAT-1-5,lung macrophage,"alveolar macrophage
High expression of MHC-II, CD74, CD209, and macrophage markers (C1QC, APOE, STAB1, MSR1, F13A1) combined with the highest pathway score for ""macrophage"" (+2.07) strongly indicate a tissue-resident macrophage rather than a conventional dendritic cell. The presence of complement components and scavenger receptors is typical of alveolar macrophages.",alveolar macrophage,"High expression of MHC-II, CD74, CD209, and macrophage markers (C1QC, APOE, STAB1, MSR1, F13A1) combined with the highest pathway score for ""macrophage"" (+2.07) strongly indicate a tissue-resident macrophage rather than a conventional dendritic cell. The presence of complement components and scavenger receptors is typical of alveolar macrophages.",0,1,YES,1
20540,AGCTCCTAGGGTCGAT-1-2,mast cell,"mast cell
All evidence confirms mast cell identity: high expression of tryptases (TPSAB1, TPSB2, TPSD1), CPA3, MS4A2, GATA2, HDC, HPGDS, and pathway scores strongly favor MCTC and MCT subtypes over basophils.",mast cell,"All evidence confirms mast cell identity: high expression of tryptases (TPSAB1, TPSB2, TPSD1), CPA3, MS4A2, GATA2, HDC, HPGDS, and pathway scores strongly favor MCTC and MCT subtypes over basophils.",1,1,YES,1
68029,CGAGAAGTCTTCCTTC-1-2,mast cell,"mast cell

The gene expression profile is definitive for mast cells, with high levels of tryptases (TPSAB1, TPSB2, TPSD1), CPA3, MS4A2, HDC, HPGDS, GATA2, KIT, and FCER1G. The pathway scores strongly favor mast cell subtypes (MCT and MCTC) over basophils. All lines of evidence confirm the stage-1 annotation.",mast cell,"The gene expression profile is definitive for mast cells, with high levels of tryptases (TPSAB1, TPSB2, TPSD1), CPA3, MS4A2, HDC, HPGDS, GATA2, KIT, and FCER1G. The pathway scores strongly favor mast cell subtypes (MCT and MCTC) over basophils. All lines of evidence confirm the stage-1 annotation.",1,1,YES,1
63686,GCAGTTACATAAGACA-1-0,mast cell,"mast cell
High expression of mast cell-specific markers (TPSAB1, TPSB2, TPSD1, CPA3, MS4A2, HDC, HPGDS, SIGLEC6, KIT, FCER1G) and high pathway scores for mast cell subtypes confirm mast cell identity.",mast cell,"High expression of mast cell-specific markers (TPSAB1, TPSB2, TPSD1, CPA3, MS4A2, HDC, HPGDS, SIGLEC6, KIT, FCER1G) and high pathway scores for mast cell subtypes confirm mast cell identity.",1,1,YES,1
31940,AGTGAGGCAGCGAACA-1-3,mast cell,"mast cell
The expression profile is dominated by mast cell-specific genes including tryptases (TPSAB1, TPSB2, TPSD1), MS4A2, CPA3, HDC, HPGDS, SIGLEC6, GATA2, KIT, and FCER1G. Pathway scores show very high MCTC and MCT activity, far exceeding eosinophils or basophils. This confirms the stage-1 annotation.",mast cell,"The expression profile is dominated by mast cell-specific genes including tryptases (TPSAB1, TPSB2, TPSD1), MS4A2, CPA3, HDC, HPGDS, SIGLEC6, GATA2, KIT, and FCER1G. Pathway scores show very high MCTC and MCT activity, far exceeding eosinophils or basophils. This confirms the stage-1 annotation.",1,1,YES,1
3061,TCGGGACAGGACATTA-1-3,mast cell,"mast cell
Top expressed genes and cell-specific markers (TPSAB1, TPSB2, CPA3, MS4A2, HDC, CTSG) are classic mast cell signatures. Pathway scores strongly favor connective tissue and mucosal mast cell programs. No basophil or eosinophil markers dominate, confirming the stage-1 annotation.",mast cell,"Top expressed genes and cell-specific markers (TPSAB1, TPSB2, CPA3, MS4A2, HDC, CTSG) are classic mast cell signatures. Pathway scores strongly favor connective tissue and mucosal mast cell programs. No basophil or eosinophil markers dominate, confirming the stage-1 annotation.",1,1,YES,1
38306,TTGACTTGTATGCTTG-1-3,mast cell,"mast cell
The expression profile shows classic mast cell markers (TPSAB1, TPSB2, CPA3, MS4A2, HDC, HPGDS, KIT) and high pathway scores for both connective tissue and mucosal mast cell subtypes, confirming mast cell identity.",mast cell,"The expression profile shows classic mast cell markers (TPSAB1, TPSB2, CPA3, MS4A2, HDC, HPGDS, KIT) and high pathway scores for both connective tissue and mucosal mast cell subtypes, confirming mast cell identity.",1,1,YES,1
37935,CAGGTGCTCTGCCAGG-1-3,mast cell,"mast cell
The gene expression profile shows canonical mast cell markers: tryptases (TPSAB1, TPSB2, TPSD1), CPA3, MS4A2, HDC, HPGDS, and KIT. Pathway scores strongly favor mast cell subtypes over basophil or eosinophil. No alternative cell type in the list matches this specific signature.",mast cell,"The gene expression profile shows canonical mast cell markers: tryptases (TPSAB1, TPSB2, TPSD1), CPA3, MS4A2, HDC, HPGDS, and KIT. Pathway scores strongly favor mast cell subtypes over basophil or eosinophil. No alternative cell type in the list matches this specific signature.",1,1,YES,1
8648,TGCCCATTCGTCCGTT-1-1,mast cell,"mast cell
Strong expression of mast cell-specific markers (TPSAB1, TPSB2, CPA3, HDC, MS4A2, GATA2, KIT) and high MCT/MCTC pathway scores confirm mast cell identity in nasal tissue.",mast cell,"Strong expression of mast cell-specific markers (TPSAB1, TPSB2, CPA3, HDC, MS4A2, GATA2, KIT) and high MCT/MCTC pathway scores confirm mast cell identity in nasal tissue.",1,1,YES,1
644,CCCTCCTAGAGGTTGC-1-3,mast cell,"mast cell
Strong expression of mast cell-specific markers (TPSAB1, TPSB2, CPA3, MS4A2, HDC, HPGDS, GATA2) and high pathway scores for MCTC and MCT confirm identity. No conflicting evidence.",mast cell,"Strong expression of mast cell-specific markers (TPSAB1, TPSB2, CPA3, MS4A2, HDC, HPGDS, GATA2) and high pathway scores for MCTC and MCT confirm identity. No conflicting evidence.",1,1,YES,1
7785,CAGCGACGTTTGGGCC-1-3,mast cell,"mast cell
High expression of mast cell-specific markers (TPSAB1, TPSB2, TPSD1, CPA3, MS4A2, HDC, HPGDS, GATA2) and top pathway scores for mast cell programs confirm identity as a mast cell in nasal tissue.",mast cell,"High expression of mast cell-specific markers (TPSAB1, TPSB2, TPSD1, CPA3, MS4A2, HDC, HPGDS, GATA2) and top pathway scores for mast cell programs confirm identity as a mast cell in nasal tissue.",1,1,YES,1
30793,GATCAGTCAAGGGTCA-1-3,mast cell,"Mast cell

The evidence strongly confirms a mast cell identity, with high expression of canonical markers including TPSAB1, TPSB2, CPA3, MS4A2, GATA2, and HDC. Pathway scores also rank MCTC and MCT mast cell programs as most active. No other cell type in the list matches this profile.",Mast cell,"The evidence strongly confirms a mast cell identity, with high expression of canonical markers including TPSAB1, TPSB2, CPA3, MS4A2, GATA2, and HDC. Pathway scores also rank MCTC and MCT mast cell programs as most active. No other cell type in the list matches this profile.",1,1,YES,1
67550,TCTGAGAGTCCGTTAA-1-3,mast cell,"mast cell
The expression profile is dominated by mast cell-specific markers: tryptases (TPSAB1, TPSB2, TPSD1), CPA3, MS4A2, HDC, HPGDS, SIGLEC6, GATA2, and KIT. Pathway scores for MCTC and MCT subtypes are high, while basophil score is lower. No evidence suggests a different cell type.",mast cell,"The expression profile is dominated by mast cell-specific markers: tryptases (TPSAB1, TPSB2, TPSD1), CPA3, MS4A2, HDC, HPGDS, SIGLEC6, GATA2, and KIT. Pathway scores for MCTC and MCT subtypes are high, while basophil score is lower. No evidence suggests a different cell type.",1,1,YES,1
69754,ACATCAGGTACAGTGG-1-4,mast cell,"mast cell
Strong expression of mast cell-specific genes (TPSAB1, TPSB2, CPA3, HDC, HPGDS, MS4A2, KIT) and high pathway scores for MCTC and MCT subtypes confirm mast cell identity. No conflicting evidence.",mast cell,"Strong expression of mast cell-specific genes (TPSAB1, TPSB2, CPA3, HDC, HPGDS, MS4A2, KIT) and high pathway scores for MCTC and MCT subtypes confirm mast cell identity. No conflicting evidence.",1,1,YES,1
7503,CGTGAGCGTCAGAATA-1-0,mast cell,"mast cell
High expression of mast cell markers TPSAB1, TPSB2, CPA3, MS4A2, HDC, HPGDS, and strong pathway scores for MCT and MCTC subtypes confirm mast cell identity. No evidence for alternative cell types.",mast cell,"High expression of mast cell markers TPSAB1, TPSB2, CPA3, MS4A2, HDC, HPGDS, and strong pathway scores for MCT and MCTC subtypes confirm mast cell identity. No evidence for alternative cell types.",1,1,YES,1
54534,TTCGAAGAGACCTAGG-1-4,mast cell,"mast cell
High expression of mast cell-specific markers (TPSAB1, TPSB2, CPA3, HDC, HPGDS, MS4A2) and high mast cell pathway scores (MCTC, MCT) confirm identity as a mast cell in nasal tissue.",mast cell,"High expression of mast cell-specific markers (TPSAB1, TPSB2, CPA3, HDC, HPGDS, MS4A2) and high mast cell pathway scores (MCTC, MCT) confirm identity as a mast cell in nasal tissue.",1,1,YES,1
8509,AACTCTTTCGTAGGTT-1-4,mast cell,"mast cell
Expression of tryptases (TPSAB1, TPSB2, TPSD1), CPA3, MS4A2, HDC, and HPGDS is strongly specific to mast cells. Pathway scores for connective tissue and mucosal mast cells are the highest, confirming mast cell identity.",mast cell,"Expression of tryptases (TPSAB1, TPSB2, TPSD1), CPA3, MS4A2, HDC, and HPGDS is strongly specific to mast cells. Pathway scores for connective tissue and mucosal mast cells are the highest, confirming mast cell identity.",1,1,YES,1
2906,CTCGGGACATATGGTC-1-2,mast cell,"mast cell
High expression of mast cell-specific genes (TPSAB1, TPSB2, CPA3, MS4A2, HDC, GATA2, KIT) across all metrics. Pathway scores strongly activate MCTC and MCT programs. The gene profile matches well-characterized mast cell markers, confirming the stage-1 annotation.",mast cell,"High expression of mast cell-specific genes (TPSAB1, TPSB2, CPA3, MS4A2, HDC, GATA2, KIT) across all metrics. Pathway scores strongly activate MCTC and MCT programs. The gene profile matches well-characterized mast cell markers, confirming the stage-1 annotation.",1,1,YES,1
66228,GAACCTATCGGAAATA-1-4,mast cell,"mast cell
The expression profile shows high levels of mast cell-specific markers including tryptases (TPSAB1, TPSB2, TPSD1), CPA3, MS4A2, HDC, HPGDS, GATA2, and KIT, with pathway scores strongly favoring mast cell programs (MCT, MCTC) over basophil or eosinophil. This confirms the stage-1 annotation.",mast cell,"The expression profile shows high levels of mast cell-specific markers including tryptases (TPSAB1, TPSB2, TPSD1), CPA3, MS4A2, HDC, HPGDS, GATA2, and KIT, with pathway scores strongly favoring mast cell programs (MCT, MCTC) over basophil or eosinophil. This confirms the stage-1 annotation.",1,1,YES,1
33178,AGTGAGGAGAAACGAG-1-1,mast cell,"mast cell
Strong expression of mast cell markers TPSAB1, TPSB2, CPA3, MS4A2, HDC, HPGDS, and KIT across all metrics. Pathway scores for MCTC and MCT are highest, confirming mast cell identity. No conflicting evidence for other cell types.",mast cell,"Strong expression of mast cell markers TPSAB1, TPSB2, CPA3, MS4A2, HDC, HPGDS, and KIT across all metrics. Pathway scores for MCTC and MCT are highest, confirming mast cell identity. No conflicting evidence for other cell types.",1,1,YES,1
71757,ATCCGAACAGTTTACG-1-4,mast cell,"mast cell
The expression profile is dominated by mast cell-specific markers (TPSAB1, TPSB2, CPA3, HDC, HPGDS, MS4A2, GATA2) and high pathway scores for both mucosal and connective tissue mast cell programs, confirming the stage-1 annotation.",mast cell,"The expression profile is dominated by mast cell-specific markers (TPSAB1, TPSB2, CPA3, HDC, HPGDS, MS4A2, GATA2) and high pathway scores for both mucosal and connective tissue mast cell programs, confirming the stage-1 annotation.",1,1,YES,1
61677,D339_Biop_Nas1_CACTCCAGTCACCCAG-1-7,mucus secreting cell,"nasal mucosa goblet cell
High expression of MUC5B, BPIFB2, ITLN1, and TFF3 is characteristic of nasal goblet cells. Pathway scoring strongly supports this identity (score +4.339). No evidence for other subtypes.",nasal mucosa goblet cell,"High expression of MUC5B, BPIFB2, ITLN1, and TFF3 is characteristic of nasal goblet cells. Pathway scoring strongly supports this identity (score +4.339). No evidence for other subtypes.",0,0,YES,1
58267,D339_Biop_Nas1_CTTAGGATCTTGGGTA-1-7,mucus secreting cell,"nasal mucosa goblet cell
High MUC5B, ITLN1, BPIFB2, TFF3, and PRR4 expression confirms nasal goblet cell identity. Pathway scores show strongest activation of MUC5B-high nasal goblet program. No conflicting markers from other cell types.",nasal mucosa goblet cell,"High MUC5B, ITLN1, BPIFB2, TFF3, and PRR4 expression confirms nasal goblet cell identity. Pathway scores show strongest activation of MUC5B-high nasal goblet program. No conflicting markers from other cell types.",0,0,YES,1
66900,D339_Biop_Nas1_CCAATCCCACTTACGA-1-7,mucus secreting cell,"Nasal mucosa goblet cell

High expression of MUC5B, ITLN1, BPIFB2, TFF3, and AGR2, along with the top pathway score for nasal goblet cells, strongly supports this identity. The z-score and TF-IDF lists further highlight goblet-specific markers. No conflicting evidence suggests a different cell type.",Nasal mucosa goblet cell,"High expression of MUC5B, ITLN1, BPIFB2, TFF3, and AGR2, along with the top pathway score for nasal goblet cells, strongly supports this identity. The z-score and TF-IDF lists further highlight goblet-specific markers. No conflicting evidence suggests a different cell type.",0,0,YES,1
31894,D322_Biop_Nas1_AGTCTTTCATCGTCGG-1-0,mucus secreting cell,"nasal mucosa goblet cell
High expression of MUC5B, TFF3, ITLN1, BPIFB2, and AGR2 strongly confirms goblet cell identity. Pathway scores indicate MUC5B-high goblet cell activity. Tissue context (nose) and specific markers (e.g., MSMB, AZGP1, PRR4) are consistent with nasal mucosa goblet cells.",nasal mucosa goblet cell,"High expression of MUC5B, TFF3, ITLN1, BPIFB2, and AGR2 strongly confirms goblet cell identity. Pathway scores indicate MUC5B-high goblet cell activity. Tissue context (nose) and specific markers (e.g., MSMB, AZGP1, PRR4) are consistent with nasal mucosa goblet cells.",0,0,YES,1
12797,D339_Biop_Nas1_AGATTGCTCTACCAGA-1-7,mucus secreting cell,"Nasal mucosa goblet cell
High expression of goblet cell markers MUC5B, ITLN1, and BPIFB2, plus strong pathway score for Nasal Goblet Cell, confirm identity as nasal mucosa goblet cell.",Nasal mucosa goblet cell,"High expression of goblet cell markers MUC5B, ITLN1, and BPIFB2, plus strong pathway score for Nasal Goblet Cell, confirm identity as nasal mucosa goblet cell.",0,0,YES,1
22286,D339_Biop_Nas1_TACGGATTCTGATTCT-1-7,mucus secreting cell,"nasal mucosa goblet cell
High expression of MUC5B, TFF3, AGR2, BPIFB2, and FCGBP along with strong pathway scores for goblet cell programs confirm a goblet cell identity. The tissue context (nose) and absence of alternative markers (e.g., ciliated or basal) further support the original annotation.",nasal mucosa goblet cell,"High expression of MUC5B, TFF3, AGR2, BPIFB2, and FCGBP along with strong pathway scores for goblet cell programs confirm a goblet cell identity. The tissue context (nose) and absence of alternative markers (e.g., ciliated or basal) further support the original annotation.",0,0,YES,1
36268,D339_Biop_Nas1_CATCCACAGTTTGCGT-1-7,mucus secreting cell,"nasal mucosa goblet cell
High expression of MUC5B, ITLN1, TFF3, and other secretory genes (BPIFB2, FCGBP, AGR2) confirms mucus-secreting goblet cell identity. Pathway scores strongly favor submucosal goblet cell over serous or surface goblet, consistent with nasal mucosa origin.",nasal mucosa goblet cell,"High expression of MUC5B, ITLN1, TFF3, and other secretory genes (BPIFB2, FCGBP, AGR2) confirms mucus-secreting goblet cell identity. Pathway scores strongly favor submucosal goblet cell over serous or surface goblet, consistent with nasal mucosa origin.",0,0,YES,1
14670,D339_Biop_Nas1_GGCTGGTTCGTGGACC-1-7,mucus secreting cell,"nasal mucosa goblet cell
High expression of MUC5B, ITLN1, BPIFB2, TFF3, and AGR2 strongly supports mucus-secreting goblet identity. Pathway scores confirm MUC5B-high goblet cell activity. This lineage is consistent with nasal mucosa context.",nasal mucosa goblet cell,"High expression of MUC5B, ITLN1, BPIFB2, TFF3, and AGR2 strongly supports mucus-secreting goblet identity. Pathway scores confirm MUC5B-high goblet cell activity. This lineage is consistent with nasal mucosa context.",0,0,YES,1
36400,D339_Biop_Nas1_TGCGGGTCAAAGGAAG-1-7,mucus secreting cell,"nasal mucosa goblet cell
High expression of MUC5B, BPIFB2, ITLN1, TFF3, and AGR2 confirms a mucus-secreting goblet cell. Tissue context (nose) and high pathway scores for nasal goblet cell programs, particularly MUC5AC-high, support the stage-1 annotation. No markers for ciliated, club, or other cell types are prominent.",nasal mucosa goblet cell,"High expression of MUC5B, BPIFB2, ITLN1, TFF3, and AGR2 confirms a mucus-secreting goblet cell. Tissue context (nose) and high pathway scores for nasal goblet cell programs, particularly MUC5AC-high, support the stage-1 annotation. No markers for ciliated, club, or other cell types are prominent.",0,0,YES,1
48678,D339_Biop_Nas1_ATTGGACGTATGGTTC-1-7,mucus secreting cell,"nasal mucosa goblet cell

High expression of MUC5B, ITLN1, BPIFB2, TFF3, and AGR2 along with strong pathway score for MUC5B-high goblet cells confirms the identity. The absence of MUC5AC or club cell markers supports classification as a nasal mucosa goblet cell rather than other subtypes.",nasal mucosa goblet cell,"High expression of MUC5B, ITLN1, BPIFB2, TFF3, and AGR2 along with strong pathway score for MUC5B-high goblet cells confirms the identity. The absence of MUC5AC or club cell markers supports classification as a nasal mucosa goblet cell rather than other subtypes.",0,0,YES,1
36942,D339_Biop_Nas1_TGGTTAGGTCGGCACT-1-7,mucus secreting cell,"nasal mucosa goblet cell
High expression of MUC5B, ITLN1, BPIFB2, TFF3, and FCGBP, along with strong pathway enrichment for nasal goblet cell (+3.956), confirms mucus-secreting identity. No evidence suggests an alternative subtype.",nasal mucosa goblet cell,"High expression of MUC5B, ITLN1, BPIFB2, TFF3, and FCGBP, along with strong pathway enrichment for nasal goblet cell (+3.956), confirms mucus-secreting identity. No evidence suggests an alternative subtype.",0,0,YES,1
77052,D339_Biop_Nas1_TGAGGGAAGACCACGA-1-7,mucus secreting cell,"nasal mucosa goblet cell
High expression of MUC5B, BPIFB2, TFF3, and AGR2, plus strong pathway score for ""Nasal goblet cell (MUC5B-high)"" and tissue context of nose, confirm the annotation.",nasal mucosa goblet cell,"High expression of MUC5B, BPIFB2, TFF3, and AGR2, plus strong pathway score for ""Nasal goblet cell (MUC5B-high)"" and tissue context of nose, confirm the annotation.",0,0,YES,1
21365,D339_Biop_Nas1_CTCAGAATCAAACCGT-1-7,mucus secreting cell,"serous secreting cell
The top-ranked pathway score is ""Serous cell"" (+2.115), outperforming both goblet cell subtypes. Highly expressed genes (MSMB, BPIFB2, AZGP1, PRR4, STATH, SCGB3A1) and high-specificity markers (ITLN1, PLA2G2A, BPIFB2) are characteristic of nasal serous cells, not goblet cells. MUC5B is present but lower, and the overall profile aligns with serous secretion.",serous secreting cell,"The top-ranked pathway score is ""Serous cell"" (+2.115), outperforming both goblet cell subtypes. Highly expressed genes (MSMB, BPIFB2, AZGP1, PRR4, STATH, SCGB3A1) and high-specificity markers (ITLN1, PLA2G2A, BPIFB2) are characteristic of nasal serous cells, not goblet cells. MUC5B is present but lower, and the overall profile aligns with serous secretion.",0,1,NO,0
60234,D339_Biop_Nas1_TAAGTGCCACCGATAT-1-7,mucus secreting cell,"nasal mucosa goblet cell
High MUC5B, TFF3, BPIFB2, and MSMB expression, plus strong activation of both MUC5AC+ and MUC5B+ goblet programs, confirm goblet identity. Absence of ciliated, basal, or serous markers supports nasal mucosa origin, consistent with stage-1 annotation.",nasal mucosa goblet cell,"High MUC5B, TFF3, BPIFB2, and MSMB expression, plus strong activation of both MUC5AC+ and MUC5B+ goblet programs, confirm goblet identity. Absence of ciliated, basal, or serous markers supports nasal mucosa origin, consistent with stage-1 annotation.",0,0,YES,1
76979,D339_Biop_Nas1_TGGCGCATCCATGCTC-1-7,mucus secreting cell,"nasal mucosa goblet cell
High expression of MUC5B, TFF3, AGR2, BPIFB2, and ITLN1, combined with top z-scores and TF-IDF for these genes, plus a strong pathway score for nasal goblet cell (2.684), confirms mucus-secreting identity in nasal epithelium.",nasal mucosa goblet cell,"High expression of MUC5B, TFF3, AGR2, BPIFB2, and ITLN1, combined with top z-scores and TF-IDF for these genes, plus a strong pathway score for nasal goblet cell (2.684), confirms mucus-secreting identity in nasal epithelium.",0,0,YES,1
27614,D339_Biop_Nas1_CCGGGATTCTGTCTAT-1-7,mucus secreting cell,"nasal mucosa goblet cell
High expression of MUC5B, BPIFB2, ITLN1, PLA2G2A, TFF3, and AGR2, combined with the highest pathway score for nasal goblet cell, confirms this identity. No markers of other cell types (e.g., serous, ciliated, club) are elevated.",nasal mucosa goblet cell,"High expression of MUC5B, BPIFB2, ITLN1, PLA2G2A, TFF3, and AGR2, combined with the highest pathway score for nasal goblet cell, confirms this identity. No markers of other cell types (e.g., serous, ciliated, club) are elevated.",0,0,YES,1
30661,D339_Biop_Nas1_GATCAGTGTGTTAAGA-1-7,mucus secreting cell,"nasal mucosa goblet cell
High expression of MUC5B, BPIFB2, ITLN1, TFF3, AGR2, and FCGBP, along with strong pathway scores for nasal surface and submucosal gland goblet cells (2.152 and 1.205), confirm the stage-1 annotation. The top cell-specific and TF-IDF genes overlap known goblet cell markers, and the tissue context is nasal mucosa, matching the exact cell type name in the list.",nasal mucosa goblet cell,"High expression of MUC5B, BPIFB2, ITLN1, TFF3, AGR2, and FCGBP, along with strong pathway scores for nasal surface and submucosal gland goblet cells (2.152 and 1.205), confirm the stage-1 annotation. The top cell-specific and TF-IDF genes overlap known goblet cell markers, and the tissue context is nasal mucosa, matching the exact cell type name in the list.",0,0,YES,1
39517,D372_Brus_Nas1_TAAACCGAGCTCAACT-1-31,mucus secreting cell,"nasal mucosa goblet cell
High expression of MUC5B, ITLN1, PLA2G2A, BPIFB2, TFF3, and AGR2 matches nasal goblet cell markers. Pathway scores show strong activation of goblet cell programs, especially the MUC5B-high subtype. No conflicting markers for ciliated or serous cells.",nasal mucosa goblet cell,"High expression of MUC5B, ITLN1, PLA2G2A, BPIFB2, TFF3, and AGR2 matches nasal goblet cell markers. Pathway scores show strong activation of goblet cell programs, especially the MUC5B-high subtype. No conflicting markers for ciliated or serous cells.",0,0,YES,1
53903,D339_Biop_Nas1_TTGAACGGTTGTGGCC-1-7,mucus secreting cell,"nasal mucosa goblet cell
Top genes (MUC5B, ITLN1, BPIFB2, PRR4, TFF3) and strong MUC5B-high pathway score confirm goblet cell identity. Tissue context (nose) and absence of bronchial-specific markers support nasal mucosa subtype.",nasal mucosa goblet cell,"Top genes (MUC5B, ITLN1, BPIFB2, PRR4, TFF3) and strong MUC5B-high pathway score confirm goblet cell identity. Tissue context (nose) and absence of bronchial-specific markers support nasal mucosa subtype.",0,0,YES,1
7578,D339_Biop_Nas1_CTACGTCTCGACAGCC-1-7,mucus secreting cell,"nasal mucosa goblet cell
High expression of MUC5B, ITLN1, BPIFB2, TFF3, AGR2, and other goblet cell markers, with strong specificity scores (z-score, TF-IDF) and pathway enrichment for nasal goblet cell programs, confirms the annotation. Tissue context (nose) further supports this specific subtype.",nasal mucosa goblet cell,"High expression of MUC5B, ITLN1, BPIFB2, TFF3, AGR2, and other goblet cell markers, with strong specificity scores (z-score, TF-IDF) and pathway enrichment for nasal goblet cell programs, confirms the annotation. Tissue context (nose) further supports this specific subtype.",0,0,YES,1
54606,GGACAGACAGTCCTTC-1-0,multiciliated columnar cell of tracheobronchial tree,"multiciliated epithelial cell
The top raw expression and highly specific z-score genes (CFAP157, LRRC46, ODAD1, DNAH5, FOXJ1, SPAG6) are all cilia-related, strongly supporting a multiciliated epithelial identity. The pathway score for ciliated_epithelial_cell is the highest (+0.636), confirming this subtype in the nasal mucosa.",multiciliated epithelial cell,"The top raw expression and highly specific z-score genes (CFAP157, LRRC46, ODAD1, DNAH5, FOXJ1, SPAG6) are all cilia-related, strongly supporting a multiciliated epithelial identity. The pathway score for ciliated_epithelial_cell is the highest (+0.636), confirming this subtype in the nasal mucosa.",0,1,YES,1
14451,CTTTGCGAGATCGATA-1-4,multiciliated columnar cell of tracheobronchial tree,"multiciliated epithelial cell
Top specific genes are enriched for ciliary and motility components (DNAH5, DNAH9, FOXJ1, CFAP43, SPAG6), and the mature multiciliated epithelial cell pathway score is high (+0.572), confirming this identity in the nasal epithelium.",multiciliated epithelial cell,"Top specific genes are enriched for ciliary and motility components (DNAH5, DNAH9, FOXJ1, CFAP43, SPAG6), and the mature multiciliated epithelial cell pathway score is high (+0.572), confirming this identity in the nasal epithelium.",0,1,YES,1
49658,CAACCTCTCGTCCGTT-1-6,multiciliated columnar cell of tracheobronchial tree,"multiciliated epithelial cell
Top specific markers (FOXJ1, DNAH5, DNAH9, SPAG6, CFAPs) and strong pathway score for mature multiciliated cell confirm the stage-1 annotation.",multiciliated epithelial cell,"Top specific markers (FOXJ1, DNAH5, DNAH9, SPAG6, CFAPs) and strong pathway score for mature multiciliated cell confirm the stage-1 annotation.",0,1,YES,1
38303,TTAGGCACACACCGAC-1-6,multiciliated columnar cell of tracheobronchial tree,"multiciliated columnar cell of tracheobronchial tree

The top cell-specific genes (e.g., DNAH5, DNAH9, CFAP43, FOXJ1) and pathway scores strongly indicate a ciliated columnar cell, typical of multiciliated epithelium in the respiratory tract. While the nose is not tracheobronchial, nasal multiciliated cells are analogous, and the most specific match in the list is this subtype.",multiciliated columnar cell of tracheobronchial tree,"The top cell-specific genes (e.g., DNAH5, DNAH9, CFAP43, FOXJ1) and pathway scores strongly indicate a ciliated columnar cell, typical of multiciliated epithelium in the respiratory tract. While the nose is not tracheobronchial, nasal multiciliated cells are analogous, and the most specific match in the list is this subtype.",1,1,YES,1
6009,CGGAGTCTCCTCGCAT-1-4,multiciliated columnar cell of tracheobronchial tree,"multiciliated epithelial cell
The evidence strongly supports a multiciliated epithelial cell: top z-score genes (CFAP157, DNAH9, FOXJ1) and TF-IDF genes (CIMIP1, SPAG6) are classic motile cilia markers, and the pathway score for this subtype is the highest (+0.631). The nose context aligns with respiratory epithelium. Other epithelial types (club, goblet, basal) have negative scores, confirming this identity.",multiciliated epithelial cell,"The evidence strongly supports a multiciliated epithelial cell: top z-score genes (CFAP157, DNAH9, FOXJ1) and TF-IDF genes (CIMIP1, SPAG6) are classic motile cilia markers, and the pathway score for this subtype is the highest (+0.631). The nose context aligns with respiratory epithelium. Other epithelial types (club, goblet, basal) have negative scores, confirming this identity.",0,1,YES,1
57658,CTTAGGAAGCGATGAC-1-6,multiciliated columnar cell of tracheobronchial tree,"multiciliated columnar cell of tracheobronchial tree
Top z-score and TF-IDF genes are dominated by cilia-related markers (e.g., CFAP157, DNAH9, FOXJ1, SPAG6), and pathway scores strongly favor multiciliated columnar cell type 1, confirming the stage-1 annotation.",multiciliated columnar cell of tracheobronchial tree,"Top z-score and TF-IDF genes are dominated by cilia-related markers (e.g., CFAP157, DNAH9, FOXJ1, SPAG6), and pathway scores strongly favor multiciliated columnar cell type 1, confirming the stage-1 annotation.",1,1,YES,1
16123,CGTGTCTCATCCCACT-1-6,multiciliated columnar cell of tracheobronchial tree,"multiciliated columnar cell of tracheobronchial tree
High expression of cilia-related genes (FOXJ1, DNAH5, DNAH9, CFAP157) and top pathway score for mature multiciliated cells confirm this identity. Despite nose tissue, markers match tracheobronchial multiciliated cells.",multiciliated columnar cell of tracheobronchial tree,"High expression of cilia-related genes (FOXJ1, DNAH5, DNAH9, CFAP157) and top pathway score for mature multiciliated cells confirm this identity. Despite nose tissue, markers match tracheobronchial multiciliated cells.",1,1,YES,1
43432,AGCTCTCAGGAGCGTT-1-3,multiciliated columnar cell of tracheobronchial tree,"multiciliated epithelial cell

The evidence strongly supports multiciliated epithelial cell identity: top cell-specific genes (e.g., CFAP157, DNAH9, FOXJ1, SPAG6) and pathway scores (+0.570) all reflect ciliated cell biology. The tissue context (nose) aligns with this general annotation; there is no specific indication of tracheobronchial subtype or brush cell markers.",multiciliated epithelial cell,"The evidence strongly supports multiciliated epithelial cell identity: top cell-specific genes (e.g., CFAP157, DNAH9, FOXJ1, SPAG6) and pathway scores (+0.570) all reflect ciliated cell biology. The tissue context (nose) aligns with this general annotation; there is no specific indication of tracheobronchial subtype or brush cell markers.",0,1,YES,1
50983,TGCGGGTGTGTGCCTG-1-6,multiciliated columnar cell of tracheobronchial tree,"multiciliated columnar cell of tracheobronchial tree
Strong expression of cilia-associated genes (FOXJ1, DNAH5, CFAP43, etc.) and high pathway score for multiciliated cell mature (+0.651) confirm this identity. Tissue (nose) is consistent with airway multiciliated epithelium.",multiciliated columnar cell of tracheobronchial tree,"Strong expression of cilia-associated genes (FOXJ1, DNAH5, CFAP43, etc.) and high pathway score for multiciliated cell mature (+0.651) confirm this identity. Tissue (nose) is consistent with airway multiciliated epithelium.",1,1,YES,1
41922,ACCTTTAAGGTGCTTT-1-4,multiciliated columnar cell of tracheobronchial tree,"multiciliated epithelial cell
Top genes (CFAP157, DNAH9, FOXJ1, SPAG6) and pathway scores strongly support a mature multiciliated cell identity in the nasal epithelium.",multiciliated epithelial cell,"Top genes (CFAP157, DNAH9, FOXJ1, SPAG6) and pathway scores strongly support a mature multiciliated cell identity in the nasal epithelium.",0,1,NO,0
62804,GATCTAGAGGCAATTA-1-6,multiciliated columnar cell of tracheobronchial tree,"multiciliated epithelial cell
High expression of motile cilia genes (CFAP157, DNAH9, FOXJ1, SPAG6) and strong pathway score (+0.712) for mature multiciliated cell confirm the stage-1 annotation; no evidence of other cell types.",multiciliated epithelial cell,"High expression of motile cilia genes (CFAP157, DNAH9, FOXJ1, SPAG6) and strong pathway score (+0.712) for mature multiciliated cell confirm the stage-1 annotation; no evidence of other cell types.",0,1,YES,1
22629,AGTGGGACAATCCGAT-1-6,multiciliated columnar cell of tracheobronchial tree,"multiciliated columnar cell of tracheobronchial tree
Strong cilia gene markers (FOXJ1, DNAH5, DNAH9, CFAP43, SPAG6) and pathway score (+0.602 for ciliated columnar epithelial) confirm a multiciliated columnar phenotype, more specific than general multiciliated epithelial cell.",multiciliated columnar cell of tracheobronchial tree,"Strong cilia gene markers (FOXJ1, DNAH5, DNAH9, CFAP43, SPAG6) and pathway score (+0.602 for ciliated columnar epithelial) confirm a multiciliated columnar phenotype, more specific than general multiciliated epithelial cell.",1,1,YES,1
41790,AACCATGCAATTGCTG-1-6,multiciliated columnar cell of tracheobronchial tree,"multiciliated epithelial cell
High expression of cilia-related genes (FOXJ1, DNAH5, DNAH9, SPAG6, etc.) and top pathway score for mature multiciliated cell (+0.568) confirm this is a multiciliated epithelial cell. While the stage-1 annotation specified tracheobronchial tree, the tissue context is nose, so the broader term is more accurate.",multiciliated epithelial cell,"High expression of cilia-related genes (FOXJ1, DNAH5, DNAH9, SPAG6, etc.) and top pathway score for mature multiciliated cell (+0.568) confirm this is a multiciliated epithelial cell. While the stage-1 annotation specified tracheobronchial tree, the tissue context is nose, so the broader term is more accurate.",0,1,YES,1
74344,AGTCTTTTCGCGTTTC-1-4,multiciliated columnar cell of tracheobronchial tree,"multiciliated epithelial cell
The z-score and TF-IDF gene lists are dominated by motile cilia markers (FOXJ1, DNAH5, DNAH9, CFAP157, etc.), and the pathway score for mature ciliated columnar epithelial cell is strongly positive, confirming the stage-1 annotation for nasal tissue.",multiciliated epithelial cell,"The z-score and TF-IDF gene lists are dominated by motile cilia markers (FOXJ1, DNAH5, DNAH9, CFAP157, etc.), and the pathway score for mature ciliated columnar epithelial cell is strongly positive, confirming the stage-1 annotation for nasal tissue.",0,1,YES,1
2805,ACGGGCTTCCGAACGC-1-4,multiciliated columnar cell of tracheobronchial tree,"multiciliated epithelial cell
Top cell-specific genes (e.g., CFAP157, DNAH5, FOXJ1) and high ciliated epithelial pathway score confirm motile cilia expression, characteristic of nasal multiciliated epithelial cells.",multiciliated epithelial cell,"Top cell-specific genes (e.g., CFAP157, DNAH5, FOXJ1) and high ciliated epithelial pathway score confirm motile cilia expression, characteristic of nasal multiciliated epithelial cells.",0,1,YES,1
60100,AGGGAGTCACCAGTTA-1-3,multiciliated columnar cell of tracheobronchial tree,"multiciliated epithelial cell
The top cell-specific genes (FOXJ1, DNAH5, DNAH9, CFAP43, SPAG6, etc.) and pathway scores (+0.612 for ciliated epithelial cell) strongly confirm a multiciliated cell in the nasal epithelium. No evidence supports goblet, basal, or other subtypes.",multiciliated epithelial cell,"The top cell-specific genes (FOXJ1, DNAH5, DNAH9, CFAP43, SPAG6, etc.) and pathway scores (+0.612 for ciliated epithelial cell) strongly confirm a multiciliated cell in the nasal epithelium. No evidence supports goblet, basal, or other subtypes.",0,1,YES,1
16160,CGTAGCGAGCAGGTCA-1-2,multiciliated columnar cell of tracheobronchial tree,"multiciliated epithelial cell
The top genes (FOXJ1, DNAH5, CFAP43, SPAG6, etc.) and high pathway score for classical multiciliated cell confirm the stage-1 annotation. While nasal ciliated cells are similar to tracheobronchial counterparts, the generic term ""multiciliated epithelial cell"" matches both the tissue context and evidence.",multiciliated epithelial cell,"The top genes (FOXJ1, DNAH5, CFAP43, SPAG6, etc.) and high pathway score for classical multiciliated cell confirm the stage-1 annotation. While nasal ciliated cells are similar to tracheobronchial counterparts, the generic term ""multiciliated epithelial cell"" matches both the tissue context and evidence.",0,1,YES,1
65762,TACCTATCATGCAATC-1-4,multiciliated columnar cell of tracheobronchial tree,"multiciliated epithelial cell

The gene expression profile is dominated by ciliary components (FOXJ1, DNAH5, DNAH9, CFAP43, etc.) and pathway scores strongly favor nasal multiciliated cell programs. While the stage-1 annotation specifies tracheobronchial tree, the tissue context is nose; the broader term ""multiciliated epithelial cell"" accurately captures the cell type without anatomical misattribution.",multiciliated epithelial cell,"The gene expression profile is dominated by ciliary components (FOXJ1, DNAH5, DNAH9, CFAP43, etc.) and pathway scores strongly favor nasal multiciliated cell programs. While the stage-1 annotation specifies tracheobronchial tree, the tissue context is nose; the broader term ""multiciliated epithelial cell"" accurately captures the cell type without anatomical misattribution.",0,1,YES,1
39516,GACCAATCATCTACGA-1-6,multiciliated columnar cell of tracheobronchial tree,"multiciliated epithelial cell
High expression of cilia-specific genes (DNAH5, DNAH9, FOXJ1, SPAG6) and strong pathway scores for ciliated types confirm multiciliated epithelial cell identity in nasal mucosa.",multiciliated epithelial cell,"High expression of cilia-specific genes (DNAH5, DNAH9, FOXJ1, SPAG6) and strong pathway scores for ciliated types confirm multiciliated epithelial cell identity in nasal mucosa.",0,1,YES,1
47179,CGCGTTTTCACTTCAT-1-4,multiciliated columnar cell of tracheobronchial tree,"multiciliated epithelial cell

The top specificity genes (CFAP157, DNAH9, FOXJ1, SPAG6, etc.) and TF-IDF (CIMIP1, TPPP3, RSPH1, DNAH5) are hallmarks of multiciliated cells. Pathway scores strongly favor multiciliated cells (+0.723) over other nasal lineages. While nasal epithelium includes multiciliated cells, the generic label fits best without specifying tracheobronchial subtype.",multiciliated epithelial cell,"The top specificity genes (CFAP157, DNAH9, FOXJ1, SPAG6, etc.) and TF-IDF (CIMIP1, TPPP3, RSPH1, DNAH5) are hallmarks of multiciliated cells. Pathway scores strongly favor multiciliated cells (+0.723) over other nasal lineages. While nasal epithelium includes multiciliated cells, the generic label fits best without specifying tracheobronchial subtype.",0,1,YES,1
34538,ATAAGAGTCTGGCGT_GRO-03_nasal_brush,multiciliated epithelial cell,"multiciliated epithelial cell
The top expressed and specific genes (e.g., CFAP95, CCDC74A, TPPP3, CAPS, DYNLT2B) are canonical markers of multiciliated cells, and the pathway score strongly supports this identity. No evidence of goblet, club, or brush cell markers is present, confirming the stage-1 annotation is accurate for the nasal tissue context.",multiciliated epithelial cell,"The top expressed and specific genes (e.g., CFAP95, CCDC74A, TPPP3, CAPS, DYNLT2B) are canonical markers of multiciliated cells, and the pathway score strongly supports this identity. No evidence of goblet, club, or brush cell markers is present, confirming the stage-1 annotation is accurate for the nasal tissue context.",1,1,YES,1
40375,D353_Brus_Nas1_GCAGTTACAATAACGA-1-16,multiciliated epithelial cell,"multiciliated epithelial cell
The gene expression profile (CDC20B, CFAP95, TPPP3, DYNLT2B, etc.) and pathway scores (mature ciliated epithelial cell program highest) strongly confirm the stage-1 annotation. This cell type is appropriate for nasal mucosa.",multiciliated epithelial cell,"The gene expression profile (CDC20B, CFAP95, TPPP3, DYNLT2B, etc.) and pathway scores (mature ciliated epithelial cell program highest) strongly confirm the stage-1 annotation. This cell type is appropriate for nasal mucosa.",1,1,YES,1
3735,CAAACTGTATATGA_GRO-03_nasal_brush,multiciliated epithelial cell,"multiciliated epithelial cell
Strong expression of cilia-associated genes (CAPS, CDC20B, CFAP95, TPPP3, DYNLT2B) and high pathway score for mature multiciliated cell confirm identity as multiciliated epithelial cell of nasal mucosa.",multiciliated epithelial cell,"Strong expression of cilia-associated genes (CAPS, CDC20B, CFAP95, TPPP3, DYNLT2B) and high pathway score for mature multiciliated cell confirm identity as multiciliated epithelial cell of nasal mucosa.",1,1,YES,1
60776,TGACAACTCACTTATC-1-1,multiciliated epithelial cell,"multiciliated epithelial cell
High expression of cilia-associated genes (CDC20B, CFAP95, DYNLT2B, TPPP3, etc.) and a strong pathway score for mature multiciliated cell (+0.570) confirm the stage-1 annotation. These markers are well-established for multiciliated epithelial cells in the nasal epithelium.",multiciliated epithelial cell,"High expression of cilia-associated genes (CDC20B, CFAP95, DYNLT2B, TPPP3, etc.) and a strong pathway score for mature multiciliated cell (+0.570) confirm the stage-1 annotation. These markers are well-established for multiciliated epithelial cells in the nasal epithelium.",1,1,YES,1
72706,AGGTCCGTCGGCCGAT_GRO-04_nasal_brush,multiciliated epithelial cell,"multiciliated epithelial cell
Top cell-specific genes (e.g., CFAP95, CFAP126, DYNLT2B, TPPP3) and high pathway score for mature ciliated cell confirm a multiciliated epithelial identity. No goblet or basal markers override this.",multiciliated epithelial cell,"Top cell-specific genes (e.g., CFAP95, CFAP126, DYNLT2B, TPPP3) and high pathway score for mature ciliated cell confirm a multiciliated epithelial identity. No goblet or basal markers override this.",1,1,YES,1
43975,AACACGTTCATGCTCC_GRO-09_nasal_brush,multiciliated epithelial cell,"multiciliated epithelial cell

The top genes by raw expression, z-score, and TF-IDF include multiple cilia-related markers (CFAP95, CFAP126, CCDC74A, TPPP3, DYDC2, EFCAB10, CAPS, SPMIP6, etc.) and the pathway score strongly favors mature multiciliated cell (+0.620). The nasal tissue context is consistent with this broad classification, as the specific subtype “multiciliated columnar cell of tracheobronchial tree” is anatomically more lower airway. Thus, the stage-1 annotation is confirmed.",multiciliated epithelial cell,"The top genes by raw expression, z-score, and TF-IDF include multiple cilia-related markers (CFAP95, CFAP126, CCDC74A, TPPP3, DYDC2, EFCAB10, CAPS, SPMIP6, etc.) and the pathway score strongly favors mature multiciliated cell (+0.620). The nasal tissue context is consistent with this broad classification, as the specific subtype “multiciliated columnar cell of tracheobronchial tree” is anatomically more lower airway. Thus, the stage-1 annotation is confirmed.",1,1,YES,1
6839,D363_Brus_Nas1_AGAATAGAGTACGCGA-1-23,multiciliated epithelial cell,"multiciliated epithelial cell
The top cell-specific genes (CDC20B, CFAP95, TPPP3, DYNLT2B, etc.) and high ciliated pathway scores confirm a multiciliated cell. In nasal mucosa, this corresponds to multiciliated epithelial cells lining the airways.",multiciliated epithelial cell,"The top cell-specific genes (CDC20B, CFAP95, TPPP3, DYNLT2B, etc.) and high ciliated pathway scores confirm a multiciliated cell. In nasal mucosa, this corresponds to multiciliated epithelial cells lining the airways.",1,1,YES,1
46193,ATGGGAGCAGCTGGCT_GRO-09_nasal_brush,multiciliated epithelial cell,"multiciliated epithelial cell
The top cell-specific genes (CFAP95, CDC20B, TPPP3, DYNLT2B, DYDC2, EFCAB10) are classic cilia markers, and the pathway score for multiciliated epithelial cells is strongly positive (+0.629), while other epithelial subtypes are negative, confirming the stage-1 annotation.",multiciliated epithelial cell,"The top cell-specific genes (CFAP95, CDC20B, TPPP3, DYNLT2B, DYDC2, EFCAB10) are classic cilia markers, and the pathway score for multiciliated epithelial cells is strongly positive (+0.629), while other epithelial subtypes are negative, confirming the stage-1 annotation.",1,1,YES,1
77707,TGGCCAGAGATGGCGT_GRO-09_nasal_brush,multiciliated epithelial cell,"multiciliated epithelial cell
Top genes include multiple cilia-associated markers (CFAP95, CFAP126, CCDC74A, TPPP3, CDC20B, EFCAB10) and pathway score strongly supports ciliated respiratory epithelial cell. In the nose, this corresponds to a multiciliated epithelial cell, not specifically tracheobronchial. The gene expression profile and z-scores confirm the stage-1 annotation.",multiciliated epithelial cell,"Top genes include multiple cilia-associated markers (CFAP95, CFAP126, CCDC74A, TPPP3, CDC20B, EFCAB10) and pathway score strongly supports ciliated respiratory epithelial cell. In the nose, this corresponds to a multiciliated epithelial cell, not specifically tracheobronchial. The gene expression profile and z-scores confirm the stage-1 annotation.",1,1,YES,1
61968,GGAGCAACAAGCGTAG_GRO-10_nasal_brush,multiciliated epithelial cell,"multiciliated epithelial cell
High expression of cilia/flagella-associated genes (CFAP95, CFAP126, CDC20B, TPPP3, DYNLT2B, etc.) and positive pathway scores for multiciliated cell types confirm a multiciliated epithelial cell in the nasal mucosa. No evidence for goblet or basal cell identity.",multiciliated epithelial cell,"High expression of cilia/flagella-associated genes (CFAP95, CFAP126, CDC20B, TPPP3, DYNLT2B, etc.) and positive pathway scores for multiciliated cell types confirm a multiciliated epithelial cell in the nasal mucosa. No evidence for goblet or basal cell identity.",1,1,YES,1
12791,AGGCCACCATCAGTAC-1-1,multiciliated epithelial cell,"multiciliated epithelial cell
Top cilia genes (CDC20B, CFAP95, DYNLT2B, TPPP3) and high pathway score for multiciliated epithelial cell (0.487) confirm identity. Tissue (nose) supports this general term rather than tracheobronchial-specific subtype.",multiciliated epithelial cell,"Top cilia genes (CDC20B, CFAP95, DYNLT2B, TPPP3) and high pathway score for multiciliated epithelial cell (0.487) confirm identity. Tissue (nose) supports this general term rather than tracheobronchial-specific subtype.",1,1,YES,1
46054,AGCTCTCGTACCGCT_GRO-04_nasal_brush,multiciliated epithelial cell,"multiciliated epithelial cell
The top expressed and cell-specific genes (CFAP95, CFAP126, CDC20B, DYNLT2B, TPPP3, etc.) are classic cilia markers. The pathway score for multiciliated epithelial cell is strongly positive (+0.549), while all others are near zero or negative. This confirms the stage-1 annotation for nasal tissue.",multiciliated epithelial cell,"The top expressed and cell-specific genes (CFAP95, CFAP126, CDC20B, DYNLT2B, TPPP3, etc.) are classic cilia markers. The pathway score for multiciliated epithelial cell is strongly positive (+0.549), while all others are near zero or negative. This confirms the stage-1 annotation for nasal tissue.",1,1,YES,1
19583,TTAGGCACAGGTGCCT_GRO-04_nasal_brush,multiciliated epithelial cell,"multiciliated epithelial cell
Top cell-specific genes (DYNLT2B, CDC20B, CFAP95, TPPP3, AGR3, CFAP126, etc.) are classic cilia markers, and the pathway score for multiciliated epithelial cell is highest (+0.684). This is consistent with nasal epithelium, where ciliated cells are abundant for mucociliary clearance. No more specific nasal ciliated subtype is available in the list, so the stage-1 annotation is confirmed.",multiciliated epithelial cell,"Top cell-specific genes (DYNLT2B, CDC20B, CFAP95, TPPP3, AGR3, CFAP126, etc.) are classic cilia markers, and the pathway score for multiciliated epithelial cell is highest (+0.684). This is consistent with nasal epithelium, where ciliated cells are abundant for mucociliary clearance. No more specific nasal ciliated subtype is available in the list, so the stage-1 annotation is confirmed.",1,1,YES,1
48022,AATCGGTGTTGCGCAC_GRO-04_nasal_brush,multiciliated epithelial cell,"multiciliated epithelial cell

The top cell-specific markers (e.g., CFAP95, CFAP126, TPPP3, DYNLT2B) and pathway scores (ciliated type 1 and 2 strongly active) confirm a multiciliated cell in nasal respiratory epithelium. No evidence points to a more specific tracheobronchial subtype or other cell type.",multiciliated epithelial cell,"The top cell-specific markers (e.g., CFAP95, CFAP126, TPPP3, DYNLT2B) and pathway scores (ciliated type 1 and 2 strongly active) confirm a multiciliated cell in nasal respiratory epithelium. No evidence points to a more specific tracheobronchial subtype or other cell type.",1,1,YES,1
12399,CACTGTCAATGTC_GRO-04_nasal_brush,multiciliated epithelial cell,"multiciliated epithelial cell
Top cell-specific genes (CAPS, TPPP3, CFAP95/126, DYDC2, RSPH1) and pathway scores strongly indicate a mature multiciliated cell. The nasal tissue context is consistent with this type.",multiciliated epithelial cell,"Top cell-specific genes (CAPS, TPPP3, CFAP95/126, DYDC2, RSPH1) and pathway scores strongly indicate a mature multiciliated cell. The nasal tissue context is consistent with this type.",1,1,YES,1
9551,CCATGTCCACGGACAA-1-0,multiciliated epithelial cell,"multiciliated epithelial cell
High expression of cilia-related markers (CFAP95, CFAP126, CDC20B, DYNLT2B, TPPP3, EFCAB10) in raw, z-score, and TF-IDF analyses, combined with strong pathway scores for FOXJ1-high and DNAH5-high ciliated cells, confirms multiciliated epithelial identity. No goblet, basal, or other cell type signatures are present, consistent with nasal epithelium.",multiciliated epithelial cell,"High expression of cilia-related markers (CFAP95, CFAP126, CDC20B, DYNLT2B, TPPP3, EFCAB10) in raw, z-score, and TF-IDF analyses, combined with strong pathway scores for FOXJ1-high and DNAH5-high ciliated cells, confirms multiciliated epithelial identity. No goblet, basal, or other cell type signatures are present, consistent with nasal epithelium.",1,1,YES,1
73891,D367_Brus_Nas1_CCCATACAGTGCGATG-1-27,multiciliated epithelial cell,"multiciliated epithelial cell

Strong expression of cilia-associated genes (CFAP95, CFAP126, CDC20B, TPPP3) and high pathway score for mature multiciliated epithelial cell (+0.514) confirm identity. Tissue context (nose) supports this general term over tracheobronchial-specific subtypes.",multiciliated epithelial cell,"Strong expression of cilia-associated genes (CFAP95, CFAP126, CDC20B, TPPP3) and high pathway score for mature multiciliated epithelial cell (+0.514) confirm identity. Tissue context (nose) supports this general term over tracheobronchial-specific subtypes.",1,1,YES,1
6523,TAGTTGGTCGACCAGC_GRO-09_nasal_brush,multiciliated epithelial cell,"multiciliated epithelial cell
The top genes (CFAP95, CFAP126, CDC20B, TPPP3, DYNLT2B) and pathway scores (Mature multiciliated epithelial cell: +0.490) strongly confirm a multiciliated epithelial cell in nasal epithelium. No evidence supports a more specific subtype like brush cell or goblet cell.",multiciliated epithelial cell,"The top genes (CFAP95, CFAP126, CDC20B, TPPP3, DYNLT2B) and pathway scores (Mature multiciliated epithelial cell: +0.490) strongly confirm a multiciliated epithelial cell in nasal epithelium. No evidence supports a more specific subtype like brush cell or goblet cell.",1,1,YES,1
56339,CACATTTAGGGAAACA_GRO-04_nasal_brush,multiciliated epithelial cell,"multiciliated epithelial cell

High expression of cilia-related genes (CFAP95, CFAP126, CDC20B, DYNLT2B, TPPP3, CAPS) and AGR3, a known ciliated cell marker, plus a strongly positive multiciliated epithelial cell pathway score, confirms the stage-1 annotation.",multiciliated epithelial cell,"High expression of cilia-related genes (CFAP95, CFAP126, CDC20B, DYNLT2B, TPPP3, CAPS) and AGR3, a known ciliated cell marker, plus a strongly positive multiciliated epithelial cell pathway score, confirms the stage-1 annotation.",1,1,YES,1
31392,D353_Brus_Nas1_AGTTGGTAGCCAACAG-1-16,multiciliated epithelial cell,"multiciliated epithelial cell
High expression of cilia-related genes (CAPS, CFAP95, CFAP126, CDC20B, TPPP3, DYNLT2B, CCDC74A, etc.) and top pathway score for multiciliated epithelial cell support the initial annotation.",multiciliated epithelial cell,"High expression of cilia-related genes (CAPS, CFAP95, CFAP126, CDC20B, TPPP3, DYNLT2B, CCDC74A, etc.) and top pathway score for multiciliated epithelial cell support the initial annotation.",1,1,YES,1
59772,D353_Brus_Nas1_ACTGCTCAGTGTACGG-1-16,nasal mucosa goblet cell,"nasal mucosa goblet cell
High expression of MUC5AC, BPIFA1, SCGB1A1, TFF3, and SCGB3A1 confirms goblet cell identity. Pathway scores strongly favor goblet cell programs (MUC5AC_positive_goblet_cell +0.330, SCGB1A1_high_goblet_cell +0.393) over club cell (+0.169) or serous cell (+0.130). Top specific genes match nasal goblet cell markers. No evidence for other cell types.",nasal mucosa goblet cell,"High expression of MUC5AC, BPIFA1, SCGB1A1, TFF3, and SCGB3A1 confirms goblet cell identity. Pathway scores strongly favor goblet cell programs (MUC5AC_positive_goblet_cell +0.330, SCGB1A1_high_goblet_cell +0.393) over club cell (+0.169) or serous cell (+0.130). Top specific genes match nasal goblet cell markers. No evidence for other cell types.",1,1,YES,1
26161,D353_Brus_Nas1_GGTGCGTTCGGCCGAT-1-16,nasal mucosa goblet cell,"nasal mucosa goblet cell
High MUC5AC, TFF3, and BPIFA1 expression, along with a goblet cell pathway score of +0.306, confirms this as a nasal mucosa goblet cell. The presence of SCGB1A1 and SCGB3A1 may indicate some club cell overlap, but the dominant markers align with nasal goblet cell identity.",nasal mucosa goblet cell,"High MUC5AC, TFF3, and BPIFA1 expression, along with a goblet cell pathway score of +0.306, confirms this as a nasal mucosa goblet cell. The presence of SCGB1A1 and SCGB3A1 may indicate some club cell overlap, but the dominant markers align with nasal goblet cell identity.",1,1,YES,1
62376,D363_Brus_Nas1_TGTGGTACAATCACAC-1-23,nasal mucosa goblet cell,"nasal mucosa goblet cell  
High expression of MUC5AC, SCGB3A1, BPIFA1, TFF3, and other goblet markers across all scoring methods, plus the strongest pathway score for MUC5AC_high_goblet_cell, confirms the stage-1 annotation despite minor club cell overlap.",nasal mucosa goblet cell,"High expression of MUC5AC, SCGB3A1, BPIFA1, TFF3, and other goblet markers across all scoring methods, plus the strongest pathway score for MUC5AC_high_goblet_cell, confirms the stage-1 annotation despite minor club cell overlap.",1,1,YES,1
57880,TGGGCGTCAGCTTAAC-1-4,nasal mucosa goblet cell,Club cell,Club cell,,0,0,NO,0
60729,TGAGAGGAGGTGCTAG-1-2,nasal mucosa goblet cell,"nasal mucosa goblet cell
High expression of MUC5AC, TFF3, SCGB1A1, BPIFA1, and SCGB3A1 confirms mucus-secreting goblet cell identity in nasal epithelium. Pathway scores support goblet/mucus program. The nasal context and specific markers validate the annotation.",nasal mucosa goblet cell,"High expression of MUC5AC, TFF3, SCGB1A1, BPIFA1, and SCGB3A1 confirms mucus-secreting goblet cell identity in nasal epithelium. Pathway scores support goblet/mucus program. The nasal context and specific markers validate the annotation.",1,1,YES,1
16229,GAACATCTCCGCGTTT-1-7,nasal mucosa goblet cell,Nasal mucosa goblet cell,Nasal mucosa goblet cell,,1,1,YES,1
9079,GAATAAGGTATAATGG-1-2,nasal mucosa goblet cell,"nasal mucosa goblet cell
High expression of goblet cell markers MUC5AC, TFF3, FCGBP, CEACAM5/6 along with secretory proteins (SCGB1A1, SCGB3A1, BPIFA1) supports the stage-1 annotation. Pathway scores show strongest enrichment for nasal goblet cell over club or serous cells.",nasal mucosa goblet cell,"High expression of goblet cell markers MUC5AC, TFF3, FCGBP, CEACAM5/6 along with secretory proteins (SCGB1A1, SCGB3A1, BPIFA1) supports the stage-1 annotation. Pathway scores show strongest enrichment for nasal goblet cell over club or serous cells.",1,1,YES,1
38192,D363_Brus_Nas1_TGGTTCCTCATCACCC-1-23,nasal mucosa goblet cell,"nasal mucosa goblet cell

High expression of MUC5AC, TFF3, BPIFA1, and SCGB1A1 with top pathway score for MUC5AC-high goblet cell confirms identity. Club cell markers are present but secondary, consistent with nasal goblet cell heterogeneity.",nasal mucosa goblet cell,"High expression of MUC5AC, TFF3, BPIFA1, and SCGB1A1 with top pathway score for MUC5AC-high goblet cell confirms identity. Club cell markers are present but secondary, consistent with nasal goblet cell heterogeneity.",1,1,YES,1
21214,GCCTCTACAAGAAGAG_GRO-09_nasal_brush,nasal mucosa goblet cell,"Nasal mucosa goblet cell
The combined evidence supports the stage-1 annotation. High expression of MUC5AC, TFF3, and BPIFA1, with top specificity and TF-IDF scores for MUC5AC and TFF3, strongly indicates nasal goblet cells. The pathway score for ""Nasal goblet cell (MUC5AC-high)"" is positive and higher than that for club cells. While SCGB1A1 and SCGB3A1 are also present, the dominant mucus-secretory markers confirm goblet cell identity.",Nasal mucosa goblet cell,"The combined evidence supports the stage-1 annotation. High expression of MUC5AC, TFF3, and BPIFA1, with top specificity and TF-IDF scores for MUC5AC and TFF3, strongly indicates nasal goblet cells. The pathway score for ""Nasal goblet cell (MUC5AC-high)"" is positive and higher than that for club cells. While SCGB1A1 and SCGB3A1 are also present, the dominant mucus-secretory markers confirm goblet cell identity.",1,1,YES,1
51492,GCTCTGTAGTCAATAG-1-6,nasal mucosa goblet cell,"nasal mucosa goblet cell
Expression of MUC5AC, TFF3, and CEACAM5/6 confirms mucus-secreting goblet identity. High SCGB1A1/SCGB3A1 suggests some club-like features, but MUC5AC and TFF3 are definitive goblet markers in nasal epithelium, and pathway scores are nearly equal.",nasal mucosa goblet cell,"Expression of MUC5AC, TFF3, and CEACAM5/6 confirms mucus-secreting goblet identity. High SCGB1A1/SCGB3A1 suggests some club-like features, but MUC5AC and TFF3 are definitive goblet markers in nasal epithelium, and pathway scores are nearly equal.",1,1,YES,1
32690,CTCCTAGGTGCACGAA_GRO-10_nasal_brush,nasal mucosa goblet cell,"nasal mucosa goblet cell
High expression of MUC5AC, SCGB1A1, BPIFA1, and TFF3 are hallmarks of goblet cells. Pathway scores show strongest enrichment for nasal goblet cell (mucous). The nasal context and specific marker profile confirm the stage-1 annotation.",nasal mucosa goblet cell,"High expression of MUC5AC, SCGB1A1, BPIFA1, and TFF3 are hallmarks of goblet cells. Pathway scores show strongest enrichment for nasal goblet cell (mucous). The nasal context and specific marker profile confirm the stage-1 annotation.",1,1,YES,1
57273,TTGCGTCAGTGGTAGC-1-4,nasal mucosa goblet cell,"club cell
Strong co-expression of SCGB1A1, SCGB3A1, BPIFA1, and TFF3, with MUC5AC lower than typical goblet cells; the pathway score for nasal club cell (+0.442) exceeds that for nasal mucosa goblet cell (+0.359), indicating this cell is a club cell.",club cell,"Strong co-expression of SCGB1A1, SCGB3A1, BPIFA1, and TFF3, with MUC5AC lower than typical goblet cells; the pathway score for nasal club cell (+0.442) exceeds that for nasal mucosa goblet cell (+0.359), indicating this cell is a club cell.",0,0,NO,0
56529,TGTATTCGTATAGTAG-1-7,nasal mucosa goblet cell,"nasal mucosa goblet cell

High expression of MUC5AC, TFF3, FCGBP, and SCGB1A1/3A1 indicates a secretory goblet cell phenotype. Pathway scores show ""Goblet cell"" (0.379) exceeds ""Club cell"" (0.236). In nasal epithelium, goblet cells are the primary mucus-secreting cells, consistent with the gene signature.",nasal mucosa goblet cell,"High expression of MUC5AC, TFF3, FCGBP, and SCGB1A1/3A1 indicates a secretory goblet cell phenotype. Pathway scores show ""Goblet cell"" (0.379) exceeds ""Club cell"" (0.236). In nasal epithelium, goblet cells are the primary mucus-secreting cells, consistent with the gene signature.",1,1,YES,1
64142,CTCAGAAGTTTAGCTG-1-1,nasal mucosa goblet cell,nasal mucosa goblet cell,nasal mucosa goblet cell,,1,1,YES,1
70505,TCAGCTCTCTCTAGGA-1-5,nasal mucosa goblet cell,"club cell
High expression of SCGB1A1, SCGB3A1, BPIFA1, and top pathway score for nasal club cell indicate club cell identity, despite MUC5AC presence. The stage-1 annotation is corrected.",club cell,"High expression of SCGB1A1, SCGB3A1, BPIFA1, and top pathway score for nasal club cell indicate club cell identity, despite MUC5AC presence. The stage-1 annotation is corrected.",0,0,NO,0
6764,CATATTCTCATTCACT-1-6,nasal mucosa goblet cell,"Nasal mucosa goblet cell

The top genes include MUC5AC, TFF3, and FCGBP—canonical goblet cell markers—alongside club cell markers (SCGB1A1, SCGB3A1). Given the nasal tissue context, the strong co-expression of MUC5AC and secretory mucin genes, and the high specificity of MUC5AC by TF-IDF, this profile more accurately matches a nasal mucosa goblet cell than a club cell.",Nasal mucosa goblet cell,"The top genes include MUC5AC, TFF3, and FCGBP—canonical goblet cell markers—alongside club cell markers (SCGB1A1, SCGB3A1). Given the nasal tissue context, the strong co-expression of MUC5AC and secretory mucin genes, and the high specificity of MUC5AC by TF-IDF, this profile more accurately matches a nasal mucosa goblet cell than a club cell.",1,1,YES,1
49635,CCGTTCAGTACTCTCC-1-7,nasal mucosa goblet cell,"respiratory tract hillock cell
The expression of TFF3, SPRR3, RPTN, and KRT4, alongside secretory genes (SCGB1A1, MUC5AC, BPIFA1), uniquely defines hillock cells. Pathway scores show nearly equal goblet and hillock activity, but the squamous markers (SPRR3, RPTN) and high TFF3 confirm hillock identity over pure goblet. The stage-1 annotation is correct.",respiratory tract hillock cell,"The expression of TFF3, SPRR3, RPTN, and KRT4, alongside secretory genes (SCGB1A1, MUC5AC, BPIFA1), uniquely defines hillock cells. Pathway scores show nearly equal goblet and hillock activity, but the squamous markers (SPRR3, RPTN) and high TFF3 confirm hillock identity over pure goblet. The stage-1 annotation is correct.",0,0,NO,0
57114,TGACAACAGGAATTAC-1-6,nasal mucosa goblet cell,"club cell

High expression of SCGB1A1 and SCGB3A1 (club cell-defining genes) along with SCGB3A1 as top TF-IDF marker confirms club cell identity. Co-expression of MUC5AC, TFF3, and BPIFA1 reflects a mucous-secreting subtype, consistent with the top pathway score ""Club cell (mucous-hi)."" The generic ""club cell"" label best fits the core signature, with minor mucous features.",club cell,"High expression of SCGB1A1 and SCGB3A1 (club cell-defining genes) along with SCGB3A1 as top TF-IDF marker confirms club cell identity. Co-expression of MUC5AC, TFF3, and BPIFA1 reflects a mucous-secreting subtype, consistent with the top pathway score ""Club cell (mucous-hi)."" The generic ""club cell"" label best fits the core signature, with minor mucous features.",0,0,NO,0
52563,ACTGTCCTCATCATTC-1-6,nasal mucosa goblet cell,"Nasal mucosa goblet cell
High expression of MUC5AC, SCGB1A1, SCGB3A1, BPIFA1, TFF3, and WFDC2 matches nasal goblet cell markers. Pathway scores strongly favor nasal goblet cell subtypes, confirming the stage-1 annotation.",Nasal mucosa goblet cell,"High expression of MUC5AC, SCGB1A1, SCGB3A1, BPIFA1, TFF3, and WFDC2 matches nasal goblet cell markers. Pathway scores strongly favor nasal goblet cell subtypes, confirming the stage-1 annotation.",1,1,YES,1
72253,ACTTTCAAGGAGTAGA-1-4,nasal mucosa goblet cell,"nasal mucosa goblet cell

Strong expression of classic goblet cell markers (MUC5AC, TFF3, BPIFA1) and high goblet cell pathway scores (MUC5AC-high: +0.233) confirm a mucus-secreting identity. While club cell markers (SCGB1A1, SCGB3A1) are also present, their lower pathway score and the predominance of MUC5AC support the original annotation.",nasal mucosa goblet cell,"Strong expression of classic goblet cell markers (MUC5AC, TFF3, BPIFA1) and high goblet cell pathway scores (MUC5AC-high: +0.233) confirm a mucus-secreting identity. While club cell markers (SCGB1A1, SCGB3A1) are also present, their lower pathway score and the predominance of MUC5AC support the original annotation.",1,1,YES,1
51899,CCTAGCTTCATACGGT-1-3,natural killer cell,"natural killer cell
The expression profile is classic for NK cells: GNLY, NKG7, PRF1, GZMB, KIR receptors, NCR1, NCAM1, XCL1/2, and FGFBP2 are highly specific. Pathway scores confirm NK_CD56dim dominance, and there is no evidence of TCR or CD3, ruling out T cells. ILC1 is less likely due to strong cytotoxic marker expression.",natural killer cell,"The expression profile is classic for NK cells: GNLY, NKG7, PRF1, GZMB, KIR receptors, NCR1, NCAM1, XCL1/2, and FGFBP2 are highly specific. Pathway scores confirm NK_CD56dim dominance, and there is no evidence of TCR or CD3, ruling out T cells. ILC1 is less likely due to strong cytotoxic marker expression.",1,1,YES,1
24751,TCACAAGTCAGTCAGT-1-5,natural killer cell,"natural killer cell
High expression of NK-specific markers (GNLY, PRF1, NKG7, NCR1, KIR family, NCAM1) and strong pathway enrichment for CD56dim NK cells confirm NK cell identity.",natural killer cell,"High expression of NK-specific markers (GNLY, PRF1, NKG7, NCR1, KIR family, NCAM1) and strong pathway enrichment for CD56dim NK cells confirm NK cell identity.",1,1,YES,1
33212,CGTAGCGTCAGTGTT_GRO-04_nasal_brush,natural killer cell,"natural killer cell
The expression of KIRs (KIR2DL1, KIR2DL3, KIR3DL1), NCR1, GNLY, NKG7, PRF1, GZMB, XCL1/2, FCGR3A, and NCAM1, along with the highest pathway score for conventional NK cells, confirms NK cell identity. No T cell receptors or CD4/CD8 markers are evident, ruling out T cell subsets.",natural killer cell,"The expression of KIRs (KIR2DL1, KIR2DL3, KIR3DL1), NCR1, GNLY, NKG7, PRF1, GZMB, XCL1/2, FCGR3A, and NCAM1, along with the highest pathway score for conventional NK cells, confirms NK cell identity. No T cell receptors or CD4/CD8 markers are evident, ruling out T cell subsets.",1,1,YES,1
73612,GCATGTAGTCGAGTTT-1-3,natural killer cell,"natural killer cell
High expression of NK-specific genes (GNLY, NKG7, PRF1, GZMB, KIR2DL1/3, NCR1, CX3CR1, XCL1/2, FCGR3A, NCAM1) and highest pathway score for CD56dim NK cells confirm NK identity. No CD3/CD4/CD8 T cell markers are prominent, consistent with natural killer cells.",natural killer cell,"High expression of NK-specific genes (GNLY, NKG7, PRF1, GZMB, KIR2DL1/3, NCR1, CX3CR1, XCL1/2, FCGR3A, NCAM1) and highest pathway score for CD56dim NK cells confirm NK identity. No CD3/CD4/CD8 T cell markers are prominent, consistent with natural killer cells.",1,1,YES,1
74443,CTGGTCTGTTCACCTC_GRO-03_nasal_brush,natural killer cell,"natural killer cell
High expression of GNLY, NKG7, PRF1, GZMB, NCR1, KIRs, XCL1, CX3CR1, and FCGR3A, along with strong pathway scores for CD56dim_NK and CD56bright_NK, confirms classical NK cell identity without T cell lineage markers.",natural killer cell,"High expression of GNLY, NKG7, PRF1, GZMB, NCR1, KIRs, XCL1, CX3CR1, and FCGR3A, along with strong pathway scores for CD56dim_NK and CD56bright_NK, confirms classical NK cell identity without T cell lineage markers.",1,1,YES,1
72371,TCAGCTCTCTTACCTA-1-3,natural killer cell,"natural killer cell
Strong expression of NK-specific markers (GNLY, NKG7, PRF1, GZMB, XCL1/2, KIRs, NCR1, FCGR3A, EOMES) and highest pathway score for CD56dim NK cells confirm NK cell identity. Minor TRDC expression does not override the dominant NK gene program.",natural killer cell,"Strong expression of NK-specific markers (GNLY, NKG7, PRF1, GZMB, XCL1/2, KIRs, NCR1, FCGR3A, EOMES) and highest pathway score for CD56dim NK cells confirm NK cell identity. Minor TRDC expression does not override the dominant NK gene program.",1,1,YES,1
24607,CGAGAAGCAGATGGCA-1-5,natural killer cell,"natural killer cell
High expression of NK-specific markers (GNLY, NKG7, PRF1, GZMB, XCL1/2, KIRs, NCR1) and top pathway score for NK_cells_CD56dim confirm natural killer cell identity.",natural killer cell,"High expression of NK-specific markers (GNLY, NKG7, PRF1, GZMB, XCL1/2, KIRs, NCR1) and top pathway score for NK_cells_CD56dim confirm natural killer cell identity.",1,1,YES,1
56153,GGGAGATTCAAAGACA-1-1,natural killer cell,"natural killer cell

The expression profile matches canonical NK cell markers: GNLY, NKG7, PRF1, GZMB, KIRs (KIR2DL1, KIR2DL3, KIR3DL1), NCR1, CX3CR1, NCAM1, XCL1/2, and TBX21. Pathway scores confirm NK_CD56dim and NK_CD56bright as top programs. No TCR or B cell lineage markers are prominent. The evidence strongly supports the stage-1 annotation.",natural killer cell,"The expression profile matches canonical NK cell markers: GNLY, NKG7, PRF1, GZMB, KIRs (KIR2DL1, KIR2DL3, KIR3DL1), NCR1, CX3CR1, NCAM1, XCL1/2, and TBX21. Pathway scores confirm NK_CD56dim and NK_CD56bright as top programs. No TCR or B cell lineage markers are prominent. The evidence strongly supports the stage-1 annotation.",1,1,YES,1
27503,CACCTTGAGGATCGCA-1-3,natural killer cell,"natural killer cell
High expression of NK-specific markers (GNLY, NKG7, PRF1, GZMB, KIRs, NCR1, CX3CR1, TBX21) and top pathway score for CD56dim NK cells confirm identity.",natural killer cell,"High expression of NK-specific markers (GNLY, NKG7, PRF1, GZMB, KIRs, NCR1, CX3CR1, TBX21) and top pathway score for CD56dim NK cells confirm identity.",1,1,YES,1
7412,ACAGCCGGTTCGCTAA-1-3,natural killer cell,"natural killer cell
Strong expression of NK-specific markers (NCR1, KIR family, GNLY, PRF1, GZMK, XCL1/2, CX3CR1, NCAM1, TBX21) and high pathway scores for CD56dim and CD56bright NK cells confirm identity, with no clear T-cell markers.",natural killer cell,"Strong expression of NK-specific markers (NCR1, KIR family, GNLY, PRF1, GZMK, XCL1/2, CX3CR1, NCAM1, TBX21) and high pathway scores for CD56dim and CD56bright NK cells confirm identity, with no clear T-cell markers.",1,1,YES,1
76353,CGAGCACCAGACACTT-1-2,natural killer cell,"natural killer cell
The expression profile strongly aligns with NK cells, featuring canonical markers such as KIR2DL1/2/3, KIR3DL1, NCR1 (NKp46), GNLY, PRF1, GZMK, NCAM1 (CD56), XCL1/2, and CX3CR1. Pathway scores are highest for NK subtypes (CD56dim, ILC1, CD56bright, tissue-resident NK). No evidence of T cell-specific markers or other lineages. Thus, stage-1 annotation is correct.",natural killer cell,"The expression profile strongly aligns with NK cells, featuring canonical markers such as KIR2DL1/2/3, KIR3DL1, NCR1 (NKp46), GNLY, PRF1, GZMK, NCAM1 (CD56), XCL1/2, and CX3CR1. Pathway scores are highest for NK subtypes (CD56dim, ILC1, CD56bright, tissue-resident NK). No evidence of T cell-specific markers or other lineages. Thus, stage-1 annotation is correct.",1,1,YES,1
55357,TCAACGACAGAGCCAA_GRO-04_nasal_brush,natural killer cell,"natural killer cell
Strong NK-specific markers (GNLY, NKG7, PRF1, GZMB, XCL1/2, KIRs, NCR1, NCAM1, FCGR3A) and highest pathway score for CD56dim_NK confirm identity. Minor markers like TRDC and KLRB1 may reflect a subset, but overall profile is classic NK, not T cell or NKT.",natural killer cell,"Strong NK-specific markers (GNLY, NKG7, PRF1, GZMB, XCL1/2, KIRs, NCR1, NCAM1, FCGR3A) and highest pathway score for CD56dim_NK confirm identity. Minor markers like TRDC and KLRB1 may reflect a subset, but overall profile is classic NK, not T cell or NKT.",1,1,YES,1
20749,CATCGGGCACATTCGA-1-6,natural killer cell,"natural killer cell
Strong expression of NK cell-defining genes (NCR1, GNLY, PRF1, KIRs, NCAM1, XCL1, CX3CR1) and high pathway score for CD56dim NK cells confirm identity. No conflicting markers for T cells or ILC1.",natural killer cell,"Strong expression of NK cell-defining genes (NCR1, GNLY, PRF1, KIRs, NCAM1, XCL1, CX3CR1) and high pathway score for CD56dim NK cells confirm identity. No conflicting markers for T cells or ILC1.",1,1,YES,1
39469,CTCATTATCTCTTGAT_GRO-04_nasal_brush,natural killer cell,"natural killer cell
High expression of NK-specific markers (GNLY, NKG7, PRF1, GZMB, KIR family genes, NCR1, FCGR3A) and absence of TCR genes (e.g., TRBC, TRAC) confirm NK cell identity. Pathway scores for CD56dim, tissue-resident, and CD56bright NK are elevated, further supporting this assignment.",natural killer cell,"High expression of NK-specific markers (GNLY, NKG7, PRF1, GZMB, KIR family genes, NCR1, FCGR3A) and absence of TCR genes (e.g., TRBC, TRAC) confirm NK cell identity. Pathway scores for CD56dim, tissue-resident, and CD56bright NK are elevated, further supporting this assignment.",1,1,YES,1
41259,CACAAACTCCTCGCAT-1-3,natural killer cell,"natural killer cell
The expression profile strongly matches NK cells: high GNLY, NKG7, PRF1, GZMB, CCL5, XCL1/2, and KIRs (KIR2DL1, KIR2DL3, KIR3DL1, KIR2DL4). NCR1 and NCAM1 (CD56) are present. Pathway scores show CD56dim NK as highest, followed by CD56bright NK. No T-cell markers are prominent. This confirms the stage-1 annotation.",natural killer cell,"The expression profile strongly matches NK cells: high GNLY, NKG7, PRF1, GZMB, CCL5, XCL1/2, and KIRs (KIR2DL1, KIR2DL3, KIR3DL1, KIR2DL4). NCR1 and NCAM1 (CD56) are present. Pathway scores show CD56dim NK as highest, followed by CD56bright NK. No T-cell markers are prominent. This confirms the stage-1 annotation.",1,1,YES,1
533,ACGGCCATCGCGATCG-1-3,natural killer cell,"natural killer cell
High expression of NK-specific markers (NCR1, GNLY, PRF1, GZMK, KIRs, XCL1, FGFBP2, NCAM1, FCGR3A) and strong enrichment for NK pathway scores (CD56dim, CD56bright) confirm natural killer cell identity, consistent with stage-1 annotation.",natural killer cell,"High expression of NK-specific markers (NCR1, GNLY, PRF1, GZMK, KIRs, XCL1, FGFBP2, NCAM1, FCGR3A) and strong enrichment for NK pathway scores (CD56dim, CD56bright) confirm natural killer cell identity, consistent with stage-1 annotation.",1,1,YES,1
7480,CAAGATCCATGCTGGC-1-3,natural killer cell,"natural killer cell
The expression profile strongly supports natural killer cell identity, with high levels of classic NK markers (GNLY, NKG7, PRF1, GZMB, NCR1, KIR genes, NCAM1, FCGR3A, CX3CR1). Pathway scoring confirms CD56dim NK cell as the most active program, exceeding ILC1 and CD56bright NK scores. The stage-1 annotation is accurate.",natural killer cell,"The expression profile strongly supports natural killer cell identity, with high levels of classic NK markers (GNLY, NKG7, PRF1, GZMB, NCR1, KIR genes, NCAM1, FCGR3A, CX3CR1). Pathway scoring confirms CD56dim NK cell as the most active program, exceeding ILC1 and CD56bright NK scores. The stage-1 annotation is accurate.",1,1,YES,1
13849,TACTCGCAGGGCTCTC-1-0,natural killer cell,"natural killer cell
The gene expression profile (GNLY, PRF1, GZMK, NKG7, XCL1/2, KIRs, NCR1, CX3CR1, NCAM1) and top pathway scores (NK_CD56dim and NK_CD56bright) are highly specific to natural killer cells. No conflicting evidence suggests a different lineage such as T or ILC1.",natural killer cell,"The gene expression profile (GNLY, PRF1, GZMK, NKG7, XCL1/2, KIRs, NCR1, CX3CR1, NCAM1) and top pathway scores (NK_CD56dim and NK_CD56bright) are highly specific to natural killer cells. No conflicting evidence suggests a different lineage such as T or ILC1.",1,1,YES,1
58443,TTCTCCTCACAAGCCC-1-3,natural killer cell,"natural killer cell
High expression of canonical NK markers (NCR1, KIR2DL1/3, GNLY, PRF1, NKG7, XCL1/2, CX3CR1, TBX21, NCAM1) and pathway scores strongly favor CD56dim/bright NK over CD8+ T cells or ILC1, confirming NK cell identity.",natural killer cell,"High expression of canonical NK markers (NCR1, KIR2DL1/3, GNLY, PRF1, NKG7, XCL1/2, CX3CR1, TBX21, NCAM1) and pathway scores strongly favor CD56dim/bright NK over CD8+ T cells or ILC1, confirming NK cell identity.",1,1,YES,1
41177,TCAGGATTCAAGGTAA-1-3,natural killer cell,natural killer cell,natural killer cell,,1,1,YES,1
6286,TAGACCAGTTCCGTCT-1-4,non-classical monocyte,"non-classical monocyte

The expression profile strongly matches non-classical monocytes: FCGR3A (CD16) high, CX3CR1, and abundant myeloid markers (LST1, TYROBP, AIF1, FCER1G, CD68, C1QA). While BIRC7 is an NK marker, the overwhelming monocyte signature and lack of canonical NK markers (e.g., NKG7, GZMB) correct the annotation.",non-classical monocyte,"The expression profile strongly matches non-classical monocytes: FCGR3A (CD16) high, CX3CR1, and abundant myeloid markers (LST1, TYROBP, AIF1, FCER1G, CD68, C1QA). While BIRC7 is an NK marker, the overwhelming monocyte signature and lack of canonical NK markers (e.g., NKG7, GZMB) correct the annotation.",1,1,YES,1
49002,GAATAAGCAGTGGAGT_GRO-10_nasal_brush,non-classical monocyte,"non-classical monocyte
High FCGR3A, CX3CR1, and S100Z expression, along with the strongest pathway score (+6.7) for non-classical monocytes, confirm the annotation. Myeloid markers (LST1, TYROBP, AIF1) and absence of T/NK genes further support this identity.",non-classical monocyte,"High FCGR3A, CX3CR1, and S100Z expression, along with the strongest pathway score (+6.7) for non-classical monocytes, confirm the annotation. Myeloid markers (LST1, TYROBP, AIF1) and absence of T/NK genes further support this identity.",1,1,YES,1
5674,GTCAAGTCAACTGGCC-1-3,non-classical monocyte,"non-classical monocyte

The top cell-specific genes (FCGR3A, LST1, TYROBP, AIF1, APOC1, FCER1G, FCN1, CD68) and TF-IDF markers strongly indicate a non-classical monocyte (CD16+ monocyte) rather than NK cell. NK-specific genes like NKG7, GZMB, PRF1 are absent, and the pathway score for CD56dim NK cells is moderate but not definitive. The expression profile matches CD16+ monocytes in nasal mucosa.",non-classical monocyte,"The top cell-specific genes (FCGR3A, LST1, TYROBP, AIF1, APOC1, FCER1G, FCN1, CD68) and TF-IDF markers strongly indicate a non-classical monocyte (CD16+ monocyte) rather than NK cell. NK-specific genes like NKG7, GZMB, PRF1 are absent, and the pathway score for CD56dim NK cells is moderate but not definitive. The expression profile matches CD16+ monocytes in nasal mucosa.",1,1,YES,1
49154,GCATACACACCGAAAG-1-3,non-classical monocyte,"non-classical monocyte

Though PPP1R17 suggests ciliated cells, the z-score and TF-IDF lists are dominated by myeloid markers (FCGR3A, LST1, TYROBP, AIF1, APOC1, FCER1G, CD68, C1QA, HCK) characteristic of non-classical monocytes. Raw expression also includes CD74 and HLA-DRA. The pathway scores are low and do not support epithelial identity. Thus the cell is a non-classical monocyte.",non-classical monocyte,"Though PPP1R17 suggests ciliated cells, the z-score and TF-IDF lists are dominated by myeloid markers (FCGR3A, LST1, TYROBP, AIF1, APOC1, FCER1G, CD68, C1QA, HCK) characteristic of non-classical monocytes. Raw expression also includes CD74 and HLA-DRA. The pathway scores are low and do not support epithelial identity. Thus the cell is a non-classical monocyte.",1,1,YES,1
33833,TTCGAAGGTCACACGC-1-3,non-classical monocyte,"non-classical monocyte
High expression of FCGR3A (CD16) and CX3CR1, along with monocyte/macrophage markers (CD68, LST1, TYROBP, AIF1, APOC1, FCER1G), and absence of T/B cell markers, indicates a non-classical monocyte rather than an NK cell. MHC class II genes (HLA-DRA, CD74) further support this.",non-classical monocyte,"High expression of FCGR3A (CD16) and CX3CR1, along with monocyte/macrophage markers (CD68, LST1, TYROBP, AIF1, APOC1, FCER1G), and absence of T/B cell markers, indicates a non-classical monocyte rather than an NK cell. MHC class II genes (HLA-DRA, CD74) further support this.",1,1,YES,1
70043,TGTCCCACACATGACT-1-2,non-classical monocyte,"non-classical monocyte
High expression of FCGR3A, CX3CR1, LST1, AIF1, and APOC1, combined with pathway scores strongly favoring non-classical monocyte (+2.430) over classical monocyte (+0.235) and other cells, confirms the identity.",non-classical monocyte,"High expression of FCGR3A, CX3CR1, LST1, AIF1, and APOC1, combined with pathway scores strongly favoring non-classical monocyte (+2.430) over classical monocyte (+0.235) and other cells, confirms the identity.",1,1,YES,1
67324,ACGGGTCGTCTAGAGG-1-3,non-classical monocyte,"non-classical monocyte
High FCGR3A (CD16) and CX3CR1 combined with macrophage markers (CD68, C1QA/B, CD74, HLA-DRA) and TF-IDF signals (LST1, TYROBP, CD68) indicate a patrolling monocyte. NK pathway score likely reflects shared FCGR3A, but overall profile is myeloid, not NK.",non-classical monocyte,"High FCGR3A (CD16) and CX3CR1 combined with macrophage markers (CD68, C1QA/B, CD74, HLA-DRA) and TF-IDF signals (LST1, TYROBP, CD68) indicate a patrolling monocyte. NK pathway score likely reflects shared FCGR3A, but overall profile is myeloid, not NK.",1,1,YES,1
3253,D353_Brus_Nas1_CATCGGGCAAGCGATG-1-16,non-classical monocyte,"non-classical monocyte
High FCGR3A (CD16) expression, a hallmark of non-classical monocytes, is confirmed by top z-score and TF-IDF. Pathway scores strongly favor non-classical monocyte (+3.222) over classical (+0.508). Additional markers like CX3CR1, LILRA2, and CHIT1 further support this subset. Raw expression genes (e.g., TYROBP, LST1, AIF1) are consistent with monocyte/macrophage lineage.",non-classical monocyte,"High FCGR3A (CD16) expression, a hallmark of non-classical monocytes, is confirmed by top z-score and TF-IDF. Pathway scores strongly favor non-classical monocyte (+3.222) over classical (+0.508). Additional markers like CX3CR1, LILRA2, and CHIT1 further support this subset. Raw expression genes (e.g., TYROBP, LST1, AIF1) are consistent with monocyte/macrophage lineage.",1,1,YES,1
68672,D363_Brus_Nas1_AGCTCTCGTTACAGAA-1-23,non-classical monocyte,non-classical monocyte,non-classical monocyte,,1,1,YES,1
64802,CCTCTGAGTGGCCCTA-1-4,non-classical monocyte,"non-classical monocyte
Strong myeloid markers (CD68, FCER1G, TYROBP, AIF1, CD74, FCN1, C1QA) and FCGR3A (CD16) with CX3CR1 indicate non-classical monocytes. Pathway scores highly rank CD16+ monocyte. NK markers are weak compared to the dominant monocyte/macrophage profile.",non-classical monocyte,"Strong myeloid markers (CD68, FCER1G, TYROBP, AIF1, CD74, FCN1, C1QA) and FCGR3A (CD16) with CX3CR1 indicate non-classical monocytes. Pathway scores highly rank CD16+ monocyte. NK markers are weak compared to the dominant monocyte/macrophage profile.",1,1,YES,1
22742,TCATTACTCACTCTTA-1-7,non-classical monocyte,"non-classical monocyte
The gene expression profile strongly supports non-classical monocyte identity: high FCGR3A (CD16), LILRA2, CX3CR1, and CHIT1, with pathway scores highest for non-classical monocyte (+4.238). These markers distinguish it from classical/intermediate monocytes, NK cells, and dendritic cells.",non-classical monocyte,"The gene expression profile strongly supports non-classical monocyte identity: high FCGR3A (CD16), LILRA2, CX3CR1, and CHIT1, with pathway scores highest for non-classical monocyte (+4.238). These markers distinguish it from classical/intermediate monocytes, NK cells, and dendritic cells.",1,1,YES,1
6397,GCCTCTACAAACCTAC-1-3,plasma cell,"plasma cell
High expression of immunoglobulin heavy/light chains (IGHG, IGHA, IGLC, IGKC), JCHAIN, TNFRSF17, MZB1, and PRDM1, along with strong plasmablast and plasma cell pathway scores, conclusively identifies this cell as a plasma cell in nasal mucosa.",plasma cell,"High expression of immunoglobulin heavy/light chains (IGHG, IGHA, IGLC, IGKC), JCHAIN, TNFRSF17, MZB1, and PRDM1, along with strong plasmablast and plasma cell pathway scores, conclusively identifies this cell as a plasma cell in nasal mucosa.",1,1,YES,1
22423,D339_Biop_Nas1_TTTATGCCAGCCTGTG-1-7,plasma cell,"plasma cell
High expression of immunoglobulin genes (IGHG, IGLC, IGKC, IGHA, JCHAIN) and plasma cell markers (TNFRSF17, MZB1, PRDM1) with strong IgG and IgA pathway scores confirm antibody-secreting plasma cell identity.",plasma cell,"High expression of immunoglobulin genes (IGHG, IGLC, IGKC, IGHA, JCHAIN) and plasma cell markers (TNFRSF17, MZB1, PRDM1) with strong IgG and IgA pathway scores confirm antibody-secreting plasma cell identity.",1,1,YES,1
25776,D339_Biop_Nas1_GTTACAGAGCTTTGGT-1-7,plasma cell,"plasma cell
High expression of immunoglobulin genes (IGHG3, IGLC2, IGKC, JCHAIN) and plasma cell markers (TNFRSF17, MZB1, PRDM1, FCRLA) confirms identity as a plasma cell. Pathway scores strongly favor IgG plasma cell.",plasma cell,"High expression of immunoglobulin genes (IGHG3, IGLC2, IGKC, JCHAIN) and plasma cell markers (TNFRSF17, MZB1, PRDM1, FCRLA) confirms identity as a plasma cell. Pathway scores strongly favor IgG plasma cell.",1,1,YES,1
23688,D339_Biop_Nas1_CAACCTCCAAACGTGG-1-7,plasma cell,"plasma cell
High expression of immunoglobulin heavy (IGHG1-3, IGHA2) and light chain genes (IGKC, IGLC2,5,6), plus JCHAIN, TNFRSF17, FCRLA, MZB1, and PRDM1 confirms antibody-secreting plasma cell identity.",plasma cell,"High expression of immunoglobulin heavy (IGHG1-3, IGHA2) and light chain genes (IGKC, IGLC2,5,6), plus JCHAIN, TNFRSF17, FCRLA, MZB1, and PRDM1 confirms antibody-secreting plasma cell identity.",1,1,YES,1
57945,CGGACACGTCAGAATA-1-3,plasmacytoid dendritic cell,"plasmacytoid dendritic cell
High expression of pDC-defining markers (CLEC4C, LILRA4, TCL1A, PTCRA, SHD, JCHAIN, IRF8) and top pDC pathway scores strongly support pDC identity. Minor plasma cell-like genes (JCHAIN, IGKC, MZB1) can appear in activated pDCs and do not outweigh the canonical pDC profile.",plasmacytoid dendritic cell,"High expression of pDC-defining markers (CLEC4C, LILRA4, TCL1A, PTCRA, SHD, JCHAIN, IRF8) and top pDC pathway scores strongly support pDC identity. Minor plasma cell-like genes (JCHAIN, IGKC, MZB1) can appear in activated pDCs and do not outweigh the canonical pDC profile.",1,1,YES,1
17458,CCTACCAGTAGAAAGG-1-3,plasmacytoid dendritic cell,"plasmacytoid dendritic cell
High pDC markers (LILRA4, CLEC4C, IL3RA, TCL1A, JCHAIN, IRF8, PTGDS) and strongest pathway scores confirm pDC identity.",plasmacytoid dendritic cell,"High pDC markers (LILRA4, CLEC4C, IL3RA, TCL1A, JCHAIN, IRF8, PTGDS) and strongest pathway scores confirm pDC identity.",1,1,YES,1
63669,ATGTGTGGTGCACCAC-1-3,plasmacytoid dendritic cell,"plasmacytoid dendritic cell
High expression of definitive pDC markers LILRA4, CLEC4C, TCL1A, PTCRA, and JCHAIN, along with top pathway score for plasmacytoid dendritic cell, confirms the identity.",plasmacytoid dendritic cell,"High expression of definitive pDC markers LILRA4, CLEC4C, TCL1A, PTCRA, and JCHAIN, along with top pathway score for plasmacytoid dendritic cell, confirms the identity.",1,1,YES,1
17142,AACCGCGAGTGCGTGA-1-3,plasmacytoid dendritic cell,"Plasmacytoid dendritic cell
High expression of CLEC4C, LILRA4, PTCRA, JCHAIN, IRF7, and IRF8 confirms pDC identity. Pathway scores strongly favor pDC1/pDC2 programs over other dendritic cell types. The nasal tissue context supports pDCs, which reside in mucosal sites for antiviral immunity.",Plasmacytoid dendritic cell,"High expression of CLEC4C, LILRA4, PTCRA, JCHAIN, IRF7, and IRF8 confirms pDC identity. Pathway scores strongly favor pDC1/pDC2 programs over other dendritic cell types. The nasal tissue context supports pDCs, which reside in mucosal sites for antiviral immunity.",1,1,YES,1
62479,ATCCACCAGTTTCCTT-1-2,plasmacytoid dendritic cell,"plasmacytoid dendritic cell
The evidence confirms pDC identity: high expression of CLEC4C, LILRA4, TCL1A, PTCRA, IRF8, and JCHAIN; strong resting pDC pathway score; and top specific genes (SCT, PTGDS, LILRA4, CLEC4C) are classic pDC markers in nose tissue.",plasmacytoid dendritic cell,"The evidence confirms pDC identity: high expression of CLEC4C, LILRA4, TCL1A, PTCRA, IRF8, and JCHAIN; strong resting pDC pathway score; and top specific genes (SCT, PTGDS, LILRA4, CLEC4C) are classic pDC markers in nose tissue.",1,1,YES,1
13252,CATGACACAAGTCTAC-1-3,plasmacytoid dendritic cell,"plasmacytoid dendritic cell
High expression of LILRA4, CLEC4C, PTCRA, JCHAIN, MZB1, IRF8, and IRF4 are hallmark pDC markers. Pathway scores strongly favor pDC_quiescent and pDC_activated over plasma cell. The presence of PTGDS, SCT, and TLR9 further support pDC identity. No significant evidence conflicts with the stage-1 annotation.",plasmacytoid dendritic cell,"High expression of LILRA4, CLEC4C, PTCRA, JCHAIN, MZB1, IRF8, and IRF4 are hallmark pDC markers. Pathway scores strongly favor pDC_quiescent and pDC_activated over plasma cell. The presence of PTGDS, SCT, and TLR9 further support pDC identity. No significant evidence conflicts with the stage-1 annotation.",1,1,YES,1
67839,AAGACCTAGAGTACCG-1-3,plasmacytoid dendritic cell,"plasmacytoid dendritic cell
Top markers (CLEC4C, LILRA4, PTCRA, TCL1A, SCT) and high expression of GZMB, PTGDS, IRF7, IRF8 are canonical for pDCs. Pathway scores confirm pDC as the most active program, far above B or plasma cell.",plasmacytoid dendritic cell,"Top markers (CLEC4C, LILRA4, PTCRA, TCL1A, SCT) and high expression of GZMB, PTGDS, IRF7, IRF8 are canonical for pDCs. Pathway scores confirm pDC as the most active program, far above B or plasma cell.",1,1,YES,1
67181,TGGCCAGTCAGCGACC-1-4,plasmacytoid dendritic cell,"plasmacytoid dendritic cell
High expression of pDC-specific markers (CLEC4C, LILRA4, PTCRA, SHD, TCL1A) and IRF4/IRF8, with top pathway score confirming pDC. JCHAIN and MZB1 are also present but can be expressed in pDC, and no conflicting markers for other cell types.",plasmacytoid dendritic cell,"High expression of pDC-specific markers (CLEC4C, LILRA4, PTCRA, SHD, TCL1A) and IRF4/IRF8, with top pathway score confirming pDC. JCHAIN and MZB1 are also present but can be expressed in pDC, and no conflicting markers for other cell types.",1,1,YES,1
930,ACAGCCGCACCAGCAC-1-3,plasmacytoid dendritic cell,"plasmacytoid dendritic cell
Strong co-expression of pDC-specific markers (CLEC4C, LILRA4, TCL1A, PTCRA, SHD, JCHAIN, LAMP5, MZB1, IRF8) with highest z-scores and TF-IDF weights. Pathway scores rank pDC (resting/activated) highest, far above cDC2 or B cell programs. No evidence contradicts the annotation.",plasmacytoid dendritic cell,"Strong co-expression of pDC-specific markers (CLEC4C, LILRA4, TCL1A, PTCRA, SHD, JCHAIN, LAMP5, MZB1, IRF8) with highest z-scores and TF-IDF weights. Pathway scores rank pDC (resting/activated) highest, far above cDC2 or B cell programs. No evidence contradicts the annotation.",1,1,YES,1
15880,GTTAAGCCATGACATC-1-3,plasmacytoid dendritic cell,"plasmacytoid dendritic cell
The expression of pDC-specific markers (LILRA4, CLEC4C, PTCRA, SHD, JCHAIN, IRF7, IRF8) is highly enriched, alongside the highest pathway score for pDC. The stage-1 annotation is confirmed.",plasmacytoid dendritic cell,"The expression of pDC-specific markers (LILRA4, CLEC4C, PTCRA, SHD, JCHAIN, IRF7, IRF8) is highly enriched, alongside the highest pathway score for pDC. The stage-1 annotation is confirmed.",1,1,YES,1
60581,TCAGGTATCGAACTGT-1-3,plasmacytoid dendritic cell,"plasmacytoid dendritic cell
High expression of CLEC4C, LILRA4, TCL1A, and IRF8 specifically marks pDCs. JCHAIN and MZB1 are also present but are consistent with pDC biology. The pathway score for resting pDC is strongly positive, while plasma cell score is lower, confirming pDC identity over plasma cells.",plasmacytoid dendritic cell,"High expression of CLEC4C, LILRA4, TCL1A, and IRF8 specifically marks pDCs. JCHAIN and MZB1 are also present but are consistent with pDC biology. The pathway score for resting pDC is strongly positive, while plasma cell score is lower, confirming pDC identity over plasma cells.",1,1,YES,1
2970,CTGATAGAGAATGTTG-1-3,plasmacytoid dendritic cell,"plasmacytoid dendritic cell
High expression of pDC-specific markers LILRA4, CLEC4C, IL3RA, IRF8, IRF4, and TLR9, along with a pathway score of +6.250, strongly confirms pDC identity. Minor inaccuracies in stage-1 annotation are not supported by evidence.",plasmacytoid dendritic cell,"High expression of pDC-specific markers LILRA4, CLEC4C, IL3RA, IRF8, IRF4, and TLR9, along with a pathway score of +6.250, strongly confirms pDC identity. Minor inaccuracies in stage-1 annotation are not supported by evidence.",1,1,YES,1
783,CCACGGAGTGCACGAA-1-3,plasmacytoid dendritic cell,"plasmacytoid dendritic cell
High expression of pDC-specific markers CLEC4C, LILRA4, IRF8, PTCRA, JCHAIN, and MZB1, along with strong pDC1 pathway score, confirms identity. No evidence for alternative cell types.",plasmacytoid dendritic cell,"High expression of pDC-specific markers CLEC4C, LILRA4, IRF8, PTCRA, JCHAIN, and MZB1, along with strong pDC1 pathway score, confirms identity. No evidence for alternative cell types.",1,1,YES,1
22951,CTCTAATTCCATGCTC-1-3,plasmacytoid dendritic cell,"plasmacytoid dendritic cell
High expression of pDC-specific markers CLEC4C, LILRA4, TCL1A, IRF8, IRF4, PACSIN1, PLD4, and JCHAIN, plus top pathway score (pDC +6.655) strongly supports identity. MZB1 and IGKC are also expressed but are known pDC-associated genes, not indicating plasma cell. Thus stage-1 annotation is confirmed.",plasmacytoid dendritic cell,"High expression of pDC-specific markers CLEC4C, LILRA4, TCL1A, IRF8, IRF4, PACSIN1, PLD4, and JCHAIN, plus top pathway score (pDC +6.655) strongly supports identity. MZB1 and IGKC are also expressed but are known pDC-associated genes, not indicating plasma cell. Thus stage-1 annotation is confirmed.",1,1,YES,1
11363,AACTGGTGTCTGCCAG-1-3,plasmacytoid dendritic cell,"plasmacytoid dendritic cell
Strong expression of canonical pDC markers CLEC4C, LILRA4, TCL1A, PTCRA, SHD, LAMP5, and MZB1. Pathway scoring confirms pDC as the most active program. Raw and TF-IDF gene lists further support this identity over plasma cell or other dendritic cell subtypes.",plasmacytoid dendritic cell,"Strong expression of canonical pDC markers CLEC4C, LILRA4, TCL1A, PTCRA, SHD, LAMP5, and MZB1. Pathway scoring confirms pDC as the most active program. Raw and TF-IDF gene lists further support this identity over plasma cell or other dendritic cell subtypes.",1,1,YES,1
35524,GGATTACCATCGACGC-1-3,plasmacytoid dendritic cell,"plasmacytoid dendritic cell
Strong expression of CLEC4C, LILRA4, TCL1A, PTCRA, SHD, and IRF8, with the highest pathway score for pDC, confirms identity. Minor JCHAIN and MZB1 are also typical in pDCs.",plasmacytoid dendritic cell,"Strong expression of CLEC4C, LILRA4, TCL1A, PTCRA, SHD, and IRF8, with the highest pathway score for pDC, confirms identity. Minor JCHAIN and MZB1 are also typical in pDCs.",1,1,YES,1
76808,CACAAACTCAGCTCTC-1-3,plasmacytoid dendritic cell,"plasmacytoid dendritic cell
The expression of canonical pDC markers CLEC4C, LILRA4, SCT, PTGDS, TCL1A, JCHAIN, MZB1, IRF8, and IRF4 strongly confirms pDC identity. The highest pathway score is for pDC, and the z-score rankings tightly align with known pDC-specific genes. Minor IGKC expression does not contradict the dominant pDC program.",plasmacytoid dendritic cell,"The expression of canonical pDC markers CLEC4C, LILRA4, SCT, PTGDS, TCL1A, JCHAIN, MZB1, IRF8, and IRF4 strongly confirms pDC identity. The highest pathway score is for pDC, and the z-score rankings tightly align with known pDC-specific genes. Minor IGKC expression does not contradict the dominant pDC program.",1,1,YES,1
3452,GACCAATTCCCTGACT-1-3,plasmacytoid dendritic cell,"plasmacytoid dendritic cell
The markers LILRA4, CLEC4C, TCL1A, PTCRA, JCHAIN, IRF8, and IRF4 are canonical for pDCs. Pathway scores show pDC program highest, followed by pre-DC. No evidence conflicts with the stage-1 annotation.",plasmacytoid dendritic cell,"The markers LILRA4, CLEC4C, TCL1A, PTCRA, JCHAIN, IRF8, and IRF4 are canonical for pDCs. Pathway scores show pDC program highest, followed by pre-DC. No evidence conflicts with the stage-1 annotation.",1,1,YES,1
4442,GAGTCCGCAAGTCTGT-1-3,plasmacytoid dendritic cell,"plasmacytoid dendritic cell
The top z-score markers include canonical pDC genes LILRA4, CLEC4C, TCL1A, and PTCRA. Pathway scores strongly favor pDC_resting and pDC_activated over cDC or monocyte. TF-IDF highlights PTGDS, GZMB, and IRF8, consistent with pDC identity. Thus, the stage-1 annotation is confirmed.",plasmacytoid dendritic cell,"The top z-score markers include canonical pDC genes LILRA4, CLEC4C, TCL1A, and PTCRA. Pathway scores strongly favor pDC_resting and pDC_activated over cDC or monocyte. TF-IDF highlights PTGDS, GZMB, and IRF8, consistent with pDC identity. Thus, the stage-1 annotation is confirmed.",1,1,YES,1
50584,AGTTGGTAGCGTCAAG-1-3,plasmacytoid dendritic cell,"plasmacytoid dendritic cell
High expression of CLEC4C, LILRA4, TCL1A, PTCRA, JCHAIN, IRF8, and IL3RA, with dominant pDC1 pathway score, confirms plasmacytoid dendritic cell. Minor markers like GZMB, PTGDS, and MZB1 are consistent with pDC heterogeneity. No other listed cell type matches this signature.",plasmacytoid dendritic cell,"High expression of CLEC4C, LILRA4, TCL1A, PTCRA, JCHAIN, IRF8, and IL3RA, with dominant pDC1 pathway score, confirms plasmacytoid dendritic cell. Minor markers like GZMB, PTGDS, and MZB1 are consistent with pDC heterogeneity. No other listed cell type matches this signature.",1,1,YES,1
7443,D322_Biop_Nas1_CTAGCCTGTCCGTCAG-1-0,pulmonary artery endothelial cell,"vein endothelial cell
High endothelial markers (CLDN5, TIE1, GJA5, SOX17, CXCL12, CDH5) and absence of lymphatic genes confirm blood vascular endothelium. Pathway scores show strongest capillary program but list lacks that; vein endothelial cell is the best match, consistent with stage‑1 annotation.",vein endothelial cell,"High endothelial markers (CLDN5, TIE1, GJA5, SOX17, CXCL12, CDH5) and absence of lymphatic genes confirm blood vascular endothelium. Pathway scores show strongest capillary program but list lacks that; vein endothelial cell is the best match, consistent with stage‑1 annotation.",0,1,NO,0
76126,D339_Biop_Nas1_GGGTTGCAGACTACAA-1-7,pulmonary artery endothelial cell,"pulmonary artery endothelial cell
High expression of arterial markers (CLDN5, GJA5, SOX17, TIE1, GPIHBP1) and pathway scores strongly support pulmonary artery endothelial identity over capillary or vein subtypes.",pulmonary artery endothelial cell,"High expression of arterial markers (CLDN5, GJA5, SOX17, TIE1, GPIHBP1) and pathway scores strongly support pulmonary artery endothelial identity over capillary or vein subtypes.",1,1,YES,1
1724,D344_Biop_Nas1_TGATTTCTCCTGTACC-1-11,pulmonary artery endothelial cell,"pulmonary artery endothelial cell
The cell expresses high levels of arterial endothelial markers (CLDN5, TIE1, GJA5, SOX17, CA4, SEMA3G, CXCL12) with the highest pathway score for pulmonary artery endothelial cells, confirming the stage-1 annotation. No evidence supports capillary, venous, or other cell types.",pulmonary artery endothelial cell,"The cell expresses high levels of arterial endothelial markers (CLDN5, TIE1, GJA5, SOX17, CA4, SEMA3G, CXCL12) with the highest pathway score for pulmonary artery endothelial cells, confirming the stage-1 annotation. No evidence supports capillary, venous, or other cell types.",1,1,YES,1
75552,D339_Biop_Nas1_CTCGAAAAGACACTAA-1-7,pulmonary artery endothelial cell,"pulmonary artery endothelial cell
Strong expression of endothelial markers (CLDN5, TIE1, GJA5, CA4, SEMA3G, SOX17) confirms a blood endothelial cell with arterial features. Pathway scores show highest similarity to nasal capillary endothelium, but among the provided list, pulmonary artery endothelial cell is the best match.",pulmonary artery endothelial cell,"Strong expression of endothelial markers (CLDN5, TIE1, GJA5, CA4, SEMA3G, SOX17) confirms a blood endothelial cell with arterial features. Pathway scores show highest similarity to nasal capillary endothelium, but among the provided list, pulmonary artery endothelial cell is the best match.",1,1,YES,1
1200,D322_Biop_Nas1_GGAGCAATCAACTCTT-1-0,pulmonary artery endothelial cell,"vein endothelial cell
The expression profile shows high levels of CLDN5, TIE1, GJA5, SOX17, SEMA3G, and CDH5, with absence of lymphatic (PROX1/LYVE1) or arterial markers. Pathway scores highest for nasal_venous_endothelial, confirming this identity.",vein endothelial cell,"The expression profile shows high levels of CLDN5, TIE1, GJA5, SOX17, SEMA3G, and CDH5, with absence of lymphatic (PROX1/LYVE1) or arterial markers. Pathway scores highest for nasal_venous_endothelial, confirming this identity.",0,1,NO,0
71615,D322_Biop_Nas1_TTGTAGGCAAGCCGCT-1-0,pulmonary artery endothelial cell,"vein endothelial cell
High expression of CLDN5, TIE1, CXCL12, GJA5, SOX17, and CDH5 confirms blood vessel endothelial identity. Lack of lymphatic markers (e.g., PROX1) and highest pathway score for venous endothelial cells support the vein subtype, consistent with nose vasculature.",vein endothelial cell,"High expression of CLDN5, TIE1, CXCL12, GJA5, SOX17, and CDH5 confirms blood vessel endothelial identity. Lack of lymphatic markers (e.g., PROX1) and highest pathway score for venous endothelial cells support the vein subtype, consistent with nose vasculature.",0,1,NO,0
44477,D322_Biop_Nas1_ACAGCCGCAGGTCGTC-1-0,pulmonary artery endothelial cell,"vein endothelial cell

The gene expression profile (CLDN5, CDH5, PECAM1, TIE1, ECSCR) strongly confirms blood endothelium, with no lymphatic-specific markers (e.g., PROX1, PDPN). Although arterial markers GJA5 and SOX17 are present, the only blood endothelial subtype in the list is vein endothelial cell. Pulmonary artery endothelial cell is lung-specific and less likely in nose tissue, so vein endothelial cell remains the most appropriate choice.",vein endothelial cell,"The gene expression profile (CLDN5, CDH5, PECAM1, TIE1, ECSCR) strongly confirms blood endothelium, with no lymphatic-specific markers (e.g., PROX1, PDPN). Although arterial markers GJA5 and SOX17 are present, the only blood endothelial subtype in the list is vein endothelial cell. Pulmonary artery endothelial cell is lung-specific and less likely in nose tissue, so vein endothelial cell remains the most appropriate choice.",0,1,NO,0
62438,D339_Biop_Nas1_TCAGGTAAGTTAAGTG-1-7,pulmonary artery endothelial cell,"pulmonary artery endothelial cell
High expression of arterial markers (GJA5, TIE1, SOX17, CLDN5) and top pathway score for pulmonary artery endothelial cell confirm the annotation despite nose tissue context.",pulmonary artery endothelial cell,"High expression of arterial markers (GJA5, TIE1, SOX17, CLDN5) and top pathway score for pulmonary artery endothelial cell confirm the annotation despite nose tissue context.",1,1,YES,1
51915,D322_Biop_Nas1_GTACGTAGTTAAAGTG-1-0,pulmonary artery endothelial cell,"pulmonary artery endothelial cell
Expression of arterial markers (GJA5, SOX17, TIE1, SEMA3G) and highest pathway score for nasal arterial endothelial cell indicate arterial rather than venous identity. Among available options, only “pulmonary artery endothelial cell” represents an arterial subtype, despite the nose tissue context.",pulmonary artery endothelial cell,"Expression of arterial markers (GJA5, SOX17, TIE1, SEMA3G) and highest pathway score for nasal arterial endothelial cell indicate arterial rather than venous identity. Among available options, only “pulmonary artery endothelial cell” represents an arterial subtype, despite the nose tissue context.",1,1,YES,1
38641,ATGCTACAATGGAAT_GRO-01_nasal_brush,respiratory basal cell,"respiratory basal cell
High expression of classic basal markers (TP63, KRT5, KRT15, KRT17, PDPN) and strongly positive basal stem cell pathway score confirm basal cell identity. Negative scores for club/goblet cells exclude other subtypes.",respiratory basal cell,"High expression of classic basal markers (TP63, KRT5, KRT15, KRT17, PDPN) and strongly positive basal stem cell pathway score confirm basal cell identity. Negative scores for club/goblet cells exclude other subtypes.",1,1,YES,1
61027,CTGGTAGACACGAC_GRO-01_nasal_brush,respiratory basal cell,"respiratory basal cell
High expression of TP63, KRT15, KRT17, and PDPN, along with strong pathway score for quiescent basal cell, confirms basal identity. No markers of ciliated, goblet, or club cells are enriched.",respiratory basal cell,"High expression of TP63, KRT15, KRT17, and PDPN, along with strong pathway score for quiescent basal cell, confirms basal identity. No markers of ciliated, goblet, or club cells are enriched.",1,1,YES,1
7827,TCAACGAAGGCCCTTG-1-2,respiratory basal cell,"respiratory basal cell
High expression of TP63, KRT5, KRT15, KRT17, SNAI2, DLK2, and NPPC confirms basal identity. Pathway scores strongly favor basal progenitor and stem cell programs, while other airway subtypes are negative. The profile matches respiratory basal cells of the nasal mucosa.",respiratory basal cell,"High expression of TP63, KRT5, KRT15, KRT17, SNAI2, DLK2, and NPPC confirms basal identity. Pathway scores strongly favor basal progenitor and stem cell programs, while other airway subtypes are negative. The profile matches respiratory basal cells of the nasal mucosa.",1,1,YES,1
2990,D339_Biop_Nas1_AAATGCCAGTTACCCA-1-7,respiratory basal cell,"respiratory basal cell
High expression of TP63, KRT15, KRT17, KRT5, NKX2-1, PDPN, and SNAI2 in cell-specific gene lists, along with a strong pathway score of +0.619 for respiratory basal cell and no conflicting markers, confirms the stage-1 annotation.",respiratory basal cell,"High expression of TP63, KRT15, KRT17, KRT5, NKX2-1, PDPN, and SNAI2 in cell-specific gene lists, along with a strong pathway score of +0.619 for respiratory basal cell and no conflicting markers, confirms the stage-1 annotation.",1,1,YES,1
14449,GATGCTATCCGCAGTG-1-3,respiratory basal cell,"respiratory basal cell
Highly expressed TP63, KRT5, KRT15, KRT17, BCAM, PDPN, SPINK5, and active suprabasal/basal stem cell programs strongly confirm basal epithelial identity, consistent with respiratory basal cells in nasal epithelium.",respiratory basal cell,"Highly expressed TP63, KRT5, KRT15, KRT17, BCAM, PDPN, SPINK5, and active suprabasal/basal stem cell programs strongly confirm basal epithelial identity, consistent with respiratory basal cells in nasal epithelium.",1,1,YES,1
5561,ACGAGCCCAGCGAACA-1-5,respiratory basal cell,"respiratory basal cell
The expression profile strongly supports a respiratory basal cell identity: high specificity of TP63, KRT15, KRT17, and KRT5 (z-scores, TF-IDF, raw expression). Pathway scores confirm basal cell activity (0.539) with suprabasal or other lineages negative. NKX2-1 and SNAI2 further indicate basal/progenitor state. No evidence of hillock (lacks KRT13/KRT4 dominance) or differentiation toward ciliated/goblet cells.",respiratory basal cell,"The expression profile strongly supports a respiratory basal cell identity: high specificity of TP63, KRT15, KRT17, and KRT5 (z-scores, TF-IDF, raw expression). Pathway scores confirm basal cell activity (0.539) with suprabasal or other lineages negative. NKX2-1 and SNAI2 further indicate basal/progenitor state. No evidence of hillock (lacks KRT13/KRT4 dominance) or differentiation toward ciliated/goblet cells.",1,1,YES,1
67812,D339_Biop_Nas1_TCGGGACCAAACGCGA-1-7,respiratory basal cell,"respiratory basal cell
High expression and specificity of TP63, KRT15, KRT17, KRT5, and SNAI2 confirm basal cell identity. The top pathway score (respiratory basal cells: +0.444) strongly aligns with this type. No conflicting markers for other subtypes.",respiratory basal cell,"High expression and specificity of TP63, KRT15, KRT17, KRT5, and SNAI2 confirm basal cell identity. The top pathway score (respiratory basal cells: +0.444) strongly aligns with this type. No conflicting markers for other subtypes.",1,1,YES,1
39896,TCTTCGTCTACTTAC_GRO-01_nasal_brush,respiratory basal cell,"respiratory basal cell
Strong expression of TP63, KRT15, KRT17, BCAM, NKX2-1, and KRT5 confirms respiratory basal cell identity. High z-scores for these markers and activated respiratory basal pathway score (+0.533) further support. No conflicting markers for other cell types.",respiratory basal cell,"Strong expression of TP63, KRT15, KRT17, BCAM, NKX2-1, and KRT5 confirms respiratory basal cell identity. High z-scores for these markers and activated respiratory basal pathway score (+0.533) further support. No conflicting markers for other cell types.",1,1,YES,1
47168,TAGGCCAGTACCGGA_GRO-01_nasal_brush,respiratory basal cell,"respiratory basal cell
High expression of TP63, KRT15, KRT17, SNAI2, PDPN, and SPINK5 confirms basal cell identity. Pathway scores strongly favor basal stem/progenitor programs with low ciliated/goblet scores, consistent with respiratory basal cells in nasal mucosa.",respiratory basal cell,"High expression of TP63, KRT15, KRT17, SNAI2, PDPN, and SPINK5 confirms basal cell identity. Pathway scores strongly favor basal stem/progenitor programs with low ciliated/goblet scores, consistent with respiratory basal cells in nasal mucosa.",1,1,YES,1
47851,TGAGGGAGTCAACTGT_GRO-09_nasal_brush,respiratory basal cell,"respiratory basal cell
Strong expression of TP63, KRT5, KRT15, KRT17, and SNAI2, along with the highest pathway score for respiratory basal stem cell, confirms the identity as a respiratory basal cell from nasal tissue.",respiratory basal cell,"Strong expression of TP63, KRT5, KRT15, KRT17, and SNAI2, along with the highest pathway score for respiratory basal stem cell, confirms the identity as a respiratory basal cell from nasal tissue.",1,1,YES,1
16165,D339_Biop_Nas1_CCTACACCAGAAGCAC-1-7,respiratory basal cell,"respiratory basal cell
The expression of TP63, KRT5, KRT15, KRT17, PDPN, DLK2, SERPINF1, and DKK3 is characteristic of respiratory basal cells. The nasal basal stem cell pathway score (+0.931) strongly dominates, confirming basal identity with no significant ciliated or secretory markers.",respiratory basal cell,"The expression of TP63, KRT5, KRT15, KRT17, PDPN, DLK2, SERPINF1, and DKK3 is characteristic of respiratory basal cells. The nasal basal stem cell pathway score (+0.931) strongly dominates, confirming basal identity with no significant ciliated or secretory markers.",1,1,YES,1
1257,TCATTACGTATCAGTC-1-4,respiratory basal cell,"respiratory basal cell
High canonical basal markers TP63, KRT15, KRT17, KRT5, along with DLK2, NPPC, SNAI2, and a basal pathway score of +0.833 strongly confirm respiratory basal cell identity. No conflicting evidence for other subtypes.",respiratory basal cell,"High canonical basal markers TP63, KRT15, KRT17, KRT5, along with DLK2, NPPC, SNAI2, and a basal pathway score of +0.833 strongly confirm respiratory basal cell identity. No conflicting evidence for other subtypes.",1,1,YES,1
427,D344_Biop_Nas1_GGATTACAGTGCCATT-1-11,respiratory basal cell,"respiratory basal cell
High expression of TP63, KRT5, KRT15, KRT17, NKX2-1, and SNAI2 are classic basal cell markers. Pathway score strongly favors quiescent basal cell (0.827). No evidence for goblet, ciliated, or other lineages.",respiratory basal cell,"High expression of TP63, KRT5, KRT15, KRT17, NKX2-1, and SNAI2 are classic basal cell markers. Pathway score strongly favors quiescent basal cell (0.827). No evidence for goblet, ciliated, or other lineages.",1,1,YES,1
57635,D339_Biop_Nas1_CCCAATCAGACAAAGG-1-7,respiratory basal cell,"respiratory basal cell
High expression of TP63, KRT15, KRT17, KRT5, SNAI2, and PDPN, along with a very high basal stem cell pathway score (0.954), strongly confirms respiratory basal cell identity.",respiratory basal cell,"High expression of TP63, KRT15, KRT17, KRT5, SNAI2, and PDPN, along with a very high basal stem cell pathway score (0.954), strongly confirms respiratory basal cell identity.",1,1,YES,1
55582,CATCAGAAGGAGCGTT_GRO-01_nasal_brush,respiratory basal cell,"respiratory basal cell
Strong expression of TP63, KRT15, KRT17, KRT5, and SNAI2, along with high basal cell pathway score (+0.583) and low scores for suprabasal, goblet, and ciliated cells, confirms respiratory basal cell identity in nasal epithelium. No conflicting markers for alternative subtypes.",respiratory basal cell,"Strong expression of TP63, KRT15, KRT17, KRT5, and SNAI2, along with high basal cell pathway score (+0.583) and low scores for suprabasal, goblet, and ciliated cells, confirms respiratory basal cell identity in nasal epithelium. No conflicting markers for alternative subtypes.",1,1,YES,1
20318,GTTCGGGAGAAACCGC-1-5,respiratory basal cell,"respiratory basal cell
High expression of TP63, KRT15, KRT17, and KRT5 with strong pathway score (0.757) for basal cells confirms respiratory basal cell identity in nasal epithelium.",respiratory basal cell,"High expression of TP63, KRT15, KRT17, and KRT5 with strong pathway score (0.757) for basal cells confirms respiratory basal cell identity in nasal epithelium.",1,1,YES,1
3936,CTAGTGAGTCTAGTCA-1-5,respiratory basal cell,"respiratory basal cell
High expression of TP63, KRT5, KRT15, KRT17, PDPN, and KRT19, along with top specificity scores for these markers, confirms the identity. Pathway analysis shows strongest activation of respiratory basal cell (quiescent) program. The combined evidence robustly supports the stage-1 annotation.",respiratory basal cell,"High expression of TP63, KRT5, KRT15, KRT17, PDPN, and KRT19, along with top specificity scores for these markers, confirms the identity. Pathway analysis shows strongest activation of respiratory basal cell (quiescent) program. The combined evidence robustly supports the stage-1 annotation.",1,1,YES,1
54246,D339_Biop_Nas1_CTAATGGCATGCCCGA-1-7,respiratory basal cell,"respiratory basal cell
High expression of basal markers KRT5, KRT15, KRT17, TP63, and top pathway score for basal stem cell. Specific genes like DLK2, NPPC, and BCAM further support basal identity, with no strong secretory or ciliated markers.",respiratory basal cell,"High expression of basal markers KRT5, KRT15, KRT17, TP63, and top pathway score for basal stem cell. Specific genes like DLK2, NPPC, and BCAM further support basal identity, with no strong secretory or ciliated markers.",1,1,YES,1
3989,D344_Biop_Nas1_ATAGACCTCCCTCAGT-1-11,respiratory basal cell,"respiratory basal cell
High expression of basal cell markers KRT5, KRT15, KRT17, TP63, and PDPN, with strong basal cell pathway score (0.722) and negative scores for ciliated, goblet, and club cells. TF-IDF and z-score specificity further confirm the identity.",respiratory basal cell,"High expression of basal cell markers KRT5, KRT15, KRT17, TP63, and PDPN, with strong basal cell pathway score (0.722) and negative scores for ciliated, goblet, and club cells. TF-IDF and z-score specificity further confirm the identity.",1,1,YES,1
75505,ACACGCAGGGAAACA_GRO-01_nasal_brush,respiratory basal cell,"respiratory basal cell
Strong expression of basal cell markers KRT15, TP63, KRT17, DLK2, SNAI2, and PDPN, plus NKX2-1, confirms respiratory basal identity. The highest pathway score (0.903) for respiratory basal cell, with negative scores for differentiated types, supports the stage-1 annotation. No conflicting evidence suggests a different subtype.",respiratory basal cell,"Strong expression of basal cell markers KRT15, TP63, KRT17, DLK2, SNAI2, and PDPN, plus NKX2-1, confirms respiratory basal identity. The highest pathway score (0.903) for respiratory basal cell, with negative scores for differentiated types, supports the stage-1 annotation. No conflicting evidence suggests a different subtype.",1,1,YES,1
33596,CTACCCACAGGTCGTC-1-2,respiratory tract hillock cell,"respiratory basal cell
The gene expression profile (high KRT5, KRT14, KRT17, IVL, SPRR1B, DSG3) and top pathway scores (cycling_basal_cell, suprabasal_cell, basal_stem_cell) strongly confirm basal epithelial identity in nasal respiratory epithelium. No markers for goblet, ciliated, or immune cells are present.",respiratory basal cell,"The gene expression profile (high KRT5, KRT14, KRT17, IVL, SPRR1B, DSG3) and top pathway scores (cycling_basal_cell, suprabasal_cell, basal_stem_cell) strongly confirm basal epithelial identity in nasal respiratory epithelium. No markers for goblet, ciliated, or immune cells are present.",0,1,NO,0
50957,AACTGGTAGCTCCTTC-1-5,respiratory tract hillock cell,"respiratory tract hillock cell
High expression of KRT5, KRT13, KRT14, KRT16, KRT6A, cornification markers (IVL, SPRRs), S100A7/8/9, LY6D, and proliferation markers (MKI67, CDC20) is characteristic of hillock cells, a suprabasal squamous epithelial cell type in nasal mucosa. Pathway scores for suprabasal/intermediate and squamous transitioning states further support this over generic respiratory basal cell.",respiratory tract hillock cell,"High expression of KRT5, KRT13, KRT14, KRT16, KRT6A, cornification markers (IVL, SPRRs), S100A7/8/9, LY6D, and proliferation markers (MKI67, CDC20) is characteristic of hillock cells, a suprabasal squamous epithelial cell type in nasal mucosa. Pathway scores for suprabasal/intermediate and squamous transitioning states further support this over generic respiratory basal cell.",1,1,YES,1
12167,GCGGGTTTCGCTTGTC-1-5,respiratory tract hillock cell,"respiratory tract hillock cell

High expression of keratins (KRT13, KRT17, KRT5, KRT14, KRT6A), cornified envelope markers (IVL, SPRR1B, SPRR2D), S100A7/S100A8, and LY6D aligns with hillock cell identity. Suprabasal pathway score is highest, and the specific gene set (including DSG3, DSC3, and multiple SPRR family members) is characteristic of hillock cells rather than typical basal cells.",respiratory tract hillock cell,"High expression of keratins (KRT13, KRT17, KRT5, KRT14, KRT6A), cornified envelope markers (IVL, SPRR1B, SPRR2D), S100A7/S100A8, and LY6D aligns with hillock cell identity. Suprabasal pathway score is highest, and the specific gene set (including DSG3, DSC3, and multiple SPRR family members) is characteristic of hillock cells rather than typical basal cells.",1,1,YES,1
73049,D322_Biop_Nas1_GCGGGTTCAATCGGTT-1-0,respiratory tract hillock cell,"respiratory tract hillock cell
High expression of basal markers KRT5, KRT14 combined with strong suprabasal markers KRT13, KRT16, IVL, SPRR1B, S100A7, and LY6D indicates a suprabasal phenotype distinct from typical basal cells. This pattern aligns with hillock cells, a known suprabasal population in nasal epithelium.",respiratory tract hillock cell,"High expression of basal markers KRT5, KRT14 combined with strong suprabasal markers KRT13, KRT16, IVL, SPRR1B, S100A7, and LY6D indicates a suprabasal phenotype distinct from typical basal cells. This pattern aligns with hillock cells, a known suprabasal population in nasal epithelium.",1,1,YES,1
54487,GATGAGGTCAGAGCTT-1-5,respiratory tract hillock cell,"respiratory tract hillock cell
The profile shows high expression of KRT13, KRT14, KRT5, KRT6A, cornified envelope genes (IVL, SPRR1B, SPRR2D), and suprabasal/squamous metaplasia markers (S100A7, S100A8, S100A9), which are hallmarks of hillock cells in the nasal epithelium, not typical basal cells.",respiratory tract hillock cell,"The profile shows high expression of KRT13, KRT14, KRT5, KRT6A, cornified envelope genes (IVL, SPRR1B, SPRR2D), and suprabasal/squamous metaplasia markers (S100A7, S100A8, S100A9), which are hallmarks of hillock cells in the nasal epithelium, not typical basal cells.",1,1,YES,1
35683,ACGGCCATCCGCATCT-1-7,respiratory tract hillock cell,"respiratory basal cell
The expression profile strongly matches respiratory basal cells: high keratins (KRT14, KRT5, KRT6A, KRT17, KRT13, KRT16), cornified envelope proteins (IVL, SPRR1B, SPRR2D), and desmosomal components (DSG3, DSC3). Proliferation markers (MKI67, RRM2, CDC20) indicate active cycling. Pathway scores show high basal activity and negative scores for ciliated, club, and goblet programs, confirming basal cell identity in the nasal epithelium.",respiratory basal cell,"The expression profile strongly matches respiratory basal cells: high keratins (KRT14, KRT5, KRT6A, KRT17, KRT13, KRT16), cornified envelope proteins (IVL, SPRR1B, SPRR2D), and desmosomal components (DSG3, DSC3). Proliferation markers (MKI67, RRM2, CDC20) indicate active cycling. Pathway scores show high basal activity and negative scores for ciliated, club, and goblet programs, confirming basal cell identity in the nasal epithelium.",0,1,NO,0
36748,GGAACTTAGATATGGT-1-5,respiratory tract hillock cell,"respiratory tract hillock cell
The expression of KRT13, LY6D, SBSN, and numerous cornification markers (IVL, SPRRs, S100A7) alongside basal keratins (KRT5, KRT14) indicates a suprabasal phenotype. Pathway scores confirm suprabasal cell as the most active program, consistent with hillock cells in the nasal mucosa.",respiratory tract hillock cell,"The expression of KRT13, LY6D, SBSN, and numerous cornification markers (IVL, SPRRs, S100A7) alongside basal keratins (KRT5, KRT14) indicates a suprabasal phenotype. Pathway scores confirm suprabasal cell as the most active program, consistent with hillock cells in the nasal mucosa.",1,1,YES,1
71251,TACTTGTGTTGAGGTG-1-5,respiratory tract hillock cell,"respiratory basal cell
High expression of basal cell markers (KRT14, KRT5, KRT6A, KRT17) and cornified envelope components (IVL, SPRRs) along with proliferation markers (MKI67, CDC20, RRM2) and strong pathway scores for basal stem cell and proliferating basal cell confirm the respiratory basal cell identity in nasal epithelium.",respiratory basal cell,"High expression of basal cell markers (KRT14, KRT5, KRT6A, KRT17) and cornified envelope components (IVL, SPRRs) along with proliferation markers (MKI67, CDC20, RRM2) and strong pathway scores for basal stem cell and proliferating basal cell confirm the respiratory basal cell identity in nasal epithelium.",0,1,NO,0
42241,GTGCAGCCAGGCGATA-1-5,respiratory tract hillock cell,"respiratory tract hillock cell
High expression of basal markers (KRT5, KRT14, KRT6A) combined with cornified envelope genes (IVL, SPRR1B, SPRR2D) and S100A7/S100A8/S100A9/A, along with FN1, MMP9, and KRT13, strongly matches hillock cell identity rather than typical respiratory basal cell.",respiratory tract hillock cell,"High expression of basal markers (KRT5, KRT14, KRT6A) combined with cornified envelope genes (IVL, SPRR1B, SPRR2D) and S100A7/S100A8/S100A9/A, along with FN1, MMP9, and KRT13, strongly matches hillock cell identity rather than typical respiratory basal cell.",1,1,YES,1
23732,GGCTCGAGTATGCTTG-1-5,respiratory tract hillock cell,"respiratory basal cell
High expression of basal markers KRT5, KRT14, KRT17 and S100A2, with respiratory basal cell pathway score highest (0.856). The presence of some suprabasal markers (KRT13, SPRR) reflects normal differentiation but does not override the dominant basal identity. Not hillock cells (lacking KRT4) nor other lineages.",respiratory basal cell,"High expression of basal markers KRT5, KRT14, KRT17 and S100A2, with respiratory basal cell pathway score highest (0.856). The presence of some suprabasal markers (KRT13, SPRR) reflects normal differentiation but does not override the dominant basal identity. Not hillock cells (lacking KRT4) nor other lineages.",0,1,NO,0
45072,ACGTCAATCCTACAGA-1-2,respiratory tract hillock cell,"respiratory tract hillock cell
The profile combines basal markers (KRT5, KRT14, KRT17) with suprabasal/cornification markers (IVL, SPRR1B, SPRR2D, DSG3, S100A7, SBSN) and proliferation genes. This mixed basal-suprabasal program is characteristic of nasal hillock cells, not typical respiratory basal cells.",respiratory tract hillock cell,"The profile combines basal markers (KRT5, KRT14, KRT17) with suprabasal/cornification markers (IVL, SPRR1B, SPRR2D, DSG3, S100A7, SBSN) and proliferation genes. This mixed basal-suprabasal program is characteristic of nasal hillock cells, not typical respiratory basal cells.",1,1,YES,1
12956,TCAGCAAAGTTAAGTG-1-5,respiratory tract hillock cell,"respiratory basal cell
High expression of basal markers (KRT5, KRT14, KRT17, KRT6A) and cornified envelope genes (SPRRs, IVL) along with positive pathway scores for both proliferating and quiescent basal cells confirm this identity. No evidence for ciliated or goblet cell differentiation.",respiratory basal cell,"High expression of basal markers (KRT5, KRT14, KRT17, KRT6A) and cornified envelope genes (SPRRs, IVL) along with positive pathway scores for both proliferating and quiescent basal cells confirm this identity. No evidence for ciliated or goblet cell differentiation.",0,1,NO,0
20075,TCGAGGCAGCCCAATT-1-5,respiratory tract hillock cell,"respiratory basal cell
The expression profile shows strong basal epithelial markers (KRT14, KRT5, KRT6A, KRT17, KRT13, KRT16), cornified envelope proteins (IVL, SPRR1B, SPRR2D, SPRR2E), and proliferation genes (MKI67, CDC20, RRM2). Pathway scores confirm highest activity in proliferating respiratory basal cells, and suprabasal/parabasal markers are present but lower. This matches proliferating respiratory basal cells in the nasal epithelium.",respiratory basal cell,"The expression profile shows strong basal epithelial markers (KRT14, KRT5, KRT6A, KRT17, KRT13, KRT16), cornified envelope proteins (IVL, SPRR1B, SPRR2D, SPRR2E), and proliferation genes (MKI67, CDC20, RRM2). Pathway scores confirm highest activity in proliferating respiratory basal cells, and suprabasal/parabasal markers are present but lower. This matches proliferating respiratory basal cells in the nasal epithelium.",0,1,NO,0
42440,D322_Biop_Nas1_ACACCGGCACCTCGGA-1-0,respiratory tract hillock cell,"respiratory basal cell
High expression of basal cell markers KRT5, KRT14, KRT17, KRT6A and proliferation genes (MKI67, RRM2) combined with cornified envelope precursors (IVL, SPRRs, S100A7) and matrix remodeling (MMP9, FN1) strongly identifies a proliferating respiratory basal cell. Pathway scores confirm highest enrichment for Proliferating Basal Cell.",respiratory basal cell,"High expression of basal cell markers KRT5, KRT14, KRT17, KRT6A and proliferation genes (MKI67, RRM2) combined with cornified envelope precursors (IVL, SPRRs, S100A7) and matrix remodeling (MMP9, FN1) strongly identifies a proliferating respiratory basal cell. Pathway scores confirm highest enrichment for Proliferating Basal Cell.",0,1,NO,0
12426,D322_Biop_Nas1_CATTCGCTCTCGAGTA-1-0,respiratory tract hillock cell,"respiratory tract hillock cell
The expression profile (high KRT5/14/6A, plus suprabasal markers KRT13, SPRR1B, IVL, SBSN, DSG3, S100A7) matches hillock cells, which are stratified squamous-like cells in the respiratory epithelium, not typical basal cells. The pathway scores (Suprabasal +0.9) confirm this distinction.",respiratory tract hillock cell,"The expression profile (high KRT5/14/6A, plus suprabasal markers KRT13, SPRR1B, IVL, SBSN, DSG3, S100A7) matches hillock cells, which are stratified squamous-like cells in the respiratory epithelium, not typical basal cells. The pathway scores (Suprabasal +0.9) confirm this distinction.",1,1,YES,1
54010,ATCATGGAGTCAAGGC-1-7,respiratory tract hillock cell,Respiratory basal cell,Respiratory basal cell,,0,1,NO,0
40279,AATCCAGAGGCGATAC-1-5,respiratory tract hillock cell,"respiratory basal cell
High expression of basal keratins (KRT14, KRT5, KRT6A, KRT17, KRT16), cornified envelope genes (IVL, SPRRs), and proliferation markers (MKI67, CDC20, RRM2) confirms a respiratory basal cell. Pathway scores show stronger activation of ""proliferating basal cell"" vs. ""resting basal cell,"" consistent with the observed mitotic signature. No conflicting evidence for other cell types.",respiratory basal cell,"High expression of basal keratins (KRT14, KRT5, KRT6A, KRT17, KRT16), cornified envelope genes (IVL, SPRRs), and proliferation markers (MKI67, CDC20, RRM2) confirms a respiratory basal cell. Pathway scores show stronger activation of ""proliferating basal cell"" vs. ""resting basal cell,"" consistent with the observed mitotic signature. No conflicting evidence for other cell types.",0,1,NO,0
32599,TTGCCGTTCATGTCCC-1-5,respiratory tract hillock cell,"respiratory tract hillock cell
Strong co-expression of basal markers (KRT5, KRT14, KRT17) with squamous differentiation genes (SPRRs, IVL, S100A7–A9, SERPINB3/4, KRT13) and proliferation markers (MKI67, RRM2, CDC20), plus high FN1, MMP9, TNC, matches the molecular signature of proliferating hillock cells in nasal respiratory epithelium, rather than quiescent basal cells.",respiratory tract hillock cell,"Strong co-expression of basal markers (KRT5, KRT14, KRT17) with squamous differentiation genes (SPRRs, IVL, S100A7–A9, SERPINB3/4, KRT13) and proliferation markers (MKI67, RRM2, CDC20), plus high FN1, MMP9, TNC, matches the molecular signature of proliferating hillock cells in nasal respiratory epithelium, rather than quiescent basal cells.",1,1,YES,1
73141,CTGATAGTCGTATCAG-1-5,respiratory tract hillock cell,"Respiratory basal cell
The expression profile heavily features basal epithelial markers (KRT5, KRT14, KRT6A, KRT17, DSG3, COL17A1) and proliferation markers (MKI67, CDC20, RRM2), along with top pathway scores for both proliferating and non-proliferating respiratory basal cells. This confirms the stage-1 annotation.",Respiratory basal cell,"The expression profile heavily features basal epithelial markers (KRT5, KRT14, KRT6A, KRT17, DSG3, COL17A1) and proliferation markers (MKI67, CDC20, RRM2), along with top pathway scores for both proliferating and non-proliferating respiratory basal cells. This confirms the stage-1 annotation.",0,1,NO,0
20873,ACATACGAGTGACTCT-1-3,respiratory tract hillock cell,"respiratory basal cell
High expression of basal keratins (KRT14, KRT5, KRT6A, KRT17) and S100 proteins, along with proliferation markers (MKI67, CDC20) and cornified envelope genes (IVL, SPRRs), confirms a proliferative respiratory basal cell in nasal mucosa. Pathway scores with highest activity in ""proliferating basal cells"" support this.",respiratory basal cell,"High expression of basal keratins (KRT14, KRT5, KRT6A, KRT17) and S100 proteins, along with proliferation markers (MKI67, CDC20) and cornified envelope genes (IVL, SPRRs), confirms a proliferative respiratory basal cell in nasal mucosa. Pathway scores with highest activity in ""proliferating basal cells"" support this.",0,1,NO,0
65403,D344_Biop_Nas1_CCAGCGACATCCTTGC-1-11,serous secreting cell,"serous secreting cell
High expression of proline-rich proteins (PRB1-4, PRR4, PRH2), lactotransferrin, PIP, statherin, MUC7, and strong serous gland pathway score (+5.841) confirms serous secretory identity typical of nasal glands.",serous secreting cell,"High expression of proline-rich proteins (PRB1-4, PRR4, PRH2), lactotransferrin, PIP, statherin, MUC7, and strong serous gland pathway score (+5.841) confirms serous secretory identity typical of nasal glands.",1,1,YES,1
73813,D344_Biop_Nas1_GTAACGTCAAACAACA-1-11,serous secreting cell,"serous secreting cell
Top genes (STATH, PRB family, PIP, LTF, BPIFA1) and high Serous acinar/demilune pathway scores confirm serous secretory identity in nasal submucosal glands, with no mucous/goblet markers.",serous secreting cell,"Top genes (STATH, PRB family, PIP, LTF, BPIFA1) and high Serous acinar/demilune pathway scores confirm serous secretory identity in nasal submucosal glands, with no mucous/goblet markers.",1,1,YES,1
47681,D344_Biop_Nas1_GCGCCAATCGTTTAGG-1-11,serous secreting cell,"serous secreting cell
The expression profile (STATH, LTF, PIP, LYZ, PRB1-4, PRR4, BPIFA1) and high pathway score (+3.339 for serous secreting cell) confirm serous secretory identity. Lower scores for goblet cell (+0.805) and mucous gland cell (+0.673) rule out those subtypes. This matches known nasal serous gland markers.",serous secreting cell,"The expression profile (STATH, LTF, PIP, LYZ, PRB1-4, PRR4, BPIFA1) and high pathway score (+3.339 for serous secreting cell) confirm serous secretory identity. Lower scores for goblet cell (+0.805) and mucous gland cell (+0.673) rule out those subtypes. This matches known nasal serous gland markers.",1,1,YES,1
25287,D344_Biop_Nas1_CTCGGGAGTATCAGTC-1-11,serous secreting cell,"serous secreting cell
The gene expression profile (STATH, PIP, PRB family, LTF, LYZ, BPIFA1) and top pathway scores (nasal gland serous cell, salivary-like serous cell) strongly confirm a serous secretory identity. The absence of mucous markers (e.g., MUC5AC) and presence of watery secretion markers align with serous cells in nasal glands.",serous secreting cell,"The gene expression profile (STATH, PIP, PRB family, LTF, LYZ, BPIFA1) and top pathway scores (nasal gland serous cell, salivary-like serous cell) strongly confirm a serous secretory identity. The absence of mucous markers (e.g., MUC5AC) and presence of watery secretion markers align with serous cells in nasal glands.",1,1,YES,1
46429,D339_Biop_Nas1_CACACCTAGGCTAGAC-1-7,serous secreting cell,"serous secreting cell
The top genes (STATH, PRB family, LTF, PIP) and high z-scores for PRB4, PRB1, PRB3, MUC7, and LYZ are classic markers of serous secretory cells. The pathway score for serous cell is strongly positive (+4.409), while goblet and mucous scores are near zero. This confirms the stage-1 annotation.",serous secreting cell,"The top genes (STATH, PRB family, LTF, PIP) and high z-scores for PRB4, PRB1, PRB3, MUC7, and LYZ are classic markers of serous secretory cells. The pathway score for serous cell is strongly positive (+4.409), while goblet and mucous scores are near zero. This confirms the stage-1 annotation.",1,1,YES,1
23805,D344_Biop_Nas1_CGGAGCTAGAAACCAT-1-11,serous secreting cell,"Serous secreting cell
High expression of serous markers (STATH, LTF, PIP, PRB family, BPIFA1, LYZ) and high pathway score for serous secretory cell (+5.394) strongly support this identity. The profile lacks goblet or ciliated cell signatures.",Serous secreting cell,"High expression of serous markers (STATH, LTF, PIP, PRB family, BPIFA1, LYZ) and high pathway score for serous secretory cell (+5.394) strongly support this identity. The profile lacks goblet or ciliated cell signatures.",1,1,YES,1
2903,D344_Biop_Nas1_TAGGCATTCCGAAGAG-1-11,serous secreting cell,"serous secreting cell
High expression of STATH, LYZ, BPIFA1, LTF, PRB family, and PIP, along with strong pathway enrichment for nasal serous gland cell (z=+4.038), confirms serous secretory identity in nasal mucosa.",serous secreting cell,"High expression of STATH, LYZ, BPIFA1, LTF, PRB family, and PIP, along with strong pathway enrichment for nasal serous gland cell (z=+4.038), confirms serous secretory identity in nasal mucosa.",1,1,YES,1
28314,D344_Biop_Nas1_AAACGGGAGACCGGAT-1-11,serous secreting cell,"serous secreting cell
High expression of STATH, SLPI, PRB family, LTF, PIP, and BPIFA1 is hallmark of nasal serous glands. Pathway score strongly supports serous secreting cell identity (+4.332), while other cell types score near zero. This confirms the stage-1 annotation.",serous secreting cell,"High expression of STATH, SLPI, PRB family, LTF, PIP, and BPIFA1 is hallmark of nasal serous glands. Pathway score strongly supports serous secreting cell identity (+4.332), while other cell types score near zero. This confirms the stage-1 annotation.",1,1,YES,1
17520,D344_Biop_Nas1_CTCGGAGGTTCTCATT-1-11,serous secreting cell,"serous secreting cell
High expression of PRB1-4, PRR4, LTF, STATH, and LYZ, plus pathway scores strongly favoring intrinsic_serous_cells (+4.965), confirm serous identity. The nasal submucosal gland serous cell profile matches this annotation.",serous secreting cell,"High expression of PRB1-4, PRR4, LTF, STATH, and LYZ, plus pathway scores strongly favoring intrinsic_serous_cells (+4.965), confirm serous identity. The nasal submucosal gland serous cell profile matches this annotation.",1,1,YES,1
16760,D344_Biop_Nas1_GCATGCGAGACATAAC-1-11,serous secreting cell,serous secreting cell,serous secreting cell,,1,1,YES,1
71871,D344_Biop_Nas1_TGCTGCTAGCGTCTAT-1-11,serous secreting cell,"serous secreting cell
The gene expression profile (STATH, LYZ, LTF, PIP, PRB1-4, PRR4, MUC7) and pathway scores strongly match serous acinar cell identity in the nose. The initial annotation is correct, with no conflicting evidence for goblet, club, or other cell types.",serous secreting cell,"The gene expression profile (STATH, LYZ, LTF, PIP, PRB1-4, PRR4, MUC7) and pathway scores strongly match serous acinar cell identity in the nose. The initial annotation is correct, with no conflicting evidence for goblet, club, or other cell types.",1,1,YES,1
7840,D344_Biop_Nas1_CCTACACTCTAACTGG-1-11,serous secreting cell,"serous secreting cell
Top genes (STATH, PRB family, LTF, PIP, LYZ, BPIFA1) and highest pathway scores for serous demilune/acinar cells confirm serous secretory identity. No evidence for goblet, ciliated, or other nasal types.",serous secreting cell,"Top genes (STATH, PRB family, LTF, PIP, LYZ, BPIFA1) and highest pathway scores for serous demilune/acinar cells confirm serous secretory identity. No evidence for goblet, ciliated, or other nasal types.",1,1,YES,1
45842,D344_Biop_Nas1_ATGAGGGCACCCTATC-1-11,serous secreting cell,"serous secreting cell
The expression profile (STATH, LYZ, LTF, PRB1-4, PIP) and highest pathway score for serous acinar cell confirm a serous secretory identity. This matches the nose context and the stage-1 annotation.",serous secreting cell,"The expression profile (STATH, LYZ, LTF, PRB1-4, PIP) and highest pathway score for serous acinar cell confirm a serous secretory identity. This matches the nose context and the stage-1 annotation.",1,1,YES,1
47196,D344_Biop_Nas1_CTCGGAGCACGAAATA-1-11,serous secreting cell,"serous secreting cell
The gene expression profile (STATH, SLPI, PRB family, LTF, PIP, LYZ, BPIFA1) and high pathway score for ""Nasal serous gland cell"" (3.942) confirm serous secretory identity in nasal submucosa. The top markers are canonical for serous secretions, not mucous or epithelial cells.",serous secreting cell,"The gene expression profile (STATH, SLPI, PRB family, LTF, PIP, LYZ, BPIFA1) and high pathway score for ""Nasal serous gland cell"" (3.942) confirm serous secretory identity in nasal submucosa. The top markers are canonical for serous secretions, not mucous or epithelial cells.",1,1,YES,1
48042,D344_Biop_Nas1_CCTACACAGAGGTTGC-1-11,serous secreting cell,"serous secreting cell
High expression of STATH, PRB family, LTF, PIP, DMBT1, and MUC7, along with a dominant nasal serous acinar pathway score, confirms serous secretory identity in nasal submucosal glands.",serous secreting cell,"High expression of STATH, PRB family, LTF, PIP, DMBT1, and MUC7, along with a dominant nasal serous acinar pathway score, confirms serous secretory identity in nasal submucosal glands.",1,1,YES,1
33618,D344_Biop_Nas1_CAGATCAGTGCGAAAC-1-11,serous secreting cell,"serous secreting cell
The gene expression profile shows high levels of serous markers (STATH, PRB1-4, LTF, LYZ, PIP, ZG16B) and strong pathway enrichment for serous submucosal gland cells (+4.224), confirming the initial annotation. No evidence suggests a different subtype.",serous secreting cell,"The gene expression profile shows high levels of serous markers (STATH, PRB1-4, LTF, LYZ, PIP, ZG16B) and strong pathway enrichment for serous submucosal gland cells (+4.224), confirming the initial annotation. No evidence suggests a different subtype.",1,1,YES,1
38551,D344_Biop_Nas1_GATCAGTGTGTAATGA-1-11,serous secreting cell,"serous secreting cell
High expression of STATH, PIP, LTF, PRB family, LYZ, and BPIFA1; pathway scores show ""Serous acinar cell"" as most active; consistent with nasal serous gland secretion.",serous secreting cell,"High expression of STATH, PIP, LTF, PRB family, LYZ, and BPIFA1; pathway scores show ""Serous acinar cell"" as most active; consistent with nasal serous gland secretion.",1,1,YES,1
55934,D344_Biop_Nas1_GCAATCAAGTACGCGA-1-11,serous secreting cell,"serous secreting cell

High expression of STATH, SLPI, PRB genes, LTF, PIP, and BPIFA1, along with strong z-scores and TF-IDF for these serous-secretory markers, confirms a serous secreting cell phenotype. The pathway score strongly supports this annotation over goblet or mucous cell types.",serous secreting cell,"High expression of STATH, SLPI, PRB genes, LTF, PIP, and BPIFA1, along with strong z-scores and TF-IDF for these serous-secretory markers, confirms a serous secreting cell phenotype. The pathway score strongly supports this annotation over goblet or mucous cell types.",1,1,YES,1
11528,D339_Biop_Nas1_CCTTCGAAGTGAAGTT-1-7,serous secreting cell,serous secreting cell,serous secreting cell,,1,1,YES,1
38820,D339_Biop_Nas1_TCTGAGAAGCTCCTTC-1-7,serous secreting cell,"serous secreting cell
High expression of STATH, SLPI, PRB family, LTF, and PIP, along with strong pathway enrichment for serous acinar cells (+3.434), confirms this is a serous secretory cell from nasal submucosal glands, not a mucous or goblet cell.",serous secreting cell,"High expression of STATH, SLPI, PRB family, LTF, and PIP, along with strong pathway enrichment for serous acinar cells (+3.434), confirms this is a serous secretory cell from nasal submucosal glands, not a mucous or goblet cell.",1,1,YES,1
72323,CAAGTTGCACAAGCCC-1-2,tracheobronchial goblet cell,"nasal mucosa goblet cell
MUC5AC is the top expressed and most specific gene, a definitive goblet cell marker. While some serous-associated genes (LPL, BPIFB1) appear, the dominant mucin and goblet program (TFF3, AGR2, BPIFB1) overrides the stage-1 labeling. Direct gene evidence supports correction.",nasal mucosa goblet cell,"MUC5AC is the top expressed and most specific gene, a definitive goblet cell marker. While some serous-associated genes (LPL, BPIFB1) appear, the dominant mucin and goblet program (TFF3, AGR2, BPIFB1) overrides the stage-1 labeling. Direct gene evidence supports correction.",0,1,NO,0
47334,CCTAGCTCACACAGAG-1-4,tracheobronchial goblet cell,"nasal mucosa goblet cell

Top raw expression genes (MUC5AC, BPIFB1, PIGR, WFDC2, LCN2, SLPI, TFF3) are classic markers of mucus-secreting goblet cells in the nasal mucosa, not alveolar macrophages. The high alveolar macrophage pathway score is likely driven by LPL and SAA2–SAA4, but the overwhelmingly strong goblet cell signature overrides this annotation. Given the nose context, the correct cell type is nasal mucosa goblet cell.",nasal mucosa goblet cell,"Top raw expression genes (MUC5AC, BPIFB1, PIGR, WFDC2, LCN2, SLPI, TFF3) are classic markers of mucus-secreting goblet cells in the nasal mucosa, not alveolar macrophages. The high alveolar macrophage pathway score is likely driven by LPL and SAA2–SAA4, but the overwhelmingly strong goblet cell signature overrides this annotation. Given the nose context, the correct cell type is nasal mucosa goblet cell.",0,1,NO,0
78098,CTCGTCAAGTAGATGT-1-5,tracheobronchial goblet cell,"Respiratory tract hillock cell

The cell co-expresses goblet-associated genes (MUC5AC, BPIFB1) and hillock-specific markers (LPL, CHAD, FKBP10, HSD17B6) with very high z-scores. The hillock cell pathway score is strongly positive (+14.291) while goblet cell is near zero (-0.051), confirming hillock identity. This rare nasal epithelial subtype uniquely combines secretory and mesenchymal-like features.",Respiratory tract hillock cell,"The cell co-expresses goblet-associated genes (MUC5AC, BPIFB1) and hillock-specific markers (LPL, CHAD, FKBP10, HSD17B6) with very high z-scores. The hillock cell pathway score is strongly positive (+14.291) while goblet cell is near zero (-0.051), confirming hillock identity. This rare nasal epithelial subtype uniquely combines secretory and mesenchymal-like features.",0,0,NO,0
1367,ACCAGTACAGCTTAAC_GRO-01_nasal_brush,tracheobronchial serous cell,"serous secreting cell

The expression profile is dominated by serous/glandular markers (LYZ, LTF, PIP, PRB family, BPIFA1, SLPI, CRISP3, ZG16B) rather than canonical club cell genes (only SCGB3A2 is present but not top). These genes are characteristic of submucosal gland serous cells in the nasal epithelium, not club cells. The absence of mucin genes and strong antimicrobial/ion transport signature confirms serous identity.",serous secreting cell,"The expression profile is dominated by serous/glandular markers (LYZ, LTF, PIP, PRB family, BPIFA1, SLPI, CRISP3, ZG16B) rather than canonical club cell genes (only SCGB3A2 is present but not top). These genes are characteristic of submucosal gland serous cells in the nasal epithelium, not club cells. The absence of mucin genes and strong antimicrobial/ion transport signature confirms serous identity.",0,1,YES,1
67282,CGACCTTGTAGCTAAA_GRO-01_nasal_brush,tracheobronchial serous cell,"serous secreting cell
High expression of PRB family, SCGB3A2, and CRISP3, along with top pathway score for ""Serous gland cell,"" confirms a serous secretory phenotype in nasal mucosa.",serous secreting cell,"High expression of PRB family, SCGB3A2, and CRISP3, along with top pathway score for ""Serous gland cell,"" confirms a serous secretory phenotype in nasal mucosa.",0,1,YES,1
7236,D339_Biop_Nas1_GGTGAAGCAGTAACGG-1-7,tracheobronchial serous cell,"serous secreting cell
High expression of SCGB3A2, PRB family, STATH, LYZ, BPIFB1, and PIGR aligns with serous secretion in nasal glands. Pathway scores strongly favor serous secreting cell over goblet or basal. The raw expression and specificity z-scores confirm this identity.",serous secreting cell,"High expression of SCGB3A2, PRB family, STATH, LYZ, BPIFB1, and PIGR aligns with serous secretion in nasal glands. Pathway scores strongly favor serous secreting cell over goblet or basal. The raw expression and specificity z-scores confirm this identity.",0,1,YES,1
38985,CAAGATCCACGGCGTT_GRO-01_nasal_brush,tracheobronchial serous cell,"serous secreting cell
High expression of SLPI, LYZ, PRR4, STATH, and BPIFA1, along with strong pathway scores for serous secretory programs (BPIFA1-high and LPO-high), confirms a serous secreting cell identity. The z-score and TF-IDF markers further support this, with no evidence of goblet cell mucus genes.",serous secreting cell,"High expression of SLPI, LYZ, PRR4, STATH, and BPIFA1, along with strong pathway scores for serous secretory programs (BPIFA1-high and LPO-high), confirms a serous secreting cell identity. The z-score and TF-IDF markers further support this, with no evidence of goblet cell mucus genes.",0,1,YES,1
44470,D339_Biop_Nas1_GTTTCTAGTCACAAGG-1-7,tracheobronchial serous cell,"serous secreting cell
The raw expression and specific markers (SLPI, PRR4, STATH, PRB4, LYZ, LTF, PIP, BPIFB1, SCGB3A2, CRISP3) align with serous secretion, and the serous pathway score (+5.112) exceeds goblet (+3.917). This confirms the stage-1 annotation for a nasal serous cell.",serous secreting cell,"The raw expression and specific markers (SLPI, PRR4, STATH, PRB4, LYZ, LTF, PIP, BPIFB1, SCGB3A2, CRISP3) align with serous secretion, and the serous pathway score (+5.112) exceeds goblet (+3.917). This confirms the stage-1 annotation for a nasal serous cell.",0,1,YES,1
22722,D339_Biop_Nas1_CAGTCCTAGGACAGAA-1-7,tracheobronchial serous cell,"serous secreting cell
High expression of serous gland markers (SCGB3A2, PRB genes, BPIFA1, LYZ, LTF) and the highest pathway score for serous gland cell (+10.588) confirm the identity. The gene profile aligns with nasal submucosal gland serous cells.",serous secreting cell,"High expression of serous gland markers (SCGB3A2, PRB genes, BPIFA1, LYZ, LTF) and the highest pathway score for serous gland cell (+10.588) confirm the identity. The gene profile aligns with nasal submucosal gland serous cells.",0,1,YES,1
25206,D339_Biop_Nas1_ATCGAGTGTGATAAAC-1-7,tracheobronchial serous cell,"club cell
High SCGB3A2 expression (z=+58.51) and strong club cell pathway score (+9.39) confirm this identity. PRB family, SLPI, LYZ, and BPIFB1 are consistent with secretory function of nasal respiratory epithelial club cells.",club cell,"High SCGB3A2 expression (z=+58.51) and strong club cell pathway score (+9.39) confirm this identity. PRB family, SLPI, LYZ, and BPIFB1 are consistent with secretory function of nasal respiratory epithelial club cells.",0,0,NO,0
73797,D339_Biop_Nas1_TTGACTTAGCAATCTC-1-7,tracheobronchial serous cell,"serous secreting cell
Top raw expression genes (SLPI, PRR4, STATH, PRB4, LYZ, LTF, PIP, BPIFA1, CRISP3) and high z-scores for SCGB3A2, PRB family, and CRISP3 are characteristic of nasal serous gland cells. The serous cell pathway score (+4.56) strongly dominates over goblet (-0.44) and club (not scored). Thus, this cell is a serous secreting cell rather than a club cell.",serous secreting cell,"Top raw expression genes (SLPI, PRR4, STATH, PRB4, LYZ, LTF, PIP, BPIFA1, CRISP3) and high z-scores for SCGB3A2, PRB family, and CRISP3 are characteristic of nasal serous gland cells. The serous cell pathway score (+4.56) strongly dominates over goblet (-0.44) and club (not scored). Thus, this cell is a serous secreting cell rather than a club cell.",0,1,YES,1
64661,D344_Biop_Nas1_ACTATCTTCACAGGCC-1-11,tracheobronchial serous cell,"serous secreting cell
High expression of SCGB3A2, PRB family, LYZ, LTF, BPIFA/B, and STATH confirms serous secretory lineage. Pathway scores favor serous (Bowman's gland and nasal submucosal serous cells) over goblet/basal cells, matching nasal gland serous cell identity.",serous secreting cell,"High expression of SCGB3A2, PRB family, LYZ, LTF, BPIFA/B, and STATH confirms serous secretory lineage. Pathway scores favor serous (Bowman's gland and nasal submucosal serous cells) over goblet/basal cells, matching nasal gland serous cell identity.",0,1,YES,1
69060,D339_Biop_Nas1_TTGCCGTGTGACCAAG-1-7,tracheobronchial serous cell,"serous secreting cell
High expression of PRB family, SLPI, SCGB3A2, LTF, and BPIFA1 confirms a serous secretory phenotype typical of nasal submucosal glands. Pathway scores are highest for nasal serous acinar cell, strongly supporting this identity.",serous secreting cell,"High expression of PRB family, SLPI, SCGB3A2, LTF, and BPIFA1 confirms a serous secretory phenotype typical of nasal submucosal glands. Pathway scores are highest for nasal serous acinar cell, strongly supporting this identity.",0,1,YES,1
993,D339_Biop_Nas1_CATGGCGGTAAGAGGA-1-7,tracheobronchial serous cell,"serous secreting cell
High expression of LYZ, LTF, BPIFA1, BPIFB1, PRB, STATH, PIP, and CRISP3 without mucin genes (MUC5AC/B) indicates a serous rather than goblet cell. These antimicrobial and fluid-secreting markers are characteristic of nasal serous cells in submucosal glands.",serous secreting cell,"High expression of LYZ, LTF, BPIFA1, BPIFB1, PRB, STATH, PIP, and CRISP3 without mucin genes (MUC5AC/B) indicates a serous rather than goblet cell. These antimicrobial and fluid-secreting markers are characteristic of nasal serous cells in submucosal glands.",0,1,YES,1
519,D339_Biop_Nas1_AGCATACTCACTTATC-1-7,tracheobronchial serous cell,"serous secreting cell
High expression of PRB4, PRR4, STATH, LYZ, LTF, PIP, BPIFA1, and SLPI, along with SCGB3A2, indicates active serous secretion typical of nasal submucosal glands. Pathway scores confirm serous glandular identity.",serous secreting cell,"High expression of PRB4, PRR4, STATH, LYZ, LTF, PIP, BPIFA1, and SLPI, along with SCGB3A2, indicates active serous secretion typical of nasal submucosal glands. Pathway scores confirm serous glandular identity.",0,1,YES,1
25849,D339_Biop_Nas1_GACACGCGTAAGTTCC-1-7,tracheobronchial serous cell,"serous secreting cell
High expression of PRB family, SCGB3A2, SLPI, LYZ, and other serous markers (PRR4, STATH, BPIFB1) strongly supports a serous secretory phenotype. The pathway score for serous secreting cells is the highest, confirming the stage-1 annotation.",serous secreting cell,"High expression of PRB family, SCGB3A2, SLPI, LYZ, and other serous markers (PRR4, STATH, BPIFB1) strongly supports a serous secretory phenotype. The pathway score for serous secreting cells is the highest, confirming the stage-1 annotation.",0,1,YES,1
46104,ACTTGTTTCCTGCTT_GRO-01_nasal_brush,tracheobronchial smooth muscle cell,"tracheobronchial smooth muscle cell

High expression of smooth muscle markers (MYOCD, ACTG2, ACTA2, TAGLN, MYH11, MYL9, PRKG1) and top pathway scores for nasal vascular and contractile airway smooth muscle confirm smooth muscle identity. Despite nasal tissue, the profile aligns with airway smooth muscle, and the only smooth muscle subtype available is tracheobronchial smooth muscle cell.",tracheobronchial smooth muscle cell,"High expression of smooth muscle markers (MYOCD, ACTG2, ACTA2, TAGLN, MYH11, MYL9, PRKG1) and top pathway scores for nasal vascular and contractile airway smooth muscle confirm smooth muscle identity. Despite nasal tissue, the profile aligns with airway smooth muscle, and the only smooth muscle subtype available is tracheobronchial smooth muscle cell.",1,1,YES,1
57064,D322_Biop_Nas1_AGTTGGTCACGTTGGC-1-0,tracheobronchial smooth muscle cell,"tracheobronchial smooth muscle cell
High expression of smooth muscle markers (ACTG2, MYOCD, PRKG1, ADRA1D, TAGLN, ACTA2, MYH11, MYLK) and high airway smooth muscle pathway scores strongly confirm this identity. Melanocyte markers (MLANA, DCT, TYRP1) are present but at lower specificity, likely reflecting a minor subpopulation or technical artifact. Pericyte score is lower. The profile matches tracheobronchial smooth muscle cell.",tracheobronchial smooth muscle cell,"High expression of smooth muscle markers (ACTG2, MYOCD, PRKG1, ADRA1D, TAGLN, ACTA2, MYH11, MYLK) and high airway smooth muscle pathway scores strongly confirm this identity. Melanocyte markers (MLANA, DCT, TYRP1) are present but at lower specificity, likely reflecting a minor subpopulation or technical artifact. Pericyte score is lower. The profile matches tracheobronchial smooth muscle cell.",1,1,YES,1
41089,ATTATCCAGAAACCAT_GRO-01_nasal_brush,tracheobronchial smooth muscle cell,"tracheobronchial smooth muscle cell

Strong expression of smooth muscle markers (MYOCD, ACTG2, PRKG1, ADRA1D, ARHGEF25, TAGLN, ACTA2, MYL9, TPM2) and high pathway score for vascular smooth muscle (+21.4) confirm smooth muscle identity. Despite nose tissue origin, the profile matches the listed subtype most closely.",tracheobronchial smooth muscle cell,"Strong expression of smooth muscle markers (MYOCD, ACTG2, PRKG1, ADRA1D, ARHGEF25, TAGLN, ACTA2, MYL9, TPM2) and high pathway score for vascular smooth muscle (+21.4) confirm smooth muscle identity. Despite nose tissue origin, the profile matches the listed subtype most closely.",1,1,YES,1
26039,D322_Biop_Nas1_CGGACACAGGGAACGG-1-0,tracheobronchial smooth muscle cell,"tracheobronchial smooth muscle cell
The expression profile is dominated by canonical smooth muscle markers (ACTA2, TAGLN, MYL9, MYOCD, PRKG1, RGS5, ACTG2) and pathway scores strongly support airway smooth muscle. Melanocyte-related genes (MLANA, DCT) are likely low-level contamination or alternative expression but do not override the smooth muscle identity. Thus, the original annotation is correct.",tracheobronchial smooth muscle cell,"The expression profile is dominated by canonical smooth muscle markers (ACTA2, TAGLN, MYL9, MYOCD, PRKG1, RGS5, ACTG2) and pathway scores strongly support airway smooth muscle. Melanocyte-related genes (MLANA, DCT) are likely low-level contamination or alternative expression but do not override the smooth muscle identity. Thus, the original annotation is correct.",1,1,YES,1
37792,CCATGTCAGTGAACAT_GRO-01_nasal_brush,tracheobronchial smooth muscle cell,"respiratory tract hillock cell
Co-expression of melanocyte markers (MLANA, DCT, TYRP1) and smooth muscle genes (RGS5, TAGLN, ACTA2, MYH11) with LINGO1 and TBX2 is characteristic of hillock cells. Pathway scores strongly support this identity (+24.5 hillock vs. +14.4 melanocyte). Top raw expression and TF-IDF also align with this rare respiratory epithelial subtype.",respiratory tract hillock cell,"Co-expression of melanocyte markers (MLANA, DCT, TYRP1) and smooth muscle genes (RGS5, TAGLN, ACTA2, MYH11) with LINGO1 and TBX2 is characteristic of hillock cells. Pathway scores strongly support this identity (+24.5 hillock vs. +14.4 melanocyte). Top raw expression and TF-IDF also align with this rare respiratory epithelial subtype.",0,0,NO,0
9504,D322_Biop_Nas1_TAAGCGTTCATCTGCC-1-0,vein endothelial cell,"vein endothelial cell
Strong endothelial markers (ACKR1, EMCN, CLDN5, CD34, VWF) and a cell-specific z-score signature with venous pathway score (+6.084) decisively confirm the stage-1 annotation.",vein endothelial cell,"Strong endothelial markers (ACKR1, EMCN, CLDN5, CD34, VWF) and a cell-specific z-score signature with venous pathway score (+6.084) decisively confirm the stage-1 annotation.",1,1,YES,1
49951,CTCCTATCCCATTAT_GRO-01_nasal_brush,vein endothelial cell,"vein endothelial cell
High expression of ACKR1, SOX18, CLDN5, SELE, CD34, PLVAP, and lack of lymphatic markers (PROX1, LYVE1) or arterial markers (DLL4) confirm venous endothelial identity. Pathway scores further support venous capillary and postcapillary venule subtypes, consistent with vein endothelial cell.",vein endothelial cell,"High expression of ACKR1, SOX18, CLDN5, SELE, CD34, PLVAP, and lack of lymphatic markers (PROX1, LYVE1) or arterial markers (DLL4) confirm venous endothelial identity. Pathway scores further support venous capillary and postcapillary venule subtypes, consistent with vein endothelial cell.",1,1,YES,1
4526,D322_Biop_Nas1_CAGTAACGTCGGCATC-1-0,vein endothelial cell,"vein endothelial cell
The top markers (ACKR1, SOX18, EMCN, CLDN5, SELE, PLVAP) and pathway scores strongly favor venous endothelium over arterial, capillary, or lymphatic subtypes. ACKR1 is particularly specific to venous endothelial cells, and the absence of arterial (e.g., DLL4) or lymphatic markers confirms this identity.",vein endothelial cell,"The top markers (ACKR1, SOX18, EMCN, CLDN5, SELE, PLVAP) and pathway scores strongly favor venous endothelium over arterial, capillary, or lymphatic subtypes. ACKR1 is particularly specific to venous endothelial cells, and the absence of arterial (e.g., DLL4) or lymphatic markers confirms this identity.",1,1,YES,1
24094,D344_Biop_Nas1_CAGTAACTCCGCAAGC-1-11,vein endothelial cell,"vein endothelial cell

The gene expression profile (ACKR1, CLDN5, SELE, CD34, PLVAP, EMCN, SOX18, RAMP3, ADGRL4) and pathway scores (highest for collecting and post-capillary venule) confirm a vein endothelial identity. The top markers are classic for venous endothelium, and the nose tissue context supports this. No evidence suggests arterial or lymphatic specification, so the stage-1 annotation is correct.",vein endothelial cell,"The gene expression profile (ACKR1, CLDN5, SELE, CD34, PLVAP, EMCN, SOX18, RAMP3, ADGRL4) and pathway scores (highest for collecting and post-capillary venule) confirm a vein endothelial identity. The top markers are classic for venous endothelium, and the nose tissue context supports this. No evidence suggests arterial or lymphatic specification, so the stage-1 annotation is correct.",1,1,YES,1
76691,TGTTCCGCACGTAAGG-1-3,vein endothelial cell,"vein endothelial cell
Top markers (ACKR1, SOX18, CLDN5, SELE, PLVAP) and highest pathway score (+7.9 for vein) confirm venous identity. Nasal mucosa venous sinusoids align with this profile, not arterial or lymphatic subtypes.",vein endothelial cell,"Top markers (ACKR1, SOX18, CLDN5, SELE, PLVAP) and highest pathway score (+7.9 for vein) confirm venous identity. Nasal mucosa venous sinusoids align with this profile, not arterial or lymphatic subtypes.",1,1,YES,1
28565,D322_Biop_Nas1_GGCGACTGTACGAAAT-1-0,vein endothelial cell,"vein endothelial cell
Top specific genes (ACKR1, SOX18, RAMP3, ADGRL4, EMCN, SELE, PLVAP) and highest pathway score for venous endothelial cell confirm the stage-1 annotation. No evidence for arterial, lymphatic, or other subtypes.",vein endothelial cell,"Top specific genes (ACKR1, SOX18, RAMP3, ADGRL4, EMCN, SELE, PLVAP) and highest pathway score for venous endothelial cell confirm the stage-1 annotation. No evidence for arterial, lymphatic, or other subtypes.",1,1,YES,1
33383,TATGCCCTCGCATGGC_GRO-01_nasal_brush,vein endothelial cell,"vein endothelial cell

The expression of VWF, SELE, and higher blood endothelial pathway score (+5.666 vs +5.630 for lymphatic) confirm blood rather than lymphatic endothelium. Common markers (ACKR1, CLDN5, CD34) are shared, but VWF and SELE are blood-specific, pointing to a vein endothelial cell in the nose.",vein endothelial cell,"The expression of VWF, SELE, and higher blood endothelial pathway score (+5.666 vs +5.630 for lymphatic) confirm blood rather than lymphatic endothelium. Common markers (ACKR1, CLDN5, CD34) are shared, but VWF and SELE are blood-specific, pointing to a vein endothelial cell in the nose.",1,1,YES,1
192,TGTTCCGCATGAAGTA-1-3,vein endothelial cell,"vein endothelial cell
High expression of ACKR1, SOX18, CLDN5, SELE, ECSCR, CD34, PLVAP and pathway scores strongly indicate venous endothelium. The nose context and specificity to venous markers confirm this annotation.",vein endothelial cell,"High expression of ACKR1, SOX18, CLDN5, SELE, ECSCR, CD34, PLVAP and pathway scores strongly indicate venous endothelium. The nose context and specificity to venous markers confirm this annotation.",1,1,YES,1
48578,D339_Biop_Nas1_CTTCTCTTCTGAGGGA-1-7,vein endothelial cell,"vein endothelial cell
Top specific genes (ACKR1, SOX18, EMCN, CLDN5, SELE, CD34, PLVAP) and pathway scores strongly indicate blood vascular endothelium, with the highest score for vein endothelial cell. Lymphatic markers are absent, and artery scores are lower, confirming the vein identity.",vein endothelial cell,"Top specific genes (ACKR1, SOX18, EMCN, CLDN5, SELE, CD34, PLVAP) and pathway scores strongly indicate blood vascular endothelium, with the highest score for vein endothelial cell. Lymphatic markers are absent, and artery scores are lower, confirming the vein identity.",1,1,YES,1
23232,CGATGGCCAAGCGATG-1-3,vein endothelial cell,"vein endothelial cell

Top specific genes (ACKR1, SELE, CLDN5, CD34, PLVAP) are classic venous endothelial markers, with the highest pathway score for venous endothelium (+6.463). Absence of arterial (e.g., DLL4) or lymphatic (e.g., PROX1) markers confirms venous identity. The post-capillary venule score is slightly lower, but the tissue context of nose and the marker profile support vein endothelial cell as the best match.",vein endothelial cell,"Top specific genes (ACKR1, SELE, CLDN5, CD34, PLVAP) are classic venous endothelial markers, with the highest pathway score for venous endothelium (+6.463). Absence of arterial (e.g., DLL4) or lymphatic (e.g., PROX1) markers confirms venous identity. The post-capillary venule score is slightly lower, but the tissue context of nose and the marker profile support vein endothelial cell as the best match.",1,1,YES,1
43486,D322_Biop_Nas1_GTTCTCGTCTGACCTC-1-0,vein endothelial cell,"vein endothelial cell
The top specificity genes (ACKR1, SOX18, EMCN, CLDN5, SELE, CD34) and high pathway scores for venous and capillary endothelium strongly indicate blood vascular endothelium. The absence of lymphatic markers (LYVE1, PROX1) and presence of vein-associated genes (ACKR1, RAMP3, ADGRL4) confirm venous identity. Although capillary score is slightly higher, the provided list includes only vein endothelial cell as the closest valid option.",vein endothelial cell,"The top specificity genes (ACKR1, SOX18, EMCN, CLDN5, SELE, CD34) and high pathway scores for venous and capillary endothelium strongly indicate blood vascular endothelium. The absence of lymphatic markers (LYVE1, PROX1) and presence of vein-associated genes (ACKR1, RAMP3, ADGRL4) confirm venous identity. Although capillary score is slightly higher, the provided list includes only vein endothelial cell as the closest valid option.",1,1,YES,1
59189,D339_Biop_Nas1_ACGGCCATCGGTCCGA-1-7,vein endothelial cell,"vein endothelial cell
The top cell-specific genes (ACKR1, SOX18, EMCN, CLDN5, SELE, CD34, PLVAP) and the highest pathway score for vein endothelial cells confirm venous identity. No markers for arterial (e.g., DKK2) or lymphatic (e.g., PROX1) endothelium are prominent. Thus, the annotation is accurate.",vein endothelial cell,"The top cell-specific genes (ACKR1, SOX18, EMCN, CLDN5, SELE, CD34, PLVAP) and the highest pathway score for vein endothelial cells confirm venous identity. No markers for arterial (e.g., DKK2) or lymphatic (e.g., PROX1) endothelium are prominent. Thus, the annotation is accurate.",1,1,YES,1
71776,D322_Biop_Nas1_CTGCTGTTCTGTCCGT-1-0,vein endothelial cell,"vein endothelial cell
The top cell-specific markers (ACKR1, SELE, CLDN5, CD34, PLVAP) and pathway scores strongly indicate venous endothelial identity, with no evidence of lymphatic or arterial markers. The nasal tissue context supports this subtype.",vein endothelial cell,"The top cell-specific markers (ACKR1, SELE, CLDN5, CD34, PLVAP) and pathway scores strongly indicate venous endothelial identity, with no evidence of lymphatic or arterial markers. The nasal tissue context supports this subtype.",1,1,YES,1
17651,D322_Biop_Nas1_AGAATAGTCCTTGCCA-1-0,vein endothelial cell,"vein endothelial cell
The top-specific genes (ACKR1, SOX18, CLDN5, SELE, CD34, PLVAP, EMCN) and pathway scores strongly support venous endothelium. Capillary score is lower, and no lymphatic or arterial markers are enriched. Thus, the vein endothelial cell annotation is accurate for this nose-derived cell.",vein endothelial cell,"The top-specific genes (ACKR1, SOX18, CLDN5, SELE, CD34, PLVAP, EMCN) and pathway scores strongly support venous endothelium. Capillary score is lower, and no lymphatic or arterial markers are enriched. Thus, the vein endothelial cell annotation is accurate for this nose-derived cell.",1,1,YES,1
56651,D322_Biop_Nas1_GATTCAGTCACGATGT-1-0,vein endothelial cell,"vein endothelial cell
The gene expression profile (ACKR1, SOX18, RAMP3, ADGRL4, EMCN, CLDN5, SELE, CD34, PLVAP) and absence of lymphatic/arterial markers confirm a venous identity. Pathway scores strongly favor nasal vein endothelial subtypes, and the top markers are canonical for vein endothelial cells. Thus, the stage-1 annotation is accurate.",vein endothelial cell,"The gene expression profile (ACKR1, SOX18, RAMP3, ADGRL4, EMCN, CLDN5, SELE, CD34, PLVAP) and absence of lymphatic/arterial markers confirm a venous identity. Pathway scores strongly favor nasal vein endothelial subtypes, and the top markers are canonical for vein endothelial cells. Thus, the stage-1 annotation is accurate.",1,1,YES,1
72975,D344_Biop_Nas1_TCAGCAAGTTACGTCA-1-11,vein endothelial cell,"vein endothelial cell
The top genes (ACKR1, SOX18, RAMP3, EMCN, CLDN5, SELE, CD34, PLVAP) and highest pathway score for venous sinusoidal endothelial cells confirm vein endothelial identity. No lymphatic (LYVE1, PDPN) or arterial (DLL4) markers are present, and the tissue context (nose) supports this subtype.",vein endothelial cell,"The top genes (ACKR1, SOX18, RAMP3, EMCN, CLDN5, SELE, CD34, PLVAP) and highest pathway score for venous sinusoidal endothelial cells confirm vein endothelial identity. No lymphatic (LYVE1, PDPN) or arterial (DLL4) markers are present, and the tissue context (nose) supports this subtype.",1,1,YES,1
36886,D344_Biop_Nas1_TAGTGGTTCACGAAGG-1-11,vein endothelial cell,"vein endothelial cell

The gene expression profile shows strong venous markers (ACKR1, SELE, CLDN5, CD34, PLVAP) with the highest pathway score for venous endothelial cells (+9.002). No lymphatic (LYVE1, PROX1) or arterial (DLL4) markers are present. The nasal tissue context is consistent with vein endothelial cells.",vein endothelial cell,"The gene expression profile shows strong venous markers (ACKR1, SELE, CLDN5, CD34, PLVAP) with the highest pathway score for venous endothelial cells (+9.002). No lymphatic (LYVE1, PROX1) or arterial (DLL4) markers are present. The nasal tissue context is consistent with vein endothelial cells.",1,1,YES,1
28076,D322_Biop_Nas1_GTCGGGTTCTGGGCCA-1-0,vein endothelial cell,"vein endothelial cell
Strong expression of venous markers ACKR1, SELE, PLVAP, and high z-scores for vein-associated genes confirm identity. Pathway scores show venous endothelial cell activity. No lymphatic or arterial-specific markers present.",vein endothelial cell,"Strong expression of venous markers ACKR1, SELE, PLVAP, and high z-scores for vein-associated genes confirm identity. Pathway scores show venous endothelial cell activity. No lymphatic or arterial-specific markers present.",1,1,YES,1
11731,D322_Biop_Nas1_CGAGCACTCTAACCGA-1-0,vein endothelial cell,"vein endothelial cell
Top markers (ACKR1, SELE, PLVAP, CD34) and highest pathway scores (cavernous sinusoid, post-capillary venule) confirm venous endothelial identity in nasal tissue.",vein endothelial cell,"Top markers (ACKR1, SELE, PLVAP, CD34) and highest pathway scores (cavernous sinusoid, post-capillary venule) confirm venous endothelial identity in nasal tissue.",1,1,YES,1
75592,D322_Biop_Nas1_GGAAAGCGTCGGGTCT-1-0,vein endothelial cell,"vein endothelial cell
The top markers (ACKR1, SOX18, CLDN5, SELE, CD34, PLVAP) and highest pathway scores for venous endothelium confirm venous identity. Lack of lymphatic or arterial markers excludes other subtypes.",vein endothelial cell,"The top markers (ACKR1, SOX18, CLDN5, SELE, CD34, PLVAP) and highest pathway scores for venous endothelium confirm venous identity. Lack of lymphatic or arterial markers excludes other subtypes.",1,1,YES,1
