provider,input_tokens,output_tokens,total_tokens,cached_input_tokens,reasoning_tokens,audio_input_tokens,audio_output_tokens,backend,model,recorded_at_unix,step,phase,cell_idx,cell_barcode,sample_pos,result_index
deepseek,624,171,795,512,101,,,DeepSeekBackend,deepseek-v4-flash,1784099615.2699711,stage1_annotation,annotation,51112.0,CGTTCTGAGTTACGAA_T165,,
deepseek,624,261,885,512,255,,,DeepSeekBackend,deepseek-v4-flash,1784099615.77144,stage1_annotation,annotation,10981.0,D326_Biop_Int1_GTCTCGTCAAGCCCAC-1-4,,
deepseek,624,334,958,512,276,,,DeepSeekBackend,deepseek-v4-flash,1784099616.3904254,stage1_annotation,annotation,149799.0,CCATAAGGTGCCTGAC_T167,,
deepseek,624,343,967,512,278,,,DeepSeekBackend,deepseek-v4-flash,1784099616.4541178,stage1_annotation,annotation,163334.0,TGGTGATCATAGATGA_T166,,
deepseek,624,304,928,512,227,,,DeepSeekBackend,deepseek-v4-flash,1784099616.456181,stage1_annotation,annotation,19206.0,D372_Biop_Pro1_GCTGGGTAGGCAAAGA-1-32,,
deepseek,624,349,973,512,279,,,DeepSeekBackend,deepseek-v4-flash,1784099616.6109881,stage1_annotation,annotation,43966.0,TGGGAGACACCTAAAC_T166,,
deepseek,624,349,973,512,263,,,DeepSeekBackend,deepseek-v4-flash,1784099616.6180584,stage1_annotation,annotation,111389.0,TTTGGTTAGGATTCAA_T166,,
deepseek,624,349,973,512,301,,,DeepSeekBackend,deepseek-v4-flash,1784099616.6273096,stage1_annotation,annotation,40213.0,D326_Biop_Pro1_TCAACGAAGTCGTACT-1-3,,
deepseek,624,348,972,512,291,,,DeepSeekBackend,deepseek-v4-flash,1784099616.7747266,stage1_annotation,annotation,35911.0,P3_3_GCTCTGTTCTATCGCC,,
deepseek,624,300,924,512,248,,,DeepSeekBackend,deepseek-v4-flash,1784099616.9226563,stage1_annotation,annotation,141331.0,TGGTAGTCACTTGGGC_T153,,
deepseek,624,404,1028,512,326,,,DeepSeekBackend,deepseek-v4-flash,1784099617.2471077,stage1_annotation,annotation,88191.0,ATCGTCCCACTTGTCC_T164,,
deepseek,624,413,1037,512,349,,,DeepSeekBackend,deepseek-v4-flash,1784099617.3537893,stage1_annotation,annotation,164541.0,D326_Biop_Pro1_TGAAAGAAGGCGCTCT-1-3,,
deepseek,624,419,1043,512,355,,,DeepSeekBackend,deepseek-v4-flash,1784099617.3959558,stage1_annotation,annotation,129728.0,TTCTTGAGTCTAGGTT_T164,,
deepseek,624,475,1099,512,414,,,DeepSeekBackend,deepseek-v4-flash,1784099617.742776,stage1_annotation,annotation,78982.0,TGAATCGAGATGTTAG_SC88,,
deepseek,634,241,875,512,164,,,DeepSeekBackend,deepseek-v4-flash,1784099774.5889578,stage1_annotation,annotation,239.0,ACTGCGCACTCTGTC_GRO-10_biopsy,,
deepseek,634,236,870,512,231,,,DeepSeekBackend,deepseek-v4-flash,1784099794.7050478,stage1_annotation,annotation,55526.0,D354_Biop_Int2_ACTTTCATCCGTCAAA-1-21,,
deepseek,642,539,1181,640,470,,,DeepSeekBackend,deepseek-v4-flash,1784099797.777543,stage1_annotation,annotation,24035.0,GATCAGTAGACGTCGA_T154,,
deepseek,642,403,1045,640,323,,,DeepSeekBackend,deepseek-v4-flash,1784099823.3005686,stage1_annotation,annotation,3561.0,GATCATGGTGACCGAA_T154,,
deepseek,642,502,1144,640,436,,,DeepSeekBackend,deepseek-v4-flash,1784099825.1256087,stage1_annotation,annotation,16545.0,GAACATCAGTGTACGG_T89,,
deepseek,634,378,1012,512,304,,,DeepSeekBackend,deepseek-v4-flash,1784099826.742408,stage1_annotation,annotation,41564.0,D354_Biop_Int2_CTACATTCATTCACTT-1-21,,
deepseek,634,295,929,512,230,,,DeepSeekBackend,deepseek-v4-flash,1784099828.1244717,stage1_annotation,annotation,44706.0,TCGAGGCGTTACGTCA_T85,,
deepseek,642,345,987,640,283,,,DeepSeekBackend,deepseek-v4-flash,1784099829.3725727,stage1_annotation,annotation,108774.0,ACTTGTTCACAACTGT_T89,,
deepseek,642,334,976,640,276,,,DeepSeekBackend,deepseek-v4-flash,1784099830.004329,stage1_annotation,annotation,142922.0,AATGAAGCATCCGGCA_T154,,
deepseek,634,262,896,512,191,,,DeepSeekBackend,deepseek-v4-flash,1784099830.597436,stage1_annotation,annotation,95413.0,CTGAAACGTCCCTTGT_GRO-06_biopsy,,
deepseek,642,219,861,640,166,,,DeepSeekBackend,deepseek-v4-flash,1784099831.9853287,stage1_annotation,annotation,5357.0,CAATTTCGTTCATCTT_T154,,
deepseek,634,207,841,512,202,,,DeepSeekBackend,deepseek-v4-flash,1784099835.01786,stage1_annotation,annotation,84550.0,D367_Biop_Pro1_AAGGTTCTCTTTACGT-1-28,,
deepseek,642,405,1047,640,346,,,DeepSeekBackend,deepseek-v4-flash,1784099836.2727606,stage1_annotation,annotation,42629.0,GAAGCCCCAAGTGACG_T154,,
deepseek,642,373,1015,640,309,,,DeepSeekBackend,deepseek-v4-flash,1784099837.8709157,stage1_annotation,annotation,20166.0,CTCATTAAGAAATTGC_T165,,
deepseek,634,448,1082,512,383,,,DeepSeekBackend,deepseek-v4-flash,1784099837.8736656,stage1_annotation,annotation,70654.0,D353_Brus_Dis1_AGTGAGGGTTCGAATC-1-19,,
deepseek,634,401,1035,512,339,,,DeepSeekBackend,deepseek-v4-flash,1784099840.6464043,stage1_annotation,annotation,27724.0,D326_Biop_Pro1_GGACATTCAGCGAACA-1-3,,
deepseek,642,356,998,640,299,,,DeepSeekBackend,deepseek-v4-flash,1784099840.8814464,stage1_annotation,annotation,55286.0,CAATGACGTCTTCAAG_T154,,
deepseek,642,885,1527,640,820,,,DeepSeekBackend,deepseek-v4-flash,1784099841.2703931,stage1_annotation,annotation,99743.0,TCATCCGTCACTGGTA_T154,,
deepseek,642,395,1037,640,322,,,DeepSeekBackend,deepseek-v4-flash,1784099841.2810726,stage1_annotation,annotation,16552.0,TGGTTAGGTCAAAGCG_T121,,
deepseek,634,322,956,512,258,,,DeepSeekBackend,deepseek-v4-flash,1784099841.2838962,stage1_annotation,annotation,145528.0,D354_Brus_Dis1_ACACCGGTCATCTGTT-1-22,,
deepseek,642,389,1031,640,320,,,DeepSeekBackend,deepseek-v4-flash,1784099841.2894452,stage1_annotation,annotation,161324.0,ACACAGTCACTCACTC_T154,,
deepseek,634,269,903,512,209,,,DeepSeekBackend,deepseek-v4-flash,1784099841.2914464,stage1_annotation,annotation,39251.0,CTGCGATCTTCGGTC_GRO-03_biopsy,,
deepseek,634,503,1137,512,440,,,DeepSeekBackend,deepseek-v4-flash,1784099841.2932212,stage1_annotation,annotation,74333.0,D372_Biop_Pro1_GGGCATCTCATAACCG-1-32,,
deepseek,634,291,925,512,220,,,DeepSeekBackend,deepseek-v4-flash,1784099841.2957442,stage1_annotation,annotation,103451.0,CCTCTAGAGCCATTTG_SC88,,
deepseek,642,380,1022,640,315,,,DeepSeekBackend,deepseek-v4-flash,1784099841.7403188,stage1_annotation,annotation,1483.0,TGCATGAAGATACCAA_T154,,
deepseek,634,206,840,512,130,,,DeepSeekBackend,deepseek-v4-flash,1784099843.5938375,stage1_annotation,annotation,80661.0,ATCATGGAGAGACTTA_GRO-03_biopsy,,
deepseek,634,254,888,512,197,,,DeepSeekBackend,deepseek-v4-flash,1784099844.318266,stage1_annotation,annotation,47244.0,CACTGTCATGCC_GRO-03_biopsy,,
deepseek,634,249,883,512,173,,,DeepSeekBackend,deepseek-v4-flash,1784099844.3199918,stage1_annotation,annotation,87867.0,CCAATCCGTCCGAACC_T89,,
deepseek,634,256,890,512,206,,,DeepSeekBackend,deepseek-v4-flash,1784099844.8073144,stage1_annotation,annotation,135029.0,TTGAGTGAGGCCACCT_T165,,
deepseek,634,329,963,512,247,,,DeepSeekBackend,deepseek-v4-flash,1784099844.9576225,stage1_annotation,annotation,57318.0,ACCTACCGTGAGCTCC_T90,,
deepseek,642,300,942,640,295,,,DeepSeekBackend,deepseek-v4-flash,1784099845.0412827,stage1_annotation,annotation,41105.0,GCTGCAGAGCCATTTG_T154,,
deepseek,642,375,1017,640,308,,,DeepSeekBackend,deepseek-v4-flash,1784099845.5826979,stage1_annotation,annotation,158678.0,GATGTTGGTGACACAG_T154,,
deepseek,634,206,840,512,143,,,DeepSeekBackend,deepseek-v4-flash,1784099845.9488404,stage1_annotation,annotation,91658.0,CGGGCATTCCTTGAAG_T101,,
deepseek,634,214,848,512,157,,,DeepSeekBackend,deepseek-v4-flash,1784099846.2622485,stage1_annotation,annotation,4929.0,D363_Biop_Int2_CATGGCGAGATCCTGT-1-25,,
deepseek,642,259,901,640,192,,,DeepSeekBackend,deepseek-v4-flash,1784099846.3924806,stage1_annotation,annotation,123053.0,TCCACCATCCAGTGCG_T154,,
deepseek,642,367,1009,640,294,,,DeepSeekBackend,deepseek-v4-flash,1784099847.450286,stage1_annotation,annotation,27555.0,CTGATCCAGCGTCTAT_T89,,
deepseek,649,560,1209,640,478,,,DeepSeekBackend,deepseek-v4-flash,1784099847.489161,stage1_annotation,annotation,77083.0,D326_Biop_Pro1_GCATGATTCGCGATCG-1-3,,
deepseek,634,305,939,512,300,,,DeepSeekBackend,deepseek-v4-flash,1784099847.6299388,stage1_annotation,annotation,18874.0,TCATACTCAGGCAATG_SC88,,
deepseek,642,395,1037,640,322,,,DeepSeekBackend,deepseek-v4-flash,1784099848.1130636,stage1_annotation,annotation,33960.0,GACCCTTTCATGAGGG_T154,,
deepseek,649,725,1374,640,651,,,DeepSeekBackend,deepseek-v4-flash,1784099849.5061224,stage1_annotation,annotation,148964.0,D326_Biop_Int1_AAGACCTGTACGCACC-1-4,,
deepseek,642,579,1221,640,503,,,DeepSeekBackend,deepseek-v4-flash,1784099849.6424732,stage1_annotation,annotation,82327.0,GGGTATTTCGTAACCA_T154,,
deepseek,649,795,1444,640,715,,,DeepSeekBackend,deepseek-v4-flash,1784099849.7343647,stage1_annotation,annotation,135345.0,D339_Biop_Pro1_GGGCACTCACAGGAGT-1-8,,
deepseek,649,769,1418,640,693,,,DeepSeekBackend,deepseek-v4-flash,1784099849.7582104,stage1_annotation,annotation,139251.0,D322_Biop_Pro1_GTCTCGTAGACTGGGT-1-1,,
deepseek,649,473,1122,640,417,,,DeepSeekBackend,deepseek-v4-flash,1784099849.7692378,stage1_annotation,annotation,81149.0,ACTGTGACACGCGGTT_T167,,
deepseek,637,402,1039,512,393,,,DeepSeekBackend,deepseek-v4-flash,1784099850.023272,stage1_annotation,annotation,150112.0,CCTCACAGTCGGTACC_SC89,,
deepseek,637,480,1117,512,415,,,DeepSeekBackend,deepseek-v4-flash,1784099850.583595,stage1_annotation,annotation,40953.0,AGCATACGTCGCGGTT_GRO-10_biopsy,,
deepseek,637,446,1083,512,391,,,DeepSeekBackend,deepseek-v4-flash,1784099850.7762198,stage1_annotation,annotation,91150.0,CTCTAATAGCGTAATA_GRO-11_biopsy,,
deepseek,649,761,1410,640,697,,,DeepSeekBackend,deepseek-v4-flash,1784099851.1858044,stage1_annotation,annotation,110880.0,AGCATACGTGTTTGGT_T85,,
deepseek,649,748,1397,640,676,,,DeepSeekBackend,deepseek-v4-flash,1784099851.6739397,stage1_annotation,annotation,72964.0,D339_Biop_Pro1_CATGACAAGACGCAAC-1-8,,
deepseek,637,450,1087,512,390,,,DeepSeekBackend,deepseek-v4-flash,1784099851.976415,stage1_annotation,annotation,130825.0,ATCACTTCACAGGATG_SC89,,
deepseek,642,947,1589,640,849,,,DeepSeekBackend,deepseek-v4-flash,1784099852.2751164,stage1_annotation,annotation,8416.0,GGGAGTAAGATTGTGA_T154,,
deepseek,649,815,1464,640,750,,,DeepSeekBackend,deepseek-v4-flash,1784099852.3040135,stage1_annotation,annotation,34183.0,AAGGCAGAGACTACAA_GRO-10_biopsy,,
deepseek,637,461,1098,512,399,,,DeepSeekBackend,deepseek-v4-flash,1784099852.3562176,stage1_annotation,annotation,47262.0,CATGGCGCATATGGTC_GRO-06_biopsy,,
deepseek,649,1123,1772,640,1062,,,DeepSeekBackend,deepseek-v4-flash,1784099852.806761,stage1_annotation,annotation,2752.0,D339_Biop_Pro1_GGACATTCAGCGATCC-1-8,,
deepseek,637,333,970,512,288,,,DeepSeekBackend,deepseek-v4-flash,1784099852.873847,stage1_annotation,annotation,158068.0,CTGAAGTAGCCAGTTT_GRO-07_biopsy,,
deepseek,637,618,1255,512,543,,,DeepSeekBackend,deepseek-v4-flash,1784099853.264851,stage1_annotation,annotation,8533.0,GAAATGATCTCGGTAA_SC89,,
deepseek,637,373,1010,512,323,,,DeepSeekBackend,deepseek-v4-flash,1784099853.4432049,stage1_annotation,annotation,10502.0,CACATATCGCGATC_GRO-08_biopsy,,
deepseek,637,441,1078,512,386,,,DeepSeekBackend,deepseek-v4-flash,1784099853.8946064,stage1_annotation,annotation,20468.0,ACCAAACTCGACATAC_SC89,,
deepseek,637,397,1034,512,344,,,DeepSeekBackend,deepseek-v4-flash,1784099854.7675328,stage1_annotation,annotation,23471.0,CCGGGATCATAAGACA_GRO-11_biopsy,,
deepseek,637,831,1468,512,755,,,DeepSeekBackend,deepseek-v4-flash,1784099855.248095,stage1_annotation,annotation,110266.0,CCATTCGGTACCCAAT_GRO-04_biopsy,,
deepseek,649,950,1599,640,889,,,DeepSeekBackend,deepseek-v4-flash,1784099855.2915838,stage1_annotation,annotation,62571.0,TAGGCCTCGTTTA_GRO-10_biopsy,,
deepseek,649,1120,1769,640,1049,,,DeepSeekBackend,deepseek-v4-flash,1784099855.5069594,stage1_annotation,annotation,15509.0,CGTAGTACATCGATAC_SC88,,
deepseek,637,622,1259,512,563,,,DeepSeekBackend,deepseek-v4-flash,1784099855.5799735,stage1_annotation,annotation,143729.0,AGGGAGTCAAGCGTA_GRO-11_biopsy,,
deepseek,637,446,1083,512,385,,,DeepSeekBackend,deepseek-v4-flash,1784099855.6351047,stage1_annotation,annotation,114554.0,AGCGCTGGTAGAGGAA_SC89,,
deepseek,637,785,1422,512,713,,,DeepSeekBackend,deepseek-v4-flash,1784099856.4025557,stage1_annotation,annotation,121052.0,TGCGGTAGATCTGCT_GRO-11_biopsy,,
deepseek,637,600,1237,512,549,,,DeepSeekBackend,deepseek-v4-flash,1784099856.408436,stage1_annotation,annotation,118178.0,CATGCCTGTTCAGACT_GRO-10_biopsy,,
deepseek,637,433,1070,512,373,,,DeepSeekBackend,deepseek-v4-flash,1784099856.6283097,stage1_annotation,annotation,106957.0,GGTTAACTCGCCTATC_SC89,,
deepseek,637,720,1357,512,662,,,DeepSeekBackend,deepseek-v4-flash,1784099856.7154415,stage1_annotation,annotation,92848.0,CGAGCACAGTCAAGC_GRO-11_biopsy,,
deepseek,637,492,1129,512,415,,,DeepSeekBackend,deepseek-v4-flash,1784099857.0075293,stage1_annotation,annotation,138302.0,CCCAGTTAGGAGTACC_GRO-11_biopsy,,
deepseek,637,560,1197,512,511,,,DeepSeekBackend,deepseek-v4-flash,1784099857.097125,stage1_annotation,annotation,139834.0,ATTCTACTCAGAGCTT_GRO-11_biopsy,,
deepseek,627,460,1087,512,424,,,DeepSeekBackend,deepseek-v4-flash,1784099858.2464676,stage1_annotation,annotation,60213.0,D372_Biop_Int2_CCTCAGTTCAGGTTCA-1-34,,
deepseek,627,513,1140,512,441,,,DeepSeekBackend,deepseek-v4-flash,1784099858.4570045,stage1_annotation,annotation,64900.0,D322_Biop_Pro1_TGACAACTCAACCAAC-1-1,,
deepseek,627,273,900,512,228,,,DeepSeekBackend,deepseek-v4-flash,1784099858.6530752,stage1_annotation,annotation,46688.0,D353_Biop_Int2_GTAACGTGTGTCCTCT-1-18,,
deepseek,627,358,985,512,296,,,DeepSeekBackend,deepseek-v4-flash,1784099859.654228,stage1_annotation,annotation,18968.0,D372_Biop_Int2_CATATGGTCAGTCCCT-1-34,,
deepseek,637,900,1537,512,835,,,DeepSeekBackend,deepseek-v4-flash,1784099859.7061267,stage1_annotation,annotation,90198.0,TCAATCTGTACTCGC_GRO-06_biopsy,,
deepseek,627,722,1349,512,673,,,DeepSeekBackend,deepseek-v4-flash,1784099860.030388,stage1_annotation,annotation,101341.0,D353_Biop_Int2_GTTCTCGAGTTACCCA-1-18,,
deepseek,627,403,1030,512,357,,,DeepSeekBackend,deepseek-v4-flash,1784099860.3978124,stage1_annotation,annotation,119439.0,P3_4_ACTGTCCCACGTCTCT,,
deepseek,627,649,1276,512,596,,,DeepSeekBackend,deepseek-v4-flash,1784099860.40438,stage1_annotation,annotation,82505.0,D372_Biop_Int2_CTCTGGTGTGTCAATC-1-34,,
deepseek,627,501,1128,512,449,,,DeepSeekBackend,deepseek-v4-flash,1784099860.678142,stage1_annotation,annotation,98797.0,D372_Biop_Int2_ACACTGACAAGCGAGT-1-34,,
deepseek,627,451,1078,512,383,,,DeepSeekBackend,deepseek-v4-flash,1784099861.3355834,stage1_annotation,annotation,32317.0,D372_Biop_Int2_TACTTACCACCTGGTG-1-34,,
deepseek,627,594,1221,512,551,,,DeepSeekBackend,deepseek-v4-flash,1784099861.784932,stage1_annotation,annotation,71712.0,D372_Biop_Int2_CTACATTCACCCTATC-1-34,,
deepseek,627,518,1145,512,462,,,DeepSeekBackend,deepseek-v4-flash,1784099861.9637618,stage1_annotation,annotation,87414.0,D353_Biop_Int2_GGGAATGCAGATGGGT-1-18,,
deepseek,627,584,1211,512,523,,,DeepSeekBackend,deepseek-v4-flash,1784099862.0127687,stage1_annotation,annotation,157376.0,D372_Biop_Int2_GGGTTGCCAATGAAAC-1-34,,
deepseek,627,1099,1726,512,1030,,,DeepSeekBackend,deepseek-v4-flash,1784099862.29436,stage1_annotation,annotation,21514.0,D344_Biop_Int1_ACTGAACCATGGTTGT-1-13,,
deepseek,627,375,1002,512,325,,,DeepSeekBackend,deepseek-v4-flash,1784099862.543866,stage1_annotation,annotation,87279.0,D354_Biop_Int2_GTCTTCGTCTGAAAGA-1-21,,
deepseek,627,737,1364,512,643,,,DeepSeekBackend,deepseek-v4-flash,1784099862.7485254,stage1_annotation,annotation,87067.0,D372_Biop_Int2_CGTAGCGAGGCTATCT-1-34,,
deepseek,627,1042,1669,512,956,,,DeepSeekBackend,deepseek-v4-flash,1784099862.8965335,stage1_annotation,annotation,145843.0,D372_Biop_Int2_GATCAGTAGGGTTTCT-1-34,,
deepseek,627,839,1466,512,766,,,DeepSeekBackend,deepseek-v4-flash,1784099862.9756224,stage1_annotation,annotation,23384.0,D353_Biop_Int2_AAAGCAACATGTTCCC-1-18,,
deepseek,649,1841,2490,640,1770,,,DeepSeekBackend,deepseek-v4-flash,1784099863.4249027,stage1_annotation,annotation,77533.0,TCGGGTAGGTAGCT_GRO-09_biopsy,,
deepseek,627,681,1308,512,618,,,DeepSeekBackend,deepseek-v4-flash,1784099863.8271425,stage1_annotation,annotation,30192.0,CATATGGAGGCTCTTA_GRO-10_biopsy,,
deepseek,627,639,1266,512,586,,,DeepSeekBackend,deepseek-v4-flash,1784099863.8955362,stage1_annotation,annotation,146349.0,D363_Biop_Pro1_GCATGATTCTCGCTTG-1-24,,
deepseek,639,461,1100,512,400,,,DeepSeekBackend,deepseek-v4-flash,1784099864.6650953,stage1_annotation,annotation,44670.0,D354_Biop_Int2_GTTCATTGTAAGTTCC-1-21,,
deepseek,627,860,1487,512,810,,,DeepSeekBackend,deepseek-v4-flash,1784099865.1960912,stage1_annotation,annotation,11196.0,D363_Biop_Pro1_GAGCAGAAGTCTTGCA-1-24,,
deepseek,639,635,1274,512,575,,,DeepSeekBackend,deepseek-v4-flash,1784099866.5328827,stage1_annotation,annotation,5552.0,D367_Brus_Dis1_TGCGTGGCAGCTGGCT-1-30,,
deepseek,639,377,1016,512,367,,,DeepSeekBackend,deepseek-v4-flash,1784099866.7362869,stage1_annotation,annotation,86487.0,D367_Brus_Dis1_GACCTGGAGTACGACG-1-30,,
deepseek,639,526,1165,512,446,,,DeepSeekBackend,deepseek-v4-flash,1784099867.1982174,stage1_annotation,annotation,154402.0,D353_Brus_Dis1_ACACCGGAGCCTCGTG-1-19,,
deepseek,639,510,1149,512,459,,,DeepSeekBackend,deepseek-v4-flash,1784099868.1093252,stage1_annotation,annotation,63663.0,D354_Brus_Dis1_AAGGAGCTCAGCCTAA-1-22,,
deepseek,639,416,1055,512,331,,,DeepSeekBackend,deepseek-v4-flash,1784099868.3332794,stage1_annotation,annotation,124946.0,D354_Brus_Dis1_ACTGCTCCATCTCCCA-1-22,,
deepseek,639,587,1226,512,512,,,DeepSeekBackend,deepseek-v4-flash,1784099868.5824292,stage1_annotation,annotation,84820.0,D344_Brus_Dis1_ACGGCCACAAGGACTG-1-14,,
deepseek,639,686,1325,512,621,,,DeepSeekBackend,deepseek-v4-flash,1784099868.7838266,stage1_annotation,annotation,2034.0,D367_Brus_Dis1_TGCGCAGGTGAGGCTA-1-30,,
deepseek,639,793,1432,512,720,,,DeepSeekBackend,deepseek-v4-flash,1784099868.824343,stage1_annotation,annotation,109517.0,D367_Brus_Dis1_CTGCGGATCCCTAACC-1-30,,
deepseek,639,692,1331,512,625,,,DeepSeekBackend,deepseek-v4-flash,1784099868.9487934,stage1_annotation,annotation,168630.0,D354_Brus_Dis1_CTGCTGTCAGACACTT-1-22,,
deepseek,639,981,1620,512,927,,,DeepSeekBackend,deepseek-v4-flash,1784099869.1195116,stage1_annotation,annotation,24739.0,D372_Brus_Dis1_TTGGCAACAGCTCGAC-1-35,,
deepseek,639,1106,1745,512,1023,,,DeepSeekBackend,deepseek-v4-flash,1784099869.6703837,stage1_annotation,annotation,118944.0,D367_Brus_Dis1_CCTAAAGAGCTACCGC-1-30,,
deepseek,639,766,1405,512,691,,,DeepSeekBackend,deepseek-v4-flash,1784099869.8288865,stage1_annotation,annotation,117448.0,D344_Brus_Dis1_TAAGCGTGTCCTCCAT-1-14,,
deepseek,639,780,1419,512,683,,,DeepSeekBackend,deepseek-v4-flash,1784099870.5080552,stage1_annotation,annotation,125108.0,D354_Brus_Dis1_GCCTCTAAGGGTTTCT-1-22,,
deepseek,629,550,1179,512,477,,,DeepSeekBackend,deepseek-v4-flash,1784099871.212121,stage1_annotation,annotation,71383.0,AGGGAGTGTAGCGTGA_GRO-08_biopsy,,
deepseek,639,1311,1950,512,1233,,,DeepSeekBackend,deepseek-v4-flash,1784099871.9217913,stage1_annotation,annotation,85407.0,D367_Brus_Dis1_ACTTGTTAGACTAAGT-1-30,,
deepseek,639,777,1416,512,771,,,DeepSeekBackend,deepseek-v4-flash,1784099872.3157384,stage1_annotation,annotation,91792.0,D372_Brus_Dis1_CAGAATCGTTGGTAAA-1-35,,
deepseek,629,645,1274,512,577,,,DeepSeekBackend,deepseek-v4-flash,1784099873.8699214,stage1_annotation,annotation,110058.0,P3_3_GTTACAGTCGCGTTTC,,
deepseek,639,1111,1750,512,1042,,,DeepSeekBackend,deepseek-v4-flash,1784099873.9150004,stage1_annotation,annotation,131779.0,D344_Brus_Dis1_TCTTCGGAGCATCATC-1-14,,
deepseek,629,528,1157,512,474,,,DeepSeekBackend,deepseek-v4-flash,1784099874.2461953,stage1_annotation,annotation,42667.0,D344_Biop_Pro1_GGGTCTGGTGCTTCTC-1-12,,
deepseek,629,490,1119,512,391,,,DeepSeekBackend,deepseek-v4-flash,1784099874.3990965,stage1_annotation,annotation,168461.0,D354_Biop_Pro1_CATCAAGTCCGCAGTG-1-20,,
deepseek,629,481,1110,512,418,,,DeepSeekBackend,deepseek-v4-flash,1784099874.6513894,stage1_annotation,annotation,16033.0,D339_Biop_Pro1_AGCGGTCGTCGCATAT-1-8,,
deepseek,639,1593,2232,512,1523,,,DeepSeekBackend,deepseek-v4-flash,1784099874.8336756,stage1_annotation,annotation,69009.0,D344_Brus_Dis1_CACACAACATCGACGC-1-14,,
deepseek,629,514,1143,512,448,,,DeepSeekBackend,deepseek-v4-flash,1784099874.876509,stage1_annotation,annotation,59856.0,D344_Biop_Pro1_GAACGGAAGCGATAGC-1-12,,
deepseek,629,480,1109,512,405,,,DeepSeekBackend,deepseek-v4-flash,1784099875.0501273,stage1_annotation,annotation,152897.0,TTGTTCAGTTAGAGAT_SC88,,
deepseek,629,626,1255,512,562,,,DeepSeekBackend,deepseek-v4-flash,1784099875.4932103,stage1_annotation,annotation,80304.0,D339_Biop_Pro1_CATCAGATCCTTTACA-1-8,,
deepseek,639,1458,2097,512,1373,,,DeepSeekBackend,deepseek-v4-flash,1784099875.7159686,stage1_annotation,annotation,158644.0,D354_Brus_Dis1_AGTAGTCGTTTCGCTC-1-22,,
deepseek,629,611,1240,512,549,,,DeepSeekBackend,deepseek-v4-flash,1784099875.7370276,stage1_annotation,annotation,109871.0,D339_Biop_Pro1_CTGTGCTAGCAATATG-1-8,,
deepseek,629,821,1450,512,731,,,DeepSeekBackend,deepseek-v4-flash,1784099875.747905,stage1_annotation,annotation,157415.0,D339_Biop_Pro1_ACTTTCAAGCGATGAC-1-8,,
deepseek,629,527,1156,512,471,,,DeepSeekBackend,deepseek-v4-flash,1784099875.7946024,stage1_annotation,annotation,129449.0,TGCAGATCAGAATGTA_SC88,,
deepseek,629,533,1162,512,450,,,DeepSeekBackend,deepseek-v4-flash,1784099876.6228302,stage1_annotation,annotation,157826.0,D354_Biop_Int2_AATCGGTTCGGCGCAT-1-21,,
deepseek,629,656,1285,512,590,,,DeepSeekBackend,deepseek-v4-flash,1784099878.0353203,stage1_annotation,annotation,37669.0,ATGACACGTCTCT_GRO-09_biopsy,,
deepseek,629,271,900,512,214,,,DeepSeekBackend,deepseek-v4-flash,1784099878.7877722,stage1_annotation,annotation,5449.0,P3_4_GTTCATTCAGGGAGAG,,
deepseek,629,377,1006,512,312,,,DeepSeekBackend,deepseek-v4-flash,1784099879.0128121,stage1_annotation,annotation,59829.0,TGCCCTACAGGACCCT_GRO-10_biopsy,,
deepseek,629,481,1110,512,411,,,DeepSeekBackend,deepseek-v4-flash,1784099879.07123,stage1_annotation,annotation,103001.0,D344_Biop_Int1_CTACACCAGTTAGCGG-1-13,,
deepseek,629,1233,1862,512,1172,,,DeepSeekBackend,deepseek-v4-flash,1784099879.3911989,stage1_annotation,annotation,147998.0,D354_Biop_Pro1_GTGTTAGGTTAAGTAG-1-20,,
deepseek,629,422,1051,512,362,,,DeepSeekBackend,deepseek-v4-flash,1784099879.4374988,stage1_annotation,annotation,65375.0,P2_6_ATGTGTGGTGGTGTAG,,
deepseek,629,399,1028,512,336,,,DeepSeekBackend,deepseek-v4-flash,1784099879.9040484,stage1_annotation,annotation,153304.0,TATTCTCATGCAATC_GRO-04_biopsy,,
deepseek,629,582,1211,512,516,,,DeepSeekBackend,deepseek-v4-flash,1784099880.2409945,stage1_annotation,annotation,65177.0,D322_Biop_Pro1_CGAACATTCTTGCATT-1-1,,
deepseek,629,614,1243,512,550,,,DeepSeekBackend,deepseek-v4-flash,1784099880.461517,stage1_annotation,annotation,112108.0,D344_Biop_Int1_ATAAGAGGTGGTGTAG-1-13,,
deepseek,629,637,1266,512,563,,,DeepSeekBackend,deepseek-v4-flash,1784099880.6504743,stage1_annotation,annotation,126698.0,D354_Biop_Int2_GCATGCGTCCCACTTG-1-21,,
deepseek,629,1201,1830,512,1129,,,DeepSeekBackend,deepseek-v4-flash,1784099880.6836126,stage1_annotation,annotation,34744.0,TGGAGGAAGAGTATAC_SC88,,
deepseek,629,474,1103,512,403,,,DeepSeekBackend,deepseek-v4-flash,1784099881.0835662,stage1_annotation,annotation,167993.0,CCGTGGAAGACGACGT_GRO-10_biopsy,,
deepseek,629,566,1195,512,500,,,DeepSeekBackend,deepseek-v4-flash,1784099881.3632836,stage1_annotation,annotation,140673.0,TCATTTTCTTATCT_GRO-03_biopsy,,
deepseek,629,795,1424,512,735,,,DeepSeekBackend,deepseek-v4-flash,1784099882.5234332,stage1_annotation,annotation,111988.0,D372_Biop_Int1_ACACCCTAGGTTACCT-1-33,,
deepseek,629,625,1254,512,564,,,DeepSeekBackend,deepseek-v4-flash,1784099882.5455096,stage1_annotation,annotation,54435.0,P3_4_CGGACACCATCCGCGA,,
deepseek,629,604,1233,512,523,,,DeepSeekBackend,deepseek-v4-flash,1784099882.6107235,stage1_annotation,annotation,66900.0,P3_4_TTCTCAAGTGACGCCT,,
deepseek,629,1079,1708,512,1013,,,DeepSeekBackend,deepseek-v4-flash,1784099882.7935262,stage1_annotation,annotation,87884.0,D354_Biop_Int2_GACACGCCATCATCCC-1-21,,
deepseek,629,580,1209,512,512,,,DeepSeekBackend,deepseek-v4-flash,1784099883.9930186,stage1_annotation,annotation,169142.0,CTCTGTTCCAATGGT_GRO-09_biopsy,,
deepseek,629,472,1101,512,403,,,DeepSeekBackend,deepseek-v4-flash,1784099884.1253347,stage1_annotation,annotation,109476.0,CTCCTAAGGCCCTT_GRO-10_biopsy,,
deepseek,629,312,941,512,266,,,DeepSeekBackend,deepseek-v4-flash,1784099884.308834,stage1_annotation,annotation,79604.0,P3_3_TCAATCTGTTCGAATC,,
deepseek,629,399,1028,512,333,,,DeepSeekBackend,deepseek-v4-flash,1784099884.3211381,stage1_annotation,annotation,67927.0,P2_8_ACGCAGCTCCTTTACA,,
deepseek,629,559,1188,512,498,,,DeepSeekBackend,deepseek-v4-flash,1784099884.418114,stage1_annotation,annotation,127450.0,P3_4_ATCTACTGTGCAGGTA,,
deepseek,639,2576,3215,512,2495,,,DeepSeekBackend,deepseek-v4-flash,1784099884.4326944,stage1_annotation,annotation,123234.0,D372_Brus_Dis1_GTCTTCGTCACGACTA-1-35,,
deepseek,629,1045,1674,512,986,,,DeepSeekBackend,deepseek-v4-flash,1784099884.646921,stage1_annotation,annotation,104948.0,P3_4_GGAACTTAGTGTTGAA,,
deepseek,629,505,1134,512,422,,,DeepSeekBackend,deepseek-v4-flash,1784099884.9427526,stage1_annotation,annotation,159878.0,CGCCAAGTTCCATGA_GRO-10_biopsy,,
deepseek,629,1408,2037,512,1342,,,DeepSeekBackend,deepseek-v4-flash,1784099886.9005332,stage1_annotation,annotation,152776.0,D372_Biop_Int2_ATCATCTAGGCTACGA-1-34,,
deepseek,629,854,1483,512,783,,,DeepSeekBackend,deepseek-v4-flash,1784099887.2422407,stage1_annotation,annotation,70946.0,AGCTCTCGTGAACCTT_GRO-10_biopsy,,
deepseek,637,372,1009,512,311,,,DeepSeekBackend,deepseek-v4-flash,1784099888.121448,stage1_annotation,annotation,90991.0,AGTCTTTAGTGTAC_GRO-07_biopsy,,
deepseek,637,470,1107,512,407,,,DeepSeekBackend,deepseek-v4-flash,1784099888.2132602,stage1_annotation,annotation,152445.0,D322_Biop_Pro1_TGCCCATAGCTCCTCT-1-1,,
deepseek,629,842,1471,512,773,,,DeepSeekBackend,deepseek-v4-flash,1784099888.3257437,stage1_annotation,annotation,112132.0,CGAACATGTAGCAAAT_GRO-10_biopsy,,
deepseek,629,1060,1689,512,997,,,DeepSeekBackend,deepseek-v4-flash,1784099888.6625378,stage1_annotation,annotation,35400.0,P3_4_CGGACGTGTAATAGCA,,
deepseek,637,638,1275,512,563,,,DeepSeekBackend,deepseek-v4-flash,1784099889.0663416,stage1_annotation,annotation,82549.0,D353_Biop_Int2_TAGCCGGGTCCGTGAC-1-18,,
deepseek,637,630,1267,512,565,,,DeepSeekBackend,deepseek-v4-flash,1784099889.1149123,stage1_annotation,annotation,34895.0,TACTCGCCAACGATCT_GRO-10_biopsy,,
deepseek,637,700,1337,512,631,,,DeepSeekBackend,deepseek-v4-flash,1784099890.1971328,stage1_annotation,annotation,83692.0,D372_Biop_Int2_GCATGTAAGGTGATTA-1-34,,
deepseek,637,580,1217,512,526,,,DeepSeekBackend,deepseek-v4-flash,1784099890.8821166,stage1_annotation,annotation,126192.0,D372_Biop_Int1_CGCTGGACATTACCTT-1-33,,
deepseek,637,450,1087,512,398,,,DeepSeekBackend,deepseek-v4-flash,1784099890.979878,stage1_annotation,annotation,60121.0,AGCAATCCGTTGCT_GRO-11_biopsy,,
deepseek,637,643,1280,512,556,,,DeepSeekBackend,deepseek-v4-flash,1784099891.0115683,stage1_annotation,annotation,48328.0,ATCTAGAGATGCCTT_GRO-10_biopsy,,
deepseek,637,541,1178,512,465,,,DeepSeekBackend,deepseek-v4-flash,1784099891.4300213,stage1_annotation,annotation,3958.0,CTCGGAGTCCTAGAAC_GRO-10_biopsy,,
deepseek,637,773,1410,512,717,,,DeepSeekBackend,deepseek-v4-flash,1784099892.2955573,stage1_annotation,annotation,35472.0,TAAGAGATCACATAGC_GRO-09_biopsy,,
deepseek,637,598,1235,512,534,,,DeepSeekBackend,deepseek-v4-flash,1784099892.322088,stage1_annotation,annotation,59078.0,P3_2_CACCAGGTCATACGGT,,
deepseek,637,707,1344,512,642,,,DeepSeekBackend,deepseek-v4-flash,1784099893.4073193,stage1_annotation,annotation,10065.0,D326_Biop_Pro1_GACTACATCATCATTC-1-3,,
deepseek,637,427,1064,512,374,,,DeepSeekBackend,deepseek-v4-flash,1784099894.0675893,stage1_annotation,annotation,130547.0,D353_Biop_Int2_ATTTCTGCATTACGAC-1-18,,
deepseek,637,814,1451,512,738,,,DeepSeekBackend,deepseek-v4-flash,1784099894.0916052,stage1_annotation,annotation,83497.0,CACCACTGTTTGTTTC_GRO-10_biopsy,,
deepseek,637,586,1223,512,529,,,DeepSeekBackend,deepseek-v4-flash,1784099894.2604382,stage1_annotation,annotation,165268.0,CTCGTACGTCGCGAAA_GRO-03_biopsy,,
deepseek,637,833,1470,512,764,,,DeepSeekBackend,deepseek-v4-flash,1784099894.6077404,stage1_annotation,annotation,17307.0,D339_Biop_Int1_CTAGTGAAGATGTTAG-1-9,,
deepseek,637,577,1214,512,499,,,DeepSeekBackend,deepseek-v4-flash,1784099895.2213511,stage1_annotation,annotation,101809.0,CTAAGACGTCCATGAT_GRO-10_biopsy,,
deepseek,637,965,1602,512,894,,,DeepSeekBackend,deepseek-v4-flash,1784099896.3365753,stage1_annotation,annotation,32428.0,CGCTATCGTGCTGTAT_GRO-10_biopsy,,
deepseek,637,940,1577,512,889,,,DeepSeekBackend,deepseek-v4-flash,1784099898.6676502,stage1_annotation,annotation,42086.0,D372_Biop_Int1_AGCAGCCAGAAGGTGA-1-33,,
deepseek,637,1277,1914,512,1215,,,DeepSeekBackend,deepseek-v4-flash,1784099898.6763728,stage1_annotation,annotation,168758.0,D372_Biop_Int2_GAAATGATCGGACAAG-1-34,,
deepseek,60,32,92,0,30,,,DeepSeekBackend,deepseek-v4-flash,1784099899.5306916,llm_judge_binary,evaluation,,,2.0,2.0
deepseek,60,33,93,0,31,,,DeepSeekBackend,deepseek-v4-flash,1784099899.5847652,llm_judge_binary,evaluation,,,3.0,3.0
deepseek,60,37,97,0,35,,,DeepSeekBackend,deepseek-v4-flash,1784099899.6141164,llm_judge_binary,evaluation,,,7.0,7.0
deepseek,60,46,106,0,44,,,DeepSeekBackend,deepseek-v4-flash,1784099899.6211245,llm_judge_binary,evaluation,,,6.0,6.0
deepseek,60,31,91,0,29,,,DeepSeekBackend,deepseek-v4-flash,1784099899.6682038,llm_judge_binary,evaluation,,,12.0,12.0
deepseek,60,41,101,0,39,,,DeepSeekBackend,deepseek-v4-flash,1784099899.675701,llm_judge_binary,evaluation,,,4.0,4.0
deepseek,60,37,97,0,35,,,DeepSeekBackend,deepseek-v4-flash,1784099899.6799867,llm_judge_binary,evaluation,,,1.0,1.0
deepseek,60,42,102,0,40,,,DeepSeekBackend,deepseek-v4-flash,1784099899.7160158,llm_judge_binary,evaluation,,,5.0,5.0
deepseek,60,37,97,0,35,,,DeepSeekBackend,deepseek-v4-flash,1784099899.7236538,llm_judge_binary,evaluation,,,8.0,8.0
deepseek,60,47,107,0,45,,,DeepSeekBackend,deepseek-v4-flash,1784099899.7579744,llm_judge_binary,evaluation,,,9.0,9.0
deepseek,60,42,102,0,40,,,DeepSeekBackend,deepseek-v4-flash,1784099899.7675586,llm_judge_binary,evaluation,,,0.0,0.0
deepseek,60,45,105,0,43,,,DeepSeekBackend,deepseek-v4-flash,1784099899.7733471,llm_judge_binary,evaluation,,,15.0,15.0
deepseek,60,33,93,0,31,,,DeepSeekBackend,deepseek-v4-flash,1784099899.7819428,llm_judge_binary,evaluation,,,11.0,11.0
deepseek,60,47,107,0,45,,,DeepSeekBackend,deepseek-v4-flash,1784099899.788486,llm_judge_binary,evaluation,,,10.0,10.0
deepseek,60,36,96,0,34,,,DeepSeekBackend,deepseek-v4-flash,1784099899.8936906,llm_judge_binary,evaluation,,,18.0,18.0
deepseek,60,31,91,0,29,,,DeepSeekBackend,deepseek-v4-flash,1784099899.928098,llm_judge_binary,evaluation,,,17.0,17.0
deepseek,60,30,90,0,28,,,DeepSeekBackend,deepseek-v4-flash,1784099899.9431002,llm_judge_binary,evaluation,,,16.0,16.0
deepseek,60,39,99,0,37,,,DeepSeekBackend,deepseek-v4-flash,1784099899.9658427,llm_judge_binary,evaluation,,,19.0,19.0
deepseek,60,30,90,0,28,,,DeepSeekBackend,deepseek-v4-flash,1784099900.05969,llm_judge_binary,evaluation,,,14.0,14.0
deepseek,60,45,105,0,43,,,DeepSeekBackend,deepseek-v4-flash,1784099900.2986264,llm_judge_binary,evaluation,,,13.0,13.0
deepseek,70,53,123,0,51,,,DeepSeekBackend,deepseek-v4-flash,1784099900.4695563,llm_judge_binary,evaluation,,,20.0,20.0
deepseek,70,44,114,0,42,,,DeepSeekBackend,deepseek-v4-flash,1784099900.479233,llm_judge_binary,evaluation,,,21.0,21.0
deepseek,70,47,117,0,45,,,DeepSeekBackend,deepseek-v4-flash,1784099900.5272765,llm_judge_binary,evaluation,,,26.0,26.0
deepseek,70,53,123,0,51,,,DeepSeekBackend,deepseek-v4-flash,1784099900.5455673,llm_judge_binary,evaluation,,,25.0,25.0
deepseek,70,46,116,0,44,,,DeepSeekBackend,deepseek-v4-flash,1784099900.5815308,llm_judge_binary,evaluation,,,28.0,28.0
deepseek,70,54,124,0,52,,,DeepSeekBackend,deepseek-v4-flash,1784099900.5961418,llm_judge_binary,evaluation,,,24.0,24.0
deepseek,70,39,109,0,37,,,DeepSeekBackend,deepseek-v4-flash,1784099900.6032207,llm_judge_binary,evaluation,,,29.0,29.0
deepseek,70,53,123,0,51,,,DeepSeekBackend,deepseek-v4-flash,1784099900.6143162,llm_judge_binary,evaluation,,,23.0,23.0
deepseek,70,43,113,0,41,,,DeepSeekBackend,deepseek-v4-flash,1784099900.6453907,llm_judge_binary,evaluation,,,33.0,33.0
deepseek,70,44,114,0,42,,,DeepSeekBackend,deepseek-v4-flash,1784099900.671751,llm_judge_binary,evaluation,,,31.0,31.0
deepseek,70,41,111,0,39,,,DeepSeekBackend,deepseek-v4-flash,1784099900.7018297,llm_judge_binary,evaluation,,,22.0,22.0
deepseek,70,46,116,0,44,,,DeepSeekBackend,deepseek-v4-flash,1784099900.7104037,llm_judge_binary,evaluation,,,30.0,30.0
deepseek,70,56,126,0,54,,,DeepSeekBackend,deepseek-v4-flash,1784099900.7179892,llm_judge_binary,evaluation,,,27.0,27.0
deepseek,70,53,123,0,51,,,DeepSeekBackend,deepseek-v4-flash,1784099900.8614683,llm_judge_binary,evaluation,,,32.0,32.0
deepseek,70,58,128,0,56,,,DeepSeekBackend,deepseek-v4-flash,1784099900.8989182,llm_judge_binary,evaluation,,,35.0,35.0
deepseek,70,55,125,0,53,,,DeepSeekBackend,deepseek-v4-flash,1784099900.9170592,llm_judge_binary,evaluation,,,36.0,36.0
deepseek,70,55,125,0,53,,,DeepSeekBackend,deepseek-v4-flash,1784099901.054368,llm_judge_binary,evaluation,,,34.0,34.0
deepseek,70,55,125,0,53,,,DeepSeekBackend,deepseek-v4-flash,1784099901.1335828,llm_judge_binary,evaluation,,,39.0,39.0
deepseek,70,49,119,0,47,,,DeepSeekBackend,deepseek-v4-flash,1784099901.235328,llm_judge_binary,evaluation,,,37.0,37.0
deepseek,72,39,111,0,37,,,DeepSeekBackend,deepseek-v4-flash,1784099901.3261943,llm_judge_binary,evaluation,,,41.0,41.0
deepseek,70,41,111,0,39,,,DeepSeekBackend,deepseek-v4-flash,1784099901.3451688,llm_judge_binary,evaluation,,,38.0,38.0
deepseek,72,45,117,0,43,,,DeepSeekBackend,deepseek-v4-flash,1784099901.4232166,llm_judge_binary,evaluation,,,45.0,45.0
deepseek,72,38,110,0,36,,,DeepSeekBackend,deepseek-v4-flash,1784099901.4416106,llm_judge_binary,evaluation,,,43.0,43.0
deepseek,72,53,125,0,51,,,DeepSeekBackend,deepseek-v4-flash,1784099901.4661164,llm_judge_binary,evaluation,,,42.0,42.0
deepseek,72,53,125,0,51,,,DeepSeekBackend,deepseek-v4-flash,1784099901.4953992,llm_judge_binary,evaluation,,,44.0,44.0
deepseek,72,60,132,0,58,,,DeepSeekBackend,deepseek-v4-flash,1784099901.5170894,llm_judge_binary,evaluation,,,46.0,46.0
deepseek,72,55,127,0,53,,,DeepSeekBackend,deepseek-v4-flash,1784099901.6356838,llm_judge_binary,evaluation,,,48.0,48.0
deepseek,72,52,124,0,50,,,DeepSeekBackend,deepseek-v4-flash,1784099901.675356,llm_judge_binary,evaluation,,,40.0,40.0
deepseek,72,38,110,0,36,,,DeepSeekBackend,deepseek-v4-flash,1784099901.6939578,llm_judge_binary,evaluation,,,50.0,50.0
deepseek,72,57,129,0,55,,,DeepSeekBackend,deepseek-v4-flash,1784099901.7009392,llm_judge_binary,evaluation,,,49.0,49.0
deepseek,72,46,118,0,44,,,DeepSeekBackend,deepseek-v4-flash,1784099901.7558835,llm_judge_binary,evaluation,,,52.0,52.0
deepseek,72,55,127,0,53,,,DeepSeekBackend,deepseek-v4-flash,1784099901.8105092,llm_judge_binary,evaluation,,,51.0,51.0
deepseek,72,46,118,0,44,,,DeepSeekBackend,deepseek-v4-flash,1784099901.816873,llm_judge_binary,evaluation,,,53.0,53.0
deepseek,72,62,134,0,60,,,DeepSeekBackend,deepseek-v4-flash,1784099901.8821707,llm_judge_binary,evaluation,,,47.0,47.0
deepseek,72,56,128,0,54,,,DeepSeekBackend,deepseek-v4-flash,1784099901.9196398,llm_judge_binary,evaluation,,,54.0,54.0
deepseek,72,63,135,0,61,,,DeepSeekBackend,deepseek-v4-flash,1784099902.0072732,llm_judge_binary,evaluation,,,55.0,55.0
deepseek,72,39,111,0,37,,,DeepSeekBackend,deepseek-v4-flash,1784099902.1213703,llm_judge_binary,evaluation,,,57.0,57.0
deepseek,72,42,114,0,40,,,DeepSeekBackend,deepseek-v4-flash,1784099902.1562157,llm_judge_binary,evaluation,,,56.0,56.0
deepseek,72,43,115,0,41,,,DeepSeekBackend,deepseek-v4-flash,1784099902.2272327,llm_judge_binary,evaluation,,,59.0,59.0
deepseek,72,52,124,0,50,,,DeepSeekBackend,deepseek-v4-flash,1784099902.247617,llm_judge_binary,evaluation,,,62.0,62.0
deepseek,72,50,122,0,48,,,DeepSeekBackend,deepseek-v4-flash,1784099902.2682166,llm_judge_binary,evaluation,,,60.0,60.0
deepseek,72,47,119,0,45,,,DeepSeekBackend,deepseek-v4-flash,1784099902.3350167,llm_judge_binary,evaluation,,,61.0,61.0
deepseek,72,54,126,0,52,,,DeepSeekBackend,deepseek-v4-flash,1784099902.3541863,llm_judge_binary,evaluation,,,58.0,58.0
deepseek,72,55,127,0,53,,,DeepSeekBackend,deepseek-v4-flash,1784099902.438334,llm_judge_binary,evaluation,,,65.0,65.0
deepseek,72,61,133,0,59,,,DeepSeekBackend,deepseek-v4-flash,1784099902.519124,llm_judge_binary,evaluation,,,64.0,64.0
deepseek,72,37,109,0,35,,,DeepSeekBackend,deepseek-v4-flash,1784099902.603385,llm_judge_binary,evaluation,,,69.0,69.0
deepseek,72,59,131,0,57,,,DeepSeekBackend,deepseek-v4-flash,1784099902.632676,llm_judge_binary,evaluation,,,66.0,66.0
deepseek,72,45,117,0,43,,,DeepSeekBackend,deepseek-v4-flash,1784099902.638829,llm_judge_binary,evaluation,,,70.0,70.0
deepseek,72,42,114,0,40,,,DeepSeekBackend,deepseek-v4-flash,1784099902.6514504,llm_judge_binary,evaluation,,,63.0,63.0
deepseek,72,51,123,0,49,,,DeepSeekBackend,deepseek-v4-flash,1784099902.675682,llm_judge_binary,evaluation,,,68.0,68.0
deepseek,72,53,125,0,51,,,DeepSeekBackend,deepseek-v4-flash,1784099902.7444623,llm_judge_binary,evaluation,,,67.0,67.0
deepseek,72,56,128,0,54,,,DeepSeekBackend,deepseek-v4-flash,1784099902.8541746,llm_judge_binary,evaluation,,,74.0,74.0
deepseek,72,66,138,0,64,,,DeepSeekBackend,deepseek-v4-flash,1784099902.9594696,llm_judge_binary,evaluation,,,71.0,71.0
deepseek,72,55,127,0,53,,,DeepSeekBackend,deepseek-v4-flash,1784099902.9741223,llm_judge_binary,evaluation,,,72.0,72.0
deepseek,72,53,125,0,51,,,DeepSeekBackend,deepseek-v4-flash,1784099903.0150003,llm_judge_binary,evaluation,,,73.0,73.0
deepseek,72,58,130,0,56,,,DeepSeekBackend,deepseek-v4-flash,1784099903.1093378,llm_judge_binary,evaluation,,,76.0,76.0
deepseek,72,55,127,0,53,,,DeepSeekBackend,deepseek-v4-flash,1784099903.270893,llm_judge_binary,evaluation,,,75.0,75.0
deepseek,72,54,126,0,52,,,DeepSeekBackend,deepseek-v4-flash,1784099903.2777574,llm_judge_binary,evaluation,,,79.0,79.0
deepseek,72,59,131,0,57,,,DeepSeekBackend,deepseek-v4-flash,1784099903.3397508,llm_judge_binary,evaluation,,,77.0,77.0
deepseek,60,44,104,0,42,,,DeepSeekBackend,deepseek-v4-flash,1784099903.3814917,llm_judge_binary,evaluation,,,80.0,80.0
deepseek,72,59,131,0,57,,,DeepSeekBackend,deepseek-v4-flash,1784099903.390112,llm_judge_binary,evaluation,,,78.0,78.0
deepseek,66,71,137,0,69,,,DeepSeekBackend,deepseek-v4-flash,1784099903.46644,llm_judge_binary,evaluation,,,81.0,81.0
deepseek,66,59,125,0,57,,,DeepSeekBackend,deepseek-v4-flash,1784099903.5423195,llm_judge_binary,evaluation,,,84.0,84.0
deepseek,66,51,117,0,49,,,DeepSeekBackend,deepseek-v4-flash,1784099903.615351,llm_judge_binary,evaluation,,,89.0,89.0
deepseek,66,76,142,0,74,,,DeepSeekBackend,deepseek-v4-flash,1784099903.8293471,llm_judge_binary,evaluation,,,88.0,88.0
deepseek,66,92,158,0,90,,,DeepSeekBackend,deepseek-v4-flash,1784099903.8363388,llm_judge_binary,evaluation,,,85.0,85.0
deepseek,66,80,146,0,78,,,DeepSeekBackend,deepseek-v4-flash,1784099903.8807936,llm_judge_binary,evaluation,,,86.0,86.0
deepseek,66,90,156,0,88,,,DeepSeekBackend,deepseek-v4-flash,1784099903.8871942,llm_judge_binary,evaluation,,,82.0,82.0
deepseek,66,83,149,0,81,,,DeepSeekBackend,deepseek-v4-flash,1784099903.9140844,llm_judge_binary,evaluation,,,91.0,91.0
deepseek,66,90,156,0,88,,,DeepSeekBackend,deepseek-v4-flash,1784099903.9207554,llm_judge_binary,evaluation,,,83.0,83.0
deepseek,66,59,125,0,57,,,DeepSeekBackend,deepseek-v4-flash,1784099903.9839854,llm_judge_binary,evaluation,,,90.0,90.0
deepseek,66,92,158,0,90,,,DeepSeekBackend,deepseek-v4-flash,1784099904.0193622,llm_judge_binary,evaluation,,,87.0,87.0
deepseek,66,67,133,0,65,,,DeepSeekBackend,deepseek-v4-flash,1784099904.2660565,llm_judge_binary,evaluation,,,95.0,95.0
deepseek,66,53,119,0,51,,,DeepSeekBackend,deepseek-v4-flash,1784099904.3115957,llm_judge_binary,evaluation,,,98.0,98.0
deepseek,66,69,135,0,67,,,DeepSeekBackend,deepseek-v4-flash,1784099904.3188162,llm_judge_binary,evaluation,,,96.0,96.0
deepseek,66,64,130,0,62,,,DeepSeekBackend,deepseek-v4-flash,1784099904.360791,llm_judge_binary,evaluation,,,94.0,94.0
deepseek,66,59,125,0,57,,,DeepSeekBackend,deepseek-v4-flash,1784099904.3750439,llm_judge_binary,evaluation,,,93.0,93.0
deepseek,66,68,134,0,66,,,DeepSeekBackend,deepseek-v4-flash,1784099904.4084918,llm_judge_binary,evaluation,,,97.0,97.0
deepseek,66,72,138,0,70,,,DeepSeekBackend,deepseek-v4-flash,1784099904.4705055,llm_judge_binary,evaluation,,,101.0,101.0
deepseek,66,57,123,0,55,,,DeepSeekBackend,deepseek-v4-flash,1784099904.7260206,llm_judge_binary,evaluation,,,99.0,99.0
deepseek,66,148,214,0,146,,,DeepSeekBackend,deepseek-v4-flash,1784099904.8308268,llm_judge_binary,evaluation,,,92.0,92.0
deepseek,66,83,149,0,81,,,DeepSeekBackend,deepseek-v4-flash,1784099904.8483155,llm_judge_binary,evaluation,,,102.0,102.0
deepseek,66,79,145,0,77,,,DeepSeekBackend,deepseek-v4-flash,1784099905.0144281,llm_judge_binary,evaluation,,,100.0,100.0
deepseek,67,90,157,0,88,,,DeepSeekBackend,deepseek-v4-flash,1784099905.2378545,llm_judge_binary,evaluation,,,104.0,104.0
deepseek,66,76,142,0,74,,,DeepSeekBackend,deepseek-v4-flash,1784099905.2590284,llm_judge_binary,evaluation,,,111.0,111.0
deepseek,66,87,153,0,85,,,DeepSeekBackend,deepseek-v4-flash,1784099905.2673583,llm_judge_binary,evaluation,,,109.0,109.0
deepseek,66,84,150,0,82,,,DeepSeekBackend,deepseek-v4-flash,1784099905.3293817,llm_judge_binary,evaluation,,,105.0,105.0
deepseek,66,73,139,0,71,,,DeepSeekBackend,deepseek-v4-flash,1784099905.3363411,llm_judge_binary,evaluation,,,108.0,108.0
deepseek,66,74,140,0,72,,,DeepSeekBackend,deepseek-v4-flash,1784099905.3743122,llm_judge_binary,evaluation,,,106.0,106.0
deepseek,66,77,143,0,75,,,DeepSeekBackend,deepseek-v4-flash,1784099905.422826,llm_judge_binary,evaluation,,,112.0,112.0
deepseek,66,84,150,0,82,,,DeepSeekBackend,deepseek-v4-flash,1784099905.4462366,llm_judge_binary,evaluation,,,107.0,107.0
deepseek,66,101,167,0,99,,,DeepSeekBackend,deepseek-v4-flash,1784099905.5156007,llm_judge_binary,evaluation,,,110.0,110.0
deepseek,66,80,146,0,78,,,DeepSeekBackend,deepseek-v4-flash,1784099905.580153,llm_judge_binary,evaluation,,,115.0,115.0
deepseek,66,81,147,0,79,,,DeepSeekBackend,deepseek-v4-flash,1784099905.618307,llm_judge_binary,evaluation,,,116.0,116.0
deepseek,66,90,156,0,88,,,DeepSeekBackend,deepseek-v4-flash,1784099905.6409886,llm_judge_binary,evaluation,,,114.0,114.0
deepseek,66,46,112,0,44,,,DeepSeekBackend,deepseek-v4-flash,1784099905.6978648,llm_judge_binary,evaluation,,,120.0,120.0
deepseek,66,66,132,0,64,,,DeepSeekBackend,deepseek-v4-flash,1784099905.7997718,llm_judge_binary,evaluation,,,119.0,119.0
deepseek,66,90,156,0,88,,,DeepSeekBackend,deepseek-v4-flash,1784099905.8481765,llm_judge_binary,evaluation,,,113.0,113.0
deepseek,66,152,218,0,150,,,DeepSeekBackend,deepseek-v4-flash,1784099905.9014816,llm_judge_binary,evaluation,,,103.0,103.0
deepseek,66,92,158,0,90,,,DeepSeekBackend,deepseek-v4-flash,1784099905.997092,llm_judge_binary,evaluation,,,117.0,117.0
deepseek,66,46,112,0,44,,,DeepSeekBackend,deepseek-v4-flash,1784099906.094323,llm_judge_binary,evaluation,,,122.0,122.0
deepseek,66,50,116,0,48,,,DeepSeekBackend,deepseek-v4-flash,1784099906.2042608,llm_judge_binary,evaluation,,,125.0,125.0
deepseek,66,51,117,0,49,,,DeepSeekBackend,deepseek-v4-flash,1784099906.2282827,llm_judge_binary,evaluation,,,123.0,123.0
deepseek,66,47,113,0,45,,,DeepSeekBackend,deepseek-v4-flash,1784099906.2584352,llm_judge_binary,evaluation,,,128.0,128.0
deepseek,66,49,115,0,47,,,DeepSeekBackend,deepseek-v4-flash,1784099906.4275036,llm_judge_binary,evaluation,,,129.0,129.0
deepseek,67,111,178,0,109,,,DeepSeekBackend,deepseek-v4-flash,1784099906.4883056,llm_judge_binary,evaluation,,,121.0,121.0
deepseek,66,47,113,0,45,,,DeepSeekBackend,deepseek-v4-flash,1784099906.558648,llm_judge_binary,evaluation,,,131.0,131.0
deepseek,66,45,111,0,43,,,DeepSeekBackend,deepseek-v4-flash,1784099906.62826,llm_judge_binary,evaluation,,,134.0,134.0
deepseek,67,111,178,0,109,,,DeepSeekBackend,deepseek-v4-flash,1784099906.7123876,llm_judge_binary,evaluation,,,127.0,127.0
deepseek,66,48,114,0,46,,,DeepSeekBackend,deepseek-v4-flash,1784099906.719231,llm_judge_binary,evaluation,,,137.0,137.0
deepseek,67,66,133,0,64,,,DeepSeekBackend,deepseek-v4-flash,1784099906.7394056,llm_judge_binary,evaluation,,,133.0,133.0
deepseek,67,80,147,0,78,,,DeepSeekBackend,deepseek-v4-flash,1784099906.7463355,llm_judge_binary,evaluation,,,132.0,132.0
deepseek,66,48,114,0,46,,,DeepSeekBackend,deepseek-v4-flash,1784099906.752364,llm_judge_binary,evaluation,,,136.0,136.0
deepseek,66,34,100,0,32,,,DeepSeekBackend,deepseek-v4-flash,1784099906.7961133,llm_judge_binary,evaluation,,,139.0,139.0
deepseek,67,114,181,0,112,,,DeepSeekBackend,deepseek-v4-flash,1784099906.8482502,llm_judge_binary,evaluation,,,126.0,126.0
deepseek,66,44,110,0,42,,,DeepSeekBackend,deepseek-v4-flash,1784099906.8564508,llm_judge_binary,evaluation,,,135.0,135.0
deepseek,67,105,172,0,103,,,DeepSeekBackend,deepseek-v4-flash,1784099906.9320903,llm_judge_binary,evaluation,,,130.0,130.0
deepseek,60,51,111,0,49,,,DeepSeekBackend,deepseek-v4-flash,1784099906.9897113,llm_judge_binary,evaluation,,,143.0,143.0
deepseek,60,44,104,0,42,,,DeepSeekBackend,deepseek-v4-flash,1784099907.0280201,llm_judge_binary,evaluation,,,140.0,140.0
deepseek,60,31,91,0,29,,,DeepSeekBackend,deepseek-v4-flash,1784099907.0350933,llm_judge_binary,evaluation,,,142.0,142.0
deepseek,60,35,95,0,33,,,DeepSeekBackend,deepseek-v4-flash,1784099907.0557582,llm_judge_binary,evaluation,,,141.0,141.0
deepseek,64,211,275,0,209,,,DeepSeekBackend,deepseek-v4-flash,1784099907.061817,llm_judge_binary,evaluation,,,118.0,118.0
deepseek,66,52,118,0,50,,,DeepSeekBackend,deepseek-v4-flash,1784099907.1011398,llm_judge_binary,evaluation,,,138.0,138.0
deepseek,67,127,194,0,125,,,DeepSeekBackend,deepseek-v4-flash,1784099907.274469,llm_judge_binary,evaluation,,,124.0,124.0
deepseek,60,45,105,0,43,,,DeepSeekBackend,deepseek-v4-flash,1784099907.423439,llm_judge_binary,evaluation,,,144.0,144.0
deepseek,60,40,100,0,38,,,DeepSeekBackend,deepseek-v4-flash,1784099907.513789,llm_judge_binary,evaluation,,,151.0,151.0
deepseek,60,41,101,0,39,,,DeepSeekBackend,deepseek-v4-flash,1784099907.5739489,llm_judge_binary,evaluation,,,145.0,145.0
deepseek,60,33,93,0,31,,,DeepSeekBackend,deepseek-v4-flash,1784099907.6306567,llm_judge_binary,evaluation,,,155.0,155.0
deepseek,60,35,95,0,33,,,DeepSeekBackend,deepseek-v4-flash,1784099907.6372263,llm_judge_binary,evaluation,,,146.0,146.0
deepseek,60,37,97,0,35,,,DeepSeekBackend,deepseek-v4-flash,1784099907.6444674,llm_judge_binary,evaluation,,,149.0,149.0
deepseek,60,37,97,0,35,,,DeepSeekBackend,deepseek-v4-flash,1784099907.6512606,llm_judge_binary,evaluation,,,153.0,153.0
deepseek,60,45,105,0,43,,,DeepSeekBackend,deepseek-v4-flash,1784099907.6598465,llm_judge_binary,evaluation,,,150.0,150.0
deepseek,60,40,100,0,38,,,DeepSeekBackend,deepseek-v4-flash,1784099907.697322,llm_judge_binary,evaluation,,,152.0,152.0
deepseek,60,47,107,0,45,,,DeepSeekBackend,deepseek-v4-flash,1784099907.7961917,llm_judge_binary,evaluation,,,154.0,154.0
deepseek,60,33,93,0,31,,,DeepSeekBackend,deepseek-v4-flash,1784099907.8438776,llm_judge_binary,evaluation,,,147.0,147.0
deepseek,60,43,103,0,41,,,DeepSeekBackend,deepseek-v4-flash,1784099907.8838475,llm_judge_binary,evaluation,,,157.0,157.0
deepseek,60,44,104,0,42,,,DeepSeekBackend,deepseek-v4-flash,1784099907.973666,llm_judge_binary,evaluation,,,156.0,156.0
deepseek,60,53,113,0,51,,,DeepSeekBackend,deepseek-v4-flash,1784099908.0028105,llm_judge_binary,evaluation,,,159.0,159.0
deepseek,62,79,141,0,77,,,DeepSeekBackend,deepseek-v4-flash,1784099908.0092962,llm_judge_binary,evaluation,,,148.0,148.0
deepseek,62,74,136,0,72,,,DeepSeekBackend,deepseek-v4-flash,1784099908.4400222,llm_judge_binary,evaluation,,,158.0,158.0
deepseek,68,84,152,0,82,,,DeepSeekBackend,deepseek-v4-flash,1784099908.4857655,llm_judge_binary,evaluation,,,162.0,162.0
deepseek,68,94,162,0,92,,,DeepSeekBackend,deepseek-v4-flash,1784099908.5637739,llm_judge_binary,evaluation,,,161.0,161.0
deepseek,69,103,172,0,101,,,DeepSeekBackend,deepseek-v4-flash,1784099909.0660098,llm_judge_binary,evaluation,,,170.0,170.0
deepseek,70,128,198,0,126,,,DeepSeekBackend,deepseek-v4-flash,1784099909.1482253,llm_judge_binary,evaluation,,,166.0,166.0
deepseek,69,82,151,0,80,,,DeepSeekBackend,deepseek-v4-flash,1784099909.167292,llm_judge_binary,evaluation,,,167.0,167.0
deepseek,69,118,187,0,116,,,DeepSeekBackend,deepseek-v4-flash,1784099909.2012167,llm_judge_binary,evaluation,,,165.0,165.0
deepseek,69,104,173,0,102,,,DeepSeekBackend,deepseek-v4-flash,1784099909.2122881,llm_judge_binary,evaluation,,,172.0,172.0
deepseek,69,134,203,0,132,,,DeepSeekBackend,deepseek-v4-flash,1784099909.2992358,llm_judge_binary,evaluation,,,164.0,164.0
deepseek,68,201,269,0,199,,,DeepSeekBackend,deepseek-v4-flash,1784099909.3177416,llm_judge_binary,evaluation,,,160.0,160.0
deepseek,68,102,170,0,100,,,DeepSeekBackend,deepseek-v4-flash,1784099909.3683276,llm_judge_binary,evaluation,,,173.0,173.0
deepseek,68,91,159,0,89,,,DeepSeekBackend,deepseek-v4-flash,1784099909.380419,llm_judge_binary,evaluation,,,178.0,178.0
deepseek,68,148,216,0,146,,,DeepSeekBackend,deepseek-v4-flash,1784099909.4726446,llm_judge_binary,evaluation,,,163.0,163.0
deepseek,68,146,214,0,144,,,DeepSeekBackend,deepseek-v4-flash,1784099909.4981797,llm_judge_binary,evaluation,,,169.0,169.0
deepseek,68,125,193,0,123,,,DeepSeekBackend,deepseek-v4-flash,1784099909.5453234,llm_judge_binary,evaluation,,,176.0,176.0
deepseek,68,131,199,0,129,,,DeepSeekBackend,deepseek-v4-flash,1784099909.6035228,llm_judge_binary,evaluation,,,177.0,177.0
deepseek,68,149,217,0,147,,,DeepSeekBackend,deepseek-v4-flash,1784099909.6513827,llm_judge_binary,evaluation,,,171.0,171.0
deepseek,68,145,213,0,143,,,DeepSeekBackend,deepseek-v4-flash,1784099909.7565591,llm_judge_binary,evaluation,,,174.0,174.0
deepseek,68,165,233,0,163,,,DeepSeekBackend,deepseek-v4-flash,1784099909.9189308,llm_judge_binary,evaluation,,,175.0,175.0
deepseek,70,103,173,0,101,,,DeepSeekBackend,deepseek-v4-flash,1784099909.9260721,llm_judge_binary,evaluation,,,180.0,180.0
deepseek,70,112,182,0,110,,,DeepSeekBackend,deepseek-v4-flash,1784099910.0387595,llm_judge_binary,evaluation,,,181.0,181.0
deepseek,68,43,111,0,41,,,DeepSeekBackend,deepseek-v4-flash,1784099910.0529962,llm_judge_binary,evaluation,,,183.0,183.0
deepseek,69,114,183,0,112,,,DeepSeekBackend,deepseek-v4-flash,1784099910.0738726,llm_judge_binary,evaluation,,,179.0,179.0
deepseek,68,175,243,0,173,,,DeepSeekBackend,deepseek-v4-flash,1784099910.080779,llm_judge_binary,evaluation,,,168.0,168.0
deepseek,68,35,103,0,33,,,DeepSeekBackend,deepseek-v4-flash,1784099910.1929524,llm_judge_binary,evaluation,,,186.0,186.0
deepseek,68,45,113,0,43,,,DeepSeekBackend,deepseek-v4-flash,1784099910.2713068,llm_judge_binary,evaluation,,,189.0,189.0
deepseek,68,35,103,0,33,,,DeepSeekBackend,deepseek-v4-flash,1784099910.512999,llm_judge_binary,evaluation,,,195.0,195.0
deepseek,70,103,173,0,101,,,DeepSeekBackend,deepseek-v4-flash,1784099910.5216963,llm_judge_binary,evaluation,,,182.0,182.0
deepseek,70,91,161,0,89,,,DeepSeekBackend,deepseek-v4-flash,1784099910.636677,llm_judge_binary,evaluation,,,190.0,190.0
deepseek,70,99,169,0,97,,,DeepSeekBackend,deepseek-v4-flash,1784099910.6938446,llm_judge_binary,evaluation,,,185.0,185.0
deepseek,70,81,151,0,79,,,DeepSeekBackend,deepseek-v4-flash,1784099910.7456617,llm_judge_binary,evaluation,,,192.0,192.0
deepseek,68,50,118,0,48,,,DeepSeekBackend,deepseek-v4-flash,1784099910.7817755,llm_judge_binary,evaluation,,,193.0,193.0
deepseek,70,100,170,0,98,,,DeepSeekBackend,deepseek-v4-flash,1784099910.8182614,llm_judge_binary,evaluation,,,188.0,188.0
deepseek,70,135,205,0,133,,,DeepSeekBackend,deepseek-v4-flash,1784099910.8249674,llm_judge_binary,evaluation,,,184.0,184.0
deepseek,68,43,111,0,41,,,DeepSeekBackend,deepseek-v4-flash,1784099911.05808,llm_judge_binary,evaluation,,,201.0,201.0
deepseek,68,48,116,0,46,,,DeepSeekBackend,deepseek-v4-flash,1784099911.0936248,llm_judge_binary,evaluation,,,199.0,199.0
deepseek,70,71,141,0,69,,,DeepSeekBackend,deepseek-v4-flash,1784099911.1353269,llm_judge_binary,evaluation,,,198.0,198.0
deepseek,70,107,177,0,105,,,DeepSeekBackend,deepseek-v4-flash,1784099911.1575575,llm_judge_binary,evaluation,,,194.0,194.0
deepseek,67,66,133,0,64,,,DeepSeekBackend,deepseek-v4-flash,1784099911.2052972,llm_judge_binary,evaluation,,,200.0,200.0
deepseek,70,104,174,0,102,,,DeepSeekBackend,deepseek-v4-flash,1784099911.2617326,llm_judge_binary,evaluation,,,196.0,196.0
deepseek,68,41,109,0,39,,,DeepSeekBackend,deepseek-v4-flash,1784099911.5107555,llm_judge_binary,evaluation,,,206.0,206.0
deepseek,70,125,195,0,123,,,DeepSeekBackend,deepseek-v4-flash,1784099911.5176935,llm_judge_binary,evaluation,,,191.0,191.0
deepseek,67,80,147,0,78,,,DeepSeekBackend,deepseek-v4-flash,1784099911.5259001,llm_judge_binary,evaluation,,,203.0,203.0
deepseek,70,107,177,0,105,,,DeepSeekBackend,deepseek-v4-flash,1784099911.5367737,llm_judge_binary,evaluation,,,197.0,197.0
deepseek,68,39,107,0,37,,,DeepSeekBackend,deepseek-v4-flash,1784099911.694554,llm_judge_binary,evaluation,,,211.0,211.0
deepseek,67,105,172,0,103,,,DeepSeekBackend,deepseek-v4-flash,1784099911.7013516,llm_judge_binary,evaluation,,,202.0,202.0
deepseek,68,40,108,0,38,,,DeepSeekBackend,deepseek-v4-flash,1784099911.8700562,llm_judge_binary,evaluation,,,210.0,210.0
deepseek,68,55,123,0,53,,,DeepSeekBackend,deepseek-v4-flash,1784099912.0318391,llm_judge_binary,evaluation,,,214.0,214.0
deepseek,69,124,193,0,122,,,DeepSeekBackend,deepseek-v4-flash,1784099912.1450243,llm_judge_binary,evaluation,,,204.0,204.0
deepseek,68,84,152,0,82,,,DeepSeekBackend,deepseek-v4-flash,1784099912.2276978,llm_judge_binary,evaluation,,,209.0,209.0
deepseek,70,245,315,0,243,,,DeepSeekBackend,deepseek-v4-flash,1784099912.4478395,llm_judge_binary,evaluation,,,187.0,187.0
deepseek,72,41,113,0,39,,,DeepSeekBackend,deepseek-v4-flash,1784099912.4558487,llm_judge_binary,evaluation,,,222.0,222.0
deepseek,72,57,129,0,55,,,DeepSeekBackend,deepseek-v4-flash,1784099912.4747775,llm_judge_binary,evaluation,,,220.0,220.0
deepseek,72,55,127,0,53,,,DeepSeekBackend,deepseek-v4-flash,1784099912.4813411,llm_judge_binary,evaluation,,,221.0,221.0
deepseek,72,40,112,0,38,,,DeepSeekBackend,deepseek-v4-flash,1784099912.5393786,llm_judge_binary,evaluation,,,223.0,223.0
deepseek,72,50,122,0,48,,,DeepSeekBackend,deepseek-v4-flash,1784099912.6070917,llm_judge_binary,evaluation,,,224.0,224.0
deepseek,67,98,165,0,96,,,DeepSeekBackend,deepseek-v4-flash,1784099912.6139293,llm_judge_binary,evaluation,,,213.0,213.0
deepseek,68,55,123,0,53,,,DeepSeekBackend,deepseek-v4-flash,1784099912.6328545,llm_judge_binary,evaluation,,,219.0,219.0
deepseek,67,120,187,0,118,,,DeepSeekBackend,deepseek-v4-flash,1784099912.6802244,llm_judge_binary,evaluation,,,212.0,212.0
deepseek,67,100,167,0,98,,,DeepSeekBackend,deepseek-v4-flash,1784099912.7639666,llm_judge_binary,evaluation,,,217.0,217.0
deepseek,67,155,222,0,153,,,DeepSeekBackend,deepseek-v4-flash,1784099912.796327,llm_judge_binary,evaluation,,,208.0,208.0
deepseek,72,55,127,0,53,,,DeepSeekBackend,deepseek-v4-flash,1784099912.8056393,llm_judge_binary,evaluation,,,225.0,225.0
deepseek,72,45,117,0,43,,,DeepSeekBackend,deepseek-v4-flash,1784099912.9507859,llm_judge_binary,evaluation,,,226.0,226.0
deepseek,72,47,119,0,45,,,DeepSeekBackend,deepseek-v4-flash,1784099913.0205843,llm_judge_binary,evaluation,,,227.0,227.0
deepseek,67,137,204,0,135,,,DeepSeekBackend,deepseek-v4-flash,1784099913.052021,llm_judge_binary,evaluation,,,218.0,218.0
deepseek,72,39,111,0,37,,,DeepSeekBackend,deepseek-v4-flash,1784099913.1650732,llm_judge_binary,evaluation,,,228.0,228.0
deepseek,67,108,175,0,106,,,DeepSeekBackend,deepseek-v4-flash,1784099913.1957479,llm_judge_binary,evaluation,,,216.0,216.0
deepseek,67,202,269,0,200,,,DeepSeekBackend,deepseek-v4-flash,1784099913.351166,llm_judge_binary,evaluation,,,207.0,207.0
deepseek,72,52,124,0,50,,,DeepSeekBackend,deepseek-v4-flash,1784099913.4372091,llm_judge_binary,evaluation,,,235.0,235.0
deepseek,72,47,119,0,45,,,DeepSeekBackend,deepseek-v4-flash,1784099913.484578,llm_judge_binary,evaluation,,,230.0,230.0
deepseek,67,242,309,0,240,,,DeepSeekBackend,deepseek-v4-flash,1784099913.5126624,llm_judge_binary,evaluation,,,205.0,205.0
deepseek,72,48,120,0,46,,,DeepSeekBackend,deepseek-v4-flash,1784099913.541759,llm_judge_binary,evaluation,,,234.0,234.0
deepseek,72,54,126,0,52,,,DeepSeekBackend,deepseek-v4-flash,1784099913.574517,llm_judge_binary,evaluation,,,229.0,229.0
deepseek,72,48,120,0,46,,,DeepSeekBackend,deepseek-v4-flash,1784099913.5892043,llm_judge_binary,evaluation,,,231.0,231.0
deepseek,72,47,119,0,45,,,DeepSeekBackend,deepseek-v4-flash,1784099913.5971518,llm_judge_binary,evaluation,,,238.0,238.0
deepseek,72,57,129,0,55,,,DeepSeekBackend,deepseek-v4-flash,1784099913.6032996,llm_judge_binary,evaluation,,,233.0,233.0
deepseek,62,37,99,0,35,,,DeepSeekBackend,deepseek-v4-flash,1784099913.6310558,llm_judge_binary,evaluation,,,240.0,240.0
deepseek,72,51,123,0,49,,,DeepSeekBackend,deepseek-v4-flash,1784099913.6388197,llm_judge_binary,evaluation,,,237.0,237.0
deepseek,72,33,105,0,31,,,DeepSeekBackend,deepseek-v4-flash,1784099913.644141,llm_judge_binary,evaluation,,,232.0,232.0
deepseek,72,55,127,0,53,,,DeepSeekBackend,deepseek-v4-flash,1784099913.7896128,llm_judge_binary,evaluation,,,236.0,236.0
deepseek,62,29,91,0,27,,,DeepSeekBackend,deepseek-v4-flash,1784099913.7979884,llm_judge_binary,evaluation,,,241.0,241.0
deepseek,72,75,147,0,73,,,DeepSeekBackend,deepseek-v4-flash,1784099913.940163,llm_judge_binary,evaluation,,,239.0,239.0
deepseek,62,45,107,0,43,,,DeepSeekBackend,deepseek-v4-flash,1784099913.957462,llm_judge_binary,evaluation,,,243.0,243.0
deepseek,62,40,102,0,38,,,DeepSeekBackend,deepseek-v4-flash,1784099914.0551577,llm_judge_binary,evaluation,,,242.0,242.0
deepseek,62,37,99,0,35,,,DeepSeekBackend,deepseek-v4-flash,1784099914.0796554,llm_judge_binary,evaluation,,,245.0,245.0
deepseek,62,38,100,0,36,,,DeepSeekBackend,deepseek-v4-flash,1784099914.1103952,llm_judge_binary,evaluation,,,244.0,244.0
deepseek,62,36,98,0,34,,,DeepSeekBackend,deepseek-v4-flash,1784099914.1773455,llm_judge_binary,evaluation,,,246.0,246.0
deepseek,62,35,97,0,33,,,DeepSeekBackend,deepseek-v4-flash,1784099914.3196087,llm_judge_binary,evaluation,,,247.0,247.0
deepseek,62,37,99,0,35,,,DeepSeekBackend,deepseek-v4-flash,1784099914.3642933,llm_judge_binary,evaluation,,,250.0,250.0
deepseek,62,60,122,0,58,,,DeepSeekBackend,deepseek-v4-flash,1784099914.3712535,llm_judge_binary,evaluation,,,249.0,249.0
deepseek,62,43,105,0,41,,,DeepSeekBackend,deepseek-v4-flash,1784099914.3919632,llm_judge_binary,evaluation,,,248.0,248.0
deepseek,62,45,107,0,43,,,DeepSeekBackend,deepseek-v4-flash,1784099914.5078738,llm_judge_binary,evaluation,,,252.0,252.0
deepseek,62,37,99,0,35,,,DeepSeekBackend,deepseek-v4-flash,1784099914.5730598,llm_judge_binary,evaluation,,,254.0,254.0
deepseek,62,39,101,0,37,,,DeepSeekBackend,deepseek-v4-flash,1784099914.5950336,llm_judge_binary,evaluation,,,253.0,253.0
deepseek,62,43,105,0,41,,,DeepSeekBackend,deepseek-v4-flash,1784099914.605969,llm_judge_binary,evaluation,,,258.0,258.0
deepseek,62,42,104,0,40,,,DeepSeekBackend,deepseek-v4-flash,1784099914.611817,llm_judge_binary,evaluation,,,255.0,255.0
deepseek,63,60,123,0,58,,,DeepSeekBackend,deepseek-v4-flash,1784099914.6461565,llm_judge_binary,evaluation,,,251.0,251.0
deepseek,62,48,110,0,46,,,DeepSeekBackend,deepseek-v4-flash,1784099914.667826,llm_judge_binary,evaluation,,,256.0,256.0
deepseek,62,41,103,0,39,,,DeepSeekBackend,deepseek-v4-flash,1784099914.6801932,llm_judge_binary,evaluation,,,257.0,257.0
deepseek,62,40,102,0,38,,,DeepSeekBackend,deepseek-v4-flash,1784099914.835413,llm_judge_binary,evaluation,,,261.0,261.0
deepseek,62,52,114,0,50,,,DeepSeekBackend,deepseek-v4-flash,1784099914.9244578,llm_judge_binary,evaluation,,,259.0,259.0
deepseek,62,33,95,0,31,,,DeepSeekBackend,deepseek-v4-flash,1784099915.0034168,llm_judge_binary,evaluation,,,260.0,260.0
deepseek,62,44,106,0,42,,,DeepSeekBackend,deepseek-v4-flash,1784099915.0557034,llm_judge_binary,evaluation,,,265.0,265.0
deepseek,62,38,100,0,36,,,DeepSeekBackend,deepseek-v4-flash,1784099915.112073,llm_judge_binary,evaluation,,,263.0,263.0
deepseek,62,38,100,0,36,,,DeepSeekBackend,deepseek-v4-flash,1784099915.1186914,llm_judge_binary,evaluation,,,262.0,262.0
deepseek,62,38,100,0,36,,,DeepSeekBackend,deepseek-v4-flash,1784099915.156103,llm_judge_binary,evaluation,,,264.0,264.0
deepseek,67,315,382,0,313,,,DeepSeekBackend,deepseek-v4-flash,1784099915.1859505,llm_judge_binary,evaluation,,,215.0,215.0
deepseek,62,42,104,0,40,,,DeepSeekBackend,deepseek-v4-flash,1784099915.2195747,llm_judge_binary,evaluation,,,266.0,266.0
deepseek,62,39,101,0,37,,,DeepSeekBackend,deepseek-v4-flash,1784099915.3262508,llm_judge_binary,evaluation,,,267.0,267.0
deepseek,62,44,106,0,42,,,DeepSeekBackend,deepseek-v4-flash,1784099915.337059,llm_judge_binary,evaluation,,,269.0,269.0
deepseek,62,49,111,0,47,,,DeepSeekBackend,deepseek-v4-flash,1784099915.4062316,llm_judge_binary,evaluation,,,271.0,271.0
deepseek,62,32,94,0,30,,,DeepSeekBackend,deepseek-v4-flash,1784099915.454108,llm_judge_binary,evaluation,,,270.0,270.0
deepseek,62,40,102,0,38,,,DeepSeekBackend,deepseek-v4-flash,1784099915.4623322,llm_judge_binary,evaluation,,,276.0,276.0
deepseek,62,42,104,0,40,,,DeepSeekBackend,deepseek-v4-flash,1784099915.5071383,llm_judge_binary,evaluation,,,272.0,272.0
deepseek,62,42,104,0,40,,,DeepSeekBackend,deepseek-v4-flash,1784099915.5136352,llm_judge_binary,evaluation,,,275.0,275.0
deepseek,62,44,106,0,42,,,DeepSeekBackend,deepseek-v4-flash,1784099915.5931008,llm_judge_binary,evaluation,,,274.0,274.0
deepseek,62,55,117,0,53,,,DeepSeekBackend,deepseek-v4-flash,1784099915.6163511,llm_judge_binary,evaluation,,,268.0,268.0
deepseek,62,37,99,0,35,,,DeepSeekBackend,deepseek-v4-flash,1784099915.6506128,llm_judge_binary,evaluation,,,273.0,273.0
deepseek,62,33,95,0,31,,,DeepSeekBackend,deepseek-v4-flash,1784099915.7066934,llm_judge_binary,evaluation,,,277.0,277.0
deepseek,62,44,106,0,42,,,DeepSeekBackend,deepseek-v4-flash,1784099915.7248828,llm_judge_binary,evaluation,,,278.0,278.0
deepseek,62,33,95,0,31,,,DeepSeekBackend,deepseek-v4-flash,1784099915.8424737,llm_judge_binary,evaluation,,,279.0,279.0
deepseek,66,77,143,0,75,,,DeepSeekBackend,deepseek-v4-flash,1784099916.257864,llm_judge_binary,evaluation,,,284.0,284.0
deepseek,60,38,98,0,36,,,DeepSeekBackend,deepseek-v4-flash,1784099916.307979,llm_judge_binary,evaluation,,,292.0,292.0
deepseek,66,85,151,0,83,,,DeepSeekBackend,deepseek-v4-flash,1784099916.4717891,llm_judge_binary,evaluation,,,281.0,281.0
deepseek,64,95,159,0,93,,,DeepSeekBackend,deepseek-v4-flash,1784099916.4995787,llm_judge_binary,evaluation,,,286.0,286.0
deepseek,64,109,173,0,107,,,DeepSeekBackend,deepseek-v4-flash,1784099916.6313553,llm_judge_binary,evaluation,,,282.0,282.0
deepseek,66,111,177,0,109,,,DeepSeekBackend,deepseek-v4-flash,1784099916.6410835,llm_judge_binary,evaluation,,,285.0,285.0
deepseek,64,87,151,0,85,,,DeepSeekBackend,deepseek-v4-flash,1784099916.6635315,llm_judge_binary,evaluation,,,283.0,283.0
deepseek,66,91,157,0,89,,,DeepSeekBackend,deepseek-v4-flash,1784099916.7410002,llm_judge_binary,evaluation,,,293.0,293.0
deepseek,66,84,150,0,82,,,DeepSeekBackend,deepseek-v4-flash,1784099916.779916,llm_judge_binary,evaluation,,,291.0,291.0
deepseek,64,107,171,0,105,,,DeepSeekBackend,deepseek-v4-flash,1784099916.786553,llm_judge_binary,evaluation,,,288.0,288.0
deepseek,64,115,179,0,113,,,DeepSeekBackend,deepseek-v4-flash,1784099916.836625,llm_judge_binary,evaluation,,,287.0,287.0
deepseek,63,86,149,0,84,,,DeepSeekBackend,deepseek-v4-flash,1784099916.940133,llm_judge_binary,evaluation,,,290.0,290.0
deepseek,66,94,160,0,92,,,DeepSeekBackend,deepseek-v4-flash,1784099916.9931161,llm_judge_binary,evaluation,,,297.0,297.0
deepseek,66,102,168,0,100,,,DeepSeekBackend,deepseek-v4-flash,1784099917.0537384,llm_judge_binary,evaluation,,,296.0,296.0
deepseek,64,116,180,0,114,,,DeepSeekBackend,deepseek-v4-flash,1784099917.0790586,llm_judge_binary,evaluation,,,295.0,295.0
deepseek,66,148,214,0,146,,,DeepSeekBackend,deepseek-v4-flash,1784099917.087057,llm_judge_binary,evaluation,,,280.0,280.0
deepseek,62,39,101,0,37,,,DeepSeekBackend,deepseek-v4-flash,1784099917.1266096,llm_judge_binary,evaluation,,,300.0,300.0
deepseek,64,112,176,0,110,,,DeepSeekBackend,deepseek-v4-flash,1784099917.1339064,llm_judge_binary,evaluation,,,294.0,294.0
deepseek,64,85,149,0,83,,,DeepSeekBackend,deepseek-v4-flash,1784099917.188754,llm_judge_binary,evaluation,,,299.0,299.0
deepseek,62,42,104,0,40,,,DeepSeekBackend,deepseek-v4-flash,1784099917.216645,llm_judge_binary,evaluation,,,301.0,301.0
deepseek,62,37,99,0,35,,,DeepSeekBackend,deepseek-v4-flash,1784099917.2802172,llm_judge_binary,evaluation,,,302.0,302.0
deepseek,66,132,198,0,130,,,DeepSeekBackend,deepseek-v4-flash,1784099917.391815,llm_judge_binary,evaluation,,,298.0,298.0
deepseek,62,42,104,0,40,,,DeepSeekBackend,deepseek-v4-flash,1784099917.4916196,llm_judge_binary,evaluation,,,303.0,303.0
deepseek,62,45,107,0,43,,,DeepSeekBackend,deepseek-v4-flash,1784099917.5599852,llm_judge_binary,evaluation,,,306.0,306.0
deepseek,62,29,91,0,27,,,DeepSeekBackend,deepseek-v4-flash,1784099917.5913258,llm_judge_binary,evaluation,,,308.0,308.0
deepseek,62,39,101,0,37,,,DeepSeekBackend,deepseek-v4-flash,1784099917.6521735,llm_judge_binary,evaluation,,,305.0,305.0
deepseek,62,39,101,0,37,,,DeepSeekBackend,deepseek-v4-flash,1784099917.6782048,llm_judge_binary,evaluation,,,304.0,304.0
deepseek,62,33,95,0,31,,,DeepSeekBackend,deepseek-v4-flash,1784099917.6905923,llm_judge_binary,evaluation,,,310.0,310.0
deepseek,64,155,219,0,153,,,DeepSeekBackend,deepseek-v4-flash,1784099917.7624822,llm_judge_binary,evaluation,,,289.0,289.0
deepseek,62,33,95,0,31,,,DeepSeekBackend,deepseek-v4-flash,1784099917.8620203,llm_judge_binary,evaluation,,,309.0,309.0
deepseek,62,46,108,0,44,,,DeepSeekBackend,deepseek-v4-flash,1784099917.8684804,llm_judge_binary,evaluation,,,311.0,311.0
deepseek,62,39,101,0,37,,,DeepSeekBackend,deepseek-v4-flash,1784099917.8918498,llm_judge_binary,evaluation,,,312.0,312.0
deepseek,62,38,100,0,36,,,DeepSeekBackend,deepseek-v4-flash,1784099917.9518766,llm_judge_binary,evaluation,,,313.0,313.0
deepseek,62,39,101,0,37,,,DeepSeekBackend,deepseek-v4-flash,1784099917.9583666,llm_judge_binary,evaluation,,,317.0,317.0
deepseek,62,41,103,0,39,,,DeepSeekBackend,deepseek-v4-flash,1784099918.0103128,llm_judge_binary,evaluation,,,318.0,318.0
deepseek,62,34,96,0,32,,,DeepSeekBackend,deepseek-v4-flash,1784099918.023102,llm_judge_binary,evaluation,,,319.0,319.0
deepseek,62,36,98,0,34,,,DeepSeekBackend,deepseek-v4-flash,1784099918.084051,llm_judge_binary,evaluation,,,314.0,314.0
deepseek,62,50,112,0,48,,,DeepSeekBackend,deepseek-v4-flash,1784099918.10312,llm_judge_binary,evaluation,,,316.0,316.0
deepseek,62,32,94,0,30,,,DeepSeekBackend,deepseek-v4-flash,1784099918.167559,llm_judge_binary,evaluation,,,315.0,315.0
deepseek,62,72,134,0,70,,,DeepSeekBackend,deepseek-v4-flash,1784099918.1770298,llm_judge_binary,evaluation,,,307.0,307.0
deepseek,65,87,152,0,85,,,DeepSeekBackend,deepseek-v4-flash,1784099918.6554148,llm_judge_binary,evaluation,,,320.0,320.0
deepseek,65,61,126,0,59,,,DeepSeekBackend,deepseek-v4-flash,1784099918.7124412,llm_judge_binary,evaluation,,,326.0,326.0
deepseek,65,56,121,0,54,,,DeepSeekBackend,deepseek-v4-flash,1784099918.732271,llm_judge_binary,evaluation,,,324.0,324.0
deepseek,65,67,132,0,65,,,DeepSeekBackend,deepseek-v4-flash,1784099918.7829947,llm_judge_binary,evaluation,,,325.0,325.0
deepseek,65,123,188,0,121,,,DeepSeekBackend,deepseek-v4-flash,1784099918.803017,llm_judge_binary,evaluation,,,321.0,321.0
deepseek,65,62,127,0,60,,,DeepSeekBackend,deepseek-v4-flash,1784099918.868195,llm_judge_binary,evaluation,,,323.0,323.0
deepseek,65,111,176,0,109,,,DeepSeekBackend,deepseek-v4-flash,1784099918.8979096,llm_judge_binary,evaluation,,,322.0,322.0
deepseek,65,65,130,0,63,,,DeepSeekBackend,deepseek-v4-flash,1784099919.0092132,llm_judge_binary,evaluation,,,330.0,330.0
deepseek,65,76,141,0,74,,,DeepSeekBackend,deepseek-v4-flash,1784099919.1232123,llm_judge_binary,evaluation,,,334.0,334.0
deepseek,65,100,165,0,98,,,DeepSeekBackend,deepseek-v4-flash,1784099919.1486993,llm_judge_binary,evaluation,,,328.0,328.0
deepseek,65,71,136,0,69,,,DeepSeekBackend,deepseek-v4-flash,1784099919.1552942,llm_judge_binary,evaluation,,,331.0,331.0
deepseek,65,87,152,0,85,,,DeepSeekBackend,deepseek-v4-flash,1784099919.212015,llm_judge_binary,evaluation,,,329.0,329.0
deepseek,65,65,130,0,63,,,DeepSeekBackend,deepseek-v4-flash,1784099919.2219925,llm_judge_binary,evaluation,,,332.0,332.0
deepseek,65,65,130,0,63,,,DeepSeekBackend,deepseek-v4-flash,1784099919.3467586,llm_judge_binary,evaluation,,,336.0,336.0
deepseek,65,78,143,0,76,,,DeepSeekBackend,deepseek-v4-flash,1784099919.360467,llm_judge_binary,evaluation,,,337.0,337.0
deepseek,65,61,126,0,59,,,DeepSeekBackend,deepseek-v4-flash,1784099919.3658085,llm_judge_binary,evaluation,,,335.0,335.0
deepseek,65,76,141,0,74,,,DeepSeekBackend,deepseek-v4-flash,1784099919.4554086,llm_judge_binary,evaluation,,,338.0,338.0
deepseek,65,87,152,0,85,,,DeepSeekBackend,deepseek-v4-flash,1784099919.4650753,llm_judge_binary,evaluation,,,333.0,333.0
deepseek,65,110,175,0,108,,,DeepSeekBackend,deepseek-v4-flash,1784099919.7242887,llm_judge_binary,evaluation,,,339.0,339.0
deepseek,65,165,230,0,163,,,DeepSeekBackend,deepseek-v4-flash,1784099919.8032725,llm_judge_binary,evaluation,,,327.0,327.0
deepseek,60,87,147,0,85,,,DeepSeekBackend,deepseek-v4-flash,1784099920.070502,llm_judge_binary,evaluation,,,344.0,344.0
deepseek,60,80,140,0,78,,,DeepSeekBackend,deepseek-v4-flash,1784099920.0781105,llm_judge_binary,evaluation,,,341.0,341.0
deepseek,60,112,172,0,110,,,DeepSeekBackend,deepseek-v4-flash,1784099920.0874758,llm_judge_binary,evaluation,,,342.0,342.0
deepseek,60,55,115,0,53,,,DeepSeekBackend,deepseek-v4-flash,1784099920.2817488,llm_judge_binary,evaluation,,,350.0,350.0
deepseek,60,93,153,0,91,,,DeepSeekBackend,deepseek-v4-flash,1784099920.307506,llm_judge_binary,evaluation,,,340.0,340.0
deepseek,60,67,127,0,65,,,DeepSeekBackend,deepseek-v4-flash,1784099920.4096425,llm_judge_binary,evaluation,,,352.0,352.0
deepseek,60,91,151,0,89,,,DeepSeekBackend,deepseek-v4-flash,1784099920.4244368,llm_judge_binary,evaluation,,,346.0,346.0
deepseek,60,76,136,0,74,,,DeepSeekBackend,deepseek-v4-flash,1784099920.493527,llm_judge_binary,evaluation,,,351.0,351.0
deepseek,60,115,175,0,113,,,DeepSeekBackend,deepseek-v4-flash,1784099920.5484517,llm_judge_binary,evaluation,,,343.0,343.0
deepseek,60,72,132,0,70,,,DeepSeekBackend,deepseek-v4-flash,1784099920.6325626,llm_judge_binary,evaluation,,,354.0,354.0
deepseek,60,73,133,0,71,,,DeepSeekBackend,deepseek-v4-flash,1784099920.6418245,llm_judge_binary,evaluation,,,353.0,353.0
deepseek,60,114,174,0,112,,,DeepSeekBackend,deepseek-v4-flash,1784099920.677889,llm_judge_binary,evaluation,,,345.0,345.0
deepseek,60,89,149,0,87,,,DeepSeekBackend,deepseek-v4-flash,1784099920.7136147,llm_judge_binary,evaluation,,,349.0,349.0
deepseek,60,133,193,0,131,,,DeepSeekBackend,deepseek-v4-flash,1784099920.783133,llm_judge_binary,evaluation,,,347.0,347.0
deepseek,60,84,144,0,82,,,DeepSeekBackend,deepseek-v4-flash,1784099920.8231473,llm_judge_binary,evaluation,,,355.0,355.0
deepseek,66,48,114,0,46,,,DeepSeekBackend,deepseek-v4-flash,1784099920.900152,llm_judge_binary,evaluation,,,362.0,362.0
deepseek,60,98,158,0,96,,,DeepSeekBackend,deepseek-v4-flash,1784099920.907035,llm_judge_binary,evaluation,,,356.0,356.0
deepseek,60,97,157,0,95,,,DeepSeekBackend,deepseek-v4-flash,1784099920.9598076,llm_judge_binary,evaluation,,,348.0,348.0
deepseek,66,45,111,0,43,,,DeepSeekBackend,deepseek-v4-flash,1784099920.9696448,llm_judge_binary,evaluation,,,360.0,360.0
deepseek,66,44,110,0,42,,,DeepSeekBackend,deepseek-v4-flash,1784099921.0296175,llm_judge_binary,evaluation,,,361.0,361.0
deepseek,60,85,145,0,83,,,DeepSeekBackend,deepseek-v4-flash,1784099921.2637885,llm_judge_binary,evaluation,,,358.0,358.0
deepseek,66,35,101,0,33,,,DeepSeekBackend,deepseek-v4-flash,1784099921.2778742,llm_judge_binary,evaluation,,,365.0,365.0
deepseek,66,40,106,0,38,,,DeepSeekBackend,deepseek-v4-flash,1784099921.321165,llm_judge_binary,evaluation,,,367.0,367.0
deepseek,66,60,126,0,58,,,DeepSeekBackend,deepseek-v4-flash,1784099921.3974493,llm_judge_binary,evaluation,,,363.0,363.0
deepseek,60,98,158,0,96,,,DeepSeekBackend,deepseek-v4-flash,1784099921.4296966,llm_judge_binary,evaluation,,,359.0,359.0
deepseek,66,56,122,0,54,,,DeepSeekBackend,deepseek-v4-flash,1784099921.4980013,llm_judge_binary,evaluation,,,364.0,364.0
deepseek,66,34,100,0,32,,,DeepSeekBackend,deepseek-v4-flash,1784099921.5109046,llm_judge_binary,evaluation,,,370.0,370.0
deepseek,66,41,107,0,39,,,DeepSeekBackend,deepseek-v4-flash,1784099921.6108131,llm_judge_binary,evaluation,,,369.0,369.0
deepseek,66,42,108,0,40,,,DeepSeekBackend,deepseek-v4-flash,1784099921.6270308,llm_judge_binary,evaluation,,,368.0,368.0
deepseek,66,50,116,0,48,,,DeepSeekBackend,deepseek-v4-flash,1784099921.6442134,llm_judge_binary,evaluation,,,371.0,371.0
deepseek,66,45,111,0,43,,,DeepSeekBackend,deepseek-v4-flash,1784099921.6639497,llm_judge_binary,evaluation,,,372.0,372.0
deepseek,66,47,113,0,45,,,DeepSeekBackend,deepseek-v4-flash,1784099921.7386124,llm_judge_binary,evaluation,,,373.0,373.0
deepseek,66,75,141,0,73,,,DeepSeekBackend,deepseek-v4-flash,1784099921.770914,llm_judge_binary,evaluation,,,366.0,366.0
deepseek,66,51,117,0,49,,,DeepSeekBackend,deepseek-v4-flash,1784099921.8191345,llm_judge_binary,evaluation,,,374.0,374.0
deepseek,66,40,106,0,38,,,DeepSeekBackend,deepseek-v4-flash,1784099921.9612813,llm_judge_binary,evaluation,,,377.0,377.0
deepseek,66,70,136,0,68,,,DeepSeekBackend,deepseek-v4-flash,1784099921.9928997,llm_judge_binary,evaluation,,,376.0,376.0
deepseek,66,42,108,0,40,,,DeepSeekBackend,deepseek-v4-flash,1784099922.027588,llm_judge_binary,evaluation,,,378.0,378.0
deepseek,66,41,107,0,39,,,DeepSeekBackend,deepseek-v4-flash,1784099922.1529193,llm_judge_binary,evaluation,,,379.0,379.0
deepseek,60,216,276,0,214,,,DeepSeekBackend,deepseek-v4-flash,1784099922.2388954,llm_judge_binary,evaluation,,,357.0,357.0
deepseek,64,91,155,0,89,,,DeepSeekBackend,deepseek-v4-flash,1784099922.456207,llm_judge_binary,evaluation,,,380.0,380.0
deepseek,68,68,136,0,66,,,DeepSeekBackend,deepseek-v4-flash,1784099922.505095,llm_judge_binary,evaluation,,,381.0,381.0
deepseek,67,104,171,0,102,,,DeepSeekBackend,deepseek-v4-flash,1784099922.5941353,llm_judge_binary,evaluation,,,375.0,375.0
deepseek,64,83,147,0,81,,,DeepSeekBackend,deepseek-v4-flash,1784099922.8237143,llm_judge_binary,evaluation,,,387.0,387.0
deepseek,68,72,140,0,70,,,DeepSeekBackend,deepseek-v4-flash,1784099922.8411858,llm_judge_binary,evaluation,,,388.0,388.0
deepseek,64,76,140,0,74,,,DeepSeekBackend,deepseek-v4-flash,1784099923.0322366,llm_judge_binary,evaluation,,,391.0,391.0
deepseek,64,117,181,0,115,,,DeepSeekBackend,deepseek-v4-flash,1784099923.0587227,llm_judge_binary,evaluation,,,386.0,386.0
deepseek,64,100,164,0,98,,,DeepSeekBackend,deepseek-v4-flash,1784099923.1592398,llm_judge_binary,evaluation,,,390.0,390.0
deepseek,64,109,173,0,107,,,DeepSeekBackend,deepseek-v4-flash,1784099923.1722145,llm_judge_binary,evaluation,,,384.0,384.0
deepseek,64,108,172,0,106,,,DeepSeekBackend,deepseek-v4-flash,1784099923.3096757,llm_judge_binary,evaluation,,,393.0,393.0
deepseek,64,123,187,0,121,,,DeepSeekBackend,deepseek-v4-flash,1784099923.3159797,llm_judge_binary,evaluation,,,385.0,385.0
deepseek,64,75,139,0,73,,,DeepSeekBackend,deepseek-v4-flash,1784099923.3993647,llm_judge_binary,evaluation,,,398.0,398.0
deepseek,64,114,178,0,112,,,DeepSeekBackend,deepseek-v4-flash,1784099923.4775014,llm_judge_binary,evaluation,,,392.0,392.0
deepseek,68,80,148,0,78,,,DeepSeekBackend,deepseek-v4-flash,1784099923.5869453,llm_judge_binary,evaluation,,,399.0,399.0
deepseek,64,93,157,0,91,,,DeepSeekBackend,deepseek-v4-flash,1784099923.6954994,llm_judge_binary,evaluation,,,394.0,394.0
deepseek,63,74,137,0,72,,,DeepSeekBackend,deepseek-v4-flash,1784099923.706666,llm_judge_binary,evaluation,,,400.0,400.0
deepseek,63,75,138,0,73,,,DeepSeekBackend,deepseek-v4-flash,1784099923.713642,llm_judge_binary,evaluation,,,401.0,401.0
deepseek,60,35,95,0,33,,,DeepSeekBackend,deepseek-v4-flash,1784099923.737421,llm_judge_binary,evaluation,,,403.0,403.0
deepseek,64,131,195,0,129,,,DeepSeekBackend,deepseek-v4-flash,1784099923.7512212,llm_judge_binary,evaluation,,,389.0,389.0
deepseek,68,127,195,0,125,,,DeepSeekBackend,deepseek-v4-flash,1784099923.7818873,llm_judge_binary,evaluation,,,396.0,396.0
deepseek,60,36,96,0,34,,,DeepSeekBackend,deepseek-v4-flash,1784099923.8046298,llm_judge_binary,evaluation,,,404.0,404.0
deepseek,60,32,92,0,30,,,DeepSeekBackend,deepseek-v4-flash,1784099923.8119445,llm_judge_binary,evaluation,,,405.0,405.0
deepseek,63,69,132,0,67,,,DeepSeekBackend,deepseek-v4-flash,1784099923.8610964,llm_judge_binary,evaluation,,,402.0,402.0
deepseek,60,37,97,0,35,,,DeepSeekBackend,deepseek-v4-flash,1784099923.8672035,llm_judge_binary,evaluation,,,406.0,406.0
deepseek,64,206,270,0,204,,,DeepSeekBackend,deepseek-v4-flash,1784099923.891237,llm_judge_binary,evaluation,,,382.0,382.0
deepseek,60,33,93,0,31,,,DeepSeekBackend,deepseek-v4-flash,1784099923.9041069,llm_judge_binary,evaluation,,,407.0,407.0
deepseek,64,182,246,0,180,,,DeepSeekBackend,deepseek-v4-flash,1784099923.9265244,llm_judge_binary,evaluation,,,383.0,383.0
deepseek,64,140,204,0,138,,,DeepSeekBackend,deepseek-v4-flash,1784099924.0408964,llm_judge_binary,evaluation,,,395.0,395.0
deepseek,60,43,103,0,41,,,DeepSeekBackend,deepseek-v4-flash,1784099924.092415,llm_judge_binary,evaluation,,,409.0,409.0
deepseek,60,38,98,0,36,,,DeepSeekBackend,deepseek-v4-flash,1784099924.1157322,llm_judge_binary,evaluation,,,408.0,408.0
deepseek,60,31,91,0,29,,,DeepSeekBackend,deepseek-v4-flash,1784099924.1825461,llm_judge_binary,evaluation,,,411.0,411.0
deepseek,64,150,214,0,148,,,DeepSeekBackend,deepseek-v4-flash,1784099924.2226188,llm_judge_binary,evaluation,,,397.0,397.0
deepseek,60,35,95,0,33,,,DeepSeekBackend,deepseek-v4-flash,1784099924.2399917,llm_judge_binary,evaluation,,,410.0,410.0
deepseek,60,32,92,0,30,,,DeepSeekBackend,deepseek-v4-flash,1784099924.5393581,llm_judge_binary,evaluation,,,415.0,415.0
deepseek,60,30,90,0,28,,,DeepSeekBackend,deepseek-v4-flash,1784099924.5873895,llm_judge_binary,evaluation,,,416.0,416.0
deepseek,60,48,108,0,46,,,DeepSeekBackend,deepseek-v4-flash,1784099924.6098166,llm_judge_binary,evaluation,,,417.0,417.0
deepseek,60,48,108,0,46,,,DeepSeekBackend,deepseek-v4-flash,1784099924.6357884,llm_judge_binary,evaluation,,,420.0,420.0
deepseek,60,30,90,0,28,,,DeepSeekBackend,deepseek-v4-flash,1784099924.6539617,llm_judge_binary,evaluation,,,419.0,419.0
deepseek,60,66,126,0,64,,,DeepSeekBackend,deepseek-v4-flash,1784099924.6605656,llm_judge_binary,evaluation,,,412.0,412.0
deepseek,60,47,107,0,45,,,DeepSeekBackend,deepseek-v4-flash,1784099924.6903105,llm_judge_binary,evaluation,,,413.0,413.0
deepseek,60,44,104,0,42,,,DeepSeekBackend,deepseek-v4-flash,1784099924.697229,llm_judge_binary,evaluation,,,414.0,414.0
deepseek,60,29,89,0,27,,,DeepSeekBackend,deepseek-v4-flash,1784099924.736001,llm_judge_binary,evaluation,,,418.0,418.0
deepseek,60,37,97,0,35,,,DeepSeekBackend,deepseek-v4-flash,1784099924.8707244,llm_judge_binary,evaluation,,,422.0,422.0
deepseek,60,45,105,0,43,,,DeepSeekBackend,deepseek-v4-flash,1784099924.9651709,llm_judge_binary,evaluation,,,421.0,421.0
deepseek,60,56,116,0,54,,,DeepSeekBackend,deepseek-v4-flash,1784099925.068334,llm_judge_binary,evaluation,,,423.0,423.0
deepseek,60,65,125,0,63,,,DeepSeekBackend,deepseek-v4-flash,1784099925.2031658,llm_judge_binary,evaluation,,,431.0,431.0
deepseek,60,90,150,0,88,,,DeepSeekBackend,deepseek-v4-flash,1784099925.232714,llm_judge_binary,evaluation,,,424.0,424.0
deepseek,60,97,157,0,95,,,DeepSeekBackend,deepseek-v4-flash,1784099925.2551928,llm_judge_binary,evaluation,,,426.0,426.0
deepseek,60,50,110,0,48,,,DeepSeekBackend,deepseek-v4-flash,1784099925.2656589,llm_judge_binary,evaluation,,,429.0,429.0
deepseek,60,87,147,0,85,,,DeepSeekBackend,deepseek-v4-flash,1784099925.4906833,llm_judge_binary,evaluation,,,427.0,427.0
deepseek,60,111,171,0,109,,,DeepSeekBackend,deepseek-v4-flash,1784099925.5143647,llm_judge_binary,evaluation,,,425.0,425.0
deepseek,60,87,147,0,85,,,DeepSeekBackend,deepseek-v4-flash,1784099925.5759907,llm_judge_binary,evaluation,,,430.0,430.0
deepseek,60,40,100,0,38,,,DeepSeekBackend,deepseek-v4-flash,1784099925.635794,llm_judge_binary,evaluation,,,436.0,436.0
deepseek,60,86,146,0,84,,,DeepSeekBackend,deepseek-v4-flash,1784099925.875162,llm_judge_binary,evaluation,,,432.0,432.0
deepseek,60,40,100,0,38,,,DeepSeekBackend,deepseek-v4-flash,1784099925.895502,llm_judge_binary,evaluation,,,442.0,442.0
deepseek,60,51,111,0,49,,,DeepSeekBackend,deepseek-v4-flash,1784099925.9023962,llm_judge_binary,evaluation,,,438.0,438.0
deepseek,60,49,109,0,47,,,DeepSeekBackend,deepseek-v4-flash,1784099925.9102,llm_judge_binary,evaluation,,,435.0,435.0
deepseek,60,48,108,0,46,,,DeepSeekBackend,deepseek-v4-flash,1784099925.939839,llm_judge_binary,evaluation,,,440.0,440.0
deepseek,60,88,148,0,86,,,DeepSeekBackend,deepseek-v4-flash,1784099926.004838,llm_judge_binary,evaluation,,,433.0,433.0
deepseek,60,73,133,0,71,,,DeepSeekBackend,deepseek-v4-flash,1784099926.046547,llm_judge_binary,evaluation,,,434.0,434.0
deepseek,60,65,125,0,63,,,DeepSeekBackend,deepseek-v4-flash,1784099926.1468058,llm_judge_binary,evaluation,,,441.0,441.0
deepseek,64,44,108,0,42,,,DeepSeekBackend,deepseek-v4-flash,1784099926.1528225,llm_judge_binary,evaluation,,,444.0,444.0
deepseek,60,89,149,0,87,,,DeepSeekBackend,deepseek-v4-flash,1784099926.181756,llm_judge_binary,evaluation,,,439.0,439.0
deepseek,64,26,90,0,24,,,DeepSeekBackend,deepseek-v4-flash,1784099926.2664316,llm_judge_binary,evaluation,,,449.0,449.0
deepseek,64,77,141,0,75,,,DeepSeekBackend,deepseek-v4-flash,1784099926.4709687,llm_judge_binary,evaluation,,,445.0,445.0
deepseek,67,89,156,0,87,,,DeepSeekBackend,deepseek-v4-flash,1784099926.4818408,llm_judge_binary,evaluation,,,443.0,443.0
deepseek,60,126,186,0,124,,,DeepSeekBackend,deepseek-v4-flash,1784099926.4917958,llm_judge_binary,evaluation,,,437.0,437.0
deepseek,64,60,124,0,58,,,DeepSeekBackend,deepseek-v4-flash,1784099926.7318559,llm_judge_binary,evaluation,,,448.0,448.0
deepseek,67,113,180,0,111,,,DeepSeekBackend,deepseek-v4-flash,1784099926.7539952,llm_judge_binary,evaluation,,,447.0,447.0
deepseek,60,168,228,0,166,,,DeepSeekBackend,deepseek-v4-flash,1784099926.811057,llm_judge_binary,evaluation,,,428.0,428.0
deepseek,67,98,165,0,96,,,DeepSeekBackend,deepseek-v4-flash,1784099926.9431098,llm_judge_binary,evaluation,,,450.0,450.0
deepseek,64,41,105,0,39,,,DeepSeekBackend,deepseek-v4-flash,1784099927.005903,llm_judge_binary,evaluation,,,458.0,458.0
deepseek,67,103,170,0,101,,,DeepSeekBackend,deepseek-v4-flash,1784099927.0458748,llm_judge_binary,evaluation,,,446.0,446.0
deepseek,64,62,126,0,60,,,DeepSeekBackend,deepseek-v4-flash,1784099927.0986722,llm_judge_binary,evaluation,,,455.0,455.0
deepseek,67,92,159,0,90,,,DeepSeekBackend,deepseek-v4-flash,1784099927.200958,llm_judge_binary,evaluation,,,453.0,453.0
deepseek,64,39,103,0,37,,,DeepSeekBackend,deepseek-v4-flash,1784099927.2586055,llm_judge_binary,evaluation,,,459.0,459.0
deepseek,66,79,145,0,77,,,DeepSeekBackend,deepseek-v4-flash,1784099927.352548,llm_judge_binary,evaluation,,,452.0,452.0
deepseek,60,35,95,0,33,,,DeepSeekBackend,deepseek-v4-flash,1784099927.3738952,llm_judge_binary,evaluation,,,463.0,463.0
deepseek,60,45,105,0,43,,,DeepSeekBackend,deepseek-v4-flash,1784099927.3922951,llm_judge_binary,evaluation,,,464.0,464.0
deepseek,60,35,95,0,33,,,DeepSeekBackend,deepseek-v4-flash,1784099927.4454303,llm_judge_binary,evaluation,,,465.0,465.0
deepseek,67,97,164,0,95,,,DeepSeekBackend,deepseek-v4-flash,1784099927.504777,llm_judge_binary,evaluation,,,454.0,454.0
deepseek,67,125,192,0,123,,,DeepSeekBackend,deepseek-v4-flash,1784099927.5251517,llm_judge_binary,evaluation,,,451.0,451.0
deepseek,60,39,99,0,37,,,DeepSeekBackend,deepseek-v4-flash,1784099927.5345507,llm_judge_binary,evaluation,,,466.0,466.0
deepseek,60,40,100,0,38,,,DeepSeekBackend,deepseek-v4-flash,1784099927.618752,llm_judge_binary,evaluation,,,467.0,467.0
deepseek,67,111,178,0,109,,,DeepSeekBackend,deepseek-v4-flash,1784099927.6967223,llm_judge_binary,evaluation,,,456.0,456.0
deepseek,60,47,107,0,45,,,DeepSeekBackend,deepseek-v4-flash,1784099927.7655265,llm_judge_binary,evaluation,,,468.0,468.0
deepseek,64,84,148,0,82,,,DeepSeekBackend,deepseek-v4-flash,1784099927.7880504,llm_judge_binary,evaluation,,,460.0,460.0
deepseek,60,43,103,0,41,,,DeepSeekBackend,deepseek-v4-flash,1784099927.82582,llm_judge_binary,evaluation,,,469.0,469.0
deepseek,67,114,181,0,112,,,DeepSeekBackend,deepseek-v4-flash,1784099927.8668816,llm_judge_binary,evaluation,,,457.0,457.0
deepseek,60,35,95,0,33,,,DeepSeekBackend,deepseek-v4-flash,1784099927.8734438,llm_judge_binary,evaluation,,,471.0,471.0
deepseek,67,128,195,0,126,,,DeepSeekBackend,deepseek-v4-flash,1784099927.9184237,llm_judge_binary,evaluation,,,461.0,461.0
deepseek,60,56,116,0,54,,,DeepSeekBackend,deepseek-v4-flash,1784099928.0021539,llm_judge_binary,evaluation,,,470.0,470.0
deepseek,67,116,183,0,114,,,DeepSeekBackend,deepseek-v4-flash,1784099928.0131593,llm_judge_binary,evaluation,,,462.0,462.0
deepseek,60,37,97,0,35,,,DeepSeekBackend,deepseek-v4-flash,1784099928.1708121,llm_judge_binary,evaluation,,,472.0,472.0
deepseek,60,32,92,0,30,,,DeepSeekBackend,deepseek-v4-flash,1784099928.1777697,llm_judge_binary,evaluation,,,476.0,476.0
deepseek,60,45,105,0,43,,,DeepSeekBackend,deepseek-v4-flash,1784099928.1876998,llm_judge_binary,evaluation,,,473.0,473.0
deepseek,60,37,97,0,35,,,DeepSeekBackend,deepseek-v4-flash,1784099928.237383,llm_judge_binary,evaluation,,,477.0,477.0
deepseek,60,39,99,0,37,,,DeepSeekBackend,deepseek-v4-flash,1784099928.280587,llm_judge_binary,evaluation,,,480.0,480.0
deepseek,60,31,91,0,29,,,DeepSeekBackend,deepseek-v4-flash,1784099928.2922666,llm_judge_binary,evaluation,,,474.0,474.0
deepseek,60,46,106,0,44,,,DeepSeekBackend,deepseek-v4-flash,1784099928.299997,llm_judge_binary,evaluation,,,475.0,475.0
deepseek,60,32,92,0,30,,,DeepSeekBackend,deepseek-v4-flash,1784099928.3321278,llm_judge_binary,evaluation,,,478.0,478.0
deepseek,60,37,97,0,35,,,DeepSeekBackend,deepseek-v4-flash,1784099928.4462934,llm_judge_binary,evaluation,,,482.0,482.0
deepseek,60,35,95,0,33,,,DeepSeekBackend,deepseek-v4-flash,1784099928.5048223,llm_judge_binary,evaluation,,,481.0,481.0
deepseek,60,45,105,0,43,,,DeepSeekBackend,deepseek-v4-flash,1784099928.6229053,llm_judge_binary,evaluation,,,479.0,479.0
deepseek,62,32,94,0,30,,,DeepSeekBackend,deepseek-v4-flash,1784099928.7302947,llm_judge_binary,evaluation,,,483.0,483.0
deepseek,68,92,160,0,90,,,DeepSeekBackend,deepseek-v4-flash,1784099929.0109196,llm_judge_binary,evaluation,,,484.0,484.0
deepseek,68,80,148,0,78,,,DeepSeekBackend,deepseek-v4-flash,1784099929.0175884,llm_judge_binary,evaluation,,,485.0,485.0
deepseek,68,84,152,0,82,,,DeepSeekBackend,deepseek-v4-flash,1784099929.2026832,llm_judge_binary,evaluation,,,488.0,488.0
deepseek,68,93,161,0,91,,,DeepSeekBackend,deepseek-v4-flash,1784099929.209064,llm_judge_binary,evaluation,,,487.0,487.0
deepseek,68,103,171,0,101,,,DeepSeekBackend,deepseek-v4-flash,1784099929.426057,llm_judge_binary,evaluation,,,486.0,486.0
deepseek,67,97,164,0,95,,,DeepSeekBackend,deepseek-v4-flash,1784099929.4381442,llm_judge_binary,evaluation,,,490.0,490.0
deepseek,68,80,148,0,78,,,DeepSeekBackend,deepseek-v4-flash,1784099929.4685624,llm_judge_binary,evaluation,,,496.0,496.0
deepseek,67,90,157,0,88,,,DeepSeekBackend,deepseek-v4-flash,1784099929.4797542,llm_judge_binary,evaluation,,,491.0,491.0
deepseek,68,96,164,0,94,,,DeepSeekBackend,deepseek-v4-flash,1784099929.5285819,llm_judge_binary,evaluation,,,492.0,492.0
deepseek,68,86,154,0,84,,,DeepSeekBackend,deepseek-v4-flash,1784099929.5478559,llm_judge_binary,evaluation,,,494.0,494.0
deepseek,68,79,147,0,77,,,DeepSeekBackend,deepseek-v4-flash,1784099929.5704737,llm_judge_binary,evaluation,,,497.0,497.0
deepseek,68,87,155,0,85,,,DeepSeekBackend,deepseek-v4-flash,1784099929.5835361,llm_judge_binary,evaluation,,,499.0,499.0
deepseek,68,95,163,0,93,,,DeepSeekBackend,deepseek-v4-flash,1784099929.5904343,llm_judge_binary,evaluation,,,493.0,493.0
deepseek,67,90,157,0,88,,,DeepSeekBackend,deepseek-v4-flash,1784099929.607925,llm_judge_binary,evaluation,,,495.0,495.0
deepseek,67,97,164,0,95,,,DeepSeekBackend,deepseek-v4-flash,1784099929.615569,llm_judge_binary,evaluation,,,489.0,489.0
deepseek,68,84,152,0,82,,,DeepSeekBackend,deepseek-v4-flash,1784099929.7373621,llm_judge_binary,evaluation,,,500.0,500.0
deepseek,68,102,170,0,100,,,DeepSeekBackend,deepseek-v4-flash,1784099929.81189,llm_judge_binary,evaluation,,,498.0,498.0
deepseek,67,78,145,0,76,,,DeepSeekBackend,deepseek-v4-flash,1784099929.8824239,llm_judge_binary,evaluation,,,502.0,502.0
deepseek,68,71,139,0,69,,,DeepSeekBackend,deepseek-v4-flash,1784099929.922961,llm_judge_binary,evaluation,,,503.0,503.0
deepseek,68,107,175,0,105,,,DeepSeekBackend,deepseek-v4-flash,1784099930.0192306,llm_judge_binary,evaluation,,,501.0,501.0
deepseek,78,60,138,0,58,,,DeepSeekBackend,deepseek-v4-flash,1784099930.0760274,llm_judge_binary,evaluation,,,504.0,504.0
deepseek,78,42,120,0,40,,,DeepSeekBackend,deepseek-v4-flash,1784099930.1233938,llm_judge_binary,evaluation,,,505.0,505.0
deepseek,78,44,122,0,42,,,DeepSeekBackend,deepseek-v4-flash,1784099930.143295,llm_judge_binary,evaluation,,,507.0,507.0
deepseek,78,51,129,0,49,,,DeepSeekBackend,deepseek-v4-flash,1784099930.1717033,llm_judge_binary,evaluation,,,506.0,506.0
deepseek,78,45,123,0,43,,,DeepSeekBackend,deepseek-v4-flash,1784099930.3679392,llm_judge_binary,evaluation,,,511.0,511.0
deepseek,78,49,127,0,47,,,DeepSeekBackend,deepseek-v4-flash,1784099930.3821626,llm_judge_binary,evaluation,,,509.0,509.0
deepseek,78,53,131,0,51,,,DeepSeekBackend,deepseek-v4-flash,1784099930.4945867,llm_judge_binary,evaluation,,,508.0,508.0
deepseek,78,60,138,0,58,,,DeepSeekBackend,deepseek-v4-flash,1784099930.5403333,llm_judge_binary,evaluation,,,518.0,518.0
deepseek,78,52,130,0,50,,,DeepSeekBackend,deepseek-v4-flash,1784099930.5560968,llm_judge_binary,evaluation,,,516.0,516.0
deepseek,78,61,139,0,59,,,DeepSeekBackend,deepseek-v4-flash,1784099930.6181998,llm_judge_binary,evaluation,,,514.0,514.0
deepseek,78,55,133,0,53,,,DeepSeekBackend,deepseek-v4-flash,1784099930.6288342,llm_judge_binary,evaluation,,,515.0,515.0
deepseek,78,49,127,0,47,,,DeepSeekBackend,deepseek-v4-flash,1784099930.694744,llm_judge_binary,evaluation,,,513.0,513.0
deepseek,78,60,138,0,58,,,DeepSeekBackend,deepseek-v4-flash,1784099930.7000916,llm_judge_binary,evaluation,,,510.0,510.0
deepseek,78,45,123,0,43,,,DeepSeekBackend,deepseek-v4-flash,1784099930.7158704,llm_judge_binary,evaluation,,,520.0,520.0
deepseek,78,61,139,0,59,,,DeepSeekBackend,deepseek-v4-flash,1784099930.7476726,llm_judge_binary,evaluation,,,512.0,512.0
deepseek,78,55,133,0,53,,,DeepSeekBackend,deepseek-v4-flash,1784099930.7995133,llm_judge_binary,evaluation,,,519.0,519.0
deepseek,78,63,141,0,61,,,DeepSeekBackend,deepseek-v4-flash,1784099930.966804,llm_judge_binary,evaluation,,,521.0,521.0
deepseek,78,48,126,0,46,,,DeepSeekBackend,deepseek-v4-flash,1784099931.0644846,llm_judge_binary,evaluation,,,523.0,523.0
deepseek,78,117,195,0,115,,,DeepSeekBackend,deepseek-v4-flash,1784099931.0716636,llm_judge_binary,evaluation,,,517.0,517.0
deepseek,78,78,156,0,76,,,DeepSeekBackend,deepseek-v4-flash,1784099931.2427123,llm_judge_binary,evaluation,,,522.0,522.0
deepseek,71,93,164,0,91,,,DeepSeekBackend,deepseek-v4-flash,1784099931.5556889,llm_judge_binary,evaluation,,,527.0,527.0
deepseek,71,124,195,0,122,,,DeepSeekBackend,deepseek-v4-flash,1784099931.6073856,llm_judge_binary,evaluation,,,524.0,524.0
deepseek,71,88,159,0,86,,,DeepSeekBackend,deepseek-v4-flash,1784099931.7167187,llm_judge_binary,evaluation,,,526.0,526.0
deepseek,71,74,145,0,72,,,DeepSeekBackend,deepseek-v4-flash,1784099931.8631878,llm_judge_binary,evaluation,,,532.0,532.0
deepseek,71,92,163,0,90,,,DeepSeekBackend,deepseek-v4-flash,1784099931.8761342,llm_judge_binary,evaluation,,,525.0,525.0
deepseek,71,131,202,0,129,,,DeepSeekBackend,deepseek-v4-flash,1784099931.9280322,llm_judge_binary,evaluation,,,529.0,529.0
deepseek,71,121,192,0,119,,,DeepSeekBackend,deepseek-v4-flash,1784099931.968555,llm_judge_binary,evaluation,,,528.0,528.0
deepseek,71,93,164,0,91,,,DeepSeekBackend,deepseek-v4-flash,1784099931.9757538,llm_judge_binary,evaluation,,,534.0,534.0
deepseek,71,90,161,0,88,,,DeepSeekBackend,deepseek-v4-flash,1784099932.0284088,llm_judge_binary,evaluation,,,530.0,530.0
deepseek,71,94,165,0,92,,,DeepSeekBackend,deepseek-v4-flash,1784099932.1043267,llm_judge_binary,evaluation,,,533.0,533.0
deepseek,71,130,201,0,128,,,DeepSeekBackend,deepseek-v4-flash,1784099932.2222059,llm_judge_binary,evaluation,,,531.0,531.0
deepseek,71,74,145,0,72,,,DeepSeekBackend,deepseek-v4-flash,1784099932.2773473,llm_judge_binary,evaluation,,,541.0,541.0
deepseek,71,99,170,0,97,,,DeepSeekBackend,deepseek-v4-flash,1784099932.2875469,llm_judge_binary,evaluation,,,538.0,538.0
deepseek,71,115,186,0,113,,,DeepSeekBackend,deepseek-v4-flash,1784099932.294643,llm_judge_binary,evaluation,,,537.0,537.0
deepseek,71,108,179,0,106,,,DeepSeekBackend,deepseek-v4-flash,1784099932.4354844,llm_judge_binary,evaluation,,,535.0,535.0
deepseek,71,129,200,0,127,,,DeepSeekBackend,deepseek-v4-flash,1784099932.445286,llm_judge_binary,evaluation,,,536.0,536.0
deepseek,71,102,173,0,100,,,DeepSeekBackend,deepseek-v4-flash,1784099932.524113,llm_judge_binary,evaluation,,,542.0,542.0
deepseek,71,130,201,0,128,,,DeepSeekBackend,deepseek-v4-flash,1784099932.5773861,llm_judge_binary,evaluation,,,539.0,539.0
deepseek,71,132,203,0,130,,,DeepSeekBackend,deepseek-v4-flash,1784099933.13686,llm_judge_binary,evaluation,,,543.0,543.0
deepseek,65,77,142,0,75,,,DeepSeekBackend,deepseek-v4-flash,1784099933.3420317,llm_judge_binary,evaluation,,,553.0,553.0
deepseek,71,211,282,0,209,,,DeepSeekBackend,deepseek-v4-flash,1784099933.6404374,llm_judge_binary,evaluation,,,540.0,540.0
deepseek,64,144,208,0,142,,,DeepSeekBackend,deepseek-v4-flash,1784099933.7246084,llm_judge_binary,evaluation,,,545.0,545.0
deepseek,68,129,197,0,127,,,DeepSeekBackend,deepseek-v4-flash,1784099933.7546682,llm_judge_binary,evaluation,,,549.0,549.0
deepseek,68,127,195,0,125,,,DeepSeekBackend,deepseek-v4-flash,1784099933.8282855,llm_judge_binary,evaluation,,,548.0,548.0
deepseek,68,140,208,0,138,,,DeepSeekBackend,deepseek-v4-flash,1784099934.020382,llm_judge_binary,evaluation,,,546.0,546.0
deepseek,64,124,188,0,122,,,DeepSeekBackend,deepseek-v4-flash,1784099934.2364478,llm_judge_binary,evaluation,,,555.0,555.0
deepseek,68,126,194,0,124,,,DeepSeekBackend,deepseek-v4-flash,1784099934.2906415,llm_judge_binary,evaluation,,,558.0,558.0
deepseek,68,208,276,0,206,,,DeepSeekBackend,deepseek-v4-flash,1784099934.386609,llm_judge_binary,evaluation,,,544.0,544.0
deepseek,68,176,244,0,174,,,DeepSeekBackend,deepseek-v4-flash,1784099934.483153,llm_judge_binary,evaluation,,,554.0,554.0
deepseek,68,174,242,0,172,,,DeepSeekBackend,deepseek-v4-flash,1784099934.7424443,llm_judge_binary,evaluation,,,552.0,552.0
deepseek,68,161,229,0,159,,,DeepSeekBackend,deepseek-v4-flash,1784099934.912336,llm_judge_binary,evaluation,,,561.0,561.0
deepseek,68,250,318,0,248,,,DeepSeekBackend,deepseek-v4-flash,1784099934.9370043,llm_judge_binary,evaluation,,,550.0,550.0
deepseek,68,214,282,0,212,,,DeepSeekBackend,deepseek-v4-flash,1784099935.0084536,llm_judge_binary,evaluation,,,556.0,556.0
deepseek,68,122,190,0,120,,,DeepSeekBackend,deepseek-v4-flash,1784099935.0399199,llm_judge_binary,evaluation,,,563.0,563.0
deepseek,68,243,311,0,241,,,DeepSeekBackend,deepseek-v4-flash,1784099935.0530655,llm_judge_binary,evaluation,,,547.0,547.0
deepseek,67,94,161,0,92,,,DeepSeekBackend,deepseek-v4-flash,1784099935.3452666,llm_judge_binary,evaluation,,,564.0,564.0
deepseek,67,70,137,0,68,,,DeepSeekBackend,deepseek-v4-flash,1784099935.4238968,llm_judge_binary,evaluation,,,571.0,571.0
deepseek,67,113,180,0,111,,,DeepSeekBackend,deepseek-v4-flash,1784099935.5840871,llm_judge_binary,evaluation,,,566.0,566.0
deepseek,68,247,315,0,245,,,DeepSeekBackend,deepseek-v4-flash,1784099935.6349497,llm_judge_binary,evaluation,,,557.0,557.0
deepseek,68,248,316,0,246,,,DeepSeekBackend,deepseek-v4-flash,1784099935.8244414,llm_judge_binary,evaluation,,,560.0,560.0
deepseek,67,86,153,0,84,,,DeepSeekBackend,deepseek-v4-flash,1784099935.858989,llm_judge_binary,evaluation,,,570.0,570.0
deepseek,68,338,406,0,336,,,DeepSeekBackend,deepseek-v4-flash,1784099935.8987231,llm_judge_binary,evaluation,,,551.0,551.0
deepseek,68,151,219,0,149,,,DeepSeekBackend,deepseek-v4-flash,1784099936.3405023,llm_judge_binary,evaluation,,,568.0,568.0
deepseek,68,308,376,0,306,,,DeepSeekBackend,deepseek-v4-flash,1784099936.362175,llm_judge_binary,evaluation,,,559.0,559.0
deepseek,68,249,317,0,247,,,DeepSeekBackend,deepseek-v4-flash,1784099936.5848293,llm_judge_binary,evaluation,,,562.0,562.0
deepseek,70,215,285,0,213,,,DeepSeekBackend,deepseek-v4-flash,1784099936.6355941,llm_judge_binary,evaluation,,,565.0,565.0
deepseek,67,126,193,0,124,,,DeepSeekBackend,deepseek-v4-flash,1784099936.6418793,llm_judge_binary,evaluation,,,575.0,575.0
deepseek,67,92,159,0,90,,,DeepSeekBackend,deepseek-v4-flash,1784099936.7471056,llm_judge_binary,evaluation,,,579.0,579.0
deepseek,68,223,291,0,221,,,DeepSeekBackend,deepseek-v4-flash,1784099936.8868997,llm_judge_binary,evaluation,,,567.0,567.0
deepseek,62,30,92,0,28,,,DeepSeekBackend,deepseek-v4-flash,1784099936.9082549,llm_judge_binary,evaluation,,,584.0,584.0
deepseek,62,52,114,0,50,,,DeepSeekBackend,deepseek-v4-flash,1784099937.0349672,llm_judge_binary,evaluation,,,585.0,585.0
deepseek,67,95,162,0,93,,,DeepSeekBackend,deepseek-v4-flash,1784099937.0757194,llm_judge_binary,evaluation,,,582.0,582.0
deepseek,67,89,156,0,87,,,DeepSeekBackend,deepseek-v4-flash,1784099937.196151,llm_judge_binary,evaluation,,,583.0,583.0
deepseek,68,183,251,0,181,,,DeepSeekBackend,deepseek-v4-flash,1784099937.214754,llm_judge_binary,evaluation,,,573.0,573.0
deepseek,70,217,287,0,215,,,DeepSeekBackend,deepseek-v4-flash,1784099937.2697268,llm_judge_binary,evaluation,,,572.0,572.0
deepseek,68,123,191,0,121,,,DeepSeekBackend,deepseek-v4-flash,1784099937.3305254,llm_judge_binary,evaluation,,,577.0,577.0
deepseek,62,32,94,0,30,,,DeepSeekBackend,deepseek-v4-flash,1784099937.3501403,llm_judge_binary,evaluation,,,586.0,586.0
deepseek,62,44,106,0,42,,,DeepSeekBackend,deepseek-v4-flash,1784099937.4766538,llm_judge_binary,evaluation,,,588.0,588.0
deepseek,62,72,134,0,70,,,DeepSeekBackend,deepseek-v4-flash,1784099937.5014365,llm_judge_binary,evaluation,,,587.0,587.0
deepseek,68,143,211,0,141,,,DeepSeekBackend,deepseek-v4-flash,1784099937.6502647,llm_judge_binary,evaluation,,,580.0,580.0
deepseek,70,204,274,0,202,,,DeepSeekBackend,deepseek-v4-flash,1784099937.6888397,llm_judge_binary,evaluation,,,576.0,576.0
deepseek,70,186,256,0,184,,,DeepSeekBackend,deepseek-v4-flash,1784099937.7043264,llm_judge_binary,evaluation,,,574.0,574.0
deepseek,62,31,93,0,29,,,DeepSeekBackend,deepseek-v4-flash,1784099937.7109993,llm_judge_binary,evaluation,,,590.0,590.0
deepseek,62,47,109,0,45,,,DeepSeekBackend,deepseek-v4-flash,1784099937.7865856,llm_judge_binary,evaluation,,,593.0,593.0
deepseek,62,54,116,0,52,,,DeepSeekBackend,deepseek-v4-flash,1784099937.793886,llm_judge_binary,evaluation,,,589.0,589.0
deepseek,62,43,105,0,41,,,DeepSeekBackend,deepseek-v4-flash,1784099937.8284845,llm_judge_binary,evaluation,,,591.0,591.0
deepseek,62,38,100,0,36,,,DeepSeekBackend,deepseek-v4-flash,1784099937.8624976,llm_judge_binary,evaluation,,,595.0,595.0
deepseek,62,47,109,0,45,,,DeepSeekBackend,deepseek-v4-flash,1784099937.8705926,llm_judge_binary,evaluation,,,592.0,592.0
deepseek,62,41,103,0,39,,,DeepSeekBackend,deepseek-v4-flash,1784099937.938807,llm_judge_binary,evaluation,,,594.0,594.0
deepseek,62,47,109,0,45,,,DeepSeekBackend,deepseek-v4-flash,1784099938.0908864,llm_judge_binary,evaluation,,,597.0,597.0
deepseek,62,37,99,0,35,,,DeepSeekBackend,deepseek-v4-flash,1784099938.122566,llm_judge_binary,evaluation,,,599.0,599.0
deepseek,62,46,108,0,44,,,DeepSeekBackend,deepseek-v4-flash,1784099938.1944742,llm_judge_binary,evaluation,,,598.0,598.0
deepseek,62,40,102,0,38,,,DeepSeekBackend,deepseek-v4-flash,1784099938.2547634,llm_judge_binary,evaluation,,,600.0,600.0
deepseek,62,48,110,0,46,,,DeepSeekBackend,deepseek-v4-flash,1784099938.282399,llm_judge_binary,evaluation,,,596.0,596.0
deepseek,62,37,99,0,35,,,DeepSeekBackend,deepseek-v4-flash,1784099938.472003,llm_judge_binary,evaluation,,,601.0,601.0
deepseek,62,39,101,0,37,,,DeepSeekBackend,deepseek-v4-flash,1784099938.6444309,llm_judge_binary,evaluation,,,602.0,602.0
deepseek,68,342,410,0,340,,,DeepSeekBackend,deepseek-v4-flash,1784099938.6866245,llm_judge_binary,evaluation,,,569.0,569.0
deepseek,66,45,111,0,43,,,DeepSeekBackend,deepseek-v4-flash,1784099938.7655761,llm_judge_binary,evaluation,,,610.0,610.0
deepseek,62,26,88,0,24,,,DeepSeekBackend,deepseek-v4-flash,1784099938.819464,llm_judge_binary,evaluation,,,603.0,603.0
deepseek,64,58,122,0,56,,,DeepSeekBackend,deepseek-v4-flash,1784099938.884813,llm_judge_binary,evaluation,,,606.0,606.0
deepseek,66,40,106,0,38,,,DeepSeekBackend,deepseek-v4-flash,1784099938.9574304,llm_judge_binary,evaluation,,,609.0,609.0
deepseek,64,78,142,0,76,,,DeepSeekBackend,deepseek-v4-flash,1784099938.9678612,llm_judge_binary,evaluation,,,605.0,605.0
deepseek,66,60,126,0,58,,,DeepSeekBackend,deepseek-v4-flash,1784099939.0033514,llm_judge_binary,evaluation,,,608.0,608.0
deepseek,64,56,120,0,54,,,DeepSeekBackend,deepseek-v4-flash,1784099939.0341842,llm_judge_binary,evaluation,,,613.0,613.0
deepseek,64,85,149,0,83,,,DeepSeekBackend,deepseek-v4-flash,1784099939.2142692,llm_judge_binary,evaluation,,,604.0,604.0
deepseek,70,308,378,0,306,,,DeepSeekBackend,deepseek-v4-flash,1784099939.2763221,llm_judge_binary,evaluation,,,581.0,581.0
deepseek,64,77,141,0,75,,,DeepSeekBackend,deepseek-v4-flash,1784099939.2828276,llm_judge_binary,evaluation,,,612.0,612.0
deepseek,64,85,149,0,83,,,DeepSeekBackend,deepseek-v4-flash,1784099939.2910974,llm_judge_binary,evaluation,,,614.0,614.0
deepseek,64,92,156,0,90,,,DeepSeekBackend,deepseek-v4-flash,1784099939.2979786,llm_judge_binary,evaluation,,,607.0,607.0
deepseek,64,79,143,0,77,,,DeepSeekBackend,deepseek-v4-flash,1784099939.3040721,llm_judge_binary,evaluation,,,611.0,611.0
deepseek,66,56,122,0,54,,,DeepSeekBackend,deepseek-v4-flash,1784099939.313849,llm_judge_binary,evaluation,,,617.0,617.0
deepseek,64,58,122,0,56,,,DeepSeekBackend,deepseek-v4-flash,1784099939.5121236,llm_judge_binary,evaluation,,,618.0,618.0
deepseek,64,79,143,0,77,,,DeepSeekBackend,deepseek-v4-flash,1784099939.5714934,llm_judge_binary,evaluation,,,615.0,615.0
deepseek,64,76,140,0,74,,,DeepSeekBackend,deepseek-v4-flash,1784099939.588731,llm_judge_binary,evaluation,,,616.0,616.0
deepseek,66,48,114,0,46,,,DeepSeekBackend,deepseek-v4-flash,1784099939.6759741,llm_judge_binary,evaluation,,,620.0,620.0
deepseek,66,55,121,0,53,,,DeepSeekBackend,deepseek-v4-flash,1784099939.7381325,llm_judge_binary,evaluation,,,621.0,621.0
deepseek,60,31,91,0,29,,,DeepSeekBackend,deepseek-v4-flash,1784099939.8565857,llm_judge_binary,evaluation,,,625.0,625.0
deepseek,60,42,102,0,40,,,DeepSeekBackend,deepseek-v4-flash,1784099939.8858325,llm_judge_binary,evaluation,,,624.0,624.0
deepseek,64,60,124,0,58,,,DeepSeekBackend,deepseek-v4-flash,1784099939.942669,llm_judge_binary,evaluation,,,623.0,623.0
deepseek,70,340,410,0,338,,,DeepSeekBackend,deepseek-v4-flash,1784099939.9476993,llm_judge_binary,evaluation,,,578.0,578.0
deepseek,64,77,141,0,75,,,DeepSeekBackend,deepseek-v4-flash,1784099939.9738765,llm_judge_binary,evaluation,,,619.0,619.0
deepseek,64,66,130,0,64,,,DeepSeekBackend,deepseek-v4-flash,1784099939.9791684,llm_judge_binary,evaluation,,,622.0,622.0
deepseek,60,32,92,0,30,,,DeepSeekBackend,deepseek-v4-flash,1784099940.060322,llm_judge_binary,evaluation,,,631.0,631.0
deepseek,60,33,93,0,31,,,DeepSeekBackend,deepseek-v4-flash,1784099940.0714056,llm_judge_binary,evaluation,,,627.0,627.0
deepseek,60,35,95,0,33,,,DeepSeekBackend,deepseek-v4-flash,1784099940.1139498,llm_judge_binary,evaluation,,,634.0,634.0
deepseek,60,30,90,0,28,,,DeepSeekBackend,deepseek-v4-flash,1784099940.1460268,llm_judge_binary,evaluation,,,632.0,632.0
deepseek,60,36,96,0,34,,,DeepSeekBackend,deepseek-v4-flash,1784099940.1572592,llm_judge_binary,evaluation,,,626.0,626.0
deepseek,60,30,90,0,28,,,DeepSeekBackend,deepseek-v4-flash,1784099940.1625814,llm_judge_binary,evaluation,,,633.0,633.0
deepseek,60,33,93,0,31,,,DeepSeekBackend,deepseek-v4-flash,1784099940.1815288,llm_judge_binary,evaluation,,,628.0,628.0
deepseek,60,36,96,0,34,,,DeepSeekBackend,deepseek-v4-flash,1784099940.2313678,llm_judge_binary,evaluation,,,629.0,629.0
deepseek,60,29,89,0,27,,,DeepSeekBackend,deepseek-v4-flash,1784099940.2797637,llm_judge_binary,evaluation,,,630.0,630.0
deepseek,60,34,94,0,32,,,DeepSeekBackend,deepseek-v4-flash,1784099940.3349395,llm_judge_binary,evaluation,,,635.0,635.0
deepseek,60,35,95,0,33,,,DeepSeekBackend,deepseek-v4-flash,1784099940.4689827,llm_judge_binary,evaluation,,,636.0,636.0
deepseek,60,35,95,0,33,,,DeepSeekBackend,deepseek-v4-flash,1784099940.5107408,llm_judge_binary,evaluation,,,638.0,638.0
deepseek,60,36,96,0,34,,,DeepSeekBackend,deepseek-v4-flash,1784099940.6651437,llm_judge_binary,evaluation,,,639.0,639.0
deepseek,60,42,102,0,40,,,DeepSeekBackend,deepseek-v4-flash,1784099940.6854517,llm_judge_binary,evaluation,,,637.0,637.0
deepseek,60,40,100,0,38,,,DeepSeekBackend,deepseek-v4-flash,1784099940.77371,llm_judge_binary,evaluation,,,641.0,641.0
deepseek,68,45,113,0,43,,,DeepSeekBackend,deepseek-v4-flash,1784099940.7859983,llm_judge_binary,evaluation,,,645.0,645.0
deepseek,60,43,103,0,41,,,DeepSeekBackend,deepseek-v4-flash,1784099940.7976234,llm_judge_binary,evaluation,,,640.0,640.0
deepseek,60,32,92,0,30,,,DeepSeekBackend,deepseek-v4-flash,1784099940.8217833,llm_judge_binary,evaluation,,,643.0,643.0
deepseek,68,49,117,0,47,,,DeepSeekBackend,deepseek-v4-flash,1784099941.0209396,llm_judge_binary,evaluation,,,644.0,644.0
deepseek,60,32,92,0,30,,,DeepSeekBackend,deepseek-v4-flash,1784099941.0403152,llm_judge_binary,evaluation,,,642.0,642.0
deepseek,68,48,116,0,46,,,DeepSeekBackend,deepseek-v4-flash,1784099941.047295,llm_judge_binary,evaluation,,,647.0,647.0
deepseek,68,52,120,0,50,,,DeepSeekBackend,deepseek-v4-flash,1784099941.0520678,llm_judge_binary,evaluation,,,646.0,646.0
deepseek,68,37,105,0,35,,,DeepSeekBackend,deepseek-v4-flash,1784099941.0821962,llm_judge_binary,evaluation,,,649.0,649.0
deepseek,68,52,120,0,50,,,DeepSeekBackend,deepseek-v4-flash,1784099941.0890076,llm_judge_binary,evaluation,,,650.0,650.0
deepseek,68,44,112,0,42,,,DeepSeekBackend,deepseek-v4-flash,1784099941.1211307,llm_judge_binary,evaluation,,,653.0,653.0
deepseek,68,45,113,0,43,,,DeepSeekBackend,deepseek-v4-flash,1784099941.1538615,llm_judge_binary,evaluation,,,648.0,648.0
deepseek,68,52,120,0,50,,,DeepSeekBackend,deepseek-v4-flash,1784099941.1608264,llm_judge_binary,evaluation,,,652.0,652.0
deepseek,68,55,123,0,53,,,DeepSeekBackend,deepseek-v4-flash,1784099941.2516396,llm_judge_binary,evaluation,,,655.0,655.0
deepseek,68,50,118,0,48,,,DeepSeekBackend,deepseek-v4-flash,1784099941.2881565,llm_judge_binary,evaluation,,,651.0,651.0
deepseek,68,49,117,0,47,,,DeepSeekBackend,deepseek-v4-flash,1784099941.426297,llm_judge_binary,evaluation,,,654.0,654.0
deepseek,68,44,112,0,42,,,DeepSeekBackend,deepseek-v4-flash,1784099941.443432,llm_judge_binary,evaluation,,,656.0,656.0
deepseek,68,39,107,0,37,,,DeepSeekBackend,deepseek-v4-flash,1784099941.5446334,llm_judge_binary,evaluation,,,657.0,657.0
deepseek,68,41,109,0,39,,,DeepSeekBackend,deepseek-v4-flash,1784099941.5823462,llm_judge_binary,evaluation,,,659.0,659.0
deepseek,68,47,115,0,45,,,DeepSeekBackend,deepseek-v4-flash,1784099941.6355367,llm_judge_binary,evaluation,,,658.0,658.0
deepseek,68,46,114,0,44,,,DeepSeekBackend,deepseek-v4-flash,1784099941.6846325,llm_judge_binary,evaluation,,,661.0,661.0
deepseek,68,42,110,0,40,,,DeepSeekBackend,deepseek-v4-flash,1784099941.9058397,llm_judge_binary,evaluation,,,660.0,660.0
deepseek,68,52,120,0,50,,,DeepSeekBackend,deepseek-v4-flash,1784099941.9953287,llm_judge_binary,evaluation,,,662.0,662.0
deepseek,68,48,116,0,46,,,DeepSeekBackend,deepseek-v4-flash,1784099942.0332704,llm_judge_binary,evaluation,,,663.0,663.0
deepseek,62,91,153,0,89,,,DeepSeekBackend,deepseek-v4-flash,1784099942.383026,llm_judge_binary,evaluation,,,668.0,668.0
deepseek,62,90,152,0,88,,,DeepSeekBackend,deepseek-v4-flash,1784099942.5135765,llm_judge_binary,evaluation,,,672.0,672.0
deepseek,66,62,128,0,60,,,DeepSeekBackend,deepseek-v4-flash,1784099942.5236776,llm_judge_binary,evaluation,,,676.0,676.0
deepseek,62,82,144,0,80,,,DeepSeekBackend,deepseek-v4-flash,1784099942.5306087,llm_judge_binary,evaluation,,,665.0,665.0
deepseek,62,69,131,0,67,,,DeepSeekBackend,deepseek-v4-flash,1784099942.558454,llm_judge_binary,evaluation,,,674.0,674.0
deepseek,62,62,124,0,60,,,DeepSeekBackend,deepseek-v4-flash,1784099942.5928855,llm_judge_binary,evaluation,,,673.0,673.0
deepseek,62,69,131,0,67,,,DeepSeekBackend,deepseek-v4-flash,1784099942.6217961,llm_judge_binary,evaluation,,,670.0,670.0
deepseek,66,111,177,0,109,,,DeepSeekBackend,deepseek-v4-flash,1784099942.6948218,llm_judge_binary,evaluation,,,666.0,666.0
deepseek,66,80,146,0,78,,,DeepSeekBackend,deepseek-v4-flash,1784099942.800679,llm_judge_binary,evaluation,,,680.0,680.0
deepseek,66,122,188,0,120,,,DeepSeekBackend,deepseek-v4-flash,1784099942.8346593,llm_judge_binary,evaluation,,,669.0,669.0
deepseek,66,99,165,0,97,,,DeepSeekBackend,deepseek-v4-flash,1784099942.8423207,llm_judge_binary,evaluation,,,675.0,675.0
deepseek,62,69,131,0,67,,,DeepSeekBackend,deepseek-v4-flash,1784099942.8500912,llm_judge_binary,evaluation,,,677.0,677.0
deepseek,62,88,150,0,86,,,DeepSeekBackend,deepseek-v4-flash,1784099942.8575637,llm_judge_binary,evaluation,,,671.0,671.0
deepseek,68,48,116,0,46,,,DeepSeekBackend,deepseek-v4-flash,1784099943.2128007,llm_judge_binary,evaluation,,,684.0,684.0
deepseek,66,124,190,0,122,,,DeepSeekBackend,deepseek-v4-flash,1784099943.2911398,llm_judge_binary,evaluation,,,678.0,678.0
deepseek,68,44,112,0,42,,,DeepSeekBackend,deepseek-v4-flash,1784099943.3419662,llm_judge_binary,evaluation,,,687.0,687.0
deepseek,62,101,163,0,99,,,DeepSeekBackend,deepseek-v4-flash,1784099943.349577,llm_judge_binary,evaluation,,,681.0,681.0
deepseek,68,40,108,0,38,,,DeepSeekBackend,deepseek-v4-flash,1784099943.4524498,llm_judge_binary,evaluation,,,686.0,686.0
deepseek,68,49,117,0,47,,,DeepSeekBackend,deepseek-v4-flash,1784099943.4661806,llm_judge_binary,evaluation,,,685.0,685.0
deepseek,68,50,118,0,48,,,DeepSeekBackend,deepseek-v4-flash,1784099943.5262325,llm_judge_binary,evaluation,,,690.0,690.0
deepseek,68,52,120,0,50,,,DeepSeekBackend,deepseek-v4-flash,1784099943.5831988,llm_judge_binary,evaluation,,,689.0,689.0
deepseek,68,53,121,0,51,,,DeepSeekBackend,deepseek-v4-flash,1784099943.589987,llm_judge_binary,evaluation,,,691.0,691.0
deepseek,66,126,192,0,124,,,DeepSeekBackend,deepseek-v4-flash,1784099943.598781,llm_judge_binary,evaluation,,,679.0,679.0
deepseek,66,119,185,0,117,,,DeepSeekBackend,deepseek-v4-flash,1784099943.60739,llm_judge_binary,evaluation,,,682.0,682.0
deepseek,62,117,179,0,115,,,DeepSeekBackend,deepseek-v4-flash,1784099943.620302,llm_judge_binary,evaluation,,,683.0,683.0
deepseek,66,183,249,0,181,,,DeepSeekBackend,deepseek-v4-flash,1784099943.6887636,llm_judge_binary,evaluation,,,664.0,664.0
deepseek,68,44,112,0,42,,,DeepSeekBackend,deepseek-v4-flash,1784099943.7095652,llm_judge_binary,evaluation,,,688.0,688.0
deepseek,68,43,111,0,41,,,DeepSeekBackend,deepseek-v4-flash,1784099943.728154,llm_judge_binary,evaluation,,,693.0,693.0
deepseek,68,48,116,0,46,,,DeepSeekBackend,deepseek-v4-flash,1784099943.7587028,llm_judge_binary,evaluation,,,694.0,694.0
deepseek,68,50,118,0,48,,,DeepSeekBackend,deepseek-v4-flash,1784099943.794456,llm_judge_binary,evaluation,,,696.0,696.0
deepseek,68,50,118,0,48,,,DeepSeekBackend,deepseek-v4-flash,1784099943.8733609,llm_judge_binary,evaluation,,,692.0,692.0
deepseek,68,53,121,0,51,,,DeepSeekBackend,deepseek-v4-flash,1784099943.9022465,llm_judge_binary,evaluation,,,695.0,695.0
deepseek,68,56,124,0,54,,,DeepSeekBackend,deepseek-v4-flash,1784099944.189113,llm_judge_binary,evaluation,,,697.0,697.0
deepseek,68,42,110,0,40,,,DeepSeekBackend,deepseek-v4-flash,1784099944.2631516,llm_judge_binary,evaluation,,,702.0,702.0
deepseek,68,38,106,0,36,,,DeepSeekBackend,deepseek-v4-flash,1784099944.2698002,llm_judge_binary,evaluation,,,700.0,700.0
deepseek,68,55,123,0,53,,,DeepSeekBackend,deepseek-v4-flash,1784099944.3468406,llm_judge_binary,evaluation,,,698.0,698.0
deepseek,68,51,119,0,49,,,DeepSeekBackend,deepseek-v4-flash,1784099944.3703942,llm_judge_binary,evaluation,,,701.0,701.0
deepseek,68,49,117,0,47,,,DeepSeekBackend,deepseek-v4-flash,1784099944.4460611,llm_judge_binary,evaluation,,,708.0,708.0
deepseek,68,41,109,0,39,,,DeepSeekBackend,deepseek-v4-flash,1784099944.4537196,llm_judge_binary,evaluation,,,703.0,703.0
deepseek,68,52,120,0,50,,,DeepSeekBackend,deepseek-v4-flash,1784099944.508001,llm_judge_binary,evaluation,,,699.0,699.0
deepseek,68,49,117,0,47,,,DeepSeekBackend,deepseek-v4-flash,1784099944.528824,llm_judge_binary,evaluation,,,707.0,707.0
deepseek,68,45,113,0,43,,,DeepSeekBackend,deepseek-v4-flash,1784099944.5532143,llm_judge_binary,evaluation,,,705.0,705.0
deepseek,68,52,120,0,50,,,DeepSeekBackend,deepseek-v4-flash,1784099944.5632448,llm_judge_binary,evaluation,,,704.0,704.0
deepseek,68,51,119,0,49,,,DeepSeekBackend,deepseek-v4-flash,1784099944.5930667,llm_judge_binary,evaluation,,,706.0,706.0
deepseek,66,314,380,0,312,,,DeepSeekBackend,deepseek-v4-flash,1784099944.6073081,llm_judge_binary,evaluation,,,667.0,667.0
deepseek,68,48,116,0,46,,,DeepSeekBackend,deepseek-v4-flash,1784099944.6270075,llm_judge_binary,evaluation,,,710.0,710.0
deepseek,68,48,116,0,46,,,DeepSeekBackend,deepseek-v4-flash,1784099944.679058,llm_judge_binary,evaluation,,,712.0,712.0
deepseek,68,40,108,0,38,,,DeepSeekBackend,deepseek-v4-flash,1784099944.7409537,llm_judge_binary,evaluation,,,715.0,715.0
deepseek,68,51,119,0,49,,,DeepSeekBackend,deepseek-v4-flash,1784099944.792129,llm_judge_binary,evaluation,,,714.0,714.0
deepseek,68,44,112,0,42,,,DeepSeekBackend,deepseek-v4-flash,1784099944.8354106,llm_judge_binary,evaluation,,,709.0,709.0
deepseek,68,38,106,0,36,,,DeepSeekBackend,deepseek-v4-flash,1784099944.84405,llm_judge_binary,evaluation,,,711.0,711.0
deepseek,68,53,121,0,51,,,DeepSeekBackend,deepseek-v4-flash,1784099945.0292747,llm_judge_binary,evaluation,,,713.0,713.0
deepseek,68,41,109,0,39,,,DeepSeekBackend,deepseek-v4-flash,1784099945.0768015,llm_judge_binary,evaluation,,,716.0,716.0
deepseek,68,34,102,0,32,,,DeepSeekBackend,deepseek-v4-flash,1784099945.0872066,llm_judge_binary,evaluation,,,718.0,718.0
deepseek,68,53,121,0,51,,,DeepSeekBackend,deepseek-v4-flash,1784099945.299314,llm_judge_binary,evaluation,,,720.0,720.0
deepseek,68,51,119,0,49,,,DeepSeekBackend,deepseek-v4-flash,1784099945.324699,llm_judge_binary,evaluation,,,717.0,717.0
deepseek,68,61,129,0,59,,,DeepSeekBackend,deepseek-v4-flash,1784099945.3456795,llm_judge_binary,evaluation,,,719.0,719.0
deepseek,64,39,103,0,37,,,DeepSeekBackend,deepseek-v4-flash,1784099945.506361,llm_judge_binary,evaluation,,,724.0,724.0
deepseek,64,35,99,0,33,,,DeepSeekBackend,deepseek-v4-flash,1784099945.5269058,llm_judge_binary,evaluation,,,733.0,733.0
deepseek,68,42,110,0,40,,,DeepSeekBackend,deepseek-v4-flash,1784099945.5349278,llm_judge_binary,evaluation,,,721.0,721.0
deepseek,64,39,103,0,37,,,DeepSeekBackend,deepseek-v4-flash,1784099945.5476916,llm_judge_binary,evaluation,,,729.0,729.0
deepseek,64,39,103,0,37,,,DeepSeekBackend,deepseek-v4-flash,1784099945.5541327,llm_judge_binary,evaluation,,,728.0,728.0
deepseek,68,41,109,0,39,,,DeepSeekBackend,deepseek-v4-flash,1784099945.5813396,llm_judge_binary,evaluation,,,722.0,722.0
deepseek,64,51,115,0,49,,,DeepSeekBackend,deepseek-v4-flash,1784099945.5904994,llm_judge_binary,evaluation,,,726.0,726.0
deepseek,68,50,118,0,48,,,DeepSeekBackend,deepseek-v4-flash,1784099945.62322,llm_judge_binary,evaluation,,,723.0,723.0
deepseek,64,38,102,0,36,,,DeepSeekBackend,deepseek-v4-flash,1784099945.6299422,llm_judge_binary,evaluation,,,727.0,727.0
deepseek,64,39,103,0,37,,,DeepSeekBackend,deepseek-v4-flash,1784099945.670714,llm_judge_binary,evaluation,,,732.0,732.0
deepseek,64,40,104,0,38,,,DeepSeekBackend,deepseek-v4-flash,1784099945.7090533,llm_judge_binary,evaluation,,,731.0,731.0
deepseek,64,39,103,0,37,,,DeepSeekBackend,deepseek-v4-flash,1784099946.1052024,llm_judge_binary,evaluation,,,736.0,736.0
deepseek,64,48,112,0,46,,,DeepSeekBackend,deepseek-v4-flash,1784099946.1469493,llm_judge_binary,evaluation,,,735.0,735.0
deepseek,64,48,112,0,46,,,DeepSeekBackend,deepseek-v4-flash,1784099946.22276,llm_judge_binary,evaluation,,,737.0,737.0
deepseek,64,39,103,0,37,,,DeepSeekBackend,deepseek-v4-flash,1784099946.3111393,llm_judge_binary,evaluation,,,738.0,738.0
deepseek,64,48,112,0,46,,,DeepSeekBackend,deepseek-v4-flash,1784099946.3223696,llm_judge_binary,evaluation,,,739.0,739.0
deepseek,63,78,141,0,76,,,DeepSeekBackend,deepseek-v4-flash,1784099946.4554524,llm_judge_binary,evaluation,,,734.0,734.0
deepseek,64,39,103,0,37,,,DeepSeekBackend,deepseek-v4-flash,1784099946.4634206,llm_judge_binary,evaluation,,,743.0,743.0
deepseek,64,51,115,0,49,,,DeepSeekBackend,deepseek-v4-flash,1784099946.47153,llm_judge_binary,evaluation,,,744.0,744.0
deepseek,64,45,109,0,43,,,DeepSeekBackend,deepseek-v4-flash,1784099946.4962742,llm_judge_binary,evaluation,,,746.0,746.0
deepseek,64,54,118,0,52,,,DeepSeekBackend,deepseek-v4-flash,1784099946.5555575,llm_judge_binary,evaluation,,,745.0,745.0
deepseek,63,148,211,0,146,,,DeepSeekBackend,deepseek-v4-flash,1784099946.602312,llm_judge_binary,evaluation,,,730.0,730.0
deepseek,64,37,101,0,35,,,DeepSeekBackend,deepseek-v4-flash,1784099946.6092203,llm_judge_binary,evaluation,,,747.0,747.0
deepseek,64,44,108,0,42,,,DeepSeekBackend,deepseek-v4-flash,1784099946.6366458,llm_judge_binary,evaluation,,,748.0,748.0
deepseek,64,41,105,0,39,,,DeepSeekBackend,deepseek-v4-flash,1784099946.6431255,llm_judge_binary,evaluation,,,741.0,741.0
deepseek,64,48,112,0,46,,,DeepSeekBackend,deepseek-v4-flash,1784099946.6869292,llm_judge_binary,evaluation,,,749.0,749.0
deepseek,63,71,134,0,69,,,DeepSeekBackend,deepseek-v4-flash,1784099946.696448,llm_judge_binary,evaluation,,,740.0,740.0
deepseek,64,41,105,0,39,,,DeepSeekBackend,deepseek-v4-flash,1784099946.8011997,llm_judge_binary,evaluation,,,751.0,751.0
deepseek,64,48,112,0,46,,,DeepSeekBackend,deepseek-v4-flash,1784099946.8828943,llm_judge_binary,evaluation,,,750.0,750.0
deepseek,64,36,100,0,34,,,DeepSeekBackend,deepseek-v4-flash,1784099946.906413,llm_judge_binary,evaluation,,,752.0,752.0
deepseek,64,34,98,0,32,,,DeepSeekBackend,deepseek-v4-flash,1784099947.2008355,llm_judge_binary,evaluation,,,755.0,755.0
deepseek,64,51,115,0,49,,,DeepSeekBackend,deepseek-v4-flash,1784099947.2238271,llm_judge_binary,evaluation,,,754.0,754.0
deepseek,64,39,103,0,37,,,DeepSeekBackend,deepseek-v4-flash,1784099947.2417548,llm_judge_binary,evaluation,,,757.0,757.0
deepseek,64,36,100,0,34,,,DeepSeekBackend,deepseek-v4-flash,1784099947.2480514,llm_judge_binary,evaluation,,,753.0,753.0
deepseek,64,36,100,0,34,,,DeepSeekBackend,deepseek-v4-flash,1784099947.3188665,llm_judge_binary,evaluation,,,760.0,760.0
deepseek,64,47,111,0,45,,,DeepSeekBackend,deepseek-v4-flash,1784099947.3443995,llm_judge_binary,evaluation,,,758.0,758.0
deepseek,64,43,107,0,41,,,DeepSeekBackend,deepseek-v4-flash,1784099947.4136355,llm_judge_binary,evaluation,,,756.0,756.0
deepseek,64,37,101,0,35,,,DeepSeekBackend,deepseek-v4-flash,1784099947.4315624,llm_judge_binary,evaluation,,,763.0,763.0
deepseek,64,42,106,0,40,,,DeepSeekBackend,deepseek-v4-flash,1784099947.5067983,llm_judge_binary,evaluation,,,762.0,762.0
deepseek,64,38,102,0,36,,,DeepSeekBackend,deepseek-v4-flash,1784099947.5176926,llm_judge_binary,evaluation,,,759.0,759.0
deepseek,62,46,108,0,44,,,DeepSeekBackend,deepseek-v4-flash,1784099947.5887446,llm_judge_binary,evaluation,,,765.0,765.0
deepseek,64,47,111,0,45,,,DeepSeekBackend,deepseek-v4-flash,1784099947.6391482,llm_judge_binary,evaluation,,,761.0,761.0
deepseek,62,39,101,0,37,,,DeepSeekBackend,deepseek-v4-flash,1784099947.648243,llm_judge_binary,evaluation,,,766.0,766.0
deepseek,62,45,107,0,43,,,DeepSeekBackend,deepseek-v4-flash,1784099947.6900084,llm_judge_binary,evaluation,,,767.0,767.0
deepseek,62,43,105,0,41,,,DeepSeekBackend,deepseek-v4-flash,1784099947.7542334,llm_judge_binary,evaluation,,,764.0,764.0
deepseek,62,40,102,0,38,,,DeepSeekBackend,deepseek-v4-flash,1784099947.7735732,llm_judge_binary,evaluation,,,770.0,770.0
deepseek,62,44,106,0,42,,,DeepSeekBackend,deepseek-v4-flash,1784099948.0378194,llm_judge_binary,evaluation,,,772.0,772.0
deepseek,62,37,99,0,35,,,DeepSeekBackend,deepseek-v4-flash,1784099948.0968533,llm_judge_binary,evaluation,,,774.0,774.0
deepseek,62,70,132,0,68,,,DeepSeekBackend,deepseek-v4-flash,1784099948.1248696,llm_judge_binary,evaluation,,,769.0,769.0
deepseek,62,46,108,0,44,,,DeepSeekBackend,deepseek-v4-flash,1784099948.157606,llm_judge_binary,evaluation,,,773.0,773.0
deepseek,62,41,103,0,39,,,DeepSeekBackend,deepseek-v4-flash,1784099948.2325814,llm_judge_binary,evaluation,,,771.0,771.0
deepseek,62,47,109,0,45,,,DeepSeekBackend,deepseek-v4-flash,1784099948.262209,llm_judge_binary,evaluation,,,776.0,776.0
deepseek,63,185,248,0,183,,,DeepSeekBackend,deepseek-v4-flash,1784099948.2738647,llm_judge_binary,evaluation,,,742.0,742.0
deepseek,62,35,97,0,33,,,DeepSeekBackend,deepseek-v4-flash,1784099948.2923439,llm_judge_binary,evaluation,,,781.0,781.0
deepseek,62,37,99,0,35,,,DeepSeekBackend,deepseek-v4-flash,1784099948.3136256,llm_judge_binary,evaluation,,,775.0,775.0
deepseek,62,48,110,0,46,,,DeepSeekBackend,deepseek-v4-flash,1784099948.3626435,llm_judge_binary,evaluation,,,780.0,780.0
deepseek,63,275,338,0,273,,,DeepSeekBackend,deepseek-v4-flash,1784099948.3722956,llm_judge_binary,evaluation,,,725.0,725.0
deepseek,62,38,100,0,36,,,DeepSeekBackend,deepseek-v4-flash,1784099948.4446123,llm_judge_binary,evaluation,,,777.0,777.0
deepseek,62,37,99,0,35,,,DeepSeekBackend,deepseek-v4-flash,1784099948.572112,llm_judge_binary,evaluation,,,778.0,778.0
deepseek,62,108,170,0,106,,,DeepSeekBackend,deepseek-v4-flash,1784099948.600506,llm_judge_binary,evaluation,,,768.0,768.0
deepseek,62,34,96,0,32,,,DeepSeekBackend,deepseek-v4-flash,1784099948.6794949,llm_judge_binary,evaluation,,,782.0,782.0
deepseek,62,44,106,0,42,,,DeepSeekBackend,deepseek-v4-flash,1784099948.695987,llm_judge_binary,evaluation,,,783.0,783.0
deepseek,62,65,127,0,63,,,DeepSeekBackend,deepseek-v4-flash,1784099948.8770154,llm_judge_binary,evaluation,,,779.0,779.0
deepseek,64,75,139,0,73,,,DeepSeekBackend,deepseek-v4-flash,1784099948.9389374,llm_judge_binary,evaluation,,,786.0,786.0
deepseek,66,52,118,0,50,,,DeepSeekBackend,deepseek-v4-flash,1784099949.11153,llm_judge_binary,evaluation,,,790.0,790.0
deepseek,64,89,153,0,87,,,DeepSeekBackend,deepseek-v4-flash,1784099949.1248076,llm_judge_binary,evaluation,,,784.0,784.0
deepseek,64,71,135,0,69,,,DeepSeekBackend,deepseek-v4-flash,1784099949.1563644,llm_judge_binary,evaluation,,,787.0,787.0
deepseek,64,110,174,0,108,,,DeepSeekBackend,deepseek-v4-flash,1784099949.3140786,llm_judge_binary,evaluation,,,785.0,785.0
deepseek,64,68,132,0,66,,,DeepSeekBackend,deepseek-v4-flash,1784099949.3582554,llm_judge_binary,evaluation,,,789.0,789.0
deepseek,64,82,146,0,80,,,DeepSeekBackend,deepseek-v4-flash,1784099949.375444,llm_judge_binary,evaluation,,,791.0,791.0
deepseek,64,61,125,0,59,,,DeepSeekBackend,deepseek-v4-flash,1784099949.3932872,llm_judge_binary,evaluation,,,788.0,788.0
deepseek,64,56,120,0,54,,,DeepSeekBackend,deepseek-v4-flash,1784099949.4037106,llm_judge_binary,evaluation,,,797.0,797.0
deepseek,64,85,149,0,83,,,DeepSeekBackend,deepseek-v4-flash,1784099949.5183678,llm_judge_binary,evaluation,,,792.0,792.0
deepseek,66,37,103,0,35,,,DeepSeekBackend,deepseek-v4-flash,1784099949.600316,llm_judge_binary,evaluation,,,801.0,801.0
deepseek,64,85,149,0,83,,,DeepSeekBackend,deepseek-v4-flash,1784099949.6145346,llm_judge_binary,evaluation,,,796.0,796.0
deepseek,64,62,126,0,60,,,DeepSeekBackend,deepseek-v4-flash,1784099949.620751,llm_judge_binary,evaluation,,,795.0,795.0
deepseek,64,72,136,0,70,,,DeepSeekBackend,deepseek-v4-flash,1784099949.6725059,llm_judge_binary,evaluation,,,798.0,798.0
deepseek,64,63,127,0,61,,,DeepSeekBackend,deepseek-v4-flash,1784099949.6814432,llm_judge_binary,evaluation,,,793.0,793.0
deepseek,64,65,129,0,63,,,DeepSeekBackend,deepseek-v4-flash,1784099949.8850057,llm_judge_binary,evaluation,,,799.0,799.0
deepseek,64,65,129,0,63,,,DeepSeekBackend,deepseek-v4-flash,1784099949.8934922,llm_judge_binary,evaluation,,,803.0,803.0
deepseek,64,57,121,0,55,,,DeepSeekBackend,deepseek-v4-flash,1784099950.046988,llm_judge_binary,evaluation,,,802.0,802.0
deepseek,64,100,164,0,98,,,DeepSeekBackend,deepseek-v4-flash,1784099950.1032808,llm_judge_binary,evaluation,,,800.0,800.0
deepseek,66,48,114,0,46,,,DeepSeekBackend,deepseek-v4-flash,1784099950.2169702,llm_judge_binary,evaluation,,,807.0,807.0
deepseek,68,101,169,0,99,,,DeepSeekBackend,deepseek-v4-flash,1784099950.6706874,llm_judge_binary,evaluation,,,804.0,804.0
deepseek,68,79,147,0,77,,,DeepSeekBackend,deepseek-v4-flash,1784099950.715742,llm_judge_binary,evaluation,,,811.0,811.0
deepseek,64,197,261,0,195,,,DeepSeekBackend,deepseek-v4-flash,1784099950.7228122,llm_judge_binary,evaluation,,,794.0,794.0
deepseek,62,44,106,0,42,,,DeepSeekBackend,deepseek-v4-flash,1784099950.7540975,llm_judge_binary,evaluation,,,819.0,819.0
deepseek,66,80,146,0,78,,,DeepSeekBackend,deepseek-v4-flash,1784099950.856265,llm_judge_binary,evaluation,,,816.0,816.0
deepseek,68,135,203,0,133,,,DeepSeekBackend,deepseek-v4-flash,1784099950.8647368,llm_judge_binary,evaluation,,,805.0,805.0
deepseek,66,80,146,0,78,,,DeepSeekBackend,deepseek-v4-flash,1784099950.904368,llm_judge_binary,evaluation,,,817.0,817.0
deepseek,68,105,173,0,103,,,DeepSeekBackend,deepseek-v4-flash,1784099951.0816553,llm_judge_binary,evaluation,,,806.0,806.0
deepseek,66,78,144,0,76,,,DeepSeekBackend,deepseek-v4-flash,1784099951.1557887,llm_judge_binary,evaluation,,,820.0,820.0
deepseek,68,97,165,0,95,,,DeepSeekBackend,deepseek-v4-flash,1784099951.1767583,llm_judge_binary,evaluation,,,810.0,810.0
deepseek,68,79,147,0,77,,,DeepSeekBackend,deepseek-v4-flash,1784099951.1831849,llm_judge_binary,evaluation,,,813.0,813.0
deepseek,66,61,127,0,59,,,DeepSeekBackend,deepseek-v4-flash,1784099951.2139363,llm_judge_binary,evaluation,,,822.0,822.0
deepseek,68,119,187,0,117,,,DeepSeekBackend,deepseek-v4-flash,1784099951.2954397,llm_judge_binary,evaluation,,,814.0,814.0
deepseek,66,69,135,0,67,,,DeepSeekBackend,deepseek-v4-flash,1784099951.300038,llm_judge_binary,evaluation,,,823.0,823.0
deepseek,66,134,200,0,132,,,DeepSeekBackend,deepseek-v4-flash,1784099951.4403,llm_judge_binary,evaluation,,,808.0,808.0
deepseek,66,78,144,0,76,,,DeepSeekBackend,deepseek-v4-flash,1784099951.5542896,llm_judge_binary,evaluation,,,821.0,821.0
deepseek,62,39,101,0,37,,,DeepSeekBackend,deepseek-v4-flash,1784099951.6686227,llm_judge_binary,evaluation,,,827.0,827.0
deepseek,68,162,230,0,160,,,DeepSeekBackend,deepseek-v4-flash,1784099951.6831684,llm_judge_binary,evaluation,,,809.0,809.0
deepseek,66,86,152,0,84,,,DeepSeekBackend,deepseek-v4-flash,1784099951.8921869,llm_judge_binary,evaluation,,,824.0,824.0
deepseek,68,150,218,0,148,,,DeepSeekBackend,deepseek-v4-flash,1784099951.9263577,llm_judge_binary,evaluation,,,815.0,815.0
deepseek,66,62,128,0,60,,,DeepSeekBackend,deepseek-v4-flash,1784099951.9479728,llm_judge_binary,evaluation,,,828.0,828.0
deepseek,66,174,240,0,172,,,DeepSeekBackend,deepseek-v4-flash,1784099952.017767,llm_judge_binary,evaluation,,,818.0,818.0
deepseek,66,72,138,0,70,,,DeepSeekBackend,deepseek-v4-flash,1784099952.0325487,llm_judge_binary,evaluation,,,830.0,830.0
deepseek,68,222,290,0,220,,,DeepSeekBackend,deepseek-v4-flash,1784099952.0889344,llm_judge_binary,evaluation,,,812.0,812.0
deepseek,66,72,138,0,70,,,DeepSeekBackend,deepseek-v4-flash,1784099952.2123804,llm_judge_binary,evaluation,,,829.0,829.0
deepseek,66,63,129,0,61,,,DeepSeekBackend,deepseek-v4-flash,1784099952.2985315,llm_judge_binary,evaluation,,,831.0,831.0
deepseek,66,88,154,0,86,,,DeepSeekBackend,deepseek-v4-flash,1784099952.3049438,llm_judge_binary,evaluation,,,825.0,825.0
deepseek,66,82,148,0,80,,,DeepSeekBackend,deepseek-v4-flash,1784099952.387531,llm_judge_binary,evaluation,,,832.0,832.0
deepseek,66,72,138,0,70,,,DeepSeekBackend,deepseek-v4-flash,1784099952.4366007,llm_judge_binary,evaluation,,,833.0,833.0
deepseek,66,75,141,0,73,,,DeepSeekBackend,deepseek-v4-flash,1784099952.4469,llm_judge_binary,evaluation,,,834.0,834.0
deepseek,66,79,145,0,77,,,DeepSeekBackend,deepseek-v4-flash,1784099952.6308587,llm_judge_binary,evaluation,,,835.0,835.0
deepseek,65,115,180,0,113,,,DeepSeekBackend,deepseek-v4-flash,1784099952.9792829,llm_judge_binary,evaluation,,,836.0,836.0
deepseek,66,168,234,0,166,,,DeepSeekBackend,deepseek-v4-flash,1784099953.237248,llm_judge_binary,evaluation,,,826.0,826.0
deepseek,65,117,182,0,115,,,DeepSeekBackend,deepseek-v4-flash,1784099953.3168824,llm_judge_binary,evaluation,,,839.0,839.0
deepseek,65,97,162,0,95,,,DeepSeekBackend,deepseek-v4-flash,1784099953.3300393,llm_judge_binary,evaluation,,,843.0,843.0
deepseek,65,87,152,0,85,,,DeepSeekBackend,deepseek-v4-flash,1784099953.3377247,llm_judge_binary,evaluation,,,844.0,844.0
deepseek,65,109,174,0,107,,,DeepSeekBackend,deepseek-v4-flash,1784099953.5308943,llm_judge_binary,evaluation,,,842.0,842.0
deepseek,65,111,176,0,109,,,DeepSeekBackend,deepseek-v4-flash,1784099953.5503976,llm_judge_binary,evaluation,,,845.0,845.0
deepseek,65,120,185,0,118,,,DeepSeekBackend,deepseek-v4-flash,1784099953.6256866,llm_judge_binary,evaluation,,,841.0,841.0
deepseek,65,112,177,0,110,,,DeepSeekBackend,deepseek-v4-flash,1784099953.6658428,llm_judge_binary,evaluation,,,847.0,847.0
deepseek,65,86,151,0,84,,,DeepSeekBackend,deepseek-v4-flash,1784099953.7587223,llm_judge_binary,evaluation,,,848.0,848.0
deepseek,65,191,256,0,189,,,DeepSeekBackend,deepseek-v4-flash,1784099953.7657323,llm_judge_binary,evaluation,,,837.0,837.0
deepseek,65,115,180,0,113,,,DeepSeekBackend,deepseek-v4-flash,1784099954.1483734,llm_judge_binary,evaluation,,,849.0,849.0
deepseek,65,123,188,0,121,,,DeepSeekBackend,deepseek-v4-flash,1784099954.1627152,llm_judge_binary,evaluation,,,851.0,851.0
deepseek,65,135,200,0,133,,,DeepSeekBackend,deepseek-v4-flash,1784099954.1838975,llm_judge_binary,evaluation,,,850.0,850.0
deepseek,72,47,119,0,45,,,DeepSeekBackend,deepseek-v4-flash,1784099954.2603254,llm_judge_binary,evaluation,,,859.0,859.0
deepseek,72,49,121,0,47,,,DeepSeekBackend,deepseek-v4-flash,1784099954.36271,llm_judge_binary,evaluation,,,860.0,860.0
deepseek,70,107,177,0,105,,,DeepSeekBackend,deepseek-v4-flash,1784099954.6288164,llm_judge_binary,evaluation,,,856.0,856.0
deepseek,72,53,125,0,51,,,DeepSeekBackend,deepseek-v4-flash,1784099954.6791618,llm_judge_binary,evaluation,,,861.0,861.0
deepseek,72,42,114,0,40,,,DeepSeekBackend,deepseek-v4-flash,1784099954.738611,llm_judge_binary,evaluation,,,865.0,865.0
deepseek,65,175,240,0,173,,,DeepSeekBackend,deepseek-v4-flash,1784099954.803524,llm_judge_binary,evaluation,,,854.0,854.0
deepseek,72,51,123,0,49,,,DeepSeekBackend,deepseek-v4-flash,1784099954.9499037,llm_judge_binary,evaluation,,,864.0,864.0
deepseek,72,46,118,0,44,,,DeepSeekBackend,deepseek-v4-flash,1784099955.054424,llm_judge_binary,evaluation,,,867.0,867.0
deepseek,65,233,298,0,231,,,DeepSeekBackend,deepseek-v4-flash,1784099955.168257,llm_judge_binary,evaluation,,,846.0,846.0
deepseek,72,55,127,0,53,,,DeepSeekBackend,deepseek-v4-flash,1784099955.1951172,llm_judge_binary,evaluation,,,868.0,868.0
deepseek,72,42,114,0,40,,,DeepSeekBackend,deepseek-v4-flash,1784099955.2537172,llm_judge_binary,evaluation,,,870.0,870.0
deepseek,72,47,119,0,45,,,DeepSeekBackend,deepseek-v4-flash,1784099955.2715187,llm_judge_binary,evaluation,,,866.0,866.0
deepseek,72,45,117,0,43,,,DeepSeekBackend,deepseek-v4-flash,1784099955.2781801,llm_judge_binary,evaluation,,,869.0,869.0
deepseek,65,267,332,0,265,,,DeepSeekBackend,deepseek-v4-flash,1784099955.5262456,llm_judge_binary,evaluation,,,852.0,852.0
deepseek,72,50,122,0,48,,,DeepSeekBackend,deepseek-v4-flash,1784099955.6052473,llm_judge_binary,evaluation,,,873.0,873.0
deepseek,72,49,121,0,47,,,DeepSeekBackend,deepseek-v4-flash,1784099955.6128714,llm_judge_binary,evaluation,,,874.0,874.0
deepseek,70,146,216,0,144,,,DeepSeekBackend,deepseek-v4-flash,1784099955.6514556,llm_judge_binary,evaluation,,,857.0,857.0
deepseek,72,54,126,0,52,,,DeepSeekBackend,deepseek-v4-flash,1784099955.6906815,llm_judge_binary,evaluation,,,872.0,872.0
deepseek,65,242,307,0,240,,,DeepSeekBackend,deepseek-v4-flash,1784099955.8155792,llm_judge_binary,evaluation,,,855.0,855.0
deepseek,70,54,124,0,52,,,DeepSeekBackend,deepseek-v4-flash,1784099955.9990406,llm_judge_binary,evaluation,,,876.0,876.0
deepseek,70,45,115,0,43,,,DeepSeekBackend,deepseek-v4-flash,1784099956.027305,llm_judge_binary,evaluation,,,877.0,877.0
deepseek,70,47,117,0,45,,,DeepSeekBackend,deepseek-v4-flash,1784099956.1286838,llm_judge_binary,evaluation,,,880.0,880.0
deepseek,70,42,112,0,40,,,DeepSeekBackend,deepseek-v4-flash,1784099956.2062986,llm_judge_binary,evaluation,,,879.0,879.0
deepseek,70,48,118,0,46,,,DeepSeekBackend,deepseek-v4-flash,1784099956.2749472,llm_judge_binary,evaluation,,,881.0,881.0
deepseek,68,87,155,0,85,,,DeepSeekBackend,deepseek-v4-flash,1784099956.5240116,llm_judge_binary,evaluation,,,878.0,878.0
deepseek,70,57,127,0,55,,,DeepSeekBackend,deepseek-v4-flash,1784099956.5798938,llm_judge_binary,evaluation,,,886.0,886.0
deepseek,70,132,202,0,130,,,DeepSeekBackend,deepseek-v4-flash,1784099956.5981035,llm_judge_binary,evaluation,,,871.0,871.0
deepseek,70,55,125,0,53,,,DeepSeekBackend,deepseek-v4-flash,1784099956.6230552,llm_judge_binary,evaluation,,,885.0,885.0
deepseek,61,421,482,0,419,,,DeepSeekBackend,deepseek-v4-flash,1784099956.7815063,llm_judge_binary,evaluation,,,840.0,840.0
deepseek,70,48,118,0,46,,,DeepSeekBackend,deepseek-v4-flash,1784099956.7884417,llm_judge_binary,evaluation,,,883.0,883.0
deepseek,70,45,115,0,43,,,DeepSeekBackend,deepseek-v4-flash,1784099956.8418233,llm_judge_binary,evaluation,,,887.0,887.0
deepseek,70,42,112,0,40,,,DeepSeekBackend,deepseek-v4-flash,1784099956.8483293,llm_judge_binary,evaluation,,,888.0,888.0
deepseek,70,54,124,0,52,,,DeepSeekBackend,deepseek-v4-flash,1784099956.8533363,llm_judge_binary,evaluation,,,884.0,884.0
deepseek,61,348,409,0,346,,,DeepSeekBackend,deepseek-v4-flash,1784099956.8592129,llm_judge_binary,evaluation,,,853.0,853.0
deepseek,70,45,115,0,43,,,DeepSeekBackend,deepseek-v4-flash,1784099957.065897,llm_judge_binary,evaluation,,,890.0,890.0
deepseek,61,416,477,0,414,,,DeepSeekBackend,deepseek-v4-flash,1784099957.0815291,llm_judge_binary,evaluation,,,838.0,838.0
deepseek,70,248,318,0,246,,,DeepSeekBackend,deepseek-v4-flash,1784099957.17026,llm_judge_binary,evaluation,,,862.0,862.0
deepseek,70,50,120,0,48,,,DeepSeekBackend,deepseek-v4-flash,1784099957.182148,llm_judge_binary,evaluation,,,891.0,891.0
deepseek,70,356,426,0,354,,,DeepSeekBackend,deepseek-v4-flash,1784099957.2509499,llm_judge_binary,evaluation,,,858.0,858.0
deepseek,70,43,113,0,41,,,DeepSeekBackend,deepseek-v4-flash,1784099957.368755,llm_judge_binary,evaluation,,,892.0,892.0
deepseek,70,114,184,0,112,,,DeepSeekBackend,deepseek-v4-flash,1784099957.4087434,llm_judge_binary,evaluation,,,882.0,882.0
deepseek,70,52,122,0,50,,,DeepSeekBackend,deepseek-v4-flash,1784099957.4703064,llm_judge_binary,evaluation,,,893.0,893.0
deepseek,70,51,121,0,49,,,DeepSeekBackend,deepseek-v4-flash,1784099957.4911988,llm_judge_binary,evaluation,,,894.0,894.0
deepseek,70,66,136,0,64,,,DeepSeekBackend,deepseek-v4-flash,1784099957.5386846,llm_judge_binary,evaluation,,,889.0,889.0
deepseek,70,42,112,0,40,,,DeepSeekBackend,deepseek-v4-flash,1784099957.6237044,llm_judge_binary,evaluation,,,895.0,895.0
deepseek,70,47,117,0,45,,,DeepSeekBackend,deepseek-v4-flash,1784099957.7135284,llm_judge_binary,evaluation,,,900.0,900.0
deepseek,70,42,112,0,40,,,DeepSeekBackend,deepseek-v4-flash,1784099957.7303123,llm_judge_binary,evaluation,,,896.0,896.0
deepseek,68,218,286,0,216,,,DeepSeekBackend,deepseek-v4-flash,1784099957.7562144,llm_judge_binary,evaluation,,,875.0,875.0
deepseek,70,52,122,0,50,,,DeepSeekBackend,deepseek-v4-flash,1784099957.7625868,llm_judge_binary,evaluation,,,902.0,902.0
deepseek,70,52,122,0,50,,,DeepSeekBackend,deepseek-v4-flash,1784099957.7689216,llm_judge_binary,evaluation,,,897.0,897.0
deepseek,70,47,117,0,45,,,DeepSeekBackend,deepseek-v4-flash,1784099957.781273,llm_judge_binary,evaluation,,,901.0,901.0
deepseek,70,39,109,0,37,,,DeepSeekBackend,deepseek-v4-flash,1784099957.787601,llm_judge_binary,evaluation,,,898.0,898.0
deepseek,70,50,120,0,48,,,DeepSeekBackend,deepseek-v4-flash,1784099957.8042955,llm_judge_binary,evaluation,,,899.0,899.0
deepseek,70,49,119,0,47,,,DeepSeekBackend,deepseek-v4-flash,1784099957.9420485,llm_judge_binary,evaluation,,,904.0,904.0
deepseek,70,42,112,0,40,,,DeepSeekBackend,deepseek-v4-flash,1784099958.114839,llm_judge_binary,evaluation,,,903.0,903.0
deepseek,70,51,121,0,49,,,DeepSeekBackend,deepseek-v4-flash,1784099958.1460884,llm_judge_binary,evaluation,,,905.0,905.0
deepseek,70,49,119,0,47,,,DeepSeekBackend,deepseek-v4-flash,1784099958.273642,llm_judge_binary,evaluation,,,907.0,907.0
deepseek,70,45,115,0,43,,,DeepSeekBackend,deepseek-v4-flash,1784099958.284189,llm_judge_binary,evaluation,,,906.0,906.0
deepseek,70,42,112,0,40,,,DeepSeekBackend,deepseek-v4-flash,1784099958.3002427,llm_judge_binary,evaluation,,,908.0,908.0
deepseek,70,52,122,0,50,,,DeepSeekBackend,deepseek-v4-flash,1784099958.470218,llm_judge_binary,evaluation,,,911.0,911.0
deepseek,70,45,115,0,43,,,DeepSeekBackend,deepseek-v4-flash,1784099958.5197797,llm_judge_binary,evaluation,,,910.0,910.0
deepseek,70,48,118,0,46,,,DeepSeekBackend,deepseek-v4-flash,1784099958.5635297,llm_judge_binary,evaluation,,,912.0,912.0
deepseek,70,47,117,0,45,,,DeepSeekBackend,deepseek-v4-flash,1784099958.5774338,llm_judge_binary,evaluation,,,909.0,909.0
deepseek,70,44,114,0,42,,,DeepSeekBackend,deepseek-v4-flash,1784099958.6303077,llm_judge_binary,evaluation,,,915.0,915.0
deepseek,70,47,117,0,45,,,DeepSeekBackend,deepseek-v4-flash,1784099958.700397,llm_judge_binary,evaluation,,,913.0,913.0
deepseek,70,45,115,0,43,,,DeepSeekBackend,deepseek-v4-flash,1784099958.7419105,llm_judge_binary,evaluation,,,914.0,914.0
deepseek,62,37,99,0,35,,,DeepSeekBackend,deepseek-v4-flash,1784099958.7803535,llm_judge_binary,evaluation,,,921.0,921.0
deepseek,62,70,132,0,68,,,DeepSeekBackend,deepseek-v4-flash,1784099959.1335206,llm_judge_binary,evaluation,,,916.0,916.0
deepseek,62,74,136,0,72,,,DeepSeekBackend,deepseek-v4-flash,1784099959.3276613,llm_judge_binary,evaluation,,,917.0,917.0
deepseek,70,483,553,0,481,,,DeepSeekBackend,deepseek-v4-flash,1784099959.3577118,llm_judge_binary,evaluation,,,863.0,863.0
deepseek,62,109,171,0,107,,,DeepSeekBackend,deepseek-v4-flash,1784099959.4458895,llm_judge_binary,evaluation,,,918.0,918.0
deepseek,62,71,133,0,69,,,DeepSeekBackend,deepseek-v4-flash,1784099959.6006465,llm_judge_binary,evaluation,,,927.0,927.0
deepseek,62,86,148,0,84,,,DeepSeekBackend,deepseek-v4-flash,1784099959.6034005,llm_judge_binary,evaluation,,,920.0,920.0
deepseek,62,46,108,0,44,,,DeepSeekBackend,deepseek-v4-flash,1784099959.6731417,llm_judge_binary,evaluation,,,930.0,930.0
deepseek,62,85,147,0,83,,,DeepSeekBackend,deepseek-v4-flash,1784099959.890871,llm_judge_binary,evaluation,,,926.0,926.0
deepseek,62,148,210,0,146,,,DeepSeekBackend,deepseek-v4-flash,1784099959.9642124,llm_judge_binary,evaluation,,,919.0,919.0
deepseek,62,101,163,0,99,,,DeepSeekBackend,deepseek-v4-flash,1784099960.218185,llm_judge_binary,evaluation,,,928.0,928.0
deepseek,62,108,170,0,106,,,DeepSeekBackend,deepseek-v4-flash,1784099960.2346714,llm_judge_binary,evaluation,,,925.0,925.0
deepseek,62,128,190,0,126,,,DeepSeekBackend,deepseek-v4-flash,1784099960.4556396,llm_judge_binary,evaluation,,,924.0,924.0
deepseek,62,122,184,0,120,,,DeepSeekBackend,deepseek-v4-flash,1784099960.5073347,llm_judge_binary,evaluation,,,929.0,929.0
deepseek,62,134,196,0,132,,,DeepSeekBackend,deepseek-v4-flash,1784099960.6558316,llm_judge_binary,evaluation,,,931.0,931.0
deepseek,62,181,243,0,179,,,DeepSeekBackend,deepseek-v4-flash,1784099960.7496126,llm_judge_binary,evaluation,,,923.0,923.0
deepseek,62,126,188,0,124,,,DeepSeekBackend,deepseek-v4-flash,1784099960.868992,llm_judge_binary,evaluation,,,933.0,933.0
deepseek,62,151,213,0,149,,,DeepSeekBackend,deepseek-v4-flash,1784099961.0404596,llm_judge_binary,evaluation,,,934.0,934.0
deepseek,62,189,251,0,187,,,DeepSeekBackend,deepseek-v4-flash,1784099961.5264792,llm_judge_binary,evaluation,,,932.0,932.0
deepseek,62,296,358,0,294,,,DeepSeekBackend,deepseek-v4-flash,1784099961.775631,llm_judge_binary,evaluation,,,922.0,922.0
deepseek,62,241,303,0,239,,,DeepSeekBackend,deepseek-v4-flash,1784099961.8417995,llm_judge_binary,evaluation,,,935.0,935.0
