cell_idx,cell_barcode,true_label,pred_label,pred_celltype,pred_rationale,acc,keyword,llm_binary_judgment,llm_binary
131880,TCCGAAAGTGAACTAA_SC87,B cell,B cell,B cell,,1,1,YES,1
122565,ATCCACCCAGCTTC_GRO-06_biopsy,B cell,"B cell
The top expressed genes include canonical B cell markers such as MS4A1 (CD20), CD79A, CD19, PAX5, IGHD, and IGHM, which are not expressed in other cell types listed. This profile indicates a mature B cell, not a plasma cell, which would lose CD20 and CD19.",B cell,"The top expressed genes include canonical B cell markers such as MS4A1 (CD20), CD79A, CD19, PAX5, IGHD, and IGHM, which are not expressed in other cell types listed. This profile indicates a mature B cell, not a plasma cell, which would lose CD20 and CD19.",1,1,YES,1
36494,D344_Brus_Dis1_ACCAGTAGTCCGAAGA-1-14,B cell,"B cell
The top genes are classic B cell markers (MS4A1/CD20, CD79A, CD19, PAX5, IGHD, IGHM, TNFRSF13B/C), indicating a B cell identity.",B cell,"The top genes are classic B cell markers (MS4A1/CD20, CD79A, CD19, PAX5, IGHD, IGHM, TNFRSF13B/C), indicating a B cell identity.",1,1,YES,1
167580,CGTCAGGAGTTGCA_GRO-08_biopsy,B cell,"B cell

The top genes are classic B cell markers: MS4A1 (CD20), CD79A, CD19, PAX5, BANK1, BLK, and immunoglobulin genes IGHD/IGHM. This profile strongly indicates a B cell identity.",B cell,"The top genes are classic B cell markers: MS4A1 (CD20), CD79A, CD19, PAX5, BANK1, BLK, and immunoglobulin genes IGHD/IGHM. This profile strongly indicates a B cell identity.",1,1,YES,1
145550,GCGTGCAAGTTGCATC_SC87,B cell,"B cell
The top expressed genes are canonical B cell markers (MS4A1, CD79A, CD19, PAX5, IGHD, IGHM, TNFRSF13B/C, CCR7), with no T cell, myeloid, or epithelial lineage genes. This matches a mature B cell in the respiratory tract.",B cell,"The top expressed genes are canonical B cell markers (MS4A1, CD79A, CD19, PAX5, IGHD, IGHM, TNFRSF13B/C, CCR7), with no T cell, myeloid, or epithelial lineage genes. This matches a mature B cell in the respiratory tract.",1,1,YES,1
130800,D344_Brus_Dis1_AGCTTGATCAGTTAGC-1-14,B cell,"B cell

These genes are canonical B cell markers, including MS4A1 (CD20), CD79A, CD19, PAX5, and immunoglobulin genes (IGHD, IGHM), indicating a B cell identity.",B cell,"These genes are canonical B cell markers, including MS4A1 (CD20), CD79A, CD19, PAX5, and immunoglobulin genes (IGHD, IGHM), indicating a B cell identity.",1,1,YES,1
23044,ATCTCTAAGACGAAGA_SC87,B cell,"B cell
The top expressed genes include classic B cell markers such as MS4A1 (CD20), CD79A, CD19, PAX5, and IGHD/IGHM, along with other B cell-related genes like TNFRSF13B, TNFRSF13C, and VPREB3. This profile is highly specific to B cells.",B cell,"The top expressed genes include classic B cell markers such as MS4A1 (CD20), CD79A, CD19, PAX5, and IGHD/IGHM, along with other B cell-related genes like TNFRSF13B, TNFRSF13C, and VPREB3. This profile is highly specific to B cells.",1,1,YES,1
15494,TTTGGTTAGTAATCCC_GRO-10_biopsy,B cell,"B cell
The expression profile includes canonical B cell markers such as MS4A1 (CD20), CD79A, CD19, PAX5, BANK1, BLK, and immunoglobulins IGHD and IGHM, confirming a B cell identity.",B cell,"The expression profile includes canonical B cell markers such as MS4A1 (CD20), CD79A, CD19, PAX5, BANK1, BLK, and immunoglobulins IGHD and IGHM, confirming a B cell identity.",1,1,YES,1
110733,TAAGAGATCGACGGAA_GRO-06_biopsy,B cell,"B cell

The expression profile shows canonical B cell markers, including MS4A1 (CD20), CD79A, CD19, PAX5, and immunoglobulin genes (IGHD, IGHM). These genes are highly specific to B cells, not plasma cells or other immune cells. The absence of plasma cell markers (e.g., SDC1/CD138) confirms a mature B cell identity.",B cell,"The expression profile shows canonical B cell markers, including MS4A1 (CD20), CD79A, CD19, PAX5, and immunoglobulin genes (IGHD, IGHM). These genes are highly specific to B cells, not plasma cells or other immune cells. The absence of plasma cell markers (e.g., SDC1/CD138) confirms a mature B cell identity.",1,1,YES,1
87913,TATCCTATCTTTGATC_SC87,B cell,"B cell

The top expressed genes include MS4A1 (CD20), CD79A, CD19, PAX5, and immunoglobulin genes (IGHD, IGHM), which are canonical B cell markers. This profile is characteristic of B lymphocytes.",B cell,"The top expressed genes include MS4A1 (CD20), CD79A, CD19, PAX5, and immunoglobulin genes (IGHD, IGHM), which are canonical B cell markers. This profile is characteristic of B lymphocytes.",1,1,YES,1
72883,CCTTGTGCACGTCGTG_SC87,B cell,"B cell
The expression profile shows high levels of B cell-specific markers including MS4A1 (CD20), CD79A, CD19, PAX5, and immunoglobulin genes (IGHD, IGHM), indicating a B cell identity from the respiratory airway.",B cell,"The expression profile shows high levels of B cell-specific markers including MS4A1 (CD20), CD79A, CD19, PAX5, and immunoglobulin genes (IGHD, IGHM), indicating a B cell identity from the respiratory airway.",1,1,YES,1
14506,CTTCCGACATGCTGCG_SC87,B cell,"B cell

Top genes include B cell markers MS4A1 (CD20), CD79A, CD19, PAX5, BLK, BANK1, IGHD, and IGHM. This expression profile is characteristic of B cells in the respiratory airway.",B cell,"Top genes include B cell markers MS4A1 (CD20), CD79A, CD19, PAX5, BLK, BANK1, IGHD, and IGHM. This expression profile is characteristic of B cells in the respiratory airway.",1,1,YES,1
75995,CTCAGAACAGTACACT_GRO-07_biopsy,B cell,"B cell

The top expressed genes, including MS4A1 (CD20), CD79A, CD19, PAX5, and IGHD/IGHM, are canonical B cell markers. This profile indicates a B lymphocyte, not a plasma cell (which lacks CD20 and has high CD138) or other immune cells.",B cell,"The top expressed genes, including MS4A1 (CD20), CD79A, CD19, PAX5, and IGHD/IGHM, are canonical B cell markers. This profile indicates a B lymphocyte, not a plasma cell (which lacks CD20 and has high CD138) or other immune cells.",1,1,YES,1
147960,ATTCCTATCTATCACT_SC87,B cell,"B cell
The expression profile is dominated by canonical B cell markers including MS4A1 (CD20), CD79A, CD19, PAX5, IGHD, and IGHM, with no T cell or myeloid markers, confirming B cell identity.",B cell,"The expression profile is dominated by canonical B cell markers including MS4A1 (CD20), CD79A, CD19, PAX5, IGHD, and IGHM, with no T cell or myeloid markers, confirming B cell identity.",1,1,YES,1
16498,P3_2_CTACATTAGAAACCGC,B cell,"B cell

The top-expressed genes include classic B cell markers such as MS4A1 (CD20), CD79A, CD19, PAX5, and immunoglobulins (IGHD, IGHM), along with B cell-specific transcription factors and co-receptors. This profile is characteristic of B cells, not plasma cells or other immune cells.",B cell,"The top-expressed genes include classic B cell markers such as MS4A1 (CD20), CD79A, CD19, PAX5, and immunoglobulins (IGHD, IGHM), along with B cell-specific transcription factors and co-receptors. This profile is characteristic of B cells, not plasma cells or other immune cells.",1,1,YES,1
125115,AGTCCGTCCAGGGCT_GRO-10_biopsy,B cell,"B cell

All top expressed genes are canonical B cell markers (e.g., MS4A1/CD20, CD79A, CD19, PAX5, IGHM, IGHD, TCL1A), indicating mature B lymphocytes rather than plasma cells.",B cell,"All top expressed genes are canonical B cell markers (e.g., MS4A1/CD20, CD79A, CD19, PAX5, IGHM, IGHD, TCL1A), indicating mature B lymphocytes rather than plasma cells.",1,1,YES,1
134931,ACGGGTCAGCAGTAAT_SC87,B cell,"B cell
The expression profile shows canonical B cell markers such as MS4A1 (CD20), CD79A, CD19, PAX5, and immunoglobulin genes (IGHD, IGHM), indicating a B cell identity.",B cell,"The expression profile shows canonical B cell markers such as MS4A1 (CD20), CD79A, CD19, PAX5, and immunoglobulin genes (IGHD, IGHM), indicating a B cell identity.",1,1,YES,1
74047,GATGATCCAGCTCATA_SC87,B cell,"B cell
High expression of B cell markers (MS4A1, CD79A, CD19, PAX5, IGHD, IGHM, TNFRSF13B/C) without plasma cell markers supports B cell identity.",B cell,"High expression of B cell markers (MS4A1, CD79A, CD19, PAX5, IGHD, IGHM, TNFRSF13B/C) without plasma cell markers supports B cell identity.",1,1,YES,1
119506,AACTGGTCAGTCCTTC_GRO-10_biopsy,B cell,"B cell

The top genes include canonical B cell markers such as MS4A1 (CD20), CD79A, CD19, PAX5, and immunoglobulin chains (IGHD, IGHM). These are hallmarks of B cells, not plasma cells (which lack CD20/CD19) or other lymphocytes.",B cell,"The top genes include canonical B cell markers such as MS4A1 (CD20), CD79A, CD19, PAX5, and immunoglobulin chains (IGHD, IGHM). These are hallmarks of B cells, not plasma cells (which lack CD20/CD19) or other lymphocytes.",1,1,YES,1
89808,GTTACGAAGCTGACAG_SC87,B cell,"B cell
The top genes include canonical B cell markers MS4A1 (CD20), CD79A, CD19, PAX5, and immunoglobulin heavy chains (IGHM, IGHD), with no T cell or myeloid markers, indicating a B cell identity.",B cell,"The top genes include canonical B cell markers MS4A1 (CD20), CD79A, CD19, PAX5, and immunoglobulin heavy chains (IGHM, IGHD), with no T cell or myeloid markers, indicating a B cell identity.",1,1,YES,1
116204,D372_Biop_Pro1_GCTTCCACACAGGAGT-1-32,CD1c-positive myeloid dendritic cell,"CD1c-positive myeloid dendritic cell
High expression of CD1C, CD1E, CLEC10A, FCER1A, and HLA-DQB2 is characteristic of myeloid dendritic cells, specifically CD1c+ DCs, which are antigen-presenting cells in the respiratory airway.",CD1c-positive myeloid dendritic cell,"High expression of CD1C, CD1E, CLEC10A, FCER1A, and HLA-DQB2 is characteristic of myeloid dendritic cells, specifically CD1c+ DCs, which are antigen-presenting cells in the respiratory airway.",1,1,YES,1
129087,CAGGTGCAGCTCAACT_GRO-06_biopsy,CD1c-positive myeloid dendritic cell,"CD1c-positive myeloid dendritic cell
High expression of CD1C, CD1E, FCER1A, CLEC10A, and HLA class II genes (HLA-DQB2) is characteristic of CD1c+ myeloid dendritic cells, which are antigen-presenting cells in respiratory mucosa.",CD1c-positive myeloid dendritic cell,"High expression of CD1C, CD1E, FCER1A, CLEC10A, and HLA class II genes (HLA-DQB2) is characteristic of CD1c+ myeloid dendritic cells, which are antigen-presenting cells in respiratory mucosa.",1,1,YES,1
12250,TACTTGTCAAAGTCAA_GRO-04_biopsy,CD1c-positive myeloid dendritic cell,"CD1c-positive myeloid dendritic cell

The expression profile shows high levels of CD1C, CD1E, CLEC10A, FCER1A, and CD207, which are canonical markers of CD1c-positive myeloid dendritic cells. These cells are antigen-presenting dendritic cells found in respiratory airways.",CD1c-positive myeloid dendritic cell,"The expression profile shows high levels of CD1C, CD1E, CLEC10A, FCER1A, and CD207, which are canonical markers of CD1c-positive myeloid dendritic cells. These cells are antigen-presenting dendritic cells found in respiratory airways.",1,1,YES,1
153284,TAACTGAGGTGCTA_GRO-09_biopsy,CD1c-positive myeloid dendritic cell,"CD1c-positive myeloid dendritic cell
The top markers (CD1C, CD1E, CLEC10A, FCER1A, CD207, and CCL17) are hallmarks of myeloid dendritic cells, specifically the CD1c-positive subset, which is abundant in respiratory airways.",CD1c-positive myeloid dendritic cell,"The top markers (CD1C, CD1E, CLEC10A, FCER1A, CD207, and CCL17) are hallmarks of myeloid dendritic cells, specifically the CD1c-positive subset, which is abundant in respiratory airways.",1,1,YES,1
78954,CATCCATCCCATC_GRO-09_biopsy,CD1c-positive myeloid dendritic cell,"CD1c-positive myeloid dendritic cell
The expression profile is dominated by dendritic cell markers such as CD1E, CD1C, CLEC10A, FCER1A, and CD207, which are characteristic of CD1c+ myeloid dendritic cells found in the respiratory airway.",CD1c-positive myeloid dendritic cell,"The expression profile is dominated by dendritic cell markers such as CD1E, CD1C, CLEC10A, FCER1A, and CD207, which are characteristic of CD1c+ myeloid dendritic cells found in the respiratory airway.",1,1,YES,1
132858,CAGATTGAGCGAACTG_SC87,CD1c-positive myeloid dendritic cell,"CD1c-positive myeloid dendritic cell
The expression of CD1C, FCER1A, CLEC10A, CD207, and CCL17 is characteristic of CD1c+ myeloid dendritic cells, which are antigen-presenting cells in the respiratory airways.",CD1c-positive myeloid dendritic cell,"The expression of CD1C, FCER1A, CLEC10A, CD207, and CCL17 is characteristic of CD1c+ myeloid dendritic cells, which are antigen-presenting cells in the respiratory airways.",1,1,YES,1
119871,TCGGGACAGCCCGAAA_GRO-09_biopsy,CD1c-positive myeloid dendritic cell,"CD1c-positive myeloid dendritic cell

The top genes include CD1C, CD1E, FCER1A, CLEC10A, and CD207, which are specific markers for CD1c-positive myeloid dendritic cells. These cells are antigen-presenting dendritic cells found in the respiratory airway, consistent with the expression of MHC class II genes like HLA-DQB2 and chemokines such as CCL17.",CD1c-positive myeloid dendritic cell,"The top genes include CD1C, CD1E, FCER1A, CLEC10A, and CD207, which are specific markers for CD1c-positive myeloid dendritic cells. These cells are antigen-presenting dendritic cells found in the respiratory airway, consistent with the expression of MHC class II genes like HLA-DQB2 and chemokines such as CCL17.",1,1,YES,1
27886,D367_Biop_Pro1_AGGCCGTAGGACATTA-1-28,CD1c-positive myeloid dendritic cell,"CD1c-positive myeloid dendritic cell
High expression of CD1C, FCER1A, CD1E, CLEC10A, and CD207 are hallmarks of CD1c+ myeloid dendritic cells, commonly found in respiratory airways.",CD1c-positive myeloid dendritic cell,"High expression of CD1C, FCER1A, CD1E, CLEC10A, and CD207 are hallmarks of CD1c+ myeloid dendritic cells, commonly found in respiratory airways.",1,1,YES,1
74833,TCATTTGAGCCTATGT_GRO-09_biopsy,CD1c-positive myeloid dendritic cell,"CD1c-positive myeloid dendritic cell

The expression profile features high levels of CD1C, CD1E, CLEC10A, FCER1A, and HLA-DQB2, which are canonical markers of CD1c+ myeloid dendritic cells. These genes are involved in antigen presentation and dendritic cell function, consistent with this cell type in the respiratory airway.",CD1c-positive myeloid dendritic cell,"The expression profile features high levels of CD1C, CD1E, CLEC10A, FCER1A, and HLA-DQB2, which are canonical markers of CD1c+ myeloid dendritic cells. These genes are involved in antigen presentation and dendritic cell function, consistent with this cell type in the respiratory airway.",1,1,YES,1
33181,CAACCTCGTGTCCTCT_GRO-09_biopsy,CD1c-positive myeloid dendritic cell,"CD1c-positive myeloid dendritic cell
High expression of CD1E, CD1C, CLEC10A, FCER1A, CD207, and HLA-DQB2 indicates a CD1c+ myeloid dendritic cell, which functions as an antigen-presenting cell in the respiratory airway.",CD1c-positive myeloid dendritic cell,"High expression of CD1E, CD1C, CLEC10A, FCER1A, CD207, and HLA-DQB2 indicates a CD1c+ myeloid dendritic cell, which functions as an antigen-presenting cell in the respiratory airway.",1,1,YES,1
107318,D339_Biop_Pro1_ACTGAGTCACTGTGTA-1-8,CD1c-positive myeloid dendritic cell,CD1c-positive myeloid dendritic cell,CD1c-positive myeloid dendritic cell,,1,1,YES,1
25802,CTAAGACTCTAGAGTC_GRO-09_biopsy,CD1c-positive myeloid dendritic cell,"CD1c-positive myeloid dendritic cell

The expression of CD1C, FCER1A, CLEC10A, CD207, and HLA class II genes is characteristic of myeloid dendritic cells, specifically the CD1c+ subset, which are key antigen-presenting cells in the respiratory airway.",CD1c-positive myeloid dendritic cell,"The expression of CD1C, FCER1A, CLEC10A, CD207, and HLA class II genes is characteristic of myeloid dendritic cells, specifically the CD1c+ subset, which are key antigen-presenting cells in the respiratory airway.",1,1,YES,1
129531,ACCAGTACATTCCTGC_GRO-09_biopsy,CD1c-positive myeloid dendritic cell,"CD1c-positive myeloid dendritic cell

The expression profile shows high levels of CD1C, CD1E, FCER1A, CLEC10A, and CD207, which are classic markers for CD1c+ myeloid dendritic cells. These cells are professional antigen-presenting cells in the respiratory airway, consistent with the tissue context.",CD1c-positive myeloid dendritic cell,"The expression profile shows high levels of CD1C, CD1E, FCER1A, CLEC10A, and CD207, which are classic markers for CD1c+ myeloid dendritic cells. These cells are professional antigen-presenting cells in the respiratory airway, consistent with the tissue context.",1,1,YES,1
59920,D363_Brus_Dis1_GACTGCGCACATGTGT-1-26,CD1c-positive myeloid dendritic cell,"CD1c-positive myeloid dendritic cell

The expression profile shows high levels of CD1E, CD1C, FCER1A, and CLEC10A, which are hallmarks of CD1c+ myeloid dendritic cells. These antigen-presenting cells are found in the respiratory tract and express MHC class II (HLA-DQB2), along with chemokines like CCL17 and CXCL10.",CD1c-positive myeloid dendritic cell,"The expression profile shows high levels of CD1E, CD1C, FCER1A, and CLEC10A, which are hallmarks of CD1c+ myeloid dendritic cells. These antigen-presenting cells are found in the respiratory tract and express MHC class II (HLA-DQB2), along with chemokines like CCL17 and CXCL10.",1,1,YES,1
8670,D363_Brus_Dis1_ACGGGTCAGACTTTCG-1-26,CD1c-positive myeloid dendritic cell,"CD1c-positive myeloid dendritic cell
High expression of CD1C, CD1E, CLEC10A, FCER1A, and HLA-DQB2 is characteristic of CD1c+ myeloid dendritic cells, key antigen-presenting cells in the respiratory airway.",CD1c-positive myeloid dendritic cell,"High expression of CD1C, CD1E, CLEC10A, FCER1A, and HLA-DQB2 is characteristic of CD1c+ myeloid dendritic cells, key antigen-presenting cells in the respiratory airway.",1,1,YES,1
84425,ACTGAGTTCTTACCTA_GRO-03_biopsy,CD1c-positive myeloid dendritic cell,"CD1c-positive myeloid dendritic cell

This profile strongly matches CD1c+ myeloid dendritic cells, expressing CD1C, CD1E, CLEC10A, FCER1A, CD207, and HLA class II genes, along with CCL17 and other dendritic cell-associated markers, in a respiratory airway context.",CD1c-positive myeloid dendritic cell,"This profile strongly matches CD1c+ myeloid dendritic cells, expressing CD1C, CD1E, CLEC10A, FCER1A, CD207, and HLA class II genes, along with CCL17 and other dendritic cell-associated markers, in a respiratory airway context.",1,1,YES,1
166969,AACCTACAGCGAACA_GRO-11_biopsy,CD1c-positive myeloid dendritic cell,"CD1c-positive myeloid dendritic cell
This cell type highly expresses CD1C, CD1E, CLEC10A, FCER1A, CD207, and CCL17, which are characteristic markers of myeloid dendritic cells, particularly CD1c+ dendritic cells, consistent with an antigen-presenting cell in the respiratory airway.",CD1c-positive myeloid dendritic cell,"This cell type highly expresses CD1C, CD1E, CLEC10A, FCER1A, CD207, and CCL17, which are characteristic markers of myeloid dendritic cells, particularly CD1c+ dendritic cells, consistent with an antigen-presenting cell in the respiratory airway.",1,1,YES,1
127382,D353_Biop_Int2_CCCAGTTCATTGTGCA-1-18,CD1c-positive myeloid dendritic cell,"CD1c-positive myeloid dendritic cell
High expression of CD1C, CD1E, CLEC10A, FCER1A, and CD207 are characteristic of myeloid dendritic cells, particularly CD1c+ dendritic cells. MHC class II gene HLA-DQB2 and chemokine CCL17 further support this identity.",CD1c-positive myeloid dendritic cell,"High expression of CD1C, CD1E, CLEC10A, FCER1A, and CD207 are characteristic of myeloid dendritic cells, particularly CD1c+ dendritic cells. MHC class II gene HLA-DQB2 and chemokine CCL17 further support this identity.",1,1,YES,1
93085,TTCTCAAAGTCGAGT_GRO-09_biopsy,CD1c-positive myeloid dendritic cell,"CD1c-positive myeloid dendritic cell
High expression of CD1C, CD1E, FCER1A, CLEC10A, and CD207 indicates a CD1c+ myeloid dendritic cell, a key antigen-presenting cell in the respiratory airway. These markers are characteristic of this dendritic cell subset.",CD1c-positive myeloid dendritic cell,"High expression of CD1C, CD1E, FCER1A, CLEC10A, and CD207 indicates a CD1c+ myeloid dendritic cell, a key antigen-presenting cell in the respiratory airway. These markers are characteristic of this dendritic cell subset.",1,1,YES,1
61937,TAAGAGAGTCGCGGTT_GRO-03_biopsy,CD1c-positive myeloid dendritic cell,"CD1c-positive myeloid dendritic cell
High expression of CD1C, FCER1A, CLEC10A, CD207, and HLA-DQB2 is characteristic of myeloid dendritic cells, specifically the CD1c+ subset common in respiratory mucosa.",CD1c-positive myeloid dendritic cell,"High expression of CD1C, FCER1A, CLEC10A, CD207, and HLA-DQB2 is characteristic of myeloid dendritic cells, specifically the CD1c+ subset common in respiratory mucosa.",1,1,YES,1
17077,ACGCCGATCAGTTCGA_GRO-09_biopsy,"CD4-positive, alpha-beta T cell","CD4-positive, alpha-beta T cell
The expression profile includes T cell markers CD3E, TRAC, TRBC1/2, and co-stimulatory molecules CD28, ICOS, CTLA4. CD40LG and ICOS are characteristic of activated CD4+ T cells, and the absence of CD8A/B confirms a CD4+ alpha-beta T cell phenotype.","CD4-positive, alpha-beta T cell","The expression profile includes T cell markers CD3E, TRAC, TRBC1/2, and co-stimulatory molecules CD28, ICOS, CTLA4. CD40LG and ICOS are characteristic of activated CD4+ T cells, and the absence of CD8A/B confirms a CD4+ alpha-beta T cell phenotype.",1,1,YES,1
50834,P3_2_ACCTTTAGTAAATGTG,"CD4-positive, alpha-beta T cell","CD4-positive, alpha-beta T cell
Strong expression of T cell markers (CD3E, CD5, CD6, CD27, TRAC, TRBC1/2) and co-stimulatory molecules (CD28, CD40LG, ICOS) along with CCR7 and IL7R indicates a CD4+ helper T cell, typical in airway immune responses.","CD4-positive, alpha-beta T cell","Strong expression of T cell markers (CD3E, CD5, CD6, CD27, TRAC, TRBC1/2) and co-stimulatory molecules (CD28, CD40LG, ICOS) along with CCR7 and IL7R indicates a CD4+ helper T cell, typical in airway immune responses.",1,1,YES,1
114484,P3_2_CAAGATCTCGAACGGA,"CD4-positive, alpha-beta T cell","CD4-positive, alpha-beta T cell
High expression of T cell markers (CD3E, TRAC/TRBC, CD28, ICOS, CTLA4) along with CD40LG, which is predominantly expressed by activated CD4+ T cells, and other co-stimulatory molecules (TNFRSF4) and homing markers (CCR7, SELL) indicate a CD4+ alpha-beta T cell phenotype.","CD4-positive, alpha-beta T cell","High expression of T cell markers (CD3E, TRAC/TRBC, CD28, ICOS, CTLA4) along with CD40LG, which is predominantly expressed by activated CD4+ T cells, and other co-stimulatory molecules (TNFRSF4) and homing markers (CCR7, SELL) indicate a CD4+ alpha-beta T cell phenotype.",1,1,YES,1
138066,CTAGAGTGTTATGTGC_GRO-08_biopsy,"CD4-positive, alpha-beta T cell","CD4-positive, alpha-beta T cell

The expression profile is dominated by T cell markers (CD3E, CD28, TRAC, TRBC1/2) and activation/co-stimulatory molecules (CD40LG, ICOS, CTLA4, TNFRSF4) plus CD4-associated markers (IL7R, CCR7, SELL, CD27). Notably absent are CD8 or cytotoxic markers. This indicates a CD4+ αβ T cell phenotype.","CD4-positive, alpha-beta T cell","The expression profile is dominated by T cell markers (CD3E, CD28, TRAC, TRBC1/2) and activation/co-stimulatory molecules (CD40LG, ICOS, CTLA4, TNFRSF4) plus CD4-associated markers (IL7R, CCR7, SELL, CD27). Notably absent are CD8 or cytotoxic markers. This indicates a CD4+ αβ T cell phenotype.",1,1,YES,1
67817,P3_2_GGGTTGCTCCAGAAGG,"CD4-positive, alpha-beta T cell","CD4-positive, alpha-beta T cell
The expression of CD3E, CD28, CD5, and TCR components (TRAC, TRBC1/2) confirms T cell identity. CD40LG, ICOS, CTLA4, TNFRSF4, and IL7R are hallmarks of CD4+ helper T cells, while lack of CD8 markers supports this classification.","CD4-positive, alpha-beta T cell","The expression of CD3E, CD28, CD5, and TCR components (TRAC, TRBC1/2) confirms T cell identity. CD40LG, ICOS, CTLA4, TNFRSF4, and IL7R are hallmarks of CD4+ helper T cells, while lack of CD8 markers supports this classification.",1,1,YES,1
155137,ATCAGTTCCACGT_GRO-10_biopsy,"CD4-positive, alpha-beta T cell","CD4-positive, alpha-beta T cell

Top genes include CD3E, CD5, CD28, CD40LG, ICOS, CTLA4, IL7R, CCR7, and SELL, which are hallmark surface markers of CD4+ T cells, particularly naive or central memory subsets. The presence of TRAC and TRBC confirms an alpha-beta T cell receptor.","CD4-positive, alpha-beta T cell","Top genes include CD3E, CD5, CD28, CD40LG, ICOS, CTLA4, IL7R, CCR7, and SELL, which are hallmark surface markers of CD4+ T cells, particularly naive or central memory subsets. The presence of TRAC and TRBC confirms an alpha-beta T cell receptor.",1,1,YES,1
142824,CCAATCCGTTTGTTTC_GRO-09_biopsy,"CD4-positive, alpha-beta T cell","CD4-positive, alpha-beta T cell

The expression of CD3E, TRAC, TRBC1/2, CD28, ICOS, CTLA4, IL7R, and SELL is characteristic of CD4+ αβ T cells. These genes collectively indicate a mature T cell with costimulatory and memory/naive markers, consistent with helper T cell identity in the airway.","CD4-positive, alpha-beta T cell","The expression of CD3E, TRAC, TRBC1/2, CD28, ICOS, CTLA4, IL7R, and SELL is characteristic of CD4+ αβ T cells. These genes collectively indicate a mature T cell with costimulatory and memory/naive markers, consistent with helper T cell identity in the airway.",1,1,YES,1
42577,ACGATACGTCGATTGT_GRO-04_biopsy,"CD4-positive, alpha-beta T cell","CD4-positive, alpha-beta T cell
The expression profile features T cell markers (CD3E, TRAC, TRBC1/2, CD5, CD28) and CD4-associated genes like CD40LG and ICOS, along with activation and memory markers (CTLA4, IL7R, CCR7), consistent with CD4+ alpha-beta T cells.","CD4-positive, alpha-beta T cell","The expression profile features T cell markers (CD3E, TRAC, TRBC1/2, CD5, CD28) and CD4-associated genes like CD40LG and ICOS, along with activation and memory markers (CTLA4, IL7R, CCR7), consistent with CD4+ alpha-beta T cells.",1,1,YES,1
108239,CTGCGATCGTTTATC_GRO-09_biopsy,"CD4-positive, alpha-beta T cell","CD4-positive, alpha-beta T cell

Expression of CD3E, TRAC/TRBC, CD28, CD40LG, ICOS, CTLA4, CCR7, IL7R, and KLRB1 indicates an activated/memory CD4+ T cell, common in respiratory airways for immune surveillance.","CD4-positive, alpha-beta T cell","Expression of CD3E, TRAC/TRBC, CD28, CD40LG, ICOS, CTLA4, CCR7, IL7R, and KLRB1 indicates an activated/memory CD4+ T cell, common in respiratory airways for immune surveillance.",1,1,YES,1
29077,TAAACCGGTATTCTCT_GRO-09_biopsy,"CD4-positive, alpha-beta T cell","CD4-positive, alpha-beta T cell

The expression profile shows strong T cell lineage markers (CD3E, TRAC, TRBC1/2, CD28, ICOS, CTLA4) with key CD4+ T cell features: high CD40LG, IL7R, CCR7, and SELL. The lack of cytotoxic markers and presence of costimulatory/activation molecules indicate a CD4+ alpha-beta T cell, likely a naive or central memory subset.","CD4-positive, alpha-beta T cell","The expression profile shows strong T cell lineage markers (CD3E, TRAC, TRBC1/2, CD28, ICOS, CTLA4) with key CD4+ T cell features: high CD40LG, IL7R, CCR7, and SELL. The lack of cytotoxic markers and presence of costimulatory/activation molecules indicate a CD4+ alpha-beta T cell, likely a naive or central memory subset.",1,1,YES,1
120256,CCCAATCTCTGTCTC_GRO-06_biopsy,"CD4-positive, alpha-beta T cell","CD4-positive, alpha-beta T cell
Expression of CD40LG, ICOS, CTLA4, TNFRSF4, CD28, IL7R, CCR7, and TRAT1 along with CD3E, CD5, and CD27 indicates an activated/memory CD4+ T cell profile in the respiratory airway context.","CD4-positive, alpha-beta T cell","Expression of CD40LG, ICOS, CTLA4, TNFRSF4, CD28, IL7R, CCR7, and TRAT1 along with CD3E, CD5, and CD27 indicates an activated/memory CD4+ T cell profile in the respiratory airway context.",1,1,YES,1
54906,P2_3_GTTCTCGGTGTCCTCT,"CD4-positive, alpha-beta T cell","CD4-positive, alpha-beta T cell","CD4-positive, alpha-beta T cell",,1,1,YES,1
131603,TGAGCCGCAGATAAT_GRO-10_biopsy,"CD4-positive, alpha-beta T cell","CD4-positive, alpha-beta T cell
The top genes include T cell markers CD3E, CD28, ICOS, CTLA4, CD40LG, CCR7, and IL7R, indicating an activated CD4+ T cell profile. Absence of CD8 markers and presence of CD40LG and ICOS support CD4+ lineage.","CD4-positive, alpha-beta T cell","The top genes include T cell markers CD3E, CD28, ICOS, CTLA4, CD40LG, CCR7, and IL7R, indicating an activated CD4+ T cell profile. Absence of CD8 markers and presence of CD40LG and ICOS support CD4+ lineage.",1,1,YES,1
142930,AGTTGGTTCTTTACAC_GRO-10_biopsy,"CD4-positive, alpha-beta T cell","CD4-positive, alpha-beta T cell
High expression of T cell receptor components (TRAC, TRBC), co-receptors (CD3E, CD5, CD6), and CD4-specific markers (CD40LG, ICOS, CTLA4, TNFRSF4) indicate a CD4+ alpha-beta T cell identity.","CD4-positive, alpha-beta T cell","High expression of T cell receptor components (TRAC, TRBC), co-receptors (CD3E, CD5, CD6), and CD4-specific markers (CD40LG, ICOS, CTLA4, TNFRSF4) indicate a CD4+ alpha-beta T cell identity.",1,1,YES,1
98034,TGACTTTCAGGTCTC_GRO-03_biopsy,"CD4-positive, alpha-beta T cell","CD4-positive, alpha-beta T cell

The gene expression profile shows classic T cell markers (CD3E, CD5, TRAC, TRBC1/2, CD28) along with CD4-associated molecules like CD40LG, ICOS, CTLA4, and IL7R. The absence of CD8 markers and presence of costimulatory and memory/naïve markers (CCR7, SELL, CD27) strongly indicates a CD4-positive alpha-beta T cell in the respiratory airway context.","CD4-positive, alpha-beta T cell","The gene expression profile shows classic T cell markers (CD3E, CD5, TRAC, TRBC1/2, CD28) along with CD4-associated molecules like CD40LG, ICOS, CTLA4, and IL7R. The absence of CD8 markers and presence of costimulatory and memory/naïve markers (CCR7, SELL, CD27) strongly indicates a CD4-positive alpha-beta T cell in the respiratory airway context.",1,1,YES,1
117478,AGGGATGGTCGTGGCT_GRO-07_biopsy,"CD4-positive, alpha-beta T cell","CD4-positive, alpha-beta T cell

High expression of T cell markers (CD3E, TRAC, TRBC1/2) along with CD4-associated genes like CD40LG, ICOS, CTLA4, and IL7R, plus activation markers (TNFRSF4, CD28), identifies this as a CD4+ alpha-beta T cell in the respiratory airway.","CD4-positive, alpha-beta T cell","High expression of T cell markers (CD3E, TRAC, TRBC1/2) along with CD4-associated genes like CD40LG, ICOS, CTLA4, and IL7R, plus activation markers (TNFRSF4, CD28), identifies this as a CD4+ alpha-beta T cell in the respiratory airway.",1,1,YES,1
75910,AATGAGGCCCGTT_GRO-09_biopsy,"CD4-positive, alpha-beta T cell","CD4-positive, alpha-beta T cell

The expression of CD3E, TRAC/TRBC (TCR components), CD28, ICOS, CTLA4, and CD40LG (specific to CD4+ T cells) indicates an activated CD4+ alpha-beta T cell. The presence of CCR7, IL7R, and SELL suggests a memory or naive phenotype.","CD4-positive, alpha-beta T cell","The expression of CD3E, TRAC/TRBC (TCR components), CD28, ICOS, CTLA4, and CD40LG (specific to CD4+ T cells) indicates an activated CD4+ alpha-beta T cell. The presence of CCR7, IL7R, and SELL suggests a memory or naive phenotype.",1,1,YES,1
144803,CAGCGACCAAAGAATC_GRO-08_biopsy,"CD4-positive, alpha-beta T cell","CD4-positive, alpha-beta T cell

The expression profile is dominated by T cell markers including CD3E, CD28, ICOS, CTLA4, CCR7, IL7R, CD40LG, and TCR components (TRAC, TRBC1/2). The presence of CD40LG and co-stimulatory molecules strongly indicates a CD4+ T cell, likely in an activated or memory state within the respiratory airway.","CD4-positive, alpha-beta T cell","The expression profile is dominated by T cell markers including CD3E, CD28, ICOS, CTLA4, CCR7, IL7R, CD40LG, and TCR components (TRAC, TRBC1/2). The presence of CD40LG and co-stimulatory molecules strongly indicates a CD4+ T cell, likely in an activated or memory state within the respiratory airway.",1,1,YES,1
162526,CTGCTTCATCTCGCT_GRO-10_biopsy,"CD4-positive, alpha-beta T cell","CD4-positive, alpha-beta T cell

The expression profile shows T cell markers (CD3E, TRAC, TRBC1/2, CD5, CD6, CD28) with strong enrichment for CD40LG and ICOS, which are characteristic of activated CD4+ T cells. CCR7 and IL7R suggest a naive or central memory phenotype.","CD4-positive, alpha-beta T cell","The expression profile shows T cell markers (CD3E, TRAC, TRBC1/2, CD5, CD6, CD28) with strong enrichment for CD40LG and ICOS, which are characteristic of activated CD4+ T cells. CCR7 and IL7R suggest a naive or central memory phenotype.",1,1,YES,1
75743,CGGGTCAAGTGGGATC_GRO-04_biopsy,"CD4-positive, alpha-beta T cell","CD4-positive, alpha-beta T cell
High expression of T cell markers (CD3E, CD28, CD40LG, ICOS, CTLA4) and CD4-associated genes (CD40LG, IL7R, CCR7) indicating a CD4+ T helper cell, distinct from CD8+ or other lineages.","CD4-positive, alpha-beta T cell","High expression of T cell markers (CD3E, CD28, CD40LG, ICOS, CTLA4) and CD4-associated genes (CD40LG, IL7R, CCR7) indicating a CD4+ T helper cell, distinct from CD8+ or other lineages.",1,1,YES,1
98673,AGCGTCGAGCTCCTTC_GRO-03_biopsy,"CD8-positive, alpha-beta T cell","CD8-positive, alpha-beta T cell

The expression profile shows high levels of CD8A and CD8B, alongside T cell markers CD3G, CD3E, and cytotoxic molecules like GZMA, GZMB, IFNG, and GNLY. KLRC1/KLRC2 are also present, but CD8 co-receptor genes confirm this is a CD8+ alpha-beta T cell, likely a tissue-resident type in the respiratory airway.","CD8-positive, alpha-beta T cell","The expression profile shows high levels of CD8A and CD8B, alongside T cell markers CD3G, CD3E, and cytotoxic molecules like GZMA, GZMB, IFNG, and GNLY. KLRC1/KLRC2 are also present, but CD8 co-receptor genes confirm this is a CD8+ alpha-beta T cell, likely a tissue-resident type in the respiratory airway.",1,1,YES,1
13996,CCACGGAAGTTGTAGA_GRO-04_biopsy,"CD8-positive, alpha-beta T cell","CD8-positive, alpha-beta T cell
This cell shows high expression of CD8A, CD8B, CD3 subunits, and TCR beta chains, confirming a T cell lineage. Additionally, it expresses cytotoxic molecules (GNLY, GZMA, GZMK, GZMH, GZMB, IFNG, CCL5) and NK-related genes (KLRC1, KLRC2), characteristic of CD8+ T cells, likely tissue-resident memory cells in respiratory airway.","CD8-positive, alpha-beta T cell","This cell shows high expression of CD8A, CD8B, CD3 subunits, and TCR beta chains, confirming a T cell lineage. Additionally, it expresses cytotoxic molecules (GNLY, GZMA, GZMK, GZMH, GZMB, IFNG, CCL5) and NK-related genes (KLRC1, KLRC2), characteristic of CD8+ T cells, likely tissue-resident memory cells in respiratory airway.",1,1,YES,1
16123,P2_3_CGTCACTGTACCGTAT,"CD8-positive, alpha-beta T cell","CD8-positive, alpha-beta T cell

The expression profile shows high levels of CD8A, CD8B, CD3G/E, TRBC1/2, and cytotoxic molecules (GZMA/B/H/K, GNLY, IFNG) along with NK receptors (KLRC1/2), characteristic of CD8+ T cells, likely cytotoxic or tissue-resident.","CD8-positive, alpha-beta T cell","The expression profile shows high levels of CD8A, CD8B, CD3G/E, TRBC1/2, and cytotoxic molecules (GZMA/B/H/K, GNLY, IFNG) along with NK receptors (KLRC1/2), characteristic of CD8+ T cells, likely cytotoxic or tissue-resident.",1,1,YES,1
53465,CGTAGCGCAAATCCGT_GRO-10_biopsy,"CD8-positive, alpha-beta T cell","CD8-positive, alpha-beta T cell
High expression of CD8A, CD8B, T cell receptor chains (TRBC1/2, CD3E/G, TRGC2), and cytotoxic effectors (granzymes, GNLY, IFNG) alongside KLRC1/2 indicates CD8+ alpha-beta T cells. The presence of ZNF683 (HOBIT) suggests tissue-resident memory T cells, consistent with respiratory airway.","CD8-positive, alpha-beta T cell","High expression of CD8A, CD8B, T cell receptor chains (TRBC1/2, CD3E/G, TRGC2), and cytotoxic effectors (granzymes, GNLY, IFNG) alongside KLRC1/2 indicates CD8+ alpha-beta T cells. The presence of ZNF683 (HOBIT) suggests tissue-resident memory T cells, consistent with respiratory airway.",1,1,YES,1
96676,CAGAATCAGAGCAATT_GRO-09_biopsy,"CD8-positive, alpha-beta T cell","CD8-positive, alpha-beta T cell

High expression of CD8A, CD8B, CD3G, CD3E, and cytotoxic molecules (IFNG, GNLY, GZMA, GZMB, GZMK, GZMH) along with ZNF683 (Hobit) identifies this as a CD8+ alpha-beta T cell, likely a tissue-resident cytotoxic T cell in the respiratory airway.","CD8-positive, alpha-beta T cell","High expression of CD8A, CD8B, CD3G, CD3E, and cytotoxic molecules (IFNG, GNLY, GZMA, GZMB, GZMK, GZMH) along with ZNF683 (Hobit) identifies this as a CD8+ alpha-beta T cell, likely a tissue-resident cytotoxic T cell in the respiratory airway.",1,1,YES,1
43322,ATTACGTTGGTTT_GRO-08_biopsy,"CD8-positive, alpha-beta T cell","CD8-positive, alpha-beta T cell

The expression of CD8A, CD8B, CD3 chains, T cell receptor genes (TRBC1/2), and cytotoxic markers (GZMA/B/H/K, GNLY, IFNG, CCL5) with NK receptors (KLRC1/2) indicates a cytotoxic CD8+ T cell, likely tissue-resident or activated.","CD8-positive, alpha-beta T cell","The expression of CD8A, CD8B, CD3 chains, T cell receptor genes (TRBC1/2), and cytotoxic markers (GZMA/B/H/K, GNLY, IFNG, CCL5) with NK receptors (KLRC1/2) indicates a cytotoxic CD8+ T cell, likely tissue-resident or activated.",1,1,YES,1
98704,AGGGTGACATGTCTCC_GRO-04_biopsy,"CD8-positive, alpha-beta T cell","CD8-positive, alpha-beta T cell

High expression of CD8A, CD8B, CD3G/E, TRBC1/2, and cytotoxic markers (GZMA/B/H/K, GNLY, IFNG) indicates a cytotoxic T cell. KLRC1/2 and ZNF683 are often expressed in tissue-resident memory CD8+ T cells. TRGC2 suggests possible gamma-delta, but dominant beta chain receptors confirm alpha-beta lineage.","CD8-positive, alpha-beta T cell","High expression of CD8A, CD8B, CD3G/E, TRBC1/2, and cytotoxic markers (GZMA/B/H/K, GNLY, IFNG) indicates a cytotoxic T cell. KLRC1/2 and ZNF683 are often expressed in tissue-resident memory CD8+ T cells. TRGC2 suggests possible gamma-delta, but dominant beta chain receptors confirm alpha-beta lineage.",1,1,YES,1
100519,TTAGGACTCCTATGTT_GRO-10_biopsy,"CD8-positive, alpha-beta T cell","CD8-positive, alpha-beta T cell

High expression of CD8A, CD8B, CD3G/E, and T-cell receptor beta chains (TRBC1/2) confirms an alpha-beta T cell. Co-expression of cytotoxic effectors (GZMA/B/H/K, GNLY, IFNG) and tissue-residency marker ZNF683 (Hobit) along with KLRC1/KLRC2 (NKG2A/C) is characteristic of activated or tissue-resident CD8+ T cells in the respiratory airway.","CD8-positive, alpha-beta T cell","High expression of CD8A, CD8B, CD3G/E, and T-cell receptor beta chains (TRBC1/2) confirms an alpha-beta T cell. Co-expression of cytotoxic effectors (GZMA/B/H/K, GNLY, IFNG) and tissue-residency marker ZNF683 (Hobit) along with KLRC1/KLRC2 (NKG2A/C) is characteristic of activated or tissue-resident CD8+ T cells in the respiratory airway.",1,1,YES,1
138381,ATCTAGCAGTGAGT_GRO-04_biopsy,"CD8-positive, alpha-beta T cell","CD8-positive, alpha-beta T cell

The expression of CD8A, CD8B, CD3E/G, TCR constant chains (TRBC1/2), granzymes (GZMA, GZMK, GZMH, GZMB), IFNG, GNLY, and KLRC1/2 indicates cytotoxic CD8+ T cells, consistent with tissue-resident memory or effector T cells in the airway.","CD8-positive, alpha-beta T cell","The expression of CD8A, CD8B, CD3E/G, TCR constant chains (TRBC1/2), granzymes (GZMA, GZMK, GZMH, GZMB), IFNG, GNLY, and KLRC1/2 indicates cytotoxic CD8+ T cells, consistent with tissue-resident memory or effector T cells in the airway.",1,1,YES,1
20268,TGGTTCCCATTCTCAT_GRO-07_biopsy,"CD8-positive, alpha-beta T cell","CD8-positive, alpha-beta T cell

High expression of CD8A, CD8B, CD3 components, granzymes (GZMA/B/H/K), GNLY, IFNG, and CCL5 indicates a cytotoxic CD8+ T cell. ZNF683 (Hobit) and KLRC1 suggest tissue-resident memory phenotype in the respiratory airway.","CD8-positive, alpha-beta T cell","High expression of CD8A, CD8B, CD3 components, granzymes (GZMA/B/H/K), GNLY, IFNG, and CCL5 indicates a cytotoxic CD8+ T cell. ZNF683 (Hobit) and KLRC1 suggest tissue-resident memory phenotype in the respiratory airway.",1,1,YES,1
105582,CGTGAGCTCAGCATGT_GRO-10_biopsy,"CD8-positive, alpha-beta T cell","CD8-positive, alpha-beta T cell

The expression profile shows high levels of CD8A, CD8B, CD3G/CD3E, and T cell receptor beta chains (TRBC1/TRBC2), confirming a CD8+ alpha-beta T cell. Cytotoxic markers (GNLY, GZMA, GZMB, GZMH, GZMK, IFNG) and tissue-residency factor ZNF683 further support this identity in the respiratory airway context.","CD8-positive, alpha-beta T cell","The expression profile shows high levels of CD8A, CD8B, CD3G/CD3E, and T cell receptor beta chains (TRBC1/TRBC2), confirming a CD8+ alpha-beta T cell. Cytotoxic markers (GNLY, GZMA, GZMB, GZMH, GZMK, IFNG) and tissue-residency factor ZNF683 further support this identity in the respiratory airway context.",1,1,YES,1
133141,CCTTACGTCTTGAGAC_GRO-04_biopsy,"CD8-positive, alpha-beta T cell","CD8-positive, alpha-beta T cell
High expression of CD8A, CD8B, CD3E/G, TRBC1/2, and cytotoxic molecules (IFNG, GZMA, GZMK, GZMH, GZMB, GNLY) identifies these cells as CD8+ alpha-beta T cells. ZNF683 (HOBIT) suggests a tissue-resident memory phenotype in the respiratory airway.","CD8-positive, alpha-beta T cell","High expression of CD8A, CD8B, CD3E/G, TRBC1/2, and cytotoxic molecules (IFNG, GZMA, GZMK, GZMH, GZMB, GNLY) identifies these cells as CD8+ alpha-beta T cells. ZNF683 (HOBIT) suggests a tissue-resident memory phenotype in the respiratory airway.",1,1,YES,1
110860,AACCTAGTCGCATAT_GRO-04_biopsy,"CD8-positive, alpha-beta T cell","CD8-positive, alpha-beta T cell

The expression profile shows high levels of CD8A, CD8B, CD3G/E (T cell markers), cytotoxic molecules (GNLY, GZMA/B/K/H, IFNG, CCL5), and KLRC1/2 (NK receptors found on subsets of CD8+ T cells). Presence of TRBC1/2 confirms alpha-beta T cell lineage. This pattern is typical of cytotoxic CD8+ T cells, likely tissue-resident in the respiratory airway.","CD8-positive, alpha-beta T cell","The expression profile shows high levels of CD8A, CD8B, CD3G/E (T cell markers), cytotoxic molecules (GNLY, GZMA/B/K/H, IFNG, CCL5), and KLRC1/2 (NK receptors found on subsets of CD8+ T cells). Presence of TRBC1/2 confirms alpha-beta T cell lineage. This pattern is typical of cytotoxic CD8+ T cells, likely tissue-resident in the respiratory airway.",1,1,YES,1
114284,TTCCCAGCAAACTGTC_GRO-10_biopsy,"CD8-positive, alpha-beta T cell","CD8-positive, alpha-beta T cell
High expression of CD8A, CD8B, CD3G/E, TRBC1/2, and cytotoxic molecules (GZMA/B/H/K, GNLY, IFNG) identifies this as a CD8+ T cell. KLRC1/2 and ZNF683 suggest tissue-resident memory phenotype. The presence of TCR components distinguishes it from natural killer cells.","CD8-positive, alpha-beta T cell","High expression of CD8A, CD8B, CD3G/E, TRBC1/2, and cytotoxic molecules (GZMA/B/H/K, GNLY, IFNG) identifies this as a CD8+ T cell. KLRC1/2 and ZNF683 suggest tissue-resident memory phenotype. The presence of TCR components distinguishes it from natural killer cells.",1,1,YES,1
116578,CGACCTTAGGGAGTAA_GRO-03_biopsy,"CD8-positive, alpha-beta T cell","CD8-positive, alpha-beta T cell

This profile strongly features CD8A, CD8B, CD3E/G, cytotoxic granules (GZMA/B/H/K, GNLY, IFNG), and KLR receptors (KLRC1/2). Such markers are canonical for activated cytotoxic CD8+ T cells, common in respiratory airway tissue.","CD8-positive, alpha-beta T cell","This profile strongly features CD8A, CD8B, CD3E/G, cytotoxic granules (GZMA/B/H/K, GNLY, IFNG), and KLR receptors (KLRC1/2). Such markers are canonical for activated cytotoxic CD8+ T cells, common in respiratory airway tissue.",1,1,YES,1
76903,TGTGCGCAGGAACGT_GRO-09_biopsy,"CD8-positive, alpha-beta T cell","CD8-positive, alpha-beta T cell
High expression of CD8A, CD8B, CD3 complex, and cytotoxic molecules (GNLY, granzymes, IFNG) indicate a cytotoxic CD8+ T cell. Presence of TRBC1/2 confirms alpha-beta T cell receptor. KLRC1/2 and ZNF683 suggest tissue-resident phenotype common in respiratory airways.","CD8-positive, alpha-beta T cell","High expression of CD8A, CD8B, CD3 complex, and cytotoxic molecules (GNLY, granzymes, IFNG) indicate a cytotoxic CD8+ T cell. Presence of TRBC1/2 confirms alpha-beta T cell receptor. KLRC1/2 and ZNF683 suggest tissue-resident phenotype common in respiratory airways.",1,1,YES,1
97617,TGCGGTTCAAAGTA_GRO-04_biopsy,"CD8-positive, alpha-beta T cell","CD8-positive, alpha-beta T cell

High expression of CD8A, CD8B, CD3 genes, and T-cell receptor components (TRBC, TRGC) indicates CD8+ T cells. Co-expression of granzymes, IFNG, GNLY, and NK receptors (KLRC1/2) is typical of cytotoxic CD8+ T cells in airway tissue.","CD8-positive, alpha-beta T cell","High expression of CD8A, CD8B, CD3 genes, and T-cell receptor components (TRBC, TRGC) indicates CD8+ T cells. Co-expression of granzymes, IFNG, GNLY, and NK receptors (KLRC1/2) is typical of cytotoxic CD8+ T cells in airway tissue.",1,1,YES,1
147891,CTGCGACATACGCC_GRO-04_biopsy,"CD8-positive, alpha-beta T cell","CD8-positive, alpha-beta T cell
High expression of CD8A, CD8B, CD3E, CD3G, and cytotoxic molecules (GZMA, GZMK, GZMH, GZMB, GNLY, IFNG) along with TRBC1/TRBC2 confirms a CD8+ alpha-beta T cell identity.","CD8-positive, alpha-beta T cell","High expression of CD8A, CD8B, CD3E, CD3G, and cytotoxic molecules (GZMA, GZMK, GZMH, GZMB, GNLY, IFNG) along with TRBC1/TRBC2 confirms a CD8+ alpha-beta T cell identity.",1,1,YES,1
82176,CACACTCCAATCGAAA_GRO-04_biopsy,"CD8-positive, alpha-beta T cell","CD8-positive, alpha-beta T cell

High expression of CD8A, CD8B, CD3G, CD3E, and cytotoxic markers (GZMA, GZMB, GZMK, GNLY, IFNG, CCL5) indicates activated cytotoxic CD8+ T cells. The presence of T cell receptor genes (TRBC1, TRBC2) and lack of typical NK-specific markers (no KIRs) confirm T cell identity, specifically CD8+ alpha-beta T cells in the respiratory airway.","CD8-positive, alpha-beta T cell","High expression of CD8A, CD8B, CD3G, CD3E, and cytotoxic markers (GZMA, GZMB, GZMK, GNLY, IFNG, CCL5) indicates activated cytotoxic CD8+ T cells. The presence of T cell receptor genes (TRBC1, TRBC2) and lack of typical NK-specific markers (no KIRs) confirm T cell identity, specifically CD8+ alpha-beta T cells in the respiratory airway.",1,1,YES,1
24790,ATTACTCCAGTCAGCC_GRO-10_biopsy,"CD8-positive, alpha-beta T cell","CD8-positive, alpha-beta T cell

Expression of CD8A, CD8B, TCR (TRBC1/2, CD3E, CD3G), and cytotoxic molecules (IFNG, GNLY, GZMA/B/K/H, CCL5) indicates a CD8+ T cell. ZNF683 (Hobit) suggests tissue-resident memory phenotype. No NK-specific KLRD1 or FCGR3A dominance.","CD8-positive, alpha-beta T cell","Expression of CD8A, CD8B, TCR (TRBC1/2, CD3E, CD3G), and cytotoxic molecules (IFNG, GNLY, GZMA/B/K/H, CCL5) indicates a CD8+ T cell. ZNF683 (Hobit) suggests tissue-resident memory phenotype. No NK-specific KLRD1 or FCGR3A dominance.",1,1,YES,1
15540,ACAGAAGCTATGCT_GRO-09_biopsy,T cell,"mast cell
High expression of IL9, IL5, IL26, and IL17A is characteristic of mast cells, which produce these cytokines. The strong upregulation of proliferation markers (MKI67, ASPM, etc.) indicates active cell division, consistent with activated mast cells in the respiratory airway.",mast cell,"High expression of IL9, IL5, IL26, and IL17A is characteristic of mast cells, which produce these cytokines. The strong upregulation of proliferation markers (MKI67, ASPM, etc.) indicates active cell division, consistent with activated mast cells in the respiratory airway.",0,1,NO,0
20112,ACAGATCAACGGCC_GRO-09_biopsy,T cell,"CD4-positive, alpha-beta T cell
Expression of IL9, IL5, IL17A, and IL26 indicates T helper subsets (Th9, Th2, Th17). High proliferation markers (MKI67, ASPM) suggest activation. This profile is characteristic of an activated CD4+ T cell in the airway.","CD4-positive, alpha-beta T cell","Expression of IL9, IL5, IL17A, and IL26 indicates T helper subsets (Th9, Th2, Th17). High proliferation markers (MKI67, ASPM) suggest activation. This profile is characteristic of an activated CD4+ T cell in the airway.",0,1,YES,1
149152,ATGAGGAGAGGGATA_GRO-07_biopsy,T cell,"CD4-positive, alpha-beta T cell","CD4-positive, alpha-beta T cell",,0,1,YES,1
5408,CGTCCATAGTGAACAT_GRO-09_biopsy,T cell,"CD4-positive, alpha-beta T cell
The top expression of IL9, IL5, IL26, and IL17A indicates a CD4+ T helper cell subset (e.g., Th2, Th17, Th9) in a respiratory context, consistent with adaptive immune responses.","CD4-positive, alpha-beta T cell","The top expression of IL9, IL5, IL26, and IL17A indicates a CD4+ T helper cell subset (e.g., Th2, Th17, Th9) in a respiratory context, consistent with adaptive immune responses.",0,1,YES,1
126226,ACCGTAAAGTCACGCC_GRO-09_biopsy,T cell,"CD4-positive, alpha-beta T cell","CD4-positive, alpha-beta T cell",,0,1,YES,1
43805,TGCATACATATGGTC_GRO-09_biopsy,T cell,"CD4-positive, alpha-beta T cell
High expression of IL9, IL5, IL26, and IL17A indicates activated T helper subsets (Th2, Th9, Th17) characteristic of CD4+ T cells. Proliferation markers (MKI67, ASPM, etc.) further suggest an activated state, typical in respiratory airway inflammation.","CD4-positive, alpha-beta T cell","High expression of IL9, IL5, IL26, and IL17A indicates activated T helper subsets (Th2, Th9, Th17) characteristic of CD4+ T cells. Proliferation markers (MKI67, ASPM, etc.) further suggest an activated state, typical in respiratory airway inflammation.",0,1,YES,1
85629,P3_2_AAAGCAAGTAGGAGTC,T cell,"CD4-positive, alpha-beta T cell
High expression of IL9, IL5, IL26, and IL17A indicates a T-helper cell subset (Th2/Th9/Th17) in the respiratory airway, and proliferation markers (MKI67, ASPM) suggest an activated, cycling state. This profile is characteristic of CD4+ alpha-beta T cells.","CD4-positive, alpha-beta T cell","High expression of IL9, IL5, IL26, and IL17A indicates a T-helper cell subset (Th2/Th9/Th17) in the respiratory airway, and proliferation markers (MKI67, ASPM) suggest an activated, cycling state. This profile is characteristic of CD4+ alpha-beta T cells.",0,1,YES,1
44929,ACGTCGTACTCTCC_GRO-09_biopsy,T cell,"CD4-positive, alpha-beta T cell","CD4-positive, alpha-beta T cell",,0,1,YES,1
122483,CTAAGACCAGCTGTGC_GRO-09_biopsy,T cell,"CD4-positive, alpha-beta T cell
This cell expresses high levels of IL9, IL5, IL26, and IL17A, characteristic of Th2 and Th17 CD4+ T cells. Elevated proliferation markers (MKI67, ASPM) indicate activated, dividing T cells in the respiratory airway.","CD4-positive, alpha-beta T cell","This cell expresses high levels of IL9, IL5, IL26, and IL17A, characteristic of Th2 and Th17 CD4+ T cells. Elevated proliferation markers (MKI67, ASPM) indicate activated, dividing T cells in the respiratory airway.",0,1,YES,1
78725,AACTTGTTACTGAC_GRO-09_biopsy,T cell,"CD4-positive, alpha-beta T cell
This cell expresses high levels of IL9, IL5, IL26, and IL17A, characteristic of a Th2/Th17 helper T cell. The co-expression of proliferation markers (MKI67, ASPM) indicates an activated, proliferating CD4+ T cell in the respiratory airway.","CD4-positive, alpha-beta T cell","This cell expresses high levels of IL9, IL5, IL26, and IL17A, characteristic of a Th2/Th17 helper T cell. The co-expression of proliferation markers (MKI67, ASPM) indicates an activated, proliferating CD4+ T cell in the respiratory airway.",0,1,YES,1
142421,ACATGGTTCTCGGAC_GRO-09_biopsy,T cell,"CD4-positive, alpha-beta T cell
High expression of IL9, IL5, IL26, and IL17A indicates a Th2/Th17-like CD4+ T cell. Numerous proliferation markers (MKI67, ASPM, etc.) suggest activation and proliferation, consistent with an effector T cell response.","CD4-positive, alpha-beta T cell","High expression of IL9, IL5, IL26, and IL17A indicates a Th2/Th17-like CD4+ T cell. Numerous proliferation markers (MKI67, ASPM, etc.) suggest activation and proliferation, consistent with an effector T cell response.",0,1,YES,1
103611,ATGTGTGAGCGATCCC_GRO-09_biopsy,T cell,"CD4-positive, alpha-beta T cell
High expression of cytokines IL9, IL5, IL26, IL17A indicates T helper subsets (Th2/Th17). Proliferation markers (MKI67, ASPM) confirm active proliferation, typical of activated CD4+ T cells in respiratory airway.","CD4-positive, alpha-beta T cell","High expression of cytokines IL9, IL5, IL26, IL17A indicates T helper subsets (Th2/Th17). Proliferation markers (MKI67, ASPM) confirm active proliferation, typical of activated CD4+ T cells in respiratory airway.",0,1,YES,1
129929,CGATCGGTCTATGT_GRO-09_biopsy,T cell,"CD4-positive, alpha-beta T cell
The expression of IL9, IL5, IL26, and IL17A is characteristic of CD4+ T helper subsets (Th2, Th9, Th17), while high proliferation markers (MKI67, ASPM) indicate activation/proliferation in the airway context.","CD4-positive, alpha-beta T cell","The expression of IL9, IL5, IL26, and IL17A is characteristic of CD4+ T helper subsets (Th2, Th9, Th17), while high proliferation markers (MKI67, ASPM) indicate activation/proliferation in the airway context.",0,1,YES,1
52228,CGAGAAGAGACTAGAT_GRO-09_biopsy,T cell,"CD4-positive, alpha-beta T cell","CD4-positive, alpha-beta T cell",,0,1,YES,1
74196,ACGGCTCACCTGGT_GRO-09_biopsy,T cell,"CD4-positive, alpha-beta T cell

Expression of IL9, IL5, IL26, and IL17A indicates Th2/Th17 subsets, characteristic of activated CD4+ T cells. Proliferation markers (MKI67, ASPM) confirm cell cycling, typical in immune responses within the respiratory airway.","CD4-positive, alpha-beta T cell","Expression of IL9, IL5, IL26, and IL17A indicates Th2/Th17 subsets, characteristic of activated CD4+ T cells. Proliferation markers (MKI67, ASPM) confirm cell cycling, typical in immune responses within the respiratory airway.",0,1,YES,1
14073,CTCACACGTATCAGTC_GRO-09_biopsy,T cell,"CD4-positive, alpha-beta T cell
High expression of IL9, IL5, IL17A, and IL26 indicates a CD4+ T helper cell subset (Th9/Th2/Th17), while proliferation markers (MKI67, ASPM) confirm active division, typical of activated CD4+ T cells in respiratory immunity.","CD4-positive, alpha-beta T cell","High expression of IL9, IL5, IL17A, and IL26 indicates a CD4+ T helper cell subset (Th9/Th2/Th17), while proliferation markers (MKI67, ASPM) confirm active division, typical of activated CD4+ T cells in respiratory immunity.",0,1,YES,1
60338,D363_Brus_Dis1_GTGTTAGCATCTCCCA-1-26,T cell,"CD4-positive, alpha-beta T cell
High expression of IL9, IL5, IL26, and IL17A indicates a helper T cell phenotype, while proliferation markers (MKI67, ASPM) suggest an activated state. FUT7 supports lymphocyte homing to airway tissue.","CD4-positive, alpha-beta T cell","High expression of IL9, IL5, IL26, and IL17A indicates a helper T cell phenotype, while proliferation markers (MKI67, ASPM) suggest an activated state. FUT7 supports lymphocyte homing to airway tissue.",0,1,YES,1
131607,CGGTTAAAGACATAAC_GRO-09_biopsy,T cell,"CD4-positive, alpha-beta T cell

High expression of IL9, IL5, IL17A, and IL26 is characteristic of activated CD4+ T helper subsets (e.g., Th2, Th17, Th9). The proliferation markers (MKI67, ASPM, etc.) indicate active cell division, typical of effector T cells in respiratory airway inflammation. FUT7 supports lymphocyte homing.","CD4-positive, alpha-beta T cell","High expression of IL9, IL5, IL17A, and IL26 is characteristic of activated CD4+ T helper subsets (e.g., Th2, Th17, Th9). The proliferation markers (MKI67, ASPM, etc.) indicate active cell division, typical of effector T cells in respiratory airway inflammation. FUT7 supports lymphocyte homing.",0,1,YES,1
120129,CGCTATCAGATAGTCA_GRO-09_biopsy,T cell,"CD4-positive, alpha-beta T cell
Expression of IL9, IL5, IL26, and IL17A indicates a T helper cell (Th9/Th2/Th17). High proliferation markers (MKI67, etc.) suggest activated, proliferating T cells. This profile is characteristic of CD4+ T cells in respiratory airway inflammation.","CD4-positive, alpha-beta T cell","Expression of IL9, IL5, IL26, and IL17A indicates a T helper cell (Th9/Th2/Th17). High proliferation markers (MKI67, etc.) suggest activated, proliferating T cells. This profile is characteristic of CD4+ T cells in respiratory airway inflammation.",0,1,YES,1
164248,AAATGAAGAGGAC_GRO-09_biopsy,T cell,"CD4-positive, alpha-beta T cell
High expression of IL9, IL5, IL17A, and IL26 indicates a T helper cell producing these cytokines, with proliferation markers (MKI67, ASPM) confirming activation. This profile is characteristic of an activated CD4+ αβ T cell in the respiratory airway.","CD4-positive, alpha-beta T cell","High expression of IL9, IL5, IL17A, and IL26 indicates a T helper cell producing these cytokines, with proliferation markers (MKI67, ASPM) confirming activation. This profile is characteristic of an activated CD4+ αβ T cell in the respiratory airway.",0,1,YES,1
116689,D339_Biop_Pro1_GGTATTGGTCTTCAAG-1-8,acinar cell,"tracheobronchial serous cell
High expression of antimicrobial proteins (LTF, AZGP1, BPIFA1, PI3, DMBT1, TCN1) and secretory genes (MUC7, FDCSP, STATH) is characteristic of serous cells in airway submucosal glands.",tracheobronchial serous cell,"High expression of antimicrobial proteins (LTF, AZGP1, BPIFA1, PI3, DMBT1, TCN1) and secretory genes (MUC7, FDCSP, STATH) is characteristic of serous cells in airway submucosal glands.",0,0,NO,0
125218,CGTGTCTCACCAGGTC_T85,acinar cell,"tracheobronchial serous cell
High expression of serous gland markers (BPIFA1, LTF, DMBT1, AZGP1) along with FDCSP, STATH, and MUC7 indicates a tracheobronchial serous cell, which secretes antimicrobial proteins and mucins in the airway submucosal glands.",tracheobronchial serous cell,"High expression of serous gland markers (BPIFA1, LTF, DMBT1, AZGP1) along with FDCSP, STATH, and MUC7 indicates a tracheobronchial serous cell, which secretes antimicrobial proteins and mucins in the airway submucosal glands.",0,0,NO,0
14311,AACAGGGCATCCTGTC_T165,acinar cell,"tracheobronchial serous cell
This profile shows high expression of MUC7 (mucin 7), STATH, LTF, BPIFA1, AZGP1, and PI3, which are characteristic of serous cells in submucosal glands of the airways. These cells produce antimicrobial and protective secretions, distinguishing them from goblet cells that primarily secrete gel-forming mucins.",tracheobronchial serous cell,"This profile shows high expression of MUC7 (mucin 7), STATH, LTF, BPIFA1, AZGP1, and PI3, which are characteristic of serous cells in submucosal glands of the airways. These cells produce antimicrobial and protective secretions, distinguishing them from goblet cells that primarily secrete gel-forming mucins.",0,0,NO,0
44548,GAGACCCCAAGCGGAT_T166,acinar cell,"Tracheobronchial serous cell

High expression of MUC7, STATH, LTF, AZGP1, BPIFA1, and DMBT1 indicates a serous secretory phenotype in airway submucosal glands, producing antimicrobial and protective proteins.",Tracheobronchial serous cell,"High expression of MUC7, STATH, LTF, AZGP1, BPIFA1, and DMBT1 indicates a serous secretory phenotype in airway submucosal glands, producing antimicrobial and protective proteins.",0,0,NO,0
129867,CTACACCTCTCAACTT_GRO-04_biopsy,acinar cell,"tracheobronchial goblet cell

High expression of MUC7, BPIFA1, DMBT1, LTF, and AZGP1 indicates a mucus-secreting cell with antimicrobial properties, consistent with a tracheobronchial goblet cell in the respiratory airway.",tracheobronchial goblet cell,"High expression of MUC7, BPIFA1, DMBT1, LTF, and AZGP1 indicates a mucus-secreting cell with antimicrobial properties, consistent with a tracheobronchial goblet cell in the respiratory airway.",0,0,NO,0
43663,AGCCAGCAGATAGGGA_T167,acinar cell,"tracheobronchial serous cell

High expression of FDCSP, STATH, MUC7, DMBT1, LTF, AZGP1, and BPIFA1 is characteristic of serous cells in submucosal glands of the respiratory airway, which produce antimicrobial and fluid secretions.",tracheobronchial serous cell,"High expression of FDCSP, STATH, MUC7, DMBT1, LTF, AZGP1, and BPIFA1 is characteristic of serous cells in submucosal glands of the respiratory airway, which produce antimicrobial and fluid secretions.",0,0,NO,0
166339,ACTACGAGTGATTCAC_SC88,acinar cell,"tracheobronchial serous cell

High expression of MUC7, STATH, LTF, AZGP1, and BPIFA1 is characteristic of serous cells in airway submucosal glands. These cells secrete antimicrobial proteins and mucins, distinguishing them from goblet cells which produce MUC5AC/MUC5B.",tracheobronchial serous cell,"High expression of MUC7, STATH, LTF, AZGP1, and BPIFA1 is characteristic of serous cells in airway submucosal glands. These cells secrete antimicrobial proteins and mucins, distinguishing them from goblet cells which produce MUC5AC/MUC5B.",0,0,NO,0
163945,ATTACTCTCGTAGCTA_SC88,acinar cell,"tracheobronchial serous cell
High expression of antimicrobial proteins (LTF, AZGP1, BPIFA1), mucin MUC7, and secretory factors (STATH, DMBT1) consistent with serous cells of airway submucosal glands.",tracheobronchial serous cell,"High expression of antimicrobial proteins (LTF, AZGP1, BPIFA1), mucin MUC7, and secretory factors (STATH, DMBT1) consistent with serous cells of airway submucosal glands.",0,0,NO,0
45093,GCATGCGAGCTCCTTC_T85,acinar cell,"tracheobronchial serous cell

Expression of serous cell markers (LTF, AZGP1, BPIFA1, DMBT1) combined with mucin MUC7 and salivary proteins (STATH, FDCSP) points to serous cells of submucosal glands in the respiratory airway, which secrete antimicrobials and fluid.",tracheobronchial serous cell,"Expression of serous cell markers (LTF, AZGP1, BPIFA1, DMBT1) combined with mucin MUC7 and salivary proteins (STATH, FDCSP) points to serous cells of submucosal glands in the respiratory airway, which secrete antimicrobials and fluid.",0,0,NO,0
57020,GACTGATGTACCACGC_SC88,acinar cell,"tracheobronchial serous cell

The top genes (MUC7, STATH, LTF, BPIFA1, AZGP1, DMBT1) are characteristic of serous cells in submucosal glands of the respiratory tract, which produce antimicrobial and lubricating secretions.",tracheobronchial serous cell,"The top genes (MUC7, STATH, LTF, BPIFA1, AZGP1, DMBT1) are characteristic of serous cells in submucosal glands of the respiratory tract, which produce antimicrobial and lubricating secretions.",0,0,NO,0
121678,ATGGAGGAGCGGCTCT_SC88,acinar cell,"tracheobronchial serous cell

The high expression of MUC7, STATH, LTF, AZGP1, PI3, and BPIFA1 indicates a serous secretory phenotype typical of submucosal glands in the airway. These genes encode mucins, antimicrobial peptides, and protease inhibitors, consistent with tracheobronchial serous cells.",tracheobronchial serous cell,"The high expression of MUC7, STATH, LTF, AZGP1, PI3, and BPIFA1 indicates a serous secretory phenotype typical of submucosal glands in the airway. These genes encode mucins, antimicrobial peptides, and protease inhibitors, consistent with tracheobronchial serous cells.",0,0,NO,0
19490,GAGTGTTCAATGAGCG_SC88,acinar cell,"tracheobronchial serous cell

High expression of STATH, MUC7, LTF, AZGP1, PI3, and BPIFA1 is characteristic of serous cells in submucosal glands of the airways, which secrete antimicrobial and protective proteins.",tracheobronchial serous cell,"High expression of STATH, MUC7, LTF, AZGP1, PI3, and BPIFA1 is characteristic of serous cells in submucosal glands of the airways, which secrete antimicrobial and protective proteins.",0,0,NO,0
76981,GACACGCCATCTTCGC_T90,acinar cell,"tracheobronchial serous cell
High expression of serous gland markers (MUC7, STATH, LTF, DMBT1, AZGP1, BPIFA1) is characteristic of tracheobronchial submucosal serous cells, which produce antimicrobial proteins and mucins for airway secretion.",tracheobronchial serous cell,"High expression of serous gland markers (MUC7, STATH, LTF, DMBT1, AZGP1, BPIFA1) is characteristic of tracheobronchial submucosal serous cells, which produce antimicrobial proteins and mucins for airway secretion.",0,0,NO,0
154454,GTCAGCGCATGACACT_SC88,acinar cell,"tracheobronchial serous cell

High expression of FDCSP, STATH, MUC7, LTF, AZGP1, and BPIFA1 indicates a serous secretory cell producing antimicrobial and protective factors in the airway submucosal glands.",tracheobronchial serous cell,"High expression of FDCSP, STATH, MUC7, LTF, AZGP1, and BPIFA1 indicates a serous secretory cell producing antimicrobial and protective factors in the airway submucosal glands.",0,0,NO,0
134813,CGTAGGCTCTCTGTCG_T85,acinar cell,"tracheobronchial serous cell
High expression of serous cell markers (STATH, LTF, AZGP1, PI3, DMBT1, BPIFA1) and MUC7, characteristic of submucosal gland serous cells in the respiratory airway.",tracheobronchial serous cell,"High expression of serous cell markers (STATH, LTF, AZGP1, PI3, DMBT1, BPIFA1) and MUC7, characteristic of submucosal gland serous cells in the respiratory airway.",0,0,NO,0
133097,D339_Biop_Pro1_CAGAATCGTGTCCTCT-1-8,acinar cell,"tracheobronchial serous cell

This profile shows high expression of MUC7, STATH, LTF, AZGP1, BPIFA1, and DMBT1, which are characteristic of serous secreting cells in the airway submucosal glands, producing antimicrobial and protective proteins.",tracheobronchial serous cell,"This profile shows high expression of MUC7, STATH, LTF, AZGP1, BPIFA1, and DMBT1, which are characteristic of serous secreting cells in the airway submucosal glands, producing antimicrobial and protective proteins.",0,0,NO,0
83266,ATAGAGAAGTCGCTAT_T167,acinar cell,"tracheobronchial serous cell
The top genes include known serous cell markers (LTF, AZGP1, BPIFA1, DMBT1, PI3) and MUC7, which are characteristic of submucosal gland serous cells in the respiratory airway.",tracheobronchial serous cell,"The top genes include known serous cell markers (LTF, AZGP1, BPIFA1, DMBT1, PI3) and MUC7, which are characteristic of submucosal gland serous cells in the respiratory airway.",0,0,NO,0
76396,GTAAGTCTCTAACGGT_T164,acinar cell,"tracheobronchial serous cell
High expression of STATH, DMBT1, LTF, AZGP1, BPIFA1, and MUC7 indicates a serous secretory phenotype in the respiratory submucosal glands, consistent with tracheobronchial serous cells.",tracheobronchial serous cell,"High expression of STATH, DMBT1, LTF, AZGP1, BPIFA1, and MUC7 indicates a serous secretory phenotype in the respiratory submucosal glands, consistent with tracheobronchial serous cells.",0,0,NO,0
57436,TTTGTCATCGATCCCT_GRO-09_biopsy,acinar cell,"serous secreting cell

The top genes include FDCSP, STATH, MUC7, LTF, and AZGP1, which are characteristic of serous gland secretions in the respiratory airway, producing antimicrobial proteins and mucins.",serous secreting cell,"The top genes include FDCSP, STATH, MUC7, LTF, and AZGP1, which are characteristic of serous gland secretions in the respiratory airway, producing antimicrobial proteins and mucins.",0,0,YES,1
61883,ACATCAGAGGCAAAGA_GRO-08_biopsy,acinar cell,"tracheobronchial serous cell

The expression of MUC7, BPIFA1, LTF, AZGP1, and STATH indicates a secretory serous phenotype. These genes are characteristic of submucosal gland serous cells in the airway, producing antimicrobial and protective proteins.",tracheobronchial serous cell,"The expression of MUC7, BPIFA1, LTF, AZGP1, and STATH indicates a secretory serous phenotype. These genes are characteristic of submucosal gland serous cells in the airway, producing antimicrobial and protective proteins.",0,0,NO,0
137482,P2_8_CTGCTGTTCCAAACAC,alveolar adventitial fibroblast,"alveolar adventitial fibroblast

These genes (PRG4, PLA2G2A, MFAP5, COL3A1, FBN1, HAS1, OGN, SFRP2/4, CD248, PI16) are hallmarks of lung fibroblasts, particularly those of the adventitia. Their expression indicates a mesenchymal cell specialized in extracellular matrix production and remodeling, fitting the alveolar adventitial fibroblast identity.",alveolar adventitial fibroblast,"These genes (PRG4, PLA2G2A, MFAP5, COL3A1, FBN1, HAS1, OGN, SFRP2/4, CD248, PI16) are hallmarks of lung fibroblasts, particularly those of the adventitia. Their expression indicates a mesenchymal cell specialized in extracellular matrix production and remodeling, fitting the alveolar adventitial fibroblast identity.",1,1,YES,1
57690,TCCATCGGTAGTGATA_SC89,alveolar adventitial fibroblast,"Bronchus fibroblast of lung

The top expressed genes (PRG4, MFAP5, COL3A1, FBN1, OGN, SFRP2, SFRP4) are characteristic of fibroblasts, particularly in airway connective tissue. These markers indicate extracellular matrix production and fibroblast identity, consistent with bronchus fibroblasts in the lung.",Bronchus fibroblast of lung,"The top expressed genes (PRG4, MFAP5, COL3A1, FBN1, OGN, SFRP2, SFRP4) are characteristic of fibroblasts, particularly in airway connective tissue. These markers indicate extracellular matrix production and fibroblast identity, consistent with bronchus fibroblasts in the lung.",0,1,NO,0
81406,CGTGTCTAGTATAACG_SC89,alveolar adventitial fibroblast,"alveolar adventitial fibroblast
The expression profile is dominated by extracellular matrix genes (COL3A1, FBN1, OGN, MFAP5) and fibroblast markers (PRG4, PDGFRL, PI16, CD248, SCARA5), consistent with alveolar adventitial fibroblasts that support airway structure.",alveolar adventitial fibroblast,"The expression profile is dominated by extracellular matrix genes (COL3A1, FBN1, OGN, MFAP5) and fibroblast markers (PRG4, PDGFRL, PI16, CD248, SCARA5), consistent with alveolar adventitial fibroblasts that support airway structure.",1,1,YES,1
35467,GGATCTATCGTGTGGC_SC88,alveolar adventitial fibroblast,"alveolar adventitial fibroblast
Top genes include PRG4, MFAP5, COL3A1, FBN1, and other extracellular matrix components, which are characteristic of fibroblasts. The absence of epithelial, immune, or smooth muscle markers supports identification as an alveolar adventitial fibroblast in the respiratory airway.",alveolar adventitial fibroblast,"Top genes include PRG4, MFAP5, COL3A1, FBN1, and other extracellular matrix components, which are characteristic of fibroblasts. The absence of epithelial, immune, or smooth muscle markers supports identification as an alveolar adventitial fibroblast in the respiratory airway.",1,1,YES,1
26166,TGATGGTAGTAGGATT_SC89,alveolar adventitial fibroblast,"bronchus fibroblast of lung

The top genes (PRG4, MFAP5, COL3A1, FBN1, SFRP2, PI16, CD248, SCARA5) are hallmark markers of fibroblasts and extracellular matrix production. This profile is highly specific to bronchus fibroblasts in the airway, consistent with their role in structural support and matrix remodeling.",bronchus fibroblast of lung,"The top genes (PRG4, MFAP5, COL3A1, FBN1, SFRP2, PI16, CD248, SCARA5) are hallmark markers of fibroblasts and extracellular matrix production. This profile is highly specific to bronchus fibroblasts in the airway, consistent with their role in structural support and matrix remodeling.",0,1,NO,0
98251,GCGATCGTCCTATTTG_SC89,alveolar adventitial fibroblast,"alveolar adventitial fibroblast
High expression of extracellular matrix genes (COL3A1, FBN1, MFAP5, OGN) and fibroblast markers (CD248, PDGFRL, SFRP2, PI16) indicates a fibroblast type. In the respiratory airway, this signature is characteristic of alveolar adventitial fibroblasts.",alveolar adventitial fibroblast,"High expression of extracellular matrix genes (COL3A1, FBN1, MFAP5, OGN) and fibroblast markers (CD248, PDGFRL, SFRP2, PI16) indicates a fibroblast type. In the respiratory airway, this signature is characteristic of alveolar adventitial fibroblasts.",1,1,YES,1
83455,P2_8_CTCTACGGTAAGGGCT,alveolar adventitial fibroblast,"bronchus fibroblast of lung

The top genes (PRG4, COL3A1, FBN1, MFAP5, OGN, ADAMTS5, HAS1) are characteristic of extracellular matrix-producing fibroblasts. In the respiratory airway context, these markers strongly indicate a bronchus fibroblast of lung identity.",bronchus fibroblast of lung,"The top genes (PRG4, COL3A1, FBN1, MFAP5, OGN, ADAMTS5, HAS1) are characteristic of extracellular matrix-producing fibroblasts. In the respiratory airway context, these markers strongly indicate a bronchus fibroblast of lung identity.",0,1,NO,0
61644,CATCGCTCATAAGATG_SC89,alveolar adventitial fibroblast,"bronchus fibroblast of lung

The top expressed genes include many extracellular matrix components and fibroblast markers (e.g., MFAP5, COL3A1, FBN1, OGN, CD248, CCN5, SFRP2/4, PI16, PRG4). This profile is characteristic of lung fibroblasts, specifically bronchus fibroblasts from the respiratory airway.",bronchus fibroblast of lung,"The top expressed genes include many extracellular matrix components and fibroblast markers (e.g., MFAP5, COL3A1, FBN1, OGN, CD248, CCN5, SFRP2/4, PI16, PRG4). This profile is characteristic of lung fibroblasts, specifically bronchus fibroblasts from the respiratory airway.",0,1,NO,0
104607,ATTTCTGAGCCCAACC_GRO-04_biopsy,alveolar adventitial fibroblast,"alveolar adventitial fibroblast
This expression profile (PRG4, COL3A1, FBN1, MFAP5, SFRP2, SCARA5, CD248) is typical of lung fibroblasts, especially the adventitial subtype, which secretes extracellular matrix components and regulatory factors in the airway.",alveolar adventitial fibroblast,"This expression profile (PRG4, COL3A1, FBN1, MFAP5, SFRP2, SCARA5, CD248) is typical of lung fibroblasts, especially the adventitial subtype, which secretes extracellular matrix components and regulatory factors in the airway.",1,1,YES,1
110993,ACCCAAAAGGAAGAAC_SC89,alveolar adventitial fibroblast,"alveolar adventitial fibroblast

The top expressed genes (PRG4, COL3A1, FBN1, MFAP5, OGN, ADAMTS5, SFRP2/4) are hallmark extracellular matrix and secretory proteins of lung fibroblasts, particularly adventitial fibroblasts. The absence of epithelial, immune, or smooth muscle markers further supports this identity.",alveolar adventitial fibroblast,"The top expressed genes (PRG4, COL3A1, FBN1, MFAP5, OGN, ADAMTS5, SFRP2/4) are hallmark extracellular matrix and secretory proteins of lung fibroblasts, particularly adventitial fibroblasts. The absence of epithelial, immune, or smooth muscle markers further supports this identity.",1,1,YES,1
106207,TTCCTCTTCACATCAG_SC89,alveolar adventitial fibroblast,"bronchus fibroblast of lung
The expression profile features extracellular matrix and fibroblast markers (COL3A1, FBN1, MFAP5, CD248, PI16, PRG4, ADAMTS5, PTGIS, SFRP4) consistent with bronchus fibroblasts, not smooth muscle or epithelial cells.",bronchus fibroblast of lung,"The expression profile features extracellular matrix and fibroblast markers (COL3A1, FBN1, MFAP5, CD248, PI16, PRG4, ADAMTS5, PTGIS, SFRP4) consistent with bronchus fibroblasts, not smooth muscle or epithelial cells.",0,1,NO,0
74258,TCTTTCCAGCCGTCGT_GRO-09_biopsy,alveolar adventitial fibroblast,"alveolar adventitial fibroblast

The expression profile features high levels of matrix-associated genes (e.g., MFAP5, COL3A1, FBN1, OGN), secreted factors (SFRP2/4, PRG4), and adventitial fibroblast markers such as PI16, CD248, and SCARA5. This pattern is characteristic of an alveolar adventitial fibroblast in the respiratory airway.",alveolar adventitial fibroblast,"The expression profile features high levels of matrix-associated genes (e.g., MFAP5, COL3A1, FBN1, OGN), secreted factors (SFRP2/4, PRG4), and adventitial fibroblast markers such as PI16, CD248, and SCARA5. This pattern is characteristic of an alveolar adventitial fibroblast in the respiratory airway.",1,1,YES,1
7877,TACTTTTCGGTGTC_GRO-02_biopsy,alveolar adventitial fibroblast,"bronchus fibroblast of lung

High expression of PRG4 (lubricin), COL3A1, FBN1, and other extracellular matrix genes such as MFAP5, OGN, and SCARA5 is characteristic of bronchial fibroblasts in the respiratory airway. These markers distinguish this cell type from alveolar fibroblasts and other stromal cells.",bronchus fibroblast of lung,"High expression of PRG4 (lubricin), COL3A1, FBN1, and other extracellular matrix genes such as MFAP5, OGN, and SCARA5 is characteristic of bronchial fibroblasts in the respiratory airway. These markers distinguish this cell type from alveolar fibroblasts and other stromal cells.",0,1,NO,0
15712,GGGTCTGAGAACAAGG_SC89,alveolar adventitial fibroblast,"bronchus fibroblast of lung
The top genes (PRG4, MFAP5, COL3A1, FBN1, OGN, SFRP2, PDGFRL, PI16, SCARA5, CD248) are classic fibroblast and extracellular matrix markers. This expression pattern matches bronchus fibroblasts of the lung, which produce and remodel connective tissue in the airway.",bronchus fibroblast of lung,"The top genes (PRG4, MFAP5, COL3A1, FBN1, OGN, SFRP2, PDGFRL, PI16, SCARA5, CD248) are classic fibroblast and extracellular matrix markers. This expression pattern matches bronchus fibroblasts of the lung, which produce and remodel connective tissue in the airway.",0,1,NO,0
17284,P3_4_CATATTCGTGTAAGTA,alveolar adventitial fibroblast,"alveolar adventitial fibroblast
The top genes include extracellular matrix components (COL3A1, FBN1, MFAP5, OGN) and fibroblast markers (PDGFRL, PI16, CD248), with PRG4 being a hallmark of adventitial fibroblasts in the lung, indicating this cell type.",alveolar adventitial fibroblast,"The top genes include extracellular matrix components (COL3A1, FBN1, MFAP5, OGN) and fibroblast markers (PDGFRL, PI16, CD248), with PRG4 being a hallmark of adventitial fibroblasts in the lung, indicating this cell type.",1,1,YES,1
36287,ATGGTTGTCTGTCGTC_SC89,alveolar adventitial fibroblast,"alveolar adventitial fibroblast

This expression profile includes high levels of extracellular matrix genes (COL3A1, FBN1), proteoglycans (OGN, PRG4, MFAP5), and pericyte/fibroblast markers (CD248, PDGFRL, PI16, SCARA5, HAS1, ADAMTS5, SFRP2/4, PTGIS), which are all characteristic of adventitial fibroblasts surrounding airways and vessels in the lung.",alveolar adventitial fibroblast,"This expression profile includes high levels of extracellular matrix genes (COL3A1, FBN1), proteoglycans (OGN, PRG4, MFAP5), and pericyte/fibroblast markers (CD248, PDGFRL, PI16, SCARA5, HAS1, ADAMTS5, SFRP2/4, PTGIS), which are all characteristic of adventitial fibroblasts surrounding airways and vessels in the lung.",1,1,YES,1
120500,CGATGCGGTGAGTGAC_SC89,alveolar adventitial fibroblast,"alveolar adventitial fibroblast
This expression profile is characteristic of lung fibroblasts, with high levels of extracellular matrix genes (COL3A1, FBN1, OGN, MFAP5) and fibroblast markers (PDGFRL, PI16, SFRP2/4, CD248, SCARA5). PRG4 and PLA2G2A are also expressed in certain fibroblasts. Given the respiratory airway context, alveolar adventitial fibroblast is the most specific match.",alveolar adventitial fibroblast,"This expression profile is characteristic of lung fibroblasts, with high levels of extracellular matrix genes (COL3A1, FBN1, OGN, MFAP5) and fibroblast markers (PDGFRL, PI16, SFRP2/4, CD248, SCARA5). PRG4 and PLA2G2A are also expressed in certain fibroblasts. Given the respiratory airway context, alveolar adventitial fibroblast is the most specific match.",1,1,YES,1
131120,CCACCTACAGGCTGAA_GRO-09_biopsy,alveolar adventitial fibroblast,"alveolar adventitial fibroblast
The expression profile shows high levels of extracellular matrix and fibroblast markers (PRG4, COL3A1, MFAP5, FBN1, OGN, SFRP2/4, SCARA5), which is characteristic of alveolar adventitial fibroblasts in the respiratory airway.",alveolar adventitial fibroblast,"The expression profile shows high levels of extracellular matrix and fibroblast markers (PRG4, COL3A1, MFAP5, FBN1, OGN, SFRP2/4, SCARA5), which is characteristic of alveolar adventitial fibroblasts in the respiratory airway.",1,1,YES,1
111996,P3_4_GTCACGGCAATCCAAC,alveolar adventitial fibroblast,"alveolar adventitial fibroblast

The expression profile features high levels of fibroblast markers such as PI16, MFAP5, COL3A1, FBN1, SFRP2, CD248, and PRG4. PI16 is a specific marker for lung adventitial fibroblasts, and the abundance of extracellular matrix genes confirms a fibroblast identity in the respiratory airway context.",alveolar adventitial fibroblast,"The expression profile features high levels of fibroblast markers such as PI16, MFAP5, COL3A1, FBN1, SFRP2, CD248, and PRG4. PI16 is a specific marker for lung adventitial fibroblasts, and the abundance of extracellular matrix genes confirms a fibroblast identity in the respiratory airway context.",1,1,YES,1
73439,P3_4_ATGGGAGGTGTTCTTT,alveolar adventitial fibroblast,"alveolar adventitial fibroblast
This expression profile, with top markers PRG4, PLA2G2A, MFAP5, COL3A1, FBN1, and PI16, is characteristic of matrix-producing fibroblasts. PRG4 and PI16 are specific to adventitial fibroblast subsets in the lung, distinct from other stromal cells.",alveolar adventitial fibroblast,"This expression profile, with top markers PRG4, PLA2G2A, MFAP5, COL3A1, FBN1, and PI16, is characteristic of matrix-producing fibroblasts. PRG4 and PI16 are specific to adventitial fibroblast subsets in the lung, distinct from other stromal cells.",1,1,YES,1
11854,D363_Brus_Dis1_CGCTGGAGTTCGTGAT-1-26,alveolar macrophage,"alveolar macrophage

Highly expressed genes (CCL18, MARCO, MSR1, APOE, C1Q complex, MRC1) are classic markers of alveolar macrophages in the respiratory airway, involved in immune regulation and lipid metabolism.",alveolar macrophage,"Highly expressed genes (CCL18, MARCO, MSR1, APOE, C1Q complex, MRC1) are classic markers of alveolar macrophages in the respiratory airway, involved in immune regulation and lipid metabolism.",1,1,YES,1
165003,P2_8_GTGAAGGTCTCGCTTG,alveolar macrophage,"alveolar macrophage
High expression of MARCO, MSR1, MRC1, C1Q, APOE, CCL18, and TREM1 is characteristic of alveolar macrophages in the respiratory airway.",alveolar macrophage,"High expression of MARCO, MSR1, MRC1, C1Q, APOE, CCL18, and TREM1 is characteristic of alveolar macrophages in the respiratory airway.",1,1,YES,1
75552,P3_3_CAGCCGAAGGAATTAC,alveolar macrophage,"alveolar macrophage
High expression of macrophage markers (MARCO, MSR1, MRC1, CCL18, C1Q, APOE, TREM1) and lipid-associated genes (FABP4, APOC1) is characteristic of alveolar macrophages in the respiratory airway.",alveolar macrophage,"High expression of macrophage markers (MARCO, MSR1, MRC1, CCL18, C1Q, APOE, TREM1) and lipid-associated genes (FABP4, APOC1) is characteristic of alveolar macrophages in the respiratory airway.",1,1,YES,1
45847,D353_Brus_Dis1_TGGCTGGCATGAACCT-1-19,alveolar macrophage,"alveolar macrophage

The top genes include CCL18, MARCO, MSR1, MRC1, C1Q subunits, APOE, and VSIG4, which are classic markers of alveolar macrophages, the primary resident immune cells in the respiratory airway.",alveolar macrophage,"The top genes include CCL18, MARCO, MSR1, MRC1, C1Q subunits, APOE, and VSIG4, which are classic markers of alveolar macrophages, the primary resident immune cells in the respiratory airway.",1,1,YES,1
93670,P2_8_CACACTCCACGAGAGT,alveolar macrophage,"alveolar macrophage

The gene expression profile (CCL18, FABP4, MARCO, MSR1, APOE, MRC1, C1Q components, TREM1) is characteristic of alveolar macrophages in the respiratory airway. These markers indicate scavenger receptor activity, alternative activation, and innate immune functions specific to lung-resident macrophages.",alveolar macrophage,"The gene expression profile (CCL18, FABP4, MARCO, MSR1, APOE, MRC1, C1Q components, TREM1) is characteristic of alveolar macrophages in the respiratory airway. These markers indicate scavenger receptor activity, alternative activation, and innate immune functions specific to lung-resident macrophages.",1,1,YES,1
80149,P2_4_CGGACTGCAGATCGGA,alveolar macrophage,"alveolar macrophage
This expression profile is characteristic of alveolar macrophages, featuring high levels of MARCO, MSR1, MRC1, CCL18, APOE, and complement C1Q components, typical of lung-resident macrophages involved in immune surveillance and lipid metabolism.",alveolar macrophage,"This expression profile is characteristic of alveolar macrophages, featuring high levels of MARCO, MSR1, MRC1, CCL18, APOE, and complement C1Q components, typical of lung-resident macrophages involved in immune surveillance and lipid metabolism.",1,1,YES,1
82797,D363_Brus_Dis1_CGTGTAAAGCCACGCT-1-26,alveolar macrophage,"alveolar macrophage
The top genes (CCL18, MARCO, MSR1, MRC1, C1Q components, APOE, TREM1) are canonical markers of alveolar macrophages, the resident immune cells in the airway that clear debris and pathogens.",alveolar macrophage,"The top genes (CCL18, MARCO, MSR1, MRC1, C1Q components, APOE, TREM1) are canonical markers of alveolar macrophages, the resident immune cells in the airway that clear debris and pathogens.",1,1,YES,1
71794,D326_Brus_Dis1_TACCTATAGACTCGGA-1-5,alveolar macrophage,"alveolar macrophage
The top expressed genes (MARCO, MSR1, MRC1, CCL18, APOE, C1Q components, TREM1) are canonical markers of alveolar macrophages, which are tissue-resident macrophages in the respiratory airway that express scavenger receptors and complement components.",alveolar macrophage,"The top expressed genes (MARCO, MSR1, MRC1, CCL18, APOE, C1Q components, TREM1) are canonical markers of alveolar macrophages, which are tissue-resident macrophages in the respiratory airway that express scavenger receptors and complement components.",1,1,YES,1
161658,P2_8_GTCACGGTCTTTACGT,alveolar macrophage,"Alveolar macrophage

The expression profile shows high levels of macrophage-associated markers including MARCO, MSR1, MRC1, C1Q components, CCL18, APOE, and TREM1, which are characteristic of alveolar macrophages in the respiratory airway. These genes are not typically enriched in other cell types on the list.",Alveolar macrophage,"The expression profile shows high levels of macrophage-associated markers including MARCO, MSR1, MRC1, C1Q components, CCL18, APOE, and TREM1, which are characteristic of alveolar macrophages in the respiratory airway. These genes are not typically enriched in other cell types on the list.",1,1,YES,1
83773,P2_8_GAGTCCGTCCAACCAA,alveolar macrophage,"alveolar macrophage
High expression of macrophage markers (CCL18, MARCO, MSR1, MRC1, C1Q, APOE, TREM1) and lipid-associated genes (FABP4, APOC1) indicates alveolar macrophages, which are resident immune cells in the respiratory airway.",alveolar macrophage,"High expression of macrophage markers (CCL18, MARCO, MSR1, MRC1, C1Q, APOE, TREM1) and lipid-associated genes (FABP4, APOC1) indicates alveolar macrophages, which are resident immune cells in the respiratory airway.",1,1,YES,1
28695,D363_Brus_Dis1_ATAACGCAGATGTTAG-1-26,alveolar macrophage,"alveolar macrophage
Expression of CCL18, MARCO, MSR1, MRC1, C1Q components, APOE, and TREM1 is characteristic of alveolar macrophages, which are resident macrophages in the airway that express scavenger receptors and complement components.",alveolar macrophage,"Expression of CCL18, MARCO, MSR1, MRC1, C1Q components, APOE, and TREM1 is characteristic of alveolar macrophages, which are resident macrophages in the airway that express scavenger receptors and complement components.",1,1,YES,1
139995,D372_Brus_Dis1_TGCGTGGGTCGCGGTT-1-35,alveolar macrophage,"alveolar macrophage

The expression profile shows high levels of macrophage markers (MARCO, MSR1, MRC1, C1Q, APOE, CCL18) and antimicrobial peptides (CAMP), which are characteristic of alveolar macrophages in the respiratory airway.",alveolar macrophage,"The expression profile shows high levels of macrophage markers (MARCO, MSR1, MRC1, C1Q, APOE, CCL18) and antimicrobial peptides (CAMP), which are characteristic of alveolar macrophages in the respiratory airway.",1,1,YES,1
81593,D367_Brus_Dis1_TCTATTGCAGACTCGC-1-30,alveolar macrophage,"alveolar macrophage
High expression of MARCO, MRC1, CCL18, APOE, C1Q components, and FABP4 is characteristic of alveolar macrophages. These cells are tissue-resident macrophages in the respiratory airway responsible for surfactant clearance and immune surveillance.",alveolar macrophage,"High expression of MARCO, MRC1, CCL18, APOE, C1Q components, and FABP4 is characteristic of alveolar macrophages. These cells are tissue-resident macrophages in the respiratory airway responsible for surfactant clearance and immune surveillance.",1,1,YES,1
165221,D363_Brus_Dis1_ACGGCCAAGCCGATTT-1-26,alveolar macrophage,"alveolar macrophage
High expression of macrophage markers (MARCO, MSR1, MRC1, APOE, C1Q, TREM1, CCL18) and lipid metabolism genes (FABP4, APOC1) consistent with alveolar macrophages in respiratory tissue.",alveolar macrophage,"High expression of macrophage markers (MARCO, MSR1, MRC1, APOE, C1Q, TREM1, CCL18) and lipid metabolism genes (FABP4, APOC1) consistent with alveolar macrophages in respiratory tissue.",1,1,YES,1
135712,P2_8_GATCAGTTCTCAAACG,alveolar macrophage,"alveolar macrophage
The top markers (CCL18, MARCO, MRC1, APOE, C1Q, VSIG4) are highly characteristic of alveolar macrophages, which are tissue-resident macrophages in the respiratory tract.",alveolar macrophage,"The top markers (CCL18, MARCO, MRC1, APOE, C1Q, VSIG4) are highly characteristic of alveolar macrophages, which are tissue-resident macrophages in the respiratory tract.",1,1,YES,1
47294,P2_8_GCACATAGTTCGGCAC,alveolar macrophage,"alveolar macrophage
High expression of MARCO, MSR1, MRC1, C1Q, VSIG4, TREM1, APOE, and CCL18 is characteristic of alveolar macrophages in the respiratory tract. These genes define tissue-resident lung macrophage identity and function.",alveolar macrophage,"High expression of MARCO, MSR1, MRC1, C1Q, VSIG4, TREM1, APOE, and CCL18 is characteristic of alveolar macrophages in the respiratory tract. These genes define tissue-resident lung macrophage identity and function.",1,1,YES,1
98699,D363_Brus_Dis1_CCTATTACACGAAAGC-1-26,alveolar macrophage,"alveolar macrophage
The top genes include canonical alveolar macrophage markers: MARCO, MSR1, MRC1, C1Q subunits, APOE, CCL18, and FABP4. These are highly characteristic of alveolar macrophages in the respiratory airway.",alveolar macrophage,"The top genes include canonical alveolar macrophage markers: MARCO, MSR1, MRC1, C1Q subunits, APOE, CCL18, and FABP4. These are highly characteristic of alveolar macrophages in the respiratory airway.",1,1,YES,1
115668,P3_3_CTCACACTCTCGAGTA,alveolar macrophage,"alveolar macrophage
The expression profile features macrophage markers (MARCO, MSR1, MRC1, C1Q, APOE, CCL18, FABP4) and lacks epithelial, T cell, or B cell markers, consistent with alveolar macrophages in the respiratory airway.",alveolar macrophage,"The expression profile features macrophage markers (MARCO, MSR1, MRC1, C1Q, APOE, CCL18, FABP4) and lacks epithelial, T cell, or B cell markers, consistent with alveolar macrophages in the respiratory airway.",1,1,YES,1
84583,D363_Brus_Dis1_TCTGGAAAGTACGTAA-1-26,alveolar macrophage,"Alveolar macrophage

Highly expressed genes include macrophage markers (MARCO, MSR1, MRC1, C1Q subunits, APOE, CCL18, FABP4, APOC1, TREM1, CAMP) typical of alveolar macrophages, the resident immune cells in respiratory airways.",Alveolar macrophage,"Highly expressed genes include macrophage markers (MARCO, MSR1, MRC1, C1Q subunits, APOE, CCL18, FABP4, APOC1, TREM1, CAMP) typical of alveolar macrophages, the resident immune cells in respiratory airways.",1,1,YES,1
15305,D363_Brus_Dis1_TGTCCCAGTCTGCGGT-1-26,alveolar macrophage,"alveolar macrophage
High expression of MARCO, MRC1, C1Q, CCL18, APOE, VSIG4, and TREM1—all canonical markers of alveolar macrophages—plus tissue context of respiratory airway indicates this profile is an alveolar macrophage.",alveolar macrophage,"High expression of MARCO, MRC1, C1Q, CCL18, APOE, VSIG4, and TREM1—all canonical markers of alveolar macrophages—plus tissue context of respiratory airway indicates this profile is an alveolar macrophage.",1,1,YES,1
25903,P3_4_CACATTTGTCAACATC,alveolar type 1 fibroblast cell,"alveolar adventitial fibroblast

Top genes like LUM, WNT2, ADAMTS8, and MAMDC2 are characteristic of lung fibroblasts. VEGFD, FGFR4, and GDF10 further support a mesenchymal origin. The absence of epithelial, endothelial, or immune markers strongly suggests this is an alveolar adventitial fibroblast, which plays roles in extracellular matrix and signaling in the respiratory airway.",alveolar adventitial fibroblast,"Top genes like LUM, WNT2, ADAMTS8, and MAMDC2 are characteristic of lung fibroblasts. VEGFD, FGFR4, and GDF10 further support a mesenchymal origin. The absence of epithelial, endothelial, or immune markers strongly suggests this is an alveolar adventitial fibroblast, which plays roles in extracellular matrix and signaling in the respiratory airway.",0,1,NO,0
18366,P3_4_GAGCAGATCGCGTAGC,alveolar type 1 fibroblast cell,"alveolar adventitial fibroblast
The top expressed genes include fibroblast markers LUM, ADAMTS8, MAMDC2, SVEP1, and VEGFD, which are typical of lung fibroblasts, specifically alveolar adventitial fibroblasts. These cells also express WNT2, GDF10, and PTX3, consistent with their role in extracellular matrix regulation and signaling in the respiratory airway.",alveolar adventitial fibroblast,"The top expressed genes include fibroblast markers LUM, ADAMTS8, MAMDC2, SVEP1, and VEGFD, which are typical of lung fibroblasts, specifically alveolar adventitial fibroblasts. These cells also express WNT2, GDF10, and PTX3, consistent with their role in extracellular matrix regulation and signaling in the respiratory airway.",0,1,NO,0
110835,P3_4_AGCATACCATTTCACT,alveolar type 1 fibroblast cell,"alveolar adventitial fibroblast
The expression profile shows high levels of fibroblast markers including LUM, ADAMTS8, SVEP1, MAMDC2, C7, HSD11B1, PTX3, and CCL11, which are characteristic of lung fibroblasts, particularly in the adventitial compartment of the respiratory airway.",alveolar adventitial fibroblast,"The expression profile shows high levels of fibroblast markers including LUM, ADAMTS8, SVEP1, MAMDC2, C7, HSD11B1, PTX3, and CCL11, which are characteristic of lung fibroblasts, particularly in the adventitial compartment of the respiratory airway.",0,1,NO,0
19935,P3_4_CTCTAATAGAGAGCTC,alveolar type 1 fibroblast cell,"alveolar adventitial fibroblast
High expression of WNT2, GDF10, LUM, SVEP1, ADAMTS8, and PTX3 indicates a fibroblast phenotype. These genes are typical of lung stromal cells, specifically alveolar adventitial fibroblasts in the respiratory airway.",alveolar adventitial fibroblast,"High expression of WNT2, GDF10, LUM, SVEP1, ADAMTS8, and PTX3 indicates a fibroblast phenotype. These genes are typical of lung stromal cells, specifically alveolar adventitial fibroblasts in the respiratory airway.",0,1,NO,0
102023,P2_6_TCCCGATTCACGACTA,alveolar type 1 fibroblast cell,"bronchus fibroblast of lung
The top genes include fibroblast markers LUM, ADAMTS8, MAMDC2, and PTX3, plus VEGFD, FGFR4, WNT2, and GDF10, all highly expressed in lung fibroblasts. The lack of epithelial (SFTPC) or smooth muscle (ACTA2) markers and the airway context point specifically to bronchus fibroblast.",bronchus fibroblast of lung,"The top genes include fibroblast markers LUM, ADAMTS8, MAMDC2, and PTX3, plus VEGFD, FGFR4, WNT2, and GDF10, all highly expressed in lung fibroblasts. The lack of epithelial (SFTPC) or smooth muscle (ACTA2) markers and the airway context point specifically to bronchus fibroblast.",0,1,NO,0
128604,P3_4_AAGACCTGTACCTACA,alveolar type 1 fibroblast cell,bronchus fibroblast of lung,bronchus fibroblast of lung,,0,1,NO,0
55030,P3_4_AGCTCTCTCGAATCCA,alveolar type 1 fibroblast cell,Alveolar adventitial fibroblast,Alveolar adventitial fibroblast,,0,1,NO,0
158567,P3_3_GGGACCTAGATTACCC,alveolar type 1 fibroblast cell,"Bronchus fibroblast of lung

The expression profile features LUM, ADAMTS8, SVEP1, MAMDC2, and VEGFD, which are characteristic of lung fibroblasts, particularly those associated with airway walls. This pattern aligns with bronchus fibroblasts, which support extracellular matrix and signaling in the respiratory airway.",Bronchus fibroblast of lung,"The expression profile features LUM, ADAMTS8, SVEP1, MAMDC2, and VEGFD, which are characteristic of lung fibroblasts, particularly those associated with airway walls. This pattern aligns with bronchus fibroblasts, which support extracellular matrix and signaling in the respiratory airway.",0,1,NO,0
43815,ACAGCCGTCCGTTGCT_GRO-07_biopsy,alveolar type 1 fibroblast cell,"alveolar adventitial fibroblast
The expression profile includes classical fibroblast markers such as LUM, WNT2, GDF10, MAMDC2, ADAMTS8, and SVEP1, which are characteristic of alveolar adventitial fibroblasts in the respiratory airway. These cells also express HSD11B1 and CCL11, consistent with peribronchiolar and adventitial fibroblast identity.",alveolar adventitial fibroblast,"The expression profile includes classical fibroblast markers such as LUM, WNT2, GDF10, MAMDC2, ADAMTS8, and SVEP1, which are characteristic of alveolar adventitial fibroblasts in the respiratory airway. These cells also express HSD11B1 and CCL11, consistent with peribronchiolar and adventitial fibroblast identity.",0,1,NO,0
69630,P3_4_TCTGGAACATGTCTCC,alveolar type 1 fibroblast cell,"alveolar adventitial fibroblast
High expression of matrix genes (LUM, ADAMTS8, C7, SVEP1) and chemokine CCL11, along with VEGFD, WNT2, GDF10, matches lung adventitial fibroblasts. These markers are not typical of epithelial, immune, or smooth muscle cells.",alveolar adventitial fibroblast,"High expression of matrix genes (LUM, ADAMTS8, C7, SVEP1) and chemokine CCL11, along with VEGFD, WNT2, GDF10, matches lung adventitial fibroblasts. These markers are not typical of epithelial, immune, or smooth muscle cells.",0,1,NO,0
117057,P3_3_AGACGTTGTGAGCGAT,alveolar type 1 fibroblast cell,"bronchus fibroblast of lung

The top expressed genes (LUM, MAMDC2, ADAMTS8, SVEP1, FGFR4, WNT2, CCL11) are classic markers for lung fibroblasts, particularly those in the bronchial wall. The profile lacks epithelial, immune, endothelial, or smooth muscle signatures, supporting a fibroblast identity specific to the airway.",bronchus fibroblast of lung,"The top expressed genes (LUM, MAMDC2, ADAMTS8, SVEP1, FGFR4, WNT2, CCL11) are classic markers for lung fibroblasts, particularly those in the bronchial wall. The profile lacks epithelial, immune, endothelial, or smooth muscle signatures, supporting a fibroblast identity specific to the airway.",0,1,NO,0
135438,P3_4_TCTTCGGTCCCAGGTG,alveolar type 1 fibroblast cell,"alveolar adventitial fibroblast
The top genes (VEGFD, LUM, ADAMTS8, WNT2, SVEP1) are characteristic of lung fibroblasts, particularly adventitial fibroblasts. These cells express matrix and signaling molecules involved in airway structure and remodeling.",alveolar adventitial fibroblast,"The top genes (VEGFD, LUM, ADAMTS8, WNT2, SVEP1) are characteristic of lung fibroblasts, particularly adventitial fibroblasts. These cells express matrix and signaling molecules involved in airway structure and remodeling.",0,1,NO,0
169172,P2_8_TCGAGGCAGACTAAGT,alveolar type 1 fibroblast cell,"bronchus fibroblast of lung
High expression of fibroblast markers (LUM, SVEP1, ADAMTS8) and ECM-related genes (VEGFD, WNT2, PTX3) with absence of immune/epithelial markers indicates a stromal fibroblast. Respiratory airway context points to bronchus fibroblast.",bronchus fibroblast of lung,"High expression of fibroblast markers (LUM, SVEP1, ADAMTS8) and ECM-related genes (VEGFD, WNT2, PTX3) with absence of immune/epithelial markers indicates a stromal fibroblast. Respiratory airway context points to bronchus fibroblast.",0,1,NO,0
45291,P3_4_CCTTTCTCACAGAGGT,alveolar type 1 fibroblast cell,"alveolar adventitial fibroblast
The top genes (LUM, ADAMTS8, VEGFD, WNT2, PTX3, CCL11) are highly expressed in lung fibroblasts, especially adventitial fibroblasts, which are key producers of extracellular matrix and signaling molecules in the airway stroma.",alveolar adventitial fibroblast,"The top genes (LUM, ADAMTS8, VEGFD, WNT2, PTX3, CCL11) are highly expressed in lung fibroblasts, especially adventitial fibroblasts, which are key producers of extracellular matrix and signaling molecules in the airway stroma.",0,1,NO,0
128767,P3_4_GGACATTAGGGTGTGT,alveolar type 1 fibroblast cell,"alveolar adventitial fibroblast
The expression profile includes fibroblast-associated genes such as LUM, ADAMTS8, MAMDC2, and CCL11, along with extracellular matrix and WNT pathway components (WNT2, NKD2), typical of mesenchymal cells. This pattern aligns with alveolar adventitial fibroblasts in the respiratory airway.",alveolar adventitial fibroblast,"The expression profile includes fibroblast-associated genes such as LUM, ADAMTS8, MAMDC2, and CCL11, along with extracellular matrix and WNT pathway components (WNT2, NKD2), typical of mesenchymal cells. This pattern aligns with alveolar adventitial fibroblasts in the respiratory airway.",0,1,NO,0
101228,P3_4_CTAGAGTTCTAACTTC,alveolar type 1 fibroblast cell,"alveolar adventitial fibroblast
Top genes (VEGFD, LUM, ADAMTS8, MAMDC2, SVEP1, HSD11B1) are canonical markers of lung adventitial fibroblasts, which reside in the alveolar interstitium and produce extracellular matrix. Absence of epithelial, immune, or endothelial markers confirms this stromal cell type.",alveolar adventitial fibroblast,"Top genes (VEGFD, LUM, ADAMTS8, MAMDC2, SVEP1, HSD11B1) are canonical markers of lung adventitial fibroblasts, which reside in the alveolar interstitium and produce extracellular matrix. Absence of epithelial, immune, or endothelial markers confirms this stromal cell type.",0,1,NO,0
42203,P2_8_ACGCCGAGTCTGATTG,alveolar type 1 fibroblast cell,"alveolar adventitial fibroblast
The top genes include LUM (lumican), ADAMTS8, PTX3, and VEGFD, which are canonical markers of lung fibroblasts. The absence of epithelial, immune, or endothelial markers and the presence of extracellular matrix-related genes strongly indicate a fibroblast subtype, specifically alveolar adventitial fibroblast in the respiratory airway.",alveolar adventitial fibroblast,"The top genes include LUM (lumican), ADAMTS8, PTX3, and VEGFD, which are canonical markers of lung fibroblasts. The absence of epithelial, immune, or endothelial markers and the presence of extracellular matrix-related genes strongly indicate a fibroblast subtype, specifically alveolar adventitial fibroblast in the respiratory airway.",0,1,NO,0
61504,P3_4_GCAGTTAGTGTGTGCC,alveolar type 1 fibroblast cell,"alveolar adventitial fibroblast
The top genes include fibroblast markers such as LUM, ADAMTS8, SVEP1, and WNT2, along with matrix-associated and signaling genes (GDF10, PTX3, CCL11, HSD11B1). This pattern is characteristic of alveolar adventitial fibroblasts in the respiratory airway.",alveolar adventitial fibroblast,"The top genes include fibroblast markers such as LUM, ADAMTS8, SVEP1, and WNT2, along with matrix-associated and signaling genes (GDF10, PTX3, CCL11, HSD11B1). This pattern is characteristic of alveolar adventitial fibroblasts in the respiratory airway.",0,1,NO,0
6717,P2_8_CTGATCCTCTACCTGC,alveolar type 1 fibroblast cell,"alveolar adventitial fibroblast
The top genes (LUM, WNT2, VEGFD, ADAMTS8, SVEP1, MAMDC2, GDF10, FGFR4, etc.) are characteristic of lung fibroblasts, particularly adventitial fibroblasts, which express extracellular matrix and Wnt signaling components. This profile lacks smooth muscle, pericyte, or immune cell markers.",alveolar adventitial fibroblast,"The top genes (LUM, WNT2, VEGFD, ADAMTS8, SVEP1, MAMDC2, GDF10, FGFR4, etc.) are characteristic of lung fibroblasts, particularly adventitial fibroblasts, which express extracellular matrix and Wnt signaling components. This profile lacks smooth muscle, pericyte, or immune cell markers.",0,1,NO,0
162490,P2_8_AGTGGGACAGTCCTTC,alveolar type 1 fibroblast cell,"bronchus fibroblast of lung
The top genes include fibroblast markers LUM, MAMDC2, ADAMTS8, PTX3, CCL11, WNT2, and GDF10, which are characteristic of bronchial fibroblasts in the respiratory airway.",bronchus fibroblast of lung,"The top genes include fibroblast markers LUM, MAMDC2, ADAMTS8, PTX3, CCL11, WNT2, and GDF10, which are characteristic of bronchial fibroblasts in the respiratory airway.",0,1,NO,0
130722,AGGGATGTCCTTTCTC_T89,bronchial goblet cell,"tracheobronchial goblet cell
The expression profile features MUC5B, MUC5AC, and SLC26A4, which are hallmark genes of airway goblet cells that secrete mucus. The high levels of these mucin-related genes in a respiratory airway context point to a tracheobronchial goblet cell identity.",tracheobronchial goblet cell,"The expression profile features MUC5B, MUC5AC, and SLC26A4, which are hallmark genes of airway goblet cells that secrete mucus. The high levels of these mucin-related genes in a respiratory airway context point to a tracheobronchial goblet cell identity.",0,1,YES,1
153606,ATAGGCTCAAGGGCAT_SC88,bronchial goblet cell,"tracheobronchial goblet cell
High expression of mucins MUC5B and MUC5AC, along with BPIFA1, FCGBP, and SLC26A4, are classic markers of mucus-secreting goblet cells in the airway epithelium.",tracheobronchial goblet cell,"High expression of mucins MUC5B and MUC5AC, along with BPIFA1, FCGBP, and SLC26A4, are classic markers of mucus-secreting goblet cells in the airway epithelium.",0,1,YES,1
71350,TCTGTCCAGGGCT_GRO-07_biopsy,bronchial goblet cell,"tracheobronchial goblet cell

High expression of MUC5B, MUC5AC, BPIFA1, FCGBP, and SLC26A4 indicates a mucus-secreting goblet cell of the respiratory airway.",tracheobronchial goblet cell,"High expression of MUC5B, MUC5AC, BPIFA1, FCGBP, and SLC26A4 indicates a mucus-secreting goblet cell of the respiratory airway.",0,1,YES,1
86245,CATCAGACAGGCAGTA_GRO-09_biopsy,bronchial goblet cell,"bronchial goblet cell
High expression of MUC5B and MUC5AC mucins, along with BPIFA1 and SLC26A4, indicates a mucus-secreting airway goblet cell. These markers are hallmarks of bronchial goblet cells involved in airway defense.",bronchial goblet cell,"High expression of MUC5B and MUC5AC mucins, along with BPIFA1 and SLC26A4, indicates a mucus-secreting airway goblet cell. These markers are hallmarks of bronchial goblet cells involved in airway defense.",1,1,YES,1
26519,AATGCCAGTGGACTGA_SC88,bronchial goblet cell,"tracheobronchial goblet cell

High expression of mucin genes MUC5B and MUC5AC, along with BPIFA1, FCGBP, and LCN2, is characteristic of airway goblet cells that secrete mucus to protect and lubricate the respiratory epithelium.",tracheobronchial goblet cell,"High expression of mucin genes MUC5B and MUC5AC, along with BPIFA1, FCGBP, and LCN2, is characteristic of airway goblet cells that secrete mucus to protect and lubricate the respiratory epithelium.",0,1,YES,1
5345,TGCAGGCCATTCATCT_SC88,bronchial goblet cell,"tracheobronchial goblet cell
High expression of MUC5AC and MUC5B mucins, along with BPIFA1 and FCGBP, is characteristic of goblet cells in the airway epithelium, which secrete mucus to protect and lubricate the respiratory tract.",tracheobronchial goblet cell,"High expression of MUC5AC and MUC5B mucins, along with BPIFA1 and FCGBP, is characteristic of goblet cells in the airway epithelium, which secrete mucus to protect and lubricate the respiratory tract.",0,1,YES,1
56213,CCATCACGTAGCGTTT_SC88,bronchial goblet cell,"bronchial goblet cell
High expression of mucins MUC5B and MUC5AC, along with BPIFA1, FCGBP, and SLC26A4, is characteristic of airway goblet cells that secrete mucus in the respiratory epithelium.",bronchial goblet cell,"High expression of mucins MUC5B and MUC5AC, along with BPIFA1, FCGBP, and SLC26A4, is characteristic of airway goblet cells that secrete mucus in the respiratory epithelium.",1,1,YES,1
52408,GTGTCCTTCTGTGTGA_SC88,bronchial goblet cell,"tracheobronchial goblet cell
High expression of mucins MUC5B and MUC5AC, plus SLC26A4 and FCGBP, is characteristic of airway goblet cells, which secrete mucus for epithelial protection.",tracheobronchial goblet cell,"High expression of mucins MUC5B and MUC5AC, plus SLC26A4 and FCGBP, is characteristic of airway goblet cells, which secrete mucus for epithelial protection.",0,1,YES,1
126942,AGTGTCAAGACTTGAA_T89,bronchial goblet cell,"tracheobronchial goblet cell

High expression of MUC5B, MUC5AC (mucin genes) and BPIFA1 (airway secretory protein) indicates a mucus-secreting goblet cell. SLC26A4 (pendrin) is also involved in airway mucus production. This profile matches tracheobronchial goblet cells in the respiratory airway.",tracheobronchial goblet cell,"High expression of MUC5B, MUC5AC (mucin genes) and BPIFA1 (airway secretory protein) indicates a mucus-secreting goblet cell. SLC26A4 (pendrin) is also involved in airway mucus production. This profile matches tracheobronchial goblet cells in the respiratory airway.",0,1,YES,1
145667,GTTCATTTCGTACCTC_SC88,bronchial goblet cell,"bronchial goblet cell
The top genes include MUC5B, MUC5AC, BPIFA1, and SLC26A4, which are characteristic of mucus-secreting goblet cells in the airway epithelium. This profile indicates a bronchial goblet cell.",bronchial goblet cell,"The top genes include MUC5B, MUC5AC, BPIFA1, and SLC26A4, which are characteristic of mucus-secreting goblet cells in the airway epithelium. This profile indicates a bronchial goblet cell.",1,1,YES,1
8980,TGCCAAATCATCACCC_GRO-09_biopsy,bronchial goblet cell,"Tracheobronchial goblet cell

The top genes include mucins MUC5B and MUC5AC, along with BPIFA1, SLC26A4, and LCN2, which are hallmark markers of goblet cells in the tracheobronchial epithelium. These cells secrete mucus and are involved in airway defense.",Tracheobronchial goblet cell,"The top genes include mucins MUC5B and MUC5AC, along with BPIFA1, SLC26A4, and LCN2, which are hallmark markers of goblet cells in the tracheobronchial epithelium. These cells secrete mucus and are involved in airway defense.",0,1,YES,1
165501,CACAGTAGTCCCTTGT_GRO-09_biopsy,bronchial goblet cell,"tracheobronchial goblet cell

High expression of mucins MUC5AC and MUC5B, along with BPIFA1, FCGBP, and LCN2, is characteristic of mucus-secreting goblet cells in the airway. SLC26A4 (pendrin) also supports this identity, as it is involved in ion transport in goblet cells.",tracheobronchial goblet cell,"High expression of mucins MUC5AC and MUC5B, along with BPIFA1, FCGBP, and LCN2, is characteristic of mucus-secreting goblet cells in the airway. SLC26A4 (pendrin) also supports this identity, as it is involved in ion transport in goblet cells.",0,1,YES,1
169427,TTAATCCTCAACCGAT_SC88,bronchial goblet cell,"tracheobronchial goblet cell
High expression of mucins MUC5B and MUC5AC, along with goblet cell markers SLC26A4, BPIFA1, FCGBP, PI3, and LCN2, strongly indicates a tracheobronchial goblet cell.",tracheobronchial goblet cell,"High expression of mucins MUC5B and MUC5AC, along with goblet cell markers SLC26A4, BPIFA1, FCGBP, PI3, and LCN2, strongly indicates a tracheobronchial goblet cell.",0,1,YES,1
153240,CCGATCTGTAGCTGAG_SC88,bronchial goblet cell,"bronchial goblet cell
High expression of mucins MUC5B and MUC5AC, along with BPIFA1 and SLC26A4, is characteristic of airway goblet cells that secrete mucus.",bronchial goblet cell,"High expression of mucins MUC5B and MUC5AC, along with BPIFA1 and SLC26A4, is characteristic of airway goblet cells that secrete mucus.",1,1,YES,1
38264,CCTCCAACAATAGGGC_SC88,bronchial goblet cell,"tracheobronchial goblet cell
High expression of mucins MUC5B, MUC5AC, and SLC26A4 (pendrin) along with BPIFA1 are characteristic of goblet cells in the respiratory tract, which secrete mucus for airway protection.",tracheobronchial goblet cell,"High expression of mucins MUC5B, MUC5AC, and SLC26A4 (pendrin) along with BPIFA1 are characteristic of goblet cells in the respiratory tract, which secrete mucus for airway protection.",0,1,YES,1
49835,CCCGAAGTCGCATAGT_SC88,bronchial goblet cell,"bronchial goblet cell
High expression of MUC5B, MUC5AC, BPIFA1, FCGBP, and SLC26A4 is characteristic of airway goblet cells, which produce and secrete mucus.",bronchial goblet cell,"High expression of MUC5B, MUC5AC, BPIFA1, FCGBP, and SLC26A4 is characteristic of airway goblet cells, which produce and secrete mucus.",1,1,YES,1
77772,ATCCTATTCGGCGATC_SC88,bronchial goblet cell,"tracheobronchial goblet cell

High expression of mucin genes MUC5B and MUC5AC, along with BPIFA1 and LCN2, indicates a mucus-secreting epithelial cell. The combination of SLC26A4 and serous/goblet markers supports identification as a tracheobronchial goblet cell.",tracheobronchial goblet cell,"High expression of mucin genes MUC5B and MUC5AC, along with BPIFA1 and LCN2, indicates a mucus-secreting epithelial cell. The combination of SLC26A4 and serous/goblet markers supports identification as a tracheobronchial goblet cell.",0,1,YES,1
153050,TCGCTCAGTGGACTAG_SC88,bronchial goblet cell,"tracheobronchial goblet cell

High expression of MUC5B and MUC5AC, classic goblet cell mucins, plus BPIFA1 and SLC26A4, supports a mucin-secreting airway goblet cell identity from the respiratory tract.",tracheobronchial goblet cell,"High expression of MUC5B and MUC5AC, classic goblet cell mucins, plus BPIFA1 and SLC26A4, supports a mucin-secreting airway goblet cell identity from the respiratory tract.",0,1,YES,1
15584,TAGACCAGTTGGGAAC_SC88,bronchial goblet cell,"tracheobronchial goblet cell
High expression of MUC5AC and MUC5B, along with BPIFA1, LCN2, and FCGBP, are hallmark features of airway goblet cells involved in mucus secretion. SLC26A4 (pendrin) also supports this identity.",tracheobronchial goblet cell,"High expression of MUC5AC and MUC5B, along with BPIFA1, LCN2, and FCGBP, are hallmark features of airway goblet cells involved in mucus secretion. SLC26A4 (pendrin) also supports this identity.",0,1,YES,1
20597,AGATGCTGTGACTGAG_T166,bronchial goblet cell,"bronchial goblet cell
High expression of mucin genes MUC5B and MUC5AC, along with BPIFA1 and SLC26A4, is characteristic of airway goblet cells that produce mucus in the respiratory epithelium.",bronchial goblet cell,"High expression of mucin genes MUC5B and MUC5AC, along with BPIFA1 and SLC26A4, is characteristic of airway goblet cells that produce mucus in the respiratory epithelium.",1,1,YES,1
58194,TTAGGCATCGCTTGTC_GRO-10_biopsy,bronchus fibroblast of lung,"alveolar adventitial fibroblast
High expression of PI16, DPT, COMP, SFRP4, and CCL11/CCL19 is characteristic of lung adventitial fibroblasts. These stromal cells reside around airways and vessels, produce extracellular matrix components, and secrete chemokines, matching the given profile.",alveolar adventitial fibroblast,"High expression of PI16, DPT, COMP, SFRP4, and CCL11/CCL19 is characteristic of lung adventitial fibroblasts. These stromal cells reside around airways and vessels, produce extracellular matrix components, and secrete chemokines, matching the given profile.",0,1,NO,0
35770,AGGCCACTCAGGCAA_GRO-03_biopsy,bronchus fibroblast of lung,"bronchus fibroblast of lung

The high expression of fibroblast markers PI16, DPT, SFRP2, SFRP4, COMP, and OMD, along with extracellular matrix-related genes, indicates a fibroblast population. The respiratory airway context and absence of epithelial or immune markers point specifically to bronchus fibroblasts.",bronchus fibroblast of lung,"The high expression of fibroblast markers PI16, DPT, SFRP2, SFRP4, COMP, and OMD, along with extracellular matrix-related genes, indicates a fibroblast population. The respiratory airway context and absence of epithelial or immune markers point specifically to bronchus fibroblasts.",1,1,YES,1
87670,ACGATGTCAAGACAC_GRO-03_biopsy,bronchus fibroblast of lung,"alveolar adventitial fibroblast
The expression profile features fibroblast markers such as PI16, DPT, COMP, SFRP2, and CTSK, which are highly characteristic of adventitial fibroblasts in the lung. These cells produce extracellular matrix and support airway structure.",alveolar adventitial fibroblast,"The expression profile features fibroblast markers such as PI16, DPT, COMP, SFRP2, and CTSK, which are highly characteristic of adventitial fibroblasts in the lung. These cells produce extracellular matrix and support airway structure.",0,1,NO,0
135788,D363_Biop_Int2_ACCAGTATCTCGTATT-1-25,bronchus fibroblast of lung,"alveolar adventitial fibroblast
This expression profile features extracellular matrix genes (COMP, DPT, OMD, ASPN, PODN), fibroblast marker PI16, and chemokines (CCL11, CCL19), consistent with lung adventitial fibroblasts.",alveolar adventitial fibroblast,"This expression profile features extracellular matrix genes (COMP, DPT, OMD, ASPN, PODN), fibroblast marker PI16, and chemokines (CCL11, CCL19), consistent with lung adventitial fibroblasts.",0,1,NO,0
87732,CCACTACAGTGCGAT_GRO-10_biopsy,bronchus fibroblast of lung,"Alveolar adventitial fibroblast

These genes (e.g., SFRP2/4, PI16, DPT, COMP, OMD, ASPN, CTSK, DIO2) are characteristic of fibroblast subtypes in the lung, particularly adventitial fibroblasts, which surround airways and vessels and express ECM and Wnt signaling modulators.",Alveolar adventitial fibroblast,"These genes (e.g., SFRP2/4, PI16, DPT, COMP, OMD, ASPN, CTSK, DIO2) are characteristic of fibroblast subtypes in the lung, particularly adventitial fibroblasts, which surround airways and vessels and express ECM and Wnt signaling modulators.",0,1,NO,0
76097,CATCAGAAGCGCCTT_GRO-09_biopsy,bronchus fibroblast of lung,"alveolar adventitial fibroblast
The top genes include fibroblast markers PI16, DPT, COMP, SFRP4, OMD, and others, typical of lung adventitial fibroblasts. CCL11 and CCL19 are also expressed by these cells, matching the expected profile.",alveolar adventitial fibroblast,"The top genes include fibroblast markers PI16, DPT, COMP, SFRP4, OMD, and others, typical of lung adventitial fibroblasts. CCL11 and CCL19 are also expressed by these cells, matching the expected profile.",0,1,YES,1
161327,TTGCCGTTCTGTCCGT_GRO-10_biopsy,bronchus fibroblast of lung,"bronchus fibroblast of lung

The top genes (PI16, DPT, SFRP2/4, COMP, ABCA8) are classic markers for lung fibroblasts, with PI16 highly specific to bronchus fibroblasts. Chemokines CCL11/CCL19 also support stromal origin.",bronchus fibroblast of lung,"The top genes (PI16, DPT, SFRP2/4, COMP, ABCA8) are classic markers for lung fibroblasts, with PI16 highly specific to bronchus fibroblasts. Chemokines CCL11/CCL19 also support stromal origin.",1,1,YES,1
51778,ACACCCTGTGATGATA_GRO-03_biopsy,bronchus fibroblast of lung,"alveolar adventitial fibroblast
The top expressed genes (DPT, PI16, SFRP2, SFRP4, COMP, OMD, ASPN, CTSK, PODN) are characteristic of extracellular matrix-producing fibroblasts in the lung. This profile aligns with alveolar adventitial fibroblasts, a specialized fibroblast subtype supporting airway structure.",alveolar adventitial fibroblast,"The top expressed genes (DPT, PI16, SFRP2, SFRP4, COMP, OMD, ASPN, CTSK, PODN) are characteristic of extracellular matrix-producing fibroblasts in the lung. This profile aligns with alveolar adventitial fibroblasts, a specialized fibroblast subtype supporting airway structure.",0,1,NO,0
8876,CGGGTTGTCCGTGAC_GRO-10_biopsy,bronchus fibroblast of lung,"alveolar adventitial fibroblast
The top genes include PI16, DPT, SFRP2, COMP, and OMD, which are characteristic markers of lung adventitial fibroblasts. These cells are stromal components of the airway, supporting matrix and producing chemokines.",alveolar adventitial fibroblast,"The top genes include PI16, DPT, SFRP2, COMP, and OMD, which are characteristic markers of lung adventitial fibroblasts. These cells are stromal components of the airway, supporting matrix and producing chemokines.",0,1,NO,0
56484,CACAAACGTATGCTT_GRO-10_biopsy,bronchus fibroblast of lung,"Bronchus fibroblast of lung

The expression profile shows high levels of fibroblast markers such as PI16, DPT, COMP, SFRP2/4, ASPN, and OMD, along with chemokines CCL11 and CCL19. These genes are characteristic of lung fibroblasts, particularly those associated with the bronchial region, consistent with bronchus fibroblast of lung.",Bronchus fibroblast of lung,"The expression profile shows high levels of fibroblast markers such as PI16, DPT, COMP, SFRP2/4, ASPN, and OMD, along with chemokines CCL11 and CCL19. These genes are characteristic of lung fibroblasts, particularly those associated with the bronchial region, consistent with bronchus fibroblast of lung.",1,1,YES,1
26294,D322_Biop_Pro1_GCTGCTTGTGACCAAG-1-1,bronchus fibroblast of lung,"bronchus fibroblast of lung

The expression profile features typical fibroblast markers such as PI16, DPT, SFRP2, SFRP4, COMP, and OMD. These genes are highly characteristic of lung fibroblasts, particularly those in the bronchial region, and the chemokines CCL11 and CCL19 further support a stromal fibroblast identity.",bronchus fibroblast of lung,"The expression profile features typical fibroblast markers such as PI16, DPT, SFRP2, SFRP4, COMP, and OMD. These genes are highly characteristic of lung fibroblasts, particularly those in the bronchial region, and the chemokines CCL11 and CCL19 further support a stromal fibroblast identity.",1,1,YES,1
3194,CCTATTATCAGTGCAT_GRO-10_biopsy,bronchus fibroblast of lung,"bronchus fibroblast of lung

The top genes include fibroblast markers PI16, DPT, SFRP2, SFRP4, COMP, and ECM-related genes (ASPN, OMD, CTSK, C1QTNF7). CCL11 and CCL19 are also expressed by lung fibroblasts. This profile is consistent with bronchus fibroblasts in the respiratory airway.",bronchus fibroblast of lung,"The top genes include fibroblast markers PI16, DPT, SFRP2, SFRP4, COMP, and ECM-related genes (ASPN, OMD, CTSK, C1QTNF7). CCL11 and CCL19 are also expressed by lung fibroblasts. This profile is consistent with bronchus fibroblasts in the respiratory airway.",1,1,YES,1
31987,TTGTAGGTCTACGAGT_GRO-06_biopsy,bronchus fibroblast of lung,"alveolar adventitial fibroblast
The top genes (PI16, DPT, COMP, SFRP4, ASPN, OMD, CTSK) are canonical markers of lung fibroblasts, particularly adventitial fibroblasts in the alveolar region. PI16 is a well-established identifier of this subtype, and the matrix-related expression profile aligns with adventitial fibroblast identity in respiratory tissue.",alveolar adventitial fibroblast,"The top genes (PI16, DPT, COMP, SFRP4, ASPN, OMD, CTSK) are canonical markers of lung fibroblasts, particularly adventitial fibroblasts in the alveolar region. PI16 is a well-established identifier of this subtype, and the matrix-related expression profile aligns with adventitial fibroblast identity in respiratory tissue.",0,1,NO,0
167233,CGTCCATGTGTGTGCC_GRO-11_biopsy,bronchus fibroblast of lung,"alveolar adventitial fibroblast

The profile shows high expression of extracellular matrix and fibroblast markers (SFRP4, COMP, DPT, PI16, OMD, SFRP2, ASPN, CTSK, PODN, ABCA8, ADH1B) along with chemokines CCL11 and CCL19, consistent with lung adventitial fibroblasts, which are known to express PI16 and DPT.",alveolar adventitial fibroblast,"The profile shows high expression of extracellular matrix and fibroblast markers (SFRP4, COMP, DPT, PI16, OMD, SFRP2, ASPN, CTSK, PODN, ABCA8, ADH1B) along with chemokines CCL11 and CCL19, consistent with lung adventitial fibroblasts, which are known to express PI16 and DPT.",0,1,NO,0
171849,ACATACGTCTGCTGCT_GRO-09_biopsy,bronchus fibroblast of lung,"bronchus fibroblast of lung

The top expressed genes include extracellular matrix and fibroblast markers such as COMP, DPT, PI16, SFRP2, SFRP4, OMD, ASPN, CTSK, and ABCA8, which are highly characteristic of bronchial fibroblasts in the respiratory airway. The absence of typical epithelial, immune, or smooth muscle markers confirms this identity.",bronchus fibroblast of lung,"The top expressed genes include extracellular matrix and fibroblast markers such as COMP, DPT, PI16, SFRP2, SFRP4, OMD, ASPN, CTSK, and ABCA8, which are highly characteristic of bronchial fibroblasts in the respiratory airway. The absence of typical epithelial, immune, or smooth muscle markers confirms this identity.",1,1,YES,1
129626,TCGTAAAGTTACCCA_GRO-10_biopsy,bronchus fibroblast of lung,"alveolar adventitial fibroblast
High expression of extracellular matrix genes (COMP, DPT, OMD, ASPN, SFRP2/4) and fibroblast markers (PI16, CRABP1, DIO2) indicates a fibroblast type; PI16 is specific to lung adventitial fibroblasts.",alveolar adventitial fibroblast,"High expression of extracellular matrix genes (COMP, DPT, OMD, ASPN, SFRP2/4) and fibroblast markers (PI16, CRABP1, DIO2) indicates a fibroblast type; PI16 is specific to lung adventitial fibroblasts.",0,1,NO,0
65691,TCGAGGCTCCGTAGGC_GRO-03_biopsy,bronchus fibroblast of lung,"alveolar adventitial fibroblast
Highly expressed genes (PI16, DPT, SFRP4, OMD, CCL11) are canonical markers of lung adventitial fibroblasts, not epithelial, immune, or other stromal cell types.",alveolar adventitial fibroblast,"Highly expressed genes (PI16, DPT, SFRP4, OMD, CCL11) are canonical markers of lung adventitial fibroblasts, not epithelial, immune, or other stromal cell types.",0,1,NO,0
150076,D363_Biop_Pro1_CACCAGGCAGTCAGCC-1-24,bronchus fibroblast of lung,"alveolar adventitial fibroblast
High expression of PI16, DPT, SFRP2, and CCL19 is characteristic of adventitial fibroblasts in the lung, which are stromal cells supporting airway structure and involved in extracellular matrix remodeling.",alveolar adventitial fibroblast,"High expression of PI16, DPT, SFRP2, and CCL19 is characteristic of adventitial fibroblasts in the lung, which are stromal cells supporting airway structure and involved in extracellular matrix remodeling.",0,1,NO,0
125512,CTGAAACCAGCGTCCA_GRO-10_biopsy,bronchus fibroblast of lung,"alveolar adventitial fibroblast
This gene expression profile, including DPT, COMP, PI16, SFRP4, ASPN, and CTSK, is characteristic of adventitial fibroblasts in the lung, which synthesize extracellular matrix and produce chemokines like CCL11 and CCL19.",alveolar adventitial fibroblast,"This gene expression profile, including DPT, COMP, PI16, SFRP4, ASPN, and CTSK, is characteristic of adventitial fibroblasts in the lung, which synthesize extracellular matrix and produce chemokines like CCL11 and CCL19.",0,1,NO,0
103010,D372_Biop_Int2_GGGTCTGCACTCAGGC-1-34,bronchus fibroblast of lung,"bronchus fibroblast of lung

The top expressed genes include classical fibroblast markers such as DPT, COMP, SFRP2, PI16, CTSK, and multiple extracellular matrix components, consistent with a fibroblast population in the airway. The tissue context (respiratory airway) and absence of epithelial or immune-specific markers further support this identification.",bronchus fibroblast of lung,"The top expressed genes include classical fibroblast markers such as DPT, COMP, SFRP2, PI16, CTSK, and multiple extracellular matrix components, consistent with a fibroblast population in the airway. The tissue context (respiratory airway) and absence of epithelial or immune-specific markers further support this identification.",1,1,YES,1
88187,GATGTTGGTCCGAAGA_T101,brush cell of tracheobronchial tree,"brush cell of tracheobronchial tree

These cells (also called tuft cells) express taste transduction machinery (GNAT3, TRPM5, CALHM3) and other markers (CPB1, GUCA1A), matching the top genes. They are chemosensory epithelial cells in the airway lined with microvilli.",brush cell of tracheobronchial tree,"These cells (also called tuft cells) express taste transduction machinery (GNAT3, TRPM5, CALHM3) and other markers (CPB1, GUCA1A), matching the top genes. They are chemosensory epithelial cells in the airway lined with microvilli.",1,1,YES,1
158130,AAATGGAGTCACCCTT_T90,brush cell of tracheobronchial tree,"brush cell of tracheobronchial tree
The expression of TRPM5, GNAT3, GNG13, and GUCA1A is characteristic of solitary chemosensory cells (brush cells) in the airway, which mediate taste-like signaling.",brush cell of tracheobronchial tree,"The expression of TRPM5, GNAT3, GNG13, and GUCA1A is characteristic of solitary chemosensory cells (brush cells) in the airway, which mediate taste-like signaling.",1,1,YES,1
32430,GTCGTTCAGGTCATAA_T101,brush cell of tracheobronchial tree,"brush cell of tracheobronchial tree

The expression profile includes key taste transduction genes (TRPM5, GNAT3, GNG13, GUCA1A, CALHM3) and CPB1, which are hallmarks of brush (tuft) cells in the respiratory epithelium. These cells function in chemosensation and immune modulation.",brush cell of tracheobronchial tree,"The expression profile includes key taste transduction genes (TRPM5, GNAT3, GNG13, GUCA1A, CALHM3) and CPB1, which are hallmarks of brush (tuft) cells in the respiratory epithelium. These cells function in chemosensation and immune modulation.",1,1,YES,1
132208,D363_Biop_Int2_CAGTCCTGTACATGTC-1-25,brush cell of tracheobronchial tree,"brush cell of tracheobronchial tree
Expression of TRPM5, GNAT3, GNG13, and CALHM3 indicates a chemosensory cell, consistent with brush (tuft) cells in the airway.",brush cell of tracheobronchial tree,"Expression of TRPM5, GNAT3, GNG13, and CALHM3 indicates a chemosensory cell, consistent with brush (tuft) cells in the airway.",1,1,YES,1
90088,D353_Brus_Dis1_AAACGGGAGGGAAACA-1-19,brush cell of tracheobronchial tree,brush cell of tracheobronchial tree,brush cell of tracheobronchial tree,,1,1,YES,1
118656,TCTAACTAGCCTGTGC_T166,brush cell of tracheobronchial tree,"brush cell of tracheobronchial tree
Expression of TRPM5, GNAT3, GUCA1A, CALHM3, and other taste transduction genes is characteristic of chemosensory tuft/brush cells in the airway.",brush cell of tracheobronchial tree,"Expression of TRPM5, GNAT3, GUCA1A, CALHM3, and other taste transduction genes is characteristic of chemosensory tuft/brush cells in the airway.",1,1,YES,1
171272,AGTCATGTCCCATAGA_T101,brush cell of tracheobronchial tree,"brush cell of tracheobronchial tree
The expression of TRPM5, GNAT3, GNG13, GUCA1A, and CALHM3 indicates a chemosensory brush/tuft cell, which functions in taste-like signaling in the airway.",brush cell of tracheobronchial tree,"The expression of TRPM5, GNAT3, GNG13, GUCA1A, and CALHM3 indicates a chemosensory brush/tuft cell, which functions in taste-like signaling in the airway.",1,1,YES,1
72308,D322_Biop_Pro1_TTGTAGGAGCTAGTCT-1-1,brush cell of tracheobronchial tree,"brush cell of tracheobronchial tree
The gene expression profile, including TRPM5, GNAT3, CALHM3, and CPB1, is characteristic of chemosensory brush cells (tuft cells) in the respiratory epithelium. These genes are involved in taste transduction and signaling, identifying this cell type.",brush cell of tracheobronchial tree,"The gene expression profile, including TRPM5, GNAT3, CALHM3, and CPB1, is characteristic of chemosensory brush cells (tuft cells) in the respiratory epithelium. These genes are involved in taste transduction and signaling, identifying this cell type.",1,1,YES,1
27183,ACGTAACAGTTGCTGT_T165,brush cell of tracheobronchial tree,"brush cell of tracheobronchial tree

The gene expression profile features known tuft/brush cell markers, including TRPM5, GNAT3, GNG13, and CPB1, which are essential for chemosensory signaling in the airway.",brush cell of tracheobronchial tree,"The gene expression profile features known tuft/brush cell markers, including TRPM5, GNAT3, GNG13, and CPB1, which are essential for chemosensory signaling in the airway.",1,1,YES,1
58118,TATACCTAGCATGAAT_T90,brush cell of tracheobronchial tree,"brush cell of tracheobronchial tree
High expression of taste transduction components (GNAT3, GNG13, TRPM5, CALHM3, GUCA1A) is a hallmark of chemosensory brush cells in the respiratory tract.",brush cell of tracheobronchial tree,"High expression of taste transduction components (GNAT3, GNG13, TRPM5, CALHM3, GUCA1A) is a hallmark of chemosensory brush cells in the respiratory tract.",1,1,YES,1
158359,ACACCGGTCTGCTGCT_T126,brush cell of tracheobronchial tree,"brush cell of tracheobronchial tree
The top genes include taste transduction components (TRPM5, GNAT3, GNG13, GUCA1A, CALHM3), which are hallmark markers of chemosensory brush (tuft) cells in the respiratory epithelium.",brush cell of tracheobronchial tree,"The top genes include taste transduction components (TRPM5, GNAT3, GNG13, GUCA1A, CALHM3), which are hallmark markers of chemosensory brush (tuft) cells in the respiratory epithelium.",1,1,YES,1
32545,D354_Biop_Pro1_CTCGTACCATCACGAT-1-20,brush cell of tracheobronchial tree,"brush cell of tracheobronchial tree
The top genes include taste transduction components (GNAT3, TRPM5, GNG13, GUCA1A, CALHM3) characteristic of brush (tuft) cells, which are chemosensory cells in the airway. CPB1 and IL37 also support this identification.",brush cell of tracheobronchial tree,"The top genes include taste transduction components (GNAT3, TRPM5, GNG13, GUCA1A, CALHM3) characteristic of brush (tuft) cells, which are chemosensory cells in the airway. CPB1 and IL37 also support this identification.",1,1,YES,1
20539,CGACTCAGTCGTGC_GRO-03_biopsy,brush cell of tracheobronchial tree,"brush cell of tracheobronchial tree
The expression of taste transduction components (GNAT3, TRPM5, GNB3, GNG13) and markers like CPB1 and GUCA1A is a hallmark of brush (tuft) cells, which are chemosensory cells in the respiratory airway.",brush cell of tracheobronchial tree,"The expression of taste transduction components (GNAT3, TRPM5, GNB3, GNG13) and markers like CPB1 and GUCA1A is a hallmark of brush (tuft) cells, which are chemosensory cells in the respiratory airway.",1,1,YES,1
92719,D353_Biop_Pro1CAAGATCTCCACTCCA-1-17,brush cell of tracheobronchial tree,"brush cell of tracheobronchial tree
The expression profile features taste transduction pathway components (TRPM5, GNAT3, GNG13, GUCA1A, CALHM3), which are hallmark markers of chemosensory brush (tuft) cells in the respiratory tract.",brush cell of tracheobronchial tree,"The expression profile features taste transduction pathway components (TRPM5, GNAT3, GNG13, GUCA1A, CALHM3), which are hallmark markers of chemosensory brush (tuft) cells in the respiratory tract.",1,1,YES,1
61620,TTAGTCTTCCCGTTCA_T165,brush cell of tracheobronchial tree,"brush cell of tracheobronchial tree
This cell type expresses taste transduction-related genes (GNAT3, GNB3, GNG13, TRPM5, CALHM3) and CPB1, characteristic of airway brush cells (tuft cells), which are chemosensory epithelial cells.",brush cell of tracheobronchial tree,"This cell type expresses taste transduction-related genes (GNAT3, GNB3, GNG13, TRPM5, CALHM3) and CPB1, characteristic of airway brush cells (tuft cells), which are chemosensory epithelial cells.",1,1,YES,1
112723,GGGCACTAGTGACATA_T126,brush cell of tracheobronchial tree,"brush cell of tracheobronchial tree
The expression of TRPM5, GNAT3, GNG13, GUCA1A, and CALHM3 are classic markers of brush (tuft) cells, chemosensory cells in the airway epithelium.",brush cell of tracheobronchial tree,"The expression of TRPM5, GNAT3, GNG13, GUCA1A, and CALHM3 are classic markers of brush (tuft) cells, chemosensory cells in the airway epithelium.",1,1,YES,1
146667,D367_Biop_Pro1_CTCCTAGGTGTGTGCC-1-28,brush cell of tracheobronchial tree,"brush cell of tracheobronchial tree
Expression of taste transduction components (TRPM5, GNAT3, CALHM3, GUCA1A, GNG13, GNB3) is hallmark of chemosensory brush (tuft) cells in the airway, which detect bitter and sweet stimuli.",brush cell of tracheobronchial tree,"Expression of taste transduction components (TRPM5, GNAT3, CALHM3, GUCA1A, GNG13, GNB3) is hallmark of chemosensory brush (tuft) cells in the airway, which detect bitter and sweet stimuli.",1,1,YES,1
169981,CACGTGGCACATCCCT_T153,brush cell of tracheobronchial tree,"brush cell of tracheobronchial tree
This profile shows classic markers of airway brush cells (tuft cells), including taste transduction components (GNAT3, TRPM5, GNG13), calcium signaling molecules (CALHM3, GUCA1A), and cholinergic signaling (CPB1). These cells are chemosensory sentinels in the respiratory epithelium.",brush cell of tracheobronchial tree,"This profile shows classic markers of airway brush cells (tuft cells), including taste transduction components (GNAT3, TRPM5, GNG13), calcium signaling molecules (CALHM3, GUCA1A), and cholinergic signaling (CPB1). These cells are chemosensory sentinels in the respiratory epithelium.",1,1,YES,1
163001,D353_Brus_Dis1_TATCAGGGTATAAACG-1-19,brush cell of tracheobronchial tree,"brush cell of tracheobronchial tree
Highly expressed genes (GNAT3, GNG13, GNB3, TRPM5, CALHM3, GUCA1A) are key components of taste transduction, characteristic of brush cells (solitary chemosensory cells) in the airway. These cells detect chemical stimuli and play a role in respiratory chemoreception.",brush cell of tracheobronchial tree,"Highly expressed genes (GNAT3, GNG13, GNB3, TRPM5, CALHM3, GUCA1A) are key components of taste transduction, characteristic of brush cells (solitary chemosensory cells) in the airway. These cells detect chemical stimuli and play a role in respiratory chemoreception.",1,1,YES,1
76976,D339_Biop_Int1_CCATGTCAGGTGGGTT-1-9,brush cell of tracheobronchial tree,"brush cell of tracheobronchial tree
High expression of taste transduction components (GNAT3, TRPM5, GNG13) and other markers (CPB1, CALHM3) identifies this as a chemosensory brush cell in the respiratory airway.",brush cell of tracheobronchial tree,"High expression of taste transduction components (GNAT3, TRPM5, GNG13) and other markers (CPB1, CALHM3) identifies this as a chemosensory brush cell in the respiratory airway.",1,1,YES,1
135469,P2_4_CCCAATCAGGACAGCT,capillary endothelial cell,"capillary endothelial cell
The top genes include CDH5 (VE-cadherin), TMEM100, EDNRB, CA4, FCN3, SLC6A4, GPIHBP1, and FOXF1, which are highly expressed in endothelial cells. The absence of epithelial, immune, or smooth muscle markers points to capillary endothelium in the respiratory airway.",capillary endothelial cell,"The top genes include CDH5 (VE-cadherin), TMEM100, EDNRB, CA4, FCN3, SLC6A4, GPIHBP1, and FOXF1, which are highly expressed in endothelial cells. The absence of epithelial, immune, or smooth muscle markers points to capillary endothelium in the respiratory airway.",1,1,YES,1
127899,P2_6_TTATGCTTCCACGTGG,capillary endothelial cell,"capillary endothelial cell
The top genes include canonical endothelial markers (CDH5, TMEM100, EDNRB) and capillary-specific markers (CA4, GPIHBP1, SLC6A4), indicating microvascular endothelial cells in the respiratory airway.",capillary endothelial cell,"The top genes include canonical endothelial markers (CDH5, TMEM100, EDNRB) and capillary-specific markers (CA4, GPIHBP1, SLC6A4), indicating microvascular endothelial cells in the respiratory airway.",1,1,YES,1
146206,P2_3_GCTTGAATCGTTGCCT,capillary endothelial cell,"capillary endothelial cell
The expression profile features classic endothelial markers like CDH5 (VE-cadherin), CA4, TMEM100, EDNRB, GPIHBP1, and FOXF1, which are highly characteristic of lung capillary endothelial cells.",capillary endothelial cell,"The expression profile features classic endothelial markers like CDH5 (VE-cadherin), CA4, TMEM100, EDNRB, GPIHBP1, and FOXF1, which are highly characteristic of lung capillary endothelial cells.",1,1,YES,1
57504,P2_3_GACGTGCCATCAGTCA,capillary endothelial cell,capillary endothelial cell,capillary endothelial cell,,1,1,YES,1
110107,P2_3_CATCGAAAGTATTGGA,capillary endothelial cell,"capillary endothelial cell

The top genes include classic endothelial markers (CDH5, CA4, FCN3, EDNRB, GPIHBP1, FOXF1) and many are highly expressed in lung capillary endothelium. GPIHBP1 and TMEM100 specifically mark capillary endothelial cells in the respiratory tract.",capillary endothelial cell,"The top genes include classic endothelial markers (CDH5, CA4, FCN3, EDNRB, GPIHBP1, FOXF1) and many are highly expressed in lung capillary endothelium. GPIHBP1 and TMEM100 specifically mark capillary endothelial cells in the respiratory tract.",1,1,YES,1
90754,P2_6_CACACCTTCCCGACTT,capillary endothelial cell,"capillary endothelial cell

The expression of CDH5, EDNRB, CA4, TMEM100, and GPIHBP1 is highly specific to lung capillary endothelium, indicating a microvascular rather than large-vessel endothelial cell type.",capillary endothelial cell,"The expression of CDH5, EDNRB, CA4, TMEM100, and GPIHBP1 is highly specific to lung capillary endothelium, indicating a microvascular rather than large-vessel endothelial cell type.",1,1,YES,1
114973,P2_3_CCACTACCACGTCAGC,capillary endothelial cell,"capillary endothelial cell

High expression of endothelial markers CDH5, EDNRB, TMEM100, and GPIHBP1, along with CA4 (capillary-specific carbonic anhydrase) and FOXF1, strongly indicates lung capillary endothelium. Other endothelial subtypes lack this combined signature.",capillary endothelial cell,"High expression of endothelial markers CDH5, EDNRB, TMEM100, and GPIHBP1, along with CA4 (capillary-specific carbonic anhydrase) and FOXF1, strongly indicates lung capillary endothelium. Other endothelial subtypes lack this combined signature.",1,1,YES,1
29787,P2_6_GCTCCTACAGCTGTGC,capillary endothelial cell,capillary endothelial cell,capillary endothelial cell,,1,1,YES,1
138230,CGACCTTGTGTTGA_GRO-07_biopsy,capillary endothelial cell,"capillary endothelial cell

The expression profile is dominated by genes highly specific to capillary endothelium: GPIHBP1 (capillary lipoprotein transporter), CA4 (lung capillary CO2 exchange), CDH5 (VE-cadherin), EDNRB, TMEM100, and FOXF1. This signature strongly differs from arterial, venous, or lymphatic endothelial cells and supports a capillary endothelial identity in the respiratory airway.",capillary endothelial cell,"The expression profile is dominated by genes highly specific to capillary endothelium: GPIHBP1 (capillary lipoprotein transporter), CA4 (lung capillary CO2 exchange), CDH5 (VE-cadherin), EDNRB, TMEM100, and FOXF1. This signature strongly differs from arterial, venous, or lymphatic endothelial cells and supports a capillary endothelial identity in the respiratory airway.",1,1,YES,1
39429,P2_4_GCTGCTTAGAGTCGGT,capillary endothelial cell,"capillary endothelial cell
The expression profile shows high levels of endothelial markers such as CDH5, CA4, TMEM100, EDNRB, GPIHBP1, and FOXF1, which are characteristic of capillary endothelial cells in the respiratory airway.",capillary endothelial cell,"The expression profile shows high levels of endothelial markers such as CDH5, CA4, TMEM100, EDNRB, GPIHBP1, and FOXF1, which are characteristic of capillary endothelial cells in the respiratory airway.",1,1,YES,1
143138,P2_3_TGAAAGAAGTGTCCCG,capillary endothelial cell,"capillary endothelial cell

The top genes include CDH5 (VE-cadherin), a pan-endothelial marker, along with CA4 and TMEM100, which are highly specific for lung capillary endothelial cells. Other genes like EDNRB, GPIHBP1, and F2RL3 further support an endothelial identity. The profile lacks markers for immune, epithelial, or stromal cells.",capillary endothelial cell,"The top genes include CDH5 (VE-cadherin), a pan-endothelial marker, along with CA4 and TMEM100, which are highly specific for lung capillary endothelial cells. Other genes like EDNRB, GPIHBP1, and F2RL3 further support an endothelial identity. The profile lacks markers for immune, epithelial, or stromal cells.",1,1,YES,1
161194,P2_3_CAGCTGGAGCCAACAG,capillary endothelial cell,Capillary endothelial cell,Capillary endothelial cell,,1,1,YES,1
80669,P2_3_AGTCTTTAGTGGTAAT,capillary endothelial cell,"capillary endothelial cell
Top genes include endothelial markers CDH5 (VE-cadherin), CA4, EDNRB, TMEM100, and GPIHBP1, strongly indicating capillary endothelial cells in the respiratory airway.",capillary endothelial cell,"Top genes include endothelial markers CDH5 (VE-cadherin), CA4, EDNRB, TMEM100, and GPIHBP1, strongly indicating capillary endothelial cells in the respiratory airway.",1,1,YES,1
74204,P2_3_TACAGTGTCAAGCCTA,capillary endothelial cell,capillary endothelial cell,capillary endothelial cell,,1,1,YES,1
2853,P2_3_CACCACTGTTATTCTC,capillary endothelial cell,"capillary endothelial cell

The expression profile shows strong enrichment of endothelial markers including CDH5 (VE-cadherin), EDNRB, CA4 (carbonic anhydrase IV), GPIHBP1, and SLC6A4. CA4 is specifically expressed on lung capillary endothelium, and GPIHBP1 is characteristic of capillary endothelial cells, supporting this identification over other endothelial subtypes.",capillary endothelial cell,"The expression profile shows strong enrichment of endothelial markers including CDH5 (VE-cadherin), EDNRB, CA4 (carbonic anhydrase IV), GPIHBP1, and SLC6A4. CA4 is specifically expressed on lung capillary endothelium, and GPIHBP1 is characteristic of capillary endothelial cells, supporting this identification over other endothelial subtypes.",1,1,YES,1
49050,CACAGGCGTAGCGTA_GRO-04_biopsy,capillary endothelial cell,"capillary endothelial cell

The top expressed genes include CDH5 (VE-cadherin), GPIHBP1, CA4, and TMEM100, which are well-established markers for capillary endothelial cells, particularly in the lung. This profile is distinct from other endothelial subtypes or epithelial/immune cells.",capillary endothelial cell,"The top expressed genes include CDH5 (VE-cadherin), GPIHBP1, CA4, and TMEM100, which are well-established markers for capillary endothelial cells, particularly in the lung. This profile is distinct from other endothelial subtypes or epithelial/immune cells.",1,1,YES,1
41907,P2_4_TACGGTAGTCGAGATG,capillary endothelial cell,"capillary endothelial cell

The expression profile is dominated by endothelial markers including CDH5, EDNRB, TMEM100, and CA4, with CA4 being highly specific for lung capillary endothelium. This pattern aligns with capillary endothelial cells in the respiratory airway.",capillary endothelial cell,"The expression profile is dominated by endothelial markers including CDH5, EDNRB, TMEM100, and CA4, with CA4 being highly specific for lung capillary endothelium. This pattern aligns with capillary endothelial cells in the respiratory airway.",1,1,YES,1
80343,P2_4_AGAGCTTGTGCTTCTC,capillary endothelial cell,"capillary endothelial cell

The expression profile includes key markers of capillary endothelium: CA4 (carbonic anhydrase 4, specific to lung capillaries), CDH5 (VE-cadherin), GPIHBP1, and TMEM100. These indicate a capillary endothelial cell in the respiratory airway context.",capillary endothelial cell,"The expression profile includes key markers of capillary endothelium: CA4 (carbonic anhydrase 4, specific to lung capillaries), CDH5 (VE-cadherin), GPIHBP1, and TMEM100. These indicate a capillary endothelial cell in the respiratory airway context.",1,1,YES,1
17828,P2_4_CTGATCCTCCGCGCAA,capillary endothelial cell,"capillary endothelial cell

The top markers include CDH5 (VE-cadherin), CA4 (lung capillary-specific), TMEM100, EDNRB, and FCN3, which are hallmark genes for capillary endothelial cells in the respiratory airway.",capillary endothelial cell,"The top markers include CDH5 (VE-cadherin), CA4 (lung capillary-specific), TMEM100, EDNRB, and FCN3, which are hallmark genes for capillary endothelial cells in the respiratory airway.",1,1,YES,1
137619,P2_3_AACTTTCTCACGACTA,capillary endothelial cell,"capillary endothelial cell
Top genes include CDH5 (endothelial marker), CA4, FCN3, TMEM100, and GPIHBP1, which are highly expressed specifically in lung capillary endothelial cells, confirming this identity.",capillary endothelial cell,"Top genes include CDH5 (endothelial marker), CA4, FCN3, TMEM100, and GPIHBP1, which are highly expressed specifically in lung capillary endothelial cells, confirming this identity.",1,1,YES,1
151488,CTCTGGTCAGCTGGCT_GRO-03_biopsy,classical monocyte,classical monocyte,classical monocyte,,1,1,YES,1
61174,CGGTCAGGTTAAGCAA_SC87,classical monocyte,classical monocyte,classical monocyte,,1,1,YES,1
24071,ATCGTAAGTTCGCGC_GRO-10_biopsy,classical monocyte,"classical monocyte

The top genes include S100A12, FCN1, CD300E, CSF3R, and MPEG1, which are hallmark markers of classical monocytes (CD14+CD16-). Their expression profile indicates a pro-inflammatory myeloid cell, not a tissue-resident macrophage.",classical monocyte,"The top genes include S100A12, FCN1, CD300E, CSF3R, and MPEG1, which are hallmark markers of classical monocytes (CD14+CD16-). Their expression profile indicates a pro-inflammatory myeloid cell, not a tissue-resident macrophage.",1,1,YES,1
139965,P2_3_TTCCCAGGTCAACATC,classical monocyte,"classical monocyte
The top genes (S100A12, FCN1, NLRP3, IL1B, CSF3R) are classic markers of classical monocytes, indicating an inflammatory myeloid cell in the airway.",classical monocyte,"The top genes (S100A12, FCN1, NLRP3, IL1B, CSF3R) are classic markers of classical monocytes, indicating an inflammatory myeloid cell in the airway.",1,1,YES,1
54190,TGGGATTGTTCCGCGA_SC87,classical monocyte,"classical monocyte

The top genes (S100A12, FCN1, NLRP3, IL1B, CD300E, CSF3R) are hallmark markers of classical (CD14+) monocytes, consistent with an inflammatory, innate immune profile in the respiratory airway.",classical monocyte,"The top genes (S100A12, FCN1, NLRP3, IL1B, CD300E, CSF3R) are hallmark markers of classical (CD14+) monocytes, consistent with an inflammatory, innate immune profile in the respiratory airway.",1,1,YES,1
102533,TCTATTGTCGTTACGA_GRO-09_biopsy,classical monocyte,"classical monocyte

The expression profile features high levels of S100A12, FCN1, CD300E, IL1B, and CSF3R, which are classic markers of classical monocytes. This suggests a pro-inflammatory, non-tissue-resident monocyte phenotype.",classical monocyte,"The expression profile features high levels of S100A12, FCN1, CD300E, IL1B, and CSF3R, which are classic markers of classical monocytes. This suggests a pro-inflammatory, non-tissue-resident monocyte phenotype.",1,1,YES,1
19071,AGCCTAAAGTGGGCTA_GRO-07_biopsy,classical monocyte,"classical monocyte

High expression of S100A12, FCN1, CD300E, IL1B, and CSF3R indicates a myeloid cell of the classical monocyte lineage. These markers are characteristic of inflammatory monocytes, distinct from tissue-resident alveolar macrophages.",classical monocyte,"High expression of S100A12, FCN1, CD300E, IL1B, and CSF3R indicates a myeloid cell of the classical monocyte lineage. These markers are characteristic of inflammatory monocytes, distinct from tissue-resident alveolar macrophages.",1,1,YES,1
41649,P2_3_TTCTACAAGAGTACCG,classical monocyte,"classical monocyte
This expression profile is highly characteristic of classical monocytes (CD14+), with high levels of S100A12, FCN1, CD300E, IL1B, VCAN, CSF3R, and NLRP3—key markers of the monocyte lineage and innate immune activation. Alveolar macrophages typically express different markers.",classical monocyte,"This expression profile is highly characteristic of classical monocytes (CD14+), with high levels of S100A12, FCN1, CD300E, IL1B, VCAN, CSF3R, and NLRP3—key markers of the monocyte lineage and innate immune activation. Alveolar macrophages typically express different markers.",1,1,YES,1
128504,CTCTGTCAGCTCGCA_GRO-07_biopsy,classical monocyte,"classical monocyte
Expression of S100A12, FCN1, NLRP3, IL1B, and VCAN is characteristic of classical (CD14+) monocytes, which are inflammatory myeloid cells involved in innate immunity.",classical monocyte,"Expression of S100A12, FCN1, NLRP3, IL1B, and VCAN is characteristic of classical (CD14+) monocytes, which are inflammatory myeloid cells involved in innate immunity.",1,1,YES,1
82335,CACTTCCTCCTA_GRO-08_biopsy,classical monocyte,"classical monocyte

The expression profile features monocyte markers such as S100A12, FCN1, CD300E, IL1B, VCAN, and CSF3R, along with strong inflammasome-related gene NLRP3. These genes are highly characteristic of classical (CD14+) monocytes, which are abundant in airway tissues and play key roles in innate immunity and inflammation.",classical monocyte,"The expression profile features monocyte markers such as S100A12, FCN1, CD300E, IL1B, VCAN, and CSF3R, along with strong inflammasome-related gene NLRP3. These genes are highly characteristic of classical (CD14+) monocytes, which are abundant in airway tissues and play key roles in innate immunity and inflammation.",1,1,YES,1
144533,ATCAGTCACATTTCT_GRO-06_biopsy,classical monocyte,"classical monocyte

The top expressed genes (S100A12, FCN1, CD300E, IL1B, CSF3R, MPEG1, MNDA) are canonical markers of classical (CD14+) monocytes, indicating an inflammatory myeloid cell type present in the respiratory airway.",classical monocyte,"The top expressed genes (S100A12, FCN1, CD300E, IL1B, CSF3R, MPEG1, MNDA) are canonical markers of classical (CD14+) monocytes, indicating an inflammatory myeloid cell type present in the respiratory airway.",1,1,YES,1
45926,P3_2_GGATTACCAACACCTA,classical monocyte,"classical monocyte

The top genes (S100A12, FCN1, CD300E, IL1B, CSF3R, MNDA, APOBEC3A) are classical monocyte markers, indicating a pro-inflammatory myeloid profile distinct from dendritic cells or macrophages.",classical monocyte,"The top genes (S100A12, FCN1, CD300E, IL1B, CSF3R, MNDA, APOBEC3A) are classical monocyte markers, indicating a pro-inflammatory myeloid profile distinct from dendritic cells or macrophages.",1,1,YES,1
165239,P3_2_AGAGCGACACGTTGGC,classical monocyte,classical monocyte,classical monocyte,,1,1,YES,1
171107,TAACGTGTAGAGCT_GRO-09_biopsy,classical monocyte,"classical monocyte

The top expressed genes, such as S100A12, FCN1, NLRP3, IL1B, and VCAN, are highly characteristic of classical (CD14++) monocytes. These cells are key mediators of inflammation and express neutrophil/monocyte markers. The profile does not match tissue-resident macrophages (e.g., lacking PPARG) nor other lymphoid or epithelial types.",classical monocyte,"The top expressed genes, such as S100A12, FCN1, NLRP3, IL1B, and VCAN, are highly characteristic of classical (CD14++) monocytes. These cells are key mediators of inflammation and express neutrophil/monocyte markers. The profile does not match tissue-resident macrophages (e.g., lacking PPARG) nor other lymphoid or epithelial types.",1,1,YES,1
32282,CCTTCGACAAGCGCTC_GRO-09_biopsy,classical monocyte,"classical monocyte

The top genes, including S100A12, FCN1, IL1B, NLRP3, and CSF3R, are highly expressed in classical monocytes (CD14+CD16-). This pattern, with strong myeloid/inflammatory markers, is characteristic of classical monocytes rather than non-classical monocytes or tissue macrophages in the respiratory airway context.",classical monocyte,"The top genes, including S100A12, FCN1, IL1B, NLRP3, and CSF3R, are highly expressed in classical monocytes (CD14+CD16-). This pattern, with strong myeloid/inflammatory markers, is characteristic of classical monocytes rather than non-classical monocytes or tissue macrophages in the respiratory airway context.",1,1,YES,1
159400,P3_2_GTCACAAGTCCTGCTT,classical monocyte,classical monocyte,classical monocyte,,1,1,YES,1
12502,TTGCCATCAGTAC_GRO-06_biopsy,classical monocyte,"classical monocyte

The top genes (S100A12, FCN1, IL1B, NLRP3, CSF3R, CD300E) are classic markers of inflammatory classical monocytes (CD14+CD16-), not macrophages or dendritic cells, matching the respiratory airway context.",classical monocyte,"The top genes (S100A12, FCN1, IL1B, NLRP3, CSF3R, CD300E) are classic markers of inflammatory classical monocytes (CD14+CD16-), not macrophages or dendritic cells, matching the respiratory airway context.",1,1,YES,1
142215,P3_2_ACGATACAGCGATTCT,classical monocyte,"classical monocyte

The top genes (S100A12, FCN1, NLRP3, IL1B, CSF3R) are highly expressed in myeloid cells, particularly classical monocytes. This profile matches monocyte-specific markers and inflammatory mediators, consistent with a classical monocyte identity in the respiratory airway context.",classical monocyte,"The top genes (S100A12, FCN1, NLRP3, IL1B, CSF3R) are highly expressed in myeloid cells, particularly classical monocytes. This profile matches monocyte-specific markers and inflammatory mediators, consistent with a classical monocyte identity in the respiratory airway context.",1,1,YES,1
55611,AGGTCCGCAGATTGCT_GRO-07_biopsy,classical monocyte,"classical monocyte

The expression profile shows high levels of S100A12, FCN1, NLRP3, IL1B, CSF3R, and MPEG1, which are characteristic of classical monocytes (CD14++CD16-). These genes are involved in innate immunity, inflammation, and myeloid cell function, aligning with monocyte identity in the respiratory airway.",classical monocyte,"The expression profile shows high levels of S100A12, FCN1, NLRP3, IL1B, CSF3R, and MPEG1, which are characteristic of classical monocytes (CD14++CD16-). These genes are involved in innate immunity, inflammation, and myeloid cell function, aligning with monocyte identity in the respiratory airway.",1,1,YES,1
39530,TCAACGATCTGTCCGT_GRO-09_biopsy,classical monocyte,classical monocyte,classical monocyte,,1,1,YES,1
101661,D326_Biop_Pro1_GGGAGATTCACGGTTA-1-3,club cell,"tracheobronchial goblet cell

The expression profile features high levels of MUC5AC, MUC5B, and TFF3, which are classic markers of goblet cells involved in mucus production in the tracheobronchial airways. Additionally, presence of SCGB1A1 and SCGB3A1 does not preclude goblet cell identity, as some secretory cells co-express these. The top gene BPIFA1 is also consistent with respiratory epithelial secretory cells.",tracheobronchial goblet cell,"The expression profile features high levels of MUC5AC, MUC5B, and TFF3, which are classic markers of goblet cells involved in mucus production in the tracheobronchial airways. Additionally, presence of SCGB1A1 and SCGB3A1 does not preclude goblet cell identity, as some secretory cells co-express these. The top gene BPIFA1 is also consistent with respiratory epithelial secretory cells.",0,0,NO,0
88701,TGCGGTAGCCACGTC_GRO-06_biopsy,club cell,"tracheobronchial goblet cell
High expression of MUC5AC, MUC5B, TFF3, and FCGBP indicates mucus-secreting goblet cells. BPIFA1 and SCGB1A1 are also present but are secondary; the mucin markers dominate, confirming goblet cell identity in the airway.",tracheobronchial goblet cell,"High expression of MUC5AC, MUC5B, TFF3, and FCGBP indicates mucus-secreting goblet cells. BPIFA1 and SCGB1A1 are also present but are secondary; the mucin markers dominate, confirming goblet cell identity in the airway.",0,0,NO,0
147214,D326_Brus_Dis1_CGTAGCGAGACAGAGA-1-5,club cell,"bronchial goblet cell
High expression of mucins MUC5AC and MUC5B, along with BPIFA1, SCGB1A1, and TFF3, indicates a secretory cell type characteristic of airway goblet cells. These genes are well-established markers for mucus-producing goblet cells in the bronchial epithelium.",bronchial goblet cell,"High expression of mucins MUC5AC and MUC5B, along with BPIFA1, SCGB1A1, and TFF3, indicates a secretory cell type characteristic of airway goblet cells. These genes are well-established markers for mucus-producing goblet cells in the bronchial epithelium.",0,0,NO,0
67980,D337_Brus_Dis1CGCTATCCAAGTTCTG-1-6,club cell,"bronchial goblet cell
High expression of MUC5AC, a key goblet cell mucin, along with goblet-associated genes TFF3 and LYPD2, and lower levels of club cell marker SCGB1A1, identifies this as a bronchial goblet cell specialized in mucus secretion in the respiratory airway.",bronchial goblet cell,"High expression of MUC5AC, a key goblet cell mucin, along with goblet-associated genes TFF3 and LYPD2, and lower levels of club cell marker SCGB1A1, identifies this as a bronchial goblet cell specialized in mucus secretion in the respiratory airway.",0,0,NO,0
170573,D353_Brus_Dis1_ATGAGGGGTTACGACT-1-19,club cell,"tracheobronchial goblet cell
High expression of MUC5AC, MUC5B, TFF3, and FCGBP indicates a mucus-secreting goblet cell. The presence of SCGB1A1 and SCGB3A1 is compatible with upper airway goblet cells, while BPIFA1 and MSMB further support a tracheobronchial origin.",tracheobronchial goblet cell,"High expression of MUC5AC, MUC5B, TFF3, and FCGBP indicates a mucus-secreting goblet cell. The presence of SCGB1A1 and SCGB3A1 is compatible with upper airway goblet cells, while BPIFA1 and MSMB further support a tracheobronchial origin.",0,0,NO,0
92581,D367_Biop_Int1_GCGGGTTGTGAGCGAT-1-29,club cell,"tracheobronchial goblet cell
High expression of mucins MUC5AC and MUC5B, along with trefoil factor TFF3 and secretoglobins SCGB1A1, SCGB3A1, and BPIFA1, is characteristic of airway goblet cells responsible for mucus production.",tracheobronchial goblet cell,"High expression of mucins MUC5AC and MUC5B, along with trefoil factor TFF3 and secretoglobins SCGB1A1, SCGB3A1, and BPIFA1, is characteristic of airway goblet cells responsible for mucus production.",0,0,NO,0
31404,TTCTCCTGTCCCGACA_GRO-04_biopsy,club cell,"bronchial goblet cell
High expression of MUC5AC, MUC5B, and TFF3 indicates mucus production typical of goblet cells. SCGB1A1 and SCGB3A1 are also present, which may reflect a transitional or mixed state in airway secretory cells, but the strong mucin markers point to a bronchial goblet cell.",bronchial goblet cell,"High expression of MUC5AC, MUC5B, and TFF3 indicates mucus production typical of goblet cells. SCGB1A1 and SCGB3A1 are also present, which may reflect a transitional or mixed state in airway secretory cells, but the strong mucin markers point to a bronchial goblet cell.",0,0,NO,0
54982,D344_Brus_Dis1_GACGGCTAGCTAGGCA-1-14,club cell,"Bronchial goblet cell
High expression of MUC5AC, MUC5B, BPIFA1, SCGB1A1, and TFF3 indicates a mucus-secreting epithelial cell typical of bronchial goblet cells in the airway.",Bronchial goblet cell,"High expression of MUC5AC, MUC5B, BPIFA1, SCGB1A1, and TFF3 indicates a mucus-secreting epithelial cell typical of bronchial goblet cells in the airway.",0,0,NO,0
127409,D353_Brus_Dis1_GACACGCGTTGTTTGG-1-19,club cell,"bronchial goblet cell

The top expressed genes include MUC5AC and MUC5B (mucins), BPIFA1, SCGB1A1, SCGB3A1, and TFF3, which are characteristic of secretory airway epithelial cells. This profile is highly specific to bronchial goblet cells, which produce mucus and express these markers.",bronchial goblet cell,"The top expressed genes include MUC5AC and MUC5B (mucins), BPIFA1, SCGB1A1, SCGB3A1, and TFF3, which are characteristic of secretory airway epithelial cells. This profile is highly specific to bronchial goblet cells, which produce mucus and express these markers.",0,0,NO,0
84717,AGGGATGTCAACGAAA_GRO-04_biopsy,club cell,"bronchial goblet cell

High expression of MUC5AC, MUC5B, BPIFA1, TFF3, and FCGBP are characteristic of airway goblet cells. Co-expression of SCGB1A1 and SCGB3A1 can occur in a subset, but the dominant mucin profile confirms a bronchial goblet identity in the respiratory airway context.",bronchial goblet cell,"High expression of MUC5AC, MUC5B, BPIFA1, TFF3, and FCGBP are characteristic of airway goblet cells. Co-expression of SCGB1A1 and SCGB3A1 can occur in a subset, but the dominant mucin profile confirms a bronchial goblet identity in the respiratory airway context.",0,0,NO,0
153993,D326_Biop_Pro1_TACCTTACAGCCTTGG-1-3,club cell,"respiratory tract hillock cell
This cell type uniquely co-expresses club cell markers (SCGB1A1, SCGB3A1), goblet cell markers (MUC5AC, MUC5B), and the hillock-defining gene LYPD2, along with BPIFA1, TSPAN8, and CYP2F1. Such a mixed secretory profile is characteristic of hillock cells in the airway epithelium.",respiratory tract hillock cell,"This cell type uniquely co-expresses club cell markers (SCGB1A1, SCGB3A1), goblet cell markers (MUC5AC, MUC5B), and the hillock-defining gene LYPD2, along with BPIFA1, TSPAN8, and CYP2F1. Such a mixed secretory profile is characteristic of hillock cells in the airway epithelium.",0,0,NO,0
136899,TCCCGATGTGCGATA_GRO-06_biopsy,club cell,"tracheobronchial goblet cell
High expression of mucins MUC5AC, MUC5B, and goblet cell markers TFF3, FCGBP, along with secretory proteins SCGB1A1/3A1 and BPIFA1, is characteristic of mucus-secreting goblet cells in the tracheobronchial airway.",tracheobronchial goblet cell,"High expression of mucins MUC5AC, MUC5B, and goblet cell markers TFF3, FCGBP, along with secretory proteins SCGB1A1/3A1 and BPIFA1, is characteristic of mucus-secreting goblet cells in the tracheobronchial airway.",0,0,NO,0
74108,CTAACTTGTTAGGGTG_T85,club cell,"club cell
High expression of SCGB1A1, SCGB3A1, BPIFA1, and BPIFB1 are hallmark club cell markers, along with CYP2F1 and other secretory genes. While MUC5AC can be present, the overall profile aligns with club cells of the respiratory airway.",club cell,"High expression of SCGB1A1, SCGB3A1, BPIFA1, and BPIFB1 are hallmark club cell markers, along with CYP2F1 and other secretory genes. While MUC5AC can be present, the overall profile aligns with club cells of the respiratory airway.",1,1,YES,1
117839,TCAGGATAGGTAAACT_GRO-10_biopsy,club cell,"tracheobronchial goblet cell
High expression of mucins MUC5AC and MUC5B, along with secretory markers BPIFA1, SCGB1A1, and TFF3, indicates a mucus-secreting goblet cell from the tracheobronchial epithelium.",tracheobronchial goblet cell,"High expression of mucins MUC5AC and MUC5B, along with secretory markers BPIFA1, SCGB1A1, and TFF3, indicates a mucus-secreting goblet cell from the tracheobronchial epithelium.",0,0,NO,0
143243,CGATGTAGTGGCGAAT_GRO-10_biopsy,club cell,"Bronchial goblet cell

Top expressed genes include MUC5AC, MUC5B, BPIFA1, TFF3, FCGBP, and CEACAM6, which are classic goblet cell markers. The presence of SCGB1A1 and SCGB3A1 may reflect a mixed secretory phenotype, but the high MUC5AC expression strongly identifies this as a bronchial goblet cell in the respiratory airway.",Bronchial goblet cell,"Top expressed genes include MUC5AC, MUC5B, BPIFA1, TFF3, FCGBP, and CEACAM6, which are classic goblet cell markers. The presence of SCGB1A1 and SCGB3A1 may reflect a mixed secretory phenotype, but the high MUC5AC expression strongly identifies this as a bronchial goblet cell in the respiratory airway.",0,0,NO,0
7794,D326_Brus_Dis1_CCTTACGGTGAACCTT-1-5,club cell,"bronchial goblet cell

High expression of secretory markers MUC5AC, MUC5B, TFF3, and FCGBP is characteristic of goblet cells. BPIFA1 and SCGB1A1 are also present, reflecting the airway secretory lineage. This profile matches bronchial goblet cells, which produce mucus and express both mucins and secretoglobins.",bronchial goblet cell,"High expression of secretory markers MUC5AC, MUC5B, TFF3, and FCGBP is characteristic of goblet cells. BPIFA1 and SCGB1A1 are also present, reflecting the airway secretory lineage. This profile matches bronchial goblet cells, which produce mucus and express both mucins and secretoglobins.",0,0,NO,0
86796,D353_Biop_Pro1CAAGATCTCTTGGGTA-1-17,club cell,"tracheobronchial goblet cell
High expression of MUC5AC, MUC5B, FCGBP, and TFF3 indicates mucus-secreting goblet cells. BPIFA1 and SCGB1A1 are also present but club cell markers are less dominant.",tracheobronchial goblet cell,"High expression of MUC5AC, MUC5B, FCGBP, and TFF3 indicates mucus-secreting goblet cells. BPIFA1 and SCGB1A1 are also present but club cell markers are less dominant.",0,0,NO,0
151881,D344_Brus_Dis1_CTAAGACTCGGTCCGA-1-14,club cell,"tracheobronchial goblet cell
High expression of MUC5AC and MUC5B (mucins) along with BPIFA1, TFF3, and SCGB1A1 is characteristic of airway goblet cells that secrete mucus; SCGB1A1 and SCGB3A1 also suggest secretory lineage, but MUC5AC dominance confirms goblet identity.",tracheobronchial goblet cell,"High expression of MUC5AC and MUC5B (mucins) along with BPIFA1, TFF3, and SCGB1A1 is characteristic of airway goblet cells that secrete mucus; SCGB1A1 and SCGB3A1 also suggest secretory lineage, but MUC5AC dominance confirms goblet identity.",0,0,NO,0
40840,D354_Brus_Dis1_CTAGAGTTCTGCGACG-1-22,club cell,"tracheobronchial goblet cell
High expression of MUC5AC and MUC5B, along with TFF3 and BPIFA1, indicates a mucus-secreting goblet cell in the airway epithelium. SCGB1A1 and SCGB3A1 are less specific but also consistent with airway epithelial phenotypes.",tracheobronchial goblet cell,"High expression of MUC5AC and MUC5B, along with TFF3 and BPIFA1, indicates a mucus-secreting goblet cell in the airway epithelium. SCGB1A1 and SCGB3A1 are less specific but also consistent with airway epithelial phenotypes.",0,0,NO,0
138855,D354_Biop_Int2_TACTCGCCATGTTGAC-1-21,club cell,"bronchial goblet cell

High expression of MUC5AC and MUC5B (mucins), along with BPIFA1, SCGB1A1, SCGB3A1, TFF3, and PIGR, indicates a secretory mucous cell phenotype typical of bronchial goblet cells in the airway epithelium.",bronchial goblet cell,"High expression of MUC5AC and MUC5B (mucins), along with BPIFA1, SCGB1A1, SCGB3A1, TFF3, and PIGR, indicates a secretory mucous cell phenotype typical of bronchial goblet cells in the airway epithelium.",0,0,NO,0
106711,P2_4_ACGGAGACATCAGTCA,conventional dendritic cell,"conventional dendritic cell
High expression of XCR1, CLEC9A, and WDFY4 are specific markers for conventional dendritic cells type 1 (cDC1). Supporting genes FLT3, IRF8, and BATF3 are essential for cDC1 development, confirming this identity in the respiratory airway.",conventional dendritic cell,"High expression of XCR1, CLEC9A, and WDFY4 are specific markers for conventional dendritic cells type 1 (cDC1). Supporting genes FLT3, IRF8, and BATF3 are essential for cDC1 development, confirming this identity in the respiratory airway.",1,1,YES,1
145824,P3_2_ATCCACCAGCAACGGT,conventional dendritic cell,"conventional dendritic cell

High expression of XCR1, CLEC9A, and BATF3 is characteristic of conventional dendritic cells (cDC1 subset), which are specialized in cross-presentation. These markers distinguish them from other dendritic cell subtypes and immune cells in the respiratory airway.",conventional dendritic cell,"High expression of XCR1, CLEC9A, and BATF3 is characteristic of conventional dendritic cells (cDC1 subset), which are specialized in cross-presentation. These markers distinguish them from other dendritic cell subtypes and immune cells in the respiratory airway.",1,1,YES,1
128614,CCAATCCCAAGGTTCT_GRO-03_biopsy,conventional dendritic cell,"conventional dendritic cell
Top markers XCR1, CLEC9A, and BATF3 are specific for conventional dendritic cells (cDC1), which cross-present antigens and reside in respiratory airways.",conventional dendritic cell,"Top markers XCR1, CLEC9A, and BATF3 are specific for conventional dendritic cells (cDC1), which cross-present antigens and reside in respiratory airways.",1,1,YES,1
84894,CAGTCCTCAGTATAA_GRO-08_biopsy,conventional dendritic cell,"conventional dendritic cell

The expression of XCR1, CLEC9A, FLT3, IRF8, BATF3, IDO1, and DNASE1L3 is highly specific for conventional dendritic cells type 1 (cDC1), which are specialized in cross-presentation and antiviral immunity.",conventional dendritic cell,"The expression of XCR1, CLEC9A, FLT3, IRF8, BATF3, IDO1, and DNASE1L3 is highly specific for conventional dendritic cells type 1 (cDC1), which are specialized in cross-presentation and antiviral immunity.",1,1,YES,1
104699,CTTCCAGTGTCGCT_GRO-04_biopsy,conventional dendritic cell,"conventional dendritic cell

The expression of XCR1, CLEC9A, and FLT3, along with transcription factors IRF8 and BATF3, is characteristic of conventional type 1 dendritic cells (cDC1), which are specialized in cross-presentation and antiviral immunity.",conventional dendritic cell,"The expression of XCR1, CLEC9A, and FLT3, along with transcription factors IRF8 and BATF3, is characteristic of conventional type 1 dendritic cells (cDC1), which are specialized in cross-presentation and antiviral immunity.",1,1,YES,1
163679,TCTCTAAAGAGATGA_GRO-09_biopsy,conventional dendritic cell,"conventional dendritic cell

The top genes include XCR1, CLEC9A, WDFY4, BATF3, IRF8, and FLT3, which are definitive markers of conventional dendritic cells, specifically the cDC1 subset. These genes are not characteristic of other respiratory cell types.",conventional dendritic cell,"The top genes include XCR1, CLEC9A, WDFY4, BATF3, IRF8, and FLT3, which are definitive markers of conventional dendritic cells, specifically the cDC1 subset. These genes are not characteristic of other respiratory cell types.",1,1,YES,1
110898,GAGACCCCAAGAAACT_SC87,conventional dendritic cell,"conventional dendritic cell
The expression profile includes XCR1, CLEC9A, BATF3, and IRF8, which are hallmark markers of conventional type 1 dendritic cells (cDC1). These cells are specialized in cross-presentation and antiviral immunity, consistent with their presence in respiratory tissues.",conventional dendritic cell,"The expression profile includes XCR1, CLEC9A, BATF3, and IRF8, which are hallmark markers of conventional type 1 dendritic cells (cDC1). These cells are specialized in cross-presentation and antiviral immunity, consistent with their presence in respiratory tissues.",1,1,YES,1
131521,TTAACTCGTAGGGTAC_GRO-09_biopsy,conventional dendritic cell,"Conventional dendritic cell

The top genes XCR1 and CLEC9A are canonical markers of conventional type 1 dendritic cells (cDC1), a subset of conventional dendritic cells. Co-expression of FLT3, IRF8, BATF3, and IDO2 further supports cDC1 identity and function. This profile is distinct from other dendritic cell subtypes and immune cells.",Conventional dendritic cell,"The top genes XCR1 and CLEC9A are canonical markers of conventional type 1 dendritic cells (cDC1), a subset of conventional dendritic cells. Co-expression of FLT3, IRF8, BATF3, and IDO2 further supports cDC1 identity and function. This profile is distinct from other dendritic cell subtypes and immune cells.",1,1,YES,1
10073,CACCAGGGTCAGGACA_GRO-09_biopsy,conventional dendritic cell,"conventional dendritic cell

The top markers XCR1, CLEC9A, WDFY4, FLT3, IRF8, and BATF3 are characteristic of conventional type 1 dendritic cells (cDC1), a subset of conventional dendritic cells. These cells are efficient at cross-presentation and are found in the respiratory tract.",conventional dendritic cell,"The top markers XCR1, CLEC9A, WDFY4, FLT3, IRF8, and BATF3 are characteristic of conventional type 1 dendritic cells (cDC1), a subset of conventional dendritic cells. These cells are efficient at cross-presentation and are found in the respiratory tract.",1,1,YES,1
100753,CACATAGAGGCGACAT_GRO-07_biopsy,conventional dendritic cell,conventional dendritic cell,conventional dendritic cell,,1,1,YES,1
27215,P2_3_TGACTTTCATGACGGA,conventional dendritic cell,"conventional dendritic cell

The top genes (XCR1, CLEC9A, FLT3, IRF8, BATF3) are canonical markers for conventional dendritic cells, specifically the cDC1 subset. This profile is distinct from other respiratory cell types.",conventional dendritic cell,"The top genes (XCR1, CLEC9A, FLT3, IRF8, BATF3) are canonical markers for conventional dendritic cells, specifically the cDC1 subset. This profile is distinct from other respiratory cell types.",1,1,YES,1
127467,AAACTCTCAAAGACA_GRO-09_biopsy,conventional dendritic cell,"conventional dendritic cell

Top markers XCR1, CLEC9A, WDFY4, FLT3, IRF8, and BATF3 define type 1 conventional dendritic cells (cDC1), specialized in cross-presentation and antiviral immunity in respiratory tissues.",conventional dendritic cell,"Top markers XCR1, CLEC9A, WDFY4, FLT3, IRF8, and BATF3 define type 1 conventional dendritic cells (cDC1), specialized in cross-presentation and antiviral immunity in respiratory tissues.",1,1,YES,1
131690,GACCTTCGTATGAGGC_SC87,conventional dendritic cell,"conventional dendritic cell

The expression profile includes XCR1 and CLEC9A, which are specific markers for cDC1 (conventional type 1 dendritic cells). Additional supporting genes like FLT3, IRF8, and BATF3 are critical for dendritic cell development and function, confirming this identity.",conventional dendritic cell,"The expression profile includes XCR1 and CLEC9A, which are specific markers for cDC1 (conventional type 1 dendritic cells). Additional supporting genes like FLT3, IRF8, and BATF3 are critical for dendritic cell development and function, confirming this identity.",1,1,YES,1
19910,P3_2_ACGGAGATCATAACCG,conventional dendritic cell,"conventional dendritic cell

The strong expression of XCR1, CLEC9A, FLT3, IRF8, and BATF3 is characteristic of conventional type 1 dendritic cells (cDC1), which are key for cross-presentation in respiratory tissues.",conventional dendritic cell,"The strong expression of XCR1, CLEC9A, FLT3, IRF8, and BATF3 is characteristic of conventional type 1 dendritic cells (cDC1), which are key for cross-presentation in respiratory tissues.",1,1,YES,1
145991,AACAAGATCGAAGCCC_SC87,conventional dendritic cell,"conventional dendritic cell

XCR1 and CLEC9A are definitive markers for conventional type 1 dendritic cells (cDC1), which are specialized in cross-presentation. Co-expression of WDFY4, FLT3, IRF8, and BATF3 further confirms this identity in the respiratory airway context.",conventional dendritic cell,"XCR1 and CLEC9A are definitive markers for conventional type 1 dendritic cells (cDC1), which are specialized in cross-presentation. Co-expression of WDFY4, FLT3, IRF8, and BATF3 further confirms this identity in the respiratory airway context.",1,1,YES,1
94292,CTATCCGTCGAGTCTA_SC87,conventional dendritic cell,"conventional dendritic cell

The top markers XCR1, CLEC9A, WDFY4, FLT3, IRF8, and BATF3 are hallmarks of conventional type 1 dendritic cells (cDC1), which are specialized for cross-presentation and antiviral immunity.",conventional dendritic cell,"The top markers XCR1, CLEC9A, WDFY4, FLT3, IRF8, and BATF3 are hallmarks of conventional type 1 dendritic cells (cDC1), which are specialized for cross-presentation and antiviral immunity.",1,1,YES,1
125744,P2_6_CTTCTCTGTCTCTTAT,conventional dendritic cell,"conventional dendritic cell
The top genes (XCR1, CLEC9A, WDFY4, FLT3, IRF8, BATF3) are canonical markers of conventional dendritic cells, particularly the cDC1 subset, which are specialized in cross-presentation and are present in respiratory airways.",conventional dendritic cell,"The top genes (XCR1, CLEC9A, WDFY4, FLT3, IRF8, BATF3) are canonical markers of conventional dendritic cells, particularly the cDC1 subset, which are specialized in cross-presentation and are present in respiratory airways.",1,1,YES,1
42561,TCGGGTCATTTGCTT_GRO-09_biopsy,conventional dendritic cell,"conventional dendritic cell
High expression of XCR1, CLEC9A, BATF3, IRF8, and FLT3 is a hallmark of conventional dendritic cells type 1 (cDC1). These markers distinguish them from other dendritic cells and immune cells.",conventional dendritic cell,"High expression of XCR1, CLEC9A, BATF3, IRF8, and FLT3 is a hallmark of conventional dendritic cells type 1 (cDC1). These markers distinguish them from other dendritic cells and immune cells.",1,1,YES,1
120097,ATGCGATCACGAAAGC_GRO-09_biopsy,conventional dendritic cell,conventional dendritic cell,conventional dendritic cell,,1,1,YES,1
118841,CCACCTACAGACGTA_GRO-03_biopsy,conventional dendritic cell,"conventional dendritic cell

The top genes (XCR1, CLEC9A, WDFY4, FLT3, IRF8, BATF3) are canonical markers for type 1 conventional dendritic cells (cDC1), which play key roles in cross-presentation and antiviral immunity in respiratory airways.",conventional dendritic cell,"The top genes (XCR1, CLEC9A, WDFY4, FLT3, IRF8, BATF3) are canonical markers for type 1 conventional dendritic cells (cDC1), which play key roles in cross-presentation and antiviral immunity in respiratory airways.",1,1,YES,1
118999,D339_Biop_Int1_GAACGGATCCCGGATG-1-9,dendritic cell,"CD1c-positive myeloid dendritic cell
High expression of CCL22, CCL17, CD1B, IL12B, EBI3, and CCR7 is characteristic of conventional myeloid dendritic cells, specifically CD1c+ DCs, which are key antigen-presenting cells in the respiratory airway.",CD1c-positive myeloid dendritic cell,"High expression of CCL22, CCL17, CD1B, IL12B, EBI3, and CCR7 is characteristic of conventional myeloid dendritic cells, specifically CD1c+ DCs, which are key antigen-presenting cells in the respiratory airway.",0,1,YES,1
18411,D344_Brus_Dis1_GGCAATTGTCACTGGC-1-14,dendritic cell,"CD1c-positive myeloid dendritic cell

Expression of CD1B, CCL17, CCL22, IL12B, EBI3, and CCR7 is characteristic of myeloid dendritic cells, specifically CD1c+ DCs, which are antigen-presenting cells in the respiratory airway.",CD1c-positive myeloid dendritic cell,"Expression of CD1B, CCL17, CCL22, IL12B, EBI3, and CCR7 is characteristic of myeloid dendritic cells, specifically CD1c+ DCs, which are antigen-presenting cells in the respiratory airway.",0,1,YES,1
102643,D344_Brus_Dis1_AGACGTTGTATTACCG-1-14,dendritic cell,"CD1c-positive myeloid dendritic cell
High expression of CCL22, CCL17, CD1B, IL12B, and EBI3 is characteristic of CD1c+ myeloid dendritic cells, which are key antigen-presenting cells in the airway mucosa.",CD1c-positive myeloid dendritic cell,"High expression of CCL22, CCL17, CD1B, IL12B, and EBI3 is characteristic of CD1c+ myeloid dendritic cells, which are key antigen-presenting cells in the airway mucosa.",0,1,YES,1
148717,D344_Brus_Dis1_CGTCCATTCACTCTTA-1-14,dendritic cell,"CD1c-positive myeloid dendritic cell
The expression of CCL22, CCL17, IL12B, EBI3, CD1B, and CCR7 is characteristic of CD1c+ myeloid dendritic cells, which are professional antigen-presenting cells in the respiratory airway involved in immune regulation.",CD1c-positive myeloid dendritic cell,"The expression of CCL22, CCL17, IL12B, EBI3, CD1B, and CCR7 is characteristic of CD1c+ myeloid dendritic cells, which are professional antigen-presenting cells in the respiratory airway involved in immune regulation.",0,1,YES,1
11318,CCGTGGAAGAGGTACC_GRO-03_biopsy,dendritic cell,"CD1c-positive myeloid dendritic cell

The expression profile includes key dendritic cell markers: CCL22, CCL17, CD1B, CCR7, IL12B, and EBI3. CD1B specifically defines CD1c+ myeloid dendritic cells, and CCR7 is essential for their migration. This combination is characteristic of this dendritic cell subset in the respiratory airway.",CD1c-positive myeloid dendritic cell,"The expression profile includes key dendritic cell markers: CCL22, CCL17, CD1B, CCR7, IL12B, and EBI3. CD1B specifically defines CD1c+ myeloid dendritic cells, and CCR7 is essential for their migration. This combination is characteristic of this dendritic cell subset in the respiratory airway.",0,1,YES,1
34178,TCACATTGTTCGGCTG_SC87,dendritic cell,"CD1c-positive myeloid dendritic cell

The top genes (CCL22, CCL17, IL12B, EBI3, CD1B, CCR7, AOC1) are classic markers of myeloid dendritic cells, particularly CD1c+ subset, involved in antigen presentation and T-cell activation in respiratory tissues.",CD1c-positive myeloid dendritic cell,"The top genes (CCL22, CCL17, IL12B, EBI3, CD1B, CCR7, AOC1) are classic markers of myeloid dendritic cells, particularly CD1c+ subset, involved in antigen presentation and T-cell activation in respiratory tissues.",0,1,YES,1
12817,P2_8_AAAGTAGGTACAGACG,dendritic cell,"CD1c-positive myeloid dendritic cell
High expression of CCL22, CCL17, IL12B, EBI3, CD1B, and CCR7 is characteristic of myeloid dendritic cells, particularly the CD1c+ subset in the airway. These chemokines and cytokines are key for T cell recruitment and activation.",CD1c-positive myeloid dendritic cell,"High expression of CCL22, CCL17, IL12B, EBI3, CD1B, and CCR7 is characteristic of myeloid dendritic cells, particularly the CD1c+ subset in the airway. These chemokines and cytokines are key for T cell recruitment and activation.",0,1,YES,1
139068,D326_Biop_Pro1_GCACATACATGCCTTC-1-3,dendritic cell,CD1c-positive myeloid dendritic cell,CD1c-positive myeloid dendritic cell,,0,1,YES,1
36070,TTTATGCGTCTTCTC_GRO-03_biopsy,dendritic cell,"CD1c-positive myeloid dendritic cell
The expression of CCL22, CCL17, IL12B, EBI3, CD1B, and CCR7 is characteristic of myeloid dendritic cells, particularly CD1c-positive subset. These genes support antigen presentation and T cell activation in the respiratory airway.",CD1c-positive myeloid dendritic cell,"The expression of CCL22, CCL17, IL12B, EBI3, CD1B, and CCR7 is characteristic of myeloid dendritic cells, particularly CD1c-positive subset. These genes support antigen presentation and T cell activation in the respiratory airway.",0,1,YES,1
104938,CTCTGGTAGGCTAGAC_GRO-04_biopsy,dendritic cell,"CD1c-positive myeloid dendritic cell

High expression of CCL22, CCL17, CD1B, CCR7, IL12B, and EBI3 is characteristic of CD1c+ myeloid dendritic cells in the respiratory airway, which are key antigen-presenting cells involved in chemokine secretion and T cell activation.",CD1c-positive myeloid dendritic cell,"High expression of CCL22, CCL17, CD1B, CCR7, IL12B, and EBI3 is characteristic of CD1c+ myeloid dendritic cells in the respiratory airway, which are key antigen-presenting cells involved in chemokine secretion and T cell activation.",0,1,YES,1
144074,P2_3_ACGTCAAGTCGGCTCA,dendritic cell,"CD1c-positive myeloid dendritic cell
The top genes include CCL22, CCL17, CD1B, IL12B, EBI3, and CCR7—all highly expressed in CD1c+ myeloid dendritic cells (mDCs). These chemokines and cytokine subunits are key for mDC function and migration, matching this specialized dendritic cell subtype in the respiratory airway.",CD1c-positive myeloid dendritic cell,"The top genes include CCL22, CCL17, CD1B, IL12B, EBI3, and CCR7—all highly expressed in CD1c+ myeloid dendritic cells (mDCs). These chemokines and cytokine subunits are key for mDC function and migration, matching this specialized dendritic cell subtype in the respiratory airway.",0,1,YES,1
16672,P2_3_ATAAGAGAGACCCACC,dendritic cell,"CD1c-positive myeloid dendritic cell
The top expressed genes include CCL22, CCL17, IL12B, EBI3, CD1B, and CCR7, which are characteristic of myeloid dendritic cells, particularly CD1c+ subset, involved in antigen presentation and chemokine signaling in the respiratory airway.",CD1c-positive myeloid dendritic cell,"The top expressed genes include CCL22, CCL17, IL12B, EBI3, CD1B, and CCR7, which are characteristic of myeloid dendritic cells, particularly CD1c+ subset, involved in antigen presentation and chemokine signaling in the respiratory airway.",0,1,YES,1
153308,TTGCGTCAGACGCAAC_GRO-03_biopsy,dendritic cell,"CD1c-positive myeloid dendritic cell

The expression profile shows high levels of CCL22, CCL17, CD1B, and CCR7, which are characteristic markers of CD1c+ myeloid dendritic cells. These chemokines and antigen-presenting molecules are typically expressed by this dendritic cell subset in the respiratory airway.",CD1c-positive myeloid dendritic cell,"The expression profile shows high levels of CCL22, CCL17, CD1B, and CCR7, which are characteristic markers of CD1c+ myeloid dendritic cells. These chemokines and antigen-presenting molecules are typically expressed by this dendritic cell subset in the respiratory airway.",0,1,YES,1
161588,ACCCACTTCCTCGCAT_GRO-03_biopsy,dendritic cell,"CD1c-positive myeloid dendritic cell
The expression of CD1B, CCL22, CCL17, IL12B, EBI3, and CCR7 is characteristic of myeloid dendritic cells, particularly CD1c+ subset, which are key antigen-presenting cells in the respiratory airway.",CD1c-positive myeloid dendritic cell,"The expression of CD1B, CCL22, CCL17, IL12B, EBI3, and CCR7 is characteristic of myeloid dendritic cells, particularly CD1c+ subset, which are key antigen-presenting cells in the respiratory airway.",0,1,YES,1
136666,D326_Biop_Int1_CCTTTCTAGCGATGAC-1-4,dendritic cell,"CD1c-positive myeloid dendritic cell
High expression of chemokines CCL22/CCL17, CD1B, CCR7, and IL12B/EBI3 is characteristic of CD1c+ conventional dendritic cells, which are involved in antigen presentation and T cell activation in the respiratory airway.",CD1c-positive myeloid dendritic cell,"High expression of chemokines CCL22/CCL17, CD1B, CCR7, and IL12B/EBI3 is characteristic of CD1c+ conventional dendritic cells, which are involved in antigen presentation and T cell activation in the respiratory airway.",0,1,YES,1
88679,TTGACTTGTCGGCTCA_GRO-06_biopsy,dendritic cell,"CD1c-positive myeloid dendritic cell
High expression of CCL22, CCL17, IL12B, EBI3, and CD1B indicates a dendritic cell phenotype, specifically CD1c+ myeloid dendritic cells in the respiratory airway. These markers are key for antigen presentation and T cell activation.",CD1c-positive myeloid dendritic cell,"High expression of CCL22, CCL17, IL12B, EBI3, and CD1B indicates a dendritic cell phenotype, specifically CD1c+ myeloid dendritic cells in the respiratory airway. These markers are key for antigen presentation and T cell activation.",0,1,YES,1
126336,TATCTTTCTGGTTCC_GRO-09_biopsy,dendritic cell,"CD1c-positive myeloid dendritic cell
Expression of CCL22, CCL17, CD1B, CCR7, IL12B, and EBI3 is characteristic of myeloid dendritic cells, especially CD1c+ subset, which are antigen-presenting cells in airways.",CD1c-positive myeloid dendritic cell,"Expression of CCL22, CCL17, CD1B, CCR7, IL12B, and EBI3 is characteristic of myeloid dendritic cells, especially CD1c+ subset, which are antigen-presenting cells in airways.",0,1,YES,1
121285,P2_4_TTTATGCCAAGCGCTC,dendritic cell,"CD1c-positive myeloid dendritic cell
High expression of CD1B, CCL17, CCL22, and IL12B/EBI3 is characteristic of CD1c+ myeloid dendritic cells, which are key antigen-presenting cells in the respiratory airway.",CD1c-positive myeloid dendritic cell,"High expression of CD1B, CCL17, CCL22, and IL12B/EBI3 is characteristic of CD1c+ myeloid dendritic cells, which are key antigen-presenting cells in the respiratory airway.",0,1,YES,1
61145,P2_6_GTGCAGCCACGCCAGT,dendritic cell,"CD1c-positive myeloid dendritic cell

The top genes include CCL22, CCL17, IL12B, EBI3, CD1B, and CCR7, which are characteristic of myeloid dendritic cells, particularly CD1c-positive subset, involved in antigen presentation and chemokine signaling.",CD1c-positive myeloid dendritic cell,"The top genes include CCL22, CCL17, IL12B, EBI3, CD1B, and CCR7, which are characteristic of myeloid dendritic cells, particularly CD1c-positive subset, involved in antigen presentation and chemokine signaling.",0,1,YES,1
144326,D372_Brus_Dis1_ACTTACTAGATGCCTT-1-35,dendritic cell,"CD1c-positive myeloid dendritic cell
High expression of CD1B, CCL17, CCL22, IL12B, EBI3, and CCR7 is characteristic of CD1c-positive myeloid dendritic cells in the respiratory airway.",CD1c-positive myeloid dendritic cell,"High expression of CD1B, CCL17, CCL22, IL12B, EBI3, and CCR7 is characteristic of CD1c-positive myeloid dendritic cells in the respiratory airway.",0,1,YES,1
123819,CATTCATCATCTCGTC_SC87,elicited macrophage,"alveolar macrophage
High expression of SPP1, CD163, ITGAX, IL1B, and AQP9 are classic markers of alveolar macrophages, the resident immune cells in the respiratory airway that mediate innate immunity and tissue homeostasis.",alveolar macrophage,"High expression of SPP1, CD163, ITGAX, IL1B, and AQP9 are classic markers of alveolar macrophages, the resident immune cells in the respiratory airway that mediate innate immunity and tissue homeostasis.",0,1,NO,0
164643,D353_Brus_Dis1_GTGGGTCGTGTGCCTG-1-19,elicited macrophage,"alveolar macrophage
High expression of macrophage markers CD163, ITGAX, STAB1, SPP1, IL1B, and AQP9 in a respiratory context indicates alveolar macrophages, which reside in airways and express these genes for phagocytosis and immune response.",alveolar macrophage,"High expression of macrophage markers CD163, ITGAX, STAB1, SPP1, IL1B, and AQP9 in a respiratory context indicates alveolar macrophages, which reside in airways and express these genes for phagocytosis and immune response.",0,1,NO,0
102854,CAGCCAGAGGTACATA_SC87,elicited macrophage,"alveolar macrophage
High expression of CD163, SPP1, ITGAX, and IL1B indicates macrophage identity; these markers, along with GPR84, CCL3L3, and STAB1, are characteristic of alveolar macrophages in the respiratory airway.",alveolar macrophage,"High expression of CD163, SPP1, ITGAX, and IL1B indicates macrophage identity; these markers, along with GPR84, CCL3L3, and STAB1, are characteristic of alveolar macrophages in the respiratory airway.",0,1,NO,0
148199,TCATTACAGACGACTG_SC87,elicited macrophage,"alveolar macrophage
High expression of macrophage markers SPP1, CD163, ITGAX, and RETN, along with inflammatory genes like IL1B and chemokines, indicates an alveolar macrophage in the respiratory airway.",alveolar macrophage,"High expression of macrophage markers SPP1, CD163, ITGAX, and RETN, along with inflammatory genes like IL1B and chemokines, indicates an alveolar macrophage in the respiratory airway.",0,1,NO,0
106009,ACGGGTCAGGTAGATT_SC87,elicited macrophage,"alveolar macrophage
High expression of macrophage markers SPP1, CD163, ITGAX, IL1B, GPR84, and STAB1 is characteristic of alveolar macrophages in the respiratory airway, which are involved in immune surveillance and inflammation.",alveolar macrophage,"High expression of macrophage markers SPP1, CD163, ITGAX, IL1B, GPR84, and STAB1 is characteristic of alveolar macrophages in the respiratory airway, which are involved in immune surveillance and inflammation.",0,1,NO,0
25846,TGGTAGTAGTGACACG_SC87,elicited macrophage,"alveolar macrophage

The gene expression profile (SPP1, CD163, ITGAX, STAB1, IL1B, GPR84) is characteristic of alveolar macrophages, a key immune cell in the respiratory airway that mediates phagocytosis and inflammation.",alveolar macrophage,"The gene expression profile (SPP1, CD163, ITGAX, STAB1, IL1B, GPR84) is characteristic of alveolar macrophages, a key immune cell in the respiratory airway that mediates phagocytosis and inflammation.",0,1,NO,0
159322,CCTCTCCTCGTAACCA_SC87,elicited macrophage,"alveolar macrophage
Highly expressed SPP1, CD163, ITGAX, STAB1, and inflammatory cytokines typical of alveolar macrophages in respiratory airway.",alveolar macrophage,"Highly expressed SPP1, CD163, ITGAX, STAB1, and inflammatory cytokines typical of alveolar macrophages in respiratory airway.",0,1,NO,0
118289,D344_Brus_Dis1_ACCCACTTCCGAGCCA-1-14,elicited macrophage,"alveolar macrophage
The gene expression profile shows high levels of SPP1, CD163, STAB1, ITGAX, IL1B, and AQP9, which are classic markers of alveolar macrophages in the respiratory airway. These genes indicate a phagocytic, immunomodulatory role consistent with tissue-resident macrophages.",alveolar macrophage,"The gene expression profile shows high levels of SPP1, CD163, STAB1, ITGAX, IL1B, and AQP9, which are classic markers of alveolar macrophages in the respiratory airway. These genes indicate a phagocytic, immunomodulatory role consistent with tissue-resident macrophages.",0,1,NO,0
35804,GTTGAACGTGAATTGA_SC87,elicited macrophage,"alveolar macrophage
High expression of CD163, ITGAX, STAB1, ADGRE2, SPP1, RETN, and IL1B indicates a tissue-resident alveolar macrophage profile, consistent with respiratory airway context.",alveolar macrophage,"High expression of CD163, ITGAX, STAB1, ADGRE2, SPP1, RETN, and IL1B indicates a tissue-resident alveolar macrophage profile, consistent with respiratory airway context.",0,1,NO,0
107082,TCATTACTCCTAACAG_SC87,elicited macrophage,alveolar macrophage,alveolar macrophage,,0,1,NO,0
100530,TGCGATAAGTTTGGCT_SC87,elicited macrophage,"alveolar macrophage
High expression of macrophage markers (CD163, ITGAX, SPP1, AQP9, GPR84, STAB1, RETN, IL1B) and tissue context (respiratory airway) indicates alveolar macrophages, which are resident immune cells in the lung.",alveolar macrophage,"High expression of macrophage markers (CD163, ITGAX, SPP1, AQP9, GPR84, STAB1, RETN, IL1B) and tissue context (respiratory airway) indicates alveolar macrophages, which are resident immune cells in the lung.",0,1,NO,0
90029,GGCGTCACAAGCACCC_SC87,elicited macrophage,"alveolar macrophage
The profile shows high expression of macrophage markers SPP1 (osteopontin), CD163, ITGAX (CD11c), STAB1, and IL1B, all characteristic of alveolar macrophages in the respiratory airway.",alveolar macrophage,"The profile shows high expression of macrophage markers SPP1 (osteopontin), CD163, ITGAX (CD11c), STAB1, and IL1B, all characteristic of alveolar macrophages in the respiratory airway.",0,1,NO,0
123981,CAATACGTCTTAGCTT_SC87,elicited macrophage,"alveolar macrophage
The expression of SPP1, CD163, STAB1, ITGAX, GPR84, and IL1B is characteristic of macrophages, particularly alveolar macrophages in the respiratory airway context.",alveolar macrophage,"The expression of SPP1, CD163, STAB1, ITGAX, GPR84, and IL1B is characteristic of macrophages, particularly alveolar macrophages in the respiratory airway context.",0,1,NO,0
17333,D353_Brus_Dis1_GATCAGTGTAGCGCAA-1-19,elicited macrophage,"alveolar macrophage
The expression of SPP1, CD163, ITGAX, STAB1, and GPR84 is characteristic of tissue-resident macrophages, particularly alveolar macrophages in the respiratory airway. These genes indicate a phagocytic and immunomodulatory phenotype.",alveolar macrophage,"The expression of SPP1, CD163, ITGAX, STAB1, and GPR84 is characteristic of tissue-resident macrophages, particularly alveolar macrophages in the respiratory airway. These genes indicate a phagocytic and immunomodulatory phenotype.",0,1,NO,0
162763,AGAACCTCACTGCGAC_SC87,elicited macrophage,"alveolar macrophage
High expression of macrophage markers CD163, ITGAX (CD11c), SPP1, STAB1, and GPR84, along with inflammatory mediators IL1B and IL1RN, is characteristic of alveolar macrophages in the respiratory airway.",alveolar macrophage,"High expression of macrophage markers CD163, ITGAX (CD11c), SPP1, STAB1, and GPR84, along with inflammatory mediators IL1B and IL1RN, is characteristic of alveolar macrophages in the respiratory airway.",0,1,NO,0
108979,CGCAGGTCAAATCGTC_SC87,elicited macrophage,"alveolar macrophage
The gene expression profile includes high levels of SPP1, CD163, ITGAX, STAB1, and IL1B, which are characteristic markers of alveolar macrophages in the respiratory airway context. These cells are tissue-resident macrophages involved in immune surveillance and homeostasis.",alveolar macrophage,"The gene expression profile includes high levels of SPP1, CD163, ITGAX, STAB1, and IL1B, which are characteristic markers of alveolar macrophages in the respiratory airway context. These cells are tissue-resident macrophages involved in immune surveillance and homeostasis.",0,1,NO,0
24867,CCACCATAGCTTGTTG_SC87,elicited macrophage,"alveolar macrophage
High expression of CD163, SPP1, ITGAX, and STAB1, along with IL1RN and GPR84, is characteristic of alveolar macrophages, which are tissue-resident macrophages in the lung involved in immune surveillance and anti-inflammatory responses.",alveolar macrophage,"High expression of CD163, SPP1, ITGAX, and STAB1, along with IL1RN and GPR84, is characteristic of alveolar macrophages, which are tissue-resident macrophages in the lung involved in immune surveillance and anti-inflammatory responses.",0,1,NO,0
15818,GAACGTTTCTAGCATG_SC87,elicited macrophage,"alveolar macrophage
The expression of SPP1, CD163, RETN, IL1B, ITGAX, and GPR84 is characteristic of macrophages. In the respiratory airway, these markers specifically indicate alveolar macrophages, which are tissue-resident macrophages.",alveolar macrophage,"The expression of SPP1, CD163, RETN, IL1B, ITGAX, and GPR84 is characteristic of macrophages. In the respiratory airway, these markers specifically indicate alveolar macrophages, which are tissue-resident macrophages.",0,1,NO,0
85914,GAACTGTTCGGTCTGG_SC87,elicited macrophage,"alveolar macrophage
High expression of SPP1, CD163, ITGAX, STAB1, IL1B, and HAMP is characteristic of alveolar macrophages, which are tissue-resident macrophages in the respiratory airway. These genes are involved in phagocytosis, inflammation, and iron homeostasis, consistent with alveolar macrophage function.",alveolar macrophage,"High expression of SPP1, CD163, ITGAX, STAB1, IL1B, and HAMP is characteristic of alveolar macrophages, which are tissue-resident macrophages in the respiratory airway. These genes are involved in phagocytosis, inflammation, and iron homeostasis, consistent with alveolar macrophage function.",0,1,NO,0
166789,AGATCGTGTCGTACAT_SC87,elicited macrophage,alveolar macrophage,alveolar macrophage,,0,1,NO,0
33658,TGTTATCGGAAAC_GRO-09_biopsy,endothelial cell of lymphatic vessel,"endothelial cell of lymphatic vessel
High expression of LYVE1, PROX1, CCL21, and STAB2 are characteristic markers of lymphatic endothelial cells, confirming this cell type.",endothelial cell of lymphatic vessel,"High expression of LYVE1, PROX1, CCL21, and STAB2 are characteristic markers of lymphatic endothelial cells, confirming this cell type.",1,1,YES,1
103033,P3_3_GCGCGATGTCGGCTCA,endothelial cell of lymphatic vessel,"endothelial cell of lymphatic vessel
The top genes include LYVE1, PROX1, CCL21, and STAB2, which are canonical markers of lymphatic endothelial cells. This expression profile is distinct from blood vascular endothelium and matches lymphatic vessel endothelium in the respiratory airway.",endothelial cell of lymphatic vessel,"The top genes include LYVE1, PROX1, CCL21, and STAB2, which are canonical markers of lymphatic endothelial cells. This expression profile is distinct from blood vascular endothelium and matches lymphatic vessel endothelium in the respiratory airway.",1,1,YES,1
102876,P2_3_CTACCCACAACTGCTA,endothelial cell of lymphatic vessel,"endothelial cell of lymphatic vessel
The expression of LYVE1, PROX1, CCL21, STAB2, and ACKR2 are classic markers of lymphatic endothelial cells.",endothelial cell of lymphatic vessel,"The expression of LYVE1, PROX1, CCL21, STAB2, and ACKR2 are classic markers of lymphatic endothelial cells.",1,1,YES,1
27812,P2_4_GGAATAAGTAGCACGA,endothelial cell of lymphatic vessel,"endothelial cell of lymphatic vessel
Top genes include LYVE1, PROX1, CCL21, and GPR182, which are canonical markers for lymphatic endothelial cells, consistent with the respiratory airway tissue context.",endothelial cell of lymphatic vessel,"Top genes include LYVE1, PROX1, CCL21, and GPR182, which are canonical markers for lymphatic endothelial cells, consistent with the respiratory airway tissue context.",1,1,YES,1
90367,P2_3_TGCGCAGAGACGCTTT,endothelial cell of lymphatic vessel,"endothelial cell of lymphatic vessel
Top markers like LYVE1, PROX1, CCL21, and STAB2 are classical for lymphatic endothelial cells, distinguishing them from blood endothelial cells.",endothelial cell of lymphatic vessel,"Top markers like LYVE1, PROX1, CCL21, and STAB2 are classical for lymphatic endothelial cells, distinguishing them from blood endothelial cells.",1,1,YES,1
97107,P2_3_ATTATCCTCGGAGCAA,endothelial cell of lymphatic vessel,"endothelial cell of lymphatic vessel
Top genes include LYVE1, PROX1, CCL21, and GPR182, all specific markers for lymphatic endothelial cells, consistent with respiratory airway lymphatics.",endothelial cell of lymphatic vessel,"Top genes include LYVE1, PROX1, CCL21, and GPR182, all specific markers for lymphatic endothelial cells, consistent with respiratory airway lymphatics.",1,1,YES,1
132526,CGGACACAGCCACGTC_GRO-07_biopsy,endothelial cell of lymphatic vessel,"endothelial cell of lymphatic vessel
The top genes include CCL21, LYVE1, PROX1, and RELN, which are well-established markers for lymphatic endothelial cells. This expression profile is distinct from other endothelial or respiratory cell types.",endothelial cell of lymphatic vessel,"The top genes include CCL21, LYVE1, PROX1, and RELN, which are well-established markers for lymphatic endothelial cells. This expression profile is distinct from other endothelial or respiratory cell types.",1,1,YES,1
114121,P3_2_ACGGAGATCATGCATG,endothelial cell of lymphatic vessel,"endothelial cell of lymphatic vessel
Top genes include CCL21 (lymphatic chemokine), LYVE1, PROX1, and GPR182, all classic markers for lymphatic endothelium. This profile matches lymphatic vessel endothelial cells in the respiratory airway.",endothelial cell of lymphatic vessel,"Top genes include CCL21 (lymphatic chemokine), LYVE1, PROX1, and GPR182, all classic markers for lymphatic endothelium. This profile matches lymphatic vessel endothelial cells in the respiratory airway.",1,1,YES,1
146138,P2_8_CTCATTACAGTAAGAT,endothelial cell of lymphatic vessel,"endothelial cell of lymphatic vessel
Expression of LYVE1, PROX1, CCL21, STAB2, GPR182, and ACKR2 are hallmark genes of lymphatic endothelial cells, consistent with respiratory airway lymphatic vessels.",endothelial cell of lymphatic vessel,"Expression of LYVE1, PROX1, CCL21, STAB2, GPR182, and ACKR2 are hallmark genes of lymphatic endothelial cells, consistent with respiratory airway lymphatic vessels.",1,1,YES,1
100368,D326_Biop_Int1_AAAGATGAGTACCGGA-1-4,endothelial cell of lymphatic vessel,"endothelial cell of lymphatic vessel
High expression of LYVE1, PROX1, and CCL21 are classic markers of lymphatic endothelial cells, indicating this cell type from the respiratory airway.",endothelial cell of lymphatic vessel,"High expression of LYVE1, PROX1, and CCL21 are classic markers of lymphatic endothelial cells, indicating this cell type from the respiratory airway.",1,1,YES,1
503,P2_8_ACGGAGAGTACGAAAT,endothelial cell of lymphatic vessel,"endothelial cell of lymphatic vessel
The expression of LYVE1, PROX1, CCL21, and STAB2 are canonical markers of lymphatic endothelial cells, consistent with their role in the respiratory airway.",endothelial cell of lymphatic vessel,"The expression of LYVE1, PROX1, CCL21, and STAB2 are canonical markers of lymphatic endothelial cells, consistent with their role in the respiratory airway.",1,1,YES,1
158222,P2_4_AACTCCCAGAGAGCTC,endothelial cell of lymphatic vessel,"endothelial cell of lymphatic vessel
The top expressed genes include LYVE1, PROX1, CCL21, GPR182, STAB2, and MMRN1, which are canonical markers of lymphatic endothelial cells in the respiratory tract.",endothelial cell of lymphatic vessel,"The top expressed genes include LYVE1, PROX1, CCL21, GPR182, STAB2, and MMRN1, which are canonical markers of lymphatic endothelial cells in the respiratory tract.",1,1,YES,1
124808,ACTGCGCAAGTAGTA_GRO-10_biopsy,endothelial cell of lymphatic vessel,"endothelial cell of lymphatic vessel
The top expressed genes (CCL21, LYVE1, PROX1, STAB2, GPR182) are canonical markers of lymphatic endothelial cells, consistent with this cell type in the respiratory airway.",endothelial cell of lymphatic vessel,"The top expressed genes (CCL21, LYVE1, PROX1, STAB2, GPR182) are canonical markers of lymphatic endothelial cells, consistent with this cell type in the respiratory airway.",1,1,YES,1
93173,CTGGTCTAGTTCGCAT_GRO-10_biopsy,endothelial cell of lymphatic vessel,"endothelial cell of lymphatic vessel
Top genes include LYVE1, PROX1, CCL21, and STAB2, which are canonical markers of lymphatic endothelium. This profile is consistent with lymphatic endothelial cells in the respiratory airway.",endothelial cell of lymphatic vessel,"Top genes include LYVE1, PROX1, CCL21, and STAB2, which are canonical markers of lymphatic endothelium. This profile is consistent with lymphatic endothelial cells in the respiratory airway.",1,1,YES,1
162262,TGCCCTAAGAAGGGTA_GRO-03_biopsy,endothelial cell of lymphatic vessel,"endothelial cell of lymphatic vessel
The top-expressed genes include LYVE1, CCL21, PROX1, and STAB2, which are canonical markers of lymphatic endothelial cells. This profile is distinct from other vascular endothelial cells or immune cells in the respiratory airway.",endothelial cell of lymphatic vessel,"The top-expressed genes include LYVE1, CCL21, PROX1, and STAB2, which are canonical markers of lymphatic endothelial cells. This profile is distinct from other vascular endothelial cells or immune cells in the respiratory airway.",1,1,YES,1
140431,P3_3_GTGGGTCCACCAACCG,endothelial cell of lymphatic vessel,"Endothelial cell of lymphatic vessel
The expression of LYVE1, PROX1, CCL21, and GPR182 are hallmark markers of lymphatic endothelial cells. These genes are highly specific to lymphatic vessels, not other endothelial cells or stromal cells, confirming this identity in the respiratory airway context.",Endothelial cell of lymphatic vessel,"The expression of LYVE1, PROX1, CCL21, and GPR182 are hallmark markers of lymphatic endothelial cells. These genes are highly specific to lymphatic vessels, not other endothelial cells or stromal cells, confirming this identity in the respiratory airway context.",1,1,YES,1
33760,TCTGGAAAGGGAAC_GRO-10_biopsy,endothelial cell of lymphatic vessel,"endothelial cell of lymphatic vessel
The top expressed genes include LYVE1, PROX1, CCL21, and RELN, which are canonical markers of lymphatic endothelial cells. These markers are specific to lymphatic vessels and not expressed in blood vascular endothelial cells or other cell types in the respiratory airway.",endothelial cell of lymphatic vessel,"The top expressed genes include LYVE1, PROX1, CCL21, and RELN, which are canonical markers of lymphatic endothelial cells. These markers are specific to lymphatic vessels and not expressed in blood vascular endothelial cells or other cell types in the respiratory airway.",1,1,YES,1
101078,P2_3_CGAACATGTCTGCGGT,endothelial cell of lymphatic vessel,"endothelial cell of lymphatic vessel
The top genes (CCL21, LYVE1, PROX1, STAB2, RELN) are canonical markers of lymphatic endothelial cells, not blood endothelial or other cell types in the respiratory airway.",endothelial cell of lymphatic vessel,"The top genes (CCL21, LYVE1, PROX1, STAB2, RELN) are canonical markers of lymphatic endothelial cells, not blood endothelial or other cell types in the respiratory airway.",1,1,YES,1
26252,CGCGTTTCAATCCAAC_GRO-03_biopsy,endothelial cell of lymphatic vessel,"endothelial cell of lymphatic vessel
High expression of LYVE1, PROX1, CCL21, STAB2, and GPR182 are classic markers of lymphatic endothelial cells, distinct from blood vascular endothelium.",endothelial cell of lymphatic vessel,"High expression of LYVE1, PROX1, CCL21, STAB2, and GPR182 are classic markers of lymphatic endothelial cells, distinct from blood vascular endothelium.",1,1,YES,1
47663,CACAGTAAGACGCTTT_GRO-03_biopsy,endothelial cell of lymphatic vessel,"endothelial cell of lymphatic vessel
The gene expression profile strongly matches lymphatic endothelial cells, with high expression of PROX1, LYVE1, CCL21, STAB2, GPR182, and RELN, all canonical markers of lymphatic vessel endothelium.",endothelial cell of lymphatic vessel,"The gene expression profile strongly matches lymphatic endothelial cells, with high expression of PROX1, LYVE1, CCL21, STAB2, GPR182, and RELN, all canonical markers of lymphatic vessel endothelium.",1,1,YES,1
32162,P3_3_AAACCTGCAGGGCATA,epithelial cell of lower respiratory tract,"club cell

High expression of SCGB3A2 (secretoglobin) is a defining marker of club cells in the respiratory airway. Other expressed genes like SPINK1, SFTPB, and MMP7 are also consistent with airway epithelial secretory cells, but SCGB3A2's predominance strongly indicates club cell identity.",club cell,"High expression of SCGB3A2 (secretoglobin) is a defining marker of club cells in the respiratory airway. Other expressed genes like SPINK1, SFTPB, and MMP7 are also consistent with airway epithelial secretory cells, but SCGB3A2's predominance strongly indicates club cell identity.",0,0,YES,1
121740,P3_3_TCAGGATTCGACGGAA,epithelial cell of lower respiratory tract,"pulmonary alveolar type 2 cell
High expression of SCGB3A2, SFTPB, SFTA1P, and other surfactant-associated genes indicates pulmonary alveolar type 2 cells, which produce surfactant and secretoglobins in the respiratory airway.",pulmonary alveolar type 2 cell,"High expression of SCGB3A2, SFTPB, SFTA1P, and other surfactant-associated genes indicates pulmonary alveolar type 2 cells, which produce surfactant and secretoglobins in the respiratory airway.",0,0,YES,1
128412,P2_4_TACTCATAGGCGACAT,epithelial cell of lower respiratory tract,"club cell

The top marker SCGB3A2 is highly specific to club cells in the airway. Additional expression of SPINK1, SFTPB, and MMP7 aligns with this secretory airway epithelial cell type.",club cell,"The top marker SCGB3A2 is highly specific to club cells in the airway. Additional expression of SPINK1, SFTPB, and MMP7 aligns with this secretory airway epithelial cell type.",0,0,YES,1
24947,ACCTGAAAGGTGCTGA_T90,epithelial cell of lower respiratory tract,"club cell

High expression of SCGB3A2 (secretoglobin 3A2) and PAEP are classic markers for club cells (Clara cells) in the respiratory airway. These cells are secretory, non-ciliated, and produce protective proteins.",club cell,"High expression of SCGB3A2 (secretoglobin 3A2) and PAEP are classic markers for club cells (Clara cells) in the respiratory airway. These cells are secretory, non-ciliated, and produce protective proteins.",0,0,YES,1
49519,P2_4_GGAGCAAAGTGGAGAA,epithelial cell of lower respiratory tract,"club cell

Top expression of SCGB3A2 (secretoglobin) is a classic marker for club cells in the respiratory airway, along with PAEP and SPINK1, indicating secretory epithelial identity.",club cell,"Top expression of SCGB3A2 (secretoglobin) is a classic marker for club cells in the respiratory airway, along with PAEP and SPINK1, indicating secretory epithelial identity.",0,0,YES,1
95260,P2_6_TGACAACGTCTAACGT,epithelial cell of lower respiratory tract,"club cell
High expression of SCGB3A2 (secretoglobin family 3A2) is a classic marker for club cells (Clara cells) in the respiratory airway. Other top genes like PAEP, SPINK1, and CTSE are also consistent with club cell secretory function, distinguishing them from goblet or serous cells.",club cell,"High expression of SCGB3A2 (secretoglobin family 3A2) is a classic marker for club cells (Clara cells) in the respiratory airway. Other top genes like PAEP, SPINK1, and CTSE are also consistent with club cell secretory function, distinguishing them from goblet or serous cells.",0,0,YES,1
23918,P2_8_CACAAACAGCTGAAAT,epithelial cell of lower respiratory tract,"club cell
High expression of SCGB3A2 (secretoglobin) is a hallmark of club cells. PAEP, SPINK1, and surfactant proteins (SFTPB, SFTA1P) further support a secretory airway epithelial identity consistent with club cells.",club cell,"High expression of SCGB3A2 (secretoglobin) is a hallmark of club cells. PAEP, SPINK1, and surfactant proteins (SFTPB, SFTA1P) further support a secretory airway epithelial identity consistent with club cells.",0,0,YES,1
90468,D353_Brus_Dis1_CACATAGCAGGGTACA-1-19,epithelial cell of lower respiratory tract,"club cell

The high expression of SCGB3A2, a secretoglobin specific to club cells, along with PAEP and SPINK1, strongly indicates a secretory non-ciliated airway epithelial cell. Other markers like SFTPB are present but at lower levels, confirming club cell identity over goblet or alveolar type 2 cells.",club cell,"The high expression of SCGB3A2, a secretoglobin specific to club cells, along with PAEP and SPINK1, strongly indicates a secretory non-ciliated airway epithelial cell. Other markers like SFTPB are present but at lower levels, confirming club cell identity over goblet or alveolar type 2 cells.",0,0,YES,1
120692,D367_Biop_Pro1_TCAGGTACATGAAGTA-1-28,epithelial cell of lower respiratory tract,"pulmonary alveolar type 2 cell
High expression of SFTPB and SFTA1P are specific to alveolar type 2 cells (AT2). SCGB3A2 also marks AT2 cells, along with other epithelial markers like MMP7 and FOLR1, supporting this identification.",pulmonary alveolar type 2 cell,"High expression of SFTPB and SFTA1P are specific to alveolar type 2 cells (AT2). SCGB3A2 also marks AT2 cells, along with other epithelial markers like MMP7 and FOLR1, supporting this identification.",0,0,YES,1
78303,P2_6_GTAACGTTCAGTACGT,epithelial cell of lower respiratory tract,"club cell
The top gene SCGB3A2 is a canonical marker for club cells (Clara cells) in the airway. Additionally, expression of PAEP, SPINK1, and SFTPB aligns with secretory functions of club cells, which produce protective factors and surfactants. This profile best matches club cell identity.",club cell,"The top gene SCGB3A2 is a canonical marker for club cells (Clara cells) in the airway. Additionally, expression of PAEP, SPINK1, and SFTPB aligns with secretory functions of club cells, which produce protective factors and surfactants. This profile best matches club cell identity.",0,0,YES,1
168376,P2_6_GGTATTGCAGTAAGCG,epithelial cell of lower respiratory tract,"club cell

Top expression of SCGB3A2, PAEP, and SPINK1 are classic markers of club (Clara) cells, which are secretory epithelial cells in the airway. SFTPB and SFTA1P are also present but at lower levels, possibly reflecting incomplete specificity or mixed origin. The overall profile strongly indicates a non-ciliated secretory cell of the bronchiolar epithelium.",club cell,"Top expression of SCGB3A2, PAEP, and SPINK1 are classic markers of club (Clara) cells, which are secretory epithelial cells in the airway. SFTPB and SFTA1P are also present but at lower levels, possibly reflecting incomplete specificity or mixed origin. The overall profile strongly indicates a non-ciliated secretory cell of the bronchiolar epithelium.",0,0,YES,1
62769,D344_Brus_Dis1_CTTACCGCACGTAAGG-1-14,epithelial cell of lower respiratory tract,"club cell

Expression of SCGB3A2, a canonical club cell marker, along with SFTPB and other surfactant-related genes, strongly identifies this cell type in the respiratory airway. Club cells (Clara cells) secrete secretoglobins and surfactant components, matching the top expressed genes.",club cell,"Expression of SCGB3A2, a canonical club cell marker, along with SFTPB and other surfactant-related genes, strongly identifies this cell type in the respiratory airway. Club cells (Clara cells) secrete secretoglobins and surfactant components, matching the top expressed genes.",0,0,YES,1
103127,P2_3_CCAGCGACAGACAAAT,epithelial cell of lower respiratory tract,"club cell

The top gene SCGB3A2 is a canonical marker for club cells (Clara cells) in the airway epithelium, which secrete protective proteins and surfactants. Other highly expressed genes like PAEP, SPINK1, and MMP7 also support a secretory epithelial identity distinct from goblet, serous, or alveolar cells.",club cell,"The top gene SCGB3A2 is a canonical marker for club cells (Clara cells) in the airway epithelium, which secrete protective proteins and surfactants. Other highly expressed genes like PAEP, SPINK1, and MMP7 also support a secretory epithelial identity distinct from goblet, serous, or alveolar cells.",0,0,YES,1
22296,P2_6_GACGGCTCATCTATGG,epithelial cell of lower respiratory tract,"club cell

The gene expression profile, particularly high levels of SCGB3A2 and SPINK1, is characteristic of club cells (Clara cells) in the respiratory airway. These secretory cells also express SFTPB, MMP7, and CTSE, consistent with their role in producing protective and regenerative factors.",club cell,"The gene expression profile, particularly high levels of SCGB3A2 and SPINK1, is characteristic of club cells (Clara cells) in the respiratory airway. These secretory cells also express SFTPB, MMP7, and CTSE, consistent with their role in producing protective and regenerative factors.",0,0,YES,1
160147,P3_3_CCCAATCTCGGATGGA,epithelial cell of lower respiratory tract,"club cell
SCGB3A2 is a definitive club cell marker, and the top expression of PAEP, SPINK1, and other secretory genes aligns with club cell identity.",club cell,"SCGB3A2 is a definitive club cell marker, and the top expression of PAEP, SPINK1, and other secretory genes aligns with club cell identity.",0,0,YES,1
157200,CCCATACAGCGTTCC_GRO-04_biopsy,epithelial cell of lower respiratory tract,"club cell
The top gene SCGB3A2 is a canonical marker for club cells (Clara cells) of the airway epithelium, which secrete protective proteins. Other expressed genes like SPINK1, SFTPB, and MMP7 are also consistent with club cell secretory and surfactant-associated functions.",club cell,"The top gene SCGB3A2 is a canonical marker for club cells (Clara cells) of the airway epithelium, which secrete protective proteins. Other expressed genes like SPINK1, SFTPB, and MMP7 are also consistent with club cell secretory and surfactant-associated functions.",0,0,YES,1
56122,P2_4_TGGGAAGAGCTGTCTA,epithelial cell of lower respiratory tract,"pulmonary alveolar type 2 cell
High expression of SFTPB and SFTA1P (surfactant-associated) along with SCGB3A2, CTSE, and MMP7 matches the transcriptomic profile of pulmonary alveolar type 2 cells, which produce surfactant and are found in respiratory airway tissue.",pulmonary alveolar type 2 cell,"High expression of SFTPB and SFTA1P (surfactant-associated) along with SCGB3A2, CTSE, and MMP7 matches the transcriptomic profile of pulmonary alveolar type 2 cells, which produce surfactant and are found in respiratory airway tissue.",0,0,YES,1
68232,ACGAGGATCCAAATGC_T126,epithelial cell of lower respiratory tract,"club cell
High expression of SCGB3A2 (secretoglobin family 3A member 2) is a classic marker for club cells (Clara cells) in the airway epithelium, along with other secretory genes like PAEP and SPINK1, consistent with this cell type.",club cell,"High expression of SCGB3A2 (secretoglobin family 3A member 2) is a classic marker for club cells (Clara cells) in the airway epithelium, along with other secretory genes like PAEP and SPINK1, consistent with this cell type.",0,0,YES,1
172551,P3_3_CAACCAAGTTCAGTAC,epithelial cell of lower respiratory tract,"club cell
SCGB3A2 is a definitive marker for club cells, which are secretory cells in the airway epithelium. The high expression of this secretoglobin, along with SPINK1 and other secretory genes, aligns with the club cell phenotype.",club cell,"SCGB3A2 is a definitive marker for club cells, which are secretory cells in the airway epithelium. The high expression of this secretoglobin, along with SPINK1 and other secretory genes, aligns with the club cell phenotype.",0,0,YES,1
13423,AACACGTTCGGGAGTA_GRO-08_biopsy,epithelial cell of lower respiratory tract,"pulmonary alveolar type 2 cell
High expression of surfactant proteins SFTPB and SFTA1P is characteristic of type 2 alveolar epithelial cells. SCGB3A2, CTSE, and SLC5A5 further support this identity.",pulmonary alveolar type 2 cell,"High expression of surfactant proteins SFTPB and SFTA1P is characteristic of type 2 alveolar epithelial cells. SCGB3A2, CTSE, and SLC5A5 further support this identity.",0,0,YES,1
77541,P2_8_AACTCTTCATGCCTAA,hematopoietic stem cell,"pulmonary neuroendocrine cell

High expression of AVP (arginine vasopressin) is a hallmark of pulmonary neuroendocrine cells (PNECs). The presence of other neuroendocrine-related genes like GFI1B supports this identification in the respiratory airway context.",pulmonary neuroendocrine cell,High expression of AVP (arginine vasopressin) is a hallmark of pulmonary neuroendocrine cells (PNECs). The presence of other neuroendocrine-related genes like GFI1B supports this identification in the respiratory airway context.,0,0,NO,0
117443,D337_Brus_Dis1GTGTTAGTCGTGGACC-1-6,hematopoietic stem cell,"pulmonary neuroendocrine cell

High expression of AVP (arginine vasopressin) is a classic marker for pulmonary neuroendocrine cells (PNECs) in the respiratory tract. Additional support includes GFI1B, a transcription factor involved in neuroendocrine differentiation.",pulmonary neuroendocrine cell,"High expression of AVP (arginine vasopressin) is a classic marker for pulmonary neuroendocrine cells (PNECs) in the respiratory tract. Additional support includes GFI1B, a transcription factor involved in neuroendocrine differentiation.",0,0,NO,0
61674,CGTCTACAGTTAAGT_GRO-09_biopsy,hematopoietic stem cell,"pulmonary neuroendocrine cell

The top gene AVP (arginine vasopressin) is a classic marker for pulmonary neuroendocrine cells (PNECs) in the respiratory tract. Other genes like GFI1B and PCDH8 also support neuroendocrine identity. PNECs are rare airway epithelial cells that secrete neuropeptides and sense hypoxia.",pulmonary neuroendocrine cell,The top gene AVP (arginine vasopressin) is a classic marker for pulmonary neuroendocrine cells (PNECs) in the respiratory tract. Other genes like GFI1B and PCDH8 also support neuroendocrine identity. PNECs are rare airway epithelial cells that secrete neuropeptides and sense hypoxia.,0,0,NO,0
4640,D372_Biop_Pro1_AGATCTGTCAACACAC-1-32,ionocyte,"ionocyte
The top genes include FOXI1, a master regulator of ionocyte differentiation, and ion transport-related genes like ATP6V1G3, BSND, CLCNKB, and CLCNKA, which are hallmark markers of airway ionocytes.",ionocyte,"The top genes include FOXI1, a master regulator of ionocyte differentiation, and ion transport-related genes like ATP6V1G3, BSND, CLCNKB, and CLCNKA, which are hallmark markers of airway ionocytes.",1,1,YES,1
2819,CAAGAGGTCCCTTGTG_T101,ionocyte,"ionocyte
Top genes include FOXI1, ATP6V1G3, BSND, CLCNKB, and ATP6V0D2, which are well-established markers of pulmonary ionocytes involved in ion transport and pH regulation.",ionocyte,"Top genes include FOXI1, ATP6V1G3, BSND, CLCNKB, and ATP6V0D2, which are well-established markers of pulmonary ionocytes involved in ion transport and pH regulation.",1,1,YES,1
171265,CTTCTCTCATGGGTTT_SC88,ionocyte,"ionocyte
Expression of FOXI1, ASCL3, ATP6V1G3, ATP6V0D2, BSND, CLCNKB/KL, and other ion transporters is characteristic of airway ionocytes, which regulate fluid and pH homeostasis.",ionocyte,"Expression of FOXI1, ASCL3, ATP6V1G3, ATP6V0D2, BSND, CLCNKB/KL, and other ion transporters is characteristic of airway ionocytes, which regulate fluid and pH homeostasis.",1,1,YES,1
76640,ATTGTTCGTCATGGCC_SC88,ionocyte,ionocyte,ionocyte,,1,1,YES,1
88085,TACCCGTGTTCCTACC_T90,ionocyte,"ionocyte

The expression of FOXI1, ASCL3, ATP6V1G3, ATP6V0D2, BSND, CLCNKB, and CLCNKA are canonical markers of airway ionocytes, which regulate fluid and ion transport.",ionocyte,"The expression of FOXI1, ASCL3, ATP6V1G3, ATP6V0D2, BSND, CLCNKB, and CLCNKA are canonical markers of airway ionocytes, which regulate fluid and ion transport.",1,1,YES,1
73628,D353_Brus_Dis1_TACGGTAGTGTATGGG-1-19,ionocyte,ionocyte,ionocyte,,1,1,YES,1
162870,TTAAGCAGAGATGA_GRO-06_biopsy,ionocyte,"ionocyte

The expression profile shows high levels of FOXI1, a master regulator of ionocytes, along with ATP6V1G3, ATP6V0D2, BSND, CLCNKB, CLCNKA, and ASCL3, which are characteristic markers of ionocytes in the respiratory airway epithelium.",ionocyte,"The expression profile shows high levels of FOXI1, a master regulator of ionocytes, along with ATP6V1G3, ATP6V0D2, BSND, CLCNKB, CLCNKA, and ASCL3, which are characteristic markers of ionocytes in the respiratory airway epithelium.",1,1,YES,1
78634,GAACCTACAATCACAC_T89,ionocyte,"ionocyte

High expression of FOXI1, ASCL3, ATP6V1G3, BSND, CLCNKB/K, and ATP6V0D2 are hallmark markers of airway ionocytes, which regulate ionic composition and pH in respiratory mucosa.",ionocyte,"High expression of FOXI1, ASCL3, ATP6V1G3, BSND, CLCNKB/K, and ATP6V0D2 are hallmark markers of airway ionocytes, which regulate ionic composition and pH in respiratory mucosa.",1,1,YES,1
52926,D326_Brus_Dis1_TTCCCAGGTACGACCC-1-5,ionocyte,ionocyte,ionocyte,,1,1,YES,1
76880,TGAGAGGCAGTCGATT_T85,ionocyte,"ionocyte

The gene expression profile, dominated by FOXI1, ASCL3, ATP6V1G3, BSND, and CLCNKB, is a classic signature of airway ionocytes, specialized cells involved in ion transport and pH regulation.",ionocyte,"The gene expression profile, dominated by FOXI1, ASCL3, ATP6V1G3, BSND, and CLCNKB, is a classic signature of airway ionocytes, specialized cells involved in ion transport and pH regulation.",1,1,YES,1
111885,ATCTACTTCTCCA_GRO-10_biopsy,ionocyte,"ionocyte

The expression profile shows high levels of FOXI1, a master regulator of airway ionocytes, along with ATP6V1G3, ATP6V0D2, BSND, CLCNKB/CLCNKA, which are components of proton pumps and chloride channels. These genes are hallmark markers of pulmonary ionocytes, specialized cells involved in ion transport and pH homeostasis.",ionocyte,"The expression profile shows high levels of FOXI1, a master regulator of airway ionocytes, along with ATP6V1G3, ATP6V0D2, BSND, CLCNKB/CLCNKA, which are components of proton pumps and chloride channels. These genes are hallmark markers of pulmonary ionocytes, specialized cells involved in ion transport and pH homeostasis.",1,1,YES,1
116835,TAGTCAGTACCGTTA_GRO-10_biopsy,ionocyte,"ionocyte
High expression of FOXI1, a master regulator of ionocyte fate, along with ion transporters (ATP6V1G3, BSND, CLCNKB, CLCNKA) and ATP6V0D2, marks this as an airway ionocyte.",ionocyte,"High expression of FOXI1, a master regulator of ionocyte fate, along with ion transporters (ATP6V1G3, BSND, CLCNKB, CLCNKA) and ATP6V0D2, marks this as an airway ionocyte.",1,1,YES,1
49830,D344_Brus_Dis1_ATCGAGTGTACCGAGA-1-14,ionocyte,"ionocyte
The gene expression profile shows high levels of FOXI1 and ASCL3, key transcription factors for ionocyte differentiation, along with ion transporters (ATP6V1G3, BSND, CLCNKB, CLCNKA) and vacuolar ATPase subunits, which are characteristic of pulmonary ionocytes in the respiratory airway.",ionocyte,"The gene expression profile shows high levels of FOXI1 and ASCL3, key transcription factors for ionocyte differentiation, along with ion transporters (ATP6V1G3, BSND, CLCNKB, CLCNKA) and vacuolar ATPase subunits, which are characteristic of pulmonary ionocytes in the respiratory airway.",1,1,YES,1
78993,D339_Biop_Int1_CGTGTAACAAGCGATG-1-9,ionocyte,"ionocyte

The expression of FOXI1, a master regulator of ionocyte fate, along with ion transporters (ATP6V1G3, BSND, CLCNKB, CLCNKA, ATP6V0D2) and ASCL3, is highly specific to pulmonary ionocytes in the respiratory airway.",ionocyte,"The expression of FOXI1, a master regulator of ionocyte fate, along with ion transporters (ATP6V1G3, BSND, CLCNKB, CLCNKA, ATP6V0D2) and ASCL3, is highly specific to pulmonary ionocytes in the respiratory airway.",1,1,YES,1
86979,AATCCAGCACAGACA_GRO-06_biopsy,ionocyte,"ionocyte

These genes (FOXI1, ASCL3, ATP6V1G3, ATP6V0D2, CLCNKB, CLCNKA, BSND) are well-established markers of pulmonary ionocytes, a rare airway epithelial cell type involved in ion transport and cystic fibrosis pathogenesis.",ionocyte,"These genes (FOXI1, ASCL3, ATP6V1G3, ATP6V0D2, CLCNKB, CLCNKA, BSND) are well-established markers of pulmonary ionocytes, a rare airway epithelial cell type involved in ion transport and cystic fibrosis pathogenesis.",1,1,YES,1
17329,TTTATGCGTCGATTGT_GRO-08_biopsy,ionocyte,"ionocyte
Expression of FOXI1, ASCL3, and ion transport genes (ATP6V1G3, CLCNKB, BSND) identifies pulmonary ionocytes, which regulate airway surface liquid pH and ion composition.",ionocyte,"Expression of FOXI1, ASCL3, and ion transport genes (ATP6V1G3, CLCNKB, BSND) identifies pulmonary ionocytes, which regulate airway surface liquid pH and ion composition.",1,1,YES,1
93691,CCGTGGAAGCCCAACC_GRO-09_biopsy,ionocyte,"ionocyte

High expression of FOXI1, ASCL3, ATP6V1G3, ATP6V0D2, BSND, CLCNKB, and CLCNKA is highly specific for airway ionocytes, which regulate ion transport and mucus hydration.",ionocyte,"High expression of FOXI1, ASCL3, ATP6V1G3, ATP6V0D2, BSND, CLCNKB, and CLCNKA is highly specific for airway ionocytes, which regulate ion transport and mucus hydration.",1,1,YES,1
136431,D326_Biop_Pro1_CGTCCATTCGTAGGTT-1-3,ionocyte,"ionocyte

The top expressed genes include FOXI1, ASCL3, ATP6V1G3, BSND, CLCNKB, and CLCNKA, which are key markers of airway ionocytes. These cells are specialized for ion transport and express CFTR, consistent with the ionocyte identity in the respiratory epithelium.",ionocyte,"The top expressed genes include FOXI1, ASCL3, ATP6V1G3, BSND, CLCNKB, and CLCNKA, which are key markers of airway ionocytes. These cells are specialized for ion transport and express CFTR, consistent with the ionocyte identity in the respiratory epithelium.",1,1,YES,1
156124,D363_Biop_Pro1_ATGAGGGTCTCTTGAT-1-24,ionocyte,"ionocyte

The expression profile shows high levels of FOXI1, ASCL3, ATP6V1G3, ATP6V0D2, CLCNKB, CLCNKA, and BSND, which are specific markers for airway ionocytes, a rare cell type involved in ion and fluid transport.",ionocyte,"The expression profile shows high levels of FOXI1, ASCL3, ATP6V1G3, ATP6V0D2, CLCNKB, CLCNKA, and BSND, which are specific markers for airway ionocytes, a rare cell type involved in ion and fluid transport.",1,1,YES,1
56114,CCCAATCGTTGAGTTC_T126,ionocyte,"ionocyte

The top expressed genes include FOXI1, ASCL3, ATP6V1G3, and ion transport genes (CLCNKB, CLCNKA, BSND), which are canonical markers of airway ionocytes. These cells regulate electrolyte and pH balance in respiratory epithelium.",ionocyte,"The top expressed genes include FOXI1, ASCL3, ATP6V1G3, and ion transport genes (CLCNKB, CLCNKA, BSND), which are canonical markers of airway ionocytes. These cells regulate electrolyte and pH balance in respiratory epithelium.",1,1,YES,1
140665,TCCCGATAGATGTAAC_GRO-10_biopsy,lung macrophage,"alveolar macrophage
The top genes include CD163, CD209, CSF1R, F13A1, LYVE1, STAB1, and FOLR2, all classic markers for tissue-resident macrophages, specifically alveolar macrophages in the respiratory airway. This profile matches the scavenging and immune regulatory functions of alveolar macrophages.",alveolar macrophage,"The top genes include CD163, CD209, CSF1R, F13A1, LYVE1, STAB1, and FOLR2, all classic markers for tissue-resident macrophages, specifically alveolar macrophages in the respiratory airway. This profile matches the scavenging and immune regulatory functions of alveolar macrophages.",0,1,YES,1
34932,TATCTGTGTGAGTTGG_SC87,lung macrophage,"alveolar macrophage
The gene expression profile includes macrophage markers CD163, CD209, CSF1R, and FOLR2, along with chemokines like CCL8 and CCL17, which are characteristic of tissue-resident alveolar macrophages in the respiratory airway.",alveolar macrophage,"The gene expression profile includes macrophage markers CD163, CD209, CSF1R, and FOLR2, along with chemokines like CCL8 and CCL17, which are characteristic of tissue-resident alveolar macrophages in the respiratory airway.",0,1,YES,1
138383,TCTTTCCCACTGTTA_GRO-10_biopsy,lung macrophage,"alveolar macrophage
The expression profile shows high levels of FOLR2, CD163, CD209, STAB1, LYVE1, and CSF1R, which are canonical markers of tissue-resident macrophages, particularly alveolar macrophages in the respiratory airway.",alveolar macrophage,"The expression profile shows high levels of FOLR2, CD163, CD209, STAB1, LYVE1, and CSF1R, which are canonical markers of tissue-resident macrophages, particularly alveolar macrophages in the respiratory airway.",0,1,YES,1
143180,P2_8_TACGGATCATCGGGTC,lung macrophage,"alveolar macrophage

The expression profile (FOLR2, CD163, CD209, LYVE1, STAB1, F13A1, and CSF1R) matches known markers for alveolar macrophages, which are tissue-resident macrophages in the respiratory airway responsible for immune surveillance and clearance of pathogens and debris.",alveolar macrophage,"The expression profile (FOLR2, CD163, CD209, LYVE1, STAB1, F13A1, and CSF1R) matches known markers for alveolar macrophages, which are tissue-resident macrophages in the respiratory airway responsible for immune surveillance and clearance of pathogens and debris.",0,1,YES,1
101731,ACACCGGAGCCCAATT_GRO-09_biopsy,lung macrophage,"alveolar macrophage

High expression of CD163, CD209, F13A1, LYVE1, STAB1, and CSF1R is characteristic of tissue-resident macrophages. In the respiratory airway, these markers specifically identify alveolar macrophages, which are key in immune surveillance and clearance of pathogens.",alveolar macrophage,"High expression of CD163, CD209, F13A1, LYVE1, STAB1, and CSF1R is characteristic of tissue-resident macrophages. In the respiratory airway, these markers specifically identify alveolar macrophages, which are key in immune surveillance and clearance of pathogens.",0,1,YES,1
5095,AGCAAAGGTGTTAA_GRO-09_biopsy,lung macrophage,"alveolar macrophage
The top genes include classical macrophage markers (CD163, CD209, CSF1R, FOLR2) and chemokines (CCL8, CCL13, CCL17), consistent with alveolar macrophages in the respiratory airway. CD163 and CD209 are highly specific for tissue-resident macrophages.",alveolar macrophage,"The top genes include classical macrophage markers (CD163, CD209, CSF1R, FOLR2) and chemokines (CCL8, CCL13, CCL17), consistent with alveolar macrophages in the respiratory airway. CD163 and CD209 are highly specific for tissue-resident macrophages.",0,1,YES,1
93036,TTGCTGCCATATACCG_SC87,lung macrophage,"alveolar macrophage
The top genes (FOLR2, CD163, CD209, LYVE1, STAB1, CSF1R, F13A1, CCL13, CCL8) are classic markers of tissue-resident macrophages, particularly alveolar macrophages in the lung, which perform immune surveillance and scavenging.",alveolar macrophage,"The top genes (FOLR2, CD163, CD209, LYVE1, STAB1, CSF1R, F13A1, CCL13, CCL8) are classic markers of tissue-resident macrophages, particularly alveolar macrophages in the lung, which perform immune surveillance and scavenging.",0,1,YES,1
8302,GTCATGACAAGATGGC_SC87,lung macrophage,"alveolar macrophage
The expression of CD163, CD209, FOLR2, LYVE1, STAB1, CSF1R, and F13A1, along with chemokines CCL8, CCL13, CCL17, is characteristic of tissue-resident macrophages, specifically alveolar macrophages in the respiratory airway.",alveolar macrophage,"The expression of CD163, CD209, FOLR2, LYVE1, STAB1, CSF1R, and F13A1, along with chemokines CCL8, CCL13, CCL17, is characteristic of tissue-resident macrophages, specifically alveolar macrophages in the respiratory airway.",0,1,YES,1
142325,TTGGAACAGACACGAC_GRO-10_biopsy,lung macrophage,"alveolar macrophage
The expression profile is dominated by classic alveolar macrophage markers (CD163, CD209, F13A1, LYVE1, STAB1, CSF1R, FCGR2B) and chemokines (CCL8, CCL17, CCL13), consistent with the respiratory context.",alveolar macrophage,"The expression profile is dominated by classic alveolar macrophage markers (CD163, CD209, F13A1, LYVE1, STAB1, CSF1R, FCGR2B) and chemokines (CCL8, CCL17, CCL13), consistent with the respiratory context.",0,1,YES,1
158210,CCGTGGAGTGATGATA_GRO-07_biopsy,lung macrophage,"alveolar macrophage
The top genes (CD163, CD209, FOLR2, LYVE1, STAB1, CSF1R, CCL13, CCL17) are canonical markers of tissue-resident macrophages, particularly alveolar macrophages in the respiratory airway. This profile reflects an anti-inflammatory, scavenging phenotype distinct from dendritic cells or monocytes.",alveolar macrophage,"The top genes (CD163, CD209, FOLR2, LYVE1, STAB1, CSF1R, CCL13, CCL17) are canonical markers of tissue-resident macrophages, particularly alveolar macrophages in the respiratory airway. This profile reflects an anti-inflammatory, scavenging phenotype distinct from dendritic cells or monocytes.",0,1,YES,1
22726,CGACCAGTTGCTCCT_GRO-09_biopsy,lung macrophage,"alveolar macrophage
High expression of CD163, FOLR2, LYVE1, CD209, STAB1, and CSF1R is characteristic of tissue-resident macrophages, particularly alveolar macrophages in the lung, which play key roles in immune surveillance and homeostasis in the respiratory airway.",alveolar macrophage,"High expression of CD163, FOLR2, LYVE1, CD209, STAB1, and CSF1R is characteristic of tissue-resident macrophages, particularly alveolar macrophages in the lung, which play key roles in immune surveillance and homeostasis in the respiratory airway.",0,1,YES,1
70719,GCTACCTCAGTTGTCA_SC87,lung macrophage,"alveolar macrophage

The gene expression profile includes classic macrophage markers (CD163, CSF1R, FOLR2, STAB1, F13A1) and chemokines (CCL8, CCL13, CCL17) consistent with tissue-resident alveolar macrophages in the respiratory airway.",alveolar macrophage,"The gene expression profile includes classic macrophage markers (CD163, CSF1R, FOLR2, STAB1, F13A1) and chemokines (CCL8, CCL13, CCL17) consistent with tissue-resident alveolar macrophages in the respiratory airway.",0,1,YES,1
31782,CATCCGTAGTTATGGA_SC87,lung macrophage,"alveolar macrophage

The gene expression profile features classic alveolar macrophage markers (CD163, CD209, FOLR2, CSF1R, LYVE1, STAB1) and chemokines (CCL8, CCL13, CCL17), consistent with tissue-resident macrophages in the respiratory airway.",alveolar macrophage,"The gene expression profile features classic alveolar macrophage markers (CD163, CD209, FOLR2, CSF1R, LYVE1, STAB1) and chemokines (CCL8, CCL13, CCL17), consistent with tissue-resident macrophages in the respiratory airway.",0,1,YES,1
165736,P2_3_TGGTTAGAGGTCGGAT,lung macrophage,"alveolar macrophage
Expression of CD163, CD209, FOLR2, CSF1R, and STAB1 is classic for macrophages; the tissue context (respiratory airway) and presence of F13A1, LYVE1, CCL8, CCL13, and CCL17 further support alveolar macrophage identity.",alveolar macrophage,"Expression of CD163, CD209, FOLR2, CSF1R, and STAB1 is classic for macrophages; the tissue context (respiratory airway) and presence of F13A1, LYVE1, CCL8, CCL13, and CCL17 further support alveolar macrophage identity.",0,1,YES,1
133053,CGGAGTCGTGAGTGAC_GRO-10_biopsy,lung macrophage,"alveolar macrophage
Highly expressed markers (CD163, CD209, FOLR2, LYVE1, CSF1R, F13A1, STAB1, CCL13, CCL17) are characteristic of tissue-resident alveolar macrophages, which are the predominant macrophage population in the respiratory airway.",alveolar macrophage,"Highly expressed markers (CD163, CD209, FOLR2, LYVE1, CSF1R, F13A1, STAB1, CCL13, CCL17) are characteristic of tissue-resident alveolar macrophages, which are the predominant macrophage population in the respiratory airway.",0,1,YES,1
41960,CTGCCTACACCGATAT_GRO-03_biopsy,lung macrophage,"alveolar macrophage
Expression of FOLR2, CD163, CSF1R, CD209, STAB1, and multiple chemokines is characteristic of tissue-resident macrophages, specifically alveolar macrophages in the respiratory airway.",alveolar macrophage,"Expression of FOLR2, CD163, CSF1R, CD209, STAB1, and multiple chemokines is characteristic of tissue-resident macrophages, specifically alveolar macrophages in the respiratory airway.",0,1,YES,1
14921,P2_3_CATGCCTAGATCCCAT,lung macrophage,"alveolar macrophage
High expression of CD163, CD209, FOLR2, LYVE1, and CSF1R are classic markers of alveolar macrophages, which reside in the airway and are involved in immune surveillance.",alveolar macrophage,"High expression of CD163, CD209, FOLR2, LYVE1, and CSF1R are classic markers of alveolar macrophages, which reside in the airway and are involved in immune surveillance.",0,1,YES,1
109035,TAGTTGGCATCACGAT_GRO-03_biopsy,lung macrophage,"alveolar macrophage
The gene expression profile (CD163, CD209, FOLR2, LYVE1, STAB1, F13A1, CSF1R, chemokines CCL8/13/17) is characteristic of tissue-resident alveolar macrophages in the respiratory airway.",alveolar macrophage,"The gene expression profile (CD163, CD209, FOLR2, LYVE1, STAB1, F13A1, CSF1R, chemokines CCL8/13/17) is characteristic of tissue-resident alveolar macrophages in the respiratory airway.",0,1,YES,1
160800,CACGTGGGTACGAGCA_SC87,lung macrophage,"alveolar macrophage
The expression profile shows high levels of macrophage markers (CD163, CD209, FOLR2, LYVE1, STAB1, CSF1R, F13A1) and chemokines (CCL8, CCL17, CCL13) typical of tissue-resident alveolar macrophages in the respiratory airway.",alveolar macrophage,"The expression profile shows high levels of macrophage markers (CD163, CD209, FOLR2, LYVE1, STAB1, CSF1R, F13A1) and chemokines (CCL8, CCL17, CCL13) typical of tissue-resident alveolar macrophages in the respiratory airway.",0,1,YES,1
97623,GTCATCCAGCGCCTCA_SC87,lung macrophage,"alveolar macrophage
These markers (FOLR2, LYVE1, CD163, F13A1, STAB1, CCL8, CCL13, CSF1R) are highly characteristic of tissue-resident alveolar macrophages, known for anti-inflammatory and scavenger functions in the respiratory airway.",alveolar macrophage,"These markers (FOLR2, LYVE1, CD163, F13A1, STAB1, CCL8, CCL13, CSF1R) are highly characteristic of tissue-resident alveolar macrophages, known for anti-inflammatory and scavenger functions in the respiratory airway.",0,1,YES,1
109852,P3_4_AGGGAGTTCTCGCTTG,lung pericyte,"tracheobronchial smooth muscle cell
The top genes include KCNK3, KCNK17, PDGFRB, AGTR1, and GJA4, which are highly expressed in airway smooth muscle cells. The absence of epithelial, immune, or endothelial markers further supports this identity.",tracheobronchial smooth muscle cell,"The top genes include KCNK3, KCNK17, PDGFRB, AGTR1, and GJA4, which are highly expressed in airway smooth muscle cells. The absence of epithelial, immune, or endothelial markers further supports this identity.",0,0,NO,0
20438,P2_8_GCTTGAAAGCCGGTAA,lung pericyte,"lung pericyte

High expression of PDGFRB (pericyte marker), AGTR1 (angiotensin receptor), KCNK3, and GJA4 is characteristic of lung pericytes, which support microvasculature and contribute to extracellular matrix.",lung pericyte,"High expression of PDGFRB (pericyte marker), AGTR1 (angiotensin receptor), KCNK3, and GJA4 is characteristic of lung pericytes, which support microvasculature and contribute to extracellular matrix.",1,1,YES,1
22203,P2_8_TCAGCAAGTGCAACGA,lung pericyte,"pulmonary neuroendocrine cell
The expression of KCNK3, KCNK17, and COX4I2 indicates oxygen-sensing ion channels typical of pulmonary neuroendocrine cells, which act as airway chemoreceptors.",pulmonary neuroendocrine cell,"The expression of KCNK3, KCNK17, and COX4I2 indicates oxygen-sensing ion channels typical of pulmonary neuroendocrine cells, which act as airway chemoreceptors.",0,0,NO,0
80418,P2_8_CGTGTAAGTAAAGTCA,lung pericyte,"tracheobronchial smooth muscle cell
High expression of smooth muscle markers (PDGFRB, AGTR1, GJA4) and ion channels (KCNK3, KCNK17) indicates a contractile cell type; respiratory airway context points to tracheobronchial smooth muscle.",tracheobronchial smooth muscle cell,"High expression of smooth muscle markers (PDGFRB, AGTR1, GJA4) and ion channels (KCNK3, KCNK17) indicates a contractile cell type; respiratory airway context points to tracheobronchial smooth muscle.",0,0,NO,0
89482,P2_8_ACACCGGAGCCCAATT,lung pericyte,"tracheobronchial smooth muscle cell
The expression of KCNK3, KCNK17, AGTR1, PDGFRB, and GJA4 are characteristic of airway smooth muscle cells, which regulate bronchomotor tone in the respiratory tract.",tracheobronchial smooth muscle cell,"The expression of KCNK3, KCNK17, AGTR1, PDGFRB, and GJA4 are characteristic of airway smooth muscle cells, which regulate bronchomotor tone in the respiratory tract.",0,0,NO,0
95687,P2_4_TCTTTCCAGATCCGAG,lung pericyte,"pulmonary neuroendocrine cell
Expression of COX4I2 and HIGD1B are hallmark markers for pulmonary neuroendocrine cells (PNECs). Additional genes like KCNK3, P2RY14, and BMPER further support this identification.",pulmonary neuroendocrine cell,"Expression of COX4I2 and HIGD1B are hallmark markers for pulmonary neuroendocrine cells (PNECs). Additional genes like KCNK3, P2RY14, and BMPER further support this identification.",0,0,NO,0
139351,P2_8_CGTGTAACAGGCGATA,lung pericyte,"lung pericyte

High expression of PDGFRB and AGTR1 are classic markers for pericytes. Additional support from KCNK3, CDH19, and GJA4 aligns with pericyte/smooth muscle-like cells in the lung microvasculature. The gene profile is distinct from fibroblasts, endothelial cells, or epithelial cells.",lung pericyte,"High expression of PDGFRB and AGTR1 are classic markers for pericytes. Additional support from KCNK3, CDH19, and GJA4 aligns with pericyte/smooth muscle-like cells in the lung microvasculature. The gene profile is distinct from fibroblasts, endothelial cells, or epithelial cells.",1,1,YES,1
33774,P2_8_GCTCTGTTCTCAACTT,lung pericyte,"tracheobronchial smooth muscle cell
High expression of KCNK3, KCNK17, PDGFRB, GJA4, AGTR1, and COX4I2 indicates airway smooth muscle. KCNK3 (TASK-1) is a hallmark of pulmonary smooth muscle, and PDGFRB/GJA4 are typical of vascular and bronchial smooth muscle cells.",tracheobronchial smooth muscle cell,"High expression of KCNK3, KCNK17, PDGFRB, GJA4, AGTR1, and COX4I2 indicates airway smooth muscle. KCNK3 (TASK-1) is a hallmark of pulmonary smooth muscle, and PDGFRB/GJA4 are typical of vascular and bronchial smooth muscle cells.",0,0,NO,0
145647,P2_8_CCAATCCTCAAACAAG,lung pericyte,"tracheobronchial smooth muscle cell
The expression profile features PDGFRB, GJA4, AGTR1, KCNK3, and KCNK17, which are classic markers for airway smooth muscle cells. These genes are involved in contractile function and vascular tone regulation, consistent with tracheobronchial smooth muscle in the respiratory airway.",tracheobronchial smooth muscle cell,"The expression profile features PDGFRB, GJA4, AGTR1, KCNK3, and KCNK17, which are classic markers for airway smooth muscle cells. These genes are involved in contractile function and vascular tone regulation, consistent with tracheobronchial smooth muscle in the respiratory airway.",0,0,NO,0
141996,P2_8_TTCTCAACATCTATGG,lung pericyte,"pulmonary alveolar type 2 cell
COX4I2 is a well-established marker for alveolar type 2 cells, and other genes like KCNK3, KCNK17, P2RY14, and HIGD1B also support this identity. These cells are responsible for surfactant production and are key in lung homeostasis.",pulmonary alveolar type 2 cell,"COX4I2 is a well-established marker for alveolar type 2 cells, and other genes like KCNK3, KCNK17, P2RY14, and HIGD1B also support this identity. These cells are responsible for surfactant production and are key in lung homeostasis.",0,0,NO,0
7186,P2_8_AAGGTTCCACGTGAGA,lung pericyte,"tracheobronchial smooth muscle cell

High expression of KCNK3, KCNK17, AGTR1, PDGFRB, GJA4, and FHL5 aligns with contractile and receptor characteristics of airway smooth muscle. These genes are key markers for smooth muscle and pericyte-like cells in the respiratory tract.",tracheobronchial smooth muscle cell,"High expression of KCNK3, KCNK17, AGTR1, PDGFRB, GJA4, and FHL5 aligns with contractile and receptor characteristics of airway smooth muscle. These genes are key markers for smooth muscle and pericyte-like cells in the respiratory tract.",0,0,NO,0
130404,P2_8_TTCTCAACATAGAAAC,lung pericyte,"tracheobronchial smooth muscle cell

Top genes include KCNK3, KCNK17, AGTR1, PDGFRB, and GJA4, all highly expressed in airway smooth muscle. This profile matches contractile and signaling functions of tracheobronchial smooth muscle cells, distinct from epithelium or immune cells.",tracheobronchial smooth muscle cell,"Top genes include KCNK3, KCNK17, AGTR1, PDGFRB, and GJA4, all highly expressed in airway smooth muscle. This profile matches contractile and signaling functions of tracheobronchial smooth muscle cells, distinct from epithelium or immune cells.",0,0,NO,0
119044,P2_8_TCAATCTCAGTTTACG,lung pericyte,"pulmonary neuroendocrine cell
The gene expression profile is dominated by hypoxia-sensitive genes (KCNK3, KCNK17, COX4I2, HIGD1B, NDUFA4L2) and neuroendocrine-related markers, which are hallmarks of pulmonary neuroendocrine cells (PNECs), the airway's oxygen-sensing cells.",pulmonary neuroendocrine cell,"The gene expression profile is dominated by hypoxia-sensitive genes (KCNK3, KCNK17, COX4I2, HIGD1B, NDUFA4L2) and neuroendocrine-related markers, which are hallmarks of pulmonary neuroendocrine cells (PNECs), the airway's oxygen-sensing cells.",0,0,NO,0
128312,P2_6_ATCACGAAGAGACGAA,lung pericyte,"tracheobronchial smooth muscle cell

High expression of KCNK3, KCNK17, and COX4I2 is characteristic of airway smooth muscle cells. Additional markers like PDGFRB, AGTR1, and GJA4 (connexin 40) further support a smooth muscle phenotype, consistent with the respiratory airway context.",tracheobronchial smooth muscle cell,"High expression of KCNK3, KCNK17, and COX4I2 is characteristic of airway smooth muscle cells. Additional markers like PDGFRB, AGTR1, and GJA4 (connexin 40) further support a smooth muscle phenotype, consistent with the respiratory airway context.",0,0,NO,0
15281,P2_8_CATTATCGTAGCGTAG,lung pericyte,"tracheobronchial smooth muscle cell

The top genes include smooth muscle markers PDGFRB, KCNK3, AGTR1, and COX4I2, which are highly expressed in airway smooth muscle cells. These markers distinguish it from other respiratory cell types.",tracheobronchial smooth muscle cell,"The top genes include smooth muscle markers PDGFRB, KCNK3, AGTR1, and COX4I2, which are highly expressed in airway smooth muscle cells. These markers distinguish it from other respiratory cell types.",0,0,NO,0
21382,P2_8_GGAAAGCGTCCTGCTT,lung pericyte,"lung pericyte

The profile features PDGFRB and CDH19, canonical pericyte markers, along with potassium channels KCNK3/KCNK17 and AGTR1, all highly expressed in lung pericytes. The absence of epithelial (e.g., KRT5, SCGB1A1) or smooth muscle (ACTA2) markers confirms a pericyte identity within the respiratory airway context.",lung pericyte,"The profile features PDGFRB and CDH19, canonical pericyte markers, along with potassium channels KCNK3/KCNK17 and AGTR1, all highly expressed in lung pericytes. The absence of epithelial (e.g., KRT5, SCGB1A1) or smooth muscle (ACTA2) markers confirms a pericyte identity within the respiratory airway context.",1,1,YES,1
120114,P2_3_CGCTGGATCTGAGGGA,lung pericyte,"lung pericyte
The top expression of PDGFRB (pericyte marker), GJA4 (connexin 40), KCNK3, and AGTR1 is characteristic of lung pericytes, which support microvascular function and are distinct from fibroblasts or smooth muscle cells.",lung pericyte,"The top expression of PDGFRB (pericyte marker), GJA4 (connexin 40), KCNK3, and AGTR1 is characteristic of lung pericytes, which support microvascular function and are distinct from fibroblasts or smooth muscle cells.",1,1,YES,1
94239,P2_8_CCTTCGACAATCGGTT,lung pericyte,"pulmonary neuroendocrine cell
High expression of KCNK3, AGTR1, and neuronal/glial genes (INSC, SGIP1, LGI4, CDH19) are characteristic of pulmonary neuroendocrine cells, which are rare airway cells that sense hypoxia and secrete neuropeptides.",pulmonary neuroendocrine cell,"High expression of KCNK3, AGTR1, and neuronal/glial genes (INSC, SGIP1, LGI4, CDH19) are characteristic of pulmonary neuroendocrine cells, which are rare airway cells that sense hypoxia and secrete neuropeptides.",0,0,NO,0
142683,P2_8_GTGTGCGAGAAACGCC,lung pericyte,"tracheobronchial smooth muscle cell

The expression profile includes KCNK3, AGTR1, and PDGFRB, which are markers for airway smooth muscle and perivascular cells. The absence of ciliated, secretory, or immune markers strongly suggests a mesenchymal cell type, specifically smooth muscle within the tracheobronchial tree.",tracheobronchial smooth muscle cell,"The expression profile includes KCNK3, AGTR1, and PDGFRB, which are markers for airway smooth muscle and perivascular cells. The absence of ciliated, secretory, or immune markers strongly suggests a mesenchymal cell type, specifically smooth muscle within the tracheobronchial tree.",0,0,NO,0
82340,P2_8_GCTGCGAAGTTAGGTA,lung pericyte,"tracheobronchial smooth muscle cell

The top genes include KCNK3, AGTR1, PDGFRB, and COX4I2, which are highly expressed in airway smooth muscle cells. KCNK3 (TASK-1) is a key potassium channel in smooth muscle, AGTR1 mediates contraction, and PDGFRB is a pericyte/fibroblast marker relevant to smooth muscle. The hypoxic response genes (HIGD1B, NDUFA4L2) also align with smooth muscle physiology in airways.",tracheobronchial smooth muscle cell,"The top genes include KCNK3, AGTR1, PDGFRB, and COX4I2, which are highly expressed in airway smooth muscle cells. KCNK3 (TASK-1) is a key potassium channel in smooth muscle, AGTR1 mediates contraction, and PDGFRB is a pericyte/fibroblast marker relevant to smooth muscle. The hypoxic response genes (HIGD1B, NDUFA4L2) also align with smooth muscle physiology in airways.",0,0,NO,0
133178,P3_2_GCATGATAGTCGCCGT,mast cell,"mast cell
High expression of mast cell-specific markers: tryptases (TPSAB1, TPSB2, TPSD1), CPA3, HDC, MS4A2, CTSG, CLC, and KIT. These genes are characteristic of mast cells in the respiratory airway.",mast cell,"High expression of mast cell-specific markers: tryptases (TPSAB1, TPSB2, TPSD1), CPA3, HDC, MS4A2, CTSG, CLC, and KIT. These genes are characteristic of mast cells in the respiratory airway.",1,1,YES,1
77927,P3_2_TTGCGTCAGTACGTTC,mast cell,"mast cell

The expression profile shows high levels of mast cell-specific markers including tryptases (TPSAB1, TPSB2, TPSD1), carboxypeptidase A3 (CPA3), histidine decarboxylase (HDC), FcεRI beta (MS4A2), and KIT, which are characteristic of mast cells in respiratory airways.",mast cell,"The expression profile shows high levels of mast cell-specific markers including tryptases (TPSAB1, TPSB2, TPSD1), carboxypeptidase A3 (CPA3), histidine decarboxylase (HDC), FcεRI beta (MS4A2), and KIT, which are characteristic of mast cells in respiratory airways.",1,1,YES,1
35462,ACGGAGACACGCCAGT_GRO-06_biopsy,mast cell,"mast cell
The top genes include high expression of tryptases (TPSAB1, TPSB2, TPSD1), CPA3, HDC, MS4A2, CTSG, CLC, and KIT, which are classic markers of mast cells, particularly in the respiratory airway.",mast cell,"The top genes include high expression of tryptases (TPSAB1, TPSB2, TPSD1), CPA3, HDC, MS4A2, CTSG, CLC, and KIT, which are classic markers of mast cells, particularly in the respiratory airway.",1,1,YES,1
103344,P2_8_TAAGAGAGTACAGCAG,mast cell,"mast cell

High expression of mast cell-specific genes: tryptases (TPSAB1, TPSB2, TPSD1), CPA3, HDC, MS4A2 (FcεRIβ), CTSG, and CLC, plus KIT, strongly indicate mast cell identity in respiratory airway.",mast cell,"High expression of mast cell-specific genes: tryptases (TPSAB1, TPSB2, TPSD1), CPA3, HDC, MS4A2 (FcεRIβ), CTSG, and CLC, plus KIT, strongly indicate mast cell identity in respiratory airway.",1,1,YES,1
5702,CGTCACTTCATTGCCC_GRO-06_biopsy,mast cell,"mast cell
High expression of mast cell markers including tryptases (TPSAB1, TPSB2, TPSD1), CPA3, HDC, MS4A2, and KIT, along with CLC and RGS13, indicating a mature mast cell phenotype in the respiratory airway.",mast cell,"High expression of mast cell markers including tryptases (TPSAB1, TPSB2, TPSD1), CPA3, HDC, MS4A2, and KIT, along with CLC and RGS13, indicating a mature mast cell phenotype in the respiratory airway.",1,1,YES,1
60218,P2_4_CTTAACTCAGATCGGA,mast cell,"mast cell
The top expressed genes include canonical mast cell markers: TPSAB1, TPSB2, CPA3, HDC, MS4A2, KIT, and CTSG. These are highly specific for mast cells, which reside in respiratory airway tissue and mediate allergic responses.",mast cell,"The top expressed genes include canonical mast cell markers: TPSAB1, TPSB2, CPA3, HDC, MS4A2, KIT, and CTSG. These are highly specific for mast cells, which reside in respiratory airway tissue and mediate allergic responses.",1,1,YES,1
77421,P2_3_TTTGGTTTCGAATGCT,mast cell,"mast cell
These genes (CTSG, MS4A2, CLC, HDC, CPA3, TPSAB1/B2/D1, KIT) are classic markers of mast cells, which are granulated immune cells involved in allergic responses and are abundant in respiratory airways.",mast cell,"These genes (CTSG, MS4A2, CLC, HDC, CPA3, TPSAB1/B2/D1, KIT) are classic markers of mast cells, which are granulated immune cells involved in allergic responses and are abundant in respiratory airways.",1,1,YES,1
29750,P2_6_TTCGAAGCATCGGAAG,mast cell,"mast cell
Top genes include mast cell-specific markers: tryptases (TPSAB1, TPSB2, TPSD1), carboxypeptidase A3 (CPA3), histidine decarboxylase (HDC), FcεRI subunit (MS4A2), KIT, and cathepsin G (CTSG). This profile is highly characteristic of mast cells in the respiratory airway.",mast cell,"Top genes include mast cell-specific markers: tryptases (TPSAB1, TPSB2, TPSD1), carboxypeptidase A3 (CPA3), histidine decarboxylase (HDC), FcεRI subunit (MS4A2), KIT, and cathepsin G (CTSG). This profile is highly characteristic of mast cells in the respiratory airway.",1,1,YES,1
41088,P3_2_CACACTCTCAACACCA,mast cell,"mast cell
High expression of mast cell-specific markers: tryptases (TPSAB1, TPSB2), carboxypeptidase A3 (CPA3), histidine decarboxylase (HDC), FCER1B (MS4A2), and KIT (CD117) strongly indicates mast cells in respiratory airway.",mast cell,"High expression of mast cell-specific markers: tryptases (TPSAB1, TPSB2), carboxypeptidase A3 (CPA3), histidine decarboxylase (HDC), FCER1B (MS4A2), and KIT (CD117) strongly indicates mast cells in respiratory airway.",1,1,YES,1
151070,P3_4_CCACCTAAGCGTAATA,mast cell,"mast cell

The expression profile features known mast cell markers such as tryptases (TPSAB1, TPSB2, TPSD1), carboxypeptidase A3 (CPA3), histidine decarboxylase (HDC), and the high-affinity IgE receptor beta chain (MS4A2). Additionally, KIT (CD117) is a classic mast cell receptor, and CTSG is also expressed in mast cells. This combination is highly specific to mast cells in the respiratory airway context.",mast cell,"The expression profile features known mast cell markers such as tryptases (TPSAB1, TPSB2, TPSD1), carboxypeptidase A3 (CPA3), histidine decarboxylase (HDC), and the high-affinity IgE receptor beta chain (MS4A2). Additionally, KIT (CD117) is a classic mast cell receptor, and CTSG is also expressed in mast cells. This combination is highly specific to mast cells in the respiratory airway context.",1,1,YES,1
169051,P2_6_TGAGCCGTCCTGTAGA,mast cell,"mast cell
High expression of tryptases (TPSAB1, TPSB2), CPA3, MS4A2, HDC, CLC, and KIT are classic mast cell markers, consistent with a respiratory airway mast cell.",mast cell,"High expression of tryptases (TPSAB1, TPSB2), CPA3, MS4A2, HDC, CLC, and KIT are classic mast cell markers, consistent with a respiratory airway mast cell.",1,1,YES,1
28379,P2_8_CACACAATCTCGCATC,mast cell,"mast cell

The top genes include mast cell-specific markers such as TPSAB1, TPSB2, TPSD1 (tryptases), CPA3 (carboxypeptidase A3), HDC (histidine decarboxylase), MS4A2 (FcεRI beta chain), and KIT (c-Kit receptor). This profile is highly characteristic of mast cells in the respiratory airway.",mast cell,"The top genes include mast cell-specific markers such as TPSAB1, TPSB2, TPSD1 (tryptases), CPA3 (carboxypeptidase A3), HDC (histidine decarboxylase), MS4A2 (FcεRI beta chain), and KIT (c-Kit receptor). This profile is highly characteristic of mast cells in the respiratory airway.",1,1,YES,1
68499,P3_2_TCATTACTCGAATGGG,mast cell,"mast cell

The gene expression profile is characteristic of mast cells, with high levels of tryptases (TPSAB1, TPSB2, TPSD1), carboxypeptidase A3 (CPA3), histidine decarboxylase (HDC), Fc epsilon receptor (MS4A2), and KIT (c-Kit). These markers are specific to mast cells in the respiratory airway.",mast cell,"The gene expression profile is characteristic of mast cells, with high levels of tryptases (TPSAB1, TPSB2, TPSD1), carboxypeptidase A3 (CPA3), histidine decarboxylase (HDC), Fc epsilon receptor (MS4A2), and KIT (c-Kit). These markers are specific to mast cells in the respiratory airway.",1,1,YES,1
135849,P2_8_AATCGGTAGCTGATAA,mast cell,"mast cell
Highly expressed mast cell markers including TPSAB1, TPSB2, CPA3, HDC, MS4A2, KIT, and CTSG, along with inflammatory mediators like IL5 and CLC, indicate a mast cell identity in the respiratory airway.",mast cell,"Highly expressed mast cell markers including TPSAB1, TPSB2, CPA3, HDC, MS4A2, KIT, and CTSG, along with inflammatory mediators like IL5 and CLC, indicate a mast cell identity in the respiratory airway.",1,1,YES,1
110786,CGCTATCAGATGGCGT_GRO-10_biopsy,mast cell,"mast cell

The top genes include classic mast cell markers: tryptases (TPSAB1, TPSB2, TPSD1), carboxypeptidase A3 (CPA3), histidine decarboxylase (HDC), FcεRIβ (MS4A2), and KIT. CTSG and CLC are also consistent. This profile distinguishes mast cells from other immune cells in the respiratory airway.",mast cell,"The top genes include classic mast cell markers: tryptases (TPSAB1, TPSB2, TPSD1), carboxypeptidase A3 (CPA3), histidine decarboxylase (HDC), FcεRIβ (MS4A2), and KIT. CTSG and CLC are also consistent. This profile distinguishes mast cells from other immune cells in the respiratory airway.",1,1,YES,1
95140,P3_2_ATCACGACACGAGGTA,mast cell,"mast cell
High expression of mast cell-specific genes including TPSAB1, TPSB2, CPA3, CTSG, KIT, MS4A2 (FcεRI), HDC, and HPGDS, along with IL5 and CLC, strongly indicates mast cells in respiratory airway.",mast cell,"High expression of mast cell-specific genes including TPSAB1, TPSB2, CPA3, CTSG, KIT, MS4A2 (FcεRI), HDC, and HPGDS, along with IL5 and CLC, strongly indicates mast cells in respiratory airway.",1,1,YES,1
121169,P3_2_TGTATTCGTCAGGACA,mast cell,"mast cell

The top genes include mast cell markers such as CTSG, MS4A2, CPA3, TPSAB1/TPSB2/TPSD1 (tryptases), HDC, and KIT. This expression profile is highly specific to mast cells in the respiratory tract.",mast cell,"The top genes include mast cell markers such as CTSG, MS4A2, CPA3, TPSAB1/TPSB2/TPSD1 (tryptases), HDC, and KIT. This expression profile is highly specific to mast cells in the respiratory tract.",1,1,YES,1
151742,P2_8_TATGCCCCATGGATGG,mast cell,"mast cell

The top genes include CTSG, TPSAB1, TPSB2, CPA3, HDC, MS4A2, and KIT, which are canonical markers of mast cells. These genes are involved in granule proteases, histamine synthesis, and IgE receptor signaling, confirming mast cell identity.",mast cell,"The top genes include CTSG, TPSAB1, TPSB2, CPA3, HDC, MS4A2, and KIT, which are canonical markers of mast cells. These genes are involved in granule proteases, histamine synthesis, and IgE receptor signaling, confirming mast cell identity.",1,1,YES,1
14661,P2_6_ACTTACTCACCAGGCT,mast cell,"mast cell
The top markers include mast cell-specific tryptases (TPSAB1, TPSB2, TPSD1), CPA3, HDC, MS4A2, and KIT, which are classic hallmarks of mast cells in the respiratory airway.",mast cell,"The top markers include mast cell-specific tryptases (TPSAB1, TPSB2, TPSD1), CPA3, HDC, MS4A2, and KIT, which are classic hallmarks of mast cells in the respiratory airway.",1,1,YES,1
60968,TTAACTCCATTGGCGC_GRO-04_biopsy,mast cell,"mast cell
High expression of mast cell-specific genes: CTSG, TPSAB1, TPSB2, TPSD1 (tryptases), CPA3, MS4A2 (FcεRIβ), HDC, HPGDS, and KIT. These collectively identify this as a mast cell in the respiratory airway.",mast cell,"High expression of mast cell-specific genes: CTSG, TPSAB1, TPSB2, TPSD1 (tryptases), CPA3, MS4A2 (FcεRIβ), HDC, HPGDS, and KIT. These collectively identify this as a mast cell in the respiratory airway.",1,1,YES,1
109376,P2_8_TGCTGCTTCAGAGACG,mesothelial cell,"mesothelial cell

WT1 is a classic marker for mesothelial cells, and ITLN1 (intelectin) is also expressed in mesothelium. The co-expression of these genes strongly identifies this cell type from the respiratory airway context.",mesothelial cell,"WT1 is a classic marker for mesothelial cells, and ITLN1 (intelectin) is also expressed in mesothelium. The co-expression of these genes strongly identifies this cell type from the respiratory airway context.",1,1,YES,1
47963,TCAGGTATCTCACCCA_SC88,mucus secreting cell,"tracheobronchial goblet cell

Top genes like TFF1, ITLN1, CST4, BPIFB2, and REG4 are classic markers of airway goblet cells, responsible for mucus secretion. This profile strongly matches tracheobronchial goblet cells.",tracheobronchial goblet cell,"Top genes like TFF1, ITLN1, CST4, BPIFB2, and REG4 are classic markers of airway goblet cells, responsible for mucus secretion. This profile strongly matches tracheobronchial goblet cells.",0,0,YES,1
159102,D322_Biop_Pro1_CGTAGCGAGGTCGGAT-1-1,mucus secreting cell,"tracheobronchial goblet cell

The top expressed genes include TFF1, ITLN1, CST4, and REG4, all well-known markers of mucus-secreting goblet cells in the respiratory tract, indicating this cell type.",tracheobronchial goblet cell,"The top expressed genes include TFF1, ITLN1, CST4, and REG4, all well-known markers of mucus-secreting goblet cells in the respiratory tract, indicating this cell type.",0,0,YES,1
102686,D344_Biop_Pro1_ATAACGCCACATCCAA-1-12,mucus secreting cell,"tracheobronchial goblet cell
The top genes include TFF1, CST4, ITLN1, and REG4, which are classic markers of mucus-secreting goblet cells in the airway epithelium, consistent with this cell type.",tracheobronchial goblet cell,"The top genes include TFF1, CST4, ITLN1, and REG4, which are classic markers of mucus-secreting goblet cells in the airway epithelium, consistent with this cell type.",0,0,YES,1
16982,D344_Biop_Pro1_CTCAGAAAGACTACAA-1-12,mucus secreting cell,"tracheobronchial goblet cell
The top expressed genes (e.g., TFF1, BPIFB2, ITLN1, CST4) are characteristic of mucus-secreting cells in the airway epithelium, specifically tracheobronchial goblet cells. These genes are involved in mucus production and innate immunity.",tracheobronchial goblet cell,"The top expressed genes (e.g., TFF1, BPIFB2, ITLN1, CST4) are characteristic of mucus-secreting cells in the airway epithelium, specifically tracheobronchial goblet cells. These genes are involved in mucus production and innate immunity.",0,0,YES,1
67950,D372_Biop_Int2_CGATTGACAGCTGTAT-1-34,mucus secreting cell,"tracheobronchial goblet cell
Expression of TFF1, CST4, ITLN1, BPIFB2, and REG4 are classic markers of mucus-secreting goblet cells in the respiratory tract.",tracheobronchial goblet cell,"Expression of TFF1, CST4, ITLN1, BPIFB2, and REG4 are classic markers of mucus-secreting goblet cells in the respiratory tract.",0,0,YES,1
13123,TGACTAGTCGCGCCAA_GRO-09_biopsy,mucus secreting cell,"tracheobronchial serous cell
Top genes like BPIFB2, AZGP1, TF, and TCN1 are canonical markers of serous cells in submucosal glands of the respiratory airway, which secrete antimicrobial proteins and electrolytes.",tracheobronchial serous cell,"Top genes like BPIFB2, AZGP1, TF, and TCN1 are canonical markers of serous cells in submucosal glands of the respiratory airway, which secrete antimicrobial proteins and electrolytes.",0,0,NO,0
164945,CATGACAGTCGAGAT_GRO-09_biopsy,mucus secreting cell,"tracheobronchial serous cell
The top genes include serous cell markers BPIFB2 and AZGP1, combined with goblet-associated TFF1 and ITLN1, but the highest expression of BPIFB2 strongly indicates a tracheobronchial serous cell.",tracheobronchial serous cell,"The top genes include serous cell markers BPIFB2 and AZGP1, combined with goblet-associated TFF1 and ITLN1, but the highest expression of BPIFB2 strongly indicates a tracheobronchial serous cell.",0,0,NO,0
72608,D354_Biop_Pro1_TGGTTAGGTAAGTGTA-1-20,mucus secreting cell,"tracheobronchial serous cell
The top genes include BPIFB2, AZGP1, CST4, and NKX3-1, which are established markers for serous cells in airway submucosal glands, involved in antimicrobial and fluid secretion.",tracheobronchial serous cell,"The top genes include BPIFB2, AZGP1, CST4, and NKX3-1, which are established markers for serous cells in airway submucosal glands, involved in antimicrobial and fluid secretion.",0,0,NO,0
69734,D344_Biop_Pro1_TCGCGAGCAGTATGCT-1-12,mucus secreting cell,"tracheobronchial goblet cell
High expression of goblet cell markers (BPIFB2, ITLN1, TFF1, CST4, REG4, AZGP1) in a respiratory airway context indicates a mucus-secreting goblet cell lining the trachea and bronchi.",tracheobronchial goblet cell,"High expression of goblet cell markers (BPIFB2, ITLN1, TFF1, CST4, REG4, AZGP1) in a respiratory airway context indicates a mucus-secreting goblet cell lining the trachea and bronchi.",0,0,YES,1
150602,ACTGCGAGCTGCAA_GRO-09_biopsy,mucus secreting cell,"tracheobronchial goblet cell
Top genes like TFF1, ITLN1, CST4, REG4, and BPIFB2 are classic markers of mucus-secreting goblet cells in the airway epithelium, indicating a tracheobronchial goblet cell identity.",tracheobronchial goblet cell,"Top genes like TFF1, ITLN1, CST4, REG4, and BPIFB2 are classic markers of mucus-secreting goblet cells in the airway epithelium, indicating a tracheobronchial goblet cell identity.",0,0,YES,1
110515,D372_Biop_Int2_ACATCAGAGATAGCAT-1-34,mucus secreting cell,"tracheobronchial goblet cell
The top genes include TFF1, ITLN1, BPIFB2, and CST4, which are well-known markers of mucus-secreting goblet cells in the tracheobronchial epithelium.",tracheobronchial goblet cell,"The top genes include TFF1, ITLN1, BPIFB2, and CST4, which are well-known markers of mucus-secreting goblet cells in the tracheobronchial epithelium.",0,0,YES,1
53145,D354_Biop_Pro1_CTGAAGTAGCGGCTTC-1-20,mucus secreting cell,"tracheobronchial serous cell
The top genes include BPIFB2, ITLN1, TFF1, CST4, AZGP1, and TCN1, which are classic markers of serous secretory cells in respiratory submucosal glands, indicating a serous cell identity.",tracheobronchial serous cell,"The top genes include BPIFB2, ITLN1, TFF1, CST4, AZGP1, and TCN1, which are classic markers of serous secretory cells in respiratory submucosal glands, indicating a serous cell identity.",0,0,NO,0
18610,D353_Biop_Pro1GAGCAGAAGGCTCTTA-1-17,mucus secreting cell,"tracheobronchial goblet cell
The top genes (TFF1, ITLN1, BPIFB2, CST4, REG4) are well-established markers of airway goblet cells, which secrete mucus and antimicrobial factors. These patterns match tracheobronchial goblet cells rather than other secretory or immune cell types.",tracheobronchial goblet cell,"The top genes (TFF1, ITLN1, BPIFB2, CST4, REG4) are well-established markers of airway goblet cells, which secrete mucus and antimicrobial factors. These patterns match tracheobronchial goblet cells rather than other secretory or immune cell types.",0,0,YES,1
130963,D344_Biop_Pro1_GGGACCTGTAGGAGTC-1-12,mucus secreting cell,"tracheobronchial goblet cell
These genes (TFF1, ITLN1, CST4, BPIFB2) are well-established markers for airway goblet cells involved in mucus production and protection of the respiratory epithelium.",tracheobronchial goblet cell,"These genes (TFF1, ITLN1, CST4, BPIFB2) are well-established markers for airway goblet cells involved in mucus production and protection of the respiratory epithelium.",0,0,YES,1
157138,D354_Biop_Pro1_CATGCCTAGATGTAAC-1-20,mucus secreting cell,"tracheobronchial goblet cell

The top expressed genes include TFF1, CST4, and ITLN1, which are well-known markers of mucus-secreting goblet cells in the respiratory airway. BPIFB2, REG4, and HMGCS2 further support a goblet cell identity. The expression profile aligns strongly with tracheobronchial goblet cells rather than serous, brush, or other epithelial cell types.",tracheobronchial goblet cell,"The top expressed genes include TFF1, CST4, and ITLN1, which are well-known markers of mucus-secreting goblet cells in the respiratory airway. BPIFB2, REG4, and HMGCS2 further support a goblet cell identity. The expression profile aligns strongly with tracheobronchial goblet cells rather than serous, brush, or other epithelial cell types.",0,0,YES,1
106606,D372_Biop_Int2_CATCCACTCTTAGCCC-1-34,mucus secreting cell,"Tracheobronchial goblet cell

The top genes include TFF1, ITLN1, CST4, and REG4, which are well-established markers for mucus-secreting goblet cells in the airway epithelium. BPIFB2 and NKX3-1 further support an airway secretory identity. This expression profile is characteristic of tracheobronchial goblet cells rather than other cell types listed.",Tracheobronchial goblet cell,"The top genes include TFF1, ITLN1, CST4, and REG4, which are well-established markers for mucus-secreting goblet cells in the airway epithelium. BPIFB2 and NKX3-1 further support an airway secretory identity. This expression profile is characteristic of tracheobronchial goblet cells rather than other cell types listed.",0,0,YES,1
72174,D354_Biop_Pro1_TCACGAAAGGAATGGA-1-20,mucus secreting cell,"tracheobronchial goblet cell
The top expressed genes (BPIFB2, ITLN1, TFF1, CST4, REG4, TCN1) are well-established markers of goblet cells in the airway, which secrete mucus and trefoil factors to protect and lubricate the respiratory epithelium.",tracheobronchial goblet cell,"The top expressed genes (BPIFB2, ITLN1, TFF1, CST4, REG4, TCN1) are well-established markers of goblet cells in the airway, which secrete mucus and trefoil factors to protect and lubricate the respiratory epithelium.",0,0,YES,1
167689,D344_Biop_Pro1_CTACCCATCTGATTCT-1-12,mucus secreting cell,"tracheobronchial goblet cell
High expression of goblet cell markers (TFF1, ITLN1, CST4, BPIFB2, AZGP1, TCN1) indicates a mucus-secreting goblet cell in the respiratory airway.",tracheobronchial goblet cell,"High expression of goblet cell markers (TFF1, ITLN1, CST4, BPIFB2, AZGP1, TCN1) indicates a mucus-secreting goblet cell in the respiratory airway.",0,0,YES,1
20287,D339_Biop_Pro1_CAGCAGCAGAATGTTG-1-8,mucus secreting cell,"tracheobronchial serous cell
Top genes include BPIFB2, CST4, AZGP1, and TF, which are markers for serous cells of submucosal glands. ITLN1 and TFF1 are also present but may reflect some heterogeneity. This profile is most consistent with tracheobronchial serous cells.",tracheobronchial serous cell,"Top genes include BPIFB2, CST4, AZGP1, and TF, which are markers for serous cells of submucosal glands. ITLN1 and TFF1 are also present but may reflect some heterogeneity. This profile is most consistent with tracheobronchial serous cells.",0,0,NO,0
78509,D372_Biop_Int2_GATCGTAGTACAGCAG-1-34,mucus secreting cell,"tracheobronchial goblet cell
High expression of goblet cell markers TFF1, ITLN1, BPIFB2, and CST4 indicates mucus-secreting goblet cells in the respiratory airway.",tracheobronchial goblet cell,"High expression of goblet cell markers TFF1, ITLN1, BPIFB2, and CST4 indicates mucus-secreting goblet cells in the respiratory airway.",0,0,YES,1
112133,D353_Biop_Pro1ACGATGTCAGATCCAT-1-17,multiciliated columnar cell of tracheobronchial tree,multiciliated columnar cell of tracheobronchial tree,multiciliated columnar cell of tracheobronchial tree,,1,1,YES,1
97659,TACTCGCCAGTGACA_GRO-11_biopsy,multiciliated columnar cell of tracheobronchial tree,"multiciliated columnar cell of tracheobronchial tree
The top genes include multiple cilia-related markers such as FOXJ1, DNAH5, DNAH12, CFAP157, and others, which are characteristic of multiciliated cells in the respiratory airway. This profile is consistent with a multiciliated columnar cell of the tracheobronchial tree, which lines the airway and functions in mucociliary clearance.",multiciliated columnar cell of tracheobronchial tree,"The top genes include multiple cilia-related markers such as FOXJ1, DNAH5, DNAH12, CFAP157, and others, which are characteristic of multiciliated cells in the respiratory airway. This profile is consistent with a multiciliated columnar cell of the tracheobronchial tree, which lines the airway and functions in mucociliary clearance.",1,1,YES,1
108322,CTGAGCGCATAAGCGG_T164,multiciliated columnar cell of tracheobronchial tree,"multiciliated columnar cell of tracheobronchial tree

The top expressed genes include multiple cilia-related markers (FOXJ1, DNAH5, DNAH12, CFAP157, CFAP276, etc.) characteristic of multiciliated cells in the respiratory airway.",multiciliated columnar cell of tracheobronchial tree,"The top expressed genes include multiple cilia-related markers (FOXJ1, DNAH5, DNAH12, CFAP157, CFAP276, etc.) characteristic of multiciliated cells in the respiratory airway.",1,1,YES,1
94644,TCTCTAATCATGTCTT_T126,multiciliated columnar cell of tracheobronchial tree,"multiciliated columnar cell of tracheobronchial tree

The top expressed genes are heavily enriched for cilia-related components (e.g., CFAP157, DNAH12, DNAH5, FOXJ1, SPAG17), indicating a multiciliated cell. Given the respiratory airway context, this matches the tracheobronchial multiciliated columnar cell type.",multiciliated columnar cell of tracheobronchial tree,"The top expressed genes are heavily enriched for cilia-related components (e.g., CFAP157, DNAH12, DNAH5, FOXJ1, SPAG17), indicating a multiciliated cell. Given the respiratory airway context, this matches the tracheobronchial multiciliated columnar cell type.",1,1,YES,1
166803,D353_Brus_Dis1_ATTGGTGTCCACGAAT-1-19,multiciliated columnar cell of tracheobronchial tree,"multiciliated columnar cell of tracheobronchial tree

The top-expressed genes include many cilia-related markers (FOXJ1, DNAH5, DNAH12, CFAP family, SPAG17, etc.), which are characteristic of multiciliated cells in the respiratory epithelium. FOXJ1 is a master regulator of ciliogenesis, strongly indicating this cell type.",multiciliated columnar cell of tracheobronchial tree,"The top-expressed genes include many cilia-related markers (FOXJ1, DNAH5, DNAH12, CFAP family, SPAG17, etc.), which are characteristic of multiciliated cells in the respiratory epithelium. FOXJ1 is a master regulator of ciliogenesis, strongly indicating this cell type.",1,1,YES,1
106501,D354_Brus_Dis1_CTAGTGATCGTTTAGG-1-22,multiciliated columnar cell of tracheobronchial tree,"multiciliated columnar cell of tracheobronchial tree
High expression of cilia-related genes (FOXJ1, DNAH5, CFAP157, SPAG17, etc.) and FOXJ1 as a master ciliogenesis regulator indicates a multiciliated cell type in the airway.",multiciliated columnar cell of tracheobronchial tree,"High expression of cilia-related genes (FOXJ1, DNAH5, CFAP157, SPAG17, etc.) and FOXJ1 as a master ciliogenesis regulator indicates a multiciliated cell type in the airway.",1,1,YES,1
62973,CGTCTACTCAGTCAGT_GRO-04_biopsy,multiciliated columnar cell of tracheobronchial tree,"multiciliated columnar cell of tracheobronchial tree
High expression of cilia-related genes (FOXJ1, DNAH5, DNAH12, CFAPs, etc.) is characteristic of multiciliated cells in the airway.",multiciliated columnar cell of tracheobronchial tree,"High expression of cilia-related genes (FOXJ1, DNAH5, DNAH12, CFAPs, etc.) is characteristic of multiciliated cells in the airway.",1,1,YES,1
91042,AATAAGGTACTCTCC_GRO-09_biopsy,multiciliated columnar cell of tracheobronchial tree,"multiciliated columnar cell of tracheobronchial tree

The top genes include multiple cilia-related markers (FOXJ1, DNAH5, DNAH12, CFAP157, SPAG17, DYNLRB2, etc.), indicating a motile ciliated cell. In the respiratory airway, this corresponds to a multiciliated columnar cell of the tracheobronchial tree.",multiciliated columnar cell of tracheobronchial tree,"The top genes include multiple cilia-related markers (FOXJ1, DNAH5, DNAH12, CFAP157, SPAG17, DYNLRB2, etc.), indicating a motile ciliated cell. In the respiratory airway, this corresponds to a multiciliated columnar cell of the tracheobronchial tree.",1,1,YES,1
121484,CACAGTACAGCTGTTA_GRO-03_biopsy,multiciliated columnar cell of tracheobronchial tree,"multiciliated columnar cell of tracheobronchial tree
The top expressed genes include FOXJ1, DNAH5, DNAH12, and other cilia-associated proteins, indicating a multiciliated cell type. This is consistent with the respiratory airway context, specifically the tracheobronchial tree.",multiciliated columnar cell of tracheobronchial tree,"The top expressed genes include FOXJ1, DNAH5, DNAH12, and other cilia-associated proteins, indicating a multiciliated cell type. This is consistent with the respiratory airway context, specifically the tracheobronchial tree.",1,1,YES,1
101435,CTTCTCTGTTCCAC_GRO-08_biopsy,multiciliated columnar cell of tracheobronchial tree,"multiciliated columnar cell of tracheobronchial tree
The top expressed genes include multiple cilia-related markers (FOXJ1, DNAH5, DNAH12, CFAP157, CCDC17, etc.), which are hallmarks of multiciliated cells lining the respiratory airway.",multiciliated columnar cell of tracheobronchial tree,"The top expressed genes include multiple cilia-related markers (FOXJ1, DNAH5, DNAH12, CFAP157, CCDC17, etc.), which are hallmarks of multiciliated cells lining the respiratory airway.",1,1,YES,1
54942,TCATTTGTCCGATAT_GRO-06_biopsy,multiciliated columnar cell of tracheobronchial tree,"multiciliated columnar cell of tracheobronchial tree

The top genes (FOXJ1, DNAH5, DNAH12, DYNLRB2, CFAP157, CFAP276, CFAP144, SPAG17, TMEM190) are markers for cilia and flagella. FOXJ1 is a master regulator of ciliogenesis in airway multiciliated cells. This expression profile matches multiciliated columnar cells in the tracheobronchial tree.",multiciliated columnar cell of tracheobronchial tree,"The top genes (FOXJ1, DNAH5, DNAH12, DYNLRB2, CFAP157, CFAP276, CFAP144, SPAG17, TMEM190) are markers for cilia and flagella. FOXJ1 is a master regulator of ciliogenesis in airway multiciliated cells. This expression profile matches multiciliated columnar cells in the tracheobronchial tree.",1,1,YES,1
113184,TGCGTGGCACGAAAC_GRO-04_biopsy,multiciliated columnar cell of tracheobronchial tree,"multiciliated columnar cell of tracheobronchial tree
High expression of cilia-related genes (FOXJ1, DNAH5, CFAP157, etc.) indicates a multiciliated cell; the respiratory airway context and specific markers point to the tracheobronchial multiciliated columnar cell.",multiciliated columnar cell of tracheobronchial tree,"High expression of cilia-related genes (FOXJ1, DNAH5, CFAP157, etc.) indicates a multiciliated cell; the respiratory airway context and specific markers point to the tracheobronchial multiciliated columnar cell.",1,1,YES,1
59723,CACTAGACAGACC_GRO-09_biopsy,multiciliated columnar cell of tracheobronchial tree,"multiciliated columnar cell of tracheobronchial tree

High expression of FOXJ1 (ciliogenesis master regulator) and multiple cilia-related genes (DNAH5, DNAH12, CFAPs, DYNLRB2, etc.) strongly indicates a multiciliated cell type from the respiratory epithelium.",multiciliated columnar cell of tracheobronchial tree,"High expression of FOXJ1 (ciliogenesis master regulator) and multiple cilia-related genes (DNAH5, DNAH12, CFAPs, DYNLRB2, etc.) strongly indicates a multiciliated cell type from the respiratory epithelium.",1,1,YES,1
95016,CTAATGGGTTATGCGT_GRO-10_biopsy,multiciliated columnar cell of tracheobronchial tree,"Multiciliated columnar cell of tracheobronchial tree

The top genes include many cilia-related markers (FOXJ1, DNAH5, DNAH12, CFAP157, DYNLRB2, etc.), indicating a motile ciliated cell. In the respiratory airway, this corresponds to a multiciliated columnar cell of the tracheobronchial tree.",Multiciliated columnar cell of tracheobronchial tree,"The top genes include many cilia-related markers (FOXJ1, DNAH5, DNAH12, CFAP157, DYNLRB2, etc.), indicating a motile ciliated cell. In the respiratory airway, this corresponds to a multiciliated columnar cell of the tracheobronchial tree.",1,1,YES,1
101845,D372_Brus_Dis1_GGAACTTTCGAACTGT-1-35,multiciliated columnar cell of tracheobronchial tree,"multiciliated columnar cell of tracheobronchial tree
The top expressed genes include multiple cilia-related markers (FOXJ1, DNAH5, DNAH12, CFAP157, etc.), indicating a multiciliated cell type in the respiratory airway.",multiciliated columnar cell of tracheobronchial tree,"The top expressed genes include multiple cilia-related markers (FOXJ1, DNAH5, DNAH12, CFAP157, etc.), indicating a multiciliated cell type in the respiratory airway.",1,1,YES,1
75317,D353_Brus_Dis1_CGCCAAGGTGGTCCGT-1-19,multiciliated columnar cell of tracheobronchial tree,"multiciliated columnar cell of tracheobronchial tree

High expression of cilia-related genes (FOXJ1, DNAH5, DNAH12, CFAP157, DYNLRB2, SPAG17) and the tissue context (respiratory airway) indicate a multiciliated cell type, specifically the columnar cells lining the tracheobronchial tree.",multiciliated columnar cell of tracheobronchial tree,"High expression of cilia-related genes (FOXJ1, DNAH5, DNAH12, CFAP157, DYNLRB2, SPAG17) and the tissue context (respiratory airway) indicate a multiciliated cell type, specifically the columnar cells lining the tracheobronchial tree.",1,1,YES,1
43250,AACTCCCAGGTACTCT_GRO-06_biopsy,multiciliated columnar cell of tracheobronchial tree,"multiciliated columnar cell of tracheobronchial tree

High expression of cilia-related genes (FOXJ1, DNAH5, DNAH12, DYNLRB2, CFAP157, CFAP276, ERICH3, SPAG17, etc.) indicates a motile ciliated cell type in the respiratory airway.",multiciliated columnar cell of tracheobronchial tree,"High expression of cilia-related genes (FOXJ1, DNAH5, DNAH12, DYNLRB2, CFAP157, CFAP276, ERICH3, SPAG17, etc.) indicates a motile ciliated cell type in the respiratory airway.",1,1,YES,1
34180,CGTAGCGCATTAGGCT_GRO-04_biopsy,multiciliated columnar cell of tracheobronchial tree,"multiciliated columnar cell of tracheobronchial tree
The top genes include many cilia-related markers (FOXJ1, DNAH5, DNAH12, CFAP157, SPAG17, etc.), which are characteristic of multiciliated cells in the airway epithelium.",multiciliated columnar cell of tracheobronchial tree,"The top genes include many cilia-related markers (FOXJ1, DNAH5, DNAH12, CFAP157, SPAG17, etc.), which are characteristic of multiciliated cells in the airway epithelium.",1,1,YES,1
91629,D372_Brus_Dis1_TTGACTTCAAACTGTC-1-35,multiciliated columnar cell of tracheobronchial tree,"multiciliated columnar cell of tracheobronchial tree
The top genes include multiple cilia-associated factors (FOXJ1, DNAH5, DNAH12, CFAPs, DYNLRB2, SPAG17), strongly indicating a motile ciliated epithelial cell in the airway.",multiciliated columnar cell of tracheobronchial tree,"The top genes include multiple cilia-associated factors (FOXJ1, DNAH5, DNAH12, CFAPs, DYNLRB2, SPAG17), strongly indicating a motile ciliated epithelial cell in the airway.",1,1,YES,1
136782,D354_Brus_Dis1_GTACTTTAGGTGTGGT-1-22,multiciliated columnar cell of tracheobronchial tree,"multiciliated columnar cell of tracheobronchial tree
High expression of cilia-related genes (FOXJ1, DNAH5, DNAH12, CFAPs, etc.) indicates a motile ciliated cell, characteristic of multiciliated columnar cells lining the tracheobronchial tree.",multiciliated columnar cell of tracheobronchial tree,"High expression of cilia-related genes (FOXJ1, DNAH5, DNAH12, CFAPs, etc.) indicates a motile ciliated cell, characteristic of multiciliated columnar cells lining the tracheobronchial tree.",1,1,YES,1
3572,GTGCTTCCAGTATGCT_T89,multiciliated epithelial cell,"multiciliated columnar cell of tracheobronchial tree
High expression of centriole biogenesis genes (CDC20B, DEUP1, CCNO, PLK4) and cilia-associated NEK2 indicates multiciliated cells. MUC12 suggests a secretory component, but the dominant signature is deuterosome-mediated centriole amplification, a hallmark of airway multiciliated cells.",multiciliated columnar cell of tracheobronchial tree,"High expression of centriole biogenesis genes (CDC20B, DEUP1, CCNO, PLK4) and cilia-associated NEK2 indicates multiciliated cells. MUC12 suggests a secretory component, but the dominant signature is deuterosome-mediated centriole amplification, a hallmark of airway multiciliated cells.",0,1,YES,1
12333,D372_Brus_Dis1_TGCGTGGGTTCTGTTT-1-35,multiciliated epithelial cell,"multiciliated columnar cell of tracheobronchial tree

The top genes include CDC20B, FOXN4, DEUP1, CCNO, and CCNA1, which are key regulators of multiciliogenesis (centriole amplification and cilia formation). This expression profile is characteristic of multiciliated cells lining the tracheobronchial tree.",multiciliated columnar cell of tracheobronchial tree,"The top genes include CDC20B, FOXN4, DEUP1, CCNO, and CCNA1, which are key regulators of multiciliogenesis (centriole amplification and cilia formation). This expression profile is characteristic of multiciliated cells lining the tracheobronchial tree.",0,1,YES,1
33745,D354_Brus_Dis1_GCTGCTTTCCGATATG-1-22,multiciliated epithelial cell,"multiciliated columnar cell of tracheobronchial tree

High expression of CDC20B, FOXN4, PLK4, DEUP1, CCNO, and NEK2 indicates active centriole amplification and ciliogenesis, hallmarks of multiciliated cells in the airway. These genes are critical for motile cilia formation, confirming this cell type.",multiciliated columnar cell of tracheobronchial tree,"High expression of CDC20B, FOXN4, PLK4, DEUP1, CCNO, and NEK2 indicates active centriole amplification and ciliogenesis, hallmarks of multiciliated cells in the airway. These genes are critical for motile cilia formation, confirming this cell type.",0,1,YES,1
6770,CATGGCGTCCCACTT_GRO-07_biopsy,multiciliated epithelial cell,"multiciliated columnar cell of tracheobronchial tree
Strong expression of genes involved in multiciliogenesis (CDC20B, FOXN4, PLK4, DEUP1, CCNO, NEK2) and cell cycle regulators (CDC20, E2F7) indicates a multiciliated cell type in the airway.",multiciliated columnar cell of tracheobronchial tree,"Strong expression of genes involved in multiciliogenesis (CDC20B, FOXN4, PLK4, DEUP1, CCNO, NEK2) and cell cycle regulators (CDC20, E2F7) indicates a multiciliated cell type in the airway.",0,1,YES,1
165329,GAAATGACATGCAACT_T89,multiciliated epithelial cell,"multiciliated columnar cell of tracheobronchial tree
High expression of CDC20B, FOXN4, PLK4, DEUP1, CCNO, and POC1A indicates active centriole biogenesis and multiciliogenesis, hallmark features of multiciliated epithelial cells lining the airway.",multiciliated columnar cell of tracheobronchial tree,"High expression of CDC20B, FOXN4, PLK4, DEUP1, CCNO, and POC1A indicates active centriole biogenesis and multiciliogenesis, hallmark features of multiciliated epithelial cells lining the airway.",0,1,YES,1
13086,CCGTACTTCATGCAAC_GRO-09_biopsy,multiciliated epithelial cell,"multiciliated columnar cell of tracheobronchial tree
Top genes include FOXN4, HES6, DEUP1, CCNO, and CDC20B, all key regulators of multiciliated cell differentiation and centriole amplification. MUC12 expression also supports this identity.",multiciliated columnar cell of tracheobronchial tree,"Top genes include FOXN4, HES6, DEUP1, CCNO, and CDC20B, all key regulators of multiciliated cell differentiation and centriole amplification. MUC12 expression also supports this identity.",0,1,YES,1
55829,CGCCAAAGGGAT_GRO-07_biopsy,multiciliated epithelial cell,"multiciliated columnar cell of tracheobronchial tree
High expression of DEUP1, CCNO, HES6, and FOXN4 indicates active centriole biogenesis and multiciliation, hallmarks of multiciliated cells in the respiratory airway.",multiciliated columnar cell of tracheobronchial tree,"High expression of DEUP1, CCNO, HES6, and FOXN4 indicates active centriole biogenesis and multiciliation, hallmarks of multiciliated cells in the respiratory airway.",0,1,YES,1
143312,ATCCGAAGTAGGGTAC_GRO-06_biopsy,multiciliated epithelial cell,"multiciliated columnar cell of tracheobronchial tree
High expression of centriole/cilia-associated genes (CDC20B, DEUP1, CCNO, POC1A, NEK2) and the transcription factor FOXN4 indicates a multiciliated cell. These markers are hallmarks of multiciliated epithelial cells lining the airway.",multiciliated columnar cell of tracheobronchial tree,"High expression of centriole/cilia-associated genes (CDC20B, DEUP1, CCNO, POC1A, NEK2) and the transcription factor FOXN4 indicates a multiciliated cell. These markers are hallmarks of multiciliated epithelial cells lining the airway.",0,1,YES,1
125734,D354_Biop_Int2_AGCCTAAGTTCCCTTG-1-21,multiciliated epithelial cell,"multiciliated columnar cell of tracheobronchial tree
High expression of ciliogenesis genes (CDC20B, FOXN4, DEUP1, CCNO, POC1A) and cell cycle regulators (PLK4, NEK2, E2F7) indicates a multiciliated cell actively generating centrioles and cilia, typical of airway epithelia.",multiciliated columnar cell of tracheobronchial tree,"High expression of ciliogenesis genes (CDC20B, FOXN4, DEUP1, CCNO, POC1A) and cell cycle regulators (PLK4, NEK2, E2F7) indicates a multiciliated cell actively generating centrioles and cilia, typical of airway epithelia.",0,1,YES,1
91961,TCCATGCCACTGGAAG_SC88,multiciliated epithelial cell,"multiciliated columnar cell of tracheobronchial tree
The top genes include CDC20B, DEUP1, CCNO, PLK4, NEK2, and FOXN4, which are key regulators of centriole amplification and ciliogenesis, indicating a multiciliated cell. This expression profile is characteristic of airway multiciliated epithelial cells lining the tracheobronchial tree.",multiciliated columnar cell of tracheobronchial tree,"The top genes include CDC20B, DEUP1, CCNO, PLK4, NEK2, and FOXN4, which are key regulators of centriole amplification and ciliogenesis, indicating a multiciliated cell. This expression profile is characteristic of airway multiciliated epithelial cells lining the tracheobronchial tree.",0,1,YES,1
154236,CGTTAGACAGGTCAAG_T90,multiciliated epithelial cell,"multiciliated columnar cell of tracheobronchial tree

High expression of FOXN4 (multiciliated fate specifier), DEUP1 and CCNO (centriole amplification/ciliogenesis), and cell cycle genes (CDC20B, PLK4, NEK2, CDC20) reflect active proliferation and differentiation of multiciliated cells in the airway.",multiciliated columnar cell of tracheobronchial tree,"High expression of FOXN4 (multiciliated fate specifier), DEUP1 and CCNO (centriole amplification/ciliogenesis), and cell cycle genes (CDC20B, PLK4, NEK2, CDC20) reflect active proliferation and differentiation of multiciliated cells in the airway.",0,1,YES,1
8865,AACATCCACAACGTT_GRO-10_biopsy,multiciliated epithelial cell,"multiciliated columnar cell of tracheobronchial tree
The top genes include CDC20B, DEUP1, CCNO, PLK4, and NEK2, all key regulators of ciliogenesis and centriole biogenesis, strongly indicating a multiciliated cell type in the respiratory airway.",multiciliated columnar cell of tracheobronchial tree,"The top genes include CDC20B, DEUP1, CCNO, PLK4, and NEK2, all key regulators of ciliogenesis and centriole biogenesis, strongly indicating a multiciliated cell type in the respiratory airway.",0,1,YES,1
21926,CAAGATCTCGTGGTC_GRO-04_biopsy,multiciliated epithelial cell,"multiciliated columnar cell of tracheobronchial tree
The top expressed genes (CDC20B, FOXN4, PLK4, DEUP1, CCNO, NEK2, POC1A) are key regulators of centriole amplification and multiciliogenesis, a defining feature of multiciliated cells in the airway epithelium. This profile specifically matches a multiciliated columnar cell of the tracheobronchial tree.",multiciliated columnar cell of tracheobronchial tree,"The top expressed genes (CDC20B, FOXN4, PLK4, DEUP1, CCNO, NEK2, POC1A) are key regulators of centriole amplification and multiciliogenesis, a defining feature of multiciliated cells in the airway epithelium. This profile specifically matches a multiciliated columnar cell of the tracheobronchial tree.",0,1,YES,1
47280,CACACTCTCAAACGGG_T89,multiciliated epithelial cell,"multiciliated columnar cell of tracheobronchial tree
High expression of ciliogenesis genes (CDC20B, DEUP1, PLK4, CCNO, NEK2) and multiciliated cell regulators (FOXN4, HES6) marks this as a multiciliated epithelial cell of the airway.",multiciliated columnar cell of tracheobronchial tree,"High expression of ciliogenesis genes (CDC20B, DEUP1, PLK4, CCNO, NEK2) and multiciliated cell regulators (FOXN4, HES6) marks this as a multiciliated epithelial cell of the airway.",0,1,YES,1
139568,CTGCTTAGGTGACCA_GRO-09_biopsy,multiciliated epithelial cell,"multiciliated columnar cell of tracheobronchial tree
High expression of DEUP1, CCNO, CDC20B, PLK4, and FOXN4 indicates active deuterosome-mediated centriole amplification, a hallmark of multiciliated cells in the respiratory airway.",multiciliated columnar cell of tracheobronchial tree,"High expression of DEUP1, CCNO, CDC20B, PLK4, and FOXN4 indicates active deuterosome-mediated centriole amplification, a hallmark of multiciliated cells in the respiratory airway.",0,1,YES,1
136518,TTTGGAGTCAGACATC_T90,multiciliated epithelial cell,"multiciliated columnar cell of tracheobronchial tree

High expression of DEUP1, CDC20B, CCNO, NEK2, PLK4, and FOXN4 indicates active ciliogenesis and centriole amplification, hallmark features of multiciliated cells in the airway. These genes drive motile cilia formation, supporting identification as a tracheobronchial multiciliated columnar cell.",multiciliated columnar cell of tracheobronchial tree,"High expression of DEUP1, CDC20B, CCNO, NEK2, PLK4, and FOXN4 indicates active ciliogenesis and centriole amplification, hallmark features of multiciliated cells in the airway. These genes drive motile cilia formation, supporting identification as a tracheobronchial multiciliated columnar cell.",0,1,YES,1
122007,D353_Brus_Dis1_CATGGCGAGTTTCCTT-1-19,multiciliated epithelial cell,"multiciliated columnar cell of tracheobronchial tree
The top genes (CDC20B, FOXN4, PLK4, DEUP1, CCNO, NEK2, POC1A) are key regulators of centriole amplification and ciliogenesis, which are hallmarks of multiciliated cells in the respiratory airway.",multiciliated columnar cell of tracheobronchial tree,"The top genes (CDC20B, FOXN4, PLK4, DEUP1, CCNO, NEK2, POC1A) are key regulators of centriole amplification and ciliogenesis, which are hallmarks of multiciliated cells in the respiratory airway.",0,1,YES,1
79496,D367_Brus_Dis1_GAACCTAAGAAGCCCA-1-30,multiciliated epithelial cell,"multiciliated columnar cell of tracheobronchial tree
High expression of ciliogenesis genes (CDC20B, FOXN4, DEUP1, CCNO, PLK4, NEK2, HES6) indicates a cell actively producing multiple motile cilia, characteristic of multiciliated columnar cells lining the respiratory airway.",multiciliated columnar cell of tracheobronchial tree,"High expression of ciliogenesis genes (CDC20B, FOXN4, DEUP1, CCNO, PLK4, NEK2, HES6) indicates a cell actively producing multiple motile cilia, characteristic of multiciliated columnar cells lining the respiratory airway.",0,1,YES,1
52249,TTCTCGTCTCTAGGA_GRO-04_biopsy,multiciliated epithelial cell,multiciliated columnar cell of tracheobronchial tree,multiciliated columnar cell of tracheobronchial tree,,0,1,YES,1
13577,P3_3_ACGTCAAGTTCCCTTG,multiciliated epithelial cell,"multiciliated columnar cell of tracheobronchial tree
Top genes include CDC20B, FOXN4, PLK4, DEUP1, and CCNO, all key markers for multiciliated cells involved in centriole amplification and ciliogenesis in the respiratory airway.",multiciliated columnar cell of tracheobronchial tree,"Top genes include CDC20B, FOXN4, PLK4, DEUP1, and CCNO, all key markers for multiciliated cells involved in centriole amplification and ciliogenesis in the respiratory airway.",0,1,YES,1
107415,P3_4_TCGTAGAAGAGCTGGT,myofibroblast cell,"tracheobronchial smooth muscle cell
High expression of smooth muscle markers CNN1 (calponin) and DES (desmin) along with PLP1, BCHE, and SLN points to airway smooth muscle cells in the respiratory tract.",tracheobronchial smooth muscle cell,"High expression of smooth muscle markers CNN1 (calponin) and DES (desmin) along with PLP1, BCHE, and SLN points to airway smooth muscle cells in the respiratory tract.",0,0,NO,0
54195,P3_4_GAAGCAGTCCTGCCAT,myofibroblast cell,"smooth muscle cell
The expression of desmin (DES) and calponin (CNN1) are classic markers of smooth muscle cells. These genes are highly expressed, along with other contractile and matrix-associated genes, supporting smooth muscle identity in the respiratory airway context.",smooth muscle cell,"The expression of desmin (DES) and calponin (CNN1) are classic markers of smooth muscle cells. These genes are highly expressed, along with other contractile and matrix-associated genes, supporting smooth muscle identity in the respiratory airway context.",0,0,NO,0
113026,P3_4_GTCATTTAGTTGTAGA,myofibroblast cell,"tracheobronchial smooth muscle cell

Expression of DES, CNN1, and ACTA2 (implied by CNN1) are hallmarks of smooth muscle. Other markers like BCHE, SLN, PMP2, and PLP1 further support a muscle/mesenchymal identity, consistent with airway smooth muscle cells.",tracheobronchial smooth muscle cell,"Expression of DES, CNN1, and ACTA2 (implied by CNN1) are hallmarks of smooth muscle. Other markers like BCHE, SLN, PMP2, and PLP1 further support a muscle/mesenchymal identity, consistent with airway smooth muscle cells.",0,0,NO,0
169114,P2_8_CCTAAAGTCCAAATGC,myofibroblast cell,"tracheobronchial smooth muscle cell

The expression profile shows high levels of smooth muscle markers DES (desmin) and CNN1 (calponin), along with PLP1, BCHE, and SLN, which are also associated with smooth muscle. The presence of fibroblast-related genes (ASPN, FNDC1, COL20A1) suggests a myofibroblast-like phenotype, but the strong contractile markers indicate a smooth muscle cell type specific to the airway.",tracheobronchial smooth muscle cell,"The expression profile shows high levels of smooth muscle markers DES (desmin) and CNN1 (calponin), along with PLP1, BCHE, and SLN, which are also associated with smooth muscle. The presence of fibroblast-related genes (ASPN, FNDC1, COL20A1) suggests a myofibroblast-like phenotype, but the strong contractile markers indicate a smooth muscle cell type specific to the airway.",0,0,NO,0
103341,D353_Biop_Int2_AGGGATGGTTGGTGGA-1-18,myofibroblast cell,"tracheobronchial smooth muscle cell
Top genes include smooth muscle markers DES (desmin), CNN1 (calponin), and SLN (sarcolipin), along with matrix components (ASPN, COL20A1, FNDC1), indicating a tracheobronchial smooth muscle cell.",tracheobronchial smooth muscle cell,"Top genes include smooth muscle markers DES (desmin), CNN1 (calponin), and SLN (sarcolipin), along with matrix components (ASPN, COL20A1, FNDC1), indicating a tracheobronchial smooth muscle cell.",0,0,NO,0
2659,P3_4_CTCACACTCCAGTATG,myofibroblast cell,"tracheobronchial smooth muscle cell

The top expressed genes include smooth muscle markers DES (desmin), CNN1 (calponin), and SLN (sarcolipin), which are characteristic of contractile cells. The presence of BCHE, PRIMA1, and PMP2 also aligns with smooth muscle function in the airway. Given the respiratory airway context, this profile specifically matches tracheobronchial smooth muscle cells.",tracheobronchial smooth muscle cell,"The top expressed genes include smooth muscle markers DES (desmin), CNN1 (calponin), and SLN (sarcolipin), which are characteristic of contractile cells. The presence of BCHE, PRIMA1, and PMP2 also aligns with smooth muscle function in the airway. Given the respiratory airway context, this profile specifically matches tracheobronchial smooth muscle cells.",0,0,NO,0
130611,P3_4_AGGGAGTCACGGATAG,myofibroblast cell,"tracheobronchial smooth muscle cell
High expression of smooth muscle markers (DES, CNN1) and GATA5, with additional muscle-related genes (SLN, PRIMA1), indicates a smooth muscle cell type in the respiratory airway.",tracheobronchial smooth muscle cell,"High expression of smooth muscle markers (DES, CNN1) and GATA5, with additional muscle-related genes (SLN, PRIMA1), indicates a smooth muscle cell type in the respiratory airway.",0,0,NO,0
61662,P3_4_TGAGCATCAGTATCTG,myofibroblast cell,"tracheobronchial smooth muscle cell

The expression profile includes classic smooth muscle markers DES (desmin) and CNN1 (calponin), along with SLN (sarcolipin) involved in muscle contraction. SCX and GATA5 also support smooth muscle identity in the airway context.",tracheobronchial smooth muscle cell,"The expression profile includes classic smooth muscle markers DES (desmin) and CNN1 (calponin), along with SLN (sarcolipin) involved in muscle contraction. SCX and GATA5 also support smooth muscle identity in the airway context.",0,0,NO,0
19261,P3_4_GACGGCTGTTCGAATC,myofibroblast cell,"tracheobronchial smooth muscle cell
The expression of DES (desmin) and CNN1 (calponin 1) are hallmark genes of smooth muscle cells. Other markers like ASPN and SCX are also present, but the strong muscle markers in this airway context indicate tracheobronchial smooth muscle cell.",tracheobronchial smooth muscle cell,"The expression of DES (desmin) and CNN1 (calponin 1) are hallmark genes of smooth muscle cells. Other markers like ASPN and SCX are also present, but the strong muscle markers in this airway context indicate tracheobronchial smooth muscle cell.",0,0,NO,0
153688,P2_8_ACACCGGTCTTACCTA,myofibroblast cell,pulmonary neuroendocrine cell,pulmonary neuroendocrine cell,,0,0,NO,0
59436,P3_4_AAGGTTCCACGAAGCA,myofibroblast cell,"tracheobronchial smooth muscle cell

Expression of DES, CNN1, and SLN are classic smooth muscle markers, while SCX and ASPN suggest a fibroblast-like or tendon phenotype; however, in the respiratory tract, the combination of these genes (including GATA5, BCHE, and PMP2) aligns with tracheobronchial smooth muscle cells, which can also express myelin-associated proteins and matrix components.",tracheobronchial smooth muscle cell,"Expression of DES, CNN1, and SLN are classic smooth muscle markers, while SCX and ASPN suggest a fibroblast-like or tendon phenotype; however, in the respiratory tract, the combination of these genes (including GATA5, BCHE, and PMP2) aligns with tracheobronchial smooth muscle cells, which can also express myelin-associated proteins and matrix components.",0,0,NO,0
102608,P3_3_CCATTCGCACCAGGCT,myofibroblast cell,"smooth muscle cell

The expression profile includes strong smooth muscle markers DES (desmin) and CNN1 (calponin 1), along with SCX, GREM2, and FGF18, which are consistent with smooth muscle cells in the respiratory airway. Other markers like PLP1 and BCHE may reflect additional lineage characteristics, but the overall pattern indicates smooth muscle identity.",smooth muscle cell,"The expression profile includes strong smooth muscle markers DES (desmin) and CNN1 (calponin 1), along with SCX, GREM2, and FGF18, which are consistent with smooth muscle cells in the respiratory airway. Other markers like PLP1 and BCHE may reflect additional lineage characteristics, but the overall pattern indicates smooth muscle identity.",0,0,NO,0
45574,P3_4_AAAGATGTCTTGTATC,myofibroblast cell,"tracheobronchial smooth muscle cell
Expression of smooth muscle markers DES (desmin) and CNN1 (calponin), plus PLP1 and BCHE, aligns with airway smooth muscle. Absence of epithelial or immune markers confirms this identity.",tracheobronchial smooth muscle cell,"Expression of smooth muscle markers DES (desmin) and CNN1 (calponin), plus PLP1 and BCHE, aligns with airway smooth muscle. Absence of epithelial or immune markers confirms this identity.",0,0,NO,0
24682,P2_8_GGACAGACATCGACGC,myofibroblast cell,"tracheobronchial smooth muscle cell
High expression of DES (desmin) and CNN1 (calponin), classic smooth muscle markers, along with structural genes like COL20A1 and FNDC1, indicates smooth muscle cells. The respiratory airway context points specifically to tracheobronchial smooth muscle.",tracheobronchial smooth muscle cell,"High expression of DES (desmin) and CNN1 (calponin), classic smooth muscle markers, along with structural genes like COL20A1 and FNDC1, indicates smooth muscle cells. The respiratory airway context points specifically to tracheobronchial smooth muscle.",0,0,NO,0
35702,P3_4_CTGATCCCAAGTTGTC,myofibroblast cell,"tracheobronchial smooth muscle cell

The expression of smooth muscle markers DES (desmin) and CNN1 (calponin), along with other contractile-associated genes (ASPN, FGF18, WIF1), identifies this cell as a smooth muscle cell. Given the respiratory airway context, the most specific match is tracheobronchial smooth muscle cell.",tracheobronchial smooth muscle cell,"The expression of smooth muscle markers DES (desmin) and CNN1 (calponin), along with other contractile-associated genes (ASPN, FGF18, WIF1), identifies this cell as a smooth muscle cell. Given the respiratory airway context, the most specific match is tracheobronchial smooth muscle cell.",0,0,NO,0
91741,P3_4_TTCGGTCGTACAGCAG,myofibroblast cell,"tracheobronchial smooth muscle cell
High expression of CNN1, DES, and other smooth muscle markers (e.g., MYH11 not listed but inferred) in respiratory airway indicates this is a tracheobronchial smooth muscle cell.",tracheobronchial smooth muscle cell,"High expression of CNN1, DES, and other smooth muscle markers (e.g., MYH11 not listed but inferred) in respiratory airway indicates this is a tracheobronchial smooth muscle cell.",0,0,NO,0
79890,P3_4_CCACGGAAGAAGGCCT,myofibroblast cell,"tracheobronchial smooth muscle cell

High expression of DES (desmin), CNN1 (calponin 1), and SLN (sarcolipin) are classic markers of smooth muscle cells. The airway context and additional markers like SCX and ASPN further support a tracheobronchial smooth muscle identity.",tracheobronchial smooth muscle cell,"High expression of DES (desmin), CNN1 (calponin 1), and SLN (sarcolipin) are classic markers of smooth muscle cells. The airway context and additional markers like SCX and ASPN further support a tracheobronchial smooth muscle identity.",0,0,NO,0
132073,P3_4_CTAGAGTTCCAATGGT,myofibroblast cell,"tracheobronchial smooth muscle cell

High expression of smooth muscle markers DES (desmin) and CNN1 (calponin 1), along with SCX, ASPN, and other genes, indicates a contractile cell type in the respiratory airway. This profile aligns with tracheobronchial smooth muscle cells.",tracheobronchial smooth muscle cell,"High expression of smooth muscle markers DES (desmin) and CNN1 (calponin 1), along with SCX, ASPN, and other genes, indicates a contractile cell type in the respiratory airway. This profile aligns with tracheobronchial smooth muscle cells.",0,0,NO,0
128351,P3_4_GGGATGAGTTCTGAAC,myofibroblast cell,"tracheobronchial smooth muscle cell

The expression of DES (desmin) and CNN1 (calponin 1) are classic smooth muscle markers. The presence of other genes like BCHE, SLN, SCX, and GATA5 further supports smooth muscle identity specifically within the respiratory airway context, consistent with tracheobronchial smooth muscle.",tracheobronchial smooth muscle cell,"The expression of DES (desmin) and CNN1 (calponin 1) are classic smooth muscle markers. The presence of other genes like BCHE, SLN, SCX, and GATA5 further supports smooth muscle identity specifically within the respiratory airway context, consistent with tracheobronchial smooth muscle.",0,0,NO,0
126956,P2_8_CTAACTTGTACAGTTC,myofibroblast cell,"tracheobronchial smooth muscle cell

The expression profile shows high levels of smooth muscle markers such as DES (desmin), CNN1 (calponin 1), and PLP1, along with matrix-related genes (ASPN, COL20A1, FNDC1) and regulatory factors (GATA5, SCX). This pattern is characteristic of airway smooth muscle cells, specifically from the tracheobronchial tree.",tracheobronchial smooth muscle cell,"The expression profile shows high levels of smooth muscle markers such as DES (desmin), CNN1 (calponin 1), and PLP1, along with matrix-related genes (ASPN, COL20A1, FNDC1) and regulatory factors (GATA5, SCX). This pattern is characteristic of airway smooth muscle cells, specifically from the tracheobronchial tree.",0,0,NO,0
41247,CTTCCAAGCCACGCT_GRO-09_biopsy,nasal mucosa goblet cell,"respiratory tract hillock cell
High expression of cornification markers SPRR3, CRCT1, CRNN, and keratins KRT78, KRT4 along with LYPD2, PSCA, and CEACAM5/6 matches the known gene signature of hillock cells, a distinct airway epithelial subtype. Mucin genes (MUC5AC) may be lowly expressed, but the dominant profile is consistent with hillock cell identity.",respiratory tract hillock cell,"High expression of cornification markers SPRR3, CRCT1, CRNN, and keratins KRT78, KRT4 along with LYPD2, PSCA, and CEACAM5/6 matches the known gene signature of hillock cells, a distinct airway epithelial subtype. Mucin genes (MUC5AC) may be lowly expressed, but the dominant profile is consistent with hillock cell identity.",0,0,NO,0
109809,CCATTCGGTACCGTTA_GRO-02_biopsy,nasal mucosa goblet cell,"tracheobronchial goblet cell
High expression of MUC5AC and MUC21 indicates mucus secretion. SPRR3, BPIFA1, CEACAM5/6 are also characteristic of airway goblet cells, matching this profile.",tracheobronchial goblet cell,"High expression of MUC5AC and MUC21 indicates mucus secretion. SPRR3, BPIFA1, CEACAM5/6 are also characteristic of airway goblet cells, matching this profile.",0,1,NO,0
33989,ATGTCTTCAACAAAGT_T167,nasal mucosa goblet cell,"respiratory tract hillock cell
The top genes include SPRR3, CRCT1, TMPRSS11B, and LYNX1, which are hallmark markers of hillock cells in the airway epithelium. This cell type is specialized for barrier function and host defense.",respiratory tract hillock cell,"The top genes include SPRR3, CRCT1, TMPRSS11B, and LYNX1, which are hallmark markers of hillock cells in the airway epithelium. This cell type is specialized for barrier function and host defense.",0,0,NO,0
159038,TTCCGGTGTGCAGTGA_T153,nasal mucosa goblet cell,"bronchial goblet cell
Highly expressed MUC5AC, MUC21, BPIFA1, and SPRR family genes are characteristic of airway goblet cells that secrete mucus.",bronchial goblet cell,"Highly expressed MUC5AC, MUC21, BPIFA1, and SPRR family genes are characteristic of airway goblet cells that secrete mucus.",0,1,YES,1
162445,GTCCACTGTCTCTCTG_T167,nasal mucosa goblet cell,"bronchial goblet cell
High expression of mucins (MUC5AC, MUC21) and goblet cell markers (SPRR3, CEACAM5, BPIFA1, KRT4) in respiratory airway indicates goblet cells specialized for mucus secretion.",bronchial goblet cell,"High expression of mucins (MUC5AC, MUC21) and goblet cell markers (SPRR3, CEACAM5, BPIFA1, KRT4) in respiratory airway indicates goblet cells specialized for mucus secretion.",0,1,NO,0
7412,CTACACCTCACCATAG_T137,nasal mucosa goblet cell,"bronchial goblet cell
High expression of MUC5AC, MUC21, BPIFA1, CEACAM5/6, and SPRR family members is characteristic of airway goblet cells, which secrete mucus for mucociliary clearance.",bronchial goblet cell,"High expression of MUC5AC, MUC21, BPIFA1, CEACAM5/6, and SPRR family members is characteristic of airway goblet cells, which secrete mucus for mucociliary clearance.",0,1,NO,0
26571,CCAATTTGTGGGCTTC_T167,nasal mucosa goblet cell,"respiratory tract hillock cell

The top expressed genes include markers of stratified squamous differentiation (SPRR3, CRCT1, CRNN, KRT4) along with mucins (MUC5AC, MUC21) and BPIFA1. This combination is highly characteristic of respiratory tract hillock cells, a recently identified transitional epithelial cell type that co-expresses cornified envelope and mucus-related genes.",respiratory tract hillock cell,"The top expressed genes include markers of stratified squamous differentiation (SPRR3, CRCT1, CRNN, KRT4) along with mucins (MUC5AC, MUC21) and BPIFA1. This combination is highly characteristic of respiratory tract hillock cells, a recently identified transitional epithelial cell type that co-expresses cornified envelope and mucus-related genes.",0,0,NO,0
83475,GGTGTCGCACACGGTC_T166,nasal mucosa goblet cell,"respiratory tract hillock cell
The expression of SPRR3, CRCT1, CRNN, and SPRR2A (cornification markers) along with mucins MUC5AC and MUC21, keratins KRT4/KRT78, and BPIFA1 matches the characteristic co-expression of squamous and secretory genes in respiratory hillock cells.",respiratory tract hillock cell,"The expression of SPRR3, CRCT1, CRNN, and SPRR2A (cornification markers) along with mucins MUC5AC and MUC21, keratins KRT4/KRT78, and BPIFA1 matches the characteristic co-expression of squamous and secretory genes in respiratory hillock cells.",0,0,NO,0
81865,CGATGGCAGCCAGACA_T154,nasal mucosa goblet cell,"tracheobronchial goblet cell

The expression profile includes mucins (MUC5AC, MUC21), BPIFA1, SPRR proteins, and keratins, characteristic of airway secretory goblet cells. These cells produce mucus and are found in the tracheobronchial epithelium.",tracheobronchial goblet cell,"The expression profile includes mucins (MUC5AC, MUC21), BPIFA1, SPRR proteins, and keratins, characteristic of airway secretory goblet cells. These cells produce mucus and are found in the tracheobronchial epithelium.",0,1,YES,1
33731,GACTTCCCATCTCCCA_T166,nasal mucosa goblet cell,"Bronchial goblet cell
High expression of mucins MUC5AC and MUC21, along with BPIFA1, CEACAM5/6, and SPRR3/CRCT1, indicates a mucus-secreting goblet cell in the respiratory airway.",Bronchial goblet cell,"High expression of mucins MUC5AC and MUC21, along with BPIFA1, CEACAM5/6, and SPRR3/CRCT1, indicates a mucus-secreting goblet cell in the respiratory airway.",0,1,NO,0
31483,ACAGCCGCATTGCCTC_T90,nasal mucosa goblet cell,"tracheobronchial goblet cell

High expression of mucus-related genes (MUC5AC, MUC21, BPIFA1, CEACAM5) and epithelial keratins (KRT4, KRT78, KRT24) is characteristic of tracheobronchial goblet cells, which secrete mucins for airway surface liquid.",tracheobronchial goblet cell,"High expression of mucus-related genes (MUC5AC, MUC21, BPIFA1, CEACAM5) and epithelial keratins (KRT4, KRT78, KRT24) is characteristic of tracheobronchial goblet cells, which secrete mucins for airway surface liquid.",0,1,YES,1
43207,CATCGGGAGATGACCG_T167,nasal mucosa goblet cell,"respiratory tract hillock cell
High expression of cornified envelope genes (SPRR3, CRCT1, CRNN) and TMPRSS11B, along with keratins (KRT78, KRT24, KRT4) and MUC21, matches the defining profile of respiratory tract hillock cells (also known as hillock-like cells). MUC5AC expression is occasionally present but not dominant.",respiratory tract hillock cell,"High expression of cornified envelope genes (SPRR3, CRCT1, CRNN) and TMPRSS11B, along with keratins (KRT78, KRT24, KRT4) and MUC21, matches the defining profile of respiratory tract hillock cells (also known as hillock-like cells). MUC5AC expression is occasionally present but not dominant.",0,0,NO,0
51996,CATTGCCTCAGCATTG_T90,nasal mucosa goblet cell,"Tracheobronchial goblet cell

High expression of MUC5AC and MUC21 (mucins), BPIFA1, and CEACAM5/6, along with cornified envelope genes (SPRR3, CRNN, CRCT1) and keratins (KRT4, KRT78, KRT24), is characteristic of airway goblet cells, which secrete mucus and maintain epithelial barrier function.",Tracheobronchial goblet cell,"High expression of MUC5AC and MUC21 (mucins), BPIFA1, and CEACAM5/6, along with cornified envelope genes (SPRR3, CRNN, CRCT1) and keratins (KRT4, KRT78, KRT24), is characteristic of airway goblet cells, which secrete mucus and maintain epithelial barrier function.",0,1,NO,0
76207,CTAGCCTAGACAGACC_T85,nasal mucosa goblet cell,"bronchial goblet cell
Expression of MUC5AC, MUC21, and BPIFA1 indicates mucus-secreting goblet cells, along with cornified envelope genes like SPRR3 and CRNN typical of airway epithelium.",bronchial goblet cell,"Expression of MUC5AC, MUC21, and BPIFA1 indicates mucus-secreting goblet cells, along with cornified envelope genes like SPRR3 and CRNN typical of airway epithelium.",0,1,NO,0
130559,ATCACTTCACGCGCTA_T90,nasal mucosa goblet cell,"tracheobronchial goblet cell
The expression profile features high levels of MUC5AC, MUC21, BPIFA1, and CEACAM5, which are hallmark markers of mucus-secreting goblet cells in the airway. Additional genes like CRNN, KRT4, and SPRR family members further support this identity.",tracheobronchial goblet cell,"The expression profile features high levels of MUC5AC, MUC21, BPIFA1, and CEACAM5, which are hallmark markers of mucus-secreting goblet cells in the airway. Additional genes like CRNN, KRT4, and SPRR family members further support this identity.",0,1,NO,0
143364,AGCTACAGTTGGGAAC_T90,nasal mucosa goblet cell,"respiratory tract hillock cell
The co-expression of cornified envelope genes (SPRR3, SPRR2A, CRCT1, CRNN) and mucins (MUC5AC, MUC21) along with BPIFA1 and CEACAM5 is a defining signature of respiratory tract hillock cells, a specialized airway epithelial cell type.",respiratory tract hillock cell,"The co-expression of cornified envelope genes (SPRR3, SPRR2A, CRCT1, CRNN) and mucins (MUC5AC, MUC21) along with BPIFA1 and CEACAM5 is a defining signature of respiratory tract hillock cells, a specialized airway epithelial cell type.",0,0,NO,0
54777,CGGCTAGTCCCACTT_GRO-09_biopsy,nasal mucosa goblet cell,"bronchial goblet cell
The top genes include MUC5AC, MUC21, BPIFA1, SPRR3, and KRT4, which are classic markers of mucus-secreting goblet cells in the airway epithelium.",bronchial goblet cell,"The top genes include MUC5AC, MUC21, BPIFA1, SPRR3, and KRT4, which are classic markers of mucus-secreting goblet cells in the airway epithelium.",0,1,NO,0
7871,ATACCTTCAGCTCATA_T153,nasal mucosa goblet cell,"tracheobronchial goblet cell
High expression of MUC5AC, BPIFA1, and MUC21, along with secretory protease inhibitors and defensins, identifies this as a mucus-secreting goblet cell in the airway.",tracheobronchial goblet cell,"High expression of MUC5AC, BPIFA1, and MUC21, along with secretory protease inhibitors and defensins, identifies this as a mucus-secreting goblet cell in the airway.",0,1,NO,0
157514,CTCTCAGTCTTCGATT_T154,nasal mucosa goblet cell,"respiratory tract hillock cell
High expression of SPRR3, CRCT1, CRNN, TMPRSS11B, LYPD2, and KRT78 are hallmark genes of hillock cells in the respiratory tract, a distinct epithelial subtype with squamous-secretory features.",respiratory tract hillock cell,"High expression of SPRR3, CRCT1, CRNN, TMPRSS11B, LYPD2, and KRT78 are hallmark genes of hillock cells in the respiratory tract, a distinct epithelial subtype with squamous-secretory features.",0,0,NO,0
85847,CTGTGGGTCGTTCCCA_T167,nasal mucosa goblet cell,"respiratory tract hillock cell
The top genes (SPRR3, CRCT1, CRNN, SPRR2A, KRT4, LYPD2, PI3) are classic markers of respiratory hillock cells, which are squamous-like epithelial cells. MUC5AC also appears but at lower rank, consistent with hillock cells' mixed secretory/squamous phenotype.",respiratory tract hillock cell,"The top genes (SPRR3, CRCT1, CRNN, SPRR2A, KRT4, LYPD2, PI3) are classic markers of respiratory hillock cells, which are squamous-like epithelial cells. MUC5AC also appears but at lower rank, consistent with hillock cells' mixed secretory/squamous phenotype.",0,0,NO,0
94539,CTGGGTAGCAGCGTA_GRO-10_biopsy,natural killer cell,"natural killer cell
High expression of NK cell markers (KLRF1, KIR2DL1/3, NCR1/3, PRF1, GNLY, SH2D1B, FCRL6, CX3CR1, TBX21) without T or B cell markers indicates natural killer cells.",natural killer cell,"High expression of NK cell markers (KLRF1, KIR2DL1/3, NCR1/3, PRF1, GNLY, SH2D1B, FCRL6, CX3CR1, TBX21) without T or B cell markers indicates natural killer cells.",1,1,YES,1
147348,CAGCTGGAGCCACCT_GRO-07_biopsy,natural killer cell,"natural killer cell
High expression of NK cell markers (KLRF1, KIR2DL1/3, NCR1/3, GNLY, PRF1, SH2D1B, FGFBP2, CX3CR1) and lack of B cell or T cell receptor genes (except TRDC, which can be in NK cells) strongly indicates a natural killer cell in the respiratory airway.",natural killer cell,"High expression of NK cell markers (KLRF1, KIR2DL1/3, NCR1/3, GNLY, PRF1, SH2D1B, FGFBP2, CX3CR1) and lack of B cell or T cell receptor genes (except TRDC, which can be in NK cells) strongly indicates a natural killer cell in the respiratory airway.",1,1,YES,1
55263,P2_3_TAGGCATTCAGCTGGC,natural killer cell,"natural killer cell

The expression profile is dominated by NK cell markers: KIR2DL1, KIR2DL3, NCR1, NCR3, PRF1, GNLY, KLRF1, SH2D1B, TBX21, and CX3CR1. These genes are characteristic of natural killer cells, which survey and kill infected or malignant cells. The absence of canonical T cell markers (e.g., CD3E) and the presence of multiple killer-cell immunoglobulin-like receptors and natural cytotoxicity receptors firmly identifies this as an NK cell.",natural killer cell,"The expression profile is dominated by NK cell markers: KIR2DL1, KIR2DL3, NCR1, NCR3, PRF1, GNLY, KLRF1, SH2D1B, TBX21, and CX3CR1. These genes are characteristic of natural killer cells, which survey and kill infected or malignant cells. The absence of canonical T cell markers (e.g., CD3E) and the presence of multiple killer-cell immunoglobulin-like receptors and natural cytotoxicity receptors firmly identifies this as an NK cell.",1,1,YES,1
156738,P2_8_AACCGCGGTCAAACTC,natural killer cell,"natural killer cell
High expression of NK cell-specific markers (KIR2DL1/3, NCR1/3, KLRF1, GNLY, PRF1, SH2D1B, TXK, TBX21) and lack of B cell or T cell receptor genes indicate a natural killer cell identity in the respiratory airway.",natural killer cell,"High expression of NK cell-specific markers (KIR2DL1/3, NCR1/3, KLRF1, GNLY, PRF1, SH2D1B, TXK, TBX21) and lack of B cell or T cell receptor genes indicate a natural killer cell identity in the respiratory airway.",1,1,YES,1
159230,TGGCTGGTCTACTATC_GRO-10_biopsy,natural killer cell,"natural killer cell

The top expressed genes include multiple NK cell markers: KLRF1 (NKp80), KIR2DL1/3 (Killer-cell immunoglobulin-like receptors), NCR1 (NKp46), NCR3 (NKp30), GNLY (granulysin), PRF1 (perforin), and FGFBP2. This profile is highly specific to NK cells, which are abundant in respiratory mucosa.",natural killer cell,"The top expressed genes include multiple NK cell markers: KLRF1 (NKp80), KIR2DL1/3 (Killer-cell immunoglobulin-like receptors), NCR1 (NKp46), NCR3 (NKp30), GNLY (granulysin), PRF1 (perforin), and FGFBP2. This profile is highly specific to NK cells, which are abundant in respiratory mucosa.",1,1,YES,1
84860,P2_8_CACATTTGTCTAAACC,natural killer cell,"natural killer cell
The expression of KIRs (KIR2DL1, KIR2DL3), NCRs (NCR1, NCR3), KLRF1, GNLY, PRF1, and CX3CR1 strongly indicates natural killer cells, which are innate cytotoxic lymphocytes abundant in respiratory mucosa.",natural killer cell,"The expression of KIRs (KIR2DL1, KIR2DL3), NCRs (NCR1, NCR3), KLRF1, GNLY, PRF1, and CX3CR1 strongly indicates natural killer cells, which are innate cytotoxic lymphocytes abundant in respiratory mucosa.",1,1,YES,1
133512,TTAACTCAGTCAATA_GRO-09_biopsy,natural killer cell,"natural killer cell
The expression profile includes key NK cell markers such as KLRF1, NCR1, NCR3, GNLY, PRF1, KIR2DL1/3, SH2D1B, and TBX21, which are characteristic of natural killer cells in the respiratory airway.",natural killer cell,"The expression profile includes key NK cell markers such as KLRF1, NCR1, NCR3, GNLY, PRF1, KIR2DL1/3, SH2D1B, and TBX21, which are characteristic of natural killer cells in the respiratory airway.",1,1,YES,1
128715,P2_6_CTCGAAATCCGCGGTA,natural killer cell,"natural killer cell

The expression profile features classic NK cell markers like KLRF1, KIR2DL1/3, NCR1, NCR3, GNLY, PRF1, SH2D1B, CX3CR1, and TBX21, indicating an NK cell identity within respiratory airway tissue.",natural killer cell,"The expression profile features classic NK cell markers like KLRF1, KIR2DL1/3, NCR1, NCR3, GNLY, PRF1, SH2D1B, CX3CR1, and TBX21, indicating an NK cell identity within respiratory airway tissue.",1,1,YES,1
9492,TGCGCAGTCTCGGAC_GRO-10_biopsy,natural killer cell,"natural killer cell

The expression profile is dominated by NK cell markers: KIR2DL1, KIR2DL3, NCR1, NCR3, GNLY, PRF1, KLRF1, SH2D1B, TRDC, TXK, and CX3CR1. These genes are characteristic of natural killer cells, which play a key role in innate immunity, especially in the respiratory tract.",natural killer cell,"The expression profile is dominated by NK cell markers: KIR2DL1, KIR2DL3, NCR1, NCR3, GNLY, PRF1, KLRF1, SH2D1B, TRDC, TXK, and CX3CR1. These genes are characteristic of natural killer cells, which play a key role in innate immunity, especially in the respiratory tract.",1,1,YES,1
125372,TGTTAAGGCGACAT_GRO-09_biopsy,natural killer cell,"natural killer cell
The expression of KLRF1, KIR2DL1/3, NCR1/3, PRF1, GNLY, and CX3CR1 is characteristic of NK cells, which are cytotoxic lymphocytes involved in innate immunity.",natural killer cell,"The expression of KLRF1, KIR2DL1/3, NCR1/3, PRF1, GNLY, and CX3CR1 is characteristic of NK cells, which are cytotoxic lymphocytes involved in innate immunity.",1,1,YES,1
74411,P2_3_ATAACGCCAGACACTT,natural killer cell,"natural killer cell

The top expressed genes include NK cell markers such as NCR1, NCR3, KLRF1, KIR2DL1, KIR2DL3, PRF1, GNLY, and CX3CR1, indicating a cytotoxic lymphocyte identity distinct from T cells due to lack of CD4/CD8 and presence of killer cell receptors. These genes are characteristic of natural killer cells in the respiratory airway.",natural killer cell,"The top expressed genes include NK cell markers such as NCR1, NCR3, KLRF1, KIR2DL1, KIR2DL3, PRF1, GNLY, and CX3CR1, indicating a cytotoxic lymphocyte identity distinct from T cells due to lack of CD4/CD8 and presence of killer cell receptors. These genes are characteristic of natural killer cells in the respiratory airway.",1,1,YES,1
120575,CGTCAGGTCAAGAAGT_GRO-09_biopsy,natural killer cell,natural killer cell,natural killer cell,,1,1,YES,1
50819,TCGGGTTCTTGACGA_GRO-08_biopsy,natural killer cell,"natural killer cell

The top genes include NK cell markers such as KLRF1, NCR1, NCR3, GNLY, PRF1, KIR2DL1/3, SH2D1B, CX3CR1, and TBX21, indicating a natural killer cell identity in the respiratory airway.",natural killer cell,"The top genes include NK cell markers such as KLRF1, NCR1, NCR3, GNLY, PRF1, KIR2DL1/3, SH2D1B, CX3CR1, and TBX21, indicating a natural killer cell identity in the respiratory airway.",1,1,YES,1
88859,P3_4_TCAGGTAGTTCTCATT,natural killer cell,"natural killer cell

The gene expression profile shows high levels of NK cell-specific markers including KLRF1, NCR1, NCR3, KIR2DL1, KIR2DL3, PRF1, GNLY, and CX3CR1, along with cytotoxic and signaling molecules. This pattern is characteristic of natural killer cells rather than T cells, dendritic cells, or other immune cells.",natural killer cell,"The gene expression profile shows high levels of NK cell-specific markers including KLRF1, NCR1, NCR3, KIR2DL1, KIR2DL3, PRF1, GNLY, and CX3CR1, along with cytotoxic and signaling molecules. This pattern is characteristic of natural killer cells rather than T cells, dendritic cells, or other immune cells.",1,1,YES,1
145152,CGACCAGTGTCGCT_GRO-10_biopsy,natural killer cell,"natural killer cell

The expression profile includes canonical NK cell markers: KLRF1, KIR2DL1, KIR2DL3, NCR1, NCR3, PRF1, GNLY, CX3CR1, and TBX21. These genes are key for NK cell identity and function, distinguishing them from other lymphocytes.",natural killer cell,"The expression profile includes canonical NK cell markers: KLRF1, KIR2DL1, KIR2DL3, NCR1, NCR3, PRF1, GNLY, CX3CR1, and TBX21. These genes are key for NK cell identity and function, distinguishing them from other lymphocytes.",1,1,YES,1
150660,P2_8_CATCCACAGAATGTGT,natural killer cell,"natural killer cell

The expression profile shows high levels of KLRF1, NCR1, NCR3, KIR2DL1, KIR2DL3, PRF1, GNLY, and TBX21, which are markers specific to natural killer (NK) cells, not T cells. The absence of CD3 components (except CD247, which is also in NK cells) and the presence of NK receptors confirm this identity.",natural killer cell,"The expression profile shows high levels of KLRF1, NCR1, NCR3, KIR2DL1, KIR2DL3, PRF1, GNLY, and TBX21, which are markers specific to natural killer (NK) cells, not T cells. The absence of CD3 components (except CD247, which is also in NK cells) and the presence of NK receptors confirm this identity.",1,1,YES,1
56420,P2_6_CTTGGCTGTCCGTGAC,natural killer cell,"natural killer cell
The gene expression profile features multiple killer cell immunoglobulin-like receptors (KIR2DL1/3), natural cytotoxicity receptors (NCR1/3), and cytotoxic effectors (PRF1, GNLY), alongside NK-specific markers (KLRF1, SH2D1B, TXK). This pattern is characteristic of natural killer cells in the respiratory airway.",natural killer cell,"The gene expression profile features multiple killer cell immunoglobulin-like receptors (KIR2DL1/3), natural cytotoxicity receptors (NCR1/3), and cytotoxic effectors (PRF1, GNLY), alongside NK-specific markers (KLRF1, SH2D1B, TXK). This pattern is characteristic of natural killer cells in the respiratory airway.",1,1,YES,1
62718,P2_4_AAGACCTGTCGCGTGT,natural killer cell,natural killer cell,natural killer cell,,1,1,YES,1
61347,AAAGCGTTCAACCA_GRO-10_biopsy,natural killer cell,"natural killer cell
The expression profile includes NK-specific markers such as KIR2DL1/3, NCR1/3, KLRF1, PRF1, GNLY, and SH2D1B, along with cytotoxic effector molecules and CX3CR1, indicating natural killer cells rather than T cells or other immune cell types.",natural killer cell,"The expression profile includes NK-specific markers such as KIR2DL1/3, NCR1/3, KLRF1, PRF1, GNLY, and SH2D1B, along with cytotoxic effector molecules and CX3CR1, indicating natural killer cells rather than T cells or other immune cell types.",1,1,YES,1
93566,TCTCTAACACTTAAC_GRO-09_biopsy,natural killer cell,natural killer cell,natural killer cell,,1,1,YES,1
103932,P2_3_TGTGGTAGTCGAGTTT,non-classical monocyte,"classical monocyte
High expression of myeloid markers (FCN1, LILRA1, LILRB2, FCGR3A, CFP) and lack of dendritic cell or mature macrophage markers suggests classical monocyte identity in the respiratory airway.",classical monocyte,"High expression of myeloid markers (FCN1, LILRA1, LILRB2, FCGR3A, CFP) and lack of dendritic cell or mature macrophage markers suggests classical monocyte identity in the respiratory airway.",0,1,NO,0
1867,P3_2_ATAGACCAGAGGTTAT,non-classical monocyte,"classical monocyte

The top genes (LILRA1/2/5, FCN1, CD300E, RGS18, ADGRE2, FCGR3A, APOBEC3A) are characteristic of classical monocytes, with FCN1 being a hallmark marker. This profile aligns with myeloid lineage cells circulating in the respiratory airway.",classical monocyte,"The top genes (LILRA1/2/5, FCN1, CD300E, RGS18, ADGRE2, FCGR3A, APOBEC3A) are characteristic of classical monocytes, with FCN1 being a hallmark marker. This profile aligns with myeloid lineage cells circulating in the respiratory airway.",0,1,NO,0
32754,D363_Brus_Dis1_GCTCCTAGTTTGTTGG-1-26,non-classical monocyte,"classical monocyte
The expression of LILR family genes, FCN1, CFP, FCGR3A, and APOBEC3A is characteristic of classical monocytes, which are key innate immune cells in the respiratory tract.",classical monocyte,"The expression of LILR family genes, FCN1, CFP, FCGR3A, and APOBEC3A is characteristic of classical monocytes, which are key innate immune cells in the respiratory tract.",0,1,NO,0
58214,P2_3_CACACAAAGCCACTAT,non-classical monocyte,"classical monocyte
High expression of FCN1, LILRA/B, and CD300E indicates classical monocytes, which are key in respiratory airway innate immunity.",classical monocyte,"High expression of FCN1, LILRA/B, and CD300E indicates classical monocytes, which are key in respiratory airway innate immunity.",0,1,NO,0
159375,D344_Brus_Dis1_GGCTGGTTCTTGGGTA-1-14,non-classical monocyte,"Non-classical monocyte

The top genes include FCGR3A (CD16), LST1, LILRA5, and CD300E, which are highly expressed in non-classical monocytes. The absence of CD14 and presence of these markers distinguishes them from classical monocytes, while FCN1 and CFP support myeloid origin.",Non-classical monocyte,"The top genes include FCGR3A (CD16), LST1, LILRA5, and CD300E, which are highly expressed in non-classical monocytes. The absence of CD14 and presence of these markers distinguishes them from classical monocytes, while FCN1 and CFP support myeloid origin.",1,1,YES,1
61172,TACTCGCTCGCCATAA_GRO-10_biopsy,non-classical monocyte,"non-classical monocyte

The expression profile features FCGR3A (CD16) and ADGRE2, which are characteristic of non-classical monocytes. Other highly expressed genes like LILRA/B, FCN1, CFP, APOBEC3A, and CD300E are typical of monocytes, particularly the non-classical subset in the respiratory airway context.",non-classical monocyte,"The expression profile features FCGR3A (CD16) and ADGRE2, which are characteristic of non-classical monocytes. Other highly expressed genes like LILRA/B, FCN1, CFP, APOBEC3A, and CD300E are typical of monocytes, particularly the non-classical subset in the respiratory airway context.",1,1,YES,1
3735,P2_3_ATGAGGGAGCGTAGTG,non-classical monocyte,non-classical monocyte,non-classical monocyte,,1,1,YES,1
43454,TCGCGAGTCCGATAT_GRO-06_biopsy,non-classical monocyte,"classical monocyte

The highly expressed genes include FCN1, CFP, LILRA1, LILRB2, and FCGR3A, which are characteristic markers of classical monocytes. These cells are key in innate immunity and circulate in the blood, fitting the respiratory airway context.",classical monocyte,"The highly expressed genes include FCN1, CFP, LILRA1, LILRB2, and FCGR3A, which are characteristic markers of classical monocytes. These cells are key in innate immunity and circulate in the blood, fitting the respiratory airway context.",0,1,NO,0
124214,P2_3_TTCTACAAGAGTCTGG,non-classical monocyte,"classical monocyte

The top genes include FCN1 (classical monocyte marker), LILRA/B family, CD300E, and CFP, which are highly expressed in classical monocytes. This profile aligns with the classical monocyte lineage in the respiratory airway context.",classical monocyte,"The top genes include FCN1 (classical monocyte marker), LILRA/B family, CD300E, and CFP, which are highly expressed in classical monocytes. This profile aligns with the classical monocyte lineage in the respiratory airway context.",0,1,NO,0
168007,P2_3_TACCTTAAGTACACCT,non-classical monocyte,"Classical monocyte

The top expressed genes include FCN1, LILRs, FCGR3A, and CD300E, which are characteristic of myeloid cells, particularly classical monocytes in the respiratory airway.",Classical monocyte,"The top expressed genes include FCN1, LILRs, FCGR3A, and CD300E, which are characteristic of myeloid cells, particularly classical monocytes in the respiratory airway.",0,1,NO,0
118654,P3_2_TCGGGACAGAAGCCCA,non-classical monocyte,"classical monocyte

Top genes include FCN1 (classical monocyte marker), LILRA/B family, FCGR3A, and CFP, all typical of monocytes. FCN1 is highly expressed, distinguishing it from non-classical monocytes. This pattern matches classical monocytes in blood or lung.",classical monocyte,"Top genes include FCN1 (classical monocyte marker), LILRA/B family, FCGR3A, and CFP, all typical of monocytes. FCN1 is highly expressed, distinguishing it from non-classical monocytes. This pattern matches classical monocytes in blood or lung.",0,1,NO,0
167861,P3_2_CGAGAAGTCGTTGACA,non-classical monocyte,"classical monocyte
The top genes include FCN1, LILRA/B family, APOBEC3A, and PELATON, which are characteristic of classical monocytes. FCGR3A is present but lower, consistent with classical monocyte profile in respiratory airway.",classical monocyte,"The top genes include FCN1, LILRA/B family, APOBEC3A, and PELATON, which are characteristic of classical monocytes. FCGR3A is present but lower, consistent with classical monocyte profile in respiratory airway.",0,1,NO,0
106624,CTAACTTAGGCATT_GRO-07_biopsy,non-classical monocyte,"classical monocyte
Expression of FCN1, CFP, APOBEC3A, LILRA/B, and FCGR3A is characteristic of classical monocytes (CD14+CD16-). These genes are typically high in circulating monocytes that patrol airways, fitting the respiratory context.",classical monocyte,"Expression of FCN1, CFP, APOBEC3A, LILRA/B, and FCGR3A is characteristic of classical monocytes (CD14+CD16-). These genes are typically high in circulating monocytes that patrol airways, fitting the respiratory context.",0,1,NO,0
1842,P2_3_CGGAGCTCAAACCCAT,non-classical monocyte,"non-classical monocyte

The expression profile features high FCGR3A (CD16), FCN1, LILR family, APOBEC3A, and CD300E, which are characteristic of non-classical monocytes. These cells are patrolling monocytes in the respiratory airway, distinct from classical monocytes or tissue macrophages.",non-classical monocyte,"The expression profile features high FCGR3A (CD16), FCN1, LILR family, APOBEC3A, and CD300E, which are characteristic of non-classical monocytes. These cells are patrolling monocytes in the respiratory airway, distinct from classical monocytes or tissue macrophages.",1,1,YES,1
84014,P2_3_TCGGGACGTAAACACA,non-classical monocyte,"classical monocyte
The top genes include FCN1 (classical monocyte marker), LILRA1/LILRB2/LILRA5 (myeloid receptors), CD300E, ADGRE2, and FCGR3A. This profile is characteristic of classical monocytes, which express high FCN1 and multiple innate immune receptors. The absence of typical alveolar macrophage markers (e.g., CD163, MARCO) supports a monocyte identity.",classical monocyte,"The top genes include FCN1 (classical monocyte marker), LILRA1/LILRB2/LILRA5 (myeloid receptors), CD300E, ADGRE2, and FCGR3A. This profile is characteristic of classical monocytes, which express high FCN1 and multiple innate immune receptors. The absence of typical alveolar macrophage markers (e.g., CD163, MARCO) supports a monocyte identity.",0,1,NO,0
50789,P2_3_GATTCAGCAGTACACT,non-classical monocyte,"classical monocyte

The top expression of FCN1, CFP, LILRA/B family, and LRRC25 is characteristic of classical monocytes, which are CD14++CD16- and express high levels of these genes in the respiratory airway.",classical monocyte,"The top expression of FCN1, CFP, LILRA/B family, and LRRC25 is characteristic of classical monocytes, which are CD14++CD16- and express high levels of these genes in the respiratory airway.",0,1,NO,0
77312,P3_2_GCATACATCCTTGCCA,non-classical monocyte,"non-classical monocyte

The expression profile features FCGR3A (CD16), LILR family, FCN1, CFP, and APOBEC3A, which are characteristic of non-classical monocytes. These cells are CD16+ and patrol the vasculature, consistent with the respiratory airway context.",non-classical monocyte,"The expression profile features FCGR3A (CD16), LILR family, FCN1, CFP, and APOBEC3A, which are characteristic of non-classical monocytes. These cells are CD16+ and patrol the vasculature, consistent with the respiratory airway context.",1,1,YES,1
30469,P2_3_ATAGACCGTCTTGTCC,non-classical monocyte,"non-classical monocyte
High expression of LILRA1, LILRB2, LILRA5, FCGR3A, and FCN1/CFP is characteristic of non-classical monocytes (CD16+), which are common in respiratory airways and express these myeloid markers.",non-classical monocyte,"High expression of LILRA1, LILRB2, LILRA5, FCGR3A, and FCN1/CFP is characteristic of non-classical monocytes (CD16+), which are common in respiratory airways and express these myeloid markers.",1,1,YES,1
24352,CGAACATTCACCTTAT_GRO-08_biopsy,non-classical monocyte,"classical monocyte
The top genes include FCN1, a definitive marker for classical monocytes, along with LILRA/B, CFP, APOBEC3A, and PELATON, all highly expressed in classical monocytes. Although FCGR3A (CD16) appears, FCN1’s strong expression and the overall profile align with classical monocytes rather than non-classical monocytes or macrophages.",classical monocyte,"The top genes include FCN1, a definitive marker for classical monocytes, along with LILRA/B, CFP, APOBEC3A, and PELATON, all highly expressed in classical monocytes. Although FCGR3A (CD16) appears, FCN1’s strong expression and the overall profile align with classical monocytes rather than non-classical monocytes or macrophages.",0,1,NO,0
77255,CTTCTCTCAATAGC_GRO-10_biopsy,non-classical monocyte,"classical monocyte

The expression profile features myeloid-specific genes (LILRA/B, FCN1, CFP, APOBEC3A, MNDA/C19orf38, CD300E, FCGR3A) and lacks lymphocyte or epithelial markers. This pattern, including MNDA and FCN1, is characteristic of monocytes, while the moderate FCGR3A (CD16) level supports classical rather than non-classical monocytes.",classical monocyte,"The expression profile features myeloid-specific genes (LILRA/B, FCN1, CFP, APOBEC3A, MNDA/C19orf38, CD300E, FCGR3A) and lacks lymphocyte or epithelial markers. This pattern, including MNDA and FCN1, is characteristic of monocytes, while the moderate FCGR3A (CD16) level supports classical rather than non-classical monocytes.",0,1,NO,0
67311,CTGATAGAGAACTGTA_GRO-08_biopsy,plasma cell,"plasma cell
High expression of multiple immunoglobulin genes (IGH, IGK, IGL) and plasma cell markers (MZB1, TNFRSF17, JCHAIN, DERL3) indicates antibody-producing plasma cells, common in respiratory mucosa for local immunity.",plasma cell,"High expression of multiple immunoglobulin genes (IGH, IGK, IGL) and plasma cell markers (MZB1, TNFRSF17, JCHAIN, DERL3) indicates antibody-producing plasma cells, common in respiratory mucosa for local immunity.",1,1,YES,1
135568,CAGCGACGTCCCTACT_GRO-09_biopsy,plasma cell,"plasma cell
High expression of multiple immunoglobulin genes and BCMA (TNFRSF17), MZB1, JCHAIN, and DERL3 indicates antibody-secreting plasma cells.",plasma cell,"High expression of multiple immunoglobulin genes and BCMA (TNFRSF17), MZB1, JCHAIN, and DERL3 indicates antibody-secreting plasma cells.",1,1,YES,1
16999,P3_2_ATTATCCCATGGTCAT,plasma cell,"plasma cell

High expression of multiple immunoglobulin genes (IGLL5, IGHG2, IGHM, etc.) and plasma cell markers TNFRSF17, MZB1, JCHAIN, DERL3 indicates a plasma cell identity. These cells are specialized antibody-secreting cells derived from B cells.",plasma cell,"High expression of multiple immunoglobulin genes (IGLL5, IGHG2, IGHM, etc.) and plasma cell markers TNFRSF17, MZB1, JCHAIN, DERL3 indicates a plasma cell identity. These cells are specialized antibody-secreting cells derived from B cells.",1,1,YES,1
82032,TACGGATAGCGTAGT_GRO-09_biopsy,plasma cell,"plasma cell
High expression of immunoglobulin heavy and light chain genes (IGH, IGK, IGL) along with plasma cell markers TNFRSF17, MZB1, and JCHAIN identifies this as a plasma cell.",plasma cell,"High expression of immunoglobulin heavy and light chain genes (IGH, IGK, IGL) along with plasma cell markers TNFRSF17, MZB1, and JCHAIN identifies this as a plasma cell.",1,1,YES,1
20698,TACTCGCTCGGCGGTT_GRO-03_biopsy,plasma cell,"plasma cell

Top expression of immunoglobulin genes (IGH, IGK, IGL) and plasma cell markers (TNFRSF17, MZB1, JCHAIN, DERL3) in a respiratory airway context is characteristic of plasma cells. These are terminally differentiated B cells that secrete antibodies.",plasma cell,"Top expression of immunoglobulin genes (IGH, IGK, IGL) and plasma cell markers (TNFRSF17, MZB1, JCHAIN, DERL3) in a respiratory airway context is characteristic of plasma cells. These are terminally differentiated B cells that secrete antibodies.",1,1,YES,1
17299,TTCGGTCCATCAGTAC_GRO-04_biopsy,plasma cell,"plasma cell
High expression of multiple immunoglobulin genes (IGH, IGK, IGL) and plasma cell markers (TNFRSF17, MZB1, JCHAIN) indicates a terminally differentiated B cell actively producing antibodies, consistent with a plasma cell.",plasma cell,"High expression of multiple immunoglobulin genes (IGH, IGK, IGL) and plasma cell markers (TNFRSF17, MZB1, JCHAIN) indicates a terminally differentiated B cell actively producing antibodies, consistent with a plasma cell.",1,1,YES,1
125852,P3_2_AGTAGTCGTCTCTTTA,plasma cell,"plasma cell
High expression of multiple immunoglobulin genes (IGH, IGK, IGL) and plasma cell markers (TNFRSF17, MZB1, JCHAIN, DERL3) indicates an antibody-secreting plasma cell in the respiratory airway.",plasma cell,"High expression of multiple immunoglobulin genes (IGH, IGK, IGL) and plasma cell markers (TNFRSF17, MZB1, JCHAIN, DERL3) indicates an antibody-secreting plasma cell in the respiratory airway.",1,1,YES,1
91296,TCTGGAAAGGTCGGAT_GRO-10_biopsy,plasma cell,"plasma cell
High expression of immunoglobulin genes (IGH, IGK, IGL) and plasma cell markers (MZB1, TNFRSF17, JCHAIN, DERL3) identifies this as a plasma cell, which produces antibodies in the respiratory airway.",plasma cell,"High expression of immunoglobulin genes (IGH, IGK, IGL) and plasma cell markers (MZB1, TNFRSF17, JCHAIN, DERL3) identifies this as a plasma cell, which produces antibodies in the respiratory airway.",1,1,YES,1
109422,AGAGCTTAGGACAGAA_GRO-10_biopsy,plasma cell,"plasma cell
High expression of multiple immunoglobulin heavy and light chain genes (IGHM, IGHD, IGHG, IGHA, IGLC, IGKC), along with plasma cell markers TNFRSF17, MZB1, and JCHAIN, identifies this as a plasma cell.",plasma cell,"High expression of multiple immunoglobulin heavy and light chain genes (IGHM, IGHD, IGHG, IGHA, IGLC, IGKC), along with plasma cell markers TNFRSF17, MZB1, and JCHAIN, identifies this as a plasma cell.",1,1,YES,1
169483,D326_Biop_Pro1_GTGCTTCTCCTATTCA-1-3,plasma cell,"plasma cell
The top genes include immunoglobulin chains (IGH, IGK, IGL) and plasma cell markers TNFRSF17, MZB1, JCHAIN, and DERL3, confirming this is an antibody-secreting plasma cell.",plasma cell,"The top genes include immunoglobulin chains (IGH, IGK, IGL) and plasma cell markers TNFRSF17, MZB1, JCHAIN, and DERL3, confirming this is an antibody-secreting plasma cell.",1,1,YES,1
111518,AGAGCTTGTGCTGTAT_GRO-09_biopsy,plasma cell,"plasma cell
High expression of multiple immunoglobulin genes (IGHG, IGHA, IGHD, IGHM, IGLC, IGKC), TNFRSF17, MZB1, JCHAIN, and DERL3 is a classic plasma cell signature, indicating active antibody production and secretion.",plasma cell,"High expression of multiple immunoglobulin genes (IGHG, IGHA, IGHD, IGHM, IGLC, IGKC), TNFRSF17, MZB1, JCHAIN, and DERL3 is a classic plasma cell signature, indicating active antibody production and secretion.",1,1,YES,1
166040,P3_2_AGGTCATCACTTACGA,plasma cell,"plasma cell
The top expressed genes include immunoglobulin heavy and light chains (IGHG, IGHA, IGLC, IGKC), along with plasma cell markers TNFRSF17 (BCMA), MZB1, JCHAIN, and DERL3, confirming this is a plasma cell.",plasma cell,"The top expressed genes include immunoglobulin heavy and light chains (IGHG, IGHA, IGLC, IGKC), along with plasma cell markers TNFRSF17 (BCMA), MZB1, JCHAIN, and DERL3, confirming this is a plasma cell.",1,1,YES,1
141811,ACACTGACATATGGTC_GRO-10_biopsy,plasma cell,"plasma cell
High immunoglobulin gene expression (IGLL5, IGHG2, IGHA2, etc.) combined with plasma cell markers (TNFRSF17, MZB1, JCHAIN, DERL3) identifies this as an antibody-secreting plasma cell in the respiratory airway.",plasma cell,"High immunoglobulin gene expression (IGLL5, IGHG2, IGHA2, etc.) combined with plasma cell markers (TNFRSF17, MZB1, JCHAIN, DERL3) identifies this as an antibody-secreting plasma cell in the respiratory airway.",1,1,YES,1
47064,CTTAACTTCTTTA_GRO-09_biopsy,plasma cell,"plasma cell
High expression of multiple immunoglobulin heavy and light chain genes (IGHG, IGHA, IGHM, IGLC, IGKC) along with plasma cell markers TNFRSF17, MZB1, JCHAIN, and DERL3 indicates a plasma cell identity, which is responsible for antibody secretion in the respiratory airway.",plasma cell,"High expression of multiple immunoglobulin heavy and light chain genes (IGHG, IGHA, IGHM, IGLC, IGKC) along with plasma cell markers TNFRSF17, MZB1, JCHAIN, and DERL3 indicates a plasma cell identity, which is responsible for antibody secretion in the respiratory airway.",1,1,YES,1
122218,ACTAACAGGCATGT_GRO-09_biopsy,plasma cell,"plasma cell
This profile shows extremely high expression of multiple immunoglobulin heavy and light chain genes (IGHG, IGHA, IGHD, IGHM, IGLC, IGKC), along with plasma cell markers TNFRSF17, MZB1, JCHAIN, and DERL3, indicating a plasma cell identity.",plasma cell,"This profile shows extremely high expression of multiple immunoglobulin heavy and light chain genes (IGHG, IGHA, IGHD, IGHM, IGLC, IGKC), along with plasma cell markers TNFRSF17, MZB1, JCHAIN, and DERL3, indicating a plasma cell identity.",1,1,YES,1
8160,P3_2_GCGAGAATCGGCATCG,plasma cell,"plasma cell
High expression of immunoglobulin heavy (IGHG, IGHM, IGHA) and light chain genes, along with plasma cell markers TNFRSF17, MZB1, JCHAIN, and DERL3, indicates a terminally differentiated B cell actively secreting antibodies.",plasma cell,"High expression of immunoglobulin heavy (IGHG, IGHM, IGHA) and light chain genes, along with plasma cell markers TNFRSF17, MZB1, JCHAIN, and DERL3, indicates a terminally differentiated B cell actively secreting antibodies.",1,1,YES,1
146476,P3_2_TAGCCGGCACACATGT,plasma cell,"plasma cell
High expression of multiple immunoglobulin heavy and light chain genes (IGHA, IGHG, IGHM, IGHD, IGLC, IGKC) along with plasma cell markers TNFRSF17, MZB1, JCHAIN, and DERL3 indicates a terminally differentiated B cell secreting antibodies, i.e., a plasma cell.",plasma cell,"High expression of multiple immunoglobulin heavy and light chain genes (IGHA, IGHG, IGHM, IGHD, IGLC, IGKC) along with plasma cell markers TNFRSF17, MZB1, JCHAIN, and DERL3 indicates a terminally differentiated B cell secreting antibodies, i.e., a plasma cell.",1,1,YES,1
70398,ACTAACCAAGCGCTC_GRO-06_biopsy,plasma cell,"plasma cell
High expression of multiple immunoglobulin heavy and light chain genes, along with plasma cell markers TNFRSF17, MZB1, JCHAIN, and DERL3, indicates this is a plasma cell.",plasma cell,"High expression of multiple immunoglobulin heavy and light chain genes, along with plasma cell markers TNFRSF17, MZB1, JCHAIN, and DERL3, indicates this is a plasma cell.",1,1,YES,1
167621,D372_Biop_Pro1_GCTTGAACATAAGACA-1-32,plasma cell,"plasma cell
High expression of multiple immunoglobulin genes (IGH, IGK, IGL) along with TNFRSF17, MZB1, JCHAIN, and DERL3 is characteristic of antibody-secreting plasma cells.",plasma cell,"High expression of multiple immunoglobulin genes (IGH, IGK, IGL) along with TNFRSF17, MZB1, JCHAIN, and DERL3 is characteristic of antibody-secreting plasma cells.",1,1,YES,1
170313,AGCGTCGAGAGGTTGC_GRO-03_biopsy,plasma cell,"plasma cell
High expression of immunoglobulin genes (IGLL5, IGHG, IGHM, IGHD, IGHA, IGLC, IGKC) and plasma cell markers (TNFRSF17, MZB1, JCHAIN, DERL3) indicates antibody-secreting plasma cells.",plasma cell,"High expression of immunoglobulin genes (IGLL5, IGHG, IGHM, IGHD, IGHA, IGLC, IGKC) and plasma cell markers (TNFRSF17, MZB1, JCHAIN, DERL3) indicates antibody-secreting plasma cells.",1,1,YES,1
107578,ACGAGGAGTGGTTTCA_GRO-09_biopsy,plasmacytoid dendritic cell,"plasmacytoid dendritic cell

The top genes include CLEC4C and LILRA4, which are classic markers for plasmacytoid dendritic cells (pDCs). Other supporting genes like TCL1A and SPIB further confirm this identity in the respiratory airway context.",plasmacytoid dendritic cell,"The top genes include CLEC4C and LILRA4, which are classic markers for plasmacytoid dendritic cells (pDCs). Other supporting genes like TCL1A and SPIB further confirm this identity in the respiratory airway context.",1,1,YES,1
69521,TGCACCTAGTAACCCT_GRO-09_biopsy,plasmacytoid dendritic cell,plasmacytoid dendritic cell,plasmacytoid dendritic cell,,1,1,YES,1
35970,ACTACAGTATATCC_GRO-11_biopsy,plasmacytoid dendritic cell,plasmacytoid dendritic cell,plasmacytoid dendritic cell,,1,1,YES,1
95804,TCGCGAGCAGGACGTA_GRO-06_biopsy,plasmacytoid dendritic cell,"plasmacytoid dendritic cell
High expression of CLEC4C (BDCA-2), LILRA4 (ILT7), PTCRA, TCL1A, and SPIB are canonical markers for plasmacytoid dendritic cells, key for antiviral responses.",plasmacytoid dendritic cell,"High expression of CLEC4C (BDCA-2), LILRA4 (ILT7), PTCRA, TCL1A, and SPIB are canonical markers for plasmacytoid dendritic cells, key for antiviral responses.",1,1,YES,1
134550,CCTACCAAGCAGCCTC_GRO-03_biopsy,plasmacytoid dendritic cell,plasmacytoid dendritic cell,plasmacytoid dendritic cell,,1,1,YES,1
100480,TACCTATGTGTCAATC_GRO-09_biopsy,plasmacytoid dendritic cell,"plasmacytoid dendritic cell

The top genes include pDC markers CLEC4C (BDCA-2), LILRA4 (ILT7), PTCRA, TCL1A, and SPIB, along with LAMP5, PACSIN1, and PLD4, which are highly characteristic of plasmacytoid dendritic cells in the airway.",plasmacytoid dendritic cell,"The top genes include pDC markers CLEC4C (BDCA-2), LILRA4 (ILT7), PTCRA, TCL1A, and SPIB, along with LAMP5, PACSIN1, and PLD4, which are highly characteristic of plasmacytoid dendritic cells in the airway.",1,1,YES,1
171673,CATCGAAGTAAGTAGT_GRO-09_biopsy,plasmacytoid dendritic cell,"plasmacytoid dendritic cell
The top genes include CLEC4C, LILRA4, TCL1A, SPIB, and PTCRA, which are canonical markers of plasmacytoid dendritic cells (pDCs). These cells are key players in antiviral immunity.",plasmacytoid dendritic cell,"The top genes include CLEC4C, LILRA4, TCL1A, SPIB, and PTCRA, which are canonical markers of plasmacytoid dendritic cells (pDCs). These cells are key players in antiviral immunity.",1,1,YES,1
151907,CTGCAGTCGAGAGCA_GRO-08_biopsy,plasmacytoid dendritic cell,"plasmacytoid dendritic cell
High expression of CLEC4C (BDCA-2) and LILRA4 (ILT7) are definitive markers for plasmacytoid dendritic cells (pDCs). Additional pDC-associated genes include TCL1A, PTCRA, and SPIB, confirming this identity.",plasmacytoid dendritic cell,"High expression of CLEC4C (BDCA-2) and LILRA4 (ILT7) are definitive markers for plasmacytoid dendritic cells (pDCs). Additional pDC-associated genes include TCL1A, PTCRA, and SPIB, confirming this identity.",1,1,YES,1
140223,CCGGTAGTCGTGGTC_GRO-09_biopsy,plasmacytoid dendritic cell,"plasmacytoid dendritic cell
Expression of CLEC4C, LILRA4, PTCRA, TCL1A, LAMP5, PACSIN1, PLD4, SLC32A1, and SPIB are characteristic markers of plasmacytoid dendritic cells.",plasmacytoid dendritic cell,"Expression of CLEC4C, LILRA4, PTCRA, TCL1A, LAMP5, PACSIN1, PLD4, SLC32A1, and SPIB are characteristic markers of plasmacytoid dendritic cells.",1,1,YES,1
11779,CACATTTCAAGTACCT_GRO-08_biopsy,plasmacytoid dendritic cell,"plasmacytoid dendritic cell
High expression of CLEC4C (BDCA-2), LILRA4, TCL1A, LAMP5, PACSIN1, PLD4, and SPIB are canonical markers for plasmacytoid dendritic cells (pDCs).",plasmacytoid dendritic cell,"High expression of CLEC4C (BDCA-2), LILRA4, TCL1A, LAMP5, PACSIN1, PLD4, and SPIB are canonical markers for plasmacytoid dendritic cells (pDCs).",1,1,YES,1
163072,TGAGCCGGTTCAGACT_GRO-09_biopsy,plasmacytoid dendritic cell,plasmacytoid dendritic cell,plasmacytoid dendritic cell,,1,1,YES,1
42890,TATCAGGCATGTCCTC_GRO-09_biopsy,plasmacytoid dendritic cell,"plasmacytoid dendritic cell
The top genes include CLEC4C, LILRA4, PTCRA, TCL1A, and SPIB, which are canonical markers for plasmacytoid dendritic cells in the airway.",plasmacytoid dendritic cell,"The top genes include CLEC4C, LILRA4, PTCRA, TCL1A, and SPIB, which are canonical markers for plasmacytoid dendritic cells in the airway.",1,1,YES,1
9676,CGACCATCATTGCCC_GRO-06_biopsy,plasmacytoid dendritic cell,"plasmacytoid dendritic cell

The expression of CLEC4C (BDCA-2), LILRA4, PTCRA, TCL1A, and SPIB are hallmark markers of plasmacytoid dendritic cells (pDCs). This pattern is highly specific and distinguishes pDCs from other immune cell types in the respiratory airway.",plasmacytoid dendritic cell,"The expression of CLEC4C (BDCA-2), LILRA4, PTCRA, TCL1A, and SPIB are hallmark markers of plasmacytoid dendritic cells (pDCs). This pattern is highly specific and distinguishes pDCs from other immune cell types in the respiratory airway.",1,1,YES,1
11025,D372_Brus_Dis1_ACTGAGTGTTGATTCG-1-35,plasmacytoid dendritic cell,"plasmacytoid dendritic cell
High expression of CLEC4C and LILRA4 are hallmark markers for plasmacytoid dendritic cells (pDCs). Other genes like PTCRA and TCL1A further support pDC identity in respiratory airway.",plasmacytoid dendritic cell,High expression of CLEC4C and LILRA4 are hallmark markers for plasmacytoid dendritic cells (pDCs). Other genes like PTCRA and TCL1A further support pDC identity in respiratory airway.,1,1,YES,1
142362,CACCAGGGTTCAACCA_GRO-10_biopsy,plasmacytoid dendritic cell,"plasmacytoid dendritic cell
Highly expressed CLEC4C (BDCA-2) and LILRA4 (ILT7) are canonical plasmacytoid dendritic cell markers. Additional genes like PTCRA, TCL1A, SPIB, and LAMP5 further support pDC identity.",plasmacytoid dendritic cell,"Highly expressed CLEC4C (BDCA-2) and LILRA4 (ILT7) are canonical plasmacytoid dendritic cell markers. Additional genes like PTCRA, TCL1A, SPIB, and LAMP5 further support pDC identity.",1,1,YES,1
84655,ATTGGACGTCTTGTCC_GRO-09_biopsy,plasmacytoid dendritic cell,"plasmacytoid dendritic cell
Top markers include CLEC4C (BDCA-2) and LILRA4 (ILT7), which are specific for plasmacytoid dendritic cells. This cell type is known for high expression of these genes in the respiratory airway.",plasmacytoid dendritic cell,"Top markers include CLEC4C (BDCA-2) and LILRA4 (ILT7), which are specific for plasmacytoid dendritic cells. This cell type is known for high expression of these genes in the respiratory airway.",1,1,YES,1
17481,CGGTTAACACATCTTT_GRO-04_biopsy,plasmacytoid dendritic cell,"plasmacytoid dendritic cell
The top genes include classic pDC markers CLEC4C (BDCA-2), LILRA4 (ILT7), PTCRA, TCL1A, and SPIB, which are highly specific for plasmacytoid dendritic cells in the respiratory airway.",plasmacytoid dendritic cell,"The top genes include classic pDC markers CLEC4C (BDCA-2), LILRA4 (ILT7), PTCRA, TCL1A, and SPIB, which are highly specific for plasmacytoid dendritic cells in the respiratory airway.",1,1,YES,1
7771,ACGCCAGAGCCAACA_GRO-09_biopsy,plasmacytoid dendritic cell,plasmacytoid dendritic cell,plasmacytoid dendritic cell,,1,1,YES,1
40356,P2_8_TAAGTGCGTTTGACTG,plasmacytoid dendritic cell,"plasmacytoid dendritic cell

High expression of CLEC4C, LILRA4, TCL1A, SPIB, LAMP5, and PLD4 is hallmark of plasmacytoid dendritic cells (pDCs), key interferon-producing immune cells in respiratory mucosa.",plasmacytoid dendritic cell,"High expression of CLEC4C, LILRA4, TCL1A, SPIB, LAMP5, and PLD4 is hallmark of plasmacytoid dendritic cells (pDCs), key interferon-producing immune cells in respiratory mucosa.",1,1,YES,1
69640,TCGGGTCATGGTA_GRO-09_biopsy,plasmacytoid dendritic cell,"plasmacytoid dendritic cell

The top genes include CLEC4C and LILRA4, which are canonical markers of plasmacytoid dendritic cells (pDCs). Additional pDC-associated genes like PTCRA, SPIB, and LAMP5 support this identification.",plasmacytoid dendritic cell,"The top genes include CLEC4C and LILRA4, which are canonical markers of plasmacytoid dendritic cells (pDCs). Additional pDC-associated genes like PTCRA, SPIB, and LAMP5 support this identification.",1,1,YES,1
153776,P3_3_TTCGGTCTCCAGAGGA,pulmonary alveolar epithelial cell,"pulmonary alveolar type 2 cell
High expression of surfactant-associated genes (SFTPB, SFTPD, SFTPA2, SFTA2, SFTA1P) and SCGB3A2, along with CTSE and AQP4, is characteristic of alveolar type 2 cells, which produce surfactant and maintain alveolar epithelium.",pulmonary alveolar type 2 cell,"High expression of surfactant-associated genes (SFTPB, SFTPD, SFTPA2, SFTA2, SFTA1P) and SCGB3A2, along with CTSE and AQP4, is characteristic of alveolar type 2 cells, which produce surfactant and maintain alveolar epithelium.",0,1,YES,1
109594,P3_3_CGAACATTCTGCGTAA,pulmonary alveolar epithelial cell,"club cell
High expression of SCGB3A2, a classic club cell marker, along with surfactant proteins (SFTPB, SFTPD, SFTPA2) but lacking SFTPC, supports club cell identity over type 2 alveolar cells. Other genes like SPINK1 and CTSE are consistent with airway secretory cells.",club cell,"High expression of SCGB3A2, a classic club cell marker, along with surfactant proteins (SFTPB, SFTPD, SFTPA2) but lacking SFTPC, supports club cell identity over type 2 alveolar cells. Other genes like SPINK1 and CTSE are consistent with airway secretory cells.",0,0,NO,0
134765,P3_3_GTATTCTGTTAAGTAG,pulmonary alveolar epithelial cell,"pulmonary alveolar type 2 cell
Highly expressed surfactant proteins (SFTPA2, SFTPB, SFTPD, SFTA2, SFTA1P) and secretoglobin SCGB3A2 are classic markers for AT2 cells, which produce surfactant and are found in the alveoli.",pulmonary alveolar type 2 cell,"Highly expressed surfactant proteins (SFTPA2, SFTPB, SFTPD, SFTA2, SFTA1P) and secretoglobin SCGB3A2 are classic markers for AT2 cells, which produce surfactant and are found in the alveoli.",0,1,YES,1
143191,P3_3_ACGATGTCACGTCAGC,pulmonary alveolar epithelial cell,"pulmonary alveolar type 2 cell
This profile shows high expression of surfactant-associated genes (SFTPA2, SFTPB, SFTPD, SFTA2, SFTA1P) and other type 2 cell markers (SCGB3A2, AQP4, SUSD2), indicating surfactant-producing alveolar type 2 cells.",pulmonary alveolar type 2 cell,"This profile shows high expression of surfactant-associated genes (SFTPA2, SFTPB, SFTPD, SFTA2, SFTA1P) and other type 2 cell markers (SCGB3A2, AQP4, SUSD2), indicating surfactant-producing alveolar type 2 cells.",0,1,YES,1
156864,P3_3_CATGACAAGGCAATTA,pulmonary alveolar epithelial cell,"club cell
The top expression of SCGB3A2, a canonical club cell marker, along with SPINK1 and CTSE, strongly indicates club cell identity. While SFTP genes are present, their lower expression relative to SCGB3A2 confirms this cell type.",club cell,"The top expression of SCGB3A2, a canonical club cell marker, along with SPINK1 and CTSE, strongly indicates club cell identity. While SFTP genes are present, their lower expression relative to SCGB3A2 confirms this cell type.",0,0,NO,0
152571,P3_3_CCGGTAGTCCAGATCA,pulmonary alveolar epithelial cell,"pulmonary alveolar type 2 cell
High expression of surfactant-associated genes (SFTPB, SFTPD, SFTPA2, SFTA2, SFTA1P) is a hallmark of alveolar type 2 cells, which produce and secrete pulmonary surfactant. SCGB3A2, SPINK1, and AQP4 further support this identity.",pulmonary alveolar type 2 cell,"High expression of surfactant-associated genes (SFTPB, SFTPD, SFTPA2, SFTA2, SFTA1P) is a hallmark of alveolar type 2 cells, which produce and secrete pulmonary surfactant. SCGB3A2, SPINK1, and AQP4 further support this identity.",0,1,YES,1
101667,P3_3_CTCGGGATCGAATCCA,pulmonary alveolar epithelial cell,"club cell

Top markers include SCGB3A2 (club cell secretory protein), SPINK1, CTSE, surfactant proteins (SFTPB/D/A2), and AQP4, consistent with non-ciliated secretory club cells in the airway.",club cell,"Top markers include SCGB3A2 (club cell secretory protein), SPINK1, CTSE, surfactant proteins (SFTPB/D/A2), and AQP4, consistent with non-ciliated secretory club cells in the airway.",0,0,NO,0
99470,P3_3_AAGGTTCTCACAGGCC,pulmonary alveolar epithelial cell,"club cell

High expression of SCGB3A2 (club cell secretory protein) and other secretory markers like SPINK1, CTSE, and surfactant-related genes (SFTPB, SFTPD, SFTA2) indicates a secretory airway epithelial cell, consistent with club cell identity in the respiratory airway.",club cell,"High expression of SCGB3A2 (club cell secretory protein) and other secretory markers like SPINK1, CTSE, and surfactant-related genes (SFTPB, SFTPD, SFTA2) indicates a secretory airway epithelial cell, consistent with club cell identity in the respiratory airway.",0,0,NO,0
128684,P3_3_ACGAGCCGTTGAACTC,pulmonary alveolar epithelial cell,"club cell
High expression of SCGB3A2 (club cell marker), along with SPINK1, CTSE, and surfactant proteins (SFTPB, D, A2), indicates secretory airway epithelial cells. This profile is characteristic of club cells in the respiratory airway.",club cell,"High expression of SCGB3A2 (club cell marker), along with SPINK1, CTSE, and surfactant proteins (SFTPB, D, A2), indicates secretory airway epithelial cells. This profile is characteristic of club cells in the respiratory airway.",0,0,NO,0
3133,P3_3_TCACAAGCATTGTGCA,pulmonary alveolar epithelial cell,"club cell
Top markers include SCGB3A2 (club cell secretory protein), SPINK1, and surfactant proteins (SFTPB, SFTPD, SFTPA2), which are characteristic of airway secretory club cells. No goblet cell markers like MUC5AC dominate.",club cell,"Top markers include SCGB3A2 (club cell secretory protein), SPINK1, and surfactant proteins (SFTPB, SFTPD, SFTPA2), which are characteristic of airway secretory club cells. No goblet cell markers like MUC5AC dominate.",0,0,NO,0
83933,P3_3_CTGAAGTCACGGTTTA,pulmonary alveolar epithelial cell,"club cell
High SCGB3A2, a classic club cell marker, alongside SPINK1 and CTSE, indicates secretory airway epithelium. Surfactant-related genes (SFTPB, SFTPD, SFTA1P) are present but at lower levels, consistent with club cell expression patterns.",club cell,"High SCGB3A2, a classic club cell marker, alongside SPINK1 and CTSE, indicates secretory airway epithelium. Surfactant-related genes (SFTPB, SFTPD, SFTA1P) are present but at lower levels, consistent with club cell expression patterns.",0,0,NO,0
50978,P3_3_TGATTTCTCGGTTAAC,pulmonary alveolar epithelial cell,"pulmonary alveolar type 2 cell
The profile is dominated by surfactant proteins (SFTPB, SFTPD, SFTPA2) and SCGB3A2, characteristic of AT2 cells.",pulmonary alveolar type 2 cell,"The profile is dominated by surfactant proteins (SFTPB, SFTPD, SFTPA2) and SCGB3A2, characteristic of AT2 cells.",0,1,YES,1
53675,P3_3_CTCGAGGGTGTGGCTC,pulmonary alveolar epithelial cell,"pulmonary alveolar type 2 cell
Expression of surfactant proteins (SFTPB, SFTPD, SFTPA2) and secretoglobin SCGB3A2 is characteristic of alveolar type 2 cells, which produce surfactant and have secretory functions.",pulmonary alveolar type 2 cell,"Expression of surfactant proteins (SFTPB, SFTPD, SFTPA2) and secretoglobin SCGB3A2 is characteristic of alveolar type 2 cells, which produce surfactant and have secretory functions.",0,1,YES,1
6977,P3_3_AGTCTTTCATGTCCTC,pulmonary alveolar epithelial cell,"club cell

The top genes include SCGB3A2, a classic club cell marker, along with SPINK1, CTSE, and surfactant-associated proteins (SFTPB, SFTPD, SFTPA2) which are also expressed in club cells. The absence of mucin genes like MUC5AC rules out goblet cells, making club cell the best match.",club cell,"The top genes include SCGB3A2, a classic club cell marker, along with SPINK1, CTSE, and surfactant-associated proteins (SFTPB, SFTPD, SFTPA2) which are also expressed in club cells. The absence of mucin genes like MUC5AC rules out goblet cells, making club cell the best match.",0,0,NO,0
81025,P3_2_ATAGACCCAAGCTGGA,pulmonary alveolar epithelial cell,"pulmonary alveolar type 2 cell
High expression of surfactant-associated genes (SFTPB, SFTPD, SFTPA2, SFTA1P, SFTA2) is a hallmark of alveolar type 2 cells, which produce and secrete pulmonary surfactant. Other markers like SCGB3A2, SPINK1, and AQP4 are also consistent with this cell type.",pulmonary alveolar type 2 cell,"High expression of surfactant-associated genes (SFTPB, SFTPD, SFTPA2, SFTA1P, SFTA2) is a hallmark of alveolar type 2 cells, which produce and secrete pulmonary surfactant. Other markers like SCGB3A2, SPINK1, and AQP4 are also consistent with this cell type.",0,1,YES,1
95274,P3_3_CCATTCGAGTGAATTG,pulmonary alveolar epithelial cell,"pulmonary alveolar type 2 cell
High expression of surfactant proteins (SFTPB, SFTPD, SFTA2, SFTPA2) and SCGB3A2, a secretoglobin marker for alveolar type 2 cells, confirms this identity. These genes are key for surfactant production and lung homeostasis.",pulmonary alveolar type 2 cell,"High expression of surfactant proteins (SFTPB, SFTPD, SFTA2, SFTPA2) and SCGB3A2, a secretoglobin marker for alveolar type 2 cells, confirms this identity. These genes are key for surfactant production and lung homeostasis.",0,1,YES,1
82459,P3_3_CTAGCCTAGGCTCATT,pulmonary alveolar epithelial cell,"pulmonary alveolar type 2 cell
High expression of surfactant-associated genes (SFTPA2, SFTPB, SFTPD, SFTA1P, SFTA2) is characteristic of pulmonary alveolar type 2 cells, which produce surfactant. Other markers like SCGB3A2 and AQP4 also align with AT2 cells.",pulmonary alveolar type 2 cell,"High expression of surfactant-associated genes (SFTPA2, SFTPB, SFTPD, SFTA1P, SFTA2) is characteristic of pulmonary alveolar type 2 cells, which produce surfactant. Other markers like SCGB3A2 and AQP4 also align with AT2 cells.",0,1,YES,1
170539,P3_3_AAAGATGTCTGTTGAG,pulmonary alveolar epithelial cell,"club cell
High SCGB3A2 identifies club cells; surfactant genes are lower, supporting this secretory airway lineage.",club cell,"High SCGB3A2 identifies club cells; surfactant genes are lower, supporting this secretory airway lineage.",0,0,NO,0
123675,P3_3_CCTACCACATCGATTG,pulmonary alveolar epithelial cell,"pulmonary alveolar type 2 cell
High expression of surfactant proteins (SFTPB, SFTPD, SFTPA2) and related genes (SFTA1P, SFTA2) is a hallmark of alveolar type 2 cells. SCGB3A2 and SPINK1 are also consistent with this cell type.",pulmonary alveolar type 2 cell,"High expression of surfactant proteins (SFTPB, SFTPD, SFTPA2) and related genes (SFTA1P, SFTA2) is a hallmark of alveolar type 2 cells. SCGB3A2 and SPINK1 are also consistent with this cell type.",0,1,YES,1
122341,P3_3_GGTGTTACATGGAATA,pulmonary alveolar epithelial cell,"club cell
The expression profile shows high levels of SCGB3A2, SPINK1, CTSE, and surfactant proteins (SFTPB, SFTPD, SFTPA2), which are hallmark markers of club cells (formerly Clara cells) in the respiratory airway. These secretory cells produce protective and surfactant-associated substances.",club cell,"The expression profile shows high levels of SCGB3A2, SPINK1, CTSE, and surfactant proteins (SFTPB, SFTPD, SFTPA2), which are hallmark markers of club cells (formerly Clara cells) in the respiratory airway. These secretory cells produce protective and surfactant-associated substances.",0,0,NO,0
91187,P3_3_CATTCGCAGTGTACGG,pulmonary alveolar type 1 cell,"pulmonary alveolar type 1 cell

The top expressed genes include AGER, AQP4, CLDN18, and RTKN2, which are well-established markers for pulmonary alveolar type 1 (AT1) cells. These cells form the alveolar epithelium and are responsible for gas exchange. The presence of SFTA1P is lower ranked and less definitive, while the high expression of AT1 markers confirms this identity.",pulmonary alveolar type 1 cell,"The top expressed genes include AGER, AQP4, CLDN18, and RTKN2, which are well-established markers for pulmonary alveolar type 1 (AT1) cells. These cells form the alveolar epithelium and are responsible for gas exchange. The presence of SFTA1P is lower ranked and less definitive, while the high expression of AT1 markers confirms this identity.",1,1,YES,1
30580,P2_8_TAGTTGGCATGCAACT,pulmonary alveolar type 1 cell,"pulmonary alveolar type 1 cell
The expression of AGER, AQP4, CLDN18, and ITLN2 are canonical markers of alveolar type 1 (AT1) cells, which line the gas-exchange surface in respiratory airways.",pulmonary alveolar type 1 cell,"The expression of AGER, AQP4, CLDN18, and ITLN2 are canonical markers of alveolar type 1 (AT1) cells, which line the gas-exchange surface in respiratory airways.",1,1,YES,1
167450,P3_3_ACGGGCTTCAGTCCCT,pulmonary alveolar type 1 cell,"pulmonary alveolar type 1 cell
High expression of AGER, AQP4, and CLDN18 are hallmark markers of alveolar type I (AT1) cells. These genes are involved in gas exchange and barrier function in the lung, confirming the identity.",pulmonary alveolar type 1 cell,"High expression of AGER, AQP4, and CLDN18 are hallmark markers of alveolar type I (AT1) cells. These genes are involved in gas exchange and barrier function in the lung, confirming the identity.",1,1,YES,1
105690,P3_3_TCATTTGCATGTCTCC,pulmonary alveolar type 1 cell,"pulmonary alveolar type 1 cell
The marker AGER (advanced glycosylation end-product receptor) is a canonical indicator of alveolar type 1 cells, which are essential for gas exchange. Additional markers like CLDN18 and AQP4 further support this identity.",pulmonary alveolar type 1 cell,"The marker AGER (advanced glycosylation end-product receptor) is a canonical indicator of alveolar type 1 cells, which are essential for gas exchange. Additional markers like CLDN18 and AQP4 further support this identity.",1,1,YES,1
119543,P3_3_TCTCTAACACGAAAGC,pulmonary alveolar type 1 cell,pulmonary alveolar type 1 cell,pulmonary alveolar type 1 cell,,1,1,YES,1
147073,P2_4_TATCAGGCAATCTGCA,pulmonary alveolar type 1 cell,"pulmonary alveolar type 1 cell
Strong expression of AGER and AQP4, both well-established markers for alveolar type 1 (AT1) cells in the lung, along with CLDN18 and other epithelial-associated genes, identifies this profile as AT1 cells.",pulmonary alveolar type 1 cell,"Strong expression of AGER and AQP4, both well-established markers for alveolar type 1 (AT1) cells in the lung, along with CLDN18 and other epithelial-associated genes, identifies this profile as AT1 cells.",1,1,YES,1
22223,P3_3_GCATGTACAGCGATCC,pulmonary alveolar type 1 cell,"pulmonary alveolar type 1 cell
High expression of AGER (a specific marker for alveolar type I cells), along with CLDN18 and AQP4, supports this identity. The absence of type II markers (e.g., SFTPC) and immune markers further confirms the cell type.",pulmonary alveolar type 1 cell,"High expression of AGER (a specific marker for alveolar type I cells), along with CLDN18 and AQP4, supports this identity. The absence of type II markers (e.g., SFTPC) and immune markers further confirms the cell type.",1,1,YES,1
71057,GCACTCTTCGACAGCC_T121,pulmonary alveolar type 1 cell,"pulmonary alveolar type 1 cell
High expression of AGER, CLDN18, AQP4, and other markers characteristic of alveolar type 1 (AT1) cells, which line the alveoli and facilitate gas exchange.",pulmonary alveolar type 1 cell,"High expression of AGER, CLDN18, AQP4, and other markers characteristic of alveolar type 1 (AT1) cells, which line the alveoli and facilitate gas exchange.",1,1,YES,1
68364,P3_3_AGCCTAAAGCACACAG,pulmonary alveolar type 1 cell,"pulmonary alveolar type 1 cell
High expression of AGER, AQP4, CLDN18, and ITLN2 are canonical markers for alveolar type 1 cells. The overall profile aligns with gas-exchanging squamous epithelium of the lung.",pulmonary alveolar type 1 cell,"High expression of AGER, AQP4, CLDN18, and ITLN2 are canonical markers for alveolar type 1 cells. The overall profile aligns with gas-exchanging squamous epithelium of the lung.",1,1,YES,1
74348,P2_4_TTTGTCAAGTGAATTG,pulmonary alveolar type 1 cell,"pulmonary alveolar type 1 cell
High expression of AGER (receptor for advanced glycation end-products), a canonical marker of alveolar type 1 cells, along with AQP4, CLDN18, and other genes consistent with this cell type in the respiratory airway.",pulmonary alveolar type 1 cell,"High expression of AGER (receptor for advanced glycation end-products), a canonical marker of alveolar type 1 cells, along with AQP4, CLDN18, and other genes consistent with this cell type in the respiratory airway.",1,1,YES,1
97095,P3_3_CATTATCAGCTACCTA,pulmonary alveolar type 1 cell,"pulmonary alveolar type 1 cell
The top marker AGER is a canonical AT1 cell gene, and AQP4 also supports this identity. The presence of CLDN18, COL4A3, and SFTA1P further aligns with alveolar epithelial lineage. Absence of surfactant protein genes or goblet/secretory markers rules out AT2, club, or goblet cells.",pulmonary alveolar type 1 cell,"The top marker AGER is a canonical AT1 cell gene, and AQP4 also supports this identity. The presence of CLDN18, COL4A3, and SFTA1P further aligns with alveolar epithelial lineage. Absence of surfactant protein genes or goblet/secretory markers rules out AT2, club, or goblet cells.",1,1,YES,1
18965,P3_3_AGGCCGTTCATAGCAC,pulmonary alveolar type 1 cell,"pulmonary alveolar type 1 cell
High expression of AGER and AQP4, both canonical markers for alveolar type 1 cells, along with CLDN18 and SFTA1P, support this identity. The profile is consistent with squamous alveolar epithelium.",pulmonary alveolar type 1 cell,"High expression of AGER and AQP4, both canonical markers for alveolar type 1 cells, along with CLDN18 and SFTA1P, support this identity. The profile is consistent with squamous alveolar epithelium.",1,1,YES,1
101233,P3_3_ATTACTCTCTGACCTC,pulmonary alveolar type 1 cell,"pulmonary alveolar type 1 cell
High expression of AGER, ITLN2, AQP4, and CLDN18 are canonical markers of alveolar type 1 (AT1) cells, which line the alveoli and mediate gas exchange. The epithelial context and gene signature strongly indicate this cell type.",pulmonary alveolar type 1 cell,"High expression of AGER, ITLN2, AQP4, and CLDN18 are canonical markers of alveolar type 1 (AT1) cells, which line the alveoli and mediate gas exchange. The epithelial context and gene signature strongly indicate this cell type.",1,1,YES,1
89689,P3_3_GCAATCAGTGATGATA,pulmonary alveolar type 1 cell,"pulmonary alveolar type 1 cell
High expression of AGER, AQP4, and CLDN18 are classic markers for alveolar type 1 cells, which are squamous epithelial cells involved in gas exchange. Other genes like MS4A15 and ITLN2 further support this identity in respiratory airway tissue.",pulmonary alveolar type 1 cell,"High expression of AGER, AQP4, and CLDN18 are classic markers for alveolar type 1 cells, which are squamous epithelial cells involved in gas exchange. Other genes like MS4A15 and ITLN2 further support this identity in respiratory airway tissue.",1,1,YES,1
124966,P3_3_AACTTTCGTCAGAAGC,pulmonary alveolar type 1 cell,"pulmonary alveolar type 1 cell
Top markers like AGER, AQP4, CLDN18, and UPK3B are highly specific for alveolar type 1 (AT1) cells, which are squamous epithelial cells crucial for gas exchange in the respiratory airway.",pulmonary alveolar type 1 cell,"Top markers like AGER, AQP4, CLDN18, and UPK3B are highly specific for alveolar type 1 (AT1) cells, which are squamous epithelial cells crucial for gas exchange in the respiratory airway.",1,1,YES,1
134599,P3_3_GACAGAGGTAGCGATG,pulmonary alveolar type 1 cell,"pulmonary alveolar type 1 cell
High expression of AGER (RAGE) and AQP4, along with CLDN18, are definitive markers for alveolar type I cells. These genes mediate gas exchange and fluid transport in the respiratory airway.",pulmonary alveolar type 1 cell,"High expression of AGER (RAGE) and AQP4, along with CLDN18, are definitive markers for alveolar type I cells. These genes mediate gas exchange and fluid transport in the respiratory airway.",1,1,YES,1
170651,P3_3_ATTACTCCATGCCTTC,pulmonary alveolar type 1 cell,"pulmonary alveolar type 1 cell
High expression of AGER (RAGE), AQP4, and CLDN18 are hallmark markers of alveolar type 1 (AT1) cells, which form the thin gas-exchange barrier in the lung.",pulmonary alveolar type 1 cell,"High expression of AGER (RAGE), AQP4, and CLDN18 are hallmark markers of alveolar type 1 (AT1) cells, which form the thin gas-exchange barrier in the lung.",1,1,YES,1
130561,P2_4_CATCAAGAGATGAGAG,pulmonary alveolar type 1 cell,"pulmonary alveolar type 1 cell  
High expression of AGER (canonical marker for alveolar type I cells), along with AQP4, CLDN18, and RTKN2, strongly indicates pulmonary alveolar type 1 cell identity in the respiratory airway context.",pulmonary alveolar type 1 cell,"High expression of AGER (canonical marker for alveolar type I cells), along with AQP4, CLDN18, and RTKN2, strongly indicates pulmonary alveolar type 1 cell identity in the respiratory airway context.",1,1,YES,1
46262,P2_6_CTAACTTTCACGGTTA,pulmonary alveolar type 1 cell,"pulmonary alveolar type 1 cell
The expression profile features strong markers of alveolar type 1 cells: AGER, AQP4, CLDN18, and ITLN2, along with other structural and secreted proteins characteristic of this squamous epithelial subtype.",pulmonary alveolar type 1 cell,"The expression profile features strong markers of alveolar type 1 cells: AGER, AQP4, CLDN18, and ITLN2, along with other structural and secreted proteins characteristic of this squamous epithelial subtype.",1,1,YES,1
118865,P2_4_GGCGTGTAGGTGCTTT,pulmonary alveolar type 1 cell,"pulmonary alveolar type 1 cell

High expression of AGER and AQP4 are hallmark markers of alveolar type 1 (AT1) cells, which form the gas-exchange barrier in the lung. CLDN18 and SFTA1P further support an alveolar epithelial identity, consistent with this cell type.",pulmonary alveolar type 1 cell,"High expression of AGER and AQP4 are hallmark markers of alveolar type 1 (AT1) cells, which form the gas-exchange barrier in the lung. CLDN18 and SFTA1P further support an alveolar epithelial identity, consistent with this cell type.",1,1,YES,1
155102,P3_3_AGTCTTTCATGGTAGG,pulmonary alveolar type 2 cell,"pulmonary alveolar type 2 cell
High expression of surfactant proteins (SFTPA1, SFTPA2, SFTPB, SFTPC, SFTPD), ABCA3, NAPSA, and PGC are classic markers for alveolar type 2 (AT2) cells, which produce surfactant and maintain alveolar epithelium.",pulmonary alveolar type 2 cell,"High expression of surfactant proteins (SFTPA1, SFTPA2, SFTPB, SFTPC, SFTPD), ABCA3, NAPSA, and PGC are classic markers for alveolar type 2 (AT2) cells, which produce surfactant and maintain alveolar epithelium.",1,1,YES,1
165126,P2_6_GCAGTTATCCATGCTC,pulmonary alveolar type 2 cell,"pulmonary alveolar type 2 cell
High expression of surfactant proteins (SFTPA1, SFTPA2, SFTPB, SFTPC, SFTPD) and markers NAPSA, ABCA3, LAMP3 is characteristic of pulmonary alveolar type 2 (AT2) cells, which produce and secrete pulmonary surfactant.",pulmonary alveolar type 2 cell,"High expression of surfactant proteins (SFTPA1, SFTPA2, SFTPB, SFTPC, SFTPD) and markers NAPSA, ABCA3, LAMP3 is characteristic of pulmonary alveolar type 2 (AT2) cells, which produce and secrete pulmonary surfactant.",1,1,YES,1
154353,P3_3_TCTCTAACAGACGCTC,pulmonary alveolar type 2 cell,"pulmonary alveolar type 2 cell
The top expressed genes include surfactant proteins (SFTPA1, SFTPA2, SFTPB, SFTPC, SFTPD), ABCA3, NAPSA, and LAMP3, which are canonical markers for alveolar type 2 cells responsible for surfactant production.",pulmonary alveolar type 2 cell,"The top expressed genes include surfactant proteins (SFTPA1, SFTPA2, SFTPB, SFTPC, SFTPD), ABCA3, NAPSA, and LAMP3, which are canonical markers for alveolar type 2 cells responsible for surfactant production.",1,1,YES,1
73468,P2_8_TTCCCAGTCCTCAATT,pulmonary alveolar type 2 cell,"pulmonary alveolar type 2 cell

The expression profile shows high levels of surfactant-associated genes (SFTPA1, SFTPA2, SFTPB, SFTPC, SFTPD) along with NAPSA and ABCA3, which are canonical markers of pulmonary alveolar type 2 (AT2) cells responsible for surfactant production and secretion in the respiratory airway.",pulmonary alveolar type 2 cell,"The expression profile shows high levels of surfactant-associated genes (SFTPA1, SFTPA2, SFTPB, SFTPC, SFTPD) along with NAPSA and ABCA3, which are canonical markers of pulmonary alveolar type 2 (AT2) cells responsible for surfactant production and secretion in the respiratory airway.",1,1,YES,1
92018,P3_3_ACACCAACAATCTGCA,pulmonary alveolar type 2 cell,"pulmonary alveolar type 2 cell
Surfactant-related genes (SFTPA1, SFTPA2, SFTPB, SFTPC, SFTPD), NAPSA, ABCA3, and LAMP3 are highly expressed, characteristic of pulmonary alveolar type 2 cells.",pulmonary alveolar type 2 cell,"Surfactant-related genes (SFTPA1, SFTPA2, SFTPB, SFTPC, SFTPD), NAPSA, ABCA3, and LAMP3 are highly expressed, characteristic of pulmonary alveolar type 2 cells.",1,1,YES,1
50240,P3_3_CGGAGTCAGTGGAGTC,pulmonary alveolar type 2 cell,"pulmonary alveolar type 2 cell
Expression of surfactant proteins (SFTPA1, SFTPA2, SFTPB, SFTPC, SFTPD), NAPSA, ABCA3, and LAMP3 is characteristic of alveolar type 2 (AT2) cells, which produce pulmonary surfactant.",pulmonary alveolar type 2 cell,"Expression of surfactant proteins (SFTPA1, SFTPA2, SFTPB, SFTPC, SFTPD), NAPSA, ABCA3, and LAMP3 is characteristic of alveolar type 2 (AT2) cells, which produce pulmonary surfactant.",1,1,YES,1
95498,P3_3_ACATACGAGGCTACGA,pulmonary alveolar type 2 cell,"pulmonary alveolar type 2 cell
High expression of surfactant-associated genes (SFTPA1, SFTPA2, SFTPB, SFTPC, SFTPD, ABCA3, NAPSA, LAMP3) is hallmark of AT2 cells, which produce pulmonary surfactant.",pulmonary alveolar type 2 cell,"High expression of surfactant-associated genes (SFTPA1, SFTPA2, SFTPB, SFTPC, SFTPD, ABCA3, NAPSA, LAMP3) is hallmark of AT2 cells, which produce pulmonary surfactant.",1,1,YES,1
150690,P3_3_GATCGCGGTTCCATGA,pulmonary alveolar type 2 cell,"pulmonary alveolar type 2 cell
High expression of surfactant proteins (SFTPA1, SFTPA2, SFTPB, SFTPC, SFTPD), ABCA3, NAPSA, and other AT2 markers like LAMP3, CRTAC1, and PGC confirms this cell type.",pulmonary alveolar type 2 cell,"High expression of surfactant proteins (SFTPA1, SFTPA2, SFTPB, SFTPC, SFTPD), ABCA3, NAPSA, and other AT2 markers like LAMP3, CRTAC1, and PGC confirms this cell type.",1,1,YES,1
68899,P3_3_CGCGGTATCGCCAGCA,pulmonary alveolar type 2 cell,"pulmonary alveolar type 2 cell
High expression of surfactant-associated genes (SFTPA1, SFTPA2, SFTPB, SFTPC, SFTPD, ABCA3, NAPSA) strongly identifies this as an alveolar type 2 epithelial cell, which produces and secretes surfactant in the respiratory airway.",pulmonary alveolar type 2 cell,"High expression of surfactant-associated genes (SFTPA1, SFTPA2, SFTPB, SFTPC, SFTPD, ABCA3, NAPSA) strongly identifies this as an alveolar type 2 epithelial cell, which produces and secretes surfactant in the respiratory airway.",1,1,YES,1
60321,P3_3_TCATTACTCGCGTAGC,pulmonary alveolar type 2 cell,"pulmonary alveolar type 2 cell
The top genes include multiple surfactant proteins (SFTPA1, SFTPA2, SFTPB, SFTPC, SFTPD, SFTA2) and ABCA3, NAPSA, which are specific markers of alveolar type II cells responsible for surfactant production.",pulmonary alveolar type 2 cell,"The top genes include multiple surfactant proteins (SFTPA1, SFTPA2, SFTPB, SFTPC, SFTPD, SFTA2) and ABCA3, NAPSA, which are specific markers of alveolar type II cells responsible for surfactant production.",1,1,YES,1
105481,P3_3_TTCTCAAAGCTTCGCG,pulmonary alveolar type 2 cell,"pulmonary alveolar type 2 cell
High expression of surfactant proteins (SFTPA1, SFTPA2, SFTPB, SFTPC, SFTPD) and associated genes (NAPSA, ABCA3, LAMP3) is characteristic of alveolar type 2 cells, which produce pulmonary surfactant and maintain alveolar homeostasis.",pulmonary alveolar type 2 cell,"High expression of surfactant proteins (SFTPA1, SFTPA2, SFTPB, SFTPC, SFTPD) and associated genes (NAPSA, ABCA3, LAMP3) is characteristic of alveolar type 2 cells, which produce pulmonary surfactant and maintain alveolar homeostasis.",1,1,YES,1
165393,P3_3_AGGGTGACATTAGCCA,pulmonary alveolar type 2 cell,"pulmonary alveolar type 2 cell
High expression of surfactant proteins (SFTPA1/A2/B/C/D), NAPSA, ABCA3, and LAMP3 is characteristic of alveolar type II cells, which produce pulmonary surfactant.",pulmonary alveolar type 2 cell,"High expression of surfactant proteins (SFTPA1/A2/B/C/D), NAPSA, ABCA3, and LAMP3 is characteristic of alveolar type II cells, which produce pulmonary surfactant.",1,1,YES,1
60807,P3_3_CCTTCGAAGGTGATAT,pulmonary alveolar type 2 cell,"pulmonary alveolar type 2 cell
The top genes include surfactant proteins (SFTPA1, SFTPA2, SFTPB, SFTPC, SFTPD), NAPSA, ABCA3, and LAMP3, which are classic markers of alveolar type 2 (AT2) cells involved in surfactant production and lung homeostasis.",pulmonary alveolar type 2 cell,"The top genes include surfactant proteins (SFTPA1, SFTPA2, SFTPB, SFTPC, SFTPD), NAPSA, ABCA3, and LAMP3, which are classic markers of alveolar type 2 (AT2) cells involved in surfactant production and lung homeostasis.",1,1,YES,1
127686,P3_3_AAAGATGGTCCGTGAC,pulmonary alveolar type 2 cell,"pulmonary alveolar type 2 cell
High expression of surfactant proteins (SFTPA1, SFTPA2, SFTPB, SFTPC, SFTPD) and associated genes (NAPSA, ABCA3, LAMP3) is a hallmark of pulmonary alveolar type 2 cells, which produce pulmonary surfactant and function in lung immunity and repair.",pulmonary alveolar type 2 cell,"High expression of surfactant proteins (SFTPA1, SFTPA2, SFTPB, SFTPC, SFTPD) and associated genes (NAPSA, ABCA3, LAMP3) is a hallmark of pulmonary alveolar type 2 cells, which produce pulmonary surfactant and function in lung immunity and repair.",1,1,YES,1
77728,P3_3_CCATGTCGTATCACCA,pulmonary alveolar type 2 cell,"pulmonary alveolar type 2 cell
The expression of surfactant proteins (SFTPA1, SFTPA2, SFTPB, SFTPC, SFTPD), NAPSA, ABCA3, and LAMP3 is highly specific to pulmonary alveolar type 2 cells, which produce surfactant.",pulmonary alveolar type 2 cell,"The expression of surfactant proteins (SFTPA1, SFTPA2, SFTPB, SFTPC, SFTPD), NAPSA, ABCA3, and LAMP3 is highly specific to pulmonary alveolar type 2 cells, which produce surfactant.",1,1,YES,1
169577,P3_3_ATGTGTGGTTAGATGA,pulmonary alveolar type 2 cell,"pulmonary alveolar type 2 cell
High expression of surfactant proteins (SFTPA1, SFTPA2, SFTPB, SFTPC, SFTPD) along with NAPSA and ABCA3 is characteristic of alveolar type 2 cells, which produce and secrete pulmonary surfactant.",pulmonary alveolar type 2 cell,"High expression of surfactant proteins (SFTPA1, SFTPA2, SFTPB, SFTPC, SFTPD) along with NAPSA and ABCA3 is characteristic of alveolar type 2 cells, which produce and secrete pulmonary surfactant.",1,1,YES,1
42364,P3_3_TAAGAGAAGATGTTAG,pulmonary alveolar type 2 cell,"pulmonary alveolar type 2 cell
The expression of surfactant proteins (SFTPA1, SFTPA2, SFTPB, SFTPC, SFTPD), ABCA3, NAPSA, and LAMP3 is highly characteristic of pulmonary alveolar type 2 cells, which produce and secrete pulmonary surfactant in the respiratory airway.",pulmonary alveolar type 2 cell,"The expression of surfactant proteins (SFTPA1, SFTPA2, SFTPB, SFTPC, SFTPD), ABCA3, NAPSA, and LAMP3 is highly characteristic of pulmonary alveolar type 2 cells, which produce and secrete pulmonary surfactant in the respiratory airway.",1,1,YES,1
87049,P3_3_CACACAACATGTAGTC,pulmonary alveolar type 2 cell,"pulmonary alveolar type 2 cell
High expression of surfactant proteins (SFTPA1, A2, B, C, D) and ABCA3 is hallmark of alveolar type 2 cells. NAPSA, LAMP3, and other genes also support this identity.",pulmonary alveolar type 2 cell,"High expression of surfactant proteins (SFTPA1, A2, B, C, D) and ABCA3 is hallmark of alveolar type 2 cells. NAPSA, LAMP3, and other genes also support this identity.",1,1,YES,1
152190,P3_3_GGCCGATGTTACGTCA,pulmonary alveolar type 2 cell,"pulmonary alveolar type 2 cell
High expression of surfactant proteins (SFTPA1, SFTPA2, SFTPB, SFTPC, SFTPD) and ABCA3, along with NAPSA, is characteristic of alveolar type 2 cells, which produce pulmonary surfactant.",pulmonary alveolar type 2 cell,"High expression of surfactant proteins (SFTPA1, SFTPA2, SFTPB, SFTPC, SFTPD) and ABCA3, along with NAPSA, is characteristic of alveolar type 2 cells, which produce pulmonary surfactant.",1,1,YES,1
57786,P2_8_CGTCACTAGAACTGTA,pulmonary alveolar type 2 cell,"pulmonary alveolar type 2 cell

Expression of surfactant proteins (SFTPA1, SFTPA2, SFTPB, SFTPC, SFTPD), NAPSA, ABCA3, and LAMP3 is characteristic of alveolar type II cells, which produce and secrete pulmonary surfactant.",pulmonary alveolar type 2 cell,"Expression of surfactant proteins (SFTPA1, SFTPA2, SFTPB, SFTPC, SFTPD), NAPSA, ABCA3, and LAMP3 is characteristic of alveolar type II cells, which produce and secrete pulmonary surfactant.",1,1,YES,1
170585,ATCTGCCTCGTTTGCC_GRO-11_biopsy,pulmonary artery endothelial cell,"pulmonary artery endothelial cell
High expression of arterial endothelial markers (GJA5, SOX17, DLL4, BMX, PTPRB, CLEC14A, MMRN2) indicates an arterial endothelial cell, specifically in the pulmonary artery.",pulmonary artery endothelial cell,"High expression of arterial endothelial markers (GJA5, SOX17, DLL4, BMX, PTPRB, CLEC14A, MMRN2) indicates an arterial endothelial cell, specifically in the pulmonary artery.",1,1,YES,1
163104,P2_3_CGCTATCCACCCATGG,pulmonary artery endothelial cell,capillary endothelial cell,capillary endothelial cell,,0,1,NO,0
148161,P2_3_GAACGGACACGTCAGC,pulmonary artery endothelial cell,"pulmonary artery endothelial cell
High expression of endothelial markers GJA5 (connexin 40), CLEC14A, MMRN2, DLL4, and SOX17 indicates arterial endothelial identity, consistent with pulmonary artery endothelial cells in the respiratory airway.",pulmonary artery endothelial cell,"High expression of endothelial markers GJA5 (connexin 40), CLEC14A, MMRN2, DLL4, and SOX17 indicates arterial endothelial identity, consistent with pulmonary artery endothelial cells in the respiratory airway.",1,1,YES,1
207,P2_3_TTGCCGTAGTCGAGTG,pulmonary artery endothelial cell,"pulmonary artery endothelial cell

Expression of arterial endothelial markers GJA5, DLL4, SOX17, BMX, and CLEC14A, along with vascular factors CXCL12, ENPP2, and SEMA3G, indicates pulmonary artery endothelial cells in the respiratory airway.",pulmonary artery endothelial cell,"Expression of arterial endothelial markers GJA5, DLL4, SOX17, BMX, and CLEC14A, along with vascular factors CXCL12, ENPP2, and SEMA3G, indicates pulmonary artery endothelial cells in the respiratory airway.",1,1,YES,1
119466,ATGATCAACACGT_GRO-09_biopsy,pulmonary artery endothelial cell,"pulmonary artery endothelial cell
High expression of arterial markers (GJA5, SOX17, DLL4, BMX) and endothelial-specific genes (CLEC14A, MMRN2, PTPRB, CXCL12) identifies this cell as a pulmonary artery endothelial cell in the respiratory airway.",pulmonary artery endothelial cell,"High expression of arterial markers (GJA5, SOX17, DLL4, BMX) and endothelial-specific genes (CLEC14A, MMRN2, PTPRB, CXCL12) identifies this cell as a pulmonary artery endothelial cell in the respiratory airway.",1,1,YES,1
81853,TCTCGTTCAGCCTAA_GRO-10_biopsy,pulmonary artery endothelial cell,"pulmonary artery endothelial cell
The expression profile shows high levels of endothelial markers such as GJA5, CLEC14A, DLL4, BMX, and SOX17, which are characteristic of vascular endothelium, particularly arterial endothelium. The absence of lymphatic markers and the presence of arterial-specific genes indicate pulmonary artery endothelial cells.",pulmonary artery endothelial cell,"The expression profile shows high levels of endothelial markers such as GJA5, CLEC14A, DLL4, BMX, and SOX17, which are characteristic of vascular endothelium, particularly arterial endothelium. The absence of lymphatic markers and the presence of arterial-specific genes indicate pulmonary artery endothelial cells.",1,1,YES,1
75581,TGCGGTCAAGTCTAC_GRO-09_biopsy,pulmonary artery endothelial cell,"capillary endothelial cell
High expression of endothelial-specific markers GJA5, DLL4, CLEC14A, PTPRB, BMX, and SOX17 indicates a capillary endothelial cell in the respiratory airway.",capillary endothelial cell,"High expression of endothelial-specific markers GJA5, DLL4, CLEC14A, PTPRB, BMX, and SOX17 indicates a capillary endothelial cell in the respiratory airway.",0,1,NO,0
99619,D354_Biop_Int2_ACGGAGAAGAGCAATT-1-21,pulmonary artery endothelial cell,"pulmonary artery endothelial cell

The expression profile includes multiple arterial endothelial markers (GJA5, SOX17, DLL4, BMX, CLEC14A, MMRN2) with high expression, strongly indicating pulmonary artery endothelial cells in the respiratory airway context.",pulmonary artery endothelial cell,"The expression profile includes multiple arterial endothelial markers (GJA5, SOX17, DLL4, BMX, CLEC14A, MMRN2) with high expression, strongly indicating pulmonary artery endothelial cells in the respiratory airway context.",1,1,YES,1
172730,TTGCGTCAGATAGCAT_GRO-10_biopsy,pulmonary artery endothelial cell,"pulmonary artery endothelial cell
Expression of arterial markers GJA5, BMX, SOX17, DLL4, and endothelial genes CLEC14A, MMRN2, PTPRB indicates a vascular endothelial cell type, specifically pulmonary artery endothelial cells in the respiratory airway context.",pulmonary artery endothelial cell,"Expression of arterial markers GJA5, BMX, SOX17, DLL4, and endothelial genes CLEC14A, MMRN2, PTPRB indicates a vascular endothelial cell type, specifically pulmonary artery endothelial cells in the respiratory airway context.",1,1,YES,1
46055,AACCATGTCGGATGTT_GRO-03_biopsy,pulmonary artery endothelial cell,"pulmonary artery endothelial cell
High expression of arterial endothelial markers GJA5 (Cx40), DLL4, BMX, CLEC14A, MMRN2, and SOX17 indicates arterial endothelial identity, typical of pulmonary artery endothelium in respiratory airway.",pulmonary artery endothelial cell,"High expression of arterial endothelial markers GJA5 (Cx40), DLL4, BMX, CLEC14A, MMRN2, and SOX17 indicates arterial endothelial identity, typical of pulmonary artery endothelium in respiratory airway.",1,1,YES,1
135733,P3_2_CGAACATAGCTCCCAG,pulmonary artery endothelial cell,"capillary endothelial cell

The gene expression profile is dominated by endothelial markers such as GJA5, GJA4 (connexins), BMX, CLEC14A, MMRN2, DLL4, PTPRB, and SOX17. These are characteristic of vascular endothelial cells, particularly capillary or microvascular endothelium, given the lack of strong arterial- or venous-specific signals.",capillary endothelial cell,"The gene expression profile is dominated by endothelial markers such as GJA5, GJA4 (connexins), BMX, CLEC14A, MMRN2, DLL4, PTPRB, and SOX17. These are characteristic of vascular endothelial cells, particularly capillary or microvascular endothelium, given the lack of strong arterial- or venous-specific signals.",0,1,NO,0
157044,D372_Biop_Int2_TGGGCGTCACCAACCG-1-34,pulmonary artery endothelial cell,"pulmonary artery endothelial cell

The top genes include endothelial markers GJA5, GJA4, BMX, CLEC14A, MMRN2, DLL4, and SOX17, which are characteristic of arterial endothelial cells. SOX17 and DLL4 indicate arterial specification, consistent with pulmonary artery endothelial cells in the respiratory airway context.",pulmonary artery endothelial cell,"The top genes include endothelial markers GJA5, GJA4, BMX, CLEC14A, MMRN2, DLL4, and SOX17, which are characteristic of arterial endothelial cells. SOX17 and DLL4 indicate arterial specification, consistent with pulmonary artery endothelial cells in the respiratory airway context.",1,1,YES,1
48787,TGCACCTCATATGGTC_GRO-10_biopsy,pulmonary artery endothelial cell,"pulmonary artery endothelial cell

The expression profile features arterial endothelial markers such as GJA5 (Connexin 40), GJA4 (Connexin 37), SOX17, DLL4, BMX, and CLEC14A, indicating a pulmonary artery endothelial cell identity in the respiratory airway context.",pulmonary artery endothelial cell,"The expression profile features arterial endothelial markers such as GJA5 (Connexin 40), GJA4 (Connexin 37), SOX17, DLL4, BMX, and CLEC14A, indicating a pulmonary artery endothelial cell identity in the respiratory airway context.",1,1,YES,1
44986,ACCCACTGTATCACCA_GRO-11_biopsy,pulmonary artery endothelial cell,"pulmonary artery endothelial cell
High expression of arterial endothelial markers (GJA5, DLL4, SOX17, BMX, CLEC14A, MMRN2) in respiratory airway context indicates pulmonary artery endothelial cells.",pulmonary artery endothelial cell,"High expression of arterial endothelial markers (GJA5, DLL4, SOX17, BMX, CLEC14A, MMRN2) in respiratory airway context indicates pulmonary artery endothelial cells.",1,1,YES,1
143396,P3_2_AGCCTAAAGGATATAC,pulmonary artery endothelial cell,"pulmonary artery endothelial cell

The expression profile features high levels of arterial endothelial markers (GJA5, GJA4, DLL4, SOX17, BMX, CLEC14A, MMRN2, PTPRB), indicating a pulmonary artery endothelial cell in the respiratory airway.",pulmonary artery endothelial cell,"The expression profile features high levels of arterial endothelial markers (GJA5, GJA4, DLL4, SOX17, BMX, CLEC14A, MMRN2, PTPRB), indicating a pulmonary artery endothelial cell in the respiratory airway.",1,1,YES,1
9814,P2_3_CTAATGGGTTTGTTTC,pulmonary artery endothelial cell,"pulmonary artery endothelial cell
High expression of arterial endothelial markers (GJA5, DLL4, BMX, SOX17, CLEC14A, MMRN2) and vascular regulators (CXCL12, ENPP2) indicates pulmonary artery endothelial cells within the respiratory airway tissue context.",pulmonary artery endothelial cell,"High expression of arterial endothelial markers (GJA5, DLL4, BMX, SOX17, CLEC14A, MMRN2) and vascular regulators (CXCL12, ENPP2) indicates pulmonary artery endothelial cells within the respiratory airway tissue context.",1,1,YES,1
94957,CTGAAGTCATCCTAGA_GRO-10_biopsy,pulmonary artery endothelial cell,"capillary endothelial cell

High expression of endothelial markers (GJA5, GJA4, CXCL12, BMX, SEMA3G, SOX17, PTPRB, CLEC14A, MMRN2, DLL4) strongly indicates capillary endothelial cells in the respiratory airway.",capillary endothelial cell,"High expression of endothelial markers (GJA5, GJA4, CXCL12, BMX, SEMA3G, SOX17, PTPRB, CLEC14A, MMRN2, DLL4) strongly indicates capillary endothelial cells in the respiratory airway.",0,1,NO,0
108747,D354_Biop_Int2_AACCATGCACCGATAT-1-21,pulmonary artery endothelial cell,"pulmonary artery endothelial cell
The profile shows arterial endothelial markers (GJA5, DLL4, SOX17, CLEC14A, PTPRB, CXCL12), indicating arterial endothelial cells. In the respiratory airway, this corresponds to pulmonary artery endothelial cells.",pulmonary artery endothelial cell,"The profile shows arterial endothelial markers (GJA5, DLL4, SOX17, CLEC14A, PTPRB, CXCL12), indicating arterial endothelial cells. In the respiratory airway, this corresponds to pulmonary artery endothelial cells.",1,1,YES,1
102152,ATCAGTTCAGCGATT_GRO-09_biopsy,pulmonary artery endothelial cell,"capillary endothelial cell

The expression profile features high levels of GJA5, GJA4, CLEC14A, MMRN2, DLL4, and SOX17, which are canonical markers of endothelial cells, particularly arterial and capillary endothelium in the lung. This pattern is consistent with capillary endothelial cells in the respiratory airway.",capillary endothelial cell,"The expression profile features high levels of GJA5, GJA4, CLEC14A, MMRN2, DLL4, and SOX17, which are canonical markers of endothelial cells, particularly arterial and capillary endothelium in the lung. This pattern is consistent with capillary endothelial cells in the respiratory airway.",0,1,NO,0
136154,TACTTGTTCATCTGTT_GRO-04_biopsy,pulmonary artery endothelial cell,"pulmonary artery endothelial cell
The expression profile includes arterial endothelial markers SOX17, DLL4, GJA5 (connexin 40), GJA4 (connexin 37), CLEC14A, MMRN2, and PTPRB, which are characteristic of pulmonary artery endothelial cells in the respiratory tract.",pulmonary artery endothelial cell,"The expression profile includes arterial endothelial markers SOX17, DLL4, GJA5 (connexin 40), GJA4 (connexin 37), CLEC14A, MMRN2, and PTPRB, which are characteristic of pulmonary artery endothelial cells in the respiratory tract.",1,1,YES,1
109088,CATGCCTAGTCTCGTA_SC88,pulmonary neuroendocrine cell,"pulmonary neuroendocrine cell
High expression of neuroendocrine markers (CHGA, CALCA, GRP, ASCL1, INSM1, SST, SCG family) indicates pulmonary neuroendocrine cells (PNECs), which are specialized sensory cells in the respiratory epithelium.",pulmonary neuroendocrine cell,"High expression of neuroendocrine markers (CHGA, CALCA, GRP, ASCL1, INSM1, SST, SCG family) indicates pulmonary neuroendocrine cells (PNECs), which are specialized sensory cells in the respiratory epithelium.",1,1,YES,1
15646,CATCGTCCACGCCAGT_T167,pulmonary neuroendocrine cell,"pulmonary neuroendocrine cell
The top expressed genes include neuroendocrine markers like CALCA, CHGA, ASCL1, GRP, INSM1, SCG family, and SST, which are characteristic of pulmonary neuroendocrine cells in the respiratory airway.",pulmonary neuroendocrine cell,"The top expressed genes include neuroendocrine markers like CALCA, CHGA, ASCL1, GRP, INSM1, SCG family, and SST, which are characteristic of pulmonary neuroendocrine cells in the respiratory airway.",1,1,YES,1
10435,D353_Biop_Int2_GCGACCATCCATGAAC-1-18,pulmonary neuroendocrine cell,"pulmonary neuroendocrine cell
The top expressed genes (TTR, CGA, SST, CALCA, CHGA, ASCL1, GRP, etc.) are classic markers for neuroendocrine cells. In the respiratory airway, these correspond to pulmonary neuroendocrine cells (PNECs), which are specialized epithelial cells that produce neuropeptides and biogenic amines.",pulmonary neuroendocrine cell,"The top expressed genes (TTR, CGA, SST, CALCA, CHGA, ASCL1, GRP, etc.) are classic markers for neuroendocrine cells. In the respiratory airway, these correspond to pulmonary neuroendocrine cells (PNECs), which are specialized epithelial cells that produce neuropeptides and biogenic amines.",1,1,YES,1
68763,TCGCGTTAGAATCTCC_GRO-03_biopsy,pulmonary neuroendocrine cell,"pulmonary neuroendocrine cell
The top expressed genes include neuroendocrine markers such as CHGA, CALCA, GRP, ASCL1, INSM1, and secretogranins (SCG2, SCG3, SCG5), which are characteristic of pulmonary neuroendocrine cells (PNECs) in the respiratory airway.",pulmonary neuroendocrine cell,"The top expressed genes include neuroendocrine markers such as CHGA, CALCA, GRP, ASCL1, INSM1, and secretogranins (SCG2, SCG3, SCG5), which are characteristic of pulmonary neuroendocrine cells (PNECs) in the respiratory airway.",1,1,YES,1
21757,AATCGACGTGACCGTC_T167,pulmonary neuroendocrine cell,"pulmonary neuroendocrine cell

The gene expression profile includes key neuroendocrine markers (ASCL1, INSM1, CHGA, SCG2, SCG3, CALCA, GRP, DDC, SYT1), which are hallmarks of pulmonary neuroendocrine cells in the respiratory airway.",pulmonary neuroendocrine cell,"The gene expression profile includes key neuroendocrine markers (ASCL1, INSM1, CHGA, SCG2, SCG3, CALCA, GRP, DDC, SYT1), which are hallmarks of pulmonary neuroendocrine cells in the respiratory airway.",1,1,YES,1
140626,CATTCTATCGTGTGGC_T166,pulmonary neuroendocrine cell,"pulmonary neuroendocrine cell
The top expressed genes include neuroendocrine markers such as CHGA, CALCA, GRP, SCG2/3/5, INSM1, ASCL1, DDC, and SYT1, which are characteristic of pulmonary neuroendocrine cells (PNECs) in the respiratory airway.",pulmonary neuroendocrine cell,"The top expressed genes include neuroendocrine markers such as CHGA, CALCA, GRP, SCG2/3/5, INSM1, ASCL1, DDC, and SYT1, which are characteristic of pulmonary neuroendocrine cells (PNECs) in the respiratory airway.",1,1,YES,1
141331,TGGTAGTCACTTGGGC_T153,pulmonary neuroendocrine cell,"pulmonary neuroendocrine cell
The top expressed genes include neuroendocrine markers such as CHGA, ASCL1, CALCA, GRP, INSM1, and SCG5, which are characteristic of pulmonary neuroendocrine cells in the respiratory airway.",pulmonary neuroendocrine cell,"The top expressed genes include neuroendocrine markers such as CHGA, ASCL1, CALCA, GRP, INSM1, and SCG5, which are characteristic of pulmonary neuroendocrine cells in the respiratory airway.",1,1,YES,1
149799,CCATAAGGTGCCTGAC_T167,pulmonary neuroendocrine cell,"pulmonary neuroendocrine cell
The top genes include known neuroendocrine markers such as ASCL1, CHGA, SCG, CALCA, GRP, DDC, and INSM1, which are characteristic of pulmonary neuroendocrine cells (PNECs) in the respiratory airway.",pulmonary neuroendocrine cell,"The top genes include known neuroendocrine markers such as ASCL1, CHGA, SCG, CALCA, GRP, DDC, and INSM1, which are characteristic of pulmonary neuroendocrine cells (PNECs) in the respiratory airway.",1,1,YES,1
129728,TTCTTGAGTCTAGGTT_T164,pulmonary neuroendocrine cell,"pulmonary neuroendocrine cell
The top genes (CALCA, CHGA, ASCL1, GRP, INSM1, SCG2, SCG3, SYT1) are classic markers of pulmonary neuroendocrine cells, which are rare airway epithelial cells that sense oxygen and secrete neuropeptides.",pulmonary neuroendocrine cell,"The top genes (CALCA, CHGA, ASCL1, GRP, INSM1, SCG2, SCG3, SYT1) are classic markers of pulmonary neuroendocrine cells, which are rare airway epithelial cells that sense oxygen and secrete neuropeptides.",1,1,YES,1
164541,D326_Biop_Pro1_TGAAAGAAGGCGCTCT-1-3,pulmonary neuroendocrine cell,"pulmonary neuroendocrine cell
The expressed genes (ASCL1, CHGA, GRP, CALCA, DDC, INSM1, SCG2/3/5, etc.) are classic markers of pulmonary neuroendocrine cells, which are specialized epithelial cells that sense stimuli and secrete neuropeptides.",pulmonary neuroendocrine cell,"The expressed genes (ASCL1, CHGA, GRP, CALCA, DDC, INSM1, SCG2/3/5, etc.) are classic markers of pulmonary neuroendocrine cells, which are specialized epithelial cells that sense stimuli and secrete neuropeptides.",1,1,YES,1
10981,D326_Biop_Int1_GTCTCGTCAAGCCCAC-1-4,pulmonary neuroendocrine cell,pulmonary neuroendocrine cell,pulmonary neuroendocrine cell,,1,1,YES,1
43966,TGGGAGACACCTAAAC_T166,pulmonary neuroendocrine cell,"pulmonary neuroendocrine cell
High expression of neuroendocrine markers (CHGA, SCG5, SCG3, SCG2, INSM1, ASCL1, CALCA, GRP, SST) and DDC, TTR, CGA is characteristic of pulmonary neuroendocrine cells (PNECs) in the respiratory airway.",pulmonary neuroendocrine cell,"High expression of neuroendocrine markers (CHGA, SCG5, SCG3, SCG2, INSM1, ASCL1, CALCA, GRP, SST) and DDC, TTR, CGA is characteristic of pulmonary neuroendocrine cells (PNECs) in the respiratory airway.",1,1,YES,1
78982,TGAATCGAGATGTTAG_SC88,pulmonary neuroendocrine cell,"pulmonary neuroendocrine cell
The top expressed genes include neuroendocrine markers such as CHGA, CALCA, ASCL1, INSM1, GRP, and secretogranins (SCG2/3/5), which are characteristic of pulmonary neuroendocrine cells in the respiratory airway.",pulmonary neuroendocrine cell,"The top expressed genes include neuroendocrine markers such as CHGA, CALCA, ASCL1, INSM1, GRP, and secretogranins (SCG2/3/5), which are characteristic of pulmonary neuroendocrine cells in the respiratory airway.",1,1,YES,1
19206,D372_Biop_Pro1_GCTGGGTAGGCAAAGA-1-32,pulmonary neuroendocrine cell,"pulmonary neuroendocrine cell
High expression of neuroendocrine markers (CHGA, CALCA, ASCL1, INSM1, GRP, SCG5, SCG3, SCG2, SYT1, CPLX2) and transcription factors (FEZF2) indicate pulmonary neuroendocrine cells, which are specialized sensory and endocrine cells in the airway.",pulmonary neuroendocrine cell,"High expression of neuroendocrine markers (CHGA, CALCA, ASCL1, INSM1, GRP, SCG5, SCG3, SCG2, SYT1, CPLX2) and transcription factors (FEZF2) indicate pulmonary neuroendocrine cells, which are specialized sensory and endocrine cells in the airway.",1,1,YES,1
35911,P3_3_GCTCTGTTCTATCGCC,pulmonary neuroendocrine cell,"pulmonary neuroendocrine cell
The top expressed genes (CHGA, CALCA, GRP, ASCL1, INSM1, SST, DDC, etc.) are classic markers of pulmonary neuroendocrine cells, which secrete hormones and neuropeptides in the respiratory airway.",pulmonary neuroendocrine cell,"The top expressed genes (CHGA, CALCA, GRP, ASCL1, INSM1, SST, DDC, etc.) are classic markers of pulmonary neuroendocrine cells, which secrete hormones and neuropeptides in the respiratory airway.",1,1,YES,1
40213,D326_Biop_Pro1_TCAACGAAGTCGTACT-1-3,pulmonary neuroendocrine cell,"pulmonary neuroendocrine cell
High expression of neuroendocrine markers (CHGA, CALCA, ASCL1, GRP, INSM1, secretogranins) and TTR in respiratory airway indicates pulmonary neuroendocrine cell.",pulmonary neuroendocrine cell,"High expression of neuroendocrine markers (CHGA, CALCA, ASCL1, GRP, INSM1, secretogranins) and TTR in respiratory airway indicates pulmonary neuroendocrine cell.",1,1,YES,1
163334,TGGTGATCATAGATGA_T166,pulmonary neuroendocrine cell,"pulmonary neuroendocrine cell
The top genes include classic neuroendocrine markers: CALCA, CHGA, ASCL1, GRP, SCG2/3/5, INSM1, DDC, and SST, which are highly characteristic of pulmonary neuroendocrine cells (PNECs) in the respiratory airway.",pulmonary neuroendocrine cell,"The top genes include classic neuroendocrine markers: CALCA, CHGA, ASCL1, GRP, SCG2/3/5, INSM1, DDC, and SST, which are highly characteristic of pulmonary neuroendocrine cells (PNECs) in the respiratory airway.",1,1,YES,1
111389,TTTGGTTAGGATTCAA_T166,pulmonary neuroendocrine cell,"pulmonary neuroendocrine cell

The expression profile shows high levels of neuroendocrine markers, including CALCA, CHGA, ASCL1, GRP, INSM1, and secretogranins (SCG2, SCG3, SCG5), which are characteristic of pulmonary neuroendocrine cells (PNECs). These cells are specialized epithelial cells in the respiratory airway that produce and secrete neuropeptides and hormones.",pulmonary neuroendocrine cell,"The expression profile shows high levels of neuroendocrine markers, including CALCA, CHGA, ASCL1, GRP, INSM1, and secretogranins (SCG2, SCG3, SCG5), which are characteristic of pulmonary neuroendocrine cells (PNECs). These cells are specialized epithelial cells in the respiratory airway that produce and secrete neuropeptides and hormones.",1,1,YES,1
51112,CGTTCTGAGTTACGAA_T165,pulmonary neuroendocrine cell,"pulmonary neuroendocrine cell
The top expressed genes include numerous neuroendocrine markers such as TTR, CGA, SST, CALCA, CHGA, ASCL1, GRP, SCG5, SCG3, INSM1, and SCG2, which are highly characteristic of pulmonary neuroendocrine cells in the respiratory airway.",pulmonary neuroendocrine cell,"The top expressed genes include numerous neuroendocrine markers such as TTR, CGA, SST, CALCA, CHGA, ASCL1, GRP, SCG5, SCG3, INSM1, and SCG2, which are highly characteristic of pulmonary neuroendocrine cells in the respiratory airway.",1,1,YES,1
88191,ATCGTCCCACTTGTCC_T164,pulmonary neuroendocrine cell,"pulmonary neuroendocrine cell

The expression profile shows high levels of neuroendocrine markers such as CHGA, CALCA, GRP, ASCL1, INSM1, SCG2, SCG3, SCG5, DDC, SYT1, and CPLX2, which are characteristic of pulmonary neuroendocrine cells (PNECs) in the respiratory airway.",pulmonary neuroendocrine cell,"The expression profile shows high levels of neuroendocrine markers such as CHGA, CALCA, GRP, ASCL1, INSM1, SCG2, SCG3, SCG5, DDC, SYT1, and CPLX2, which are characteristic of pulmonary neuroendocrine cells (PNECs) in the respiratory airway.",1,1,YES,1
39251,CTGCGATCTTCGGTC_GRO-03_biopsy,respiratory basal cell,"respiratory basal cell
The top genes include KRT5, KRT14, KRT15, KRT17, and KRT13, which are canonical markers of basal cells in the respiratory epithelium. MMP10 and SERPINB3/4 are also highly expressed in these cells.",respiratory basal cell,"The top genes include KRT5, KRT14, KRT15, KRT17, and KRT13, which are canonical markers of basal cells in the respiratory epithelium. MMP10 and SERPINB3/4 are also highly expressed in these cells.",1,1,YES,1
239,ACTGCGCACTCTGTC_GRO-10_biopsy,respiratory basal cell,"respiratory basal cell
The expression profile features KRT5, KRT14, KRT13, and KRT17, which are hallmark keratins of respiratory basal cells. Additional markers like SERPINB3, SERPINB4, S100A2, and MMP10 further support this identity, as they are highly expressed in basal cells of the airway epithelium.",respiratory basal cell,"The expression profile features KRT5, KRT14, KRT13, and KRT17, which are hallmark keratins of respiratory basal cells. Additional markers like SERPINB3, SERPINB4, S100A2, and MMP10 further support this identity, as they are highly expressed in basal cells of the airway epithelium.",1,1,YES,1
41564,D354_Biop_Int2_CTACATTCATTCACTT-1-21,respiratory basal cell,"respiratory basal cell
The expression profile is dominated by keratins (KRT5, KRT13, KRT14, KRT15, KRT17, KRT6A) and SERPINB3/B4, which are classic markers of basal epithelial cells in the respiratory airway. These cells are progenitor/stem cells of the airway epithelium.",respiratory basal cell,"The expression profile is dominated by keratins (KRT5, KRT13, KRT14, KRT15, KRT17, KRT6A) and SERPINB3/B4, which are classic markers of basal epithelial cells in the respiratory airway. These cells are progenitor/stem cells of the airway epithelium.",1,1,YES,1
70654,D353_Brus_Dis1_AGTGAGGGTTCGAATC-1-19,respiratory basal cell,"respiratory basal cell

The top genes include keratin 5, 14, 15, and 17, which are hallmark markers of basal epithelial cells in the respiratory airway. Additionally, SERPINB3/B4, MMP10, and S100A2 are commonly expressed in basal cells, reinforcing this identification.",respiratory basal cell,"The top genes include keratin 5, 14, 15, and 17, which are hallmark markers of basal epithelial cells in the respiratory airway. Additionally, SERPINB3/B4, MMP10, and S100A2 are commonly expressed in basal cells, reinforcing this identification.",1,1,YES,1
4929,D363_Biop_Int2_CATGGCGAGATCCTGT-1-25,respiratory basal cell,"Respiratory basal cell
The high expression of keratins KRT5, KRT14, KRT13, KRT15, and KRT17, along with SERPINB3/B4 and MMP10, is characteristic of respiratory basal cells in the airway epithelium.",Respiratory basal cell,"The high expression of keratins KRT5, KRT14, KRT13, KRT15, and KRT17, along with SERPINB3/B4 and MMP10, is characteristic of respiratory basal cells in the airway epithelium.",1,1,YES,1
55526,D354_Biop_Int2_ACTTTCATCCGTCAAA-1-21,respiratory basal cell,Respiratory basal cell,Respiratory basal cell,,1,1,YES,1
57318,ACCTACCGTGAGCTCC_T90,respiratory basal cell,"respiratory basal cell
Basal cells are stem/progenitor cells in airway epithelium expressing keratins (KRT5, KRT14, KRT13, KRT15, KRT17, KRT6A), SERPINB3/4, MMP10, S100A2, and ALDH3A1. These markers match the top expressed genes in the respiratory context.",respiratory basal cell,"Basal cells are stem/progenitor cells in airway epithelium expressing keratins (KRT5, KRT14, KRT13, KRT15, KRT17, KRT6A), SERPINB3/4, MMP10, S100A2, and ALDH3A1. These markers match the top expressed genes in the respiratory context.",1,1,YES,1
91658,CGGGCATTCCTTGAAG_T101,respiratory basal cell,"respiratory basal cell
High expression of keratins KRT5, KRT13, KRT14, KRT15, KRT17, and KRT6A, along with SERPINB3/4 and S100A2, is characteristic of basal epithelial cells in the respiratory airway.",respiratory basal cell,"High expression of keratins KRT5, KRT13, KRT14, KRT15, KRT17, and KRT6A, along with SERPINB3/4 and S100A2, is characteristic of basal epithelial cells in the respiratory airway.",1,1,YES,1
27724,D326_Biop_Pro1_GGACATTCAGCGAACA-1-3,respiratory basal cell,"respiratory basal cell
High expression of basal cell markers KRT5, KRT14, KRT13, KRT17, KRT6A, with DST, S100A2, MMP10, and SERPINB3/SERPINB4, characteristic of airway basal cells.",respiratory basal cell,"High expression of basal cell markers KRT5, KRT14, KRT13, KRT17, KRT6A, with DST, S100A2, MMP10, and SERPINB3/SERPINB4, characteristic of airway basal cells.",1,1,YES,1
80661,ATCATGGAGAGACTTA_GRO-03_biopsy,respiratory basal cell,"respiratory basal cell
The top genes include multiple keratins (KRT5, KRT13, KRT14, KRT15, KRT17, KRT6A) and SERPINB3/B4, S100A2, and ALDH3A1, which are classic markers of airway basal cells. This profile confirms the cell type.",respiratory basal cell,"The top genes include multiple keratins (KRT5, KRT13, KRT14, KRT15, KRT17, KRT6A) and SERPINB3/B4, S100A2, and ALDH3A1, which are classic markers of airway basal cells. This profile confirms the cell type.",1,1,YES,1
145528,D354_Brus_Dis1_ACACCGGTCATCTGTT-1-22,respiratory basal cell,"respiratory basal cell
High expression of keratins KRT5, KRT14, KRT13, KRT15, KRT17 along with SERPINB3/B4, MMP10, and S100A2 is characteristic of airway basal cells, which are progenitors in the respiratory epithelium.",respiratory basal cell,"High expression of keratins KRT5, KRT14, KRT13, KRT15, KRT17 along with SERPINB3/B4, MMP10, and S100A2 is characteristic of airway basal cells, which are progenitors in the respiratory epithelium.",1,1,YES,1
18874,TCATACTCAGGCAATG_SC88,respiratory basal cell,respiratory basal cell,respiratory basal cell,,1,1,YES,1
47244,CACTGTCATGCC_GRO-03_biopsy,respiratory basal cell,"respiratory basal cell
The expression of KRT5, KRT14, KRT13, KRT15, SERPINB3, SERPINB4, and DST is characteristic of respiratory basal cells, which are multipotent progenitor cells in the airway epithelium.",respiratory basal cell,"The expression of KRT5, KRT14, KRT13, KRT15, SERPINB3, SERPINB4, and DST is characteristic of respiratory basal cells, which are multipotent progenitor cells in the airway epithelium.",1,1,YES,1
95413,CTGAAACGTCCCTTGT_GRO-06_biopsy,respiratory basal cell,"respiratory basal cell
The expression of keratins KRT5, KRT13, KRT14, KRT15, KRT17, and KRT6A, along with SERPINB3/SERPINB4 and S100A2, is characteristic of respiratory basal cells, which are progenitor cells in the airway epithelium.",respiratory basal cell,"The expression of keratins KRT5, KRT13, KRT14, KRT15, KRT17, and KRT6A, along with SERPINB3/SERPINB4 and S100A2, is characteristic of respiratory basal cells, which are progenitor cells in the airway epithelium.",1,1,YES,1
87867,CCAATCCGTCCGAACC_T89,respiratory basal cell,"respiratory basal cell
The top genes include keratin markers (KRT5, KRT13, KRT14, KRT15, KRT17, KRT6A) along with SERPINB3/B4, MMP10, and S100A2, which are characteristic of airway basal cells. These cells are proliferative progenitors in the respiratory epithelium.",respiratory basal cell,"The top genes include keratin markers (KRT5, KRT13, KRT14, KRT15, KRT17, KRT6A) along with SERPINB3/B4, MMP10, and S100A2, which are characteristic of airway basal cells. These cells are proliferative progenitors in the respiratory epithelium.",1,1,YES,1
84550,D367_Biop_Pro1_AAGGTTCTCTTTACGT-1-28,respiratory basal cell,Respiratory basal cell,Respiratory basal cell,,1,1,YES,1
135029,TTGAGTGAGGCCACCT_T165,respiratory basal cell,"respiratory basal cell
The expression of KRT5, KRT14, KRT13, KRT15, KRT17, SERPINB3/4, and MMP10 is characteristic of respiratory basal cells in the airway epithelium.",respiratory basal cell,"The expression of KRT5, KRT14, KRT13, KRT15, KRT17, SERPINB3/4, and MMP10 is characteristic of respiratory basal cells in the airway epithelium.",1,1,YES,1
44706,TCGAGGCGTTACGTCA_T85,respiratory basal cell,"respiratory basal cell
The top markers include keratins KRT5, KRT14, KRT13, and KRT6A, which are classic basal cell markers in the airway epithelium. MMP10 and SERPINB3/B4 also indicate basal/squamous differentiation, consistent with respiratory basal cells.",respiratory basal cell,"The top markers include keratins KRT5, KRT14, KRT13, and KRT6A, which are classic basal cell markers in the airway epithelium. MMP10 and SERPINB3/B4 also indicate basal/squamous differentiation, consistent with respiratory basal cells.",1,1,YES,1
74333,D372_Biop_Pro1_GGGCATCTCATAACCG-1-32,respiratory basal cell,"respiratory basal cell
The top genes include KRT5, KRT14, KRT15, KRT17, and KRT13, which are characteristic of basal epithelial cells. SERPINB3, SERPINB4, and MMP10 are also typical for respiratory basal cells in the airway.",respiratory basal cell,"The top genes include KRT5, KRT14, KRT15, KRT17, and KRT13, which are characteristic of basal epithelial cells. SERPINB3, SERPINB4, and MMP10 are also typical for respiratory basal cells in the airway.",1,1,YES,1
103451,CCTCTAGAGCCATTTG_SC88,respiratory basal cell,"respiratory basal cell

The expression of basal cell markers KRT5, KRT14, KRT13, KRT17, S100A2, and SERPINB3/4, along with MMP10, strongly identifies this profile as respiratory basal cells. These genes are characteristic of the progenitor/stem cell layer in the airway epithelium.",respiratory basal cell,"The expression of basal cell markers KRT5, KRT14, KRT13, KRT17, S100A2, and SERPINB3/4, along with MMP10, strongly identifies this profile as respiratory basal cells. These genes are characteristic of the progenitor/stem cell layer in the airway epithelium.",1,1,YES,1
24035,GATCAGTAGACGTCGA_T154,respiratory tract hillock cell,"respiratory basal cell
Expression of KRT14, KRT5-related keratins (6A,6B,6C,16), SPRR family, S100A7/A8, DSG3, and LY6D is characteristic of airway basal epithelial cells, which function as progenitor/stem cells in respiratory epithelium.",respiratory basal cell,"Expression of KRT14, KRT5-related keratins (6A,6B,6C,16), SPRR family, S100A7/A8, DSG3, and LY6D is characteristic of airway basal epithelial cells, which function as progenitor/stem cells in respiratory epithelium.",0,1,NO,0
3561,GATCATGGTGACCGAA_T154,respiratory tract hillock cell,"respiratory basal cell

Highly expressed SPRR and KRT genes (e.g., SPRR1B, SPRR2A, KRT6, KRT14, KRT16) along with S100A7, SBSN, and DSG3 are canonical markers of stratified epithelial basal cells in the respiratory airway. This profile fits the known transcriptional identity of respiratory basal cells.",respiratory basal cell,"Highly expressed SPRR and KRT genes (e.g., SPRR1B, SPRR2A, KRT6, KRT14, KRT16) along with S100A7, SBSN, and DSG3 are canonical markers of stratified epithelial basal cells in the respiratory airway. This profile fits the known transcriptional identity of respiratory basal cells.",0,1,NO,0
16545,GAACATCAGTGTACGG_T89,respiratory tract hillock cell,"respiratory basal cell
High expression of keratins (KRT5, KRT14, KRT6) and SPRR family genes, along with DSG3, S100A7, and SBSN, indicates an actively dividing progenitor epithelial cell of the airway, characteristic of the respiratory basal cell population.",respiratory basal cell,"High expression of keratins (KRT5, KRT14, KRT6) and SPRR family genes, along with DSG3, S100A7, and SBSN, indicates an actively dividing progenitor epithelial cell of the airway, characteristic of the respiratory basal cell population.",0,1,NO,0
108774,ACTTGTTCACAACTGT_T89,respiratory tract hillock cell,"respiratory basal cell
The top expressed genes include SPRR family members (e.g., SPRR1B, SPRR2A) and keratins (KRT6, KRT14, KRT16), which are classic markers of stratified squamous epithelium and basal cells in the respiratory airway.",respiratory basal cell,"The top expressed genes include SPRR family members (e.g., SPRR1B, SPRR2A) and keratins (KRT6, KRT14, KRT16), which are classic markers of stratified squamous epithelium and basal cells in the respiratory airway.",0,1,NO,0
142922,AATGAAGCATCCGGCA_T154,respiratory tract hillock cell,"respiratory basal cell
High expression of keratins KRT14, KRT6, KRT16, and KRT13 along with SPRR family genes and S100A7/A8 indicates a basal/squamous epithelial phenotype typical of respiratory basal cells in the airway.",respiratory basal cell,"High expression of keratins KRT14, KRT6, KRT16, and KRT13 along with SPRR family genes and S100A7/A8 indicates a basal/squamous epithelial phenotype typical of respiratory basal cells in the airway.",0,1,NO,0
5357,CAATTTCGTTCATCTT_T154,respiratory tract hillock cell,"respiratory basal cell
High expression of keratins (KRT6, KRT14, KRT16) and SPRR genes characteristic of basal/stem cells in respiratory epithelium, with S100A7 and SBSN further supporting this identity.",respiratory basal cell,"High expression of keratins (KRT6, KRT14, KRT16) and SPRR genes characteristic of basal/stem cells in respiratory epithelium, with S100A7 and SBSN further supporting this identity.",0,1,NO,0
99743,TCATCCGTCACTGGTA_T154,respiratory tract hillock cell,"respiratory tract hillock cell

High expression of SPRR family, KRT6/14/16, KRT13, and S100A7 indicates a squamous epithelial phenotype. These markers are characteristic of hillock cells, a rare airway epithelial cell type implicated in barrier function and squamous differentiation in the respiratory tract.",respiratory tract hillock cell,"High expression of SPRR family, KRT6/14/16, KRT13, and S100A7 indicates a squamous epithelial phenotype. These markers are characteristic of hillock cells, a rare airway epithelial cell type implicated in barrier function and squamous differentiation in the respiratory tract.",1,1,YES,1
20166,CTCATTAAGAAATTGC_T165,respiratory tract hillock cell,"respiratory basal cell

The high expression of keratinocyte-associated genes (KRT14, KRT6, SPRR family, DSG3, S100A7) and cornification markers is hallmark of basal epithelial cells in the respiratory airway, which serve as progenitor cells and express these structural and antimicrobial proteins.",respiratory basal cell,"The high expression of keratinocyte-associated genes (KRT14, KRT6, SPRR family, DSG3, S100A7) and cornification markers is hallmark of basal epithelial cells in the respiratory airway, which serve as progenitor cells and express these structural and antimicrobial proteins.",0,1,NO,0
42629,GAAGCCCCAAGTGACG_T154,respiratory tract hillock cell,"respiratory basal cell
These genes (KRT14, KRT6, SPRRs, S100A7, DSG3) are canonical markers of basal epithelial cells, which are progenitor cells in the respiratory airway. The expression profile matches the squamous differentiation program typical of basal cells.",respiratory basal cell,"These genes (KRT14, KRT6, SPRRs, S100A7, DSG3) are canonical markers of basal epithelial cells, which are progenitor cells in the respiratory airway. The expression profile matches the squamous differentiation program typical of basal cells.",0,1,NO,0
55286,CAATGACGTCTTCAAG_T154,respiratory tract hillock cell,"respiratory basal cell
The top genes include keratins (KRT14, KRT6, KRT16) and SPRR family members, which are characteristic of stratified epithelium and specifically expressed in airway basal cells. DSG3 is also a known basal cell marker.",respiratory basal cell,"The top genes include keratins (KRT14, KRT6, KRT16) and SPRR family members, which are characteristic of stratified epithelium and specifically expressed in airway basal cells. DSG3 is also a known basal cell marker.",0,1,NO,0
16552,TGGTTAGGTCAAAGCG_T121,respiratory tract hillock cell,"respiratory basal cell
The expression profile shows high levels of keratins (KRT6, KRT14, KRT16, KRT13) and SPRR family genes, which are characteristic of basal epithelial cells in stratified squamous epithelium. Additionally, markers like DSG3 and LY6D further confirm basal cell identity in the respiratory airway context.",respiratory basal cell,"The expression profile shows high levels of keratins (KRT6, KRT14, KRT16, KRT13) and SPRR family genes, which are characteristic of basal epithelial cells in stratified squamous epithelium. Additionally, markers like DSG3 and LY6D further confirm basal cell identity in the respiratory airway context.",0,1,NO,0
161324,ACACAGTCACTCACTC_T154,respiratory tract hillock cell,"respiratory basal cell
The top genes are characteristic of basal epithelial cells: keratins (KRT6, KRT14, KRT16, KRT13), SPRR family (involved in cornified envelope), and S100A7/S100A8. This profile strongly matches respiratory basal cells in the airway epithelium.",respiratory basal cell,"The top genes are characteristic of basal epithelial cells: keratins (KRT6, KRT14, KRT16, KRT13), SPRR family (involved in cornified envelope), and S100A7/S100A8. This profile strongly matches respiratory basal cells in the airway epithelium.",0,1,NO,0
1483,TGCATGAAGATACCAA_T154,respiratory tract hillock cell,"respiratory basal cell
The top genes (SPRR1B, SPRR2A, KRT6B, KRT14, KRT16, KRT13, S100A7, DSG3) are classic markers of airway basal cells, which are undifferentiated epithelial cells in the respiratory tract.",respiratory basal cell,"The top genes (SPRR1B, SPRR2A, KRT6B, KRT14, KRT16, KRT13, S100A7, DSG3) are classic markers of airway basal cells, which are undifferentiated epithelial cells in the respiratory tract.",0,1,NO,0
41105,GCTGCAGAGCCATTTG_T154,respiratory tract hillock cell,respiratory basal cell,respiratory basal cell,,0,1,NO,0
158678,GATGTTGGTGACACAG_T154,respiratory tract hillock cell,"respiratory basal cell
High expression of keratins (KRT14, KRT6, KRT16) and small proline-rich proteins (SPRRs) characteristic of stratified squamous epithelial basal cells. Also S100A7, DSG3, and LY6D are basal cell markers in the respiratory airway.",respiratory basal cell,"High expression of keratins (KRT14, KRT6, KRT16) and small proline-rich proteins (SPRRs) characteristic of stratified squamous epithelial basal cells. Also S100A7, DSG3, and LY6D are basal cell markers in the respiratory airway.",0,1,NO,0
8416,GGGAGTAAGATTGTGA_T154,respiratory tract hillock cell,"Respiratory basal cell

The top expressed genes include SPRR family (cornified envelope), keratins KRT6, KRT14, KRT16, KRT13 (stratified epithelial markers), SBSN, S100A7, S100A8, LY6D, DSG3, and LGALS7. These are characteristic of basal cells of the respiratory epithelium, which are multipotent progenitors with a gene signature for proliferation and squamous differentiation.",Respiratory basal cell,"The top expressed genes include SPRR family (cornified envelope), keratins KRT6, KRT14, KRT16, KRT13 (stratified epithelial markers), SBSN, S100A7, S100A8, LY6D, DSG3, and LGALS7. These are characteristic of basal cells of the respiratory epithelium, which are multipotent progenitors with a gene signature for proliferation and squamous differentiation.",0,1,NO,0
33960,GACCCTTTCATGAGGG_T154,respiratory tract hillock cell,"respiratory basal cell
The expression of keratins (KRT5, KRT14, KRT6) and cornification markers (SPRRs, S100A7) is characteristic of stratified epithelial progenitor cells. In the respiratory tract, basal cells are the key progenitor population expressing these genes, distinguishing them from differentiated secretory or ciliated cells.",respiratory basal cell,"The expression of keratins (KRT5, KRT14, KRT6) and cornification markers (SPRRs, S100A7) is characteristic of stratified epithelial progenitor cells. In the respiratory tract, basal cells are the key progenitor population expressing these genes, distinguishing them from differentiated secretory or ciliated cells.",0,1,NO,0
82327,GGGTATTTCGTAACCA_T154,respiratory tract hillock cell,"respiratory tract hillock cell
The top genes (SPRRs, KRT6, KRT14, KRT13, SBSN, DSG3) are classic markers of airway hillock cells, a distinct squamous epithelial population in the respiratory tract. They lack cilia or goblet markers and show strong expression of cornification and squamous differentiation genes.",respiratory tract hillock cell,"The top genes (SPRRs, KRT6, KRT14, KRT13, SBSN, DSG3) are classic markers of airway hillock cells, a distinct squamous epithelial population in the respiratory tract. They lack cilia or goblet markers and show strong expression of cornification and squamous differentiation genes.",1,1,YES,1
123053,TCCACCATCCAGTGCG_T154,respiratory tract hillock cell,"Respiratory basal cell

The top genes include keratins (KRT14, KRT6, KRT16) and SPRR family members, which are characteristic of basal/squamous epithelial cells in the airway. These markers are not typical for goblet, ciliated, secretory, or other listed cell types.",Respiratory basal cell,"The top genes include keratins (KRT14, KRT6, KRT16) and SPRR family members, which are characteristic of basal/squamous epithelial cells in the airway. These markers are not typical for goblet, ciliated, secretory, or other listed cell types.",0,1,NO,0
27555,CTGATCCAGCGTCTAT_T89,respiratory tract hillock cell,"respiratory basal cell

The top expressed genes include SPRR family members (cornified envelope precursors), KRT5/6/14/16 (basal keratins), S100A7/A8, and DSG3, which are classic markers of respiratory basal epithelial cells. This profile reflects a progenitor/basal cell identity in the airway epithelium.",respiratory basal cell,"The top expressed genes include SPRR family members (cornified envelope precursors), KRT5/6/14/16 (basal keratins), S100A7/A8, and DSG3, which are classic markers of respiratory basal epithelial cells. This profile reflects a progenitor/basal cell identity in the airway epithelium.",0,1,NO,0
135345,D339_Biop_Pro1_GGGCACTCACAGGAGT-1-8,serous secreting cell,"tracheobronchial serous cell

The top expressed genes (FDCSP, MUC7, STATH, PRH1, PRH2, PRB1, PRB3, SMR3A, CSN3) are characteristic of serous secretions in salivary glands and submucosal glands of the respiratory tract, indicating a tracheobronchial serous cell.",tracheobronchial serous cell,"The top expressed genes (FDCSP, MUC7, STATH, PRH1, PRH2, PRB1, PRB3, SMR3A, CSN3) are characteristic of serous secretions in salivary glands and submucosal glands of the respiratory tract, indicating a tracheobronchial serous cell.",0,1,YES,1
2752,D339_Biop_Pro1_GGACATTCAGCGATCC-1-8,serous secreting cell,"tracheobronchial serous cell
This expression profile includes salivary-like genes (MUC7, STATH, PRH1/2, PRB1/3, CSN3) typical of serous cells in respiratory submucosal glands, which produce mucins and antimicrobial proteins.",tracheobronchial serous cell,"This expression profile includes salivary-like genes (MUC7, STATH, PRH1/2, PRB1/3, CSN3) typical of serous cells in respiratory submucosal glands, which produce mucins and antimicrobial proteins.",0,1,YES,1
148964,D326_Biop_Int1_AAGACCTGTACGCACC-1-4,serous secreting cell,"tracheobronchial serous cell

Expression includes MUC7, STATH, PRH1, PRH2, PRB1, PRB3, SMR3A, and FDCSP, which are characteristic of serous acinar cells found in submucosal glands of the respiratory tract. These cells secrete antimicrobial proteins and mucins.",tracheobronchial serous cell,"Expression includes MUC7, STATH, PRH1, PRH2, PRB1, PRB3, SMR3A, and FDCSP, which are characteristic of serous acinar cells found in submucosal glands of the respiratory tract. These cells secrete antimicrobial proteins and mucins.",0,1,YES,1
77083,D326_Biop_Pro1_GCATGATTCGCGATCG-1-3,serous secreting cell,"serous secreting cell

The expression profile features high levels of FDCSP, MUC7, STATH, PRH1/2, and PRB1/3, which are typical of serous acinar cells in salivary and submucosal glands. In the respiratory airway, such a signature is characteristic of serous secreting cells found in tracheobronchial submucosal glands.",serous secreting cell,"The expression profile features high levels of FDCSP, MUC7, STATH, PRH1/2, and PRB1/3, which are typical of serous acinar cells in salivary and submucosal glands. In the respiratory airway, such a signature is characteristic of serous secreting cells found in tracheobronchial submucosal glands.",1,1,YES,1
139251,D322_Biop_Pro1_GTCTCGTAGACTGGGT-1-1,serous secreting cell,"Serous secreting cell

The top genes (FDCSP, MUC7, STATH, PRH1/2, PRB1/3, CSN3) are canonical markers of salivary-type serous and minor mucous secretions. In the respiratory airway, these genes are characteristic of submucosal gland serous cells, which produce antimicrobial and protective proteins.",Serous secreting cell,"The top genes (FDCSP, MUC7, STATH, PRH1/2, PRB1/3, CSN3) are canonical markers of salivary-type serous and minor mucous secretions. In the respiratory airway, these genes are characteristic of submucosal gland serous cells, which produce antimicrobial and protective proteins.",1,1,YES,1
110880,AGCATACGTGTTTGGT_T85,serous secreting cell,"tracheobronchial serous cell
Expression of STATH, PRH1/2, PRB1/3, SMR3A, and MUC7 is characteristic of serous cells in tracheobronchial submucosal glands, which secrete antimicrobial and protective proteins into the airway lining fluid.",tracheobronchial serous cell,"Expression of STATH, PRH1/2, PRB1/3, SMR3A, and MUC7 is characteristic of serous cells in tracheobronchial submucosal glands, which secrete antimicrobial and protective proteins into the airway lining fluid.",0,1,YES,1
34183,AAGGCAGAGACTACAA_GRO-10_biopsy,serous secreting cell,"tracheobronchial serous cell
The top genes include FDCSP, MUC7, STATH, PRH1/2, and other salivary/secretory markers, which are characteristic of serous cells in submucosal glands of the respiratory airway, distinct from goblet or club cells.",tracheobronchial serous cell,"The top genes include FDCSP, MUC7, STATH, PRH1/2, and other salivary/secretory markers, which are characteristic of serous cells in submucosal glands of the respiratory airway, distinct from goblet or club cells.",0,1,YES,1
72964,D339_Biop_Pro1_CATGACAAGACGCAAC-1-8,serous secreting cell,"Tracheobronchial serous cell

The expression profile features genes like MUC7, STATH, PRH1/PRH2, PRB1/PRB3, and CSN3, which are characteristic of serous secretions from submucosal glands in the respiratory tract, rather than goblet cells or other epithelial types.",Tracheobronchial serous cell,"The expression profile features genes like MUC7, STATH, PRH1/PRH2, PRB1/PRB3, and CSN3, which are characteristic of serous secretions from submucosal glands in the respiratory tract, rather than goblet cells or other epithelial types.",0,1,YES,1
15509,CGTAGTACATCGATAC_SC88,serous secreting cell,"tracheobronchial serous cell

The high expression of MUC7, STATH, PRH1/2, PRB1/3, and SMR3A is characteristic of serous secretory cells in submucosal glands of the respiratory tract, which produce antimicrobial proteins and mucins like MUC7 to protect the airway.",tracheobronchial serous cell,"The high expression of MUC7, STATH, PRH1/2, PRB1/3, and SMR3A is characteristic of serous secretory cells in submucosal glands of the respiratory tract, which produce antimicrobial proteins and mucins like MUC7 to protect the airway.",0,1,YES,1
81149,ACTGTGACACGCGGTT_T167,serous secreting cell,"tracheobronchial serous cell

The expression profile features high levels of MUC7, PRH1/2, PRB1/3, STATH, and other salivary-type proteins, which are classic markers of serous secretory cells in the upper airway.",tracheobronchial serous cell,"The expression profile features high levels of MUC7, PRH1/2, PRB1/3, STATH, and other salivary-type proteins, which are classic markers of serous secretory cells in the upper airway.",0,1,YES,1
77533,TCGGGTAGGTAGCT_GRO-09_biopsy,serous secreting cell,"tracheobronchial serous cell

The top expressed genes, including STATH, PRH1, PRH2, and PRB1/3, are classic markers of serous secretory cells found in submucosal glands of the respiratory airway. FDCSP and MUC7 are also consistent with serous secretions in this context.",tracheobronchial serous cell,"The top expressed genes, including STATH, PRH1, PRH2, and PRB1/3, are classic markers of serous secretory cells found in submucosal glands of the respiratory airway. FDCSP and MUC7 are also consistent with serous secretions in this context.",0,1,YES,1
62571,TAGGCCTCGTTTA_GRO-10_biopsy,serous secreting cell,"tracheobronchial serous cell
High expression of MUC7, STATH, PRH1/2, PRB1/3, SMR3A, and ODAM is characteristic of serous cells in airway submucosal glands, which produce antimicrobial and salivary-type proteins.",tracheobronchial serous cell,"High expression of MUC7, STATH, PRH1/2, PRB1/3, SMR3A, and ODAM is characteristic of serous cells in airway submucosal glands, which produce antimicrobial and salivary-type proteins.",0,1,YES,1
150112,CCTCACAGTCGGTACC_SC89,smooth muscle cell,tracheobronchial smooth muscle cell,tracheobronchial smooth muscle cell,,0,1,YES,1
40953,AGCATACGTCGCGGTT_GRO-10_biopsy,smooth muscle cell,"tracheobronchial smooth muscle cell
Expression of smooth muscle-specific markers MYH11, LMOD1, PLN, MYOCD, and FOXC2, along with AGT and AVPR1A, strongly indicates a smooth muscle cell type, consistent with tracheobronchial smooth muscle in the airway.",tracheobronchial smooth muscle cell,"Expression of smooth muscle-specific markers MYH11, LMOD1, PLN, MYOCD, and FOXC2, along with AGT and AVPR1A, strongly indicates a smooth muscle cell type, consistent with tracheobronchial smooth muscle in the airway.",0,1,YES,1
91150,CTCTAATAGCGTAATA_GRO-11_biopsy,smooth muscle cell,"tracheobronchial smooth muscle cell

High expression of smooth muscle markers MYH11, LMOD1, PLN, MYOCD, and FOXC2 in a respiratory airway context is characteristic of tracheobronchial smooth muscle cells, which line the airways.",tracheobronchial smooth muscle cell,"High expression of smooth muscle markers MYH11, LMOD1, PLN, MYOCD, and FOXC2 in a respiratory airway context is characteristic of tracheobronchial smooth muscle cells, which line the airways.",0,1,YES,1
8533,GAAATGATCTCGGTAA_SC89,smooth muscle cell,"smooth muscle cell

The expression profile shows strong smooth muscle markers: MYH11 (smooth muscle myosin heavy chain), LMOD1 (leiomodin), MYOCD (myocardin), PLN (phospholamban), HSPB6, and AVPR1A. These are characteristic of vascular or airway smooth muscle cells in the respiratory tract.",smooth muscle cell,"The expression profile shows strong smooth muscle markers: MYH11 (smooth muscle myosin heavy chain), LMOD1 (leiomodin), MYOCD (myocardin), PLN (phospholamban), HSPB6, and AVPR1A. These are characteristic of vascular or airway smooth muscle cells in the respiratory tract.",1,1,YES,1
110266,CCATTCGGTACCCAAT_GRO-04_biopsy,smooth muscle cell,"tracheobronchial smooth muscle cell

The expression profile includes classic smooth muscle markers such as MYH11, LMOD1, PLN, MYOCD, and HSPB6, along with AVPR1A and AGT. This combination strongly indicates smooth muscle cells, and given the respiratory airway context, it specifically points to tracheobronchial smooth muscle cells.",tracheobronchial smooth muscle cell,"The expression profile includes classic smooth muscle markers such as MYH11, LMOD1, PLN, MYOCD, and HSPB6, along with AVPR1A and AGT. This combination strongly indicates smooth muscle cells, and given the respiratory airway context, it specifically points to tracheobronchial smooth muscle cells.",0,1,YES,1
130825,ATCACTTCACAGGATG_SC89,smooth muscle cell,"tracheobronchial smooth muscle cell
Expression of smooth muscle markers MYH11, LMOD1, MYOCD, PLN, and AVPR1A, along with contractile and regulatory genes, identifies this cell as a tracheobronchial smooth muscle cell in the respiratory airway.",tracheobronchial smooth muscle cell,"Expression of smooth muscle markers MYH11, LMOD1, MYOCD, PLN, and AVPR1A, along with contractile and regulatory genes, identifies this cell as a tracheobronchial smooth muscle cell in the respiratory airway.",0,1,YES,1
47262,CATGGCGCATATGGTC_GRO-06_biopsy,smooth muscle cell,"tracheobronchial smooth muscle cell

Expression of smooth muscle markers MYH11, LMOD1, PLN, MYOCD, and FOXC2, along with AVPR1A, AGT, and HSPB6, indicates a contractile smooth muscle phenotype specific to the respiratory airway.",tracheobronchial smooth muscle cell,"Expression of smooth muscle markers MYH11, LMOD1, PLN, MYOCD, and FOXC2, along with AVPR1A, AGT, and HSPB6, indicates a contractile smooth muscle phenotype specific to the respiratory airway.",0,1,YES,1
20468,ACCAAACTCGACATAC_SC89,smooth muscle cell,"tracheobronchial smooth muscle cell

The expression profile shows high levels of smooth muscle markers such as MYH11, LMOD1, PLN, MYOCD, and AVPR1A, which are characteristic of airway smooth muscle cells in the respiratory tract.",tracheobronchial smooth muscle cell,"The expression profile shows high levels of smooth muscle markers such as MYH11, LMOD1, PLN, MYOCD, and AVPR1A, which are characteristic of airway smooth muscle cells in the respiratory tract.",0,1,YES,1
158068,CTGAAGTAGCCAGTTT_GRO-07_biopsy,smooth muscle cell,"tracheobronchial smooth muscle cell

Expression of smooth muscle markers MYH11, LMOD1, MYOCD, PLN, and AVPR1A indicates contractile smooth muscle, specifically in the airway.",tracheobronchial smooth muscle cell,"Expression of smooth muscle markers MYH11, LMOD1, MYOCD, PLN, and AVPR1A indicates contractile smooth muscle, specifically in the airway.",0,1,YES,1
121052,TGCGGTAGATCTGCT_GRO-11_biopsy,smooth muscle cell,"tracheobronchial smooth muscle cell

The expression profile is dominated by smooth muscle markers such as MYH11, LMOD1, MYOCD, PLN, and ITGA7, along with AVPR1A and HSPB6, which are characteristic of airway smooth muscle. The tissue context (respiratory airway) further supports this identification.",tracheobronchial smooth muscle cell,"The expression profile is dominated by smooth muscle markers such as MYH11, LMOD1, MYOCD, PLN, and ITGA7, along with AVPR1A and HSPB6, which are characteristic of airway smooth muscle. The tissue context (respiratory airway) further supports this identification.",0,1,YES,1
10502,CACATATCGCGATC_GRO-08_biopsy,smooth muscle cell,"tracheobronchial smooth muscle cell

Expression of smooth muscle markers MYH11, MYOCD, LMOD1, PLN, HSPB6, and AVPR1A strongly identifies this as a smooth muscle cell from the airway.",tracheobronchial smooth muscle cell,"Expression of smooth muscle markers MYH11, MYOCD, LMOD1, PLN, HSPB6, and AVPR1A strongly identifies this as a smooth muscle cell from the airway.",0,1,YES,1
92848,CGAGCACAGTCAAGC_GRO-11_biopsy,smooth muscle cell,"smooth muscle cell

The expression of MYH11, LMOD1, PLN, and MYOCD are classic markers of smooth muscle cells. These genes are highly specific for contractile smooth muscle, and their co-expression strongly indicates a smooth muscle identity within the respiratory airway context.",smooth muscle cell,"The expression of MYH11, LMOD1, PLN, and MYOCD are classic markers of smooth muscle cells. These genes are highly specific for contractile smooth muscle, and their co-expression strongly indicates a smooth muscle identity within the respiratory airway context.",1,1,YES,1
143729,AGGGAGTCAAGCGTA_GRO-11_biopsy,smooth muscle cell,"tracheobronchial smooth muscle cell

The expression profile includes smooth muscle markers MYH11, LMOD1, PLN, MYOCD, and ACTA2 (not shown but implied), along with AVPR1A and HSPB6, characteristic of airway smooth muscle cells.",tracheobronchial smooth muscle cell,"The expression profile includes smooth muscle markers MYH11, LMOD1, PLN, MYOCD, and ACTA2 (not shown but implied), along with AVPR1A and HSPB6, characteristic of airway smooth muscle cells.",0,1,YES,1
23471,CCGGGATCATAAGACA_GRO-11_biopsy,smooth muscle cell,"tracheobronchial smooth muscle cell
The top genes include canonical smooth muscle markers: MYH11, LMOD1, PLN, MYOCD, HSPB6, and PRPH, indicating a contractile smooth muscle phenotype in the respiratory airway.",tracheobronchial smooth muscle cell,"The top genes include canonical smooth muscle markers: MYH11, LMOD1, PLN, MYOCD, HSPB6, and PRPH, indicating a contractile smooth muscle phenotype in the respiratory airway.",0,1,YES,1
118178,CATGCCTGTTCAGACT_GRO-10_biopsy,smooth muscle cell,"tracheobronchial smooth muscle cell

High expression of MYH11, MYOCD, PLN, and LMOD1 are classic markers of smooth muscle cells. The respiratory airway context and lack of epithelial or immune markers further support this identity.",tracheobronchial smooth muscle cell,"High expression of MYH11, MYOCD, PLN, and LMOD1 are classic markers of smooth muscle cells. The respiratory airway context and lack of epithelial or immune markers further support this identity.",0,1,YES,1
114554,AGCGCTGGTAGAGGAA_SC89,smooth muscle cell,"tracheobronchial smooth muscle cell

The expression profile includes classic smooth muscle markers (MYH11, LMOD1, MYOCD, PLN) and contractile-associated genes (PRPH, AVPR1A, AGT), consistent with airway smooth muscle cells in the respiratory tract.",tracheobronchial smooth muscle cell,"The expression profile includes classic smooth muscle markers (MYH11, LMOD1, MYOCD, PLN) and contractile-associated genes (PRPH, AVPR1A, AGT), consistent with airway smooth muscle cells in the respiratory tract.",0,1,YES,1
139834,ATTCTACTCAGAGCTT_GRO-11_biopsy,smooth muscle cell,"tracheobronchial smooth muscle cell
The profile shows strong expression of smooth muscle markers MYH11, LMOD1, MYOCD, PLN, and HSPB6, consistent with contractile smooth muscle cells of the airway.",tracheobronchial smooth muscle cell,"The profile shows strong expression of smooth muscle markers MYH11, LMOD1, MYOCD, PLN, and HSPB6, consistent with contractile smooth muscle cells of the airway.",0,1,YES,1
90198,TCAATCTGTACTCGC_GRO-06_biopsy,smooth muscle cell,"tracheobronchial smooth muscle cell

The expression profile shows high levels of smooth muscle-specific genes such as MYH11, LMOD1, MYOCD, and PLN, which are canonical markers of contractile smooth muscle. Given the respiratory airway context, this indicates a tracheobronchial smooth muscle cell.",tracheobronchial smooth muscle cell,"The expression profile shows high levels of smooth muscle-specific genes such as MYH11, LMOD1, MYOCD, and PLN, which are canonical markers of contractile smooth muscle. Given the respiratory airway context, this indicates a tracheobronchial smooth muscle cell.",0,1,YES,1
138302,CCCAGTTAGGAGTACC_GRO-11_biopsy,smooth muscle cell,"tracheobronchial smooth muscle cell

The expression profile features canonical smooth muscle markers such as MYH11, LMOD1, MYOCD, and PLN, along with AVPR1A and AGT, which are characteristic of airway smooth muscle. The tissue context (respiratory airway) supports identification as tracheobronchial smooth muscle cell rather than general smooth muscle.",tracheobronchial smooth muscle cell,"The expression profile features canonical smooth muscle markers such as MYH11, LMOD1, MYOCD, and PLN, along with AVPR1A and AGT, which are characteristic of airway smooth muscle. The tissue context (respiratory airway) supports identification as tracheobronchial smooth muscle cell rather than general smooth muscle.",0,1,YES,1
106957,GGTTAACTCGCCTATC_SC89,smooth muscle cell,"tracheobronchial smooth muscle cell

The expression profile shows high levels of smooth muscle markers such as MYH11, LMOD1, PLN, and MYOCD, along with AVPR1A and AGT, which are consistent with airway smooth muscle cells in the respiratory tract.",tracheobronchial smooth muscle cell,"The expression profile shows high levels of smooth muscle markers such as MYH11, LMOD1, PLN, and MYOCD, along with AVPR1A and AGT, which are consistent with airway smooth muscle cells in the respiratory tract.",0,1,YES,1
21514,D344_Biop_Int1_ACTGAACCATGGTTGT-1-13,stromal cell,"tracheobronchial smooth muscle cell
Expression of smooth muscle markers (ACTG2, DES, CNN1, ACTA1, ACTC1, PLN, CASQ2) and muscle-specific genes (PGAM2, NMRK2, HSPB7) indicates a smooth muscle cell type, specifically in the respiratory airway.",tracheobronchial smooth muscle cell,"Expression of smooth muscle markers (ACTG2, DES, CNN1, ACTA1, ACTC1, PLN, CASQ2) and muscle-specific genes (PGAM2, NMRK2, HSPB7) indicates a smooth muscle cell type, specifically in the respiratory airway.",0,0,YES,1
145843,D372_Biop_Int2_GATCAGTAGGGTTTCT-1-34,stromal cell,"tracheobronchial smooth muscle cell
The top expressed genes include classic smooth muscle markers (ACTG2, DES, CNN1, ACTA1, FLNC) along with muscle-related genes (PGAM2, NMRK2, PLN, CASQ2), which collectively indicate a contractile smooth muscle identity. In the respiratory airway context, this expression profile is characteristic of tracheobronchial smooth muscle cells.",tracheobronchial smooth muscle cell,"The top expressed genes include classic smooth muscle markers (ACTG2, DES, CNN1, ACTA1, FLNC) along with muscle-related genes (PGAM2, NMRK2, PLN, CASQ2), which collectively indicate a contractile smooth muscle identity. In the respiratory airway context, this expression profile is characteristic of tracheobronchial smooth muscle cells.",0,0,YES,1
101341,D353_Biop_Int2_GTTCTCGAGTTACCCA-1-18,stromal cell,"smooth muscle cell
The top expressed genes include strong smooth muscle markers such as ACTG2, DES, CNN1, and ACTA1, along with PLN and CASQ2, indicating a smooth muscle cell within the respiratory airway.",smooth muscle cell,"The top expressed genes include strong smooth muscle markers such as ACTG2, DES, CNN1, and ACTA1, along with PLN and CASQ2, indicating a smooth muscle cell within the respiratory airway.",0,0,YES,1
64900,D322_Biop_Pro1_TGACAACTCAACCAAC-1-1,stromal cell,"tracheobronchial smooth muscle cell
Genes like ACTG2, DES, CNN1, and ACTA1 are classical smooth muscle markers. BRINP3, BCHE, and PLN further support contractile phenotype. The airway context and absence of epithelial, immune, or fibroblast markers point specifically to tracheobronchial smooth muscle.",tracheobronchial smooth muscle cell,"Genes like ACTG2, DES, CNN1, and ACTA1 are classical smooth muscle markers. BRINP3, BCHE, and PLN further support contractile phenotype. The airway context and absence of epithelial, immune, or fibroblast markers point specifically to tracheobronchial smooth muscle.",0,0,YES,1
60213,D372_Biop_Int2_CCTCAGTTCAGGTTCA-1-34,stromal cell,"smooth muscle cell
High expression of smooth muscle markers DES, ACTG2, CNN1, and PLN indicates a contractile phenotype, typical of airway smooth muscle cells.",smooth muscle cell,"High expression of smooth muscle markers DES, ACTG2, CNN1, and PLN indicates a contractile phenotype, typical of airway smooth muscle cells.",0,0,NO,0
82505,D372_Biop_Int2_CTCTGGTGTGTCAATC-1-34,stromal cell,"tracheobronchial smooth muscle cell

The top genes include smooth muscle markers ACTG2, DES, CNN1, and PLN, along with muscle-specific genes like CASQ2 and ACTC1, indicating a contractile cell type in the airway.",tracheobronchial smooth muscle cell,"The top genes include smooth muscle markers ACTG2, DES, CNN1, and PLN, along with muscle-specific genes like CASQ2 and ACTC1, indicating a contractile cell type in the airway.",0,0,YES,1
23384,D353_Biop_Int2_AAAGCAACATGTTCCC-1-18,stromal cell,"tracheobronchial smooth muscle cell

The top expressed genes include smooth muscle markers ACTG2, DES, CNN1, and PLN, which are characteristic of airway smooth muscle cells. These genes are not typical of myofibroblasts, epithelial cells, or other cell types in the respiratory tract, making tracheobronchial smooth muscle the best match.",tracheobronchial smooth muscle cell,"The top expressed genes include smooth muscle markers ACTG2, DES, CNN1, and PLN, which are characteristic of airway smooth muscle cells. These genes are not typical of myofibroblasts, epithelial cells, or other cell types in the respiratory tract, making tracheobronchial smooth muscle the best match.",0,0,YES,1
98797,D372_Biop_Int2_ACACTGACAAGCGAGT-1-34,stromal cell,"tracheobronchial smooth muscle cell

High expression of smooth muscle markers (DES, ACTG2, CNN1, ACTA1, PLN, FLNC) and tissue context (respiratory airway) indicate tracheobronchial smooth muscle cells.",tracheobronchial smooth muscle cell,"High expression of smooth muscle markers (DES, ACTG2, CNN1, ACTA1, PLN, FLNC) and tissue context (respiratory airway) indicate tracheobronchial smooth muscle cells.",0,0,YES,1
71712,D372_Biop_Int2_CTACATTCACCCTATC-1-34,stromal cell,"tracheobronchial smooth muscle cell
High expression of smooth muscle marker genes ACTG2, DES, CNN1, ACTA1, and PLN indicate smooth muscle cell identity specific to the respiratory airway.",tracheobronchial smooth muscle cell,"High expression of smooth muscle marker genes ACTG2, DES, CNN1, ACTA1, and PLN indicate smooth muscle cell identity specific to the respiratory airway.",0,0,YES,1
46688,D353_Biop_Int2_GTAACGTGTGTCCTCT-1-18,stromal cell,"tracheobronchial smooth muscle cell
High expression of smooth muscle markers (ACTA1, ACTG2, DES, CNN1, FLNC, PLN) indicates contractile phenotype specific to airway smooth muscle.",tracheobronchial smooth muscle cell,"High expression of smooth muscle markers (ACTA1, ACTG2, DES, CNN1, FLNC, PLN) indicates contractile phenotype specific to airway smooth muscle.",0,0,YES,1
87067,D372_Biop_Int2_CGTAGCGAGGCTATCT-1-34,stromal cell,"tracheobronchial smooth muscle cell

This expression profile is dominated by smooth muscle markers (ACTA2, ACTG2, DES, CNN1, MYH11 not shown but implied) and muscle-specific metabolism genes (PGAM2, NMRK2, CASQ2, PLN). The tissue context (respiratory airway) and high expression of these genes are hallmark features of airway smooth muscle cells, specifically those lining the trachea and bronchi.",tracheobronchial smooth muscle cell,"This expression profile is dominated by smooth muscle markers (ACTA2, ACTG2, DES, CNN1, MYH11 not shown but implied) and muscle-specific metabolism genes (PGAM2, NMRK2, CASQ2, PLN). The tissue context (respiratory airway) and high expression of these genes are hallmark features of airway smooth muscle cells, specifically those lining the trachea and bronchi.",0,0,NO,0
18968,D372_Biop_Int2_CATATGGTCAGTCCCT-1-34,stromal cell,"tracheobronchial smooth muscle cell

High expression of smooth muscle markers (ACTA1, ACTC1, ACTG2, DES, CNN1, PLN, CASQ2, FLNC) indicates contractile smooth muscle; bronchial location refines to tracheobronchial smooth muscle.",tracheobronchial smooth muscle cell,"High expression of smooth muscle markers (ACTA1, ACTC1, ACTG2, DES, CNN1, PLN, CASQ2, FLNC) indicates contractile smooth muscle; bronchial location refines to tracheobronchial smooth muscle.",0,0,YES,1
119439,P3_4_ACTGTCCCACGTCTCT,stromal cell,"tracheobronchial smooth muscle cell
High expression of smooth muscle markers (DES, ACTG2, CNN1, ACTA1, PLN, CASQ2) in the respiratory airway context indicates this cell type.",tracheobronchial smooth muscle cell,"High expression of smooth muscle markers (DES, ACTG2, CNN1, ACTA1, PLN, CASQ2) in the respiratory airway context indicates this cell type.",0,0,YES,1
157376,D372_Biop_Int2_GGGTTGCCAATGAAAC-1-34,stromal cell,"tracheobronchial smooth muscle cell

The expression profile is dominated by smooth muscle markers: ACTG2, DES, CNN1, ACTA1, and PLN. These genes are characteristic of contractile smooth muscle cells in the airway wall, specifically those of the trachea and bronchi.",tracheobronchial smooth muscle cell,"The expression profile is dominated by smooth muscle markers: ACTG2, DES, CNN1, ACTA1, and PLN. These genes are characteristic of contractile smooth muscle cells in the airway wall, specifically those of the trachea and bronchi.",0,0,YES,1
87414,D353_Biop_Int2_GGGAATGCAGATGGGT-1-18,stromal cell,"tracheobronchial smooth muscle cell
Top genes include smooth muscle markers ACTG2, DES, CNN1, ACTA1, FLNC, and PLN, indicating a contractile phenotype. The respiratory airway context further points to tracheobronchial smooth muscle cells.",tracheobronchial smooth muscle cell,"Top genes include smooth muscle markers ACTG2, DES, CNN1, ACTA1, FLNC, and PLN, indicating a contractile phenotype. The respiratory airway context further points to tracheobronchial smooth muscle cells.",0,0,YES,1
32317,D372_Biop_Int2_TACTTACCACCTGGTG-1-34,stromal cell,"tracheobronchial smooth muscle cell

The top expressed genes (ACTG2, DES, CNN1, ACTA1, ACTC1, PLN, CASQ2) are canonical smooth muscle markers. Their co-expression identifies these cells as tracheobronchial smooth muscle cells, the contractile component of the airway wall.",tracheobronchial smooth muscle cell,"The top expressed genes (ACTG2, DES, CNN1, ACTA1, ACTC1, PLN, CASQ2) are canonical smooth muscle markers. Their co-expression identifies these cells as tracheobronchial smooth muscle cells, the contractile component of the airway wall.",0,0,YES,1
11196,D363_Biop_Pro1_GAGCAGAAGTCTTGCA-1-24,stromal cell,"tracheobronchial smooth muscle cell

Highly expressed muscle-specific genes (ACTG2, DES, CNN1, ACTA1, PLN) indicate smooth muscle. The respiratory airway context narrows it to tracheobronchial smooth muscle.",tracheobronchial smooth muscle cell,"Highly expressed muscle-specific genes (ACTG2, DES, CNN1, ACTA1, PLN) indicate smooth muscle. The respiratory airway context narrows it to tracheobronchial smooth muscle.",0,0,YES,1
30192,CATATGGAGGCTCTTA_GRO-10_biopsy,stromal cell,"smooth muscle cell
Strong expression of muscle structural genes (ACTG2, DES, CNN1, ACTA1, FLNC, ACTC1) and regulators (PGAM2, PLN, CASQ2) indicates a contractile phenotype typical of smooth muscle, consistent with airway wall smooth muscle.",smooth muscle cell,"Strong expression of muscle structural genes (ACTG2, DES, CNN1, ACTA1, FLNC, ACTC1) and regulators (PGAM2, PLN, CASQ2) indicates a contractile phenotype typical of smooth muscle, consistent with airway wall smooth muscle.",0,0,YES,1
146349,D363_Biop_Pro1_GCATGATTCTCGCTTG-1-24,stromal cell,"tracheobronchial smooth muscle cell
The top genes include smooth muscle markers (ACTG2, DES, CNN1, ACTA1, PLN, CASQ2, FLNC, ACTC1), indicating a contractile phenotype in the airway.",tracheobronchial smooth muscle cell,"The top genes include smooth muscle markers (ACTG2, DES, CNN1, ACTA1, PLN, CASQ2, FLNC, ACTC1), indicating a contractile phenotype in the airway.",0,0,YES,1
87279,D354_Biop_Int2_GTCTTCGTCTGAAAGA-1-21,stromal cell,"tracheobronchial smooth muscle cell

The gene expression profile is dominated by smooth muscle markers such as ACTG2, DES, CNN1, PLN, and CASQ2, which are characteristic of contractile cells in the airway wall.",tracheobronchial smooth muscle cell,"The gene expression profile is dominated by smooth muscle markers such as ACTG2, DES, CNN1, PLN, and CASQ2, which are characteristic of contractile cells in the airway wall.",0,0,YES,1
118944,D367_Brus_Dis1_CCTAAAGAGCTACCGC-1-30,tracheobronchial goblet cell,"bronchial goblet cell
High expression of mucins MUC5AC and MUC5B, along with trefoil factors TFF1/TFF3 and BPIFA1, identifies this as a mucus-secreting goblet cell in the respiratory epithelium. SCGB1A1 is present but typical of club cells, yet the dominant mucin profile confirms goblet cell identity.",bronchial goblet cell,"High expression of mucins MUC5AC and MUC5B, along with trefoil factors TFF1/TFF3 and BPIFA1, identifies this as a mucus-secreting goblet cell in the respiratory epithelium. SCGB1A1 is present but typical of club cells, yet the dominant mucin profile confirms goblet cell identity.",0,1,YES,1
24739,D372_Brus_Dis1_TTGGCAACAGCTCGAC-1-35,tracheobronchial goblet cell,"bronchial goblet cell
High expression of MUC5AC, MUC5B, TFF3, TFF1, and CST1 is characteristic of goblet cells in the respiratory epithelium. These cells secrete mucins and other protective factors.",bronchial goblet cell,"High expression of MUC5AC, MUC5B, TFF3, TFF1, and CST1 is characteristic of goblet cells in the respiratory epithelium. These cells secrete mucins and other protective factors.",0,1,YES,1
85407,D367_Brus_Dis1_ACTTGTTAGACTAAGT-1-30,tracheobronchial goblet cell,"bronchial goblet cell
High expression of mucins (MUC5AC, MUC5B) and trefoil factors (TFF1, TFF3) are hallmark features of goblet cells. Additional markers like BPIFA1, FCGBP, and ITLN1 further support a mucus-secreting phenotype specific to airway goblet cells.",bronchial goblet cell,"High expression of mucins (MUC5AC, MUC5B) and trefoil factors (TFF1, TFF3) are hallmark features of goblet cells. Additional markers like BPIFA1, FCGBP, and ITLN1 further support a mucus-secreting phenotype specific to airway goblet cells.",0,1,NO,0
44670,D354_Biop_Int2_GTTCATTGTAAGTTCC-1-21,tracheobronchial goblet cell,"tracheobronchial goblet cell

High expression of mucins MUC5AC, MUC5B, BPIFA1, TFF3, SCGB1A1, and CST1 is characteristic of airway goblet cells, which secrete mucus to protect the respiratory epithelium.",tracheobronchial goblet cell,"High expression of mucins MUC5AC, MUC5B, BPIFA1, TFF3, SCGB1A1, and CST1 is characteristic of airway goblet cells, which secrete mucus to protect the respiratory epithelium.",1,1,YES,1
69009,D344_Brus_Dis1_CACACAACATCGACGC-1-14,tracheobronchial goblet cell,"tracheobronchial goblet cell
High expression of MUC5AC, MUC5B, TFF3, TFF1, BPIFA1, and SCGB1A1/SCGB3A1 is characteristic of airway goblet cells that secrete mucus and antimicrobial factors in the tracheobronchial epithelium.",tracheobronchial goblet cell,"High expression of MUC5AC, MUC5B, TFF3, TFF1, BPIFA1, and SCGB1A1/SCGB3A1 is characteristic of airway goblet cells that secrete mucus and antimicrobial factors in the tracheobronchial epithelium.",1,1,YES,1
123234,D372_Brus_Dis1_GTCTTCGTCACGACTA-1-35,tracheobronchial goblet cell,"tracheobronchial goblet cell
High expression of mucins (MUC5AC, MUC5B), goblet cell markers (CST1, TFF3, CLCA2), and secretory proteins (BPIFA1, SCGB1A1, SCGB3A1) indicate a mucus-secreting goblet cell from the lower respiratory airway.",tracheobronchial goblet cell,"High expression of mucins (MUC5AC, MUC5B), goblet cell markers (CST1, TFF3, CLCA2), and secretory proteins (BPIFA1, SCGB1A1, SCGB3A1) indicate a mucus-secreting goblet cell from the lower respiratory airway.",1,1,YES,1
5552,D367_Brus_Dis1_TGCGTGGCAGCTGGCT-1-30,tracheobronchial goblet cell,"bronchial goblet cell
High expression of MUC5AC and MUC5B (mucins) along with secretory proteins BPIFA1, TFF3, SCGB1A1, and PIGR is characteristic of airway goblet cells, which produce mucus.",bronchial goblet cell,"High expression of MUC5AC and MUC5B (mucins) along with secretory proteins BPIFA1, TFF3, SCGB1A1, and PIGR is characteristic of airway goblet cells, which produce mucus.",0,1,YES,1
109517,D367_Brus_Dis1_CTGCGGATCCCTAACC-1-30,tracheobronchial goblet cell,"bronchial goblet cell
The high expression of MUC5AC, MUC5B, BPIFA1, TFF3, TFF1, and SCGB1A1 indicates a mucus-secreting airway epithelial cell. The combination of mucins and trefoil factors is characteristic of goblet cells in the bronchial epithelium.",bronchial goblet cell,"The high expression of MUC5AC, MUC5B, BPIFA1, TFF3, TFF1, and SCGB1A1 indicates a mucus-secreting airway epithelial cell. The combination of mucins and trefoil factors is characteristic of goblet cells in the bronchial epithelium.",0,1,YES,1
158644,D354_Brus_Dis1_AGTAGTCGTTTCGCTC-1-22,tracheobronchial goblet cell,"tracheobronchial goblet cell

The top genes include mucins (MUC5AC, MUC5B), trefoil factors (TFF1, TFF3), and BPIFA1, all characteristic of goblet cells in the airways. The presence of SCGB1A1 is lower but still suggests a secretory epithelial phenotype consistent with tracheobronchial goblet cells.",tracheobronchial goblet cell,"The top genes include mucins (MUC5AC, MUC5B), trefoil factors (TFF1, TFF3), and BPIFA1, all characteristic of goblet cells in the airways. The presence of SCGB1A1 is lower but still suggests a secretory epithelial phenotype consistent with tracheobronchial goblet cells.",1,1,YES,1
154402,D353_Brus_Dis1_ACACCGGAGCCTCGTG-1-19,tracheobronchial goblet cell,"tracheobronchial goblet cell
High expression of mucin genes MUC5AC and MUC5B, along with BPIFA1, SCGB1A1, and TFF3, is characteristic of airway goblet cells that secrete mucus. The profile matches tracheobronchial goblet cells, which are specialized for mucin production in the conducting airways.",tracheobronchial goblet cell,"High expression of mucin genes MUC5AC and MUC5B, along with BPIFA1, SCGB1A1, and TFF3, is characteristic of airway goblet cells that secrete mucus. The profile matches tracheobronchial goblet cells, which are specialized for mucin production in the conducting airways.",1,1,YES,1
86487,D367_Brus_Dis1_GACCTGGAGTACGACG-1-30,tracheobronchial goblet cell,tracheobronchial goblet cell,tracheobronchial goblet cell,,1,1,YES,1
2034,D367_Brus_Dis1_TGCGCAGGTGAGGCTA-1-30,tracheobronchial goblet cell,"tracheobronchial goblet cell

High expression of MUC5AC, MUC5B, TFF3, TFF1, CST1, and BPIFA1 is characteristic of airway goblet cells that secrete mucus, matching the profile of a tracheobronchial goblet cell.",tracheobronchial goblet cell,"High expression of MUC5AC, MUC5B, TFF3, TFF1, CST1, and BPIFA1 is characteristic of airway goblet cells that secrete mucus, matching the profile of a tracheobronchial goblet cell.",1,1,YES,1
168630,D354_Brus_Dis1_CTGCTGTCAGACACTT-1-22,tracheobronchial goblet cell,"tracheobronchial goblet cell
High expression of MUC5AC, MUC5B, TFF3, and BPIFA1 indicates a mucus-secreting goblet cell. These markers are characteristic of airway goblet cells, which produce mucins and antimicrobial proteins to protect the respiratory epithelium.",tracheobronchial goblet cell,"High expression of MUC5AC, MUC5B, TFF3, and BPIFA1 indicates a mucus-secreting goblet cell. These markers are characteristic of airway goblet cells, which produce mucins and antimicrobial proteins to protect the respiratory epithelium.",1,1,YES,1
117448,D344_Brus_Dis1_TAAGCGTGTCCTCCAT-1-14,tracheobronchial goblet cell,"tracheobronchial goblet cell

High expression of MUC5AC, MUC5B, TFF3, TFF1, BPIFA1, and CST1 is characteristic of mucus-secreting goblet cells in the airway. SCGB1A1 and SCGB3A1 are also present, consistent with secretory epithelial phenotype.",tracheobronchial goblet cell,"High expression of MUC5AC, MUC5B, TFF3, TFF1, BPIFA1, and CST1 is characteristic of mucus-secreting goblet cells in the airway. SCGB1A1 and SCGB3A1 are also present, consistent with secretory epithelial phenotype.",1,1,YES,1
63663,D354_Brus_Dis1_AAGGAGCTCAGCCTAA-1-22,tracheobronchial goblet cell,"tracheobronchial goblet cell
High expression of MUC5AC, MUC5B, TFF3, BPIFA1, and CST1 indicates mucus-secreting goblet cells, typical of the airway epithelium.",tracheobronchial goblet cell,"High expression of MUC5AC, MUC5B, TFF3, BPIFA1, and CST1 indicates mucus-secreting goblet cells, typical of the airway epithelium.",1,1,YES,1
84820,D344_Brus_Dis1_ACGGCCACAAGGACTG-1-14,tracheobronchial goblet cell,"bronchial goblet cell
High expression of mucins MUC5AC and MUC5B, trefoil factors TFF1 and TFF3, and goblet cell-associated genes BPIFA1, BPIFB1, FCGBP, and CLCA2 indicate a mucus-secreting goblet cell type in the respiratory airway.",bronchial goblet cell,"High expression of mucins MUC5AC and MUC5B, trefoil factors TFF1 and TFF3, and goblet cell-associated genes BPIFA1, BPIFB1, FCGBP, and CLCA2 indicate a mucus-secreting goblet cell type in the respiratory airway.",0,1,YES,1
125108,D354_Brus_Dis1_GCCTCTAAGGGTTTCT-1-22,tracheobronchial goblet cell,"tracheobronchial goblet cell

This profile shows high expression of mucins MUC5AC and MUC5B, secretoglobins SCGB1A1 and SCGB3A1, trefoil factors TFF1 and TFF3, and other goblet cell markers (BPIFA1, CST1, FCGBP, CLCA2), characteristic of mucus-secreting goblet cells lining the tracheobronchial airways.",tracheobronchial goblet cell,"This profile shows high expression of mucins MUC5AC and MUC5B, secretoglobins SCGB1A1 and SCGB3A1, trefoil factors TFF1 and TFF3, and other goblet cell markers (BPIFA1, CST1, FCGBP, CLCA2), characteristic of mucus-secreting goblet cells lining the tracheobronchial airways.",1,1,YES,1
131779,D344_Brus_Dis1_TCTTCGGAGCATCATC-1-14,tracheobronchial goblet cell,"tracheobronchial goblet cell
High expression of mucins MUC5AC and MUC5B, alongside goblet cell markers CST1, TFF1, TFF3, and FCGBP, with SCGB1A1 also present, confirms a goblet cell identity in the respiratory airway.",tracheobronchial goblet cell,"High expression of mucins MUC5AC and MUC5B, alongside goblet cell markers CST1, TFF1, TFF3, and FCGBP, with SCGB1A1 also present, confirms a goblet cell identity in the respiratory airway.",1,1,YES,1
124946,D354_Brus_Dis1_ACTGCTCCATCTCCCA-1-22,tracheobronchial goblet cell,"tracheobronchial goblet cell
This profile shows high expression of mucins (MUC5AC, MUC5B) and goblet cell markers (CST1, TFF3, TFF1, FCGBP), along with club cell-related SCGBs. The strong mucin signature indicates a mucus-secreting goblet cell in the tracheobronchial epithelium.",tracheobronchial goblet cell,"This profile shows high expression of mucins (MUC5AC, MUC5B) and goblet cell markers (CST1, TFF3, TFF1, FCGBP), along with club cell-related SCGBs. The strong mucin signature indicates a mucus-secreting goblet cell in the tracheobronchial epithelium.",1,1,YES,1
91792,D372_Brus_Dis1_CAGAATCGTTGGTAAA-1-35,tracheobronchial goblet cell,mucus secreting cell,mucus secreting cell,,0,0,YES,1
71383,AGGGAGTGTAGCGTGA_GRO-08_biopsy,tracheobronchial serous cell,"tracheobronchial serous cell
High expression of proline-rich proteins (PRH2, PRB1, PRB4, STATH) and antimicrobial factors (LTF, LPO, DMBT1, PIP) is characteristic of serous cells in submucosal glands of the respiratory tract, which secrete these components into mucus.",tracheobronchial serous cell,"High expression of proline-rich proteins (PRH2, PRB1, PRB4, STATH) and antimicrobial factors (LTF, LPO, DMBT1, PIP) is characteristic of serous cells in submucosal glands of the respiratory tract, which secrete these components into mucus.",1,1,YES,1
147998,D354_Biop_Pro1_GTGTTAGGTTAAGTAG-1-20,tracheobronchial serous cell,"tracheobronchial serous cell

The expression of PRH1/2, PRB1-4, STATH, LPO, LTF, and PIP is characteristic of serous cells in submucosal glands of the airway, which secrete antimicrobial proteins and proline-rich proteins.",tracheobronchial serous cell,"The expression of PRH1/2, PRB1-4, STATH, LPO, LTF, and PIP is characteristic of serous cells in submucosal glands of the airway, which secrete antimicrobial proteins and proline-rich proteins.",1,1,YES,1
110058,P3_3_GTTACAGTCGCGTTTC,tracheobronchial serous cell,"serous secreting cell

The high expression of proline-rich proteins (PRH2, PRB1, PRB4, etc.), MUC7, LPO, LTF, and CRISP3 is characteristic of serous secretory cells in submucosal glands of the respiratory tract, which produce antimicrobial and protective components.",serous secreting cell,"The high expression of proline-rich proteins (PRH2, PRB1, PRB4, etc.), MUC7, LPO, LTF, and CRISP3 is characteristic of serous secretory cells in submucosal glands of the respiratory tract, which produce antimicrobial and protective components.",0,1,YES,1
157415,D339_Biop_Pro1_ACTTTCAAGCGATGAC-1-8,tracheobronchial serous cell,"tracheobronchial serous cell

The top expressed genes (PRH1, PRH2, PRB1, PRB4, STATH, MUC7, LPO, PIP, LTF, DMBT1) are classic markers of serous secretory cells in submucosal glands of the respiratory tract, producing antimicrobial and lubricating factors. This profile is distinct from goblet cells or other epithelial types.",tracheobronchial serous cell,"The top expressed genes (PRH1, PRH2, PRB1, PRB4, STATH, MUC7, LPO, PIP, LTF, DMBT1) are classic markers of serous secretory cells in submucosal glands of the respiratory tract, producing antimicrobial and lubricating factors. This profile is distinct from goblet cells or other epithelial types.",1,1,YES,1
42667,D344_Biop_Pro1_GGGTCTGGTGCTTCTC-1-12,tracheobronchial serous cell,"tracheobronchial serous cell

These genes (PRH2, PRB1, MUC7, LPO, LTF, etc.) are characteristic of serous cells in respiratory submucosal glands, which secrete antimicrobial proteins and mucins.",tracheobronchial serous cell,"These genes (PRH2, PRB1, MUC7, LPO, LTF, etc.) are characteristic of serous cells in respiratory submucosal glands, which secrete antimicrobial proteins and mucins.",1,1,YES,1
34744,TGGAGGAAGAGTATAC_SC88,tracheobronchial serous cell,"tracheobronchial serous cell
The top upregulated genes (e.g., PRH1/2, PRB1-4, LTF, LPO, DMBT1, MUC7) are hallmark secretory products of submucosal serous glands in the airway, consistent with a tracheobronchial serous cell identity.",tracheobronchial serous cell,"The top upregulated genes (e.g., PRH1/2, PRB1-4, LTF, LPO, DMBT1, MUC7) are hallmark secretory products of submucosal serous glands in the airway, consistent with a tracheobronchial serous cell identity.",1,1,YES,1
168461,D354_Biop_Pro1_CATCAAGTCCGCAGTG-1-20,tracheobronchial serous cell,"Tracheobronchial serous cell

High expression of salivary proline-rich proteins (PRB1, PRB2, PRB3, PRB4, PRH1, PRH2, STATH) and antimicrobial proteins (MUC7, LPO, LTF, DMBT1) is characteristic of serous cells in submucosal glands of the tracheobronchial tree. These cells secrete fluid rich in mucins, enzymes, and defense factors.",Tracheobronchial serous cell,"High expression of salivary proline-rich proteins (PRB1, PRB2, PRB3, PRB4, PRH1, PRH2, STATH) and antimicrobial proteins (MUC7, LPO, LTF, DMBT1) is characteristic of serous cells in submucosal glands of the tracheobronchial tree. These cells secrete fluid rich in mucins, enzymes, and defense factors.",1,1,YES,1
16033,D339_Biop_Pro1_AGCGGTCGTCGCATAT-1-8,tracheobronchial serous cell,"tracheobronchial serous cell
High expression of PRH2, PRB1, STATH, and MUC7 indicates a secretory cell producing saliva-like proteins. In the respiratory airway, this profile is characteristic of tracheobronchial serous cells, which secrete antimicrobial and lubricating factors.",tracheobronchial serous cell,"High expression of PRH2, PRB1, STATH, and MUC7 indicates a secretory cell producing saliva-like proteins. In the respiratory airway, this profile is characteristic of tracheobronchial serous cells, which secrete antimicrobial and lubricating factors.",1,1,YES,1
109871,D339_Biop_Pro1_CTGTGCTAGCAATATG-1-8,tracheobronchial serous cell,"tracheobronchial serous cell
High expression of salivary-type genes (PRH, PRB, STATH, MUC7) and antimicrobial proteins (LPO, LTF, DMBT1) indicates a serous cell of respiratory submucosal glands, which secrete protective fluids.",tracheobronchial serous cell,"High expression of salivary-type genes (PRH, PRB, STATH, MUC7) and antimicrobial proteins (LPO, LTF, DMBT1) indicates a serous cell of respiratory submucosal glands, which secrete protective fluids.",1,1,YES,1
80304,D339_Biop_Pro1_CATCAGATCCTTTACA-1-8,tracheobronchial serous cell,"tracheobronchial serous cell

High expression of salivary-type proline-rich proteins (PRH2, PRB1, PRB4, etc.), STATH, LPO, PIP, LTF, and MUC7 indicates serous secretory cells of submucosal glands in the respiratory airway.",tracheobronchial serous cell,"High expression of salivary-type proline-rich proteins (PRH2, PRB1, PRB4, etc.), STATH, LPO, PIP, LTF, and MUC7 indicates serous secretory cells of submucosal glands in the respiratory airway.",1,1,YES,1
59856,D344_Biop_Pro1_GAACGGAAGCGATAGC-1-12,tracheobronchial serous cell,"tracheobronchial serous cell
Top genes (PRH2, PRB1, STATH, MUC7, LPO, LTF, PIP, DMBT1) are characteristic of serous gland secretions, matching the tracheobronchial serous cell type in respiratory submucosal glands.",tracheobronchial serous cell,"Top genes (PRH2, PRB1, STATH, MUC7, LPO, LTF, PIP, DMBT1) are characteristic of serous gland secretions, matching the tracheobronchial serous cell type in respiratory submucosal glands.",1,1,YES,1
152897,TTGTTCAGTTAGAGAT_SC88,tracheobronchial serous cell,"tracheobronchial serous cell

High expression of proline-rich proteins (PRH2, PRB1, PRB4, PRH1, etc.) and STATH, typical of serous gland secretions, along with antimicrobial factors like LPO and LTF, indicates tracheobronchial serous cells rather than mucous or other respiratory cell types.",tracheobronchial serous cell,"High expression of proline-rich proteins (PRH2, PRB1, PRB4, PRH1, etc.) and STATH, typical of serous gland secretions, along with antimicrobial factors like LPO and LTF, indicates tracheobronchial serous cells rather than mucous or other respiratory cell types.",1,1,YES,1
129449,TGCAGATCAGAATGTA_SC88,tracheobronchial serous cell,"tracheobronchial serous cell

These genes (PRH2, PRB1, STATH, MUC7, LTF, etc.) are characteristic of serous glandular cells in the airway submucosa, which secrete antimicrobial and lubricating proteins.",tracheobronchial serous cell,"These genes (PRH2, PRB1, STATH, MUC7, LTF, etc.) are characteristic of serous glandular cells in the airway submucosa, which secrete antimicrobial and lubricating proteins.",1,1,YES,1
157826,D354_Biop_Int2_AATCGGTTCGGCGCAT-1-21,tracheobronchial serous cell,"Tracheobronchial serous cell

High expression of genes encoding salivary proline-rich proteins (PRH1/2, PRB1-4), statherin (STATH), mucin MUC7, and antimicrobial factors (LTF, LPO, PIP) is characteristic of serous cells in submucosal glands of the tracheobronchial tree, which produce saliva-like secretions.",Tracheobronchial serous cell,"High expression of genes encoding salivary proline-rich proteins (PRH1/2, PRB1-4), statherin (STATH), mucin MUC7, and antimicrobial factors (LTF, LPO, PIP) is characteristic of serous cells in submucosal glands of the tracheobronchial tree, which produce saliva-like secretions.",1,1,YES,1
37669,ATGACACGTCTCT_GRO-09_biopsy,tracheobronchial serous cell,"tracheobronchial serous cell
High expression of proline-rich proteins (PRH2, PRB1, PRB4, STATH, etc.), mucin MUC7, and antimicrobial factors (LPO, LTF, PIP) is characteristic of serous cells in respiratory submucosal glands.",tracheobronchial serous cell,"High expression of proline-rich proteins (PRH2, PRB1, PRB4, STATH, etc.), mucin MUC7, and antimicrobial factors (LPO, LTF, PIP) is characteristic of serous cells in respiratory submucosal glands.",1,1,YES,1
152776,D372_Biop_Int2_ATCATCTAGGCTACGA-1-34,tracheobronchial serous cell,"tracheobronchial serous cell
These genes (PRH2, PRB1, PRB4, STATH, MUC7, LPO, LTF, etc.) are characteristic of serous cells in submucosal glands of the respiratory airway, which secrete antimicrobial proteins and proline-rich proteins.",tracheobronchial serous cell,"These genes (PRH2, PRB1, PRB4, STATH, MUC7, LPO, LTF, etc.) are characteristic of serous cells in submucosal glands of the respiratory airway, which secrete antimicrobial proteins and proline-rich proteins.",1,1,YES,1
87884,D354_Biop_Int2_GACACGCCATCATCCC-1-21,tracheobronchial serous cell,"tracheobronchial serous cell

The top expressed genes (e.g., PRH2, PRB1, STATH, MUC7, LPO, LTF) are canonical markers of serous cells in submucosal glands of the trachea and bronchi, which secrete antimicrobial and fluid components.",tracheobronchial serous cell,"The top expressed genes (e.g., PRH2, PRB1, STATH, MUC7, LPO, LTF) are canonical markers of serous cells in submucosal glands of the trachea and bronchi, which secrete antimicrobial and fluid components.",1,1,YES,1
112108,D344_Biop_Int1_ATAAGAGGTGGTGTAG-1-13,tracheobronchial serous cell,"tracheobronchial serous cell

The top genes (PRH2, PRB1, STATH, MUC7, LPO, LTF, PIP) are characteristic of serous secretions in the respiratory tract, particularly from submucosal glands. These cells produce antimicrobial and lubricating proteins.",tracheobronchial serous cell,"The top genes (PRH2, PRB1, STATH, MUC7, LPO, LTF, PIP) are characteristic of serous secretions in the respiratory tract, particularly from submucosal glands. These cells produce antimicrobial and lubricating proteins.",1,1,YES,1
126698,D354_Biop_Int2_GCATGCGTCCCACTTG-1-21,tracheobronchial serous cell,"tracheobronchial serous cell

The top expressed genes (PRH2, PRB1, STATH, MUC7, LPO, LTF, PIP) are classic markers of serous cells found in submucosal glands of the airway. They produce antimicrobial proteins and mucins, matching the serous secretory phenotype in the respiratory tract.",tracheobronchial serous cell,"The top expressed genes (PRH2, PRB1, STATH, MUC7, LPO, LTF, PIP) are classic markers of serous cells found in submucosal glands of the airway. They produce antimicrobial proteins and mucins, matching the serous secretory phenotype in the respiratory tract.",1,1,YES,1
65177,D322_Biop_Pro1_CGAACATTCTTGCATT-1-1,tracheobronchial serous cell,"tracheobronchial serous cell
The top genes (PRH1, PRB1, STATH, MUC7, LPO, PIP) are classic markers of serous secretory cells, typically found in salivary and submucosal glands of the respiratory tract, fitting tracheobronchial serous cells.",tracheobronchial serous cell,"The top genes (PRH1, PRB1, STATH, MUC7, LPO, PIP) are classic markers of serous secretory cells, typically found in salivary and submucosal glands of the respiratory tract, fitting tracheobronchial serous cells.",1,1,YES,1
103001,D344_Biop_Int1_CTACACCAGTTAGCGG-1-13,tracheobronchial smooth muscle cell,"tracheobronchial smooth muscle cell
The top genes include smooth muscle markers (ACTA2, MYH11, TAGLN, DES, LMOD1, PLN) and pericyte/smooth muscle-associated genes (RGS5, KCNA5, CASQ2), consistent with airway smooth muscle cells in the respiratory tract.",tracheobronchial smooth muscle cell,"The top genes include smooth muscle markers (ACTA2, MYH11, TAGLN, DES, LMOD1, PLN) and pericyte/smooth muscle-associated genes (RGS5, KCNA5, CASQ2), consistent with airway smooth muscle cells in the respiratory tract.",1,1,YES,1
104948,P3_4_GGAACTTAGTGTTGAA,tracheobronchial smooth muscle cell,"tracheobronchial smooth muscle cell
The expression profile is dominated by smooth muscle markers (ACTA2, MYH11, TAGLN, DES, LMOD1, PLN, CASQ2, RGS5) indicating a contractile phenotype, consistent with airway smooth muscle.",tracheobronchial smooth muscle cell,"The expression profile is dominated by smooth muscle markers (ACTA2, MYH11, TAGLN, DES, LMOD1, PLN, CASQ2, RGS5) indicating a contractile phenotype, consistent with airway smooth muscle.",1,1,YES,1
111988,D372_Biop_Int1_ACACCCTAGGTTACCT-1-33,tracheobronchial smooth muscle cell,"tracheobronchial smooth muscle cell
High expression of smooth muscle markers (ACTA2, MYH11, TAGLN, DES, LMOD1) and calcium handling genes (PLN, CASQ2, HRC) indicates a contractile phenotype typical of airway smooth muscle.",tracheobronchial smooth muscle cell,"High expression of smooth muscle markers (ACTA2, MYH11, TAGLN, DES, LMOD1) and calcium handling genes (PLN, CASQ2, HRC) indicates a contractile phenotype typical of airway smooth muscle.",1,1,YES,1
65375,P2_6_ATGTGTGGTGGTGTAG,tracheobronchial smooth muscle cell,"tracheobronchial smooth muscle cell

High expression of smooth muscle markers (MYH11, ACTA2, TAGLN, DES, LMOD1, RGS5, PLN) indicates a smooth muscle phenotype. The respiratory airway context further specifies tracheobronchial smooth muscle cell.",tracheobronchial smooth muscle cell,"High expression of smooth muscle markers (MYH11, ACTA2, TAGLN, DES, LMOD1, RGS5, PLN) indicates a smooth muscle phenotype. The respiratory airway context further specifies tracheobronchial smooth muscle cell.",1,1,YES,1
59829,TGCCCTACAGGACCCT_GRO-10_biopsy,tracheobronchial smooth muscle cell,"tracheobronchial smooth muscle cell

The top expressed genes include smooth muscle markers ACTA2, MYH11, TAGLN, DES, LMOD1, PLN, and RGS5, indicating contractile smooth muscle cells. In the respiratory airway context, these markers define tracheobronchial smooth muscle.",tracheobronchial smooth muscle cell,"The top expressed genes include smooth muscle markers ACTA2, MYH11, TAGLN, DES, LMOD1, PLN, and RGS5, indicating contractile smooth muscle cells. In the respiratory airway context, these markers define tracheobronchial smooth muscle.",1,1,YES,1
5449,P3_4_GTTCATTCAGGGAGAG,tracheobronchial smooth muscle cell,"tracheobronchial smooth muscle cell

High expression of smooth muscle markers (ACTA2, MYH11, TAGLN, DES, LMOD1, PLN, RGS5) and the respiratory airway context indicates this is a tracheobronchial smooth muscle cell.",tracheobronchial smooth muscle cell,"High expression of smooth muscle markers (ACTA2, MYH11, TAGLN, DES, LMOD1, PLN, RGS5) and the respiratory airway context indicates this is a tracheobronchial smooth muscle cell.",1,1,YES,1
54435,P3_4_CGGACACCATCCGCGA,tracheobronchial smooth muscle cell,"tracheobronchial smooth muscle cell
Top markers (ACTA2, MYH11, TAGLN, DES, LMOD1, PLN, RGS5) are classic for contractile smooth muscle, and the respiratory airway context specifically identifies this as tracheobronchial smooth muscle cell.",tracheobronchial smooth muscle cell,"Top markers (ACTA2, MYH11, TAGLN, DES, LMOD1, PLN, RGS5) are classic for contractile smooth muscle, and the respiratory airway context specifically identifies this as tracheobronchial smooth muscle cell.",1,1,YES,1
140673,TCATTTTCTTATCT_GRO-03_biopsy,tracheobronchial smooth muscle cell,"tracheobronchial smooth muscle cell

High expression of smooth muscle markers (ACTA2, MYH11, TAGLN, DES, LMOD1, PLN, RGS5) indicates this is a smooth muscle cell. Given the respiratory airway context, the specific subtype is tracheobronchial smooth muscle cell.",tracheobronchial smooth muscle cell,"High expression of smooth muscle markers (ACTA2, MYH11, TAGLN, DES, LMOD1, PLN, RGS5) indicates this is a smooth muscle cell. Given the respiratory airway context, the specific subtype is tracheobronchial smooth muscle cell.",1,1,YES,1
153304,TATTCTCATGCAATC_GRO-04_biopsy,tracheobronchial smooth muscle cell,"tracheobronchial smooth muscle cell

The top-expressed genes include classic smooth muscle markers such as ACTA2, MYH11, TAGLN, DES, LMOD1, PLN, and RGS5. This profile is highly characteristic of smooth muscle cells, consistent with the respiratory airway context.",tracheobronchial smooth muscle cell,"The top-expressed genes include classic smooth muscle markers such as ACTA2, MYH11, TAGLN, DES, LMOD1, PLN, and RGS5. This profile is highly characteristic of smooth muscle cells, consistent with the respiratory airway context.",1,1,YES,1
167993,CCGTGGAAGACGACGT_GRO-10_biopsy,tracheobronchial smooth muscle cell,"tracheobronchial smooth muscle cell

The expression profile shows classic smooth muscle markers: ACTA2, MYH11, TAGLN, DES, LMOD1, PLN, and RGS5, which are characteristic of contractile smooth muscle cells. Given the respiratory airway context, these cells correspond to tracheobronchial smooth muscle cells.",tracheobronchial smooth muscle cell,"The expression profile shows classic smooth muscle markers: ACTA2, MYH11, TAGLN, DES, LMOD1, PLN, and RGS5, which are characteristic of contractile smooth muscle cells. Given the respiratory airway context, these cells correspond to tracheobronchial smooth muscle cells.",1,1,YES,1
66900,P3_4_TTCTCAAGTGACGCCT,tracheobronchial smooth muscle cell,"tracheobronchial smooth muscle cell

The top expressed genes include canonical smooth muscle markers such as ACTA2, MYH11, TAGLN, DES, and LMOD1, along with other muscle-associated genes like PLN, CASQ2, and RGS5. This signature is highly specific to contractile smooth muscle cells found in the airway wall, consistent with the respiratory tissue context.",tracheobronchial smooth muscle cell,"The top expressed genes include canonical smooth muscle markers such as ACTA2, MYH11, TAGLN, DES, and LMOD1, along with other muscle-associated genes like PLN, CASQ2, and RGS5. This signature is highly specific to contractile smooth muscle cells found in the airway wall, consistent with the respiratory tissue context.",1,1,YES,1
169142,CTCTGTTCCAATGGT_GRO-09_biopsy,tracheobronchial smooth muscle cell,"tracheobronchial smooth muscle cell

The top expressed genes include classic smooth muscle markers such as ACTA2, MYH11, TAGLN, DES, LMOD1, PLN, and RGS5, which are highly characteristic of airway smooth muscle cells. The tissue context (respiratory airway) further supports this identification.",tracheobronchial smooth muscle cell,"The top expressed genes include classic smooth muscle markers such as ACTA2, MYH11, TAGLN, DES, LMOD1, PLN, and RGS5, which are highly characteristic of airway smooth muscle cells. The tissue context (respiratory airway) further supports this identification.",1,1,YES,1
35400,P3_4_CGGACGTGTAATAGCA,tracheobronchial smooth muscle cell,"tracheobronchial smooth muscle cell
High expression of smooth muscle markers (ACTA2, MYH11, TAGLN, DES, LMOD1) and calcium-handling genes (PLN, CASQ2) indicates a contractile phenotype typical of airway smooth muscle cells in the respiratory tract.",tracheobronchial smooth muscle cell,"High expression of smooth muscle markers (ACTA2, MYH11, TAGLN, DES, LMOD1) and calcium-handling genes (PLN, CASQ2) indicates a contractile phenotype typical of airway smooth muscle cells in the respiratory tract.",1,1,YES,1
70946,AGCTCTCGTGAACCTT_GRO-10_biopsy,tracheobronchial smooth muscle cell,"tracheobronchial smooth muscle cell

The expression profile shows high levels of smooth muscle markers such as ACTA2, MYH11, TAGLN, DES, LMOD1, PLN, and KCNA5. Given the respiratory airway context, this indicates tracheobronchial smooth muscle cells rather than generic smooth muscle or other cell types.",tracheobronchial smooth muscle cell,"The expression profile shows high levels of smooth muscle markers such as ACTA2, MYH11, TAGLN, DES, LMOD1, PLN, and KCNA5. Given the respiratory airway context, this indicates tracheobronchial smooth muscle cells rather than generic smooth muscle or other cell types.",1,1,YES,1
127450,P3_4_ATCTACTGTGCAGGTA,tracheobronchial smooth muscle cell,"tracheobronchial smooth muscle cell
The expression profile is dominated by smooth muscle markers (ACTA2, MYH11, TAGLN, LMOD1, DES, PLN, CASQ2, RGS5), consistent with tracheobronchial smooth muscle cells in the respiratory airway.",tracheobronchial smooth muscle cell,"The expression profile is dominated by smooth muscle markers (ACTA2, MYH11, TAGLN, LMOD1, DES, PLN, CASQ2, RGS5), consistent with tracheobronchial smooth muscle cells in the respiratory airway.",1,1,YES,1
159878,CGCCAAGTTCCATGA_GRO-10_biopsy,tracheobronchial smooth muscle cell,"tracheobronchial smooth muscle cell

The top expressed genes include canonical smooth muscle markers: ACTA2, MYH11, TAGLN, LMOD1, DES, PLN, RGS5, and TNNT2. This expression profile is characteristic of smooth muscle cells in the respiratory airway. Given the tissue context, tracheobronchial smooth muscle cell is the most specific and accurate cell type.",tracheobronchial smooth muscle cell,"The top expressed genes include canonical smooth muscle markers: ACTA2, MYH11, TAGLN, LMOD1, DES, PLN, RGS5, and TNNT2. This expression profile is characteristic of smooth muscle cells in the respiratory airway. Given the tissue context, tracheobronchial smooth muscle cell is the most specific and accurate cell type.",1,1,YES,1
109476,CTCCTAAGGCCCTT_GRO-10_biopsy,tracheobronchial smooth muscle cell,"tracheobronchial smooth muscle cell
High expression of smooth muscle markers (ACTA2, MYH11, TAGLN, DES, LMOD1, PLN, RGS5, KCNA5, CASQ2) indicates contractile smooth muscle cells. Tissue context of respiratory airway further specifies tracheobronchial smooth muscle.",tracheobronchial smooth muscle cell,"High expression of smooth muscle markers (ACTA2, MYH11, TAGLN, DES, LMOD1, PLN, RGS5, KCNA5, CASQ2) indicates contractile smooth muscle cells. Tissue context of respiratory airway further specifies tracheobronchial smooth muscle.",1,1,YES,1
112132,CGAACATGTAGCAAAT_GRO-10_biopsy,tracheobronchial smooth muscle cell,"tracheobronchial smooth muscle cell
High expression of smooth muscle markers (ACTA2, MYH11, TAGLN, DES, LMOD1) and pericyte/smooth muscle-associated genes (RGS5, PLN) indicates a smooth muscle cell, specifically from the tracheobronchial tree in the airway context.",tracheobronchial smooth muscle cell,"High expression of smooth muscle markers (ACTA2, MYH11, TAGLN, DES, LMOD1) and pericyte/smooth muscle-associated genes (RGS5, PLN) indicates a smooth muscle cell, specifically from the tracheobronchial tree in the airway context.",1,1,YES,1
67927,P2_8_ACGCAGCTCCTTTACA,tracheobronchial smooth muscle cell,"tracheobronchial smooth muscle cell

The top genes include smooth muscle markers ACTA2, MYH11, TAGLN, DES, LMOD1, PLN, CASQ2, and RGS5, which are highly characteristic of airway smooth muscle. The tissue context of respiratory airway further supports this specific subtype.",tracheobronchial smooth muscle cell,"The top genes include smooth muscle markers ACTA2, MYH11, TAGLN, DES, LMOD1, PLN, CASQ2, and RGS5, which are highly characteristic of airway smooth muscle. The tissue context of respiratory airway further supports this specific subtype.",1,1,YES,1
79604,P3_3_TCAATCTGTTCGAATC,tracheobronchial smooth muscle cell,"tracheobronchial smooth muscle cell

High expression of smooth muscle markers ACTA2, MYH11, TAGLN, DES, LMOD1, and PLN indicates smooth muscle cell identity specific to the respiratory airway.",tracheobronchial smooth muscle cell,"High expression of smooth muscle markers ACTA2, MYH11, TAGLN, DES, LMOD1, and PLN indicates smooth muscle cell identity specific to the respiratory airway.",1,1,YES,1
82549,D353_Biop_Int2_TAGCCGGGTCCGTGAC-1-18,vein endothelial cell,"capillary endothelial cell

The top genes (SELE, PLVAP, ACKR1, SELP, VWF, CD34, JAM2) are classic endothelial markers, with selectins and CD34 indicating vascular endothelium rather than lymphatic. The absence of strong arterial/venous-specific markers suggests a capillary identity, which aligns with the respiratory airway context.",capillary endothelial cell,"The top genes (SELE, PLVAP, ACKR1, SELP, VWF, CD34, JAM2) are classic endothelial markers, with selectins and CD34 indicating vascular endothelium rather than lymphatic. The absence of strong arterial/venous-specific markers suggests a capillary identity, which aligns with the respiratory airway context.",0,1,NO,0
152445,D322_Biop_Pro1_TGCCCATAGCTCCTCT-1-1,vein endothelial cell,"capillary endothelial cell

The top genes (SELE, PLVAP, ACKR1, SELP, VWF, CD34, JAM2) are classic endothelial markers, especially expressed in blood capillaries and venules. In the respiratory airway, these genes are highly specific to capillary endothelial cells.",capillary endothelial cell,"The top genes (SELE, PLVAP, ACKR1, SELP, VWF, CD34, JAM2) are classic endothelial markers, especially expressed in blood capillaries and venules. In the respiratory airway, these genes are highly specific to capillary endothelial cells.",0,1,NO,0
34895,TACTCGCCAACGATCT_GRO-10_biopsy,vein endothelial cell,"capillary endothelial cell
The genes (SELE, PLVAP, ACKR1, SELP, VWF, CD34) are classic vascular endothelial markers, with PLVAP and ACKR1 highly specific to capillary endothelium in the respiratory airway. This profile excludes lymphatic, arterial, or venous subtypes.",capillary endothelial cell,"The genes (SELE, PLVAP, ACKR1, SELP, VWF, CD34) are classic vascular endothelial markers, with PLVAP and ACKR1 highly specific to capillary endothelium in the respiratory airway. This profile excludes lymphatic, arterial, or venous subtypes.",0,1,NO,0
83692,D372_Biop_Int2_GCATGTAAGGTGATTA-1-34,vein endothelial cell,"capillary endothelial cell

The top expressed genes include classic endothelial markers such as SELE, PLVAP, ACKR1, SELP, VWF, CD34, JAM2, and ADGRL4, indicating a blood vascular endothelial identity. Given the respiratory airway tissue context, these markers are consistent with capillary endothelial cells.",capillary endothelial cell,"The top expressed genes include classic endothelial markers such as SELE, PLVAP, ACKR1, SELP, VWF, CD34, JAM2, and ADGRL4, indicating a blood vascular endothelial identity. Given the respiratory airway tissue context, these markers are consistent with capillary endothelial cells.",0,1,NO,0
48328,ATCTAGAGATGCCTT_GRO-10_biopsy,vein endothelial cell,"capillary endothelial cell

The expression profile is dominated by endothelial markers: SELE, SELP, VWF, ACKR1, PLVAP, CD34, JAM2, and ADGRL4. In the respiratory airway, these genes are typical of capillary endothelial cells, which line the alveolar capillaries. The presence of ACKR1 and PLVAP further supports a capillary identity rather than larger vessel endothelial cells.",capillary endothelial cell,"The expression profile is dominated by endothelial markers: SELE, SELP, VWF, ACKR1, PLVAP, CD34, JAM2, and ADGRL4. In the respiratory airway, these genes are typical of capillary endothelial cells, which line the alveolar capillaries. The presence of ACKR1 and PLVAP further supports a capillary identity rather than larger vessel endothelial cells.",0,1,NO,0
35472,TAAGAGATCACATAGC_GRO-09_biopsy,vein endothelial cell,"vein endothelial cell
The top expressed genes include classic blood vascular endothelial markers such as SELE, PLVAP, ACKR1, SELP, VWF, and CD34, with ACKR1 typically enriched in venules, indicating a vein endothelial cell identity.",vein endothelial cell,"The top expressed genes include classic blood vascular endothelial markers such as SELE, PLVAP, ACKR1, SELP, VWF, and CD34, with ACKR1 typically enriched in venules, indicating a vein endothelial cell identity.",1,1,YES,1
90991,AGTCTTTAGTGTAC_GRO-07_biopsy,vein endothelial cell,"capillary endothelial cell

The top expressed genes (SELE, PLVAP, ACKR1, VWF, CD34, JAM2, SELP) are classic markers of capillary endothelial cells, which line small blood vessels in the respiratory airway and regulate vascular permeability and leukocyte trafficking.",capillary endothelial cell,"The top expressed genes (SELE, PLVAP, ACKR1, VWF, CD34, JAM2, SELP) are classic markers of capillary endothelial cells, which line small blood vessels in the respiratory airway and regulate vascular permeability and leukocyte trafficking.",0,1,NO,0
126192,D372_Biop_Int1_CGCTGGACATTACCTT-1-33,vein endothelial cell,"capillary endothelial cell

The top expressed genes (SELE, PLVAP, ACKR1, VWF, CD34, SELP) are classic markers of vascular endothelial cells, particularly capillaries. In the respiratory airway, this profile matches capillary endothelial cells.",capillary endothelial cell,"The top expressed genes (SELE, PLVAP, ACKR1, VWF, CD34, SELP) are classic markers of vascular endothelial cells, particularly capillaries. In the respiratory airway, this profile matches capillary endothelial cells.",0,1,NO,0
10065,D326_Biop_Pro1_GACTACATCATCATTC-1-3,vein endothelial cell,"capillary endothelial cell
The top expressed genes (SELE, PLVAP, ACKR1, VWF, CD34) are classic markers of vascular endothelial cells, particularly in capillaries. These genes mediate leukocyte adhesion, chemokine capture, and vascular permeability, aligning with capillary endothelium in the respiratory airway.",capillary endothelial cell,"The top expressed genes (SELE, PLVAP, ACKR1, VWF, CD34) are classic markers of vascular endothelial cells, particularly in capillaries. These genes mediate leukocyte adhesion, chemokine capture, and vascular permeability, aligning with capillary endothelium in the respiratory airway.",0,1,NO,0
83497,CACCACTGTTTGTTTC_GRO-10_biopsy,vein endothelial cell,"capillary endothelial cell

The top expressed genes (SELE, PLVAP, ACKR1, SELP, VWF, CD34, JAM2) are characteristic of vascular endothelial cells, particularly capillary endothelium in the respiratory airway. These markers are not typical of lymphatic, arterial, or venous endothelium alone, and are distinct from other airway cell types.",capillary endothelial cell,"The top expressed genes (SELE, PLVAP, ACKR1, SELP, VWF, CD34, JAM2) are characteristic of vascular endothelial cells, particularly capillary endothelium in the respiratory airway. These markers are not typical of lymphatic, arterial, or venous endothelium alone, and are distinct from other airway cell types.",0,1,NO,0
32428,CGCTATCGTGCTGTAT_GRO-10_biopsy,vein endothelial cell,"capillary endothelial cell

The top genes (SELE, PLVAP, ACKR1, VWF, CD34) are classic blood endothelial markers. The profile lacks lymphatic-specific genes (e.g., LYVE1, PROX1) and markers for other lung cell types, identifying this as a capillary endothelial cell in the respiratory airway.",capillary endothelial cell,"The top genes (SELE, PLVAP, ACKR1, VWF, CD34) are classic blood endothelial markers. The profile lacks lymphatic-specific genes (e.g., LYVE1, PROX1) and markers for other lung cell types, identifying this as a capillary endothelial cell in the respiratory airway.",0,1,NO,0
60121,AGCAATCCGTTGCT_GRO-11_biopsy,vein endothelial cell,"capillary endothelial cell

The top genes (SELE, PLVAP, ACKR1, SELP, VWF, CD34) are classic markers for vascular endothelial cells, particularly capillaries in the respiratory tract, indicating a capillary endothelial cell identity.",capillary endothelial cell,"The top genes (SELE, PLVAP, ACKR1, SELP, VWF, CD34) are classic markers for vascular endothelial cells, particularly capillaries in the respiratory tract, indicating a capillary endothelial cell identity.",0,1,NO,0
3958,CTCGGAGTCCTAGAAC_GRO-10_biopsy,vein endothelial cell,"capillary endothelial cell

The top expressed genes include known endothelial markers such as SELE, PLVAP, ACKR1, SELP, VWF, CD34, and JAM2. This profile is characteristic of blood vascular endothelial cells, and the presence of PLVAP and ACKR1, along with the respiratory airway context, specifically indicates capillary endothelial cells.",capillary endothelial cell,"The top expressed genes include known endothelial markers such as SELE, PLVAP, ACKR1, SELP, VWF, CD34, and JAM2. This profile is characteristic of blood vascular endothelial cells, and the presence of PLVAP and ACKR1, along with the respiratory airway context, specifically indicates capillary endothelial cells.",0,1,NO,0
17307,D339_Biop_Int1_CTAGTGAAGATGTTAG-1-9,vein endothelial cell,"capillary endothelial cell
Top markers include SELE, PLVAP, ACKR1, SELP, VWF, CD34, JAM2, and ADGRL4, which are characteristic of vascular endothelial cells. In the respiratory airway, these genes are highly expressed in lung capillary endothelium, supporting capillary endothelial cell identity.",capillary endothelial cell,"Top markers include SELE, PLVAP, ACKR1, SELP, VWF, CD34, JAM2, and ADGRL4, which are characteristic of vascular endothelial cells. In the respiratory airway, these genes are highly expressed in lung capillary endothelium, supporting capillary endothelial cell identity.",0,1,NO,0
168758,D372_Biop_Int2_GAAATGATCGGACAAG-1-34,vein endothelial cell,"vein endothelial cell
The top genes (SELE, PLVAP, ACKR1, SELP, VWF, CD34) are hallmark markers of vascular endothelium, with ACKR1 and selectins strongly indicating venular endothelium, consistent with vein endothelial cells in the respiratory airway.",vein endothelial cell,"The top genes (SELE, PLVAP, ACKR1, SELP, VWF, CD34) are hallmark markers of vascular endothelium, with ACKR1 and selectins strongly indicating venular endothelium, consistent with vein endothelial cells in the respiratory airway.",1,1,YES,1
59078,P3_2_CACCAGGTCATACGGT,vein endothelial cell,"capillary endothelial cell

The top genes (SELE, PLVAP, ACKR1, SELP, VWF, CD34, JAM2) are classic endothelial cell markers, with PLVAP and ACKR1 particularly enriched in capillary endothelium. The respiratory airway context further supports this identity.",capillary endothelial cell,"The top genes (SELE, PLVAP, ACKR1, SELP, VWF, CD34, JAM2) are classic endothelial cell markers, with PLVAP and ACKR1 particularly enriched in capillary endothelium. The respiratory airway context further supports this identity.",0,1,NO,0
165268,CTCGTACGTCGCGAAA_GRO-03_biopsy,vein endothelial cell,"capillary endothelial cell
The top genes include endothelial markers SELE, PLVAP, ACKR1, SELP, VWF, CD34, and JAM2. PLVAP is highly specific to lung capillary endothelium, making capillary endothelial cell the best match.",capillary endothelial cell,"The top genes include endothelial markers SELE, PLVAP, ACKR1, SELP, VWF, CD34, and JAM2. PLVAP is highly specific to lung capillary endothelium, making capillary endothelial cell the best match.",0,1,NO,0
42086,D372_Biop_Int1_AGCAGCCAGAAGGTGA-1-33,vein endothelial cell,"capillary endothelial cell
The gene expression profile (SELE, PLVAP, ACKR1, VWF, CD34) strongly indicates vascular endothelial origin, with PLVAP and VWF particularly characteristic of capillary endothelium in the lung.",capillary endothelial cell,"The gene expression profile (SELE, PLVAP, ACKR1, VWF, CD34) strongly indicates vascular endothelial origin, with PLVAP and VWF particularly characteristic of capillary endothelium in the lung.",0,1,NO,0
130547,D353_Biop_Int2_ATTTCTGCATTACGAC-1-18,vein endothelial cell,"capillary endothelial cell

These genes (SELE, PLVAP, ACKR1, VWF, CD34) are canonical endothelial markers; PLVAP and ACKR1 are particularly enriched in lung capillary endothelium, matching the respiratory airway context.",capillary endothelial cell,"These genes (SELE, PLVAP, ACKR1, VWF, CD34) are canonical endothelial markers; PLVAP and ACKR1 are particularly enriched in lung capillary endothelium, matching the respiratory airway context.",0,1,NO,0
101809,CTAAGACGTCCATGAT_GRO-10_biopsy,vein endothelial cell,"capillary endothelial cell
The top genes (SELE, PLVAP, ACKR1, VWF, CD34, JAM2, ADGRL4) are classic markers of blood endothelial cells, particularly capillary endothelium. PLVAP and ACKR1 are highly specific to capillary endothelia in the lung, while SELE and SELP indicate activated endothelial status.",capillary endothelial cell,"The top genes (SELE, PLVAP, ACKR1, VWF, CD34, JAM2, ADGRL4) are classic markers of blood endothelial cells, particularly capillary endothelium. PLVAP and ACKR1 are highly specific to capillary endothelia in the lung, while SELE and SELP indicate activated endothelial status.",0,1,NO,0
