backend,model,provider,input_tokens,output_tokens,total_tokens,cached_input_tokens,reasoning_tokens,audio_input_tokens,audio_output_tokens,recorded_at_unix,attempt,total_attempts,attempt_status,will_retry,duration_ms,response_chars,step,phase,cell_idx,cell_barcode
DeepSeekBackend,deepseek-v4-flash,deepseek,1123,184,1307,0,126,,,1785135032.4158828,1,4,success,False,3092,160,stage1_annotation,annotation,126676,E2L6_ACTGTGAAGAGTTCGG
DeepSeekBackend,deepseek-v4-flash,deepseek,1133,304,1437,0,232,,,1785135033.1476853,1,4,success,False,3935,246,stage1_annotation,annotation,147689,E2L7_TCGCACTTCACTTCTA
DeepSeekBackend,deepseek-v4-flash,deepseek,1137,202,1339,0,199,,,1785135033.1547108,1,4,success,False,3853,3,stage1_annotation,annotation,116772,E2L5_CAGGCCACATAACGGG
DeepSeekBackend,deepseek-v4-flash,deepseek,1126,281,1407,0,228,,,1785135033.3242347,1,4,success,False,4012,150,stage1_annotation,annotation,89523,E2L2_TGTACAGAGCGACTAG
DeepSeekBackend,deepseek-v4-flash,deepseek,1126,294,1420,0,220,,,1785135033.4085705,1,4,success,False,4188,230,stage1_annotation,annotation,98402,E2L3_GTTACAGGTTAGGAGC
DeepSeekBackend,deepseek-v4-flash,deepseek,1126,279,1405,0,225,,,1785135033.5180562,1,4,success,False,4263,139,stage1_annotation,annotation,154256,E2L8_CGAGTTAAGCTCCATA
DeepSeekBackend,deepseek-v4-flash,deepseek,1125,275,1400,0,214,,,1785135033.6570456,1,4,success,False,4365,206,stage1_annotation,annotation,39262,L4_AACAAAGGTACGAAAT
DeepSeekBackend,deepseek-v4-flash,deepseek,1126,345,1471,0,283,,,1785135033.8050225,1,4,success,False,4536,203,stage1_annotation,annotation,25410,L2_TGCGGGTCACCCTCTA
DeepSeekBackend,deepseek-v4-flash,deepseek,1130,313,1443,0,226,,,1785135033.8544707,1,4,success,False,4579,279,stage1_annotation,annotation,148054,E2L7_TGAATCGGTGGTGATG
DeepSeekBackend,deepseek-v4-flash,deepseek,1129,289,1418,0,227,,,1785135033.9637187,1,4,success,False,4681,219,stage1_annotation,annotation,14943,L2_ACGTTCCCAGGTCCGT
DeepSeekBackend,deepseek-v4-flash,deepseek,1135,362,1497,0,286,,,1785135034.225712,1,4,success,False,4954,227,stage1_annotation,annotation,87907,E2L2_TCAGCAAAGAACAAGG
DeepSeekBackend,deepseek-v4-flash,deepseek,1127,419,1546,0,337,,,1785135034.4236002,1,4,success,False,5161,241,stage1_annotation,annotation,132693,E2L6_GCTTGGGCAAGTGCAG
DeepSeekBackend,deepseek-v4-flash,deepseek,1142,490,1632,0,404,,,1785135034.7570379,1,4,success,False,5449,267,stage1_annotation,annotation,81561,E2L2_CAATCGAGTTGGGTAG
DeepSeekBackend,deepseek-v4-flash,deepseek,1136,621,1757,0,533,,,1785135036.3967128,1,4,success,False,7167,292,stage1_annotation,annotation,143579,E2L7_GAAGAATTCTATCGTT
DeepSeekBackend,deepseek-v4-flash,deepseek,1129,639,1768,0,581,,,1785135037.3369024,1,4,success,False,8048,178,stage1_annotation,annotation,109653,E2L4_GTCGAATGTGGTCTCG
DeepSeekBackend,deepseek-v4-flash,deepseek,1132,295,1427,0,292,,,1785135037.5691884,1,4,success,False,4403,7,stage1_annotation,annotation,16239,L2_ATCACGATCAGCTTGA
DeepSeekBackend,deepseek-v4-flash,deepseek,1115,299,1414,0,250,,,1785135038.1780243,1,4,success,False,3943,165,stage1_annotation,annotation,114352,E2L5_ACCTGTCCACGCGCAT
DeepSeekBackend,deepseek-v4-flash,deepseek,1123,325,1448,0,247,,,1785135038.470149,1,4,success,False,4941,276,stage1_annotation,annotation,132238,E2L6_GCACATAGTGGATACG
DeepSeekBackend,deepseek-v4-flash,deepseek,1131,507,1638,0,420,,,1785135038.635153,1,4,success,False,6213,288,stage1_annotation,annotation,120045,E2L5_GCAGTTACAACGGCTC
DeepSeekBackend,deepseek-v4-flash,deepseek,1118,404,1522,0,343,,,1785135039.0062044,1,4,success,False,5140,177,stage1_annotation,annotation,91168,E2L3_AATTCCTCAGTCCCGA
DeepSeekBackend,deepseek-v4-flash,deepseek,1128,824,1952,0,775,,,1785135039.1639903,1,4,success,False,9845,170,stage1_annotation,annotation,18250,L2_CCGGACAAGTTGCGCC
DeepSeekBackend,deepseek-v4-flash,deepseek,1132,659,1791,0,656,,,1785135042.310541,1,4,success,False,8337,7,stage1_annotation,annotation,44845,L4_CTCATTACAAGCCCAC
DeepSeekBackend,deepseek-v4-flash,deepseek,1116,473,1589,0,403,,,1785135043.7362454,1,4,success,False,6388,250,stage1_annotation,annotation,9912,L1_TAACTTCAGCTCAGAG
DeepSeekBackend,deepseek-v4-flash,deepseek,1133,428,1561,0,348,,,1785135044.3825328,1,4,success,False,5902,275,stage1_annotation,annotation,128449,E2L6_CAACAGTGTATCCTCC
DeepSeekBackend,deepseek-v4-flash,deepseek,1119,439,1558,0,366,,,1785135044.8276303,1,4,success,False,6639,248,stage1_annotation,annotation,157192,E2L8_GGGTAGATCTGGAAGG
DeepSeekBackend,deepseek-v4-flash,deepseek,1132,756,1888,0,651,,,1785135045.189976,1,4,success,False,8775,386,stage1_annotation,annotation,78043,E2L1_TTCGATTTCCCAATAG
DeepSeekBackend,deepseek-v4-flash,deepseek,1134,903,2037,0,828,,,1785135046.764327,1,4,success,False,12331,248,stage1_annotation,annotation,34925,L3_GTATTGGAGCCTGTCG
DeepSeekBackend,deepseek-v4-flash,deepseek,1130,1201,2331,0,1121,,,1785135048.0718622,1,4,success,False,14911,281,stage1_annotation,annotation,129695,E2L6_CCGGTAGGTGGTCTAT
DeepSeekBackend,deepseek-v4-flash,deepseek,1136,1530,2666,0,1527,,,1785135048.4545906,1,4,success,False,19155,3,stage1_annotation,annotation,137078,E2L6_TTCCGGTAGTGTAGTA
DeepSeekBackend,deepseek-v4-flash,deepseek,1126,1315,2441,0,1312,,,1785135050.091117,1,4,success,False,16423,8,stage1_annotation,annotation,122133,E2L5_TAATCTCCATAACGGG
DeepSeekBackend,deepseek-v4-flash,deepseek,1124,639,1763,0,543,,,1785135050.6933427,1,4,success,False,8372,364,stage1_annotation,annotation,72013,E2L1_CTCAAGACAATCTGCA
DeepSeekBackend,deepseek-v4-flash,deepseek,1125,1351,2476,0,1236,,,1785135050.7970912,1,4,success,False,17463,424,stage1_annotation,annotation,147908,E2L7_TCTCACGGTCTAGGTT
DeepSeekBackend,deepseek-v4-flash,deepseek,1123,915,2038,0,910,,,1785135050.805814,1,4,success,False,11632,11,stage1_annotation,annotation,26617,L2_TTGGATGTCAGCTCTC
DeepSeekBackend,deepseek-v4-flash,deepseek,1133,1959,3092,0,1899,,,1785135052.7636826,1,4,success,False,23450,200,stage1_annotation,annotation,65516,L5_TGCTTGCCACGCGTCA
DeepSeekBackend,deepseek-v4-flash,deepseek,1129,1223,2352,0,1140,,,1785135054.2604387,1,4,success,False,16680,271,stage1_annotation,annotation,98462,E2L3_GTTATGGCACCAACAT
DeepSeekBackend,deepseek-v4-flash,deepseek,1127,851,1978,0,781,,,1785135055.0418217,1,4,success,False,10202,233,stage1_annotation,annotation,83842,E2L2_CTCTGGTCACGGCTAC
DeepSeekBackend,deepseek-v4-flash,deepseek,1133,1676,2809,0,1673,,,1785135055.269468,1,4,success,False,21455,8,stage1_annotation,annotation,37598,L3_TGATTTCCATTCTGTT
DeepSeekBackend,deepseek-v4-flash,deepseek,1127,1414,2541,0,1411,,,1785135055.5579298,1,4,success,False,16545,8,stage1_annotation,annotation,79677,E2L2_ACTCTCGGTACAGTTC
DeepSeekBackend,deepseek-v4-flash,deepseek,1125,779,1904,0,701,,,1785135056.512359,1,4,success,False,9736,274,stage1_annotation,annotation,138823,E2L7_ACTATGGCAGCTGAAG
DeepSeekBackend,deepseek-v4-flash,deepseek,1135,1107,2242,0,1104,,,1785135056.756815,1,4,success,False,13006,8,stage1_annotation,annotation,117816,E2L5_CGAAGTTGTTCGGACC
DeepSeekBackend,deepseek-v4-flash,deepseek,1119,707,1826,0,637,,,1785135057.0928032,1,4,success,False,9009,241,stage1_annotation,annotation,66327,L5_TTCCAATAGGTGGCTA
DeepSeekBackend,deepseek-v4-flash,deepseek,1126,1548,2674,0,1545,,,1785135057.866425,1,4,success,False,19221,8,stage1_annotation,annotation,104820,E2L4_CAATCGATCTTCGTGC
DeepSeekBackend,deepseek-v4-flash,deepseek,1128,1289,2417,0,1286,,,1785135058.5659208,1,4,success,False,14170,8,stage1_annotation,annotation,135908,E2L6_TCTGTCGTCGCTGTTC
DeepSeekBackend,deepseek-v4-flash,deepseek,1126,834,1960,0,831,,,1785135058.9171922,1,4,success,False,10452,8,stage1_annotation,annotation,112953,E2L4_TTCCTTCCACTGCGAC
DeepSeekBackend,deepseek-v4-flash,deepseek,1121,2521,3642,0,2405,,,1785135059.6178405,1,4,success,False,30292,406,stage1_annotation,annotation,139354,E2L7_AGCTCAATCGCCTATC
DeepSeekBackend,deepseek-v4-flash,deepseek,1128,714,1842,0,711,,,1785135060.1923206,1,4,success,False,9383,8,stage1_annotation,annotation,75176,E2L1_GTTATGGAGTATGACA
DeepSeekBackend,deepseek-v4-flash,deepseek,1126,319,1445,0,239,,,1785135061.4020774,1,4,success,False,4301,283,stage1_annotation,annotation,99957,E2L3_TCGCTTGAGTGATTCC
DeepSeekBackend,deepseek-v4-flash,deepseek,1129,2262,3391,0,2182,,,1785135062.3938367,1,4,success,False,27625,274,stage1_annotation,annotation,130162,E2L6_CGCCAGAAGAAAGCGA
DeepSeekBackend,deepseek-v4-flash,deepseek,1124,802,1926,0,799,,,1785135062.9910164,1,4,success,False,10215,8,stage1_annotation,annotation,139030,E2L7_AGAACAATCTAAGGAA
DeepSeekBackend,deepseek-v4-flash,deepseek,1127,2758,3885,0,2680,,,1785135063.2419958,1,4,success,False,33926,263,stage1_annotation,annotation,81589,E2L2_CACAACAGTGCAATAA
DeepSeekBackend,deepseek-v4-flash,deepseek,1128,275,1403,0,217,,,1785135063.309154,1,4,success,False,3683,190,stage1_annotation,annotation,98389,E2L3_GTGTTCCCAGACCAAG
DeepSeekBackend,deepseek-v4-flash,deepseek,1126,527,1653,0,524,,,1785135063.6489432,1,4,success,False,7126,8,stage1_annotation,annotation,153348,E2L8_CATCGGGTCCCAGTGG
DeepSeekBackend,deepseek-v4-flash,deepseek,1134,785,1919,0,696,,,1785135063.784442,1,4,success,False,9513,294,stage1_annotation,annotation,105380,E2L4_CATGCAATCCGTGCGA
DeepSeekBackend,deepseek-v4-flash,deepseek,1118,1531,2649,0,1426,,,1785135063.9556544,1,4,success,False,18753,394,stage1_annotation,annotation,148133,E2L7_TGAGCATTCAATCTTC
DeepSeekBackend,deepseek-v4-flash,deepseek,1126,499,1625,0,429,,,1785135064.274607,1,4,success,False,6400,254,stage1_annotation,annotation,15125,L2_ACTTCGCCAGCAGGAT
DeepSeekBackend,deepseek-v4-flash,deepseek,1127,249,1376,0,246,,,1785135065.060574,1,4,success,False,3650,7,stage1_annotation,annotation,100034,E2L3_TCGTAGATCCTAAACG
DeepSeekBackend,deepseek-v4-flash,deepseek,1128,2361,3489,0,2295,,,1785135065.1743314,1,4,success,False,31756,261,stage1_annotation,annotation,93977,E2L3_CATGCAAGTCACCACG
DeepSeekBackend,deepseek-v4-flash,deepseek,1121,445,1566,0,369,,,1785135065.4874878,1,4,success,False,6562,277,stage1_annotation,annotation,59582,L5_GAAGGACGTAGAATGT
DeepSeekBackend,deepseek-v4-flash,deepseek,1132,902,2034,0,899,,,1785135065.8317757,1,4,success,False,10263,8,stage1_annotation,annotation,140762,E2L7_CAATACGTCTACGGGC
DeepSeekBackend,deepseek-v4-flash,deepseek,1131,1097,2228,0,1034,,,1785135067.0272417,1,4,success,False,11975,220,stage1_annotation,annotation,120072,E2L5_GCATCTCCATAGTCGT
DeepSeekBackend,deepseek-v4-flash,deepseek,1129,813,1942,0,742,,,1785135067.5130775,1,4,success,False,8939,218,stage1_annotation,annotation,17489,L2_CAGGCCAAGTCAATCC
DeepSeekBackend,deepseek-v4-flash,deepseek,1126,345,1471,0,273,,,1785135067.575761,1,4,success,False,4322,249,stage1_annotation,annotation,21811,L2_GGGACCTCAGAAACCG
DeepSeekBackend,deepseek-v4-flash,deepseek,1126,352,1478,0,278,,,1785135068.6159434,1,4,success,False,4820,271,stage1_annotation,annotation,109651,E2L4_GTCGAATCACTCCTGT
DeepSeekBackend,deepseek-v4-flash,deepseek,1129,515,1644,0,433,,,1785135069.3114905,1,4,success,False,6307,318,stage1_annotation,annotation,133057,E2L6_GGGCGTTGTCGCACAC
DeepSeekBackend,deepseek-v4-flash,deepseek,1124,1536,2660,0,1533,,,1785135069.43238,1,4,success,False,18615,8,stage1_annotation,annotation,130769,E2L6_CTCATCGAGGATTTGA
DeepSeekBackend,deepseek-v4-flash,deepseek,1123,414,1537,0,411,,,1785135069.4393451,1,4,success,False,5475,7,stage1_annotation,annotation,112127,E2L4_TGCATCCTCCCAGCGA
DeepSeekBackend,deepseek-v4-flash,deepseek,1125,1082,2207,0,989,,,1785135069.7518735,1,4,success,False,12988,371,stage1_annotation,annotation,89331,E2L2_TGGATCAGTCATATGC
DeepSeekBackend,deepseek-v4-flash,deepseek,1124,763,1887,0,698,,,1785135069.9584198,1,4,success,False,9758,246,stage1_annotation,annotation,48077,L4_GTCTGTCAGGAACGAA
DeepSeekBackend,deepseek-v4-flash,deepseek,1124,348,1472,0,275,,,1785135070.0704901,1,4,success,False,4571,285,stage1_annotation,annotation,141644,E2L7_CCATAAGAGTTGTCAC
DeepSeekBackend,deepseek-v4-flash,deepseek,1127,550,1677,0,457,,,1785135070.3307233,1,4,success,False,7011,365,stage1_annotation,annotation,105202,E2L4_CAGTTCCCAGGACTAG
DeepSeekBackend,deepseek-v4-flash,deepseek,1133,666,1799,0,583,,,1785135070.5237243,1,4,success,False,8119,260,stage1_annotation,annotation,101286,E2L3_TTCATTGGTTGTAAAG
DeepSeekBackend,deepseek-v4-flash,deepseek,1136,460,1596,0,368,,,1785135070.7669206,1,4,success,False,5695,329,stage1_annotation,annotation,81675,E2L2_CACGAATCACCTGAAT
DeepSeekBackend,deepseek-v4-flash,deepseek,1118,489,1607,0,403,,,1785135070.8705459,1,4,success,False,7213,296,stage1_annotation,annotation,128376,E2L6_ATTTACCCACGAAGAC
DeepSeekBackend,deepseek-v4-flash,deepseek,1116,284,1400,0,219,,,1785135071.2061043,1,4,success,False,3619,206,stage1_annotation,annotation,31366,L3_CCTCTAGAGCGAGTAC
DeepSeekBackend,deepseek-v4-flash,deepseek,1119,1731,2850,0,1648,,,1785135071.3096058,1,4,success,False,20605,263,stage1_annotation,annotation,122062,E2L5_TAACTTCGTAATACCC
DeepSeekBackend,deepseek-v4-flash,deepseek,1120,1439,2559,0,1436,,,1785135071.5529218,1,4,success,False,16272,7,stage1_annotation,annotation,89387,E2L2_TGGGATTTCTCATGCC
DeepSeekBackend,deepseek-v4-flash,deepseek,1123,358,1481,0,275,,,1785135071.9323184,1,4,success,False,4895,270,stage1_annotation,annotation,26671,L2_TTGGTTTGTTAGGGTG
DeepSeekBackend,deepseek-v4-flash,deepseek,1115,393,1508,0,325,,,1785135072.5055444,1,4,success,False,4981,186,stage1_annotation,annotation,23889,L2_TCAATCTCAGGTTTAC
DeepSeekBackend,deepseek-v4-flash,deepseek,1132,233,1365,0,229,,,1785135073.6474204,1,4,success,False,2866,9,stage1_annotation,annotation,113367,E2L4_TTTCGATAGCTAGAAT
DeepSeekBackend,deepseek-v4-flash,deepseek,1119,390,1509,0,386,,,1785135073.862809,1,4,success,False,4412,9,stage1_annotation,annotation,60803,L5_GCGATCGAGTCACAGG
DeepSeekBackend,deepseek-v4-flash,deepseek,1128,311,1439,0,237,,,1785135073.9450104,1,4,success,False,4183,256,stage1_annotation,annotation,82943,E2L2_CGAGAAGTCGCCTATC
DeepSeekBackend,deepseek-v4-flash,deepseek,1125,755,1880,0,668,,,1785135073.9583051,1,4,success,False,9671,284,stage1_annotation,annotation,114169,E2L5_ACAGCCGTCGAACCTA
DeepSeekBackend,deepseek-v4-flash,deepseek,1116,420,1536,0,416,,,1785135074.1208305,1,4,success,False,4797,9,stage1_annotation,annotation,4544,L1_CCCATTGCAACTTGCA
DeepSeekBackend,deepseek-v4-flash,deepseek,1116,736,1852,0,733,,,1785135074.427862,1,4,success,False,9236,7,stage1_annotation,annotation,99108,E2L3_TATCAGGGTATCGGTT
DeepSeekBackend,deepseek-v4-flash,deepseek,1137,434,1571,0,347,,,1785135074.4885776,1,4,success,False,5044,248,stage1_annotation,annotation,121753,E2L5_GTGTGATGTTCGGTAT
DeepSeekBackend,deepseek-v4-flash,deepseek,1133,360,1493,0,257,,,1785135074.6127856,1,4,success,False,4272,342,stage1_annotation,annotation,97268,E2L3_GGCGTCATCTTGCGCT
DeepSeekBackend,deepseek-v4-flash,deepseek,1133,717,1850,0,633,,,1785135074.650682,1,4,success,False,8808,243,stage1_annotation,annotation,86240,E2L2_GTAGATCAGGTCGTCC
DeepSeekBackend,deepseek-v4-flash,deepseek,1111,272,1383,0,210,,,1785135074.828357,1,4,success,False,3265,184,stage1_annotation,annotation,17322,L2_CACTGAACAGGGCTTC
DeepSeekBackend,deepseek-v4-flash,deepseek,1118,2084,3202,0,2081,,,1785135075.1155224,1,4,success,False,25015,8,stage1_annotation,annotation,42957,L4_CAGTTAGAGCGACCCT
DeepSeekBackend,deepseek-v4-flash,deepseek,1128,366,1494,0,362,,,1785135075.234299,1,4,success,False,4701,9,stage1_annotation,annotation,161156,E2L8_TTCATGTCATACCAGT
DeepSeekBackend,deepseek-v4-flash,deepseek,1128,721,1849,0,630,,,1785135075.5831618,1,4,success,False,6958,257,stage1_annotation,annotation,74756,E2L1_GTCGTTCAGTAGACAT
DeepSeekBackend,deepseek-v4-flash,deepseek,1128,443,1571,0,360,,,1785135075.8939269,1,4,success,False,5014,273,stage1_annotation,annotation,134858,E2L6_TATCTTGAGTTTGCTG
DeepSeekBackend,deepseek-v4-flash,deepseek,1120,481,1601,0,397,,,1785135076.35555,1,4,success,False,6276,286,stage1_annotation,annotation,117989,E2L5_CGCCAGAGTATGATCC
DeepSeekBackend,deepseek-v4-flash,deepseek,1129,439,1568,0,357,,,1785135077.027657,1,4,success,False,5084,233,stage1_annotation,annotation,76477,E2L1_TCCTTCTAGGGTCACA
DeepSeekBackend,deepseek-v4-flash,deepseek,1128,466,1594,0,385,,,1785135077.1109383,1,4,success,False,5894,284,stage1_annotation,annotation,75166,E2L1_GTTAGTGCAGCGACCT
DeepSeekBackend,deepseek-v4-flash,deepseek,1125,274,1399,0,192,,,1785135077.39379,1,4,success,False,3521,294,stage1_annotation,annotation,20242,L2_GAATCACAGTGCACAG
DeepSeekBackend,deepseek-v4-flash,deepseek,1125,487,1612,0,378,,,1785135077.4108753,1,4,success,False,6091,378,stage1_annotation,annotation,89449,E2L2_TGGTAGTCAGCTGTAT
DeepSeekBackend,deepseek-v4-flash,deepseek,1121,367,1488,0,303,,,1785135077.8274047,1,4,success,False,4170,172,stage1_annotation,annotation,130491,E2L6_CGTTGGGTCTCCTGCA
DeepSeekBackend,deepseek-v4-flash,deepseek,1114,336,1450,0,333,,,1785135078.0606604,1,4,success,False,4089,8,stage1_annotation,annotation,118496,E2L5_CTCAATTTCGTCAAAC
DeepSeekBackend,deepseek-v4-flash,deepseek,1118,679,1797,0,600,,,1785135078.3781354,1,4,success,False,8410,284,stage1_annotation,annotation,63405,L5_TAGCACAGTATAGGGC
DeepSeekBackend,deepseek-v4-flash,deepseek,1119,345,1464,0,342,,,1785135078.5805783,1,4,success,False,4448,8,stage1_annotation,annotation,13748,L1_TTTGTTGCAGCGAGTA
DeepSeekBackend,deepseek-v4-flash,deepseek,1115,495,1610,0,418,,,1785135079.9703598,1,4,success,False,6015,245,stage1_annotation,annotation,111605,E2L4_TCGTAGAAGAGAATCT
DeepSeekBackend,deepseek-v4-flash,deepseek,1117,459,1576,0,417,,,1785135081.3649096,1,4,success,False,5463,178,stage1_annotation,annotation,18196,L2_CCCTTAGCAATGTCTG
DeepSeekBackend,deepseek-v4-flash,deepseek,1116,793,1909,0,691,,,1785135081.9961748,1,4,success,False,9477,367,stage1_annotation,annotation,128680,E2L6_CACATGAAGACCTCAT
DeepSeekBackend,deepseek-v4-flash,deepseek,1116,487,1603,0,483,,,1785135082.9851818,1,4,success,False,6620,9,stage1_annotation,annotation,71330,E2L1_CGAAGGAGTTCAACGT
DeepSeekBackend,deepseek-v4-flash,deepseek,1120,748,1868,0,691,,,1785135083.024081,1,4,success,False,8364,252,stage1_annotation,annotation,156599,E2L8_GCGAGAACAGTCAGTT
DeepSeekBackend,deepseek-v4-flash,deepseek,1122,425,1547,0,376,,,1785135083.2686167,1,4,success,False,4876,220,stage1_annotation,annotation,56223,L5_CAATTTCTCGCCTTTG
DeepSeekBackend,deepseek-v4-flash,deepseek,1127,851,1978,0,770,,,1785135084.8907003,1,4,success,False,10391,329,stage1_annotation,annotation,123107,E2L5_TCCAGAACATTGAGCT
DeepSeekBackend,deepseek-v4-flash,deepseek,1122,613,1735,0,564,,,1785135084.9351847,1,4,success,False,7096,218,stage1_annotation,annotation,70003,E2L1_CAAGACTTCGCCTAGG
DeepSeekBackend,deepseek-v4-flash,deepseek,1122,812,1934,0,771,,,1785135085.4698853,1,4,success,False,10632,183,stage1_annotation,annotation,155011,E2L8_CTCCTCCAGTAAGACT
DeepSeekBackend,deepseek-v4-flash,deepseek,1119,852,1971,0,849,,,1785135085.6734743,1,4,success,False,8553,8,stage1_annotation,annotation,127099,E2L6_AGCGTATAGCAAACAT
DeepSeekBackend,deepseek-v4-flash,deepseek,1129,586,1715,0,503,,,1785135086.8858967,1,4,success,False,6906,306,stage1_annotation,annotation,46491,L4_GCATTAGTCCGCAGTG
DeepSeekBackend,deepseek-v4-flash,deepseek,1117,917,2034,0,913,,,1785135088.0493517,1,4,success,False,10645,9,stage1_annotation,annotation,125445,E2L5_TTTGACTTCTAGGCCG
DeepSeekBackend,deepseek-v4-flash,deepseek,1130,1013,2143,0,952,,,1785135088.2776096,1,4,success,False,12685,261,stage1_annotation,annotation,114594,E2L5_ACTGATGCAGGTATGG
DeepSeekBackend,deepseek-v4-flash,deepseek,1114,914,2028,0,841,,,1785135089.2576172,1,4,success,False,11837,334,stage1_annotation,annotation,78167,E2L1_TTGATGGTCGGTCTGG
DeepSeekBackend,deepseek-v4-flash,deepseek,1125,678,1803,0,600,,,1785135090.2820232,1,4,success,False,8273,222,stage1_annotation,annotation,29493,L3_ATGATCGGTACGGATG
DeepSeekBackend,deepseek-v4-flash,deepseek,1119,1412,2531,0,1408,,,1785135090.8419712,1,4,success,False,16402,9,stage1_annotation,annotation,40387,L4_ACTACGACAGACGGAT
DeepSeekBackend,deepseek-v4-flash,deepseek,1125,680,1805,0,590,,,1785135091.0931427,1,4,success,False,7814,288,stage1_annotation,annotation,73554,E2L1_GCCAGGTTCGGCGATC
DeepSeekBackend,deepseek-v4-flash,deepseek,1132,1249,2381,0,1245,,,1785135091.2401593,1,4,success,False,14203,9,stage1_annotation,annotation,146593,E2L7_TACCCACGTGGTCCGT
DeepSeekBackend,deepseek-v4-flash,deepseek,1122,240,1362,0,189,,,1785135091.6051342,1,4,success,False,3545,169,stage1_annotation,annotation,8370,L1_GGGACCTGTATGCTAC
DeepSeekBackend,deepseek-v4-flash,deepseek,1123,1281,2404,0,1213,,,1785135092.3715277,1,4,success,False,14296,305,stage1_annotation,annotation,52738,L5_AACCTGAGTACCTAAC
DeepSeekBackend,deepseek-v4-flash,deepseek,1127,769,1896,0,697,,,1785135094.0684845,1,4,success,False,9124,261,stage1_annotation,annotation,94883,E2L3_CGGACACAGCGAACTG
DeepSeekBackend,deepseek-v4-flash,deepseek,1130,733,1863,0,728,,,1785135095.4843786,1,4,success,False,10004,7,stage1_annotation,annotation,98838,E2L3_TACGCTCCATATCTGG
DeepSeekBackend,deepseek-v4-flash,deepseek,1134,637,1771,0,551,,,1785135096.3307054,1,4,success,False,8043,289,stage1_annotation,annotation,14642,L2_ACATTTCAGACTACCT
DeepSeekBackend,deepseek-v4-flash,deepseek,1133,546,1679,0,472,,,1785135097.1548371,1,4,success,False,6864,197,stage1_annotation,annotation,30724,L3_CATGGATTCGCTGTCT
DeepSeekBackend,deepseek-v4-flash,deepseek,1111,1810,2921,0,1697,,,1785135097.8464806,1,4,success,False,22710,425,stage1_annotation,annotation,40677,L4_AGACAGGTCGGACAAG
DeepSeekBackend,deepseek-v4-flash,deepseek,1123,357,1480,0,267,,,1785135098.4084244,1,4,success,False,4328,328,stage1_annotation,annotation,152134,E2L8_ATCCTATCAGGCATGA
DeepSeekBackend,deepseek-v4-flash,deepseek,1119,2359,3478,0,2355,,,1785135101.639406,1,4,success,False,27016,9,stage1_annotation,annotation,40081,L4_ACCCAAAAGTTAACGA
DeepSeekBackend,deepseek-v4-flash,deepseek,1124,353,1477,0,293,,,1785135102.7339096,1,4,success,False,4878,190,stage1_annotation,annotation,60524,L5_GCAGCTGTCTGGGATT
DeepSeekBackend,deepseek-v4-flash,deepseek,1125,1047,2172,0,938,,,1785135104.9491618,1,4,success,False,13333,370,stage1_annotation,annotation,62074,L5_GTCATCCTCGCGCCAA
DeepSeekBackend,deepseek-v4-flash,deepseek,1127,2243,3370,0,2164,,,1785135107.7967963,1,4,success,False,29202,290,stage1_annotation,annotation,123340,E2L5_TCGAAGTAGTCGAAGC
DeepSeekBackend,deepseek-v4-flash,deepseek,1123,1348,2471,0,1344,,,1785135107.8608518,1,4,success,False,17006,7,stage1_annotation,annotation,110253,E2L4_TAAGCCACAAAGTATG
DeepSeekBackend,deepseek-v4-flash,deepseek,1132,2113,3245,0,2038,,,1785135108.1420085,1,4,success,False,25149,275,stage1_annotation,annotation,23636,L2_TAGGAGGAGCCGTTAT
DeepSeekBackend,deepseek-v4-flash,deepseek,1138,1049,2187,0,961,,,1785135108.722072,1,4,success,False,13226,297,stage1_annotation,annotation,57355,L5_CCGAACGTCTCTCTTC
DeepSeekBackend,deepseek-v4-flash,deepseek,1128,502,1630,0,443,,,1785135108.8914447,1,4,success,False,6147,194,stage1_annotation,annotation,148576,E2L7_TGGCGTGGTCTGTAGT
DeepSeekBackend,deepseek-v4-flash,deepseek,1119,2675,3794,0,2614,,,1785135109.0562859,1,4,success,False,33812,219,stage1_annotation,annotation,51970,L4_TTGACCCTCATTCGTT
DeepSeekBackend,deepseek-v4-flash,deepseek,1138,577,1715,0,493,,,1785135109.234117,1,4,success,False,7585,295,stage1_annotation,annotation,54506,L5_AGCTCAACATCGATAC
DeepSeekBackend,deepseek-v4-flash,deepseek,1130,1600,2730,0,1509,,,1785135110.803641,1,4,success,False,19702,300,stage1_annotation,annotation,118137,E2L5_CGGGTGTTCCCGAACG
DeepSeekBackend,deepseek-v4-flash,deepseek,1131,2077,3208,0,1988,,,1785135111.8297412,1,4,success,False,24934,242,stage1_annotation,annotation,63597,L5_TATCTTGTCCACACCT
DeepSeekBackend,deepseek-v4-flash,deepseek,1128,2461,3589,0,2458,,,1785135111.8811677,1,4,success,False,30505,7,stage1_annotation,annotation,72485,E2L1_CTTAGGATCCCTCGAT
DeepSeekBackend,deepseek-v4-flash,deepseek,1130,1714,2844,0,1653,,,1785135112.1833837,1,4,success,False,20932,225,stage1_annotation,annotation,100629,E2L3_TGCTCCAGTCGTACTA
DeepSeekBackend,deepseek-v4-flash,deepseek,1144,1310,2454,0,1251,,,1785135112.2282078,1,4,success,False,15888,208,stage1_annotation,annotation,35000,L3_GTCACTCTCCACCCTA
DeepSeekBackend,deepseek-v4-flash,deepseek,1136,1175,2311,0,1116,,,1785135112.4732807,1,4,success,False,14054,203,stage1_annotation,annotation,62405,L5_GTGCTGGCAAAGCGTG
DeepSeekBackend,deepseek-v4-flash,deepseek,1130,306,1436,0,239,,,1785135113.0508397,1,4,success,False,4147,202,stage1_annotation,annotation,118128,E2L5_CGGGTGTCAGGCCCTA
DeepSeekBackend,deepseek-v4-flash,deepseek,1128,2002,3130,0,1911,,,1785135113.1847703,1,4,success,False,23916,312,stage1_annotation,annotation,17381,L2_CAGATACCAGAGATGC
DeepSeekBackend,deepseek-v4-flash,deepseek,1115,2362,3477,0,2276,,,1785135113.3945608,1,4,success,False,28494,330,stage1_annotation,annotation,50068,L4_TCGATTTTCTAACGGT
DeepSeekBackend,deepseek-v4-flash,deepseek,1123,358,1481,0,311,,,1785135113.8317657,1,4,success,False,5099,133,stage1_annotation,annotation,152878,E2L8_CACAGGCGTAGGAGTC
DeepSeekBackend,deepseek-v4-flash,deepseek,1132,1494,2626,0,1489,,,1785135115.845627,1,4,success,False,18681,9,stage1_annotation,annotation,71572,E2L1_CGGAATTCATGGCACC
DeepSeekBackend,deepseek-v4-flash,deepseek,1132,324,1456,0,249,,,1785135116.1923518,1,4,success,False,3999,289,stage1_annotation,annotation,18435,L2_CCTCAGTGTCCCTAAA
DeepSeekBackend,deepseek-v4-flash,deepseek,1121,339,1460,0,332,,,1785135116.404325,1,4,success,False,4168,17,stage1_annotation,annotation,142020,E2L7_CCTCATGTCTATACTC
DeepSeekBackend,deepseek-v4-flash,deepseek,1128,684,1812,0,603,,,1785135116.4734242,1,4,success,False,8604,313,stage1_annotation,annotation,123469,E2L5_TCGGGTGAGGTGCAGT
DeepSeekBackend,deepseek-v4-flash,deepseek,1137,637,1774,0,588,,,1785135116.5232599,1,4,success,False,7451,126,stage1_annotation,annotation,36137,L3_TAGGAGGGTACGATTC
DeepSeekBackend,deepseek-v4-flash,deepseek,1136,537,1673,0,475,,,1785135117.614103,1,4,success,False,6801,223,stage1_annotation,annotation,96705,E2L3_GCAGGCTAGGGTCACA
DeepSeekBackend,deepseek-v4-flash,deepseek,1121,305,1426,0,225,,,1785135117.6853726,1,4,success,False,3844,280,stage1_annotation,annotation,31491,L3_CGAAGTTTCTCGGTCT
DeepSeekBackend,deepseek-v4-flash,deepseek,1134,535,1669,0,481,,,1785135118.2426288,1,4,success,False,5758,176,stage1_annotation,annotation,143468,E2L7_CTTGATTGTAACAGTA
DeepSeekBackend,deepseek-v4-flash,deepseek,1131,513,1644,0,441,,,1785135119.4063091,1,4,success,False,5999,237,stage1_annotation,annotation,83385,E2L2_CGTTGGGAGAACAAGG
DeepSeekBackend,deepseek-v4-flash,deepseek,1133,610,1743,0,521,,,1785135119.4111762,1,4,success,False,7517,267,stage1_annotation,annotation,10697,L1_TCACGCTAGACCTTTG
DeepSeekBackend,deepseek-v4-flash,deepseek,1140,587,1727,0,524,,,1785135119.746612,1,4,success,False,7908,204,stage1_annotation,annotation,63519,L5_TATCAGGCAGTGTACT
DeepSeekBackend,deepseek-v4-flash,deepseek,1119,294,1413,0,287,,,1785135119.9397945,1,4,success,False,3524,17,stage1_annotation,annotation,41817,L4_ATCGGATTCTTGGTGA
DeepSeekBackend,deepseek-v4-flash,deepseek,1133,1301,2434,0,1211,,,1785135120.0083559,1,4,success,False,15046,321,stage1_annotation,annotation,62956,L5_TAACCAGTCGGCCCAA
DeepSeekBackend,deepseek-v4-flash,deepseek,1149,2292,3441,0,2198,,,1785135120.1424868,1,4,success,False,27762,309,stage1_annotation,annotation,8316,L1_GGCTTTCGTCCTATAG
DeepSeekBackend,deepseek-v4-flash,deepseek,1117,654,1771,0,554,,,1785135120.2021072,1,4,success,False,7008,390,stage1_annotation,annotation,61550,L5_GGTAACTGTAACGATA
DeepSeekBackend,deepseek-v4-flash,deepseek,1121,375,1496,0,296,,,1785135120.4994924,1,4,success,False,3968,251,stage1_annotation,annotation,98160,E2L3_GTGAGCCTCCAAACCA
DeepSeekBackend,deepseek-v4-flash,deepseek,1135,232,1367,0,225,,,1785135120.8082688,1,4,success,False,3109,17,stage1_annotation,annotation,23219,L2_TAACCAGAGCCTTTCC
DeepSeekBackend,deepseek-v4-flash,deepseek,1117,384,1501,0,313,,,1785135121.0666518,1,4,success,False,4860,263,stage1_annotation,annotation,27871,L3_ACCGTTCCACATATGC
DeepSeekBackend,deepseek-v4-flash,deepseek,1122,449,1571,0,377,,,1785135121.2709572,1,4,success,False,4788,305,stage1_annotation,annotation,63982,L5_TCAGTTTTCACCGGTG
DeepSeekBackend,deepseek-v4-flash,deepseek,1121,2982,4103,0,2907,,,1785135122.877697,1,4,success,False,37196,262,stage1_annotation,annotation,95481,E2L3_CTCCCTCTCCTGCTAC
DeepSeekBackend,deepseek-v4-flash,deepseek,1125,3330,4455,0,3219,,,1785135122.8916883,1,4,success,False,39857,386,stage1_annotation,annotation,88737,E2L2_TCTCCGAGTTATCTTC
DeepSeekBackend,deepseek-v4-flash,deepseek,1142,1333,2475,0,1263,,,1785135122.9110477,1,4,success,False,15106,244,stage1_annotation,annotation,20684,L2_GAGTGTTTCAGGAACG
DeepSeekBackend,deepseek-v4-flash,deepseek,1117,366,1483,0,276,,,1785135123.3389828,1,4,success,False,3916,370,stage1_annotation,annotation,26087,L2_TTACGCCGTTACCCTC
DeepSeekBackend,deepseek-v4-flash,deepseek,1116,286,1402,0,218,,,1785135123.4613514,1,4,success,False,3441,241,stage1_annotation,annotation,124201,E2L5_TGGAACTCAGGAGACT
DeepSeekBackend,deepseek-v4-flash,deepseek,1126,521,1647,0,451,,,1785135123.774459,1,4,success,False,6149,247,stage1_annotation,annotation,143949,E2L7_GAGCTGCCAATGCAGG
DeepSeekBackend,deepseek-v4-flash,deepseek,1125,355,1480,0,305,,,1785135124.2402914,1,4,success,False,4290,182,stage1_annotation,annotation,5818,L1_CTATCCGTCTCGCTTG
DeepSeekBackend,deepseek-v4-flash,deepseek,1138,1302,2440,0,1254,,,1785135124.3305652,1,4,success,False,15086,141,stage1_annotation,annotation,77215,E2L1_TGCCGAGAGCTCACTA
DeepSeekBackend,deepseek-v4-flash,deepseek,1122,963,2085,0,956,,,1785135126.2004306,1,4,success,False,10345,17,stage1_annotation,annotation,125031,E2L5_TTCTTCCAGTCGGGAT
DeepSeekBackend,deepseek-v4-flash,deepseek,1137,1501,2638,0,1444,,,1785135126.5519085,1,4,success,False,18396,243,stage1_annotation,annotation,61451,L5_GGGTATTAGGCAGGTT
DeepSeekBackend,deepseek-v4-flash,deepseek,1122,1214,2336,0,1168,,,1785135126.574093,1,4,success,False,13513,177,stage1_annotation,annotation,15227,L2_AGACAAATCCATGAGT
DeepSeekBackend,deepseek-v4-flash,deepseek,1124,658,1782,0,594,,,1785135127.2960646,1,4,success,False,7539,251,stage1_annotation,annotation,34301,L3_GGCGTCACAAATTGCC
DeepSeekBackend,deepseek-v4-flash,deepseek,1116,874,1990,0,829,,,1785135127.640506,1,4,success,False,9387,176,stage1_annotation,annotation,81309,E2L2_ATTCTTGGTTTACTTC
DeepSeekBackend,deepseek-v4-flash,deepseek,1121,611,1732,0,533,,,1785135128.559581,1,4,success,False,7481,251,stage1_annotation,annotation,17821,L2_CATGGTAGTACTGCCG
DeepSeekBackend,deepseek-v4-flash,deepseek,1129,696,1825,0,618,,,1785135129.1681406,1,4,success,False,8956,253,stage1_annotation,annotation,138895,E2L7_ACTGATGGTCTCTCAC
DeepSeekBackend,deepseek-v4-flash,deepseek,1120,1045,2165,0,982,,,1785135130.7760684,1,4,success,False,11358,202,stage1_annotation,annotation,152364,E2L8_ATGGAGGTCAAGGCTT
DeepSeekBackend,deepseek-v4-flash,deepseek,1133,658,1791,0,570,,,1785135131.031045,1,4,success,False,8123,318,stage1_annotation,annotation,37777,L3_TGCTGAAGTTTGGAGG
DeepSeekBackend,deepseek-v4-flash,deepseek,1125,814,1939,0,732,,,1785135131.5101926,1,4,success,False,10691,301,stage1_annotation,annotation,62225,L5_GTCGTTCTCTGCCTGT
DeepSeekBackend,deepseek-v4-flash,deepseek,1136,694,1830,0,616,,,1785135133.056848,1,4,success,False,9708,260,stage1_annotation,annotation,129104,E2L6_CATCCCAGTACCGGCT
DeepSeekBackend,deepseek-v4-flash,deepseek,1114,1370,2484,0,1263,,,1785135137.0183537,1,4,success,False,16866,342,stage1_annotation,annotation,113375,E2L4_TTTCGATTCTATGTGG
DeepSeekBackend,deepseek-v4-flash,deepseek,1125,952,2077,0,875,,,1785135137.9376152,1,4,success,False,11727,235,stage1_annotation,annotation,26521,L2_TTGACCCGTCTTGAGT
DeepSeekBackend,deepseek-v4-flash,deepseek,1145,762,1907,0,690,,,1785135138.39836,1,4,success,False,9830,247,stage1_annotation,annotation,13487,L1_TTGTGTTAGTTTGTCG
DeepSeekBackend,deepseek-v4-flash,deepseek,1126,1410,2536,0,1347,,,1785135139.4327536,1,4,success,False,18151,224,stage1_annotation,annotation,2632,L1_ATCACTTTCCAAATGC
DeepSeekBackend,deepseek-v4-flash,deepseek,1124,1334,2458,0,1329,,,1785135139.6081738,1,4,success,False,15824,7,stage1_annotation,annotation,154888,E2L8_CTCAGTCAGGTCCTGC
DeepSeekBackend,deepseek-v4-flash,deepseek,1136,839,1975,0,770,,,1785135139.8607268,1,4,success,False,10681,212,stage1_annotation,annotation,48533,L4_GTTGAACTCTCTAGGA
DeepSeekBackend,deepseek-v4-flash,deepseek,1119,1334,2453,0,1249,,,1785135139.90749,1,4,success,False,15567,331,stage1_annotation,annotation,138453,E2L7_ACAGAAATCTCGGTCT
DeepSeekBackend,deepseek-v4-flash,deepseek,1125,1142,2267,0,1137,,,1785135140.3537211,1,4,success,False,13049,9,stage1_annotation,annotation,138550,E2L7_ACCACAATCCGTGACG
DeepSeekBackend,deepseek-v4-flash,deepseek,1120,1467,2587,0,1390,,,1785135140.6701875,1,4,success,False,17782,265,stage1_annotation,annotation,40045,L4_ACCAACAGTACCCGCA
DeepSeekBackend,deepseek-v4-flash,deepseek,1129,1446,2575,0,1441,,,1785135144.8535318,1,4,success,False,18290,7,stage1_annotation,annotation,35646,L3_GTTGTAGTCGTTCGCT
DeepSeekBackend,deepseek-v4-flash,deepseek,1113,1870,2983,0,1865,,,1785135146.6653159,1,4,success,False,22417,7,stage1_annotation,annotation,159906,E2L8_TCTCACGTCTCAGAAC
DeepSeekBackend,deepseek-v4-flash,deepseek,1128,2340,3468,0,2335,,,1785135147.265548,1,4,success,False,26754,7,stage1_annotation,annotation,52074,L4_TTGGGATAGTGGTCAG
DeepSeekBackend,deepseek-v4-flash,deepseek,1137,1403,2540,0,1400,,,1785135147.469013,1,4,success,False,15949,4,stage1_annotation,annotation,123577,E2L5_TCTACCGGTTAGCTAC
DeepSeekBackend,deepseek-v4-flash,deepseek,1118,620,1738,0,561,,,1785135148.0518403,1,4,success,False,7688,201,stage1_annotation,annotation,26249,L2_TTCCAATAGTGTAGTA
DeepSeekBackend,deepseek-v4-flash,deepseek,1126,1407,2533,0,1310,,,1785135148.5246422,1,4,success,False,17484,338,stage1_annotation,annotation,75350,E2L1_TAACACGGTGCATTAC
DeepSeekBackend,deepseek-v4-flash,deepseek,1121,1841,2962,0,1751,,,1785135149.1813488,1,4,success,False,21527,359,stage1_annotation,annotation,10464,L1_TATCGCCGTACAGCGA
DeepSeekBackend,deepseek-v4-flash,deepseek,1121,1527,2648,0,1456,,,1785135149.210332,1,4,success,False,18423,220,stage1_annotation,annotation,28881,L3_AGGTAGGTCATGGTAC
DeepSeekBackend,deepseek-v4-flash,deepseek,1129,815,1944,0,754,,,1785135150.005876,1,4,success,False,10562,184,stage1_annotation,annotation,6565,L1_CTTGATTAGGAAGTAG
DeepSeekBackend,deepseek-v4-flash,deepseek,1131,2186,3317,0,2101,,,1785135150.2063248,1,4,success,False,27288,311,stage1_annotation,annotation,107841,E2L4_GAGGCAATCCACGGAC
DeepSeekBackend,deepseek-v4-flash,deepseek,1139,934,2073,0,880,,,1785135150.4356468,1,4,success,False,10819,191,stage1_annotation,annotation,47120,L4_GGGACAAAGGTAAACT
DeepSeekBackend,deepseek-v4-flash,deepseek,1129,2261,3390,0,2144,,,1785135150.558856,1,4,success,False,27087,373,stage1_annotation,annotation,5267,L1_CGCCATTCACGACTAT
DeepSeekBackend,deepseek-v4-flash,deepseek,1131,2143,3274,0,2094,,,1785135151.4883158,1,4,success,False,24903,157,stage1_annotation,annotation,56402,L5_CACTGAACACCAGTTA
DeepSeekBackend,deepseek-v4-flash,deepseek,1125,1603,2728,0,1521,,,1785135152.6560607,1,4,success,False,19588,303,stage1_annotation,annotation,75669,E2L1_TAGACCATCTGGACTA
DeepSeekBackend,deepseek-v4-flash,deepseek,1128,1046,2174,0,975,,,1785135152.903361,1,4,success,False,13032,247,stage1_annotation,annotation,20637,L2_GAGTCTACATTGTCGA
DeepSeekBackend,deepseek-v4-flash,deepseek,1123,1193,2316,0,1190,,,1785135153.16894,1,4,success,False,14760,4,stage1_annotation,annotation,42876,L4_CAGCAGCTCGGAGTAG
DeepSeekBackend,deepseek-v4-flash,deepseek,1134,1415,2549,0,1362,,,1785135153.5111501,1,4,success,False,16480,180,stage1_annotation,annotation,64098,L5_TCATGTTGTGATTCTG
DeepSeekBackend,deepseek-v4-flash,deepseek,1126,1240,2366,0,1169,,,1785135153.5456538,1,4,success,False,15597,220,stage1_annotation,annotation,150979,E2L8_ACTGTCCTCGACGCGT
DeepSeekBackend,deepseek-v4-flash,deepseek,1135,378,1513,0,325,,,1785135155.5879242,1,4,success,False,5141,175,stage1_annotation,annotation,61245,L5_GGCTTGGAGGTTCAGG
DeepSeekBackend,deepseek-v4-flash,deepseek,1128,366,1494,0,295,,,1785135155.6403353,1,4,success,False,5423,231,stage1_annotation,annotation,124459,E2L5_TGTCCCACAATGCAGG
DeepSeekBackend,deepseek-v4-flash,deepseek,1122,707,1829,0,650,,,1785135155.971842,1,4,success,False,9296,242,stage1_annotation,annotation,117839,E2L5_CGACAGCTCTCGGCTT
DeepSeekBackend,deepseek-v4-flash,deepseek,1137,427,1564,0,327,,,1785135156.9252129,1,4,success,False,5424,288,stage1_annotation,annotation,62826,L5_GTTGCTCCAACTGAAA
DeepSeekBackend,deepseek-v4-flash,deepseek,1122,1496,2618,0,1492,,,1785135158.8631306,1,4,success,False,18183,7,stage1_annotation,annotation,156994,E2L8_GGCTTGGAGCGAATGC
DeepSeekBackend,deepseek-v4-flash,deepseek,1133,773,1906,0,712,,,1785135159.0174277,1,4,success,False,9826,220,stage1_annotation,annotation,59002,L5_CTGATCCAGACCGCCT
DeepSeekBackend,deepseek-v4-flash,deepseek,1124,522,1646,0,453,,,1785135160.547974,1,4,success,False,7028,218,stage1_annotation,annotation,9536,L1_GTGGTTAGTTCCGGTG
DeepSeekBackend,deepseek-v4-flash,deepseek,1127,871,1998,0,797,,,1785135161.7406063,1,4,success,False,11169,243,stage1_annotation,annotation,105415,E2L4_CATGCTCCATTGGATC
DeepSeekBackend,deepseek-v4-flash,deepseek,1132,680,1812,0,571,,,1785135161.9202704,1,4,success,False,8360,334,stage1_annotation,annotation,15869,L2_AGTAACCAGCAGCAGT
DeepSeekBackend,deepseek-v4-flash,deepseek,1124,1055,2179,0,985,,,1785135162.029073,1,4,success,False,13497,229,stage1_annotation,annotation,93013,E2L3_ATGCGATGTATGACAA
DeepSeekBackend,deepseek-v4-flash,deepseek,1115,426,1541,0,370,,,1785135162.085301,1,4,success,False,5149,145,stage1_annotation,annotation,100314,E2L3_TGAATGCAGTTACGTC
DeepSeekBackend,deepseek-v4-flash,deepseek,1120,256,1376,0,189,,,1785135162.670135,1,4,success,False,3797,233,stage1_annotation,annotation,146255,E2L7_GTTCATTGTCTCAGAT
DeepSeekBackend,deepseek-v4-flash,deepseek,1127,603,1730,0,563,,,1785135163.0268915,1,4,success,False,7376,106,stage1_annotation,annotation,69336,E2L1_ATCACTTGTCAATGGG
DeepSeekBackend,deepseek-v4-flash,deepseek,1125,1295,2420,0,1232,,,1785135164.6422088,1,4,success,False,16579,207,stage1_annotation,annotation,113394,E2L4_TTTGATCTCACGAGGA
DeepSeekBackend,deepseek-v4-flash,deepseek,1141,1253,2394,0,1182,,,1785135164.727895,1,4,success,False,14712,244,stage1_annotation,annotation,15624,L2_AGGACTTCAAGAGATT
DeepSeekBackend,deepseek-v4-flash,deepseek,1121,1517,2638,0,1512,,,1785135164.8306634,1,4,success,False,19966,7,stage1_annotation,annotation,161190,E2L8_TTCCAATCAGGAATCG
DeepSeekBackend,deepseek-v4-flash,deepseek,1133,2154,3287,0,2073,,,1785135166.8186991,1,4,success,False,26900,277,stage1_annotation,annotation,2169,L1_AGGTCATCAGATGCGA
DeepSeekBackend,deepseek-v4-flash,deepseek,1130,662,1792,0,589,,,1785135166.8502872,1,4,success,False,7824,241,stage1_annotation,annotation,89568,E2L2_TGTCCACCATCCGGCA
DeepSeekBackend,deepseek-v4-flash,deepseek,1132,908,2040,0,835,,,1785135166.97737,1,4,success,False,10994,262,stage1_annotation,annotation,38232,L3_TGTTGAGCACGACAAG
DeepSeekBackend,deepseek-v4-flash,deepseek,1127,529,1656,0,482,,,1785135167.2745552,1,4,success,False,6714,136,stage1_annotation,annotation,152387,E2L8_ATGGGAGTCTCGTGAA
DeepSeekBackend,deepseek-v4-flash,deepseek,1119,480,1599,0,415,,,1785135167.5951953,1,4,success,False,5558,202,stage1_annotation,annotation,108368,E2L4_GCCAGGTTCTGTCGTC
DeepSeekBackend,deepseek-v4-flash,deepseek,1123,337,1460,0,268,,,1785135168.441317,1,4,success,False,3704,202,stage1_annotation,annotation,144837,E2L7_GGAATCTAGGATTCCT
DeepSeekBackend,deepseek-v4-flash,deepseek,1134,639,1773,0,566,,,1785135169.5734854,1,4,success,False,7822,229,stage1_annotation,annotation,52729,L5_AACCTGAAGCTCTATG
DeepSeekBackend,deepseek-v4-flash,deepseek,1123,1890,3013,0,1885,,,1785135169.6532516,1,4,success,False,22173,7,stage1_annotation,annotation,140981,E2L7_CACTGGGTCACGGGCT
DeepSeekBackend,deepseek-v4-flash,deepseek,1121,617,1738,0,534,,,1785135169.9171858,1,4,success,False,7823,307,stage1_annotation,annotation,123541,E2L5_TCTAACTAGTGCACTT
DeepSeekBackend,deepseek-v4-flash,deepseek,1113,622,1735,0,535,,,1785135170.2575383,1,4,success,False,7221,278,stage1_annotation,annotation,105471,E2L4_CATTCCGAGATGGCGT
DeepSeekBackend,deepseek-v4-flash,deepseek,1122,486,1608,0,417,,,1785135170.499555,1,4,success,False,5845,245,stage1_annotation,annotation,104479,E2L4_ATTACCTAGATACAGT
DeepSeekBackend,deepseek-v4-flash,deepseek,1123,694,1817,0,687,,,1785135170.7950199,1,4,success,False,8114,17,stage1_annotation,annotation,83238,E2L2_CGGGTGTGTACTGTTG
DeepSeekBackend,deepseek-v4-flash,deepseek,1126,1788,2914,0,1693,,,1785135173.2489827,1,4,success,False,20336,324,stage1_annotation,annotation,14668,L2_ACCAACAAGGGAGAAT
DeepSeekBackend,deepseek-v4-flash,deepseek,1118,603,1721,0,533,,,1785135173.309081,1,4,success,False,6449,209,stage1_annotation,annotation,53200,L5_AATTCCTAGAACGCGT
DeepSeekBackend,deepseek-v4-flash,deepseek,1118,995,2113,0,988,,,1785135173.3946545,1,4,success,False,11463,17,stage1_annotation,annotation,117114,E2L5_CATTGAGAGAGGTCAC
DeepSeekBackend,deepseek-v4-flash,deepseek,1133,1810,2943,0,1719,,,1785135173.620173,1,4,success,False,20444,255,stage1_annotation,annotation,36834,L3_TCCCATGCAGTATGAA
DeepSeekBackend,deepseek-v4-flash,deepseek,1135,259,1394,0,210,,,1785135174.0919564,1,4,success,False,3820,142,stage1_annotation,annotation,92170,E2L3_AGCTTCCCACAATGTC
DeepSeekBackend,deepseek-v4-flash,deepseek,1130,642,1772,0,559,,,1785135174.5742254,1,4,success,False,7745,292,stage1_annotation,annotation,113094,E2L4_TTGAGTGAGACATAGT
DeepSeekBackend,deepseek-v4-flash,deepseek,1111,428,1539,0,421,,,1785135175.1877367,1,4,success,False,5260,17,stage1_annotation,annotation,55993,L5_CAAAGAACACCCTATC
DeepSeekBackend,deepseek-v4-flash,deepseek,1144,1710,2854,0,1637,,,1785135175.5988865,1,4,success,False,19999,287,stage1_annotation,annotation,9884,L1_TAACACGTCATTCGTT
DeepSeekBackend,deepseek-v4-flash,deepseek,1119,780,1899,0,695,,,1785135175.8303082,1,4,success,False,8842,272,stage1_annotation,annotation,129079,E2L6_CATAGACTCGGTCTGG
DeepSeekBackend,deepseek-v4-flash,deepseek,1128,446,1574,0,443,,,1785135176.4961817,1,4,success,False,5987,3,stage1_annotation,annotation,28052,L3_ACGTCCTCATCCGTGG
DeepSeekBackend,deepseek-v4-flash,deepseek,1128,594,1722,0,590,,,1785135177.434713,1,4,success,False,7773,7,stage1_annotation,annotation,62759,L5_GTTCGCTAGTACAGAT
DeepSeekBackend,deepseek-v4-flash,deepseek,1120,782,1902,0,699,,,1785135178.0927224,1,4,success,False,10488,267,stage1_annotation,annotation,87884,E2L2_TCACGGGTCTTGCAGA
DeepSeekBackend,deepseek-v4-flash,deepseek,1121,1011,2132,0,1004,,,1785135178.6149614,1,4,success,False,11330,17,stage1_annotation,annotation,127272,E2L6_AGGCTGCAGAGTCAAT
DeepSeekBackend,deepseek-v4-flash,deepseek,1122,777,1899,0,702,,,1785135179.297902,1,4,success,False,8493,230,stage1_annotation,annotation,127301,E2L6_AGGGAGTTCCGAGTGC
DeepSeekBackend,deepseek-v4-flash,deepseek,1126,2139,3265,0,2057,,,1785135179.370063,1,4,success,False,26706,358,stage1_annotation,annotation,48357,L4_GTGTGGCTCGCTTGCT
DeepSeekBackend,deepseek-v4-flash,deepseek,1129,512,1641,0,447,,,1785135179.99412,1,4,success,False,6589,207,stage1_annotation,annotation,19326,L2_CTATAGGGTTAGCGGA
DeepSeekBackend,deepseek-v4-flash,deepseek,1127,1080,2207,0,993,,,1785135180.5599527,1,4,success,False,12109,328,stage1_annotation,annotation,84666,E2L2_GAGGGTAGTTTGAAAG
DeepSeekBackend,deepseek-v4-flash,deepseek,1142,2885,4027,0,2882,,,1785135181.4464993,1,4,success,False,32229,7,stage1_annotation,annotation,155704,E2L8_GACATCAGTATGGTAA
DeepSeekBackend,deepseek-v4-flash,deepseek,1124,1634,2758,0,1627,,,1785135182.9311914,1,4,success,False,18090,17,stage1_annotation,annotation,38307,L3_TTACCGCAGCCAGTAG
DeepSeekBackend,deepseek-v4-flash,deepseek,1120,834,1954,0,750,,,1785135184.295892,1,4,success,False,11036,254,stage1_annotation,annotation,136750,E2L6_TGTGTGAAGCCATATC
DeepSeekBackend,deepseek-v4-flash,deepseek,1130,3225,4355,0,3152,,,1785135185.6602917,1,4,success,False,38380,244,stage1_annotation,annotation,54875,L5_AGTAACCGTTGAAGTA
DeepSeekBackend,deepseek-v4-flash,deepseek,1137,879,2016,0,804,,,1785135186.15647,1,4,success,False,10957,238,stage1_annotation,annotation,13245,L1_TTCTAGTTCGACATAC
DeepSeekBackend,deepseek-v4-flash,deepseek,1133,877,2010,0,806,,,1785135186.9630854,1,4,success,False,10458,226,stage1_annotation,annotation,58793,L5_CTCCACATCTCGGTCT
DeepSeekBackend,deepseek-v4-flash,deepseek,1127,1380,2507,0,1375,,,1785135189.9866111,1,4,success,False,16358,7,stage1_annotation,annotation,123428,E2L5_TCGCTTGGTTCTGAGT
DeepSeekBackend,deepseek-v4-flash,deepseek,1124,1490,2614,0,1414,,,1785135190.2657661,1,4,success,False,16946,285,stage1_annotation,annotation,45490,L4_GAAATGACATATTCGG
DeepSeekBackend,deepseek-v4-flash,deepseek,1126,914,2040,0,851,,,1785135190.8155873,1,4,success,False,11436,230,stage1_annotation,annotation,24955,L2_TCTTCCTAGCCTCTTC
DeepSeekBackend,deepseek-v4-flash,deepseek,1124,688,1812,0,596,,,1785135191.0679193,1,4,success,False,8127,267,stage1_annotation,annotation,40463,L4_ACTGATGGTTCGATTG
DeepSeekBackend,deepseek-v4-flash,deepseek,1124,1149,2273,0,1090,,,1785135191.8656683,1,4,success,False,13762,204,stage1_annotation,annotation,34243,L3_GGATCTAAGCTGTTAC
DeepSeekBackend,deepseek-v4-flash,deepseek,1130,755,1885,0,694,,,1785135192.3962932,1,4,success,False,8091,217,stage1_annotation,annotation,29986,L3_CAAGCTAGTATCAGGG
DeepSeekBackend,deepseek-v4-flash,deepseek,1119,2216,3335,0,2159,,,1785135193.6925027,1,4,success,False,24108,198,stage1_annotation,annotation,1209,L1_ACGTAGTGTAATTAGG
DeepSeekBackend,deepseek-v4-flash,deepseek,1125,1719,2844,0,1623,,,1785135193.9879918,1,4,success,False,19881,322,stage1_annotation,annotation,39192,L4_AAAGGGCTCCTTATCA
DeepSeekBackend,deepseek-v4-flash,deepseek,1137,736,1873,0,656,,,1785135194.5710146,1,4,success,False,8891,287,stage1_annotation,annotation,103904,E2L4_AGTGACTCAGGTATGG
DeepSeekBackend,deepseek-v4-flash,deepseek,1130,1715,2845,0,1623,,,1785135195.0483716,1,4,success,False,19208,308,stage1_annotation,annotation,106623,E2L4_CTACATTCATAGTCAC
DeepSeekBackend,deepseek-v4-flash,deepseek,1122,847,1969,0,774,,,1785135195.862013,1,4,success,False,9695,274,stage1_annotation,annotation,93285,E2L3_ATTTCACTCGCCGTGA
DeepSeekBackend,deepseek-v4-flash,deepseek,1122,768,1890,0,764,,,1785135195.997115,1,4,success,False,9024,7,stage1_annotation,annotation,140655,E2L7_CAACCTCCAGCTGAGA
DeepSeekBackend,deepseek-v4-flash,deepseek,1121,607,1728,0,522,,,1785135198.3413403,1,4,success,False,7265,286,stage1_annotation,annotation,36899,L3_TCCTCCCTCCTCTCGA
DeepSeekBackend,deepseek-v4-flash,deepseek,1131,540,1671,0,536,,,1785135198.9882889,1,4,success,False,6581,7,stage1_annotation,annotation,124055,E2L5_TGCATGAAGCGTATAA
DeepSeekBackend,deepseek-v4-flash,deepseek,1128,2237,3365,0,2233,,,1785135199.2707043,1,4,success,False,24683,7,stage1_annotation,annotation,76554,E2L1_TCGATTTAGGAAAGGT
DeepSeekBackend,deepseek-v4-flash,deepseek,1147,810,1957,0,729,,,1785135199.6668258,1,4,success,False,8840,244,stage1_annotation,annotation,96144,E2L3_GACCGTGCATAATGAG
DeepSeekBackend,deepseek-v4-flash,deepseek,1131,563,1694,0,560,,,1785135200.679765,1,4,success,False,6975,3,stage1_annotation,annotation,90208,E2L2_TTGAGTGCAGTTTCGA
DeepSeekBackend,deepseek-v4-flash,deepseek,1126,864,1990,0,767,,,1785135202.123195,1,4,success,False,10249,319,stage1_annotation,annotation,65910,L5_TGTGGCGCATTGCAAC
DeepSeekBackend,deepseek-v4-flash,deepseek,1126,2164,3290,0,2084,,,1785135202.939531,1,4,success,False,23635,245,stage1_annotation,annotation,159633,E2L8_TCGAAGTCATGATGCT
DeepSeekBackend,deepseek-v4-flash,deepseek,1117,674,1791,0,579,,,1785135203.0357265,1,4,success,False,7163,303,stage1_annotation,annotation,116096,E2L5_ATTCACTTCCTCTTTC
DeepSeekBackend,deepseek-v4-flash,deepseek,1130,707,1837,0,703,,,1785135203.053812,1,4,success,False,8470,7,stage1_annotation,annotation,132413,E2L6_GCCAGGTCACTGTTCC
DeepSeekBackend,deepseek-v4-flash,deepseek,1121,2050,3171,0,1948,,,1785135203.762643,1,4,success,False,22305,355,stage1_annotation,annotation,125339,E2L5_TTTAGTCGTTAACCTG
DeepSeekBackend,deepseek-v4-flash,deepseek,1131,566,1697,0,563,,,1785135205.2326715,1,4,success,False,6232,3,stage1_annotation,annotation,91900,E2L3_AGACACTCAAACAGGC
DeepSeekBackend,deepseek-v4-flash,deepseek,1120,176,1296,0,173,,,1785135205.3391526,1,4,success,False,2291,8,stage1_annotation,annotation,122483,E2L5_TAGGTACAGCCTATTG
DeepSeekBackend,deepseek-v4-flash,deepseek,1122,2363,3485,0,2295,,,1785135205.6769807,1,4,success,False,27052,180,stage1_annotation,annotation,152811,E2L8_CAATCGACACTCAAGT
DeepSeekBackend,deepseek-v4-flash,deepseek,1138,763,1901,0,673,,,1785135207.1342158,1,4,success,False,8785,318,stage1_annotation,annotation,8590,L1_GGGTTATTCTGGTCAA
DeepSeekBackend,deepseek-v4-flash,deepseek,1124,380,1504,0,327,,,1785135207.297959,1,4,success,False,4231,175,stage1_annotation,annotation,101573,E2L3_TTGCTGCGTAATCAGA
DeepSeekBackend,deepseek-v4-flash,deepseek,1118,270,1388,0,208,,,1785135208.4680796,1,4,success,False,3119,177,stage1_annotation,annotation,144736,E2L7_GCTGAATGTTCGAAGG
DeepSeekBackend,deepseek-v4-flash,deepseek,1132,775,1907,0,707,,,1785135208.5643046,1,4,success,False,8889,222,stage1_annotation,annotation,49199,L4_TATCGCCTCGACACCG
DeepSeekBackend,deepseek-v4-flash,deepseek,1126,774,1900,0,772,,,1785135208.8489587,1,4,success,False,9568,2,stage1_annotation,annotation,144126,E2L7_GATCACACAAAGAGTT
DeepSeekBackend,deepseek-v4-flash,deepseek,1129,1801,2930,0,1688,,,1785135209.1287096,1,4,success,False,19132,401,stage1_annotation,annotation,76840,E2L1_TCTGCCACACACCGAC
DeepSeekBackend,deepseek-v4-flash,deepseek,1131,638,1769,0,546,,,1785135210.0447545,1,4,success,False,7912,306,stage1_annotation,annotation,127172,E2L6_AGGAAATTCCGATGTA
DeepSeekBackend,deepseek-v4-flash,deepseek,1125,282,1407,0,223,,,1785135210.5368488,1,4,success,False,3230,178,stage1_annotation,annotation,88438,E2L2_TCGACGGTCAAACCCA
DeepSeekBackend,deepseek-v4-flash,deepseek,1112,504,1616,0,450,,,1785135210.7641702,1,4,success,False,5520,171,stage1_annotation,annotation,114282,E2L5_ACCATTTTCGGCATAT
DeepSeekBackend,deepseek-v4-flash,deepseek,1133,1522,2655,0,1433,,,1785135210.9684982,1,4,success,False,16969,286,stage1_annotation,annotation,146216,E2L7_GTTAGACGTGCCCTTT
DeepSeekBackend,deepseek-v4-flash,deepseek,1117,783,1900,0,724,,,1785135211.2304049,1,4,success,False,8281,247,stage1_annotation,annotation,79944,E2L2_AGACCCGTCGCTTGAA
DeepSeekBackend,deepseek-v4-flash,deepseek,1132,3256,4388,0,3178,,,1785135211.250922,1,4,success,False,35642,287,stage1_annotation,annotation,32084,L3_CTACCTGGTGCATGTT
DeepSeekBackend,deepseek-v4-flash,deepseek,1113,1775,2888,0,1690,,,1785135211.889831,1,4,success,False,21615,279,stage1_annotation,annotation,159410,E2L8_TCCATGCCATACTGTG
DeepSeekBackend,deepseek-v4-flash,deepseek,1129,435,1564,0,386,,,1785135214.2706046,1,4,success,False,4218,154,stage1_annotation,annotation,120178,E2L5_GCCCAGAAGACCAGAC
DeepSeekBackend,deepseek-v4-flash,deepseek,1115,181,1296,0,121,,,1785135214.2842512,1,4,success,False,3023,209,stage1_annotation,annotation,124007,E2L5_TGCAGATTCTCAGTCC
DeepSeekBackend,deepseek-v4-flash,deepseek,1135,384,1519,0,316,,,1785135214.3416553,1,4,success,False,5201,212,stage1_annotation,annotation,19134,L2_CGTTAGAGTCTGCATA
DeepSeekBackend,deepseek-v4-flash,deepseek,1129,1091,2220,0,1087,,,1785135214.462237,1,4,success,False,13771,7,stage1_annotation,annotation,133796,E2L6_GTCTTTACAATCCTAG
DeepSeekBackend,deepseek-v4-flash,deepseek,1139,1471,2610,0,1467,,,1785135214.5705562,1,4,success,False,18563,7,stage1_annotation,annotation,137289,E2L6_TTGAGTGAGGTGCGAT
DeepSeekBackend,deepseek-v4-flash,deepseek,1119,333,1452,0,271,,,1785135214.9715352,1,4,success,False,4198,205,stage1_annotation,annotation,121317,E2L5_GTCAAGTTCTCCCATG
DeepSeekBackend,deepseek-v4-flash,deepseek,1112,639,1751,0,591,,,1785135215.1858525,1,4,success,False,6610,198,stage1_annotation,annotation,128421,E2L6_CAAAGAAGTTGGGCCT
DeepSeekBackend,deepseek-v4-flash,deepseek,1126,892,2018,0,888,,,1785135215.917477,1,4,success,False,10232,9,stage1_annotation,annotation,155361,E2L8_CTTAGGAGTAGAGGAA
DeepSeekBackend,deepseek-v4-flash,deepseek,1125,454,1579,0,383,,,1785135216.0502229,1,4,success,False,5506,243,stage1_annotation,annotation,92341,E2L3_AGGGTTTGTTCAGTAC
DeepSeekBackend,deepseek-v4-flash,deepseek,1124,3281,4405,0,3212,,,1785135216.1427073,1,4,success,False,36138,259,stage1_annotation,annotation,145909,E2L7_GTGAGCCGTAGCTCGC
DeepSeekBackend,deepseek-v4-flash,deepseek,1121,798,1919,0,723,,,1785135216.5025396,1,4,success,False,8025,241,stage1_annotation,annotation,33223,L3_GAGAGGTGTATCACCA
DeepSeekBackend,deepseek-v4-flash,deepseek,1119,970,2089,0,909,,,1785135218.2295244,1,4,success,False,11086,214,stage1_annotation,annotation,14287,L2_AAGTCGTGTCGTATTG
DeepSeekBackend,deepseek-v4-flash,deepseek,1131,289,1420,0,285,,,1785135218.2746851,1,4,success,False,3802,5,stage1_annotation,annotation,13294,L1_TTCTTGACAATAACGA
DeepSeekBackend,deepseek-v4-flash,deepseek,1130,2027,3157,0,1935,,,1785135218.4565315,1,4,success,False,23394,302,stage1_annotation,annotation,81605,E2L2_CACACAATCTGAGAGG
DeepSeekBackend,deepseek-v4-flash,deepseek,1131,375,1506,0,305,,,1785135218.5058234,1,4,success,False,4226,214,stage1_annotation,annotation,23815,L2_TATTGCTGTTAAACCC
DeepSeekBackend,deepseek-v4-flash,deepseek,1136,595,1731,0,538,,,1785135218.5215101,1,4,success,False,6621,183,stage1_annotation,annotation,18588,L2_CCTTTGGTCTGGACCG
DeepSeekBackend,deepseek-v4-flash,deepseek,1131,254,1385,1024,168,,,1785135218.9952536,1,4,success,False,2936,324,stage1_annotation,annotation,23918,L2_TCACAAGTCCTCATAT
DeepSeekBackend,deepseek-v4-flash,deepseek,1130,351,1481,0,347,,,1785135219.3051689,1,4,success,False,4324,5,stage1_annotation,annotation,12655,L1_TGTCCTGCAACTGCCG
DeepSeekBackend,deepseek-v4-flash,deepseek,1130,277,1407,0,223,,,1785135219.6357808,1,4,success,False,3484,209,stage1_annotation,annotation,72294,E2L1_CTGATCCGTAGCGTCC
DeepSeekBackend,deepseek-v4-flash,deepseek,1133,482,1615,0,423,,,1785135219.7103252,1,4,success,False,5415,199,stage1_annotation,annotation,145486,E2L7_GTAATCGTCAGACCGC
DeepSeekBackend,deepseek-v4-flash,deepseek,1124,452,1576,0,386,,,1785135219.7669227,1,4,success,False,5415,216,stage1_annotation,annotation,57669,L5_CCTCCTCTCACCTTGC
DeepSeekBackend,deepseek-v4-flash,deepseek,1151,752,1903,0,694,,,1785135220.3462608,1,4,success,False,9106,199,stage1_annotation,annotation,141622,E2L7_CCACGTTCAAGTTTGC
DeepSeekBackend,deepseek-v4-flash,deepseek,1131,524,1655,0,423,,,1785135220.5558925,1,4,success,False,5976,323,stage1_annotation,annotation,39282,L4_AACAACCTCAACCCGG
DeepSeekBackend,deepseek-v4-flash,deepseek,1121,3365,4486,0,3362,,,1785135221.210689,1,4,success,False,40641,4,stage1_annotation,annotation,8032,L1_GCTGCAGGTTCTCACC
DeepSeekBackend,deepseek-v4-flash,deepseek,1135,4023,5158,0,3959,,,1785135221.6692317,1,4,success,False,44222,252,stage1_annotation,annotation,127716,E2L6_ATAGAGAAGCCGTCGT
DeepSeekBackend,deepseek-v4-flash,deepseek,1134,594,1728,0,514,,,1785135222.0337765,1,4,success,False,6104,270,stage1_annotation,annotation,33971,L3_GCGTGCAAGTAGGATT
DeepSeekBackend,deepseek-v4-flash,deepseek,1131,382,1513,1024,336,,,1785135222.2367043,1,4,success,False,3769,151,stage1_annotation,annotation,14599,L2_ACATCCCCAGCTGAGA
DeepSeekBackend,deepseek-v4-flash,deepseek,1130,560,1690,0,512,,,1785135222.5189986,1,4,success,False,6009,147,stage1_annotation,annotation,18386,L2_CCTATCGGTATCTCTT
DeepSeekBackend,deepseek-v4-flash,deepseek,1127,407,1534,0,351,,,1785135222.750288,1,4,success,False,4219,173,stage1_annotation,annotation,26043,L2_TTACAGGGTTCGGTAT
DeepSeekBackend,deepseek-v4-flash,deepseek,1131,306,1437,0,247,,,1785135222.8820996,1,4,success,False,3566,190,stage1_annotation,annotation,52517,L5_AAAGGTACACGCGCTA
DeepSeekBackend,deepseek-v4-flash,deepseek,1128,771,1899,0,712,,,1785135223.112079,1,4,success,False,7920,190,stage1_annotation,annotation,151229,E2L8_AGAGCAGAGTTGTCGT
DeepSeekBackend,deepseek-v4-flash,deepseek,1133,541,1674,0,474,,,1785135224.4537232,1,4,success,False,6169,263,stage1_annotation,annotation,124470,E2L5_TGTCCTGGTTGGAGAC
DeepSeekBackend,deepseek-v4-flash,deepseek,1115,1165,2280,0,1093,,,1785135224.582199,1,4,success,False,13606,241,stage1_annotation,annotation,42687,L4_CACGTGGAGTCATCGT
DeepSeekBackend,deepseek-v4-flash,deepseek,1125,544,1669,0,465,,,1785135224.588932,1,4,success,False,5585,250,stage1_annotation,annotation,30861,L3_CCACAAAAGAGGGCGA
DeepSeekBackend,deepseek-v4-flash,deepseek,1142,617,1759,0,559,,,1785135224.747749,1,4,success,False,6508,191,stage1_annotation,annotation,155480,E2L8_CTTTCAAAGGCACGAT
DeepSeekBackend,deepseek-v4-flash,deepseek,1134,295,1429,0,227,,,1785135225.0663466,1,4,success,False,3309,229,stage1_annotation,annotation,41436,L4_AGTCTCCAGCCACAAG
DeepSeekBackend,deepseek-v4-flash,deepseek,1124,203,1327,0,157,,,1785135225.6183028,1,4,success,False,2726,150,stage1_annotation,annotation,42109,L4_ATGTCTTCAGAAGCTG
DeepSeekBackend,deepseek-v4-flash,deepseek,1124,293,1417,0,231,,,1785135225.7145534,1,4,success,False,3978,243,stage1_annotation,annotation,61719,L5_GGTTCTCGTTCCAGGC
DeepSeekBackend,deepseek-v4-flash,deepseek,1124,228,1352,0,164,,,1785135226.0382578,1,4,success,False,2914,219,stage1_annotation,annotation,38438,L3_TTCAATCTCGGTGTTA
DeepSeekBackend,deepseek-v4-flash,deepseek,1125,400,1525,0,315,,,1785135226.3336108,1,4,success,False,4581,317,stage1_annotation,annotation,43714,L4_CCGGTGACACACAGCC
DeepSeekBackend,deepseek-v4-flash,deepseek,1133,409,1542,0,361,,,1785135226.4037492,1,4,success,False,4692,164,stage1_annotation,annotation,11418,L1_TCGGGACAGCTACGTT
DeepSeekBackend,deepseek-v4-flash,deepseek,1130,359,1489,0,300,,,1785135226.5031822,1,4,success,False,4456,248,stage1_annotation,annotation,67052,L5_TTTGGAGGTGGTGATG
DeepSeekBackend,deepseek-v4-flash,deepseek,1133,456,1589,0,371,,,1785135227.0214438,1,4,success,False,5279,284,stage1_annotation,annotation,155438,E2L8_CTTCTCTAGTATAGGT
DeepSeekBackend,deepseek-v4-flash,deepseek,1122,215,1337,0,211,,,1785135227.3355556,1,4,success,False,2741,4,stage1_annotation,annotation,8644,L1_GGTAGAGCACACCAGC
DeepSeekBackend,deepseek-v4-flash,deepseek,1131,280,1411,0,236,,,1785135227.8633685,1,4,success,False,3261,158,stage1_annotation,annotation,98640,E2L3_TAACGACAGCCTTTGA
DeepSeekBackend,deepseek-v4-flash,deepseek,1127,220,1347,0,161,,,1785135228.3834982,1,4,success,False,2756,181,stage1_annotation,annotation,8477,L1_GGGCTCAGTCTGTAGT
DeepSeekBackend,deepseek-v4-flash,deepseek,1128,635,1763,0,592,,,1785135228.6748621,1,4,success,False,6427,147,stage1_annotation,annotation,49784,L4_TCCCACACATGCAGCC
DeepSeekBackend,deepseek-v4-flash,deepseek,1127,302,1429,0,226,,,1785135228.8009949,1,4,success,False,4038,263,stage1_annotation,annotation,45808,L4_GACTTCCAGGGTGGGA
DeepSeekBackend,deepseek-v4-flash,deepseek,1137,609,1746,0,545,,,1785135228.8812377,1,4,success,False,6354,203,stage1_annotation,annotation,13631,L1_TTTCAGTTCCATACTT
DeepSeekBackend,deepseek-v4-flash,deepseek,1126,267,1393,0,184,,,1785135229.006853,1,4,success,False,3283,284,stage1_annotation,annotation,35883,L3_TACCCGTCAGTGGCTC
DeepSeekBackend,deepseek-v4-flash,deepseek,1124,708,1832,0,630,,,1785135229.42343,1,4,success,False,7716,252,stage1_annotation,annotation,55605,L5_ATGCGATTCCAGTGCG
DeepSeekBackend,deepseek-v4-flash,deepseek,1122,2343,3465,0,2263,,,1785135230.5305705,1,4,success,False,26758,353,stage1_annotation,annotation,95626,E2L3_CTGCATCAGGCTCCCA
DeepSeekBackend,deepseek-v4-flash,deepseek,1130,612,1742,0,542,,,1785135231.775778,1,4,success,False,7311,250,stage1_annotation,annotation,53539,L5_ACCCTCAAGAGGCGTT
DeepSeekBackend,deepseek-v4-flash,deepseek,1126,711,1837,0,628,,,1785135231.8438308,1,4,success,False,6766,308,stage1_annotation,annotation,10570,L1_TCAAGACAGGCACTAG
DeepSeekBackend,deepseek-v4-flash,deepseek,1120,1532,2652,0,1433,,,1785135234.30856,1,4,success,False,15794,337,stage1_annotation,annotation,39538,L4_AAGATAGTCGCGATCG
DeepSeekBackend,deepseek-v4-flash,deepseek,1129,766,1895,0,696,,,1785135236.7595475,1,4,success,False,8367,265,stage1_annotation,annotation,114471,E2L5_ACGTAGTTCCGACGGT
DeepSeekBackend,deepseek-v4-flash,deepseek,1115,2549,3664,0,2546,,,1785135237.5861528,1,4,success,False,28726,8,stage1_annotation,annotation,128601,E2L6_CAATCGATCGATTCCC
DeepSeekBackend,deepseek-v4-flash,deepseek,1120,1458,2578,0,1386,,,1785135237.973116,1,4,success,False,15212,289,stage1_annotation,annotation,44537,L4_CTAACTTGTTGTGGAG
DeepSeekBackend,deepseek-v4-flash,deepseek,1129,570,1699,0,488,,,1785135238.1479142,1,4,success,False,6363,261,stage1_annotation,annotation,71794,E2L1_CGTTAGACACACGTGC
DeepSeekBackend,deepseek-v4-flash,deepseek,1125,843,1968,0,776,,,1785135238.4082952,1,4,success,False,9389,203,stage1_annotation,annotation,6012,L1_CTCCCAAAGAGTCGAC
DeepSeekBackend,deepseek-v4-flash,deepseek,1127,1287,2414,0,1229,,,1785135239.33897,1,4,success,False,12924,192,stage1_annotation,annotation,89000,E2L2_TGAGTCAGTCCTTAAG
DeepSeekBackend,deepseek-v4-flash,deepseek,1133,1728,2861,0,1646,,,1785135240.007353,1,4,success,False,18284,266,stage1_annotation,annotation,83461,E2L2_CTACCCACAGTTAGGG
DeepSeekBackend,deepseek-v4-flash,deepseek,1139,1172,2311,0,1110,,,1785135241.632468,1,4,success,False,12818,210,stage1_annotation,annotation,129230,E2L6_CATGGTAAGTCGAAGC
DeepSeekBackend,deepseek-v4-flash,deepseek,1122,1439,2561,0,1349,,,1785135241.8091538,1,4,success,False,15760,330,stage1_annotation,annotation,123550,E2L5_TCTAACTTCCTCGCAT
DeepSeekBackend,deepseek-v4-flash,deepseek,1132,971,2103,0,876,,,1785135243.454148,1,4,success,False,11602,332,stage1_annotation,annotation,151971,E2L8_ATACCTTTCCTGTAAG
DeepSeekBackend,deepseek-v4-flash,deepseek,1116,1346,2462,0,1343,,,1785135243.8274982,1,4,success,False,15955,3,stage1_annotation,annotation,81719,E2L2_CACTAAGAGTTCAACC
DeepSeekBackend,deepseek-v4-flash,deepseek,1122,896,2018,0,822,,,1785135246.9515138,1,4,success,False,8532,259,stage1_annotation,annotation,19706,L2_CTGATCCCAACATCGT
DeepSeekBackend,deepseek-v4-flash,deepseek,1124,1911,3035,0,1908,,,1785135248.6720142,1,4,success,False,19784,3,stage1_annotation,annotation,81942,E2L2_CAGTGCGGTATGAGCG
DeepSeekBackend,deepseek-v4-flash,deepseek,1132,2135,3267,0,2132,,,1785135250.4935057,1,4,success,False,24150,3,stage1_annotation,annotation,24812,L2_TCTACATTCCTGTTGC
DeepSeekBackend,deepseek-v4-flash,deepseek,1116,937,2053,0,934,,,1785135251.9379048,1,4,success,False,10294,3,stage1_annotation,annotation,18049,L2_CCACTTGAGTACAGCG
DeepSeekBackend,deepseek-v4-flash,deepseek,1135,1473,2608,0,1400,,,1785135252.6738272,1,4,success,False,15905,289,stage1_annotation,annotation,25281,L2_TGCACGGTCTGCATGA
DeepSeekBackend,deepseek-v4-flash,deepseek,1123,1238,2361,0,1235,,,1785135253.6869862,1,4,success,False,13664,4,stage1_annotation,annotation,106770,E2L4_CTCAATTAGAAACTCA
DeepSeekBackend,deepseek-v4-flash,deepseek,1133,1204,2337,0,1090,,,1785135253.7498085,1,4,success,False,11929,416,stage1_annotation,annotation,29212,L3_ATCACAGGTTGTAGCT
DeepSeekBackend,deepseek-v4-flash,deepseek,1129,1478,2607,0,1473,,,1785135254.5479484,1,4,success,False,16391,7,stage1_annotation,annotation,40100,L4_ACCCTCATCACCGGGT
DeepSeekBackend,deepseek-v4-flash,deepseek,1124,2417,3541,0,2414,,,1785135255.298911,1,4,success,False,26614,3,stage1_annotation,annotation,101433,E2L3_TTCTAGTCAACCACGC
DeepSeekBackend,deepseek-v4-flash,deepseek,1141,2400,3541,0,2329,,,1785135255.807954,1,4,success,False,25264,240,stage1_annotation,annotation,104650,E2L4_ATTTCACTCTATCGTT
DeepSeekBackend,deepseek-v4-flash,deepseek,1122,1753,2875,0,1660,,,1785135256.3187106,1,4,success,False,18713,312,stage1_annotation,annotation,157008,E2L8_GGCTTGGTCAAGTAAG
DeepSeekBackend,deepseek-v4-flash,deepseek,1126,1223,2349,0,1220,,,1785135257.6878448,1,4,success,False,14222,4,stage1_annotation,annotation,61838,L5_GTACAACGTACTGCGC
DeepSeekBackend,deepseek-v4-flash,deepseek,1130,998,2128,0,995,,,1785135258.5337484,1,4,success,False,11573,4,stage1_annotation,annotation,59130,L5_CTGGACGCAGTAACGG
DeepSeekBackend,deepseek-v4-flash,deepseek,1124,825,1949,0,766,,,1785135259.7120311,1,4,success,False,9208,184,stage1_annotation,annotation,49141,L4_TATACCTGTAGATGTA
DeepSeekBackend,deepseek-v4-flash,deepseek,1126,1147,2273,0,1049,,,1785135262.0518007,1,4,success,False,13368,329,stage1_annotation,annotation,99686,E2L3_TCCCACAGTGAGTAGC
DeepSeekBackend,deepseek-v4-flash,deepseek,1127,1664,2791,0,1661,,,1785135262.1716359,1,4,success,False,18335,4,stage1_annotation,annotation,17078,L2_CAAGACTTCAAGAGTA
DeepSeekBackend,deepseek-v4-flash,deepseek,1124,2917,4041,0,2811,,,1785135262.4482532,1,4,success,False,33016,366,stage1_annotation,annotation,145306,E2L7_GGTCACGCAGTTGAAA
DeepSeekBackend,deepseek-v4-flash,deepseek,1124,3172,4296,0,3100,,,1785135262.5990894,1,4,success,False,36087,251,stage1_annotation,annotation,86295,E2L2_GTAGTACCAAGTTCCA
DeepSeekBackend,deepseek-v4-flash,deepseek,1115,760,1875,0,707,,,1785135264.5026908,1,4,success,False,8685,148,stage1_annotation,annotation,34742,L3_GGTTCTCTCAACGAGG
DeepSeekBackend,deepseek-v4-flash,deepseek,1130,2374,3504,0,2285,,,1785135264.6757429,1,4,success,False,26692,303,stage1_annotation,annotation,19161,L2_CGTTGGGCACATGGTT
DeepSeekBackend,deepseek-v4-flash,deepseek,1131,401,1532,0,399,,,1785135264.7556891,1,4,success,False,5032,2,stage1_annotation,annotation,25377,L2_TGCGACGAGATTCGAA
DeepSeekBackend,deepseek-v4-flash,deepseek,1121,1026,2147,0,960,,,1785135265.461008,1,4,success,False,11765,228,stage1_annotation,annotation,70951,E2L1_CCCGGAATCGTGACTA
DeepSeekBackend,deepseek-v4-flash,deepseek,1131,1025,2156,0,940,,,1785135265.8740025,1,4,success,False,11312,239,stage1_annotation,annotation,149109,E2L7_TTCACCGTCCGCAAAT
DeepSeekBackend,deepseek-v4-flash,deepseek,1136,2582,3718,0,2505,,,1785135268.877083,1,4,success,False,29528,273,stage1_annotation,annotation,94593,E2L3_CCTCTCCAGCAGGCTA
DeepSeekBackend,deepseek-v4-flash,deepseek,1131,492,1623,0,439,,,1785135268.88135,1,4,success,False,6273,159,stage1_annotation,annotation,96706,E2L3_GCAGGCTAGGTTGACG
DeepSeekBackend,deepseek-v4-flash,deepseek,1132,592,1724,0,590,,,1785135269.3563561,1,4,success,False,6897,2,stage1_annotation,annotation,84815,E2L2_GATCATGGTAACGGTG
DeepSeekBackend,deepseek-v4-flash,deepseek,1134,1233,2367,0,1176,,,1785135269.709329,1,4,success,False,14398,185,stage1_annotation,annotation,144073,E2L7_GAGTTACGTAATACCC
DeepSeekBackend,deepseek-v4-flash,deepseek,1135,1092,2227,0,1089,,,1785135270.7176292,1,4,success,False,12174,3,stage1_annotation,annotation,9197,L1_GTCCTCAGTGTTTACG
DeepSeekBackend,deepseek-v4-flash,deepseek,1127,609,1736,0,607,,,1785135270.9388409,1,4,success,False,6254,2,stage1_annotation,annotation,122322,E2L5_TACGGGCGTGACTAAA
DeepSeekBackend,deepseek-v4-flash,deepseek,1126,531,1657,0,484,,,1785135271.6905305,1,4,success,False,7178,140,stage1_annotation,annotation,80854,E2L2_ATCCGTCGTTGCAAGG
DeepSeekBackend,deepseek-v4-flash,deepseek,1123,220,1343,0,218,,,1785135271.9689517,1,4,success,False,3081,2,stage1_annotation,annotation,19992,L2_CTTCCTTGTGCATGAG
DeepSeekBackend,deepseek-v4-flash,deepseek,1135,1686,2821,0,1683,,,1785135272.4252906,1,4,success,False,19741,4,stage1_annotation,annotation,39947,L4_ACAGAAATCCATGCAA
DeepSeekBackend,deepseek-v4-flash,deepseek,1133,4096,5229,0,4077,,,1785135272.5155299,1,4,success,False,45168,55,stage1_annotation,annotation,71477,E2L1_CGATGGCGTGTTGACT
DeepSeekBackend,deepseek-v4-flash,deepseek,1136,1582,2718,0,1515,,,1785135272.93131,1,4,success,False,16603,230,stage1_annotation,annotation,42278,L4_ATTGGGTAGCGAGGAG
DeepSeekBackend,deepseek-v4-flash,deepseek,1131,325,1456,0,255,,,1785135273.1033847,1,4,success,False,4210,200,stage1_annotation,annotation,87474,E2L2_TAGACTGAGTCTGTAC
DeepSeekBackend,deepseek-v4-flash,deepseek,1132,547,1679,0,481,,,1785135273.1486878,1,4,success,False,7677,239,stage1_annotation,annotation,136872,E2L6_TTACAGGTCGAGAAGC
DeepSeekBackend,deepseek-v4-flash,deepseek,1132,768,1900,0,690,,,1785135274.1007562,1,4,success,False,8217,267,stage1_annotation,annotation,82617,E2L2_CCGGGTACATGACAGG
DeepSeekBackend,deepseek-v4-flash,deepseek,1128,3736,4864,0,3658,,,1785135274.60579,1,4,success,False,40289,278,stage1_annotation,annotation,117758,E2L5_CCTGCATTCGTCGGGT
DeepSeekBackend,deepseek-v4-flash,deepseek,1117,4096,5213,0,4096,,,1785135274.748678,1,4,success,False,47716,0,stage1_annotation,annotation,160458,E2L8_TGCTGAATCATCTATC
DeepSeekBackend,deepseek-v4-flash,deepseek,1135,478,1613,0,476,,,1785135275.015286,1,4,success,False,5648,2,stage1_annotation,annotation,110134,E2L4_GTTGCTCCACACCAGC
DeepSeekBackend,deepseek-v4-flash,deepseek,1131,348,1479,0,346,,,1785135276.0284584,1,4,success,False,4329,2,stage1_annotation,annotation,59405,L5_CTTGAGAAGCAATAAC
DeepSeekBackend,deepseek-v4-flash,deepseek,1128,372,1500,0,285,,,1785135276.0740771,1,4,success,False,5124,325,stage1_annotation,annotation,84175,E2L2_CTTGATTAGTTGGACG
DeepSeekBackend,deepseek-v4-flash,deepseek,1124,574,1698,0,497,,,1785135276.3502545,1,4,success,False,6630,226,stage1_annotation,annotation,117094,E2L5_CATTCCGCACTCTAGA
DeepSeekBackend,deepseek-v4-flash,deepseek,1121,2043,3164,0,1968,,,1785135276.7255564,1,4,success,False,22968,249,stage1_annotation,annotation,14428,L2_AATGGAATCCCAGTGG
DeepSeekBackend,deepseek-v4-flash,deepseek,1131,407,1538,0,323,,,1785135278.1838408,1,4,success,False,5027,257,stage1_annotation,annotation,133540,E2L6_GTAGTACTCATTACGG
DeepSeekBackend,deepseek-v4-flash,deepseek,1121,506,1627,0,504,,,1785135278.1882575,1,4,success,False,6209,2,stage1_annotation,annotation,2631,L1_ATCACTTTCACGGGAA
DeepSeekBackend,deepseek-v4-flash,deepseek,1117,618,1735,0,554,,,1785135278.422091,1,4,success,False,7694,195,stage1_annotation,annotation,157111,E2L8_GGGATGAGTTGGGTTT
DeepSeekBackend,deepseek-v4-flash,deepseek,1127,1269,2396,0,1185,,,1785135279.3798518,1,4,success,False,14619,311,stage1_annotation,annotation,63159,L5_TACCCGTCAGCGCGTT
DeepSeekBackend,deepseek-v4-flash,deepseek,1118,519,1637,0,422,,,1785135280.244999,1,4,success,False,6133,350,stage1_annotation,annotation,20996,L2_GCACGGTAGAGCAGCT
DeepSeekBackend,deepseek-v4-flash,deepseek,1128,1720,2848,0,1669,,,1785135280.8028445,1,4,success,False,18617,177,stage1_annotation,annotation,25257,L2_TGATTTCAGTGAGGCT
DeepSeekBackend,deepseek-v4-flash,deepseek,1122,564,1686,0,491,,,1785135281.1679485,1,4,success,False,6141,246,stage1_annotation,annotation,2389,L1_AGTGACTTCGCTGATA
DeepSeekBackend,deepseek-v4-flash,deepseek,1126,1685,2811,0,1596,,,1785135281.4911885,1,4,success,False,19428,250,stage1_annotation,annotation,6614,L1_GAAACCTTCGCCAACG
DeepSeekBackend,deepseek-v4-flash,deepseek,1126,2262,3388,0,2259,,,1785135282.3635027,1,4,success,False,24664,4,stage1_annotation,annotation,92254,E2L3_AGGCATTCAAGCGAAC
DeepSeekBackend,deepseek-v4-flash,deepseek,1121,848,1969,0,846,,,1785135282.4907026,1,4,success,False,9964,2,stage1_annotation,annotation,143854,E2L7_GACTGATGTGTCTAAC
DeepSeekBackend,deepseek-v4-flash,deepseek,1141,361,1502,0,289,,,1785135282.5079055,1,4,success,False,4310,250,stage1_annotation,annotation,140004,E2L7_ATCATTCCAATGCAGG
DeepSeekBackend,deepseek-v4-flash,deepseek,1124,925,2049,0,853,,,1785135282.841125,1,4,success,False,9901,217,stage1_annotation,annotation,103051,E2L4_ACTCTCGAGGTTGAGC
DeepSeekBackend,deepseek-v4-flash,deepseek,1123,989,2112,0,983,,,1785135283.6789904,1,4,success,False,10566,16,stage1_annotation,annotation,36977,L3_TCCTTTCTCGACTCCT
DeepSeekBackend,deepseek-v4-flash,deepseek,1126,1073,2199,0,973,,,1785135285.3399744,1,4,success,False,12904,300,stage1_annotation,annotation,103140,E2L4_ACTTCGCCAAGCGCAA
DeepSeekBackend,deepseek-v4-flash,deepseek,1122,744,1866,0,669,,,1785135286.721991,1,4,success,False,8521,246,stage1_annotation,annotation,74399,E2L1_GTAACACCAACACGTT
DeepSeekBackend,deepseek-v4-flash,deepseek,1126,1112,2238,0,1019,,,1785135288.30859,1,4,success,False,12222,365,stage1_annotation,annotation,3307,L1_ATTTCACTCACAAGGG
DeepSeekBackend,deepseek-v4-flash,deepseek,1120,3201,4321,0,3198,,,1785135288.4754393,1,4,success,False,36525,4,stage1_annotation,annotation,34476,L3_GGGCTACAGAGGGCGA
DeepSeekBackend,deepseek-v4-flash,deepseek,1153,1328,2481,1024,1323,,,1785135289.7522285,1,4,success,False,15003,7,stage1_annotation,annotation,160458,E2L8_TGCTGAATCATCTATC
DeepSeekBackend,deepseek-v4-flash,deepseek,1129,1330,2459,0,1213,,,1785135290.4276676,1,4,success,False,15811,385,stage1_annotation,annotation,1215,L1_ACGTCCTCAATCCTTT
DeepSeekBackend,deepseek-v4-flash,deepseek,1143,1320,2463,0,1238,,,1785135291.0727413,1,4,success,False,15034,307,stage1_annotation,annotation,106989,E2L4_CTCTCAGGTGACTGAG
DeepSeekBackend,deepseek-v4-flash,deepseek,1138,365,1503,0,283,,,1785135294.497075,1,4,success,False,4691,271,stage1_annotation,annotation,126863,E2L6_AGACAGGCACATAGCT
DeepSeekBackend,deepseek-v4-flash,deepseek,1132,400,1532,0,303,,,1785135295.0605953,1,4,success,False,5222,346,stage1_annotation,annotation,156959,E2L8_GGCAGTCAGAATCGAT
DeepSeekBackend,deepseek-v4-flash,deepseek,1125,521,1646,0,438,,,1785135295.961192,1,4,success,False,6040,275,stage1_annotation,annotation,29638,L3_ATTACCTTCCATTGGA
DeepSeekBackend,deepseek-v4-flash,deepseek,1136,583,1719,0,478,,,1785135296.4008694,1,4,success,False,6449,308,stage1_annotation,annotation,148264,E2L7_TGATGGTTCACGGTCG
DeepSeekBackend,deepseek-v4-flash,deepseek,1110,422,1532,0,350,,,1785135296.6019294,1,4,success,False,6639,247,stage1_annotation,annotation,100010,E2L3_TCGGTCTGTCGCTCGA
DeepSeekBackend,deepseek-v4-flash,deepseek,1118,623,1741,0,551,,,1785135297.524315,1,4,success,False,7678,233,stage1_annotation,annotation,159860,E2L8_TCTACCGAGCTCGACC
DeepSeekBackend,deepseek-v4-flash,deepseek,1130,1852,2982,0,1764,,,1785135297.559437,1,4,success,False,20824,272,stage1_annotation,annotation,14442,L2_AATGGCTGTCAAAGTA
DeepSeekBackend,deepseek-v4-flash,deepseek,1129,671,1800,0,581,,,1785135298.1032662,1,4,success,False,8230,306,stage1_annotation,annotation,104936,E2L4_CACGAATGTAGTCGTT
DeepSeekBackend,deepseek-v4-flash,deepseek,1133,752,1885,0,681,,,1785135299.759423,1,4,success,False,9826,227,stage1_annotation,annotation,135600,E2L6_TCGATTTCACCTAAAC
DeepSeekBackend,deepseek-v4-flash,deepseek,1117,963,2080,0,902,,,1785135300.469168,1,4,success,False,10522,192,stage1_annotation,annotation,37388,L3_TGAATGCGTTGCATTG
DeepSeekBackend,deepseek-v4-flash,deepseek,1126,900,2026,0,816,,,1785135301.321613,1,4,success,False,11381,289,stage1_annotation,annotation,19277,L2_CTACTATGTGATCATC
DeepSeekBackend,deepseek-v4-flash,deepseek,1132,2240,3372,0,2148,,,1785135301.592014,1,4,success,False,25229,336,stage1_annotation,annotation,144019,E2L7_GAGTCATAGGTTTGAA
DeepSeekBackend,deepseek-v4-flash,deepseek,1123,524,1647,0,522,,,1785135301.7429762,1,4,success,False,6671,2,stage1_annotation,annotation,112086,E2L4_TGCAGGCAGAAGCCTG
DeepSeekBackend,deepseek-v4-flash,deepseek,1128,314,1442,0,312,,,1785135302.5877655,1,4,success,False,4477,2,stage1_annotation,annotation,130605,E2L6_CTAGACACAGGCGTTC
DeepSeekBackend,deepseek-v4-flash,deepseek,1127,221,1348,0,216,,,1785135305.2494452,1,4,success,False,2650,11,stage1_annotation,annotation,114465,E2L5_ACGTAGTCAGGCTACC
DeepSeekBackend,deepseek-v4-flash,deepseek,1130,280,1410,0,206,,,1785135305.339541,1,4,success,False,4007,242,stage1_annotation,annotation,7430,L1_GATGCTATCCTGTACC
DeepSeekBackend,deepseek-v4-flash,deepseek,1133,296,1429,0,211,,,1785135305.4009492,1,4,success,False,3643,279,stage1_annotation,annotation,24314,L2_TCCATCGCATCGGAAG
DeepSeekBackend,deepseek-v4-flash,deepseek,1129,359,1488,0,285,,,1785135305.5046453,1,4,success,False,3900,225,stage1_annotation,annotation,154894,E2L8_CTCAGTCCAGACGATG
DeepSeekBackend,deepseek-v4-flash,deepseek,1132,1279,2411,0,1201,,,1785135305.686077,1,4,success,False,15795,227,stage1_annotation,annotation,133682,E2L6_GTCCCATAGCCGGATA
DeepSeekBackend,deepseek-v4-flash,deepseek,1125,1289,2414,0,1214,,,1785135306.0496519,1,4,success,False,15613,225,stage1_annotation,annotation,125101,E2L5_TTGAGTGCAGAAATTG
DeepSeekBackend,deepseek-v4-flash,deepseek,1132,962,2094,0,887,,,1785135306.909622,1,4,success,False,12404,272,stage1_annotation,annotation,117572,E2L5_CCGTGAGGTGTGGTCC
DeepSeekBackend,deepseek-v4-flash,deepseek,1133,1454,2587,0,1368,,,1785135307.4423208,1,4,success,False,17526,268,stage1_annotation,annotation,21188,L2_GCCAGCATCGAGCCAC
DeepSeekBackend,deepseek-v4-flash,deepseek,1134,157,1291,0,152,,,1785135307.5839663,1,4,success,False,2172,11,stage1_annotation,annotation,101868,E2L3_TTTGGAGCACCAGGTC
DeepSeekBackend,deepseek-v4-flash,deepseek,1124,993,2117,0,915,,,1785135307.648941,1,4,success,False,11237,291,stage1_annotation,annotation,95907,E2L3_CTTTCAATCGAGTGAG
DeepSeekBackend,deepseek-v4-flash,deepseek,1123,1413,2536,0,1334,,,1785135307.8974485,1,4,success,False,16814,315,stage1_annotation,annotation,35841,L3_TACAGGTGTAGTTACC
DeepSeekBackend,deepseek-v4-flash,deepseek,1121,689,1810,0,577,,,1785135307.9657917,1,4,success,False,8194,396,stage1_annotation,annotation,5157,L1_CGAGTTAGTGTACAGG
DeepSeekBackend,deepseek-v4-flash,deepseek,1127,207,1334,0,202,,,1785135308.2397788,1,4,success,False,2892,11,stage1_annotation,annotation,57480,L5_CCGTGAGAGATGCTAA
DeepSeekBackend,deepseek-v4-flash,deepseek,1122,216,1338,0,211,,,1785135308.7973711,1,4,success,False,3101,11,stage1_annotation,annotation,70469,E2L1_CAGTTCCGTTATTCCT
DeepSeekBackend,deepseek-v4-flash,deepseek,1132,204,1336,0,199,,,1785135309.0185616,1,4,success,False,2958,11,stage1_annotation,annotation,14967,L2_ACTATCTGTTCGGCGT
DeepSeekBackend,deepseek-v4-flash,deepseek,1130,662,1792,0,660,,,1785135309.5496986,1,4,success,False,9069,2,stage1_annotation,annotation,83172,E2L2_CGGAGAACACGGATCC
DeepSeekBackend,deepseek-v4-flash,deepseek,1134,243,1377,0,238,,,1785135310.6924148,1,4,success,False,3240,11,stage1_annotation,annotation,160550,E2L8_TGGATGTTCCACGTCT
DeepSeekBackend,deepseek-v4-flash,deepseek,1123,232,1355,0,227,,,1785135311.0022,1,4,success,False,3403,11,stage1_annotation,annotation,516,L1_AAGTACCGTGAGGAAA
DeepSeekBackend,deepseek-v4-flash,deepseek,1134,338,1472,0,265,,,1785135311.134976,1,4,success,False,4214,220,stage1_annotation,annotation,29294,L3_ATCCCTGAGGGCAGTT
DeepSeekBackend,deepseek-v4-flash,deepseek,1128,1851,2979,0,1848,,,1785135311.6683714,1,4,success,False,21767,3,stage1_annotation,annotation,92257,E2L3_AGGCATTGTGAACGGT
DeepSeekBackend,deepseek-v4-flash,deepseek,1122,268,1390,0,263,,,1785135311.7682,1,4,success,False,3859,11,stage1_annotation,annotation,127796,E2L6_ATCACTTTCCGTGGCA
DeepSeekBackend,deepseek-v4-flash,deepseek,1128,252,1380,0,175,,,1785135312.0577185,1,4,success,False,3252,232,stage1_annotation,annotation,46191,L4_GATGAGGTCTCGGTAA
DeepSeekBackend,deepseek-v4-flash,deepseek,1130,378,1508,0,373,,,1785135312.20039,1,4,success,False,4537,11,stage1_annotation,annotation,79075,E2L2_AATGCCAAGTATCCTG
DeepSeekBackend,deepseek-v4-flash,deepseek,1127,323,1450,0,318,,,1785135312.2421124,1,4,success,False,4266,11,stage1_annotation,annotation,51658,L4_TTCAATCAGGCTTCCG
DeepSeekBackend,deepseek-v4-flash,deepseek,1128,257,1385,0,252,,,1785135313.2568712,1,4,success,False,3696,11,stage1_annotation,annotation,47256,L4_GGGCGTTCAAATACGA
DeepSeekBackend,deepseek-v4-flash,deepseek,1120,232,1352,0,174,,,1785135313.319792,1,4,success,False,2616,182,stage1_annotation,annotation,125841,E2L6_AAGACTCTCAACGCTA
DeepSeekBackend,deepseek-v4-flash,deepseek,1128,1404,2532,0,1401,,,1785135313.6499336,1,4,success,False,16083,3,stage1_annotation,annotation,18575,L2_CCTTGTGTCTTCGATT
DeepSeekBackend,deepseek-v4-flash,deepseek,1124,471,1595,0,399,,,1785135313.81078,1,4,success,False,5559,204,stage1_annotation,annotation,26213,L2_TTCATGTAGGAAGAAC
DeepSeekBackend,deepseek-v4-flash,deepseek,1130,814,1944,0,740,,,1785135314.105719,1,4,success,False,8845,249,stage1_annotation,annotation,10112,L1_TACCTCGCAAAGGCTG
DeepSeekBackend,deepseek-v4-flash,deepseek,1125,405,1530,0,340,,,1785135314.1739516,1,4,success,False,5145,202,stage1_annotation,annotation,5296,L1_CGGAACCTCCGTGGGT
DeepSeekBackend,deepseek-v4-flash,deepseek,1134,1534,2668,0,1441,,,1785135314.1865096,1,4,success,False,18212,266,stage1_annotation,annotation,135164,E2L6_TCAGTTTAGTACTCGT
DeepSeekBackend,deepseek-v4-flash,deepseek,1128,198,1326,0,141,,,1785135314.6824343,1,4,success,False,2615,189,stage1_annotation,annotation,67405,E2L1_AAGAACACATAATCGC
DeepSeekBackend,deepseek-v4-flash,deepseek,1138,202,1340,0,138,,,1785135314.7834318,1,4,success,False,2570,201,stage1_annotation,annotation,68220,E2L1_ACTGATGTCTTCGATT
DeepSeekBackend,deepseek-v4-flash,deepseek,1142,270,1412,0,206,,,1785135314.8013802,1,4,success,False,3125,195,stage1_annotation,annotation,95604,E2L3_CTGATCCGTCGCACAC
DeepSeekBackend,deepseek-v4-flash,deepseek,1136,263,1399,0,188,,,1785135315.1610863,1,4,success,False,3383,225,stage1_annotation,annotation,117904,E2L5_CGATCGGGTAGCGTTT
DeepSeekBackend,deepseek-v4-flash,deepseek,1132,1417,2549,0,1411,,,1785135315.2850866,1,4,success,False,18674,13,stage1_annotation,annotation,154549,E2L8_CGTGAATTCACTCTTA
DeepSeekBackend,deepseek-v4-flash,deepseek,1135,143,1278,0,140,,,1785135315.3516803,1,4,success,False,2084,8,stage1_annotation,annotation,137357,E2L6_TTGCTGCCAGCCCACA
DeepSeekBackend,deepseek-v4-flash,deepseek,1119,266,1385,0,220,,,1785135315.5641003,1,4,success,False,3309,150,stage1_annotation,annotation,118277,E2L5_CGTTAGATCTGAGGCC
DeepSeekBackend,deepseek-v4-flash,deepseek,1128,2053,3181,0,1952,,,1785135315.9543095,1,4,success,False,26129,318,stage1_annotation,annotation,127381,E2L6_AGGTAGGAGTGCACCC
DeepSeekBackend,deepseek-v4-flash,deepseek,1132,100,1232,0,97,,,1785135315.9640477,1,4,success,False,1780,8,stage1_annotation,annotation,62837,L5_GTTGTAGCAAACGTGG
DeepSeekBackend,deepseek-v4-flash,deepseek,1121,168,1289,0,103,,,1785135316.4371393,1,4,success,False,2322,212,stage1_annotation,annotation,83146,E2L2_CGGAATTTCGTGGACC
DeepSeekBackend,deepseek-v4-flash,deepseek,1125,251,1376,0,196,,,1785135316.6113431,1,4,success,False,2952,178,stage1_annotation,annotation,43383,L4_CCACACTAGTGATGGC
DeepSeekBackend,deepseek-v4-flash,deepseek,1125,268,1393,0,213,,,1785135316.654128,1,4,success,False,3323,161,stage1_annotation,annotation,158089,E2L8_GTGGTTAGTTGCACGC
DeepSeekBackend,deepseek-v4-flash,deepseek,1124,223,1347,0,164,,,1785135316.9344153,1,4,success,False,2739,176,stage1_annotation,annotation,151355,E2L8_AGCGATTAGGTACATA
DeepSeekBackend,deepseek-v4-flash,deepseek,1119,140,1259,0,137,,,1785135316.9640222,1,4,success,False,2153,8,stage1_annotation,annotation,98355,E2L3_GTGTGATAGGTTCAGG
DeepSeekBackend,deepseek-v4-flash,deepseek,1116,2199,3315,0,2104,,,1785135317.2342794,1,4,success,False,27380,340,stage1_annotation,annotation,22522,L2_GTCATTTTCTCATGCC
DeepSeekBackend,deepseek-v4-flash,deepseek,1142,242,1384,0,199,,,1785135317.4408798,1,4,success,False,2750,148,stage1_annotation,annotation,101431,E2L3_TTCTAGTAGAAGCGCT
DeepSeekBackend,deepseek-v4-flash,deepseek,1135,248,1383,0,201,,,1785135317.8542204,1,4,success,False,3059,146,stage1_annotation,annotation,103375,E2L4_AGATCGTCAACAGCCC
DeepSeekBackend,deepseek-v4-flash,deepseek,1130,347,1477,0,290,,,1785135317.8750243,1,4,success,False,4055,188,stage1_annotation,annotation,80288,E2L2_AGGCATTAGCCTTTCC
DeepSeekBackend,deepseek-v4-flash,deepseek,1124,176,1300,0,116,,,1785135318.0905876,1,4,success,False,2793,209,stage1_annotation,annotation,61460,L5_GGGTATTTCCCTAGGG
DeepSeekBackend,deepseek-v4-flash,deepseek,1129,604,1733,0,534,,,1785135318.5684633,1,4,success,False,7424,207,stage1_annotation,annotation,107081,E2L4_CTGCAGGTCGGACTGC
DeepSeekBackend,deepseek-v4-flash,deepseek,1122,1523,2645,0,1434,,,1785135321.746647,1,4,success,False,16233,292,stage1_annotation,annotation,59073,L5_CTGCCTAGTGTTTACG
DeepSeekBackend,deepseek-v4-flash,deepseek,1131,2004,3135,0,1910,,,1785135321.889,1,4,success,False,24353,344,stage1_annotation,annotation,116682,E2L5_CAGATACAGATAGCAT
DeepSeekBackend,deepseek-v4-flash,deepseek,1140,528,1668,0,472,,,1785135323.9173524,1,4,success,False,6601,183,stage1_annotation,annotation,52228,L4_TTTACGTCACTGGACC
DeepSeekBackend,deepseek-v4-flash,deepseek,1142,577,1719,0,499,,,1785135324.1352155,1,4,success,False,6832,285,stage1_annotation,annotation,52137,L4_TTGTGGACACGCGTCA
DeepSeekBackend,deepseek-v4-flash,deepseek,1135,2851,3986,0,2845,,,1785135325.0670357,1,4,success,False,35094,13,stage1_annotation,annotation,85491,E2L2_GGAACCCGTTCTCCCA
DeepSeekBackend,deepseek-v4-flash,deepseek,1136,684,1820,0,617,,,1785135325.547451,1,4,success,False,8226,247,stage1_annotation,annotation,54454,L5_AGCGCCAGTGGCTGCT
DeepSeekBackend,deepseek-v4-flash,deepseek,1142,663,1805,0,577,,,1785135325.723119,1,4,success,False,8393,260,stage1_annotation,annotation,49809,L4_TCCCATGCACCTGCAG
DeepSeekBackend,deepseek-v4-flash,deepseek,1141,789,1930,0,738,,,1785135326.2623332,1,4,success,False,8971,134,stage1_annotation,annotation,79611,E2L2_ACGTTCCTCCCGAGGT
DeepSeekBackend,deepseek-v4-flash,deepseek,1129,836,1965,0,778,,,1785135327.8872993,1,4,success,False,10603,179,stage1_annotation,annotation,17459,L2_CAGCAGCTCGCTAATG
DeepSeekBackend,deepseek-v4-flash,deepseek,1132,1123,2255,0,1118,,,1785135328.0050912,1,4,success,False,12642,7,stage1_annotation,annotation,31255,L3_CCTACGTAGAAAGTCT
DeepSeekBackend,deepseek-v4-flash,deepseek,1120,285,1405,0,281,,,1785135329.4883072,1,4,success,False,3756,4,stage1_annotation,annotation,74797,E2L1_GTCTCACAGCTGTGCC
DeepSeekBackend,deepseek-v4-flash,deepseek,1137,1014,2151,0,945,,,1785135329.7051218,1,4,success,False,12445,234,stage1_annotation,annotation,20256,L2_GAATCGTCAAGTATCC
DeepSeekBackend,deepseek-v4-flash,deepseek,1130,397,1527,0,394,,,1785135330.0514212,1,4,success,False,4952,4,stage1_annotation,annotation,48510,L4_GTTCGCTTCGTTAGAC
DeepSeekBackend,deepseek-v4-flash,deepseek,1127,439,1566,0,368,,,1785135330.8092804,1,4,success,False,5250,234,stage1_annotation,annotation,15093,L2_ACTTATCAGGTTAGTA
DeepSeekBackend,deepseek-v4-flash,deepseek,1126,984,2110,0,896,,,1785135330.9786115,1,4,success,False,13095,296,stage1_annotation,annotation,48054,L4_GTCTAGAGTATAATGG
DeepSeekBackend,deepseek-v4-flash,deepseek,1133,1213,2346,0,1113,,,1785135331.3659325,1,4,success,False,13266,380,stage1_annotation,annotation,38456,L3_TTCACGCTCAAAGGTA
DeepSeekBackend,deepseek-v4-flash,deepseek,1123,475,1598,0,410,,,1785135331.50995,1,4,success,False,5237,205,stage1_annotation,annotation,47612,L4_GTAAGTCGTCGCATGC
DeepSeekBackend,deepseek-v4-flash,deepseek,1123,351,1474,0,277,,,1785135332.4700747,1,4,success,False,4454,247,stage1_annotation,annotation,30351,L3_CAGATCATCACTTATC
DeepSeekBackend,deepseek-v4-flash,deepseek,1126,1380,2506,0,1322,,,1785135333.5066404,1,4,success,False,16054,214,stage1_annotation,annotation,8720,L1_GGTGGCTTCTGGCTGG
DeepSeekBackend,deepseek-v4-flash,deepseek,1120,374,1494,0,290,,,1785135334.402125,1,4,success,False,4902,304,stage1_annotation,annotation,54594,L5_AGGAGGTCATCCTTCG
DeepSeekBackend,deepseek-v4-flash,deepseek,1127,1686,2813,0,1614,,,1785135334.9217339,1,4,success,False,19750,235,stage1_annotation,annotation,155038,E2L8_CTCGAGGGTAACATGA
DeepSeekBackend,deepseek-v4-flash,deepseek,1122,391,1513,0,387,,,1785135335.2171633,1,4,success,False,5501,4,stage1_annotation,annotation,126684,E2L6_ACTGTGATCCACGGAC
DeepSeekBackend,deepseek-v4-flash,deepseek,1124,329,1453,0,237,,,1785135335.692003,1,4,success,False,4872,345,stage1_annotation,annotation,54448,L5_AGCGCCACAGGTCAAG
DeepSeekBackend,deepseek-v4-flash,deepseek,1123,454,1577,0,373,,,1785135335.8029304,1,4,success,False,4813,305,stage1_annotation,annotation,11118,L1_TCCCATGAGGAATGTT
DeepSeekBackend,deepseek-v4-flash,deepseek,1122,385,1507,0,307,,,1785135336.013377,1,4,success,False,4637,286,stage1_annotation,annotation,116590,E2L5_CACGTGGAGGAAAGGT
DeepSeekBackend,deepseek-v4-flash,deepseek,1121,287,1408,0,198,,,1785135336.3355992,1,4,success,False,3855,329,stage1_annotation,annotation,152675,E2L8_CAACAGTCAGGATTCT
DeepSeekBackend,deepseek-v4-flash,deepseek,1137,1192,2329,0,1187,,,1785135336.5297418,1,4,success,False,14773,9,stage1_annotation,annotation,56779,L5_CATCGCTTCAAACGAA
DeepSeekBackend,deepseek-v4-flash,deepseek,1130,586,1716,0,533,,,1785135336.6110263,1,4,success,False,6547,143,stage1_annotation,annotation,129612,E2L6_CCGAACGAGAGCCGAT
DeepSeekBackend,deepseek-v4-flash,deepseek,1123,283,1406,0,198,,,1785135336.8598113,1,4,success,False,3343,295,stage1_annotation,annotation,127899,E2L6_ATCGATGAGCTAATGA
DeepSeekBackend,deepseek-v4-flash,deepseek,1136,1606,2742,0,1603,,,1785135337.0002856,1,4,success,False,18421,7,stage1_annotation,annotation,46657,L4_GCGATCGGTGTTCCTC
DeepSeekBackend,deepseek-v4-flash,deepseek,1124,752,1876,0,667,,,1785135337.0784335,1,4,success,False,9182,257,stage1_annotation,annotation,56244,L5_CACAACATCGTGCGAC
DeepSeekBackend,deepseek-v4-flash,deepseek,1129,190,1319,0,186,,,1785135337.33786,1,4,success,False,2406,4,stage1_annotation,annotation,7747,L1_GCCAGCACAGCAGTTT
DeepSeekBackend,deepseek-v4-flash,deepseek,1136,1676,2812,0,1671,,,1785135337.7561235,1,4,success,False,19892,7,stage1_annotation,annotation,22185,L2_GGTTAACTCGGTCACG
DeepSeekBackend,deepseek-v4-flash,deepseek,1122,238,1360,0,183,,,1785135338.2888484,1,4,success,False,3060,175,stage1_annotation,annotation,76907,E2L1_TCTTTGATCGTGGGTC
DeepSeekBackend,deepseek-v4-flash,deepseek,1124,363,1487,0,299,,,1785135339.8993769,1,4,success,False,4087,184,stage1_annotation,annotation,84449,E2L2_GACCCTTAGGCACTAG
DeepSeekBackend,deepseek-v4-flash,deepseek,1133,308,1441,0,221,,,1785135339.9906135,1,4,success,False,3967,305,stage1_annotation,annotation,122898,E2L5_TCAGTTTTCCATAAGC
DeepSeekBackend,deepseek-v4-flash,deepseek,1126,657,1783,0,594,,,1785135341.19008,1,4,success,False,6778,240,stage1_annotation,annotation,11291,L1_TCGAAGTCAACCTAAC
DeepSeekBackend,deepseek-v4-flash,deepseek,1124,833,1957,0,773,,,1785135341.7371044,1,4,success,False,10214,237,stage1_annotation,annotation,6356,L1_CTGTAGAAGACCGCCT
DeepSeekBackend,deepseek-v4-flash,deepseek,1132,705,1837,0,624,,,1785135343.6375954,1,4,success,False,7933,226,stage1_annotation,annotation,79136,E2L2_ACAAAGAAGTTCCGTA
DeepSeekBackend,deepseek-v4-flash,deepseek,1117,534,1651,0,451,,,1785135343.657575,1,4,success,False,7310,275,stage1_annotation,annotation,63636,L5_TATTGCTAGGGCTTCC
DeepSeekBackend,deepseek-v4-flash,deepseek,1124,561,1685,0,557,,,1785135343.7583473,1,4,success,False,7215,4,stage1_annotation,annotation,127869,E2L6_ATCCGTCCATCCGTTC
DeepSeekBackend,deepseek-v4-flash,deepseek,1118,590,1708,0,529,,,1785135344.0525146,1,4,success,False,7181,180,stage1_annotation,annotation,154468,E2L8_CGGTCAGGTGGACTGA
DeepSeekBackend,deepseek-v4-flash,deepseek,1120,334,1454,0,330,,,1785135344.385218,1,4,success,False,4473,4,stage1_annotation,annotation,76731,E2L1_TCGTGGGTCTCAACGA
DeepSeekBackend,deepseek-v4-flash,deepseek,1122,741,1863,0,737,,,1785135344.6738086,1,4,success,False,8054,9,stage1_annotation,annotation,40896,L4_AGCCAGCCATACTGAC
DeepSeekBackend,deepseek-v4-flash,deepseek,1128,3009,4137,0,3006,,,1785135345.339999,1,4,success,False,34328,7,stage1_annotation,annotation,55511,L5_ATGAGGGCAAACTCTG
DeepSeekBackend,deepseek-v4-flash,deepseek,1122,700,1822,0,641,,,1785135345.697068,1,4,success,False,8349,218,stage1_annotation,annotation,26244,L2_TTCATTGTCTCCATAT
DeepSeekBackend,deepseek-v4-flash,deepseek,1137,2544,3681,0,2461,,,1785135346.629856,1,4,success,False,29349,273,stage1_annotation,annotation,31678,L3_CGCCAGACAGCTGTCG
DeepSeekBackend,deepseek-v4-flash,deepseek,1133,1765,2898,0,1760,,,1785135346.8231995,1,4,success,False,21715,7,stage1_annotation,annotation,57273,L5_CCCTCAAGTGCGTTTA
DeepSeekBackend,deepseek-v4-flash,deepseek,1119,861,1980,0,810,,,1785135347.4800544,1,4,success,False,9180,161,stage1_annotation,annotation,13495,L1_TTGTGTTTCTTCACGC
DeepSeekBackend,deepseek-v4-flash,deepseek,1121,834,1955,0,765,,,1785135347.73493,1,4,success,False,9969,234,stage1_annotation,annotation,108843,E2L4_GGCTGTGTCTGTTCAT
DeepSeekBackend,deepseek-v4-flash,deepseek,1134,908,2042,0,790,,,1785135348.4013765,1,4,success,False,11313,448,stage1_annotation,annotation,127721,E2L6_ATAGAGAGTATGGAAT
DeepSeekBackend,deepseek-v4-flash,deepseek,1120,247,1367,0,243,,,1785135348.7081757,1,4,success,False,3245,4,stage1_annotation,annotation,71815,E2L1_CGTTCTGGTAACGCGA
DeepSeekBackend,deepseek-v4-flash,deepseek,1126,929,2055,0,829,,,1785135348.782571,1,4,success,False,11771,351,stage1_annotation,annotation,80805,E2L2_ATCATTCAGGCAGGTT
DeepSeekBackend,deepseek-v4-flash,deepseek,1126,312,1438,0,308,,,1785135349.351273,1,4,success,False,3933,4,stage1_annotation,annotation,59182,L5_CTGTACCAGTGCTACT
DeepSeekBackend,deepseek-v4-flash,deepseek,1125,380,1505,0,271,,,1785135350.0832832,1,4,success,False,4638,357,stage1_annotation,annotation,113531,E2L5_AAAGTCCTCGACGTCG
DeepSeekBackend,deepseek-v4-flash,deepseek,1127,430,1557,0,376,,,1785135350.1078799,1,4,success,False,4738,165,stage1_annotation,annotation,126443,E2L6_ACGCACGAGAGGGCGA
DeepSeekBackend,deepseek-v4-flash,deepseek,1133,2071,3204,0,1949,,,1785135350.1767418,1,4,success,False,25082,415,stage1_annotation,annotation,28558,L3_AGCCAGCTCCGATAGT
DeepSeekBackend,deepseek-v4-flash,deepseek,1131,419,1550,0,351,,,1785135350.39501,1,4,success,False,4936,275,stage1_annotation,annotation,115008,E2L5_AGCGCCAAGGTTATAG
DeepSeekBackend,deepseek-v4-flash,deepseek,1129,1970,3099,0,1907,,,1785135350.843914,1,4,success,False,25731,222,stage1_annotation,annotation,62151,L5_GTCCTCACAAGATCCT
DeepSeekBackend,deepseek-v4-flash,deepseek,1123,574,1697,0,500,,,1785135352.6105828,1,4,success,False,7199,233,stage1_annotation,annotation,149862,E2L8_AAAGTGACAAGTGCAG
DeepSeekBackend,deepseek-v4-flash,deepseek,1129,652,1781,0,647,,,1785135353.835648,1,4,success,False,8128,7,stage1_annotation,annotation,136562,E2L6_TGGGTTATCAATCAGC
DeepSeekBackend,deepseek-v4-flash,deepseek,1125,755,1880,0,681,,,1785135355.5691803,1,4,success,False,10186,318,stage1_annotation,annotation,125619,E2L6_AAATGGACACTCATAG
DeepSeekBackend,deepseek-v4-flash,deepseek,1121,991,2112,0,916,,,1785135356.7420852,1,4,success,False,11304,254,stage1_annotation,annotation,2382,L1_AGTGACTGTATTAAGG
DeepSeekBackend,deepseek-v4-flash,deepseek,1135,1051,2186,0,988,,,1785135358.873841,1,4,success,False,12041,207,stage1_annotation,annotation,31210,L3_CCGTGAGAGTTCCTGA
DeepSeekBackend,deepseek-v4-flash,deepseek,1129,1076,2205,0,1011,,,1785135360.6594725,1,4,success,False,11870,210,stage1_annotation,annotation,25458,L2_TGCTTCGCACGAAAGC
DeepSeekBackend,deepseek-v4-flash,deepseek,1127,4096,5223,0,4086,,,1785135364.46298,1,4,success,False,48888,28,stage1_annotation,annotation,50541,L4_TGACCCTTCGAAGTGG
DeepSeekBackend,deepseek-v4-flash,deepseek,1137,1943,3080,0,1880,,,1785135370.1738713,1,4,success,False,21457,215,stage1_annotation,annotation,58805,L5_CTCCCAAAGCAGATAT
DeepSeekBackend,deepseek-v4-flash,deepseek,1126,2109,3235,0,2028,,,1785135371.0719795,1,4,success,False,22660,283,stage1_annotation,annotation,37398,L3_TGACAGTCATCAGCTA
DeepSeekBackend,deepseek-v4-flash,deepseek,1135,2103,3238,0,2099,,,1785135372.01935,1,4,success,False,26593,4,stage1_annotation,annotation,117778,E2L5_CCTTCAGTCTGTCCGT
DeepSeekBackend,deepseek-v4-flash,deepseek,1139,584,1723,0,506,,,1785135372.0849693,1,4,success,False,7557,274,stage1_annotation,annotation,11341,L1_TCGCACTAGCAATTCC
DeepSeekBackend,deepseek-v4-flash,deepseek,1146,1782,2928,0,1717,,,1785135372.3655717,1,4,success,False,23002,196,stage1_annotation,annotation,41918,L4_ATGAAAGGTGTTTACG
DeepSeekBackend,deepseek-v4-flash,deepseek,1129,648,1777,0,572,,,1785135372.5987723,1,4,success,False,7993,282,stage1_annotation,annotation,42194,L4_ATTCAGGCACAGTACT
DeepSeekBackend,deepseek-v4-flash,deepseek,1137,2287,3424,0,2211,,,1785135373.7384765,1,4,success,False,25994,279,stage1_annotation,annotation,2582,L1_ATATCCTCATGCCATA
DeepSeekBackend,deepseek-v4-flash,deepseek,1114,817,1931,0,774,,,1785135374.8856623,1,4,success,False,10287,146,stage1_annotation,annotation,141081,E2L7_CAGCACGGTACTGACT
DeepSeekBackend,deepseek-v4-flash,deepseek,1138,265,1403,0,203,,,1785135375.085227,1,4,success,False,3999,216,stage1_annotation,annotation,127818,E2L6_ATCATTCGTGGTCTCG
DeepSeekBackend,deepseek-v4-flash,deepseek,1124,432,1556,0,331,,,1785135375.5018086,1,4,success,False,5318,318,stage1_annotation,annotation,77296,E2L1_TGCTTCGAGATCCAAA
DeepSeekBackend,deepseek-v4-flash,deepseek,1129,994,2123,0,990,,,1785135375.7984776,1,4,success,False,11237,7,stage1_annotation,annotation,6008,L1_CTCCATGCATCGGCCA
DeepSeekBackend,deepseek-v4-flash,deepseek,1115,974,2089,0,969,,,1785135376.3781486,1,4,success,False,11789,7,stage1_annotation,annotation,65735,L5_TGTAACGAGATGGGCT
DeepSeekBackend,deepseek-v4-flash,deepseek,1139,314,1453,0,243,,,1785135377.8238518,1,4,success,False,4076,199,stage1_annotation,annotation,98994,E2L3_TAGATCGGTTGACGGA
DeepSeekBackend,deepseek-v4-flash,deepseek,1141,437,1578,0,353,,,1785135378.0905,1,4,success,False,5715,294,stage1_annotation,annotation,116360,E2L5_CAACGGCCAAATGAGT
DeepSeekBackend,deepseek-v4-flash,deepseek,1130,386,1516,0,305,,,1785135378.2036626,1,4,success,False,5595,230,stage1_annotation,annotation,108773,E2L4_GGAGGTATCGAGCCAC
DeepSeekBackend,deepseek-v4-flash,deepseek,1135,501,1636,0,430,,,1785135378.576721,1,4,success,False,6481,246,stage1_annotation,annotation,119270,E2L5_GAAGTAACATGACTAC
DeepSeekBackend,deepseek-v4-flash,deepseek,1125,655,1780,0,588,,,1785135379.8698523,1,4,success,False,7841,217,stage1_annotation,annotation,93252,E2L3_ATTGGGTCATATGGCT
DeepSeekBackend,deepseek-v4-flash,deepseek,1134,1189,2323,0,1186,,,1785135380.3892875,1,4,success,False,15885,7,stage1_annotation,annotation,2467,L1_AGTTCCCAGCAGCCTC
DeepSeekBackend,deepseek-v4-flash,deepseek,1140,409,1549,0,304,,,1785135380.3941631,1,4,success,False,5298,314,stage1_annotation,annotation,72587,E2L1_CTTTCGGTCCATGCAA
DeepSeekBackend,deepseek-v4-flash,deepseek,1126,497,1623,0,411,,,1785135380.8373055,1,4,success,False,5941,274,stage1_annotation,annotation,125756,E2L6_AACGAAACAGTCTGGC
DeepSeekBackend,deepseek-v4-flash,deepseek,1136,501,1637,0,437,,,1785135382.1531847,1,4,success,False,5765,207,stage1_annotation,annotation,12021,L1_TGATTCTAGAGAGTGA
DeepSeekBackend,deepseek-v4-flash,deepseek,1133,347,1480,0,293,,,1785135382.5837946,1,4,success,False,4483,192,stage1_annotation,annotation,132372,E2L6_GCATTAGAGGTAAGGA
DeepSeekBackend,deepseek-v4-flash,deepseek,1115,1587,2702,0,1493,,,1785135382.5885339,1,4,success,False,18054,317,stage1_annotation,annotation,20303,L2_GACATCAGTCACCGCA
DeepSeekBackend,deepseek-v4-flash,deepseek,1127,323,1450,0,255,,,1785135383.992419,1,4,success,False,4114,215,stage1_annotation,annotation,129143,E2L6_CATCGGGTCCTTGAAG
DeepSeekBackend,deepseek-v4-flash,deepseek,1131,1580,2711,0,1521,,,1785135384.1225402,1,4,success,False,19554,208,stage1_annotation,annotation,123003,E2L5_TCATGTTCAATCTCTT
DeepSeekBackend,deepseek-v4-flash,deepseek,1131,281,1412,0,201,,,1785135384.1881309,1,4,success,False,3781,247,stage1_annotation,annotation,73366,E2L1_GCACGGTCAAGGAGTC
DeepSeekBackend,deepseek-v4-flash,deepseek,1127,1779,2906,0,1707,,,1785135385.1297636,1,4,success,False,20582,239,stage1_annotation,annotation,122724,E2L5_TCACAAGTCCGCAAAT
DeepSeekBackend,deepseek-v4-flash,deepseek,1129,641,1770,0,578,,,1785135385.585718,1,4,success,False,7750,217,stage1_annotation,annotation,152972,E2L8_CACTAAGCAATTGTGC
DeepSeekBackend,deepseek-v4-flash,deepseek,1130,265,1395,0,192,,,1785135385.712926,1,4,success,False,3115,285,stage1_annotation,annotation,108715,E2L4_GGACGTCTCTGACCCT
DeepSeekBackend,deepseek-v4-flash,deepseek,1127,533,1660,0,475,,,1785135386.9818919,1,4,success,False,6580,202,stage1_annotation,annotation,99875,E2L3_TCGAAGTCATGGCCCA
DeepSeekBackend,deepseek-v4-flash,deepseek,1127,3221,4348,0,3216,,,1785135387.269459,1,4,success,False,40628,7,stage1_annotation,annotation,15077,L2_ACTGTGAGTGATACTC
DeepSeekBackend,deepseek-v4-flash,deepseek,1131,237,1368,0,173,,,1785135388.1592348,1,4,success,False,3019,214,stage1_annotation,annotation,47323,L4_GGGTCACTCAAGTGTC
DeepSeekBackend,deepseek-v4-flash,deepseek,1126,1037,2163,0,940,,,1785135388.4584725,1,4,success,False,12946,303,stage1_annotation,annotation,76846,E2L1_TCTGCCATCAGGTGTT
DeepSeekBackend,deepseek-v4-flash,deepseek,1118,3563,4681,0,3472,,,1785135388.7164083,1,4,success,False,43245,318,stage1_annotation,annotation,159767,E2L8_TCGGGTGAGCATTGTC
DeepSeekBackend,deepseek-v4-flash,deepseek,1119,369,1488,0,302,,,1785135388.7972503,1,4,success,False,4598,217,stage1_annotation,annotation,104739,E2L4_CAACGATGTATAGGAT
DeepSeekBackend,deepseek-v4-flash,deepseek,1124,1020,2144,0,915,,,1785135389.340098,1,4,success,False,11125,339,stage1_annotation,annotation,145011,E2L7_GGCTTTCCAAAGAGTT
DeepSeekBackend,deepseek-v4-flash,deepseek,1121,799,1920,0,742,,,1785135390.0422304,1,4,success,False,7879,166,stage1_annotation,annotation,110377,E2L4_TACCCACTCGCGGTAC
DeepSeekBackend,deepseek-v4-flash,deepseek,1129,3191,4320,0,3186,,,1785135390.6922133,1,4,success,False,40600,7,stage1_annotation,annotation,26150,L2_TTAGTCTTCTGGCCAG
DeepSeekBackend,deepseek-v4-flash,deepseek,1126,598,1724,0,518,,,1785135390.6991804,1,4,success,False,6698,238,stage1_annotation,annotation,38153,L3_TGTGGCGAGATGAATC
DeepSeekBackend,deepseek-v4-flash,deepseek,1138,4095,5233,0,4095,,,1785135391.7626305,1,4,success,False,44269,0,stage1_annotation,annotation,20606,L2_GAGGGTACAGACATCT
DeepSeekBackend,deepseek-v4-flash,deepseek,1134,1112,2246,0,1004,,,1785135391.9052234,1,4,success,False,13317,409,stage1_annotation,annotation,123670,E2L5_TCTGCCAGTGTAAACA
DeepSeekBackend,deepseek-v4-flash,deepseek,1121,262,1383,0,210,,,1785135392.0012648,1,4,success,False,3272,178,stage1_annotation,annotation,5907,L1_CTCAGGGTCGAAGGAC
DeepSeekBackend,deepseek-v4-flash,deepseek,1121,342,1463,0,276,,,1785135392.3729014,1,4,success,False,4204,206,stage1_annotation,annotation,120147,E2L5_GCCAGTGTCACCTGTC
DeepSeekBackend,deepseek-v4-flash,deepseek,1135,778,1913,0,727,,,1785135392.404388,1,4,success,False,8272,158,stage1_annotation,annotation,108383,E2L4_GCCAGTGTCGGCATTA
DeepSeekBackend,deepseek-v4-flash,deepseek,1127,505,1632,0,437,,,1785135392.6592832,1,4,success,False,5664,196,stage1_annotation,annotation,73970,E2L1_GGCAGTCTCCCTCTTT
DeepSeekBackend,deepseek-v4-flash,deepseek,1128,2435,3563,0,2375,,,1785135393.0283294,1,4,success,False,28446,278,stage1_annotation,annotation,128937,E2L6_CAGCGTGAGTGGAATT
DeepSeekBackend,deepseek-v4-flash,deepseek,1129,387,1516,0,323,,,1785135393.99922,1,4,success,False,5191,246,stage1_annotation,annotation,1707,L1_AGATCCACATCATGAC
DeepSeekBackend,deepseek-v4-flash,deepseek,1124,862,1986,0,794,,,1785135394.4386897,1,4,success,False,8839,210,stage1_annotation,annotation,1985,L1_AGGAGGTTCCACTGGG
DeepSeekBackend,deepseek-v4-flash,deepseek,1128,683,1811,0,616,,,1785135394.4903,1,4,success,False,7210,204,stage1_annotation,annotation,88572,E2L2_TCGTAGAAGATACATG
DeepSeekBackend,deepseek-v4-flash,deepseek,1124,393,1517,0,328,,,1785135394.833863,1,4,success,False,4131,216,stage1_annotation,annotation,76864,E2L1_TCTGTCGTCAGTGGGA
DeepSeekBackend,deepseek-v4-flash,deepseek,1121,599,1720,0,531,,,1785135396.0325007,1,4,success,False,5980,206,stage1_annotation,annotation,44248,L4_CGCGTGATCAAACGAA
DeepSeekBackend,deepseek-v4-flash,deepseek,1110,2575,3685,0,2513,,,1785135396.348207,1,4,success,False,31838,214,stage1_annotation,annotation,91936,E2L3_AGACTCAAGAATAGTC
DeepSeekBackend,deepseek-v4-flash,deepseek,1126,1132,2258,0,1048,,,1785135397.9352386,1,4,success,False,12213,320,stage1_annotation,annotation,73283,E2L1_GATTCGATCCTTCTAA
DeepSeekBackend,deepseek-v4-flash,deepseek,1134,2173,3307,0,2089,,,1785135401.1458185,1,4,success,False,25338,326,stage1_annotation,annotation,139675,E2L7_AGTACCAAGCGTATAA
DeepSeekBackend,deepseek-v4-flash,deepseek,1124,1220,2344,0,1159,,,1785135403.4879143,1,4,success,False,12775,217,stage1_annotation,annotation,66932,L5_TTTCACAGTCCTGGGT
DeepSeekBackend,deepseek-v4-flash,deepseek,1126,1980,3106,0,1977,,,1785135404.6111042,1,4,success,False,23763,3,stage1_annotation,annotation,111086,E2L4_TCATGCCGTGGTCTAT
DeepSeekBackend,deepseek-v4-flash,deepseek,1121,1958,3079,0,1864,,,1785135410.0800087,1,4,success,False,20728,292,stage1_annotation,annotation,149440,E2L7_TTGCTGCCATACCACA
DeepSeekBackend,deepseek-v4-flash,deepseek,1133,1927,3060,0,1865,,,1785135410.4461412,1,4,success,False,21978,223,stage1_annotation,annotation,85210,E2L2_GCCATTCAGCAAGCCA
DeepSeekBackend,deepseek-v4-flash,deepseek,1140,3343,4483,0,3340,,,1785135418.920268,1,4,success,False,36318,7,stage1_annotation,annotation,81336,E2L2_ATTGTTCTCAGAATAG
DeepSeekBackend,deepseek-v4-flash,deepseek,1174,2927,4101,1024,2870,,,1785135423.6462011,1,4,success,False,31883,220,stage1_annotation,annotation,20606,L2_GAGGGTACAGACATCT
