backend,model,provider,input_tokens,output_tokens,total_tokens,cached_input_tokens,reasoning_tokens,audio_input_tokens,audio_output_tokens,recorded_at_unix,attempt,total_attempts,attempt_status,will_retry,duration_ms,response_chars,step,phase,cell_idx,cell_barcode
DeepSeekBackend,deepseek-v4-flash,deepseek,1103,203,1306,0,140,,,1786510912.683808,1,4,success,False,2690,205,stage1_annotation,annotation,32685,CCCAATCGTCGATTGT_F00409
DeepSeekBackend,deepseek-v4-flash,deepseek,1109,200,1309,0,137,,,1786510912.8308227,1,4,success,False,2881,191,stage1_annotation,annotation,43935,GATTCGATCACTAGCA_SC84
DeepSeekBackend,deepseek-v4-flash,deepseek,1083,221,1304,0,218,,,1786510912.8749692,1,4,success,False,2936,6,stage1_annotation,annotation,324748,CATATGGAGGGATACC-1-HCATisStab7587202
DeepSeekBackend,deepseek-v4-flash,deepseek,1086,236,1322,0,233,,,1786510913.3320076,1,4,success,False,3386,6,stage1_annotation,annotation,68963,GTACTCCGTAAACCTC-1-HCATisStab7587205
DeepSeekBackend,deepseek-v4-flash,deepseek,1104,264,1368,0,176,,,1786510913.757609,1,4,success,False,3757,331,stage1_annotation,annotation,234906,ACTGAACCAAAGTCAA-SC56
DeepSeekBackend,deepseek-v4-flash,deepseek,1098,320,1418,0,236,,,1786510913.8254464,1,4,success,False,3852,255,stage1_annotation,annotation,279232,CAAGAAACATCGTCGG_HD67
DeepSeekBackend,deepseek-v4-flash,deepseek,1087,335,1422,0,255,,,1786510913.9718282,1,4,success,False,4002,233,stage1_annotation,annotation,30111,CTCGGAGAGCCAGAAC-SC156
DeepSeekBackend,deepseek-v4-flash,deepseek,1092,321,1413,0,232,,,1786510914.1881878,1,4,success,False,4191,309,stage1_annotation,annotation,245582,ATCACGACAGGTGGAT_HD101
DeepSeekBackend,deepseek-v4-flash,deepseek,1082,325,1407,0,218,,,1786510914.4001422,1,4,success,False,4408,332,stage1_annotation,annotation,177023,AGATTGCAGTCAAGCG-1-HCATisStab7659969
DeepSeekBackend,deepseek-v4-flash,deepseek,1083,375,1458,0,308,,,1786510914.695553,1,4,success,False,4710,253,stage1_annotation,annotation,143540,GGGCATCGTACCAGTT-1-HCATisStab7747200
DeepSeekBackend,deepseek-v4-flash,deepseek,1085,477,1562,0,474,,,1786510914.939114,1,4,success,False,4946,6,stage1_annotation,annotation,283665,CAGAGAGCACTAAGTC-1-HCATisStab7659969
DeepSeekBackend,deepseek-v4-flash,deepseek,1081,423,1504,0,352,,,1786510914.9974616,1,4,success,False,5050,263,stage1_annotation,annotation,254691,AAGTGAATCTTAGGAC_SC84
DeepSeekBackend,deepseek-v4-flash,deepseek,1081,306,1387,0,228,,,1786510915.1711497,1,4,success,False,5213,286,stage1_annotation,annotation,256405,CGGAGAATCAACTACG_SC84
DeepSeekBackend,deepseek-v4-flash,deepseek,1088,300,1388,0,224,,,1786510915.206455,1,4,success,False,5210,253,stage1_annotation,annotation,149824,AAACGCACACCTTT-SC31D
DeepSeekBackend,deepseek-v4-flash,deepseek,1087,440,1527,0,351,,,1786510915.2137878,1,4,success,False,5235,289,stage1_annotation,annotation,261410,CATACTTGCCAAGT-SC14
DeepSeekBackend,deepseek-v4-flash,deepseek,1086,469,1555,0,380,,,1786510915.2277675,1,4,success,False,5259,290,stage1_annotation,annotation,31310,TCGAGGCGTCATTAGC-1-HCATisStab7659971
DeepSeekBackend,deepseek-v4-flash,deepseek,1090,483,1573,0,385,,,1786510915.9314756,1,4,success,False,5976,340,stage1_annotation,annotation,241162,TAGGCATAGTCAAGGC-1-HCATisStab7587211
DeepSeekBackend,deepseek-v4-flash,deepseek,1092,310,1402,0,248,,,1786510916.5693038,1,4,success,False,3879,194,stage1_annotation,annotation,226495,GCCAAATGTGTTGGGA_SC24
DeepSeekBackend,deepseek-v4-flash,deepseek,1096,715,1811,0,629,,,1786510916.715493,1,4,success,False,6714,307,stage1_annotation,annotation,144600,CAACCAAAGTACGTTC-1-HCATisStab7587205
DeepSeekBackend,deepseek-v4-flash,deepseek,1096,511,1607,0,431,,,1786510917.441897,1,4,success,False,4602,256,stage1_annotation,annotation,251889,7239217_GACCTGGCACCAGATT
DeepSeekBackend,deepseek-v4-flash,deepseek,1087,290,1377,0,285,,,1786510917.4891043,1,4,success,False,3722,19,stage1_annotation,annotation,155683,AAGCCGCAGACCGGAT_SC22
DeepSeekBackend,deepseek-v4-flash,deepseek,1096,219,1315,0,152,,,1786510918.250079,1,4,success,False,3033,258,stage1_annotation,annotation,119300,ATGAGGGTCAGTGCAT_F01394
DeepSeekBackend,deepseek-v4-flash,deepseek,1087,286,1373,0,236,,,1786510918.4396808,1,4,success,False,3488,205,stage1_annotation,annotation,209736,CACCACTGTCTTTCAT_HD66
DeepSeekBackend,deepseek-v4-flash,deepseek,1093,417,1510,0,336,,,1786510918.4696808,1,4,success,False,4273,238,stage1_annotation,annotation,53594,CCACTACGTGAGGGAG-1-HCATisStab7587202
DeepSeekBackend,deepseek-v4-flash,deepseek,1094,377,1471,0,369,,,1786510918.5822291,1,4,success,False,4601,36,stage1_annotation,annotation,233724,ACGGGCTTCTCCTATA_F01639
DeepSeekBackend,deepseek-v4-flash,deepseek,1081,437,1518,0,358,,,1786510918.6669397,1,4,success,False,4832,318,stage1_annotation,annotation,258696,CCTAGCTGTGCCTTGG_F01641
DeepSeekBackend,deepseek-v4-flash,deepseek,1093,430,1523,0,374,,,1786510918.8557582,1,4,success,False,4151,215,stage1_annotation,annotation,64240,GAAGCAGGTTCGGGCT_F02607
DeepSeekBackend,deepseek-v4-flash,deepseek,1090,1027,2117,0,921,,,1786510920.4760962,1,4,success,False,10499,368,stage1_annotation,annotation,173572,CTGAAACTCAGCACAT_HD66
DeepSeekBackend,deepseek-v4-flash,deepseek,1094,453,1547,0,365,,,1786510920.5020728,1,4,success,False,5266,288,stage1_annotation,annotation,165237,TGCAGATAGTCATACC_SC84
DeepSeekBackend,deepseek-v4-flash,deepseek,1086,602,1688,0,597,,,1786510921.2594788,1,4,success,False,6848,18,stage1_annotation,annotation,148873,7185212_GATCGATGTGCAACGA
DeepSeekBackend,deepseek-v4-flash,deepseek,1100,526,1626,0,518,,,1786510921.4001398,1,4,success,False,6175,36,stage1_annotation,annotation,14825,AGTGGGAAGCTCTCGG-1-HCATisStab7587211
DeepSeekBackend,deepseek-v4-flash,deepseek,1087,534,1621,0,446,,,1786510921.690485,1,4,success,False,6682,300,stage1_annotation,annotation,49874,CACCGTTCAGTTTCGA_SC84
DeepSeekBackend,deepseek-v4-flash,deepseek,1081,353,1434,0,289,,,1786510922.032234,1,4,success,False,4537,219,stage1_annotation,annotation,31748,AGCGTATTCGCTTAGA-1-HCATisStab7747197
DeepSeekBackend,deepseek-v4-flash,deepseek,1079,314,1393,0,311,,,1786510922.220038,1,4,success,False,3960,6,stage1_annotation,annotation,97151,ACACCGGAGAGTTGGC-1-HCATisStab7587202
DeepSeekBackend,deepseek-v4-flash,deepseek,1075,429,1504,0,343,,,1786510922.7522721,1,4,success,False,4301,297,stage1_annotation,annotation,226376,GCGCAGTCAATGGTCT-1-HCATisStab7587202
DeepSeekBackend,deepseek-v4-flash,deepseek,1086,336,1422,0,255,,,1786510922.8013527,1,4,success,False,4210,254,stage1_annotation,annotation,130497,CATATGGTCTAACCGA_F01513
DeepSeekBackend,deepseek-v4-flash,deepseek,1084,986,2070,0,881,,,1786510923.068708,1,4,success,False,9725,335,stage1_annotation,annotation,295943,ATCACAGAGTCTGTAC_SC142
DeepSeekBackend,deepseek-v4-flash,deepseek,1091,706,1797,0,619,,,1786510923.556384,1,4,success,False,6977,344,stage1_annotation,annotation,248160,7239218_GAACATCAGTACATGA
DeepSeekBackend,deepseek-v4-flash,deepseek,1085,517,1602,0,430,,,1786510923.6394172,1,4,success,False,5160,290,stage1_annotation,annotation,269623,TCAGGATCAGTAACGG_F02526
DeepSeekBackend,deepseek-v4-flash,deepseek,1090,881,1971,0,777,,,1786510923.84013,1,4,success,False,7901,378,stage1_annotation,annotation,323468,ACGAGGAGTGATGCCC-1-HCATisStab7747199
DeepSeekBackend,deepseek-v4-flash,deepseek,1081,520,1601,0,437,,,1786510926.1566265,1,4,success,False,4744,247,stage1_annotation,annotation,236448,CGATCGGGTGTAACGG_HD101
DeepSeekBackend,deepseek-v4-flash,deepseek,1093,883,1976,0,794,,,1786510926.2724102,1,4,success,False,8820,332,stage1_annotation,annotation,122975,CGTCTACTCGGAAATA-1-HCATisStab7587202
DeepSeekBackend,deepseek-v4-flash,deepseek,1075,442,1517,0,382,,,1786510926.2784314,1,4,success,False,5010,190,stage1_annotation,annotation,53617,ATCTACTCATTCCTCG-SC155
DeepSeekBackend,deepseek-v4-flash,deepseek,1082,1947,3029,0,1864,,,1786510926.6086082,1,4,success,False,16628,276,stage1_annotation,annotation,220560,TTGTAGGAGACCCACC-1-HCATisStab7747200
DeepSeekBackend,deepseek-v4-flash,deepseek,1085,804,1889,0,709,,,1786510926.8639636,1,4,success,False,8188,346,stage1_annotation,annotation,299865,P3_7_TCTATTGAGGAGTCTG
DeepSeekBackend,deepseek-v4-flash,deepseek,1080,850,1930,0,783,,,1786510927.044724,1,4,success,False,8178,213,stage1_annotation,annotation,278690,AGTGTCAGTGTCCTCT-1-HCATisStab7747197
DeepSeekBackend,deepseek-v4-flash,deepseek,1084,598,1682,0,510,,,1786510927.4770598,1,4,success,False,5777,259,stage1_annotation,annotation,104876,AAGGCAGCACGAAACG_F01853
DeepSeekBackend,deepseek-v4-flash,deepseek,1077,449,1526,0,371,,,1786510927.4817562,1,4,success,False,5253,221,stage1_annotation,annotation,278666,GCTCCTACAATCCGAT-1-HCATisStab7587202
DeepSeekBackend,deepseek-v4-flash,deepseek,1090,598,1688,0,512,,,1786510927.5668783,1,4,success,False,5524,272,stage1_annotation,annotation,258058,P2_2_TACACGAAGAGGACGG
DeepSeekBackend,deepseek-v4-flash,deepseek,1084,462,1546,0,402,,,1786510928.5882576,1,4,success,False,4940,188,stage1_annotation,annotation,312865,CATATGGGTTAAGATG-SC56
DeepSeekBackend,deepseek-v4-flash,deepseek,1078,732,1810,0,650,,,1786510928.6586325,1,4,success,False,8147,296,stage1_annotation,annotation,213014,ATTCTACAGACTTTCG-1-HCATisStab7747200
DeepSeekBackend,deepseek-v4-flash,deepseek,1094,443,1537,0,341,,,1786510928.8222466,1,4,success,False,4971,305,stage1_annotation,annotation,146015,CTGTTTAGTAAACGCG_HD67
DeepSeekBackend,deepseek-v4-flash,deepseek,1088,600,1688,0,508,,,1786510929.2794557,1,4,success,False,6203,279,stage1_annotation,annotation,146552,AAAGCAATCAACACTG_F02524
DeepSeekBackend,deepseek-v4-flash,deepseek,1104,258,1362,0,184,,,1786510929.331783,1,4,success,False,3049,220,stage1_annotation,annotation,26516,GTACTTTAGGCTATCT-SC45
DeepSeekBackend,deepseek-v4-flash,deepseek,1091,699,1790,0,616,,,1786510929.938796,1,4,success,False,7172,312,stage1_annotation,annotation,190871,GGACATTAGCTAAACA-SC59
DeepSeekBackend,deepseek-v4-flash,deepseek,1089,960,2049,0,875,,,1786510930.4781442,1,4,success,False,9991,281,stage1_annotation,annotation,80299,ATCATCTGTAGCGCTC-SC56
DeepSeekBackend,deepseek-v4-flash,deepseek,1078,410,1488,0,327,,,1786510930.8054283,1,4,success,False,4518,271,stage1_annotation,annotation,30489,CATTCGCTCACGACTA-1-HCATisStab7747197
DeepSeekBackend,deepseek-v4-flash,deepseek,1084,729,1813,0,638,,,1786510931.4734735,1,4,success,False,7906,309,stage1_annotation,annotation,281718,CGAGAAGGTACCTACA-SC56
DeepSeekBackend,deepseek-v4-flash,deepseek,1084,453,1537,0,375,,,1786510931.798395,1,4,success,False,4743,235,stage1_annotation,annotation,83578,AACTTTCGTCCGAATT-1-HCATisStab7659970
DeepSeekBackend,deepseek-v4-flash,deepseek,1083,433,1516,0,344,,,1786510932.1637306,1,4,success,False,4588,269,stage1_annotation,annotation,266306,CATCCACAGGTGTTAA-1-HCATisStab7747200
DeepSeekBackend,deepseek-v4-flash,deepseek,1084,360,1444,0,266,,,1786510932.2989974,1,4,success,False,3634,305,stage1_annotation,annotation,202200,P1_4_GGCGACTTCTGTTGAG
DeepSeekBackend,deepseek-v4-flash,deepseek,1080,1004,2084,0,909,,,1786510932.3724947,1,4,success,False,9561,331,stage1_annotation,annotation,230780,P3_7_GGTGAAGTCTCACATT
DeepSeekBackend,deepseek-v4-flash,deepseek,1080,476,1556,0,371,,,1786510932.4812095,1,4,success,False,5854,320,stage1_annotation,annotation,102901,GTCTTCGGTGCTAGCC-SC59
DeepSeekBackend,deepseek-v4-flash,deepseek,1082,343,1425,0,266,,,1786510933.0266194,1,4,success,False,3688,245,stage1_annotation,annotation,219818,CGTGTCTAGACGCTTT-1-HCATisStab7747197
DeepSeekBackend,deepseek-v4-flash,deepseek,1078,378,1456,0,294,,,1786510933.1567254,1,4,success,False,4560,266,stage1_annotation,annotation,38365,GCTTGAAGTTGTGGCC-1-HCATisStab7747197
DeepSeekBackend,deepseek-v4-flash,deepseek,1084,703,1787,0,604,,,1786510934.0482156,1,4,success,False,6557,385,stage1_annotation,annotation,193287,P1_4_TCTCTAACAGATCCAT
DeepSeekBackend,deepseek-v4-flash,deepseek,1077,486,1563,0,408,,,1786510934.106017,1,4,success,False,4818,248,stage1_annotation,annotation,213366,AACGTTGGTTAAGACA-1-HCATisStab7587208
DeepSeekBackend,deepseek-v4-flash,deepseek,1104,296,1400,0,292,,,1786510934.9057648,1,4,success,False,3422,19,stage1_annotation,annotation,285939,GTCGTAAGTAGAAGGA-1-HCATisStab7587211
DeepSeekBackend,deepseek-v4-flash,deepseek,1083,729,1812,0,649,,,1786510935.6902928,1,4,success,False,8203,265,stage1_annotation,annotation,190067,CCGTGGAAGCTGTTCA-1-HCATisStab7747200
DeepSeekBackend,deepseek-v4-flash,deepseek,1091,367,1458,0,270,,,1786510935.7041833,1,4,success,False,3393,277,stage1_annotation,annotation,34365,AACTCTTAGGCACATG_HD67
DeepSeekBackend,deepseek-v4-flash,deepseek,1089,307,1396,0,226,,,1786510936.1332052,1,4,success,False,3750,261,stage1_annotation,annotation,44331,ACATGGTCAATCAGAA_HD67
DeepSeekBackend,deepseek-v4-flash,deepseek,1086,1116,2202,0,1020,,,1786510936.7021704,1,4,success,False,9827,323,stage1_annotation,annotation,185896,TTCCCAGGTGGTACAG_HD67
DeepSeekBackend,deepseek-v4-flash,deepseek,1083,634,1717,0,631,,,1786510937.012042,1,4,success,False,7061,6,stage1_annotation,annotation,224703,CACCTTGTCCAGAGGA-1-HCATisStab7747200
DeepSeekBackend,deepseek-v4-flash,deepseek,1092,660,1752,0,566,,,1786510937.539361,1,4,success,False,7052,299,stage1_annotation,annotation,147333,GCTCCTAGTCTTGCGG_F00409
DeepSeekBackend,deepseek-v4-flash,deepseek,1085,393,1478,0,314,,,1786510937.7439911,1,4,success,False,4576,269,stage1_annotation,annotation,240932,CCAGCGATCCATGAAC_HD67
DeepSeekBackend,deepseek-v4-flash,deepseek,1089,373,1462,0,296,,,1786510938.2561417,1,4,success,False,4140,244,stage1_annotation,annotation,152769,GTTAAGCAGACTAGGC_HD67
DeepSeekBackend,deepseek-v4-flash,deepseek,1086,396,1482,0,310,,,1786510938.7751641,1,4,success,False,4716,277,stage1_annotation,annotation,101653,GATCGATCACAGACAG_HD67
DeepSeekBackend,deepseek-v4-flash,deepseek,1083,599,1682,0,511,,,1786510938.836143,1,4,success,False,6345,306,stage1_annotation,annotation,129469,AGAGCGAAGGCGACAT-1-HCATisStab7587202
DeepSeekBackend,deepseek-v4-flash,deepseek,1096,1470,2566,0,1375,,,1786510939.0304873,1,4,success,False,12863,286,stage1_annotation,annotation,189979,AGAATAGGTGACAAAT_F00409
DeepSeekBackend,deepseek-v4-flash,deepseek,1083,918,2001,0,820,,,1786510939.1311607,1,4,success,False,8316,322,stage1_annotation,annotation,187875,CGACCTTAGCGATGAC-1-HCATisStab7747197
DeepSeekBackend,deepseek-v4-flash,deepseek,1086,315,1401,0,239,,,1786510939.4470377,1,4,success,False,3732,225,stage1_annotation,annotation,173585,CGATGTAGTTGTCTTT_HD67
DeepSeekBackend,deepseek-v4-flash,deepseek,1083,517,1600,0,443,,,1786510941.4039574,1,4,success,False,5708,221,stage1_annotation,annotation,236244,CGTCAGGGTACCGTAT_F01639
DeepSeekBackend,deepseek-v4-flash,deepseek,1096,759,1855,0,670,,,1786510941.91803,1,4,success,False,6998,313,stage1_annotation,annotation,107821,TCGCGAGTCTCTGAGA_HD67
DeepSeekBackend,deepseek-v4-flash,deepseek,1088,1074,2162,0,979,,,1786510942.7459362,1,4,success,False,10571,300,stage1_annotation,annotation,46842,P3_7_GAAATGACACACATGT
DeepSeekBackend,deepseek-v4-flash,deepseek,1082,1353,2435,0,1261,,,1786510944.3639817,1,4,success,False,12556,295,stage1_annotation,annotation,157417,CAGCAGCAGGATGTAT-1-HCATisStab7747198
DeepSeekBackend,deepseek-v4-flash,deepseek,1083,1554,2637,0,1449,,,1786510944.9867017,1,4,success,False,16152,359,stage1_annotation,annotation,257110,TTGGCAAAGCTCAACT_HD101
DeepSeekBackend,deepseek-v4-flash,deepseek,1085,1242,2327,0,1129,,,1786510945.4636228,1,4,success,False,12429,351,stage1_annotation,annotation,6146,P3_7_AAGGTTCAGATGTGTA
DeepSeekBackend,deepseek-v4-flash,deepseek,1092,3084,4176,0,2999,,,1786510946.4559596,1,4,success,False,29732,304,stage1_annotation,annotation,181106,7239219_AACACGTCACCTCGGA
DeepSeekBackend,deepseek-v4-flash,deepseek,1097,1571,2668,0,1459,,,1786510950.2114203,1,4,success,False,14069,335,stage1_annotation,annotation,317903,CTAACTTAGGATGGTC_HD67
DeepSeekBackend,deepseek-v4-flash,deepseek,1090,7408,8498,0,7403,,,1786510983.2371557,1,4,success,False,70352,19,stage1_annotation,annotation,22375,TAGACCAGTGGACCTC_SC84
DeepSeekBackend,deepseek-v4-flash,deepseek,1086,7515,8601,0,7406,,,1786510983.671616,1,4,success,False,68488,373,stage1_annotation,annotation,253105,CCGTTCACAAGTACCT-1-HCATisStab7587205
DeepSeekBackend,deepseek-v4-flash,deepseek,1086,299,1385,0,206,,,1786510987.277861,1,4,success,False,3510,332,stage1_annotation,annotation,265035,TCTTTCCAGCTCCTCT_HD67
DeepSeekBackend,deepseek-v4-flash,deepseek,1082,287,1369,0,181,,,1786510987.3936837,1,4,success,False,3610,396,stage1_annotation,annotation,28858,TCTGAGATCTCATTCA_HD67
DeepSeekBackend,deepseek-v4-flash,deepseek,1083,419,1502,0,337,,,1786510987.8674,1,4,success,False,4119,252,stage1_annotation,annotation,209792,CCGGTAGCATGGGAAC_F02526
DeepSeekBackend,deepseek-v4-flash,deepseek,1084,326,1410,0,234,,,1786510988.0038302,1,4,success,False,4265,318,stage1_annotation,annotation,156910,GCACATATCCCTCTTT_HD67
DeepSeekBackend,deepseek-v4-flash,deepseek,1086,497,1583,0,404,,,1786510989.1558278,1,4,success,False,5382,317,stage1_annotation,annotation,257974,CCACGGAGTGGTGTAG_F01403
DeepSeekBackend,deepseek-v4-flash,deepseek,1088,493,1581,0,433,,,1786510989.2023761,1,4,success,False,5387,197,stage1_annotation,annotation,227365,GATGCTATCCTTAATC_F01853
DeepSeekBackend,deepseek-v4-flash,deepseek,1090,402,1492,0,355,,,1786510989.2147684,1,4,success,False,5357,171,stage1_annotation,annotation,98762,ACTTGTTTCTGTTTGT_F02092
DeepSeekBackend,deepseek-v4-flash,deepseek,1080,448,1528,0,371,,,1786510989.2170613,1,4,success,False,5496,264,stage1_annotation,annotation,268176,TGGCCAGCATAGAAAC_SC22
DeepSeekBackend,deepseek-v4-flash,deepseek,1090,593,1683,0,529,,,1786510990.5158074,1,4,success,False,6663,215,stage1_annotation,annotation,41833,TATTGGGTCGCAAGAG_SC143
DeepSeekBackend,deepseek-v4-flash,deepseek,1093,760,1853,0,678,,,1786510991.208271,1,4,success,False,7419,298,stage1_annotation,annotation,134133,TGCCCTACAGTTAACC_F01365
DeepSeekBackend,deepseek-v4-flash,deepseek,1088,1041,2129,0,1032,,,1786510994.3431292,1,4,success,False,10617,31,stage1_annotation,annotation,130201,CGCTTCAGTACATGTC_F01365
DeepSeekBackend,deepseek-v4-flash,deepseek,1087,863,1950,0,776,,,1786510996.0399294,1,4,success,False,8024,335,stage1_annotation,annotation,256804,GGGTTTACAATTCTTC_SC143
DeepSeekBackend,deepseek-v4-flash,deepseek,1085,1293,2378,0,1206,,,1786510996.1396773,1,4,success,False,12257,295,stage1_annotation,annotation,302332,TTAACTCCAAGGTTTC-1-HCATisStab7587211
DeepSeekBackend,deepseek-v4-flash,deepseek,1082,1038,2120,0,954,,,1786510997.1157472,1,4,success,False,9240,275,stage1_annotation,annotation,124310,TGGCCAGAGCCTTGAT_F02613
DeepSeekBackend,deepseek-v4-flash,deepseek,1085,746,1831,0,641,,,1786510998.2748013,1,4,success,False,7748,407,stage1_annotation,annotation,152645,ACGTTCCAGTCAGGGT_SC143
DeepSeekBackend,deepseek-v4-flash,deepseek,1084,222,1306,0,163,,,1786510998.939386,1,4,success,False,2888,245,stage1_annotation,annotation,194358,GAACGGATCACTCCTG_F01394
DeepSeekBackend,deepseek-v4-flash,deepseek,1084,1764,2848,0,1705,,,1786510999.3904107,1,4,success,False,15512,236,stage1_annotation,annotation,27916,GGGACAAGTCGCTGCA_SC143
DeepSeekBackend,deepseek-v4-flash,deepseek,1089,268,1357,0,263,,,1786510999.554257,1,4,success,False,3404,19,stage1_annotation,annotation,209271,TCAACGACACTGAAGG_F01394
DeepSeekBackend,deepseek-v4-flash,deepseek,1087,1657,2744,0,1571,,,1786510999.7579536,1,4,success,False,15923,321,stage1_annotation,annotation,91082,AGAAGCGGTCTCGGAC_SC143
DeepSeekBackend,deepseek-v4-flash,deepseek,1084,1175,2259,0,1090,,,1786511000.9858253,1,4,success,False,11763,341,stage1_annotation,annotation,155315,CGTGTCTTCGCTCCTA_SC143
DeepSeekBackend,deepseek-v4-flash,deepseek,1087,1513,2600,0,1452,,,1786511001.7779207,1,4,success,False,14490,256,stage1_annotation,annotation,167647,GATTGGTGTCGCAACC_SC143
DeepSeekBackend,deepseek-v4-flash,deepseek,1086,1310,2396,0,1223,,,1786511002.041854,1,4,success,False,12810,297,stage1_annotation,annotation,320631,CATCAAGTCCTCAGAA_SC143
DeepSeekBackend,deepseek-v4-flash,deepseek,1091,549,1640,0,471,,,1786511002.1268685,1,4,success,False,5000,326,stage1_annotation,annotation,59952,TACAGGTAGTACTGTC_SC144
DeepSeekBackend,deepseek-v4-flash,deepseek,1086,2104,3190,0,1998,,,1786511002.1498895,1,4,success,False,18330,342,stage1_annotation,annotation,26379,GGGAGATTCTTACCGC_HD67
DeepSeekBackend,deepseek-v4-flash,deepseek,1090,269,1359,0,204,,,1786511002.1915486,1,4,success,False,3243,254,stage1_annotation,annotation,220622,CCACTACAGGTGTTAA_F02611
DeepSeekBackend,deepseek-v4-flash,deepseek,1079,219,1298,0,214,,,1786511002.337909,1,4,success,False,2937,19,stage1_annotation,annotation,219832,GTGCGTGAGAAGTCTA_SC144
DeepSeekBackend,deepseek-v4-flash,deepseek,1079,512,1591,0,507,,,1786511003.4169517,1,4,success,False,5132,19,stage1_annotation,annotation,252112,TCACACCTCGGACTGC_SC144
DeepSeekBackend,deepseek-v4-flash,deepseek,1088,265,1353,0,260,,,1786511004.2271607,1,4,success,False,3232,19,stage1_annotation,annotation,109670,GGGCACTCAATCAGAA_F01394
DeepSeekBackend,deepseek-v4-flash,deepseek,1081,167,1248,0,162,,,1786511004.4365635,1,4,success,False,2297,19,stage1_annotation,annotation,138463,CATCGCTAGATAGTCA_SC144
DeepSeekBackend,deepseek-v4-flash,deepseek,1087,203,1290,0,198,,,1786511004.780844,1,4,success,False,2730,19,stage1_annotation,annotation,31798,TAAACCGGTCCTCTTG_SC18
DeepSeekBackend,deepseek-v4-flash,deepseek,1084,509,1593,0,425,,,1786511005.006237,1,4,success,False,5443,331,stage1_annotation,annotation,216288,GGAATAAGTAGGCTGA_SC27
DeepSeekBackend,deepseek-v4-flash,deepseek,1085,212,1297,0,147,,,1786511005.197792,1,4,success,False,3034,263,stage1_annotation,annotation,164369,ATCATTCGTCCTGAAT_SC84
DeepSeekBackend,deepseek-v4-flash,deepseek,1079,535,1614,0,457,,,1786511005.2185464,1,4,success,False,5448,286,stage1_annotation,annotation,62964,CGAGCACCATCTCCCA_SC29
DeepSeekBackend,deepseek-v4-flash,deepseek,1084,221,1305,0,159,,,1786511005.2459404,1,4,success,False,2898,243,stage1_annotation,annotation,102774,AATCGGTGTTACCAGT_F01394
DeepSeekBackend,deepseek-v4-flash,deepseek,1079,341,1420,0,336,,,1786511005.4222052,1,4,success,False,3219,19,stage1_annotation,annotation,46887,ACCCAAACAGTCAACT_SC144
DeepSeekBackend,deepseek-v4-flash,deepseek,1092,275,1367,0,211,,,1786511006.4832356,1,4,success,False,3055,251,stage1_annotation,annotation,261871,CGGACGTAGCTGGAAC_F01394
DeepSeekBackend,deepseek-v4-flash,deepseek,1072,1992,3064,0,1910,,,1786511006.7447836,1,4,success,False,19340,315,stage1_annotation,annotation,95212,CAAGTTGTCACATACG_F01851
DeepSeekBackend,deepseek-v4-flash,deepseek,1081,204,1285,0,141,,,1786511007.1487145,1,4,success,False,2701,250,stage1_annotation,annotation,208717,GTATTTCAGTCGGCAA_SC144
DeepSeekBackend,deepseek-v4-flash,deepseek,1085,465,1550,0,399,,,1786511007.1855578,1,4,success,False,5398,288,stage1_annotation,annotation,48336,AGGTCATGGAATCC-SC31
DeepSeekBackend,deepseek-v4-flash,deepseek,1093,308,1401,0,230,,,1786511008.0594819,1,4,success,False,3823,298,stage1_annotation,annotation,28278,CACATTTGTGCAACTT_SC07
DeepSeekBackend,deepseek-v4-flash,deepseek,1093,258,1351,0,173,,,1786511008.0904658,1,4,success,False,3299,323,stage1_annotation,annotation,143858,GTGTTAGGTACGTACT_SC144
DeepSeekBackend,deepseek-v4-flash,deepseek,1078,154,1232,0,149,,,1786511008.6402557,1,4,success,False,3624,19,stage1_annotation,annotation,14080,AATGACCGTATGGAAT_SC144
DeepSeekBackend,deepseek-v4-flash,deepseek,1082,302,1384,0,226,,,1786511009.1445613,1,4,success,False,3917,293,stage1_annotation,annotation,318938,CAATGACAGCTGAAAT_SC86
DeepSeekBackend,deepseek-v4-flash,deepseek,1071,2789,3860,0,2721,,,1786511009.5440814,1,4,success,False,25699,229,stage1_annotation,annotation,261626,TGACTCCCATCCCACT_SC86
DeepSeekBackend,deepseek-v4-flash,deepseek,1082,518,1600,0,443,,,1786511010.978371,1,4,success,False,5771,253,stage1_annotation,annotation,146848,GTAACGTGTACCGGCT_SC27
DeepSeekBackend,deepseek-v4-flash,deepseek,1082,704,1786,0,632,,,1786511013.1729565,1,4,success,False,6418,267,stage1_annotation,annotation,191326,ATCATCTTCACTCTTA-1-HCATisStab7659971
DeepSeekBackend,deepseek-v4-flash,deepseek,1080,603,1683,0,529,,,1786511014.510449,1,4,success,False,6410,278,stage1_annotation,annotation,155245,AAGTACCCAAACTCGT_SC86
DeepSeekBackend,deepseek-v4-flash,deepseek,1080,2277,3357,0,2204,,,1786511015.5165305,1,4,success,False,21164,306,stage1_annotation,annotation,115850,AGAGAATCATGACAAA_SC86
DeepSeekBackend,deepseek-v4-flash,deepseek,1081,882,1963,0,793,,,1786511015.7154014,1,4,success,False,8553,306,stage1_annotation,annotation,164575,CTCATTATCCCGGATG-1-HCATisStab7747198
DeepSeekBackend,deepseek-v4-flash,deepseek,1079,846,1925,0,786,,,1786511016.401894,1,4,success,False,9207,250,stage1_annotation,annotation,111713,P3_5_CGGGTCAAGGATGTAT
DeepSeekBackend,deepseek-v4-flash,deepseek,1078,873,1951,0,804,,,1786511018.1079588,1,4,success,False,8556,233,stage1_annotation,annotation,268869,P3_5_CAGCCGAAGCAATCTC
DeepSeekBackend,deepseek-v4-flash,deepseek,1088,1028,2116,0,948,,,1786511021.3628218,1,4,success,False,10375,329,stage1_annotation,annotation,55369,CACACTCAGTCGATAA_F02522
DeepSeekBackend,deepseek-v4-flash,deepseek,1082,1378,2460,0,1252,,,1786511022.6529844,1,4,success,False,13497,458,stage1_annotation,annotation,182026,CACAGTATCTTCCTTC-1-HCATisStab7747199
DeepSeekBackend,deepseek-v4-flash,deepseek,1084,4473,5557,0,4391,,,1786511023.0393214,1,4,success,False,39231,341,stage1_annotation,annotation,234487,ACGATGTCAGACAAAT-1-HCATisStab7659970
DeepSeekBackend,deepseek-v4-flash,deepseek,1075,3680,4755,0,3588,,,1786511023.5909867,1,4,success,False,34426,312,stage1_annotation,annotation,247822,GTACTCCGTGGTCTCG-1-HCATisStab7747200
DeepSeekBackend,deepseek-v4-flash,deepseek,1086,979,2065,0,902,,,1786511023.6865819,1,4,success,False,9164,298,stage1_annotation,annotation,160613,CCGTACTCACTTCGAA_F02607
DeepSeekBackend,deepseek-v4-flash,deepseek,1083,1961,3044,0,1877,,,1786511024.0405445,1,4,success,False,18608,319,stage1_annotation,annotation,162601,AAACGCTTCAGCTAGT_SC86
DeepSeekBackend,deepseek-v4-flash,deepseek,1097,256,1353,0,204,,,1786511024.7153108,1,4,success,False,3343,195,stage1_annotation,annotation,288746,TATCTCATCGGCTACG_HD101
DeepSeekBackend,deepseek-v4-flash,deepseek,1073,3844,4917,0,3774,,,1786511025.1473553,1,4,success,False,33929,241,stage1_annotation,annotation,93057,TGACGGCAGGCTACGA_F01851
DeepSeekBackend,deepseek-v4-flash,deepseek,1085,3887,4972,0,3787,,,1786511025.4962227,1,4,success,False,36284,361,stage1_annotation,annotation,323068,7239217_CTCCTAGCATGGATGG
DeepSeekBackend,deepseek-v4-flash,deepseek,1081,971,2052,0,892,,,1786511025.6304414,1,4,success,False,9219,324,stage1_annotation,annotation,89461,P3_5_GGTGTTACATGCCACG
DeepSeekBackend,deepseek-v4-flash,deepseek,1091,150,1241,0,147,,,1786511025.881983,1,4,success,False,2185,9,stage1_annotation,annotation,73069,TACTTACCAACGCACC_F02524
DeepSeekBackend,deepseek-v4-flash,deepseek,1091,2093,3184,0,1974,,,1786511025.9081116,1,4,success,False,19415,446,stage1_annotation,annotation,21995,TAGTTGGGTGTATGGG-1-HCATisStab7747198
DeepSeekBackend,deepseek-v4-flash,deepseek,1095,309,1404,0,258,,,1786511026.6301367,1,4,success,False,3967,172,stage1_annotation,annotation,86448,CTGAAACGTAGAGTGC_F02607
DeepSeekBackend,deepseek-v4-flash,deepseek,1095,488,1583,0,485,,,1786511028.2097836,1,4,success,False,5161,9,stage1_annotation,annotation,267836,CTAATGGGTTAGAACA-SC155
DeepSeekBackend,deepseek-v4-flash,deepseek,1093,326,1419,0,263,,,1786511028.2757778,1,4,success,False,3551,262,stage1_annotation,annotation,93330,ATGCGATGTTCACGGC_F02607
DeepSeekBackend,deepseek-v4-flash,deepseek,1097,377,1474,0,333,,,1786511028.2932694,1,4,success,False,4244,144,stage1_annotation,annotation,191354,ACCCACTTCTCTAGGA_HD101
DeepSeekBackend,deepseek-v4-flash,deepseek,1086,1173,2259,0,1083,,,1786511029.1016324,1,4,success,False,10983,318,stage1_annotation,annotation,312372,P3_5_GCCTCTAAGTAATCCC
DeepSeekBackend,deepseek-v4-flash,deepseek,1100,458,1558,0,382,,,1786511029.2486243,1,4,success,False,5648,260,stage1_annotation,annotation,12854,P2_1_TTAGGCACAGTTTACG
DeepSeekBackend,deepseek-v4-flash,deepseek,1080,4759,5839,0,4667,,,1786511030.1978123,1,4,success,False,46311,325,stage1_annotation,annotation,91964,CACACTCCAGTCTTCC-1-HCATisStab7659969
DeepSeekBackend,deepseek-v4-flash,deepseek,1090,500,1590,0,444,,,1786511030.5480733,1,4,success,False,5392,225,stage1_annotation,annotation,78406,CTCGTACAGCCGCCTA_F02526
DeepSeekBackend,deepseek-v4-flash,deepseek,1094,507,1601,0,436,,,1786511031.7218099,1,4,success,False,6213,259,stage1_annotation,annotation,205096,AGAGCTTTCAACACTG_F01394
DeepSeekBackend,deepseek-v4-flash,deepseek,1086,3520,4606,0,3431,,,1786511035.3273234,1,4,success,False,30072,317,stage1_annotation,annotation,180818,TTCTCCTAGCCCAGCT_HD68
DeepSeekBackend,deepseek-v4-flash,deepseek,1077,6121,7198,0,6025,,,1786511039.0360396,1,4,success,False,55172,319,stage1_annotation,annotation,264666,CTCATTAGTCGCATAT_F02607
DeepSeekBackend,deepseek-v4-flash,deepseek,1081,2672,3753,0,2583,,,1786511040.4557934,1,4,success,False,24926,296,stage1_annotation,annotation,29054,GTTAGACGTTGGCTAT_SC86
DeepSeekBackend,deepseek-v4-flash,deepseek,1080,3468,4548,0,3367,,,1786511040.5851686,1,4,success,False,31934,327,stage1_annotation,annotation,157895,CGAATGTTCTGGCGAC_SC24
DeepSeekBackend,deepseek-v4-flash,deepseek,1082,9087,10169,0,8964,,,1786511064.451385,1,4,success,False,80580,427,stage1_annotation,annotation,240436,GGCGTGTGTAGCGTCC-1-HCATisStab7659971
DeepSeekBackend,deepseek-v4-flash,deepseek,1099,213,1312,0,160,,,1786511066.8901672,1,4,success,False,2345,163,stage1_annotation,annotation,309026,ACGCCAGAGCTAGCCC_F01853
DeepSeekBackend,deepseek-v4-flash,deepseek,1088,5868,6956,0,5788,,,1786511066.9070318,1,4,success,False,51180,285,stage1_annotation,annotation,222942,TACTGCCTCCAACTGA_SC86
DeepSeekBackend,deepseek-v4-flash,deepseek,1099,199,1298,0,196,,,1786511067.287776,1,4,success,False,2780,9,stage1_annotation,annotation,194226,GCAATCAGTGGAAAGA_F02528
DeepSeekBackend,deepseek-v4-flash,deepseek,1101,270,1371,0,210,,,1786511067.7517507,1,4,success,False,3230,236,stage1_annotation,annotation,129296,ATTGGACAGGGCATGT-SC45
DeepSeekBackend,deepseek-v4-flash,deepseek,1097,327,1424,0,258,,,1786511068.531731,1,4,success,False,4001,226,stage1_annotation,annotation,325621,CTTAGGACACGCGAAA_F02607
DeepSeekBackend,deepseek-v4-flash,deepseek,1092,366,1458,0,289,,,1786511068.8273025,1,4,success,False,4208,301,stage1_annotation,annotation,271139,TGTATTCCATCACAAC_F01639
DeepSeekBackend,deepseek-v4-flash,deepseek,1100,411,1511,0,342,,,1786511068.9743612,1,4,success,False,4481,282,stage1_annotation,annotation,284996,AGAGCGAAGGAGTCTG_F02528
DeepSeekBackend,deepseek-v4-flash,deepseek,1093,427,1520,0,371,,,1786511069.272531,1,4,success,False,4776,212,stage1_annotation,annotation,43207,TCTGGAAAGGGTGTGT_F02526
DeepSeekBackend,deepseek-v4-flash,deepseek,1093,455,1548,0,392,,,1786511069.4520683,1,4,success,False,4864,232,stage1_annotation,annotation,241743,CTGAAGTAGTTAGGTA_F01394
DeepSeekBackend,deepseek-v4-flash,deepseek,1102,513,1615,0,464,,,1786511069.7670805,1,4,success,False,5210,196,stage1_annotation,annotation,115187,AAACGGGTCGGCCGAT_F02526
DeepSeekBackend,deepseek-v4-flash,deepseek,1094,547,1641,0,494,,,1786511069.9887652,1,4,success,False,5414,181,stage1_annotation,annotation,268644,TTGGCAACAATCAGAA_HD66
DeepSeekBackend,deepseek-v4-flash,deepseek,1098,586,1684,0,503,,,1786511070.478881,1,4,success,False,5908,325,stage1_annotation,annotation,52140,CATCGGGCATATACGC_HD66
DeepSeekBackend,deepseek-v4-flash,deepseek,1084,747,1831,0,739,,,1786511071.9181948,1,4,success,False,7335,31,stage1_annotation,annotation,70832,CACGAATAGGTTGGAC_SC143
DeepSeekBackend,deepseek-v4-flash,deepseek,1082,760,1842,0,677,,,1786511072.528935,1,4,success,False,7901,344,stage1_annotation,annotation,100747,CTTAACTAGCTGCGAA-1-HCATisStab7747197
DeepSeekBackend,deepseek-v4-flash,deepseek,1083,496,1579,0,428,,,1786511073.5681221,1,4,success,False,4729,248,stage1_annotation,annotation,9674,TTGGGATGTCGTCTCT_SC86
DeepSeekBackend,deepseek-v4-flash,deepseek,1086,937,2023,0,851,,,1786511074.3557427,1,4,success,False,9724,353,stage1_annotation,annotation,227032,AAGTCGTGTCAAGCGA_SC86
DeepSeekBackend,deepseek-v4-flash,deepseek,1082,708,1790,0,629,,,1786511075.957755,1,4,success,False,6974,334,stage1_annotation,annotation,135409,P3_5_CTGTGCTAGTCCTCCT
DeepSeekBackend,deepseek-v4-flash,deepseek,1083,702,1785,0,619,,,1786511076.1536965,1,4,success,False,6154,322,stage1_annotation,annotation,156689,CCTCCTCGTCTGTGTA_SC143
DeepSeekBackend,deepseek-v4-flash,deepseek,1086,515,1601,0,438,,,1786511076.1714811,1,4,success,False,5683,300,stage1_annotation,annotation,294897,ACGGCCAGTAGCGTCC_F02607
DeepSeekBackend,deepseek-v4-flash,deepseek,1085,753,1838,0,674,,,1786511076.967326,1,4,success,False,7191,301,stage1_annotation,annotation,44446,ATCCATTAGCAGAAAG_SC86
DeepSeekBackend,deepseek-v4-flash,deepseek,1079,1074,2153,0,972,,,1786511077.8812041,1,4,success,False,10965,404,stage1_annotation,annotation,279166,CAACTAGCATAGTAAG_HD66
DeepSeekBackend,deepseek-v4-flash,deepseek,1083,1465,2548,0,1370,,,1786511077.9553907,1,4,success,False,13313,384,stage1_annotation,annotation,274883,TAGGCATCATCGGGTC_HD66
DeepSeekBackend,deepseek-v4-flash,deepseek,1078,1102,2180,0,1010,,,1786511078.7102985,1,4,success,False,10167,362,stage1_annotation,annotation,282297,ACTGCTCAGGATGGTC-1-HCATisStab7747197
DeepSeekBackend,deepseek-v4-flash,deepseek,1087,334,1421,0,246,,,1786511078.8435888,1,4,success,False,4477,399,stage1_annotation,annotation,280104,AACCATGAGATGCGAC_F02522
DeepSeekBackend,deepseek-v4-flash,deepseek,1080,1213,2293,0,1205,,,1786511079.3878615,1,4,success,False,12089,31,stage1_annotation,annotation,206886,TGTTCCGTCCTTAATC-1-HCATisStab7747197
DeepSeekBackend,deepseek-v4-flash,deepseek,1082,715,1797,0,638,,,1786511079.7576153,1,4,success,False,7218,302,stage1_annotation,annotation,261580,TGGCTGGGTTTACTCT_F02524
DeepSeekBackend,deepseek-v4-flash,deepseek,1098,428,1526,0,364,,,1786511080.137577,1,4,success,False,4169,192,stage1_annotation,annotation,320062,AAAGATGGTAAATGTG_HD66
DeepSeekBackend,deepseek-v4-flash,deepseek,1079,959,2038,0,850,,,1786511081.3752487,1,4,success,False,9447,386,stage1_annotation,annotation,240371,CAGGTGCGTGTTAAGA_F02524
DeepSeekBackend,deepseek-v4-flash,deepseek,1090,545,1635,0,451,,,1786511082.3396702,1,4,success,False,6160,376,stage1_annotation,annotation,4820,TCGCGTTTCTGTACGA-SC59
DeepSeekBackend,deepseek-v4-flash,deepseek,1092,418,1510,0,345,,,1786511083.1086512,1,4,success,False,4254,286,stage1_annotation,annotation,47514,P1_2_TCAATCTGTAAGTGTA
DeepSeekBackend,deepseek-v4-flash,deepseek,1086,450,1536,0,368,,,1786511084.3920183,1,4,success,False,4626,325,stage1_annotation,annotation,311851,GTGTGCGTCCACGTTC_HD70
DeepSeekBackend,deepseek-v4-flash,deepseek,1081,1596,2677,0,1502,,,1786511084.7240555,1,4,success,False,15261,401,stage1_annotation,annotation,35933,AACCATGGTCGAGATG_F02607
DeepSeekBackend,deepseek-v4-flash,deepseek,1087,614,1701,0,518,,,1786511084.8328602,1,4,success,False,6113,318,stage1_annotation,annotation,165482,AGTGGGAAGCCTCGTG_F02607
DeepSeekBackend,deepseek-v4-flash,deepseek,1082,1716,2798,0,1640,,,1786511085.0469413,1,4,success,False,15763,279,stage1_annotation,annotation,54927,GAATCACCACACCGCA_SC143
DeepSeekBackend,deepseek-v4-flash,deepseek,1091,885,1976,0,807,,,1786511085.2019074,1,4,success,False,9039,293,stage1_annotation,annotation,64658,P1_3_CAAGTTGAGCCTCGTG
DeepSeekBackend,deepseek-v4-flash,deepseek,1092,284,1376,0,279,,,1786511086.109984,1,4,success,False,3759,26,stage1_annotation,annotation,43389,P2_2_AATCCAGAGGGCTTCC
DeepSeekBackend,deepseek-v4-flash,deepseek,1093,1467,2560,0,1342,,,1786511086.855536,1,4,success,False,13276,469,stage1_annotation,annotation,272006,GTTTCTAGTTCCCTTG_F02607
DeepSeekBackend,deepseek-v4-flash,deepseek,1088,888,1976,0,809,,,1786511087.2105207,1,4,success,False,9247,329,stage1_annotation,annotation,101319,CACATAGGTAGGCTGA_F02607
DeepSeekBackend,deepseek-v4-flash,deepseek,1086,777,1863,0,705,,,1786511087.7527544,1,4,success,False,8356,308,stage1_annotation,annotation,14718,CTAAGACGTTAGAACA_F02617
DeepSeekBackend,deepseek-v4-flash,deepseek,1082,7525,8607,0,7430,,,1786511087.9268095,1,4,success,False,74741,337,stage1_annotation,annotation,92302,P3_5_CAGAGAGCATAGGATA
DeepSeekBackend,deepseek-v4-flash,deepseek,1089,849,1938,0,844,,,1786511088.0237708,1,4,success,False,7876,26,stage1_annotation,annotation,91327,TTCTCCTCATTATCTC_HD68
DeepSeekBackend,deepseek-v4-flash,deepseek,1084,994,2078,0,912,,,1786511088.041696,1,4,success,False,10153,272,stage1_annotation,annotation,332475,P2_5_TCATTTGAGTGTCCAT
DeepSeekBackend,deepseek-v4-flash,deepseek,1090,1329,2419,0,1255,,,1786511091.6043365,1,4,success,False,14628,273,stage1_annotation,annotation,104655,P3_6_CTCACACTCCGCTGTT
DeepSeekBackend,deepseek-v4-flash,deepseek,1084,776,1860,0,691,,,1786511092.0779533,1,4,success,False,7674,324,stage1_annotation,annotation,74957,P2_7_GCGAGAACACACTGCG
DeepSeekBackend,deepseek-v4-flash,deepseek,1090,814,1904,0,716,,,1786511092.126197,1,4,success,False,9007,370,stage1_annotation,annotation,324110,TAGGCATAGGATGCGT_HD68
DeepSeekBackend,deepseek-v4-flash,deepseek,1079,3538,4617,0,3463,,,1786511098.2142665,1,4,success,False,30451,262,stage1_annotation,annotation,309407,TTGTAGGAGTTGAGAT_F02524
DeepSeekBackend,deepseek-v4-flash,deepseek,1081,10000,11081,0,10000,,,1786511099.8250616,1,4,success,False,91757,0,stage1_annotation,annotation,258539,GACCCTTCAAGACTGG_SC86
DeepSeekBackend,deepseek-v4-flash,deepseek,1074,3947,5021,0,3863,,,1786511100.1158097,1,4,success,False,35507,285,stage1_annotation,annotation,147496,CATGACAGTAATAGCA_F02617
DeepSeekBackend,deepseek-v4-flash,deepseek,1117,800,1917,1024,740,,,1786511107.3399878,1,4,success,False,7514,227,stage1_annotation,annotation,258539,GACCCTTCAAGACTGG_SC86
DeepSeekBackend,deepseek-v4-flash,deepseek,1082,3020,4102,0,2915,,,1786511109.0863647,1,4,success,False,27699,384,stage1_annotation,annotation,6075,P2_2_TGCTACCGTTGAGGTG
DeepSeekBackend,deepseek-v4-flash,deepseek,1079,190,1269,0,185,,,1786511109.8345265,1,4,success,False,2409,18,stage1_annotation,annotation,8536,P2_2_TCGGGACAGTATTGGA
DeepSeekBackend,deepseek-v4-flash,deepseek,1087,244,1331,0,239,,,1786511110.801735,1,4,success,False,3317,18,stage1_annotation,annotation,319471,AATCCAGGTTCCATGA_F02992
DeepSeekBackend,deepseek-v4-flash,deepseek,1076,421,1497,0,360,,,1786511111.9932816,1,4,success,False,4581,195,stage1_annotation,annotation,308929,CGACTTCCATGGTCAT_SC27
DeepSeekBackend,deepseek-v4-flash,deepseek,1084,418,1502,0,338,,,1786511112.4036694,1,4,success,False,4999,287,stage1_annotation,annotation,258763,GGCTCGACAGGCGATA_F01853
DeepSeekBackend,deepseek-v4-flash,deepseek,1087,469,1556,0,381,,,1786511112.894224,1,4,success,False,5447,349,stage1_annotation,annotation,142454,P2_5_AGTGAGGTCGGTTAAC
DeepSeekBackend,deepseek-v4-flash,deepseek,1083,484,1567,0,411,,,1786511112.94458,1,4,success,False,5502,311,stage1_annotation,annotation,224942,P2_1_TCCCGATTCTGTCCGT
DeepSeekBackend,deepseek-v4-flash,deepseek,1086,490,1576,0,485,,,1786511112.984826,1,4,success,False,5496,18,stage1_annotation,annotation,43502,GGTGAAGGTCGTCTTC-1-HCATisStab7587208
DeepSeekBackend,deepseek-v4-flash,deepseek,1076,620,1696,0,553,,,1786511113.2564504,1,4,success,False,5755,256,stage1_annotation,annotation,163056,CATGCCTTCAACCAAC_SC27
DeepSeekBackend,deepseek-v4-flash,deepseek,1091,278,1369,0,273,,,1786511113.4465938,1,4,success,False,3602,18,stage1_annotation,annotation,169714,CTGATAGTCAAGATCC_F02528
DeepSeekBackend,deepseek-v4-flash,deepseek,1084,636,1720,0,552,,,1786511113.529985,1,4,success,False,6079,315,stage1_annotation,annotation,100403,CTCTACGGTACCGTTA_SC27
DeepSeekBackend,deepseek-v4-flash,deepseek,1090,572,1662,0,482,,,1786511114.1511571,1,4,success,False,6686,323,stage1_annotation,annotation,26810,TAGTTGGCAACAACCT_HD67
DeepSeekBackend,deepseek-v4-flash,deepseek,1094,699,1793,0,592,,,1786511115.345536,1,4,success,False,7835,475,stage1_annotation,annotation,40727,CATGCCTGTTAAAGAC_F02992
DeepSeekBackend,deepseek-v4-flash,deepseek,1085,954,2039,0,883,,,1786511116.1976151,1,4,success,False,8719,275,stage1_annotation,annotation,57589,P1_2_CGTCAGGTCTTAGAGC
DeepSeekBackend,deepseek-v4-flash,deepseek,1081,1012,2093,0,908,,,1786511116.4098165,1,4,success,False,9022,370,stage1_annotation,annotation,91722,GTGTGCGCAAGACACG_F02607
DeepSeekBackend,deepseek-v4-flash,deepseek,1097,231,1328,0,175,,,1786511116.772433,1,4,success,False,3233,222,stage1_annotation,annotation,249433,ATCATCTAGCCAGTTT-SC156
DeepSeekBackend,deepseek-v4-flash,deepseek,1084,353,1437,0,272,,,1786511116.986009,1,4,success,False,4030,317,stage1_annotation,annotation,198351,GTTCATTCATACTACG_SC24
DeepSeekBackend,deepseek-v4-flash,deepseek,1088,339,1427,0,263,,,1786511117.0839944,1,4,success,False,4669,288,stage1_annotation,annotation,188663,GGAACTTTCAGAAATG-1-HCATisStab7587211
DeepSeekBackend,deepseek-v4-flash,deepseek,1099,280,1379,0,277,,,1786511117.1216254,1,4,success,False,3666,9,stage1_annotation,annotation,203797,GTCTTCGAGCGTCAAG-SC155
DeepSeekBackend,deepseek-v4-flash,deepseek,1093,476,1569,0,471,,,1786511117.24712,1,4,success,False,5244,18,stage1_annotation,annotation,219654,7135919_CCCAATCTCCGTCAAA
DeepSeekBackend,deepseek-v4-flash,deepseek,1088,890,1978,0,813,,,1786511117.4873576,1,4,success,False,9993,298,stage1_annotation,annotation,166873,CGGGCATAGGTGCCTC_SC144
DeepSeekBackend,deepseek-v4-flash,deepseek,1093,270,1363,0,183,,,1786511117.5147502,1,4,success,False,3355,333,stage1_annotation,annotation,150789,TTCTCCTCATCTACGA_F02611
DeepSeekBackend,deepseek-v4-flash,deepseek,1091,910,2001,0,905,,,1786511117.6413627,1,4,success,False,10224,26,stage1_annotation,annotation,164807,P1_3_CATCGGGCAGACGCTC
DeepSeekBackend,deepseek-v4-flash,deepseek,1087,688,1775,0,585,,,1786511117.9308999,1,4,success,False,7117,336,stage1_annotation,annotation,320950,TGAGCCGTCTTACCGC-1-HCATisStab7587208
DeepSeekBackend,deepseek-v4-flash,deepseek,1086,364,1450,0,284,,,1786511117.9771266,1,4,success,False,4985,343,stage1_annotation,annotation,309538,AGTGAGGAGAACTGTA-1-HCATisStab7587205
DeepSeekBackend,deepseek-v4-flash,deepseek,1086,468,1554,0,398,,,1786511118.3156247,1,4,success,False,5051,291,stage1_annotation,annotation,104427,ACGGAGAAGCGATGAC_F02992
DeepSeekBackend,deepseek-v4-flash,deepseek,1081,482,1563,0,407,,,1786511118.3195586,1,4,success,False,5412,315,stage1_annotation,annotation,95575,CGTTCTGGTTGATTCG_F02092
DeepSeekBackend,deepseek-v4-flash,deepseek,1086,1115,2201,0,1036,,,1786511119.279665,1,4,success,False,11822,316,stage1_annotation,annotation,132132,CGCAGGTTCGCGTGAC_SC142
DeepSeekBackend,deepseek-v4-flash,deepseek,1110,257,1367,0,192,,,1786511119.3003461,1,4,success,False,3093,254,stage1_annotation,annotation,333289,CCGGGATTCTTGCAAG_HD68
DeepSeekBackend,deepseek-v4-flash,deepseek,1082,1121,2203,0,995,,,1786511119.724779,1,4,success,False,12227,480,stage1_annotation,annotation,173670,CTCACACAGGGAACGG_F01641
DeepSeekBackend,deepseek-v4-flash,deepseek,1087,158,1245,0,155,,,1786511119.8329434,1,4,success,False,3413,9,stage1_annotation,annotation,197128,CTAATGGGTGCCTGTG_F02611
DeepSeekBackend,deepseek-v4-flash,deepseek,1092,399,1491,0,334,,,1786511120.1245377,1,4,success,False,4769,266,stage1_annotation,annotation,3374,CCTATTAGTTACGCGC_F01394
DeepSeekBackend,deepseek-v4-flash,deepseek,1104,1251,2355,0,1181,,,1786511121.2696111,1,4,success,False,12175,218,stage1_annotation,annotation,324481,TACGGGCAGGATTCGG_F01639
DeepSeekBackend,deepseek-v4-flash,deepseek,1081,7227,8308,0,7146,,,1786511129.015262,1,4,success,False,64413,267,stage1_annotation,annotation,107052,GCGAGAATCAAGATCC_F01639
DeepSeekBackend,deepseek-v4-flash,deepseek,1079,10000,11079,0,10000,,,1786511159.0774467,1,4,success,False,92177,0,stage1_annotation,annotation,136047,P3_5_GGGCACTGTGATAAAC
DeepSeekBackend,deepseek-v4-flash,deepseek,1115,668,1783,1024,664,,,1786511165.6713126,1,4,success,False,6593,10,stage1_annotation,annotation,136047,P3_5_GGGCACTGTGATAAAC
DeepSeekBackend,deepseek-v4-flash,deepseek,1092,181,1273,0,130,,,1786511168.1171935,1,4,success,False,2307,188,stage1_annotation,annotation,257333,ACTGAACAGAATGTTG_F02611
DeepSeekBackend,deepseek-v4-flash,deepseek,1091,179,1270,0,130,,,1786511168.312021,1,4,success,False,2455,184,stage1_annotation,annotation,214597,CATCGAACACAACTGT_F01851
DeepSeekBackend,deepseek-v4-flash,deepseek,1100,248,1348,0,203,,,1786511168.3286092,1,4,success,False,2467,156,stage1_annotation,annotation,94259,CGTAGGCGTAGTACCT_HD68
DeepSeekBackend,deepseek-v4-flash,deepseek,1093,213,1306,0,157,,,1786511168.4828937,1,4,success,False,2731,227,stage1_annotation,annotation,252885,GGACAGATCGTTGCCT_F01851
DeepSeekBackend,deepseek-v4-flash,deepseek,1094,230,1324,0,227,,,1786511168.6316862,1,4,success,False,2791,9,stage1_annotation,annotation,275913,ACTTACTTCTTGTCAT_F02611
DeepSeekBackend,deepseek-v4-flash,deepseek,1089,192,1281,0,135,,,1786511168.6545768,1,4,success,False,2871,219,stage1_annotation,annotation,80496,CAGCCGACATGGGAAC_F01851
DeepSeekBackend,deepseek-v4-flash,deepseek,1092,246,1338,0,197,,,1786511168.674722,1,4,success,False,2850,170,stage1_annotation,annotation,311166,TGCGTGGCAGCCAATT_F02611
DeepSeekBackend,deepseek-v4-flash,deepseek,1098,238,1336,0,169,,,1786511168.756095,1,4,success,False,2998,280,stage1_annotation,annotation,287771,CACATTTAGCGGCTTC_HD101
DeepSeekBackend,deepseek-v4-flash,deepseek,1097,282,1379,0,221,,,1786511169.0811622,1,4,success,False,3350,246,stage1_annotation,annotation,175505,GCCTCTAAGCTACCGC_F02611
DeepSeekBackend,deepseek-v4-flash,deepseek,1105,289,1394,0,235,,,1786511169.2613134,1,4,success,False,3484,199,stage1_annotation,annotation,272834,GGCTCGACACCTATCC_HD68
DeepSeekBackend,deepseek-v4-flash,deepseek,1094,333,1427,0,267,,,1786511169.3844068,1,4,success,False,3547,222,stage1_annotation,annotation,185650,CCGTTCAGTCTAACGT_F02528
DeepSeekBackend,deepseek-v4-flash,deepseek,1089,361,1450,0,293,,,1786511169.7187703,1,4,success,False,3852,271,stage1_annotation,annotation,14111,TGAGAGGCAAGAGGCT-1-HCATisStab7747197
DeepSeekBackend,deepseek-v4-flash,deepseek,1083,392,1475,0,328,,,1786511169.821186,1,4,success,False,4021,219,stage1_annotation,annotation,109288,CGTTAGAGTAAACGCG_F01607
DeepSeekBackend,deepseek-v4-flash,deepseek,1096,360,1456,0,305,,,1786511170.0705485,1,4,success,False,4280,192,stage1_annotation,annotation,34004,TCTTCGGGTTGGTAAA_HD101
DeepSeekBackend,deepseek-v4-flash,deepseek,1091,447,1538,0,400,,,1786511170.1465814,1,4,success,False,4300,205,stage1_annotation,annotation,264473,TCAGGTAGTCAGCTAT_F01851
DeepSeekBackend,deepseek-v4-flash,deepseek,1104,549,1653,0,457,,,1786511171.350225,1,4,success,False,5472,328,stage1_annotation,annotation,50253,7135920_TAAGTGCCAACGCACC
DeepSeekBackend,deepseek-v4-flash,deepseek,1091,436,1527,0,349,,,1786511171.846811,1,4,success,False,6015,333,stage1_annotation,annotation,46565,ATCGCCTTCCACTAGA_SC84
DeepSeekBackend,deepseek-v4-flash,deepseek,1092,562,1654,0,504,,,1786511172.0379267,1,4,success,False,6271,210,stage1_annotation,annotation,76336,TAAGCGTCACCCATTC_SC18
DeepSeekBackend,deepseek-v4-flash,deepseek,1088,433,1521,0,376,,,1786511172.9679224,1,4,success,False,4642,211,stage1_annotation,annotation,93616,P3_7_AGGGTGATCACCTTAT
DeepSeekBackend,deepseek-v4-flash,deepseek,1089,697,1786,0,613,,,1786511175.023013,1,4,success,False,5751,312,stage1_annotation,annotation,287663,P3_7_CGAGCCACATGTAGTC
DeepSeekBackend,deepseek-v4-flash,deepseek,1089,685,1774,0,619,,,1786511175.156866,1,4,success,False,7029,256,stage1_annotation,annotation,269721,7239217_GTATTCTGTATATGGA
DeepSeekBackend,deepseek-v4-flash,deepseek,1090,706,1796,0,610,,,1786511175.3393643,1,4,success,False,7003,376,stage1_annotation,annotation,297143,GCTGCAGAGCACGCCT_HD101
DeepSeekBackend,deepseek-v4-flash,deepseek,1091,451,1542,0,446,,,1786511175.3599842,1,4,success,False,6268,27,stage1_annotation,annotation,40012,GTACGTAAGAGTGACC-1-HCATisStab7747197
DeepSeekBackend,deepseek-v4-flash,deepseek,1088,1033,2121,0,956,,,1786511175.7333138,1,4,success,False,9882,328,stage1_annotation,annotation,41127,CCGTACTAGAGGTTAT_F01607
DeepSeekBackend,deepseek-v4-flash,deepseek,1085,573,1658,0,477,,,1786511175.9273083,1,4,success,False,6093,313,stage1_annotation,annotation,262489,CTTAGGATCAGTTAGC_F01403
DeepSeekBackend,deepseek-v4-flash,deepseek,1094,509,1603,0,429,,,1786511176.047911,1,4,success,False,6319,298,stage1_annotation,annotation,29646,AAGACCTTCTGCGACG_F02611
DeepSeekBackend,deepseek-v4-flash,deepseek,1091,868,1959,0,815,,,1786511176.5703576,1,4,success,False,8078,212,stage1_annotation,annotation,324075,TTAACTCAGAGTAAGG_F01607
DeepSeekBackend,deepseek-v4-flash,deepseek,1097,818,1915,0,752,,,1786511177.312343,1,4,success,False,8674,281,stage1_annotation,annotation,198249,GCGAGAACAGATCTGT-1-HCATisStab7587202
DeepSeekBackend,deepseek-v4-flash,deepseek,1095,521,1616,0,444,,,1786511177.3989158,1,4,success,False,5543,287,stage1_annotation,annotation,310396,TCTCATAGTACTCTCC_F01639
DeepSeekBackend,deepseek-v4-flash,deepseek,1087,468,1555,0,388,,,1786511177.4359844,1,4,success,False,5387,292,stage1_annotation,annotation,75918,TACGGATCATTCCTCG-1-HCATisStab7587202
DeepSeekBackend,deepseek-v4-flash,deepseek,1089,854,1943,0,771,,,1786511177.635955,1,4,success,False,7556,305,stage1_annotation,annotation,130955,TCAGGTAAGCCGGTAA_F01513
DeepSeekBackend,deepseek-v4-flash,deepseek,1087,1172,2259,0,1167,,,1786511177.7096484,1,4,success,False,11839,27,stage1_annotation,annotation,93567,7239217_CGTGTCTCATTCTTAC
DeepSeekBackend,deepseek-v4-flash,deepseek,1095,865,1960,0,794,,,1786511177.8805847,1,4,success,False,8485,278,stage1_annotation,annotation,99172,CAGCTAACAGGTGGAT_F01639
DeepSeekBackend,deepseek-v4-flash,deepseek,1093,970,2063,0,879,,,1786511178.7846456,1,4,success,False,10101,361,stage1_annotation,annotation,55316,TAGCCGGGTCTCGTTC-1-HCATisStab7747197
DeepSeekBackend,deepseek-v4-flash,deepseek,1088,1009,2097,0,913,,,1786511178.8763692,1,4,success,False,10113,330,stage1_annotation,annotation,253614,GGCCGATTCATGGTCA_F01607
DeepSeekBackend,deepseek-v4-flash,deepseek,1085,337,1422,0,262,,,1786511179.5525603,1,4,success,False,4188,256,stage1_annotation,annotation,206474,GGTGATTGTTCTGACA_SC142
DeepSeekBackend,deepseek-v4-flash,deepseek,1092,1215,2307,0,1159,,,1786511180.0244014,1,4,success,False,11361,192,stage1_annotation,annotation,293306,CTACCCAGTGGTTTCA_F02524
DeepSeekBackend,deepseek-v4-flash,deepseek,1094,317,1411,0,226,,,1786511180.1458952,1,4,success,False,4209,324,stage1_annotation,annotation,18079,CATCGGGTCGTGGGAA-1-HCATisStab7587205
DeepSeekBackend,deepseek-v4-flash,deepseek,1094,952,2046,0,875,,,1786511180.3676698,1,4,success,False,10212,279,stage1_annotation,annotation,141383,GCATGCGAGATCCCAT_F02526
DeepSeekBackend,deepseek-v4-flash,deepseek,1102,349,1451,0,270,,,1786511180.989936,1,4,success,False,4407,272,stage1_annotation,annotation,92285,AGGCCGTCAACTGCTA_F01639
DeepSeekBackend,deepseek-v4-flash,deepseek,1083,206,1289,0,201,,,1786511182.134051,1,4,success,False,2571,19,stage1_annotation,annotation,45332,TGGTTAGCATCGACGC_F01692
DeepSeekBackend,deepseek-v4-flash,deepseek,1095,291,1386,0,283,,,1786511182.4408042,1,4,success,False,3645,36,stage1_annotation,annotation,281894,GTGCAGCCAGGACCCT-1-HCATisStab7747200
DeepSeekBackend,deepseek-v4-flash,deepseek,1085,490,1575,0,409,,,1786511183.1048603,1,4,success,False,5697,333,stage1_annotation,annotation,277621,TTGTTCATCCTGTTGC_SC84
DeepSeekBackend,deepseek-v4-flash,deepseek,1100,529,1629,0,457,,,1786511183.6105115,1,4,success,False,5889,247,stage1_annotation,annotation,318541,TAAGTGCGTCTAGCGC_F02524
DeepSeekBackend,deepseek-v4-flash,deepseek,1097,649,1746,0,549,,,1786511183.6228547,1,4,success,False,7561,349,stage1_annotation,annotation,70986,TCAGCTCAGAGAACAG-1-HCATisStab7747200
DeepSeekBackend,deepseek-v4-flash,deepseek,1081,282,1363,0,207,,,1786511184.086101,1,4,success,False,3928,348,stage1_annotation,annotation,322424,CAAGAAAAGAGGTTGC_F03045
DeepSeekBackend,deepseek-v4-flash,deepseek,1106,626,1732,0,546,,,1786511184.557487,1,4,success,False,7110,314,stage1_annotation,annotation,68222,TGATTTCAGTGTGGCA_F01367
DeepSeekBackend,deepseek-v4-flash,deepseek,1083,1243,2326,0,1235,,,1786511184.561812,1,4,success,False,11582,36,stage1_annotation,annotation,190397,P2_7_TCTGAGACAGATAATG
DeepSeekBackend,deepseek-v4-flash,deepseek,1092,647,1739,0,567,,,1786511184.5902214,1,4,success,False,6699,267,stage1_annotation,annotation,269034,GTCCTCACATCTCCCA_F01851
DeepSeekBackend,deepseek-v4-flash,deepseek,1082,539,1621,0,464,,,1786511185.1852014,1,4,success,False,5149,239,stage1_annotation,annotation,209629,TTTGCGCTCGGCGGTT-SC155
DeepSeekBackend,deepseek-v4-flash,deepseek,1090,225,1315,0,220,,,1786511185.8832557,1,4,success,False,2768,19,stage1_annotation,annotation,172323,CCGTTCAGTCTGATTG_F02617
DeepSeekBackend,deepseek-v4-flash,deepseek,1089,163,1252,0,113,,,1786511185.914828,1,4,success,False,2283,182,stage1_annotation,annotation,268043,ATGAGGGAGTCATCCA_F01851
DeepSeekBackend,deepseek-v4-flash,deepseek,1087,179,1266,0,174,,,1786511186.0712004,1,4,success,False,2451,19,stage1_annotation,annotation,108800,GACCTGGAGAGCCCAA_F02730
DeepSeekBackend,deepseek-v4-flash,deepseek,1086,1165,2251,0,1093,,,1786511186.08036,1,4,success,False,11048,267,stage1_annotation,annotation,244992,TCTATGTGCATTTC-SC31D
DeepSeekBackend,deepseek-v4-flash,deepseek,1091,485,1576,0,480,,,1786511186.98068,1,4,success,False,4527,19,stage1_annotation,annotation,275715,TCGTAGAAGTCTCCTC-1-HCATisStab7587202
DeepSeekBackend,deepseek-v4-flash,deepseek,1095,595,1690,0,590,,,1786511187.6761136,1,4,success,False,6681,18,stage1_annotation,annotation,214677,TTGACTTGTAGTACCT-1-HCATisStab7659970
DeepSeekBackend,deepseek-v4-flash,deepseek,1088,933,2021,0,846,,,1786511187.9193323,1,4,success,False,9033,305,stage1_annotation,annotation,326322,TTGCGTCGTTTGCATG-1-HCATisStab7747197
DeepSeekBackend,deepseek-v4-flash,deepseek,1081,416,1497,0,337,,,1786511188.9550903,1,4,success,False,4387,306,stage1_annotation,annotation,301125,TTTACCAAGACTCTTG_SC142
DeepSeekBackend,deepseek-v4-flash,deepseek,1073,260,1333,0,255,,,1786511189.2460978,1,4,success,False,3354,19,stage1_annotation,annotation,246822,GCTGGGTCAGTGGAGT-SC45
DeepSeekBackend,deepseek-v4-flash,deepseek,1088,588,1676,0,534,,,1786511190.260422,1,4,success,False,6166,189,stage1_annotation,annotation,80681,7239218_AGTTGGTAGATGCGAC
DeepSeekBackend,deepseek-v4-flash,deepseek,1080,553,1633,0,476,,,1786511190.5551221,1,4,success,False,5360,268,stage1_annotation,annotation,260479,AACCGCGCACTAGTAC_SC27
DeepSeekBackend,deepseek-v4-flash,deepseek,1086,447,1533,0,442,,,1786511190.632108,1,4,success,False,4545,19,stage1_annotation,annotation,179442,CAGCAGCCAAGTAATG_F01607
DeepSeekBackend,deepseek-v4-flash,deepseek,1081,586,1667,0,581,,,1786511190.6458733,1,4,success,False,6049,19,stage1_annotation,annotation,107994,TATGCCCAGCGACGTA_SC27
DeepSeekBackend,deepseek-v4-flash,deepseek,1078,467,1545,0,377,,,1786511191.241175,1,4,success,False,5317,299,stage1_annotation,annotation,260593,TACTCCCTCACTGA-SC31
DeepSeekBackend,deepseek-v4-flash,deepseek,1088,424,1512,0,336,,,1786511191.380509,1,4,success,False,5289,357,stage1_annotation,annotation,205896,TGGTTAGCATAACCTG_HD67
DeepSeekBackend,deepseek-v4-flash,deepseek,1092,311,1403,0,225,,,1786511191.7493198,1,4,success,False,4763,360,stage1_annotation,annotation,255531,GTGCGGTTCGCTAGCG_F02617
DeepSeekBackend,deepseek-v4-flash,deepseek,1087,359,1446,0,291,,,1786511192.4284396,1,4,success,False,4742,327,stage1_annotation,annotation,319486,GCTCTGTGTCCAGTGC_F02617
DeepSeekBackend,deepseek-v4-flash,deepseek,1095,256,1351,0,173,,,1786511192.7978504,1,4,success,False,3542,346,stage1_annotation,annotation,226769,GTCACAACACCGGAAA_F01851
DeepSeekBackend,deepseek-v4-flash,deepseek,1087,2344,3431,0,2257,,,1786511192.842485,1,4,success,False,21487,285,stage1_annotation,annotation,321987,7239220_CGAGAAGGTTAAGAAC
DeepSeekBackend,deepseek-v4-flash,deepseek,1094,1544,2638,0,1468,,,1786511192.8657024,1,4,success,False,15217,293,stage1_annotation,annotation,262273,GCAATCACAGTAAGCG_F02509
DeepSeekBackend,deepseek-v4-flash,deepseek,1091,1601,2692,0,1505,,,1786511193.6518137,1,4,success,False,16325,311,stage1_annotation,annotation,294498,TTCTTAGTCCATGCTC_F01403
DeepSeekBackend,deepseek-v4-flash,deepseek,1090,362,1452,0,302,,,1786511193.8286405,1,4,success,False,4862,261,stage1_annotation,annotation,139756,AACTCTTGTAGCGTAG_F02524
DeepSeekBackend,deepseek-v4-flash,deepseek,1090,233,1323,0,182,,,1786511193.9004238,1,4,success,False,3248,163,stage1_annotation,annotation,76117,TGACTTTCAATTGCTG_F02617
DeepSeekBackend,deepseek-v4-flash,deepseek,1075,317,1392,0,253,,,1786511194.607456,1,4,success,False,3964,285,stage1_annotation,annotation,303395,P2_5_CGTCCATTCCACGCAG
DeepSeekBackend,deepseek-v4-flash,deepseek,1089,303,1392,0,227,,,1786511194.665638,1,4,success,False,4102,365,stage1_annotation,annotation,280608,ACACTGAAGATCGATA_F02611
DeepSeekBackend,deepseek-v4-flash,deepseek,1090,288,1378,0,209,,,1786511194.837775,1,4,success,False,3450,354,stage1_annotation,annotation,176127,ATTATCCGTCGCATAT_F02528
DeepSeekBackend,deepseek-v4-flash,deepseek,1092,305,1397,0,238,,,1786511195.0528011,1,4,success,False,3798,292,stage1_annotation,annotation,104690,ACGAGCCCAAGGGTCA-1-HCATisStab7747198
DeepSeekBackend,deepseek-v4-flash,deepseek,1096,235,1331,0,170,,,1786511195.6953545,1,4,success,False,2888,280,stage1_annotation,annotation,222020,GTAGGCCCATGCCTAA_F02617
DeepSeekBackend,deepseek-v4-flash,deepseek,1089,568,1657,0,499,,,1786511196.3738694,1,4,success,False,6103,289,stage1_annotation,annotation,147900,AACTCCCAGAAAGTGG_F02607
DeepSeekBackend,deepseek-v4-flash,deepseek,1081,155,1236,0,94,,,1786511196.4275827,1,4,success,False,2588,282,stage1_annotation,annotation,121381,GCATGATCACATCCGG-SC155
DeepSeekBackend,deepseek-v4-flash,deepseek,1084,321,1405,0,265,,,1786511196.6657538,1,4,success,False,4228,236,stage1_annotation,annotation,105019,P2_2_TCTCTAATCTATCCTA
DeepSeekBackend,deepseek-v4-flash,deepseek,1095,835,1930,0,759,,,1786511197.0443387,1,4,success,False,9116,302,stage1_annotation,annotation,59056,TAGTGCACAGAGTGTG_SC86
DeepSeekBackend,deepseek-v4-flash,deepseek,1089,427,1516,0,347,,,1786511197.1652608,1,4,success,False,5406,383,stage1_annotation,annotation,244782,AGATTGCTCCGTAGGC_F02522
DeepSeekBackend,deepseek-v4-flash,deepseek,1079,1733,2812,0,1634,,,1786511197.647666,1,4,success,False,15508,357,stage1_annotation,annotation,278594,7239220_CTGGTCTCACATTCGA
DeepSeekBackend,deepseek-v4-flash,deepseek,1093,285,1378,0,213,,,1786511197.8593347,1,4,success,False,3949,307,stage1_annotation,annotation,282435,GACGCTCTCCTACC-SC31D
DeepSeekBackend,deepseek-v4-flash,deepseek,1095,2384,3479,0,2280,,,1786511198.4221525,1,4,success,False,22679,365,stage1_annotation,annotation,55624,GTCGGGTGTCCTCTTG-1-HCATisStab7747200
DeepSeekBackend,deepseek-v4-flash,deepseek,1084,432,1516,0,368,,,1786511198.4630897,1,4,success,False,5588,226,stage1_annotation,annotation,262359,GACTGCGAGAGCTTCT_F02522
DeepSeekBackend,deepseek-v4-flash,deepseek,1086,365,1451,0,297,,,1786511198.6472516,1,4,success,False,4985,300,stage1_annotation,annotation,155012,TCTATTGGTGATGTCT_F02607
DeepSeekBackend,deepseek-v4-flash,deepseek,1102,225,1327,0,154,,,1786511198.7718687,1,4,success,False,3068,256,stage1_annotation,annotation,203849,CGCGGTAGTAAGGGAA_F02607
DeepSeekBackend,deepseek-v4-flash,deepseek,1095,201,1296,0,126,,,1786511198.859145,1,4,success,False,2420,307,stage1_annotation,annotation,242340,P2_7_CGCTTCAGTCTCTCTG
DeepSeekBackend,deepseek-v4-flash,deepseek,1087,542,1629,0,479,,,1786511198.9227817,1,4,success,False,6070,301,stage1_annotation,annotation,94657,AAACCTGAGCCCAGCT_F02524
DeepSeekBackend,deepseek-v4-flash,deepseek,1095,2383,3478,0,2310,,,1786511199.0353842,1,4,success,False,23868,269,stage1_annotation,annotation,224743,AAATGCCTCGCGTAGC-1-HCATisStab7747200
DeepSeekBackend,deepseek-v4-flash,deepseek,1092,310,1402,0,252,,,1786511199.3954914,1,4,success,False,4332,214,stage1_annotation,annotation,241972,TCAGGATCAGTCAGAG_F02607
DeepSeekBackend,deepseek-v4-flash,deepseek,1081,494,1575,0,417,,,1786511199.835397,1,4,success,False,5217,354,stage1_annotation,annotation,315885,GTAACGTTCATAACCG_F02730
DeepSeekBackend,deepseek-v4-flash,deepseek,1098,265,1363,0,194,,,1786511200.2387023,1,4,success,False,3183,256,stage1_annotation,annotation,29574,ACTGTCCTCTCTAGGA_F02092
DeepSeekBackend,deepseek-v4-flash,deepseek,1086,164,1250,0,161,,,1786511200.3185315,1,4,success,False,2662,9,stage1_annotation,annotation,312464,P2_7_AGGTCATGTTGCGTTA
DeepSeekBackend,deepseek-v4-flash,deepseek,1090,1598,2688,0,1593,,,1786511200.628584,1,4,success,False,16057,18,stage1_annotation,annotation,286424,TTCGAAGTCAGCGACC-SC156
DeepSeekBackend,deepseek-v4-flash,deepseek,1099,362,1461,0,359,,,1786511200.642251,1,4,success,False,4259,9,stage1_annotation,annotation,45723,CGTGTAACAGTCGTGC_F02617
DeepSeekBackend,deepseek-v4-flash,deepseek,1105,212,1317,0,144,,,1786511201.4883726,1,4,success,False,3017,247,stage1_annotation,annotation,172485,TTTCCTCTCTCGTTTA_HD68
DeepSeekBackend,deepseek-v4-flash,deepseek,1090,369,1459,0,288,,,1786511201.495191,1,4,success,False,4319,321,stage1_annotation,annotation,32074,P2_5_TCAGCTCGTGTCGCTG
DeepSeekBackend,deepseek-v4-flash,deepseek,1081,507,1588,0,415,,,1786511201.5273585,1,4,success,False,4848,324,stage1_annotation,annotation,134492,TTTATGCGTTCCATGA-1-HCATisStab7747200
DeepSeekBackend,deepseek-v4-flash,deepseek,1103,675,1778,0,604,,,1786511201.6638694,1,4,success,False,6816,248,stage1_annotation,annotation,206114,P1_2_TACACGAGTCAGAATA
DeepSeekBackend,deepseek-v4-flash,deepseek,1093,2773,3866,0,2680,,,1786511201.8694382,1,4,success,False,26521,395,stage1_annotation,annotation,169074,TGGCTGGAGGCCCGTT_F02526
DeepSeekBackend,deepseek-v4-flash,deepseek,1098,238,1336,0,171,,,1786511201.8886027,1,4,success,False,3457,242,stage1_annotation,annotation,192377,GGAGCAATCAGCGACC_F02522
DeepSeekBackend,deepseek-v4-flash,deepseek,1091,258,1349,0,255,,,1786511202.0865335,1,4,success,False,3304,9,stage1_annotation,annotation,317469,GTCACGGAGGACAGAA_F02611
DeepSeekBackend,deepseek-v4-flash,deepseek,1085,410,1495,0,331,,,1786511202.7006795,1,4,success,False,4832,328,stage1_annotation,annotation,44385,ACTGAACCATTCGACA_F02092
DeepSeekBackend,deepseek-v4-flash,deepseek,1097,454,1551,0,394,,,1786511203.6339464,1,4,success,False,4982,247,stage1_annotation,annotation,210270,AAAGTAGAGCCAGTTT_F02524
DeepSeekBackend,deepseek-v4-flash,deepseek,1100,251,1351,0,199,,,1786511205.5442457,1,4,success,False,3620,174,stage1_annotation,annotation,196775,GAGGTGACAGTCGATT_HD70
DeepSeekBackend,deepseek-v4-flash,deepseek,1087,320,1407,0,263,,,1786511205.8266578,1,4,success,False,3880,201,stage1_annotation,annotation,319991,CTGCCATGTTCGGCTG_SC85
DeepSeekBackend,deepseek-v4-flash,deepseek,1095,316,1411,0,242,,,1786511206.445607,1,4,success,False,4550,256,stage1_annotation,annotation,147016,TTAGGCAGTATCGCAT_F02617
DeepSeekBackend,deepseek-v4-flash,deepseek,1097,1294,2391,0,1202,,,1786511207.1869695,1,4,success,False,12511,385,stage1_annotation,annotation,320138,GCTGCAGAGCGATATA_F02092
DeepSeekBackend,deepseek-v4-flash,deepseek,1086,444,1530,0,436,,,1786511207.3680375,1,4,success,False,5348,31,stage1_annotation,annotation,23371,P1_4_GTAACGTTCTGGGCCA
DeepSeekBackend,deepseek-v4-flash,deepseek,1084,507,1591,0,441,,,1786511207.4203517,1,4,success,False,5433,245,stage1_annotation,annotation,54289,P2_5_ACGAGGAGTCAGCTAT
DeepSeekBackend,deepseek-v4-flash,deepseek,1085,490,1575,0,418,,,1786511207.4851449,1,4,success,False,5456,278,stage1_annotation,annotation,231083,7239218_CAGAGAGTCCATGCTC
DeepSeekBackend,deepseek-v4-flash,deepseek,1095,531,1626,0,454,,,1786511207.9190826,1,4,success,False,5976,313,stage1_annotation,annotation,268437,CGCATAAGTATGGGAC_SC141
DeepSeekBackend,deepseek-v4-flash,deepseek,1079,739,1818,0,645,,,1786511209.309812,1,4,success,False,7213,344,stage1_annotation,annotation,163340,AGCGTATTCTTAGAGC-1-HCATisStab7659969
DeepSeekBackend,deepseek-v4-flash,deepseek,1079,698,1777,0,615,,,1786511209.7859693,1,4,success,False,7793,282,stage1_annotation,annotation,248998,7239217_TTGACTTTCGTGGGAA
DeepSeekBackend,deepseek-v4-flash,deepseek,1092,1281,2373,0,1187,,,1786511214.2171211,1,4,success,False,12184,365,stage1_annotation,annotation,75465,7239218_ATCATCTCATCAGTCA
DeepSeekBackend,deepseek-v4-flash,deepseek,1088,1279,2367,0,1205,,,1786511214.4223957,1,4,success,False,12501,280,stage1_annotation,annotation,215807,GCAATCAGTAAACACA-1-HCATisStab7587208
DeepSeekBackend,deepseek-v4-flash,deepseek,1088,1882,2970,0,1776,,,1786511220.186541,1,4,success,False,18187,354,stage1_annotation,annotation,283376,TACTTACAGTCGAGTG_F02617
DeepSeekBackend,deepseek-v4-flash,deepseek,1087,1796,2883,0,1699,,,1786511220.2268593,1,4,success,False,16583,345,stage1_annotation,annotation,165624,TACTCATGTCATCGGC-1-HCATisStab7587208
DeepSeekBackend,deepseek-v4-flash,deepseek,1088,2504,3592,0,2427,,,1786511224.0015602,1,4,success,False,22023,317,stage1_annotation,annotation,327657,CTCAGAATCTGCCAGG-1-HCATisStab7587208
DeepSeekBackend,deepseek-v4-flash,deepseek,1088,2482,3570,0,2374,,,1786511224.3496053,1,4,success,False,22336,298,stage1_annotation,annotation,142350,GATCGTAAGTAGTGCG_F02617
DeepSeekBackend,deepseek-v4-flash,deepseek,1085,2550,3635,0,2437,,,1786511226.2231042,1,4,success,False,23511,404,stage1_annotation,annotation,229740,CGAGCCAGTACATGTC-1-HCATisStab7587208
DeepSeekBackend,deepseek-v4-flash,deepseek,1086,5549,6635,0,5462,,,1786511232.8066137,1,4,success,False,52433,267,stage1_annotation,annotation,194008,TACTTGTGTACCCAAT-SC155
DeepSeekBackend,deepseek-v4-flash,deepseek,1088,182,1270,0,123,,,1786511235.8458369,1,4,success,False,2886,199,stage1_annotation,annotation,69057,GGTGAAGCAATAGCAA_SC29
DeepSeekBackend,deepseek-v4-flash,deepseek,1105,197,1302,0,124,,,1786511236.1268244,1,4,success,False,3148,236,stage1_annotation,annotation,89801,TGACTAGTCAAACGGG_HD66
DeepSeekBackend,deepseek-v4-flash,deepseek,1093,399,1492,0,395,,,1786511236.526598,1,4,success,False,3530,11,stage1_annotation,annotation,207823,GCTGCAGAGCGAAGGG_F02524
DeepSeekBackend,deepseek-v4-flash,deepseek,1099,302,1401,0,232,,,1786511237.0031667,1,4,success,False,4067,231,stage1_annotation,annotation,125810,AGCTTGACAAGCTGGA_F02526
DeepSeekBackend,deepseek-v4-flash,deepseek,1091,534,1625,0,466,,,1786511238.0587974,1,4,success,False,5119,288,stage1_annotation,annotation,20963,P3_5_CTTACCGTCAGTACGT
DeepSeekBackend,deepseek-v4-flash,deepseek,1097,302,1399,0,212,,,1786511240.092241,1,4,success,False,4238,317,stage1_annotation,annotation,182834,AGATTGCCATACGCCG_SC24
DeepSeekBackend,deepseek-v4-flash,deepseek,1093,280,1373,0,196,,,1786511241.517369,1,4,success,False,3449,243,stage1_annotation,annotation,278088,TCAGGATCAGCTCCGA_SC10
DeepSeekBackend,deepseek-v4-flash,deepseek,1085,972,2057,0,873,,,1786511242.5441666,1,4,success,False,9645,314,stage1_annotation,annotation,267123,P1_4_ACCAGTACAGTTAACC
DeepSeekBackend,deepseek-v4-flash,deepseek,1085,2174,3259,0,2081,,,1786511252.5685372,1,4,success,False,19721,334,stage1_annotation,annotation,192510,AGTGGGAAGCCCGAAA-1-HCATisStab7587208
DeepSeekBackend,deepseek-v4-flash,deepseek,1083,1934,3017,0,1926,,,1786511253.115633,1,4,success,False,20247,31,stage1_annotation,annotation,302688,CACTCCAGTGTTCTTT-1-HCATisStab7587202
DeepSeekBackend,deepseek-v4-flash,deepseek,1084,5888,6972,0,5787,,,1786511255.5745533,1,4,success,False,53550,301,stage1_annotation,annotation,41585,7239218_GCCTCTACAGGAACGT
DeepSeekBackend,deepseek-v4-flash,deepseek,1099,256,1355,0,180,,,1786511256.2062888,1,4,success,False,3078,280,stage1_annotation,annotation,5913,CACACTCGTTCGTCTC_F01851
DeepSeekBackend,deepseek-v4-flash,deepseek,1097,2444,3541,0,2369,,,1786511259.3842378,1,4,success,False,22372,282,stage1_annotation,annotation,87981,AAGCCGCCAGCGTTCG-1-HCATisStab7587211
DeepSeekBackend,deepseek-v4-flash,deepseek,1097,2586,3683,0,2507,,,1786511259.6371171,1,4,success,False,26776,371,stage1_annotation,annotation,332842,TACAGTGAGTGTCTCA-1-HCATisStab7587208
DeepSeekBackend,deepseek-v4-flash,deepseek,1088,277,1365,0,220,,,1786511259.7040625,1,4,success,False,3490,205,stage1_annotation,annotation,74927,GAGTCCGTCTGTCAAG_F01508
DeepSeekBackend,deepseek-v4-flash,deepseek,1107,745,1852,0,665,,,1786511262.2202125,1,4,success,False,6636,275,stage1_annotation,annotation,325651,TTAACTCTCCGAAGAG_HD101
DeepSeekBackend,deepseek-v4-flash,deepseek,1098,257,1355,0,193,,,1786511262.8042042,1,4,success,False,3409,252,stage1_annotation,annotation,323204,CGTTGGGGTACTCGCG_F02617
DeepSeekBackend,deepseek-v4-flash,deepseek,1104,320,1424,0,231,,,1786511263.1166112,1,4,success,False,3471,327,stage1_annotation,annotation,54242,CCACCTACACCGTTGG_F02607
DeepSeekBackend,deepseek-v4-flash,deepseek,1092,2940,4032,0,2864,,,1786511264.6477044,1,4,success,False,28511,248,stage1_annotation,annotation,299715,GCTGGGTTCTTGCAAG-1-HCATisStab7587211
DeepSeekBackend,deepseek-v4-flash,deepseek,1083,633,1716,0,543,,,1786511266.2732506,1,4,success,False,6558,383,stage1_annotation,annotation,190415,P3_6_AGCTTGATCTGAAAGA
DeepSeekBackend,deepseek-v4-flash,deepseek,1084,362,1446,0,290,,,1786511267.7612345,1,4,success,False,4631,335,stage1_annotation,annotation,232875,ATCACGATCGGAATCT-SC45
DeepSeekBackend,deepseek-v4-flash,deepseek,1094,3667,4761,0,3600,,,1786511267.796274,1,4,success,False,34794,255,stage1_annotation,annotation,332572,CTACACCAGGTAGCCA-1-HCATisStab7587211
DeepSeekBackend,deepseek-v4-flash,deepseek,1103,380,1483,0,306,,,1786511269.083838,1,4,success,False,4428,338,stage1_annotation,annotation,267687,CCGTACTTCAGAGCTT_HD67
DeepSeekBackend,deepseek-v4-flash,deepseek,1098,183,1281,0,180,,,1786511271.993811,1,4,success,False,2900,8,stage1_annotation,annotation,51483,CACAGGCAGTGGTAGC_F02607
DeepSeekBackend,deepseek-v4-flash,deepseek,1092,298,1390,0,241,,,1786511272.1164129,1,4,success,False,4310,219,stage1_annotation,annotation,119216,TCAGGATCATGGTCAT_HD67
DeepSeekBackend,deepseek-v4-flash,deepseek,1087,3220,4307,0,3171,,,1786511273.2200735,1,4,success,False,31692,183,stage1_annotation,annotation,221924,TTTATGCCAGCGTTCG-1-HCATisStab7587205
DeepSeekBackend,deepseek-v4-flash,deepseek,1081,4531,5612,0,4430,,,1786511273.2803805,1,4,success,False,40416,382,stage1_annotation,annotation,203391,AGTGGGATCGAGCCCA-1-HCATisStab7587202
DeepSeekBackend,deepseek-v4-flash,deepseek,1095,831,1926,0,715,,,1786511276.4070487,1,4,success,False,8637,401,stage1_annotation,annotation,257477,GCAAACTCATCCCATC_F02617
DeepSeekBackend,deepseek-v4-flash,deepseek,1094,408,1502,0,340,,,1786511276.7585618,1,4,success,False,4755,257,stage1_annotation,annotation,96646,GCAAACTGTGTGTGCC_F02528
DeepSeekBackend,deepseek-v4-flash,deepseek,1108,599,1707,0,531,,,1786511278.7694361,1,4,success,False,5538,234,stage1_annotation,annotation,298547,CAAGATCGTCGAAAGC_F02607
DeepSeekBackend,deepseek-v4-flash,deepseek,1098,4205,5303,0,4102,,,1786511279.4070742,1,4,success,False,42871,422,stage1_annotation,annotation,98913,TGCGCAGAGATGAGAG-1-HCATisStab7587211
DeepSeekBackend,deepseek-v4-flash,deepseek,1090,2754,3844,0,2696,,,1786511279.9410179,1,4,success,False,27359,201,stage1_annotation,annotation,176537,AGCAGCCGTCCGAAGA-1-HCATisStab7587205
DeepSeekBackend,deepseek-v4-flash,deepseek,1085,5317,6402,0,5231,,,1786511280.0471685,1,4,success,False,47130,335,stage1_annotation,annotation,43434,P1_4_ATTGGACTCTTCGAGA
DeepSeekBackend,deepseek-v4-flash,deepseek,1085,250,1335,0,169,,,1786511280.6432238,1,4,success,False,3875,299,stage1_annotation,annotation,219762,CAACTAGTCGAATCCA-SC156
DeepSeekBackend,deepseek-v4-flash,deepseek,1089,5187,6276,0,5106,,,1786511281.4908886,1,4,success,False,48536,257,stage1_annotation,annotation,100542,CCTTCGACAGAAGCAC-1-HCATisStab7747198
DeepSeekBackend,deepseek-v4-flash,deepseek,1083,5477,6560,0,5372,,,1786511283.8056207,1,4,success,False,50875,348,stage1_annotation,annotation,156538,TAGCGATGGATAAG-SC14
DeepSeekBackend,deepseek-v4-flash,deepseek,1093,364,1457,0,269,,,1786511285.2711668,1,4,success,False,4619,316,stage1_annotation,annotation,79092,GCAGCCAAGTGCGATG_HD66
DeepSeekBackend,deepseek-v4-flash,deepseek,1074,575,1649,0,492,,,1786511285.2766035,1,4,success,False,6497,313,stage1_annotation,annotation,94123,AACTCTTGTTCCACGG-SC59
DeepSeekBackend,deepseek-v4-flash,deepseek,1092,494,1586,0,437,,,1786511286.517094,1,4,success,False,5014,206,stage1_annotation,annotation,77100,GCATGTACATGCGCAC_HD67
DeepSeekBackend,deepseek-v4-flash,deepseek,1091,731,1822,0,726,,,1786511287.1990173,1,4,success,False,7783,19,stage1_annotation,annotation,226035,AGCGGTCAGTGGGCTA_F02092
DeepSeekBackend,deepseek-v4-flash,deepseek,1086,6339,7425,0,6235,,,1786511287.7603908,1,4,success,False,54874,375,stage1_annotation,annotation,245110,P1_4_GTGCAGCAGCCACTAT
DeepSeekBackend,deepseek-v4-flash,deepseek,1080,713,1793,0,635,,,1786511287.9477866,1,4,success,False,7892,283,stage1_annotation,annotation,257535,GAACTGTAGGTATAGT_SC142
DeepSeekBackend,deepseek-v4-flash,deepseek,1087,10000,11087,0,10000,,,1786511288.316634,1,4,success,False,86353,0,stage1_annotation,annotation,144129,GTGAAGGTCGGTGTTA_F02617
DeepSeekBackend,deepseek-v4-flash,deepseek,1093,2910,4003,0,2829,,,1786511289.0270977,1,4,success,False,26211,275,stage1_annotation,annotation,181582,TCAGGATAGAGCTGGT-SC155
DeepSeekBackend,deepseek-v4-flash,deepseek,1096,2599,3695,0,2515,,,1786511291.331251,1,4,success,False,25051,302,stage1_annotation,annotation,87822,TCAATCTAGCTGAACG_F02617
DeepSeekBackend,deepseek-v4-flash,deepseek,1097,703,1800,0,621,,,1786511292.1109767,1,4,success,False,6829,310,stage1_annotation,annotation,303360,AACGTTGCATCGACGC-1-HCATisStab7587208
DeepSeekBackend,deepseek-v4-flash,deepseek,1090,753,1843,0,646,,,1786511292.1924148,1,4,success,False,8377,399,stage1_annotation,annotation,7854,GAGGGTACACGCGGTT_SC144
DeepSeekBackend,deepseek-v4-flash,deepseek,1123,649,1772,1024,569,,,1786511294.5259879,1,4,success,False,6209,303,stage1_annotation,annotation,144129,GTGAAGGTCGGTGTTA_F02617
DeepSeekBackend,deepseek-v4-flash,deepseek,1090,2307,3397,0,2213,,,1786511295.799275,1,4,success,False,22508,342,stage1_annotation,annotation,121997,CACCTTGCACAACTGT_F02524
DeepSeekBackend,deepseek-v4-flash,deepseek,1081,958,2039,0,878,,,1786511296.284118,1,4,success,False,10998,295,stage1_annotation,annotation,217929,GCCGATGAGCGCTGAA_SC142
DeepSeekBackend,deepseek-v4-flash,deepseek,1092,5914,7006,0,5860,,,1786511296.6165338,1,4,success,False,56511,195,stage1_annotation,annotation,253398,ACTGCTCAGTTAGCGG-1-HCATisStab7587211
DeepSeekBackend,deepseek-v4-flash,deepseek,1101,161,1262,0,156,,,1786511297.0522175,1,4,success,False,2434,19,stage1_annotation,annotation,283411,CACAGTAAGTACTTGC_HD68
DeepSeekBackend,deepseek-v4-flash,deepseek,1092,220,1312,0,215,,,1786511297.7441208,1,4,success,False,3146,19,stage1_annotation,annotation,303733,CAGGTGCGTTGTGGAG_F01641
DeepSeekBackend,deepseek-v4-flash,deepseek,1091,466,1557,0,461,,,1786511299.1118197,1,4,success,False,4503,19,stage1_annotation,annotation,4681,GGATGTTGTTTGTTGG-SC59
DeepSeekBackend,deepseek-v4-flash,deepseek,1087,2567,3654,0,2562,,,1786511299.690203,1,4,success,False,27563,26,stage1_annotation,annotation,5118,GACAGAGCAGATTGCT_F02611
DeepSeekBackend,deepseek-v4-flash,deepseek,1091,487,1578,0,405,,,1786511300.026713,1,4,success,False,5444,343,stage1_annotation,annotation,9916,TCATTACCAAAGAATC_HD67
DeepSeekBackend,deepseek-v4-flash,deepseek,1095,7027,8122,0,7021,,,1786511301.5928152,1,4,success,False,68600,23,stage1_annotation,annotation,147413,TACGGTAAGAGACTTA-1-HCATisStab7587208
DeepSeekBackend,deepseek-v4-flash,deepseek,1089,1032,2121,0,974,,,1786511304.5610986,1,4,success,False,9995,230,stage1_annotation,annotation,62185,GAGATGGCAGCTGTAT_SC144
DeepSeekBackend,deepseek-v4-flash,deepseek,1082,1059,2141,0,979,,,1786511306.0568805,1,4,success,False,10248,294,stage1_annotation,annotation,298084,CGACCTTTCGTTGCCT_F01641
DeepSeekBackend,deepseek-v4-flash,deepseek,1090,1465,2555,0,1402,,,1786511309.7949293,1,4,success,False,15216,183,stage1_annotation,annotation,44504,ATGGGAGTCCAAACCA_SC144
DeepSeekBackend,deepseek-v4-flash,deepseek,1092,966,2058,0,894,,,1786511310.6995301,1,4,success,False,9094,306,stage1_annotation,annotation,204991,P2_1_ACGATGTAGACCTAGG
DeepSeekBackend,deepseek-v4-flash,deepseek,1094,1649,2743,0,1578,,,1786511310.9739952,1,4,success,False,14346,211,stage1_annotation,annotation,142227,P3_5_TACCTTACAAAGGAAG
DeepSeekBackend,deepseek-v4-flash,deepseek,1093,1480,2573,0,1401,,,1786511311.6952655,1,4,success,False,13940,313,stage1_annotation,annotation,173308,GTGACGCAGGTCGCCT_SC86
DeepSeekBackend,deepseek-v4-flash,deepseek,1079,1530,2609,0,1442,,,1786511312.0418208,1,4,success,False,15747,342,stage1_annotation,annotation,26735,ATTATCCGTCCTAGCG_F02992
DeepSeekBackend,deepseek-v4-flash,deepseek,1087,1459,2546,0,1454,,,1786511313.1059048,1,4,success,False,13983,13,stage1_annotation,annotation,34600,AGGTTACTCGTCTAAG_SC86
DeepSeekBackend,deepseek-v4-flash,deepseek,1088,1960,3048,0,1878,,,1786511313.791126,1,4,success,False,19189,285,stage1_annotation,annotation,1994,P3_7_AACCATGCAGTACACT
DeepSeekBackend,deepseek-v4-flash,deepseek,1094,1979,3073,0,1892,,,1786511313.968579,1,4,success,False,16905,336,stage1_annotation,annotation,272685,P3_5_CGATCGGTCTAAGCCA
DeepSeekBackend,deepseek-v4-flash,deepseek,1083,3399,4482,0,3394,,,1786511314.0597575,1,4,success,False,34108,19,stage1_annotation,annotation,147236,GTGCACGAGTCCTGCG_SC142
DeepSeekBackend,deepseek-v4-flash,deepseek,1082,8896,9978,0,8787,,,1786511318.0977979,1,4,success,False,85149,344,stage1_annotation,annotation,191482,ATCTGCCTCAGAGACG-1-HCATisStab7587205
DeepSeekBackend,deepseek-v4-flash,deepseek,1093,2075,3168,0,1992,,,1786511318.518338,1,4,success,False,18818,283,stage1_annotation,annotation,45413,CTAGACAGTCTCAGAT_SC86
DeepSeekBackend,deepseek-v4-flash,deepseek,1093,2553,3646,0,2457,,,1786511319.3643699,1,4,success,False,24771,380,stage1_annotation,annotation,268478,CACACAAAGGCTGGAT_SC142
DeepSeekBackend,deepseek-v4-flash,deepseek,1101,1801,2902,0,1704,,,1786511322.0929506,1,4,success,False,17522,337,stage1_annotation,annotation,176309,TTACAGGTCTAGACCA_SC86
DeepSeekBackend,deepseek-v4-flash,deepseek,1085,10000,11085,0,10000,,,1786511325.3136768,1,4,success,False,92391,0,stage1_annotation,annotation,106172,CGACTTCGTGATGCCC-1-HCATisStab7587211
DeepSeekBackend,deepseek-v4-flash,deepseek,1090,2836,3926,0,2741,,,1786511330.6951692,1,4,success,False,24632,338,stage1_annotation,annotation,11145,P3_5_AGGCCACGTCTAGCGC
DeepSeekBackend,deepseek-v4-flash,deepseek,1101,10000,11101,0,10000,,,1786511334.9680767,1,4,success,False,92412,0,stage1_annotation,annotation,62236,CTCGTACAGAGCTTCT-1-HCATisStab7747197
DeepSeekBackend,deepseek-v4-flash,deepseek,1085,4407,5492,0,4306,,,1786511337.1446702,1,4,success,False,42597,371,stage1_annotation,annotation,286193,CCACAAATCTTCCACG_SC142
DeepSeekBackend,deepseek-v4-flash,deepseek,1093,8758,9851,0,8678,,,1786511339.041621,1,4,success,False,76810,315,stage1_annotation,annotation,103781,ACGGGCTCACACATGT_F02611
DeepSeekBackend,deepseek-v4-flash,deepseek,1091,5478,6569,0,5370,,,1786511352.6736758,1,4,success,False,52638,384,stage1_annotation,annotation,160266,GCCTCTAAGGAGTCTG_F02524
DeepSeekBackend,deepseek-v4-flash,deepseek,1109,10000,11109,0,10000,,,1786511372.813677,1,4,success,False,96398,0,stage1_annotation,annotation,72837,TTGACTTAGTACGTTC_F02617
DeepSeekBackend,deepseek-v4-flash,deepseek,1121,4888,6009,1024,4790,,,1786511373.5806954,1,4,success,False,48266,362,stage1_annotation,annotation,106172,CGACTTCGTGATGCCC-1-HCATisStab7587211
DeepSeekBackend,deepseek-v4-flash,deepseek,1090,239,1329,0,184,,,1786511376.5663114,1,4,success,False,2823,150,stage1_annotation,annotation,196560,P2_7_CGAATGTTCACGAAGG
DeepSeekBackend,deepseek-v4-flash,deepseek,1092,243,1335,0,159,,,1786511376.626743,1,4,success,False,2904,287,stage1_annotation,annotation,326362,P1_3_CATCCACGTTTCCACC
DeepSeekBackend,deepseek-v4-flash,deepseek,1100,237,1337,0,185,,,1786511376.646085,1,4,success,False,2948,157,stage1_annotation,annotation,294480,CTTACCGAGAGTCTGG-1-HCATisStab7659969
DeepSeekBackend,deepseek-v4-flash,deepseek,1092,259,1351,0,185,,,1786511376.8449492,1,4,success,False,3117,224,stage1_annotation,annotation,210819,AGTAGTCAGCTACCTA-1-HCATisStab7747200
DeepSeekBackend,deepseek-v4-flash,deepseek,1145,405,1550,1024,350,,,1786511377.0888631,1,4,success,False,4274,221,stage1_annotation,annotation,72837,TTGACTTAGTACGTTC_F02617
DeepSeekBackend,deepseek-v4-flash,deepseek,1087,269,1356,0,192,,,1786511377.1961198,1,4,success,False,3463,272,stage1_annotation,annotation,151674,AGTGTCACATGCCTAA-1-HCATisStab7747197
DeepSeekBackend,deepseek-v4-flash,deepseek,1090,374,1464,0,304,,,1786511377.8616831,1,4,success,False,4152,224,stage1_annotation,annotation,123065,GTTACAGCATGTCTCC-1-HCATisStab7747198
DeepSeekBackend,deepseek-v4-flash,deepseek,1079,393,1472,0,330,,,1786511377.9805832,1,4,success,False,4244,189,stage1_annotation,annotation,83218,P2_5_CAGGTGCAGGTGCAAC
DeepSeekBackend,deepseek-v4-flash,deepseek,1137,4148,5285,1024,4065,,,1786511378.1246023,1,4,success,False,43156,316,stage1_annotation,annotation,62236,CTCGTACAGAGCTTCT-1-HCATisStab7747197
DeepSeekBackend,deepseek-v4-flash,deepseek,1087,397,1484,0,344,,,1786511378.5398917,1,4,success,False,4882,247,stage1_annotation,annotation,229505,CTCACACGTCACAAGG_F02611
DeepSeekBackend,deepseek-v4-flash,deepseek,1092,650,1742,0,567,,,1786511379.8557458,1,4,success,False,6176,300,stage1_annotation,annotation,282064,P2_5_TGCTGCTCAGACGTAG
DeepSeekBackend,deepseek-v4-flash,deepseek,1095,165,1260,0,161,,,1786511380.7481859,1,4,success,False,2547,9,stage1_annotation,annotation,260159,AGCGGTCGTCGCCATG_F01367
DeepSeekBackend,deepseek-v4-flash,deepseek,1103,194,1297,0,133,,,1786511380.8600962,1,4,success,False,2665,204,stage1_annotation,annotation,181681,P3_6_TTTGGTTTCTGGCGAC
DeepSeekBackend,deepseek-v4-flash,deepseek,1090,707,1797,0,613,,,1786511380.889608,1,4,success,False,7224,333,stage1_annotation,annotation,38070,AAGTACCGTTGTCCCT_SC86
DeepSeekBackend,deepseek-v4-flash,deepseek,1100,220,1320,0,147,,,1786511381.0177498,1,4,success,False,2812,243,stage1_annotation,annotation,191006,P2_5_AATCCAGGTAGGGTAC
DeepSeekBackend,deepseek-v4-flash,deepseek,1094,189,1283,0,116,,,1786511381.2261662,1,4,success,False,2676,255,stage1_annotation,annotation,124568,TGATTTCAGCCCTAAT-1-HCATisStab7747200
DeepSeekBackend,deepseek-v4-flash,deepseek,1097,263,1360,0,181,,,1786511381.4433038,1,4,success,False,3270,276,stage1_annotation,annotation,151797,TGAGCCGCAAAGTCAA-1-HCATisStab7747198
DeepSeekBackend,deepseek-v4-flash,deepseek,1098,323,1421,0,256,,,1786511381.5631363,1,4,success,False,3406,209,stage1_annotation,annotation,148408,GGGATGAAGGCCCTCA_F01403
DeepSeekBackend,deepseek-v4-flash,deepseek,1095,280,1375,0,230,,,1786511381.6153617,1,4,success,False,3426,124,stage1_annotation,annotation,31343,CAGCTGGCAGTGACAG_SC07
DeepSeekBackend,deepseek-v4-flash,deepseek,1090,300,1390,0,236,,,1786511381.6686268,1,4,success,False,3484,209,stage1_annotation,annotation,62576,P1_2_CAAGATCGTTTAGCTG
DeepSeekBackend,deepseek-v4-flash,deepseek,1090,290,1380,0,224,,,1786511381.7778625,1,4,success,False,3597,210,stage1_annotation,annotation,255331,P3_7_TTGCGTCCACAACTGT
DeepSeekBackend,deepseek-v4-flash,deepseek,1087,488,1575,0,407,,,1786511382.8204854,1,4,success,False,4659,287,stage1_annotation,annotation,136538,ATGCGATTCACGAAGG-1-HCATisStab7747197
DeepSeekBackend,deepseek-v4-flash,deepseek,1086,207,1293,0,138,,,1786511382.8744602,1,4,success,False,3010,286,stage1_annotation,annotation,292013,CAGTCCTTCTCCCTGA-1-HCATisStab7747199
DeepSeekBackend,deepseek-v4-flash,deepseek,1083,151,1234,0,147,,,1786511383.197566,1,4,success,False,2442,9,stage1_annotation,annotation,58635,AGTGGGATCTTGCATT-1-HCATisStab7747198
DeepSeekBackend,deepseek-v4-flash,deepseek,1087,944,2031,0,868,,,1786511383.2661686,1,4,success,False,9615,332,stage1_annotation,annotation,285471,TGCGGCAAGGAAGTAG_SC86
DeepSeekBackend,deepseek-v4-flash,deepseek,1092,220,1312,0,162,,,1786511383.3559833,1,4,success,False,2485,165,stage1_annotation,annotation,235944,GTTCGGGAGCCGGTAA-SC156
DeepSeekBackend,deepseek-v4-flash,deepseek,1089,897,1986,0,830,,,1786511383.475306,1,4,success,False,9839,274,stage1_annotation,annotation,228563,GTATTGGTCACTTGTT_SC86
DeepSeekBackend,deepseek-v4-flash,deepseek,1080,297,1377,0,218,,,1786511384.7555816,1,4,success,False,3856,305,stage1_annotation,annotation,59199,P1_4_GATCGCGAGTTCGCGC
DeepSeekBackend,deepseek-v4-flash,deepseek,1082,350,1432,0,287,,,1786511385.1740358,1,4,success,False,3722,200,stage1_annotation,annotation,303732,TTAGGCAGTACTCTCC_F02617
DeepSeekBackend,deepseek-v4-flash,deepseek,1091,408,1499,0,323,,,1786511387.6404397,1,4,success,False,4156,332,stage1_annotation,annotation,254863,CTCGGAGTCCACGTGG_F02617
DeepSeekBackend,deepseek-v4-flash,deepseek,1090,1479,2569,0,1389,,,1786511387.654001,1,4,success,False,14007,358,stage1_annotation,annotation,279740,TCCATCGGTCGTATGT_SC86
DeepSeekBackend,deepseek-v4-flash,deepseek,1082,525,1607,0,437,,,1786511389.0504382,1,4,success,False,5844,294,stage1_annotation,annotation,144956,CCACGGAAGCGAAGGG_F02617
DeepSeekBackend,deepseek-v4-flash,deepseek,1089,1822,2911,0,1817,,,1786511389.8976283,1,4,success,False,16183,13,stage1_annotation,annotation,26150,AGTGCCGCATTGTGCA_SC86
DeepSeekBackend,deepseek-v4-flash,deepseek,1087,713,1800,0,627,,,1786511390.1638138,1,4,success,False,7330,321,stage1_annotation,annotation,214960,AAAGATGCATGTAGTC_F01366
DeepSeekBackend,deepseek-v4-flash,deepseek,1083,804,1887,0,727,,,1786511390.1952293,1,4,success,False,8959,307,stage1_annotation,annotation,154931,CTCTGGTGTGTAAGTA_F02617
DeepSeekBackend,deepseek-v4-flash,deepseek,1080,834,1914,0,755,,,1786511390.2605581,1,4,success,False,8637,324,stage1_annotation,annotation,210242,TCGTAGACACATCCAA_F02617
DeepSeekBackend,deepseek-v4-flash,deepseek,1081,861,1942,0,784,,,1786511391.3685765,1,4,success,False,8093,253,stage1_annotation,annotation,50145,TCACAAGGTGATAAAC-1-HCATisStab7659970
DeepSeekBackend,deepseek-v4-flash,deepseek,1080,982,2062,0,889,,,1786511391.691859,1,4,success,False,10012,297,stage1_annotation,annotation,98523,P1_4_CATGACATCGCATGGC
DeepSeekBackend,deepseek-v4-flash,deepseek,1079,760,1839,0,660,,,1786511392.1685495,1,4,success,False,7401,344,stage1_annotation,annotation,64644,7239217_GTCGTAACATGCAATC
DeepSeekBackend,deepseek-v4-flash,deepseek,1098,333,1431,0,248,,,1786511394.0464902,1,4,success,False,3868,331,stage1_annotation,annotation,177544,CCTTCGATCTGCTGTC_F02617
DeepSeekBackend,deepseek-v4-flash,deepseek,1079,443,1522,0,371,,,1786511394.1284254,1,4,success,False,5070,288,stage1_annotation,annotation,307309,TTTATGCAGACTGGGT_F02617
DeepSeekBackend,deepseek-v4-flash,deepseek,1086,1092,2178,0,1019,,,1786511394.3680532,1,4,success,False,11487,271,stage1_annotation,annotation,331387,CTACGTCTCGATAGAA_F01365
DeepSeekBackend,deepseek-v4-flash,deepseek,1095,290,1385,0,287,,,1786511394.8671536,1,4,success,False,3163,9,stage1_annotation,annotation,216974,TGGGATTCAGACTGCC_SC144
DeepSeekBackend,deepseek-v4-flash,deepseek,1101,245,1346,0,179,,,1786511395.2251892,1,4,success,False,3041,235,stage1_annotation,annotation,182009,ACGTCCTAGAGTTGAT_SC141
DeepSeekBackend,deepseek-v4-flash,deepseek,1082,727,1809,0,636,,,1786511395.6198895,1,4,success,False,7956,308,stage1_annotation,annotation,154547,7239217_GGCTCGATCCCTAATT
DeepSeekBackend,deepseek-v4-flash,deepseek,1087,1366,2453,0,1269,,,1786511395.9265895,1,4,success,False,14354,344,stage1_annotation,annotation,58764,P1_2_TTTGGTTGTGAGGGTT
DeepSeekBackend,deepseek-v4-flash,deepseek,1085,704,1789,0,634,,,1786511397.5188181,1,4,success,False,7611,292,stage1_annotation,annotation,319450,CTTAACTAGAGTAAGG_F02617
DeepSeekBackend,deepseek-v4-flash,deepseek,1097,323,1420,0,261,,,1786511398.269112,1,4,success,False,4213,245,stage1_annotation,annotation,205205,CTCCTAGAGTGCCAGA_SC18
DeepSeekBackend,deepseek-v4-flash,deepseek,1092,10000,11092,0,10000,,,1786511398.4041097,1,4,success,False,88600,0,stage1_annotation,annotation,61531,P2_5_GGGAGATAGCGGATCA
DeepSeekBackend,deepseek-v4-flash,deepseek,1092,220,1312,0,150,,,1786511398.5896041,1,4,success,False,2961,252,stage1_annotation,annotation,117298,ACGCAGCTCCGTACAA_HD66
DeepSeekBackend,deepseek-v4-flash,deepseek,1088,2668,3756,0,2580,,,1786511398.9811969,1,4,success,False,25278,308,stage1_annotation,annotation,143498,P2_5_CAGAATCTCTTTAGTC
DeepSeekBackend,deepseek-v4-flash,deepseek,1096,978,2074,0,916,,,1786511400.7658257,1,4,success,False,10492,213,stage1_annotation,annotation,320262,P3_6_AGGTCATCAATCGAAA
DeepSeekBackend,deepseek-v4-flash,deepseek,1083,2006,3089,0,1914,,,1786511401.146396,1,4,success,False,19356,310,stage1_annotation,annotation,160778,P1_4_CGATGGCAGATGCCTT
DeepSeekBackend,deepseek-v4-flash,deepseek,1095,756,1851,0,665,,,1786511401.5253475,1,4,success,False,7387,342,stage1_annotation,annotation,195368,CGCGTTTGTTCCCGAG_F02611
DeepSeekBackend,deepseek-v4-flash,deepseek,1101,200,1301,0,134,,,1786511402.0732315,1,4,success,False,3082,267,stage1_annotation,annotation,270479,TGTCCCATCCCTAACC_F02611
DeepSeekBackend,deepseek-v4-flash,deepseek,1080,1754,2834,0,1675,,,1786511402.137547,1,4,success,False,16953,304,stage1_annotation,annotation,102620,GGGTCTGTCTCCAACC_F02617
DeepSeekBackend,deepseek-v4-flash,deepseek,1105,634,1739,0,547,,,1786511402.4061892,1,4,success,False,7170,354,stage1_annotation,annotation,175861,CGAGGCTGTCGTTCAA_SC85
DeepSeekBackend,deepseek-v4-flash,deepseek,1091,3057,4148,0,2961,,,1786511403.0090294,1,4,success,False,29347,326,stage1_annotation,annotation,140240,CAGCAGCTCCGCTGTT-SC156
DeepSeekBackend,deepseek-v4-flash,deepseek,1097,1297,2394,0,1215,,,1786511403.4889004,1,4,success,False,13282,266,stage1_annotation,annotation,62344,TGGGCGTCACGAAGCA_HD66
DeepSeekBackend,deepseek-v4-flash,deepseek,1089,842,1931,0,768,,,1786511405.2842948,1,4,success,False,9349,286,stage1_annotation,annotation,102270,TCAATTCGTACTGACT_SC85
DeepSeekBackend,deepseek-v4-flash,deepseek,1083,2506,3589,0,2430,,,1786511405.4610462,1,4,success,False,24433,269,stage1_annotation,annotation,38438,CGTCTACCAAGGCTCC_F02617
DeepSeekBackend,deepseek-v4-flash,deepseek,1128,951,2079,1024,880,,,1786511407.491297,1,4,success,False,9086,249,stage1_annotation,annotation,61531,P2_5_GGGAGATAGCGGATCA
DeepSeekBackend,deepseek-v4-flash,deepseek,1108,892,2000,0,886,,,1786511407.7467508,1,4,success,False,9144,29,stage1_annotation,annotation,141500,CTGAAGTAGTTCGCAT_HD66
DeepSeekBackend,deepseek-v4-flash,deepseek,1101,1531,2632,0,1450,,,1786511410.1133661,1,4,success,False,15235,277,stage1_annotation,annotation,170669,P3_6_AGCCTAACATACAGCT
DeepSeekBackend,deepseek-v4-flash,deepseek,1101,1942,3043,0,1841,,,1786511411.3199422,1,4,success,False,19941,356,stage1_annotation,annotation,233981,GATCGCGTCAGCATGT_F02617
DeepSeekBackend,deepseek-v4-flash,deepseek,1109,1279,2388,0,1222,,,1786511411.4751396,1,4,success,False,13195,224,stage1_annotation,annotation,78139,CTAATGGTCATTGCCC_HD66
DeepSeekBackend,deepseek-v4-flash,deepseek,1099,1689,2788,0,1608,,,1786511411.586418,1,4,success,False,17204,320,stage1_annotation,annotation,263162,ATGAGGGAGGAGCGAG_HD66
DeepSeekBackend,deepseek-v4-flash,deepseek,1091,1668,2759,0,1583,,,1786511416.3333485,1,4,success,False,15557,301,stage1_annotation,annotation,215393,TCACGGGTCATTGTGG_SC85
DeepSeekBackend,deepseek-v4-flash,deepseek,1087,3794,4881,0,3702,,,1786511419.8283234,1,4,success,False,36462,325,stage1_annotation,annotation,282993,P1_4_CATATGGAGTACACCT
DeepSeekBackend,deepseek-v4-flash,deepseek,1091,2488,3579,0,2391,,,1786511422.1061468,1,4,success,False,24578,385,stage1_annotation,annotation,111142,TCGGGACTCAGGAAGC_SC85
DeepSeekBackend,deepseek-v4-flash,deepseek,1087,10000,11087,0,10000,,,1786511465.0033836,1,4,success,False,91310,0,stage1_annotation,annotation,248574,GCTCTGTTCGTTACGA_F02522
DeepSeekBackend,deepseek-v4-flash,deepseek,1082,8762,9844,0,8658,,,1786511466.1657124,1,4,success,False,78515,384,stage1_annotation,annotation,206814,ACCGTAACAATTGCTG_F02617
DeepSeekBackend,deepseek-v4-flash,deepseek,1123,10000,11123,1024,10000,,,1786511556.861975,1,4,success,False,91858,0,stage1_annotation,annotation,248574,GCTCTGTTCGTTACGA_F02522
DeepSeekBackend,deepseek-v4-flash,deepseek,1123,7610,8733,1024,7534,,,1786511626.5446064,1,4,success,False,69682,247,stage1_annotation,annotation,248574,GCTCTGTTCGTTACGA_F02522
DeepSeekBackend,deepseek-v4-flash,deepseek,1109,163,1272,0,105,,,1786511629.4719148,1,4,success,False,2827,236,stage1_annotation,annotation,182875,ATCTACTTCGCCGTGA_F02611
DeepSeekBackend,deepseek-v4-flash,deepseek,1097,225,1322,0,219,,,1786511630.1036277,1,4,success,False,3415,29,stage1_annotation,annotation,278252,TGAGCCGCAATGGTCT-SC59
DeepSeekBackend,deepseek-v4-flash,deepseek,1104,219,1323,0,165,,,1786511630.2467206,1,4,success,False,3494,205,stage1_annotation,annotation,251722,AATCCAGGTTGGACCC_F02528
DeepSeekBackend,deepseek-v4-flash,deepseek,1104,220,1324,0,154,,,1786511630.3008177,1,4,success,False,3568,232,stage1_annotation,annotation,153185,GCTGCTTCAAACCCAT_HD66
DeepSeekBackend,deepseek-v4-flash,deepseek,1099,336,1435,0,274,,,1786511631.399903,1,4,success,False,4656,228,stage1_annotation,annotation,274550,TAGGCATGTTCCGTCT_F02611
DeepSeekBackend,deepseek-v4-flash,deepseek,1102,333,1435,0,282,,,1786511631.6263177,1,4,success,False,4954,192,stage1_annotation,annotation,233937,TTTATGCCATCCCACT_SC07
DeepSeekBackend,deepseek-v4-flash,deepseek,1104,546,1650,0,465,,,1786511633.0101063,1,4,success,False,6332,309,stage1_annotation,annotation,23736,GTCAAGTGTACGCACC_F01851
DeepSeekBackend,deepseek-v4-flash,deepseek,1096,508,1604,0,450,,,1786511633.0340223,1,4,success,False,6393,222,stage1_annotation,annotation,107741,TGGACGCAGCGTGAGT_HD67
DeepSeekBackend,deepseek-v4-flash,deepseek,1099,622,1721,0,558,,,1786511633.8152559,1,4,success,False,7092,241,stage1_annotation,annotation,19385,7185213_CATATTCGTCTGCGGT
DeepSeekBackend,deepseek-v4-flash,deepseek,1095,538,1633,0,473,,,1786511633.966573,1,4,success,False,7369,232,stage1_annotation,annotation,173139,GTCCTCACAACGCACC_HD67
DeepSeekBackend,deepseek-v4-flash,deepseek,1101,754,1855,0,697,,,1786511634.919577,1,4,success,False,8314,196,stage1_annotation,annotation,117269,GACCAATAGGATGTAT_F01851
DeepSeekBackend,deepseek-v4-flash,deepseek,1098,860,1958,0,776,,,1786511636.0269246,1,4,success,False,9373,310,stage1_annotation,annotation,239557,GTTACAGTCTTGACGA_F02611
DeepSeekBackend,deepseek-v4-flash,deepseek,1103,912,2015,0,865,,,1786511636.701777,1,4,success,False,9983,189,stage1_annotation,annotation,186749,CGCTGGAAGAGTACCG_HD67
DeepSeekBackend,deepseek-v4-flash,deepseek,1099,918,2017,0,833,,,1786511637.0101545,1,4,success,False,10282,337,stage1_annotation,annotation,315592,CTGCGGACAGATGAGC_F02611
DeepSeekBackend,deepseek-v4-flash,deepseek,1105,1055,2160,0,983,,,1786511638.3910768,1,4,success,False,11611,316,stage1_annotation,annotation,262214,AGCAGCCTCTCGCTTG_F01394
DeepSeekBackend,deepseek-v4-flash,deepseek,1109,757,1866,0,672,,,1786511638.9031665,1,4,success,False,8645,312,stage1_annotation,annotation,325546,ATTTCTGTCTGGTATG_HD67
DeepSeekBackend,deepseek-v4-flash,deepseek,1100,762,1862,0,677,,,1786511638.9276679,1,4,success,False,8812,320,stage1_annotation,annotation,296478,GCGCCAAAGTCATGCT_HD67
DeepSeekBackend,deepseek-v4-flash,deepseek,1075,487,1562,0,417,,,1786511639.8191552,1,4,success,False,5843,254,stage1_annotation,annotation,238522,P3_5_CATTCGCCAGAGTGTG
DeepSeekBackend,deepseek-v4-flash,deepseek,1072,293,1365,0,240,,,1786511642.796997,1,4,success,False,3885,218,stage1_annotation,annotation,2589,TGGTTAGAGGTTACCT-1-HCATisStab7747198
DeepSeekBackend,deepseek-v4-flash,deepseek,1076,741,1817,0,654,,,1786511644.2048993,1,4,success,False,7495,354,stage1_annotation,annotation,242075,P3_6_TCAACGAAGTGGTAGC
DeepSeekBackend,deepseek-v4-flash,deepseek,1100,1808,2908,0,1726,,,1786511644.3349187,1,4,success,False,17573,285,stage1_annotation,annotation,21428,GGAGGATGTGGTCCCA_SC85
DeepSeekBackend,deepseek-v4-flash,deepseek,1070,544,1614,0,480,,,1786511645.1001823,1,4,success,False,6164,247,stage1_annotation,annotation,217953,CACATAGCAGGATTGG-1-HCATisStab7747198
DeepSeekBackend,deepseek-v4-flash,deepseek,1071,1195,2266,0,1090,,,1786511645.4844832,1,4,success,False,12441,405,stage1_annotation,annotation,107077,P2_5_ACCAGTACAGCGATCC
DeepSeekBackend,deepseek-v4-flash,deepseek,1092,1540,2632,0,1474,,,1786511645.7249243,1,4,success,False,15413,262,stage1_annotation,annotation,69920,GTGTGGCAGTATGAGT_SC86
DeepSeekBackend,deepseek-v4-flash,deepseek,1099,1884,2983,0,1804,,,1786511647.7558868,1,4,success,False,21007,265,stage1_annotation,annotation,8429,TCAGGATTCCGAATGT_SC27
DeepSeekBackend,deepseek-v4-flash,deepseek,1071,1120,2191,0,1022,,,1786511648.1402097,1,4,success,False,11120,331,stage1_annotation,annotation,300852,TCATTTGCAGACGCTC-1-HCATisStab7659971
DeepSeekBackend,deepseek-v4-flash,deepseek,1093,1388,2481,0,1324,,,1786511649.6886392,1,4,success,False,14758,243,stage1_annotation,annotation,167607,CTACATTTCGAAGCAG_SC86
DeepSeekBackend,deepseek-v4-flash,deepseek,1091,316,1407,0,242,,,1786511650.223483,1,4,success,False,4490,252,stage1_annotation,annotation,90960,CACAGTAAGCTCTCGG_F01874
DeepSeekBackend,deepseek-v4-flash,deepseek,1104,283,1387,0,226,,,1786511651.8341258,1,4,success,False,4073,244,stage1_annotation,annotation,76740,ACTGTCCGTAAGGGCT_F02617
DeepSeekBackend,deepseek-v4-flash,deepseek,1078,1926,3004,0,1840,,,1786511652.1406677,1,4,success,False,20503,357,stage1_annotation,annotation,122583,ATCATGGAGGCTCAGA_F02522
DeepSeekBackend,deepseek-v4-flash,deepseek,1074,557,1631,0,489,,,1786511652.3762062,1,4,success,False,6885,237,stage1_annotation,annotation,56230,TTAGGACGTTGATTGC_HD68
DeepSeekBackend,deepseek-v4-flash,deepseek,1083,1280,2363,0,1188,,,1786511653.183991,1,4,success,False,13356,395,stage1_annotation,annotation,47971,TTTGATCTCATCTGTT_SC86
DeepSeekBackend,deepseek-v4-flash,deepseek,1097,237,1334,0,234,,,1786511653.4005868,1,4,success,False,3704,9,stage1_annotation,annotation,133875,TACCTTAGTAAGAGGA_F02092
DeepSeekBackend,deepseek-v4-flash,deepseek,1096,401,1497,0,325,,,1786511653.5089936,1,4,success,False,5358,289,stage1_annotation,annotation,153992,ACACCCTCATGCGCAC_F02611
DeepSeekBackend,deepseek-v4-flash,deepseek,1080,886,1966,0,798,,,1786511654.1098635,1,4,success,False,9766,389,stage1_annotation,annotation,58099,CTCTGGTGTTCCCTTG_F02607
DeepSeekBackend,deepseek-v4-flash,deepseek,1087,322,1409,0,249,,,1786511654.8929756,1,4,success,False,4658,259,stage1_annotation,annotation,307789,ATAAGAGGTCCAGTAT_F01874
DeepSeekBackend,deepseek-v4-flash,deepseek,1089,290,1379,0,215,,,1786511655.6092544,1,4,success,False,3765,298,stage1_annotation,annotation,99425,7239219_TTTATGCCAGGTTTCA
DeepSeekBackend,deepseek-v4-flash,deepseek,1099,173,1272,0,170,,,1786511656.5051095,1,4,success,False,2986,9,stage1_annotation,annotation,65565,7239219_CATTCGCAGCCGCCTA
DeepSeekBackend,deepseek-v4-flash,deepseek,1073,1333,2406,0,1258,,,1786511656.763399,1,4,success,False,13957,261,stage1_annotation,annotation,205272,GGGCATCCAGGAATGC_F01853
DeepSeekBackend,deepseek-v4-flash,deepseek,1093,362,1455,0,294,,,1786511656.7970605,1,4,success,False,4645,255,stage1_annotation,annotation,102896,GTATCTTAGTTCGCAT_F01851
DeepSeekBackend,deepseek-v4-flash,deepseek,1096,272,1368,0,212,,,1786511657.3219056,1,4,success,False,4127,201,stage1_annotation,annotation,328914,TTGACTTTCTGCTTGC_F02617
DeepSeekBackend,deepseek-v4-flash,deepseek,1079,1257,2336,0,1180,,,1786511657.532226,1,4,success,False,12421,258,stage1_annotation,annotation,230117,P3_5_GTAACGTTCGCTTAGA
DeepSeekBackend,deepseek-v4-flash,deepseek,1109,250,1359,0,196,,,1786511657.9840624,1,4,success,False,3864,198,stage1_annotation,annotation,194923,AACTGGTAGGGCTTCC_HD101
DeepSeekBackend,deepseek-v4-flash,deepseek,1108,510,1618,0,423,,,1786511658.478639,1,4,success,False,5070,250,stage1_annotation,annotation,51898,CCAATCCAGAACTGTA_F01641
DeepSeekBackend,deepseek-v4-flash,deepseek,1080,278,1358,0,273,,,1786511659.0092795,1,4,success,False,4103,19,stage1_annotation,annotation,294803,AGGGTGATCTCTAAGG_F02522
DeepSeekBackend,deepseek-v4-flash,deepseek,1107,3132,4239,0,3024,,,1786511659.0957825,1,4,success,False,32312,383,stage1_annotation,annotation,49078,ACTTTCACATTGAGCT_F01692
DeepSeekBackend,deepseek-v4-flash,deepseek,1106,180,1286,0,177,,,1786511659.6323678,1,4,success,False,3117,9,stage1_annotation,annotation,131755,GTTCGGGTCGGTTCGG_F02617
DeepSeekBackend,deepseek-v4-flash,deepseek,1099,213,1312,0,210,,,1786511660.4791882,1,4,success,False,3708,9,stage1_annotation,annotation,262780,CATGCCTCAAGCTGGA_F01394
DeepSeekBackend,deepseek-v4-flash,deepseek,1109,193,1302,0,145,,,1786511660.643531,1,4,success,False,3836,160,stage1_annotation,annotation,125989,GTTCGGGGTTCAGACT_F01851
DeepSeekBackend,deepseek-v4-flash,deepseek,1100,184,1284,0,126,,,1786511660.883376,1,4,success,False,3343,220,stage1_annotation,annotation,284539,AGCATACTCCTGTACC_F02611
DeepSeekBackend,deepseek-v4-flash,deepseek,1089,184,1273,0,132,,,1786511661.1506686,1,4,success,False,3155,222,stage1_annotation,annotation,69406,ACGGCCATCGTGGTCG_F02528
DeepSeekBackend,deepseek-v4-flash,deepseek,1081,2934,4015,0,2860,,,1786511661.1919641,1,4,success,False,29781,268,stage1_annotation,annotation,147233,GCCGTGAGTGGCTAGA_SC86
DeepSeekBackend,deepseek-v4-flash,deepseek,1101,263,1364,0,219,,,1786511661.1960325,1,4,success,False,3864,150,stage1_annotation,annotation,22178,ACGGGCTTCGGTCCGA_F02607
DeepSeekBackend,deepseek-v4-flash,deepseek,1084,131,1215,0,127,,,1786511661.8565516,1,4,success,False,2750,19,stage1_annotation,annotation,309589,P1_4_CCTCAGTAGAAACCAT
DeepSeekBackend,deepseek-v4-flash,deepseek,1105,3405,4510,0,3314,,,1786511661.884453,1,4,success,False,35178,358,stage1_annotation,annotation,174915,CCTATTAGTAGAAGGA_HD66
DeepSeekBackend,deepseek-v4-flash,deepseek,1084,184,1268,0,180,,,1786511661.9421854,1,4,success,False,2924,19,stage1_annotation,annotation,180463,P1_4_AGCGTCGTCTGGGCCA
DeepSeekBackend,deepseek-v4-flash,deepseek,1089,352,1441,0,348,,,1786511663.0801601,1,4,success,False,4594,19,stage1_annotation,annotation,169332,AGGGTGAGTTCCACGG_F02607
DeepSeekBackend,deepseek-v4-flash,deepseek,1099,649,1748,0,646,,,1786511663.1004035,1,4,success,False,7478,9,stage1_annotation,annotation,26550,TTATGCTCAGGATTGG_F02617
DeepSeekBackend,deepseek-v4-flash,deepseek,1079,206,1285,0,202,,,1786511663.70988,1,4,success,False,3057,19,stage1_annotation,annotation,303503,CTAAGACTCTGTCTCG-1-HCATisStab7587202
DeepSeekBackend,deepseek-v4-flash,deepseek,1103,279,1382,0,275,,,1786511663.811844,1,4,success,False,4169,19,stage1_annotation,annotation,254666,GTCGGGTCAGCTGCAC_HD66
DeepSeekBackend,deepseek-v4-flash,deepseek,1092,366,1458,0,266,,,1786511665.0473108,1,4,success,False,4559,279,stage1_annotation,annotation,229805,GGCGTGTAGTTAGGTA_F01639
DeepSeekBackend,deepseek-v4-flash,deepseek,1092,1548,2640,0,1443,,,1786511667.8041654,1,4,success,False,15415,378,stage1_annotation,annotation,193274,CCATTCGAGCTAGGCA_F02613
DeepSeekBackend,deepseek-v4-flash,deepseek,1078,3609,4687,0,3544,,,1786511668.9868371,1,4,success,False,35162,243,stage1_annotation,annotation,218139,GTCTGTCGTGAGCAGT_SC86
DeepSeekBackend,deepseek-v4-flash,deepseek,1091,3921,5012,0,3841,,,1786511670.391919,1,4,success,False,34356,339,stage1_annotation,annotation,223235,TCACGCTCAGGTTCAT_SC86
DeepSeekBackend,deepseek-v4-flash,deepseek,1080,3593,4673,0,3487,,,1786511674.0322747,1,4,success,False,35632,390,stage1_annotation,annotation,242638,CTTTCGGCACAGACGA_SC86
DeepSeekBackend,deepseek-v4-flash,deepseek,1107,6836,7943,0,6749,,,1786511694.034178,1,4,success,False,67443,325,stage1_annotation,annotation,208164,ATGTGTGAGTTCGATC_F02617
DeepSeekBackend,deepseek-v4-flash,deepseek,1096,7172,8268,0,7073,,,1786511696.1700613,1,4,success,False,66687,402,stage1_annotation,annotation,89805,TGCGTGGAGAGACTTA_F02509
DeepSeekBackend,deepseek-v4-flash,deepseek,1095,212,1307,0,208,,,1786511697.3380966,1,4,success,False,3196,19,stage1_annotation,annotation,145738,CACAAACTCTGCCCTA_F02522
DeepSeekBackend,deepseek-v4-flash,deepseek,1086,235,1321,0,231,,,1786511697.630288,1,4,success,False,3443,19,stage1_annotation,annotation,283235,GTGCATAAGACCTAGG-1-HCATisStab7587211
DeepSeekBackend,deepseek-v4-flash,deepseek,1098,224,1322,0,220,,,1786511697.6904235,1,4,success,False,3535,19,stage1_annotation,annotation,280596,CATCAGAAGCTGAACG_F02522
DeepSeekBackend,deepseek-v4-flash,deepseek,1084,442,1526,0,438,,,1786511698.3967211,1,4,success,False,4310,19,stage1_annotation,annotation,113946,GTTAAGCTCTTCGGTC-SC56
DeepSeekBackend,deepseek-v4-flash,deepseek,1078,283,1361,0,211,,,1786511698.4389765,1,4,success,False,4273,237,stage1_annotation,annotation,178127,GTTCTCGGTAAGCACG-1-HCATisStab7587208
DeepSeekBackend,deepseek-v4-flash,deepseek,1087,407,1494,0,403,,,1786511698.5504248,1,4,success,False,4356,19,stage1_annotation,annotation,102385,P2_1_GAGCAGAAGTGGAGTC
DeepSeekBackend,deepseek-v4-flash,deepseek,1084,411,1495,0,407,,,1786511698.6691163,1,4,success,False,4532,19,stage1_annotation,annotation,40529,GACCAATAGTGTGAAT-1-HCATisStab7587211
DeepSeekBackend,deepseek-v4-flash,deepseek,1097,431,1528,0,359,,,1786511698.9724984,1,4,success,False,4864,228,stage1_annotation,annotation,162593,GTCTCGTAGAGCTGGT-SC56
DeepSeekBackend,deepseek-v4-flash,deepseek,1081,408,1489,0,322,,,1786511699.0077605,1,4,success,False,4859,259,stage1_annotation,annotation,123934,P3_6_GATCGCGGTATAGGGC
DeepSeekBackend,deepseek-v4-flash,deepseek,1081,339,1420,0,246,,,1786511699.0769887,1,4,success,False,4975,331,stage1_annotation,annotation,246628,TTCGAAGCAGCTATTG-1-HCATisStab7747197
DeepSeekBackend,deepseek-v4-flash,deepseek,1090,354,1444,0,350,,,1786511699.2037742,1,4,success,False,5082,19,stage1_annotation,annotation,111794,CTAGTGACACTGAAGG-1-HCATisStab7747200
DeepSeekBackend,deepseek-v4-flash,deepseek,1097,486,1583,0,406,,,1786511699.2329652,1,4,success,False,5141,252,stage1_annotation,annotation,293037,GTCTTCGGTGCTGTAT-1-HCATisStab7747198
DeepSeekBackend,deepseek-v4-flash,deepseek,1089,407,1496,0,323,,,1786511699.4568834,1,4,success,False,5294,287,stage1_annotation,annotation,107886,TTTACTGTCGAGAACG_F01365
DeepSeekBackend,deepseek-v4-flash,deepseek,1084,426,1510,0,317,,,1786511699.6229494,1,4,success,False,5507,325,stage1_annotation,annotation,196189,CCGTTCATCGTCTGCT-1-HCATisStab7587211
DeepSeekBackend,deepseek-v4-flash,deepseek,1091,188,1279,0,183,,,1786511700.6645732,1,4,success,False,3024,19,stage1_annotation,annotation,8550,TTATGCTGTCTGCCAG_HD67
DeepSeekBackend,deepseek-v4-flash,deepseek,1092,194,1286,0,189,,,1786511700.8116682,1,4,success,False,3461,19,stage1_annotation,annotation,58923,AGACGTTAGCCTATGT_F02524
DeepSeekBackend,deepseek-v4-flash,deepseek,1084,662,1746,0,575,,,1786511701.2991824,1,4,success,False,7169,255,stage1_annotation,annotation,122766,P3_5_CCTCTGAAGAGTACCG
DeepSeekBackend,deepseek-v4-flash,deepseek,1078,203,1281,0,198,,,1786511702.0748198,1,4,success,False,3395,19,stage1_annotation,annotation,190082,GCCAACGGTCAGTCGC_SC142
DeepSeekBackend,deepseek-v4-flash,deepseek,1084,507,1591,0,502,,,1786511702.9588919,1,4,success,False,6780,18,stage1_annotation,annotation,65900,CGAGCACCAGCTGTAT-SC59
DeepSeekBackend,deepseek-v4-flash,deepseek,1081,7518,8599,0,7437,,,1786511703.5740533,1,4,success,False,70559,302,stage1_annotation,annotation,98340,AACCATGGTGTTTGTG_F02607
DeepSeekBackend,deepseek-v4-flash,deepseek,1091,345,1436,0,340,,,1786511704.1657991,1,4,success,False,5185,19,stage1_annotation,annotation,95099,TGAGAGGGTTACGACT_F01851
DeepSeekBackend,deepseek-v4-flash,deepseek,1111,457,1568,0,379,,,1786511704.486376,1,4,success,False,6036,242,stage1_annotation,annotation,231036,GACGTTAGTACTTCTT_F01367
DeepSeekBackend,deepseek-v4-flash,deepseek,1080,546,1626,0,449,,,1786511704.8825314,1,4,success,False,6323,335,stage1_annotation,annotation,309461,GTTCGGGGTAACGACG_F01874
DeepSeekBackend,deepseek-v4-flash,deepseek,1103,1078,2181,0,1073,,,1786511705.2022884,1,4,success,False,11020,18,stage1_annotation,annotation,201601,TTGTAGGTCATCACCC_HD101
DeepSeekBackend,deepseek-v4-flash,deepseek,1091,616,1707,0,515,,,1786511705.3654604,1,4,success,False,7666,343,stage1_annotation,annotation,142625,CCTTCGATCTGTCCGT_F01639
DeepSeekBackend,deepseek-v4-flash,deepseek,1099,183,1282,0,179,,,1786511706.9570184,1,4,success,False,3265,11,stage1_annotation,annotation,137019,TGACGGCAGGCGCTCT_HD67
DeepSeekBackend,deepseek-v4-flash,deepseek,1102,185,1287,0,120,,,1786511706.9742107,1,4,success,False,3306,218,stage1_annotation,annotation,212828,AAATGCCGTTCAGTAC_SC18
DeepSeekBackend,deepseek-v4-flash,deepseek,1096,232,1328,0,149,,,1786511707.1245399,1,4,success,False,3506,291,stage1_annotation,annotation,208306,CCGTACTCAGGTGCCT_F01365
DeepSeekBackend,deepseek-v4-flash,deepseek,1098,233,1331,0,228,,,1786511707.3989916,1,4,success,False,3750,19,stage1_annotation,annotation,49987,AAAGCAACAACGATCT_F01394
DeepSeekBackend,deepseek-v4-flash,deepseek,1092,253,1345,0,196,,,1786511707.4128644,1,4,success,False,3731,198,stage1_annotation,annotation,269896,AGTCTTTCAAGCCGTC-SC156
DeepSeekBackend,deepseek-v4-flash,deepseek,1082,811,1893,0,806,,,1786511707.5310802,1,4,success,False,9129,18,stage1_annotation,annotation,89305,P3_7_CGTTCTGCAAGCGTAG
DeepSeekBackend,deepseek-v4-flash,deepseek,1103,261,1364,0,174,,,1786511707.7651129,1,4,success,False,3589,276,stage1_annotation,annotation,157878,TACTTACCACCATCCT_F01365
DeepSeekBackend,deepseek-v4-flash,deepseek,1093,236,1329,0,179,,,1786511707.800407,1,4,success,False,4144,221,stage1_annotation,annotation,178151,7135920_CAGTAACAGGCGTACA
DeepSeekBackend,deepseek-v4-flash,deepseek,1084,290,1374,0,211,,,1786511708.3559277,1,4,success,False,4754,321,stage1_annotation,annotation,105101,TGTGGTACAGCTGTAT_F01639
DeepSeekBackend,deepseek-v4-flash,deepseek,1086,388,1474,0,296,,,1786511708.9670746,1,4,success,False,5340,336,stage1_annotation,annotation,213564,CTAGAGTGTGGCTCCA_F01394
DeepSeekBackend,deepseek-v4-flash,deepseek,1097,667,1764,0,662,,,1786511711.5260231,1,4,success,False,7886,18,stage1_annotation,annotation,2306,GGTGTTAGTAGTACGG_SC84
DeepSeekBackend,deepseek-v4-flash,deepseek,1082,721,1803,0,631,,,1786511712.2769713,1,4,success,False,8641,335,stage1_annotation,annotation,235610,CGAGCACCAAAGTGCG_F01874
DeepSeekBackend,deepseek-v4-flash,deepseek,1098,1293,2391,0,1178,,,1786511718.590341,1,4,success,False,14901,445,stage1_annotation,annotation,141430,TCACGAACAAGGTTCT_F01394
DeepSeekBackend,deepseek-v4-flash,deepseek,1107,2578,3685,0,2573,,,1786511719.0936816,1,4,success,False,24919,18,stage1_annotation,annotation,204669,CTCGGGAGTATAGGGC_F02526
DeepSeekBackend,deepseek-v4-flash,deepseek,1078,10000,11078,0,10000,,,1786511741.7617786,1,4,success,False,97549,0,stage1_annotation,annotation,132032,GCTCCTAAGGAATGGA_F02522
DeepSeekBackend,deepseek-v4-flash,deepseek,1114,1312,2426,1024,1220,,,1786511754.5196416,1,4,success,False,12757,367,stage1_annotation,annotation,132032,GCTCCTAAGGAATGGA_F02522
DeepSeekBackend,deepseek-v4-flash,deepseek,1089,5595,6684,0,5501,,,1786511758.9324255,1,4,success,False,55255,381,stage1_annotation,annotation,151693,7239219_GGGAGATTCCAGAGGA
DeepSeekBackend,deepseek-v4-flash,deepseek,1093,169,1262,0,96,,,1786511759.789267,1,4,success,False,5106,236,stage1_annotation,annotation,314820,TCCGATCAGGAAAGGT_SC84
DeepSeekBackend,deepseek-v4-flash,deepseek,1095,171,1266,0,106,,,1786511759.8329256,1,4,success,False,5195,213,stage1_annotation,annotation,319376,AGGTCCGTCTCCGGTT_SC18
DeepSeekBackend,deepseek-v4-flash,deepseek,1095,190,1285,0,114,,,1786511760.184872,1,4,success,False,5617,265,stage1_annotation,annotation,237963,CTGGTCTGTGGTACAG_SC18
DeepSeekBackend,deepseek-v4-flash,deepseek,1093,208,1301,0,134,,,1786511760.2901638,1,4,success,False,5728,255,stage1_annotation,annotation,32145,TTTCCAGACTAGAC-SC14
DeepSeekBackend,deepseek-v4-flash,deepseek,1085,243,1328,0,165,,,1786511760.3806653,1,4,success,False,5737,272,stage1_annotation,annotation,320949,ACTTGTTAGGACCACA-1-HCATisStab7587208
DeepSeekBackend,deepseek-v4-flash,deepseek,1094,276,1370,0,200,,,1786511760.6299655,1,4,success,False,6012,254,stage1_annotation,annotation,132510,TTGACTTCACCGATAT_F01365
DeepSeekBackend,deepseek-v4-flash,deepseek,1101,226,1327,0,147,,,1786511760.6357963,1,4,success,False,6044,249,stage1_annotation,annotation,325725,AGAGCTTGTCGATTGT_F01366
DeepSeekBackend,deepseek-v4-flash,deepseek,1097,228,1325,0,136,,,1786511760.7141383,1,4,success,False,6063,303,stage1_annotation,annotation,45203,P3_7_GTTCATTCACGCGAAA
DeepSeekBackend,deepseek-v4-flash,deepseek,1101,295,1396,0,215,,,1786511760.891648,1,4,success,False,6229,265,stage1_annotation,annotation,34452,GAACGGAAGTGCGATG_F01366
DeepSeekBackend,deepseek-v4-flash,deepseek,1110,267,1377,0,195,,,1786511760.9233048,1,4,success,False,6297,242,stage1_annotation,annotation,244773,GCGAGAATCTTGTACT_SC18
DeepSeekBackend,deepseek-v4-flash,deepseek,1095,207,1302,0,120,,,1786511760.950465,1,4,success,False,6277,325,stage1_annotation,annotation,235774,ACCCACTTCTTGAGGT_SC07
DeepSeekBackend,deepseek-v4-flash,deepseek,1103,284,1387,0,208,,,1786511761.0267408,1,4,success,False,6369,261,stage1_annotation,annotation,261476,ATCCACCTCATGTGGT_F01367
DeepSeekBackend,deepseek-v4-flash,deepseek,1093,304,1397,0,221,,,1786511761.1264231,1,4,success,False,6527,303,stage1_annotation,annotation,211693,TGCCAAAGTAAGGGCT-1-HCATisStab7747198
DeepSeekBackend,deepseek-v4-flash,deepseek,1100,314,1414,0,243,,,1786511761.202058,1,4,success,False,6514,252,stage1_annotation,annotation,174278,TGCCAAATCATGTAGC_F01394
DeepSeekBackend,deepseek-v4-flash,deepseek,1093,352,1445,0,260,,,1786511761.5606265,1,4,success,False,6948,308,stage1_annotation,annotation,90834,AGTGTCATCCGTTGTC_F01641
DeepSeekBackend,deepseek-v4-flash,deepseek,1092,438,1530,0,369,,,1786511762.4541557,1,4,success,False,7738,266,stage1_annotation,annotation,82741,CGTGTAACATACTCTT_F01639
DeepSeekBackend,deepseek-v4-flash,deepseek,1094,471,1565,0,367,,,1786511762.5806699,1,4,success,False,7870,397,stage1_annotation,annotation,103470,P3_7_GCGACCACAAGCCCAC
DeepSeekBackend,deepseek-v4-flash,deepseek,1097,592,1689,0,505,,,1786511763.4395723,1,4,success,False,8837,260,stage1_annotation,annotation,258692,ATCGAGTTCCAGAAGG_F01607
DeepSeekBackend,deepseek-v4-flash,deepseek,1085,165,1250,0,97,,,1786511763.8602452,1,4,success,False,3137,231,stage1_annotation,annotation,268481,P3_7_GACGTTACAAAGAATC
DeepSeekBackend,deepseek-v4-flash,deepseek,1108,248,1356,0,162,,,1786511764.5766397,1,4,success,False,3936,312,stage1_annotation,annotation,160770,P2_5_TTCGGTCCATGGGAAC
DeepSeekBackend,deepseek-v4-flash,deepseek,1086,373,1459,0,282,,,1786511765.4076734,1,4,success,False,4447,303,stage1_annotation,annotation,201879,P3_7_ACAGCTACAATAGCGG
DeepSeekBackend,deepseek-v4-flash,deepseek,1100,261,1361,0,174,,,1786511765.6015232,1,4,success,False,3010,268,stage1_annotation,annotation,169984,CTTGGCTTCCTCAATT_SC18
DeepSeekBackend,deepseek-v4-flash,deepseek,1096,209,1305,0,206,,,1786511765.6622837,1,4,success,False,3202,9,stage1_annotation,annotation,87045,AGTGGGATCAAGGCTT_SC18
DeepSeekBackend,deepseek-v4-flash,deepseek,1083,449,1532,0,371,,,1786511766.1940415,1,4,success,False,4986,279,stage1_annotation,annotation,145698,P2_5_CTCAGAACAGATGAGC
DeepSeekBackend,deepseek-v4-flash,deepseek,1092,527,1619,0,448,,,1786511766.6228492,1,4,success,False,5719,243,stage1_annotation,annotation,94831,CGGCTAGGTTTAGGAA_F02524
DeepSeekBackend,deepseek-v4-flash,deepseek,1093,636,1729,0,557,,,1786511766.640585,1,4,success,False,6445,236,stage1_annotation,annotation,284026,P1_2_ACTGTCCTCAGTTTGG
DeepSeekBackend,deepseek-v4-flash,deepseek,1092,507,1599,0,390,,,1786511766.751186,1,4,success,False,5620,378,stage1_annotation,annotation,25096,P2_5_ACAGCCGCAAGACACG
DeepSeekBackend,deepseek-v4-flash,deepseek,1102,228,1330,0,163,,,1786511767.1275494,1,4,success,False,3256,220,stage1_annotation,annotation,139169,GTCCTCATCCAAACTG_HD66
DeepSeekBackend,deepseek-v4-flash,deepseek,1094,676,1770,0,668,,,1786511767.3921306,1,4,success,False,7092,27,stage1_annotation,annotation,241542,P3_7_GGACATTAGAGAGCTC
DeepSeekBackend,deepseek-v4-flash,deepseek,1092,592,1684,0,584,,,1786511767.4794157,1,4,success,False,7640,27,stage1_annotation,annotation,34589,7119453_TATCAGGCAGACAAAT
DeepSeekBackend,deepseek-v4-flash,deepseek,1104,310,1414,0,255,,,1786511767.7778199,1,4,success,False,4329,212,stage1_annotation,annotation,294352,GTCACAACAAATACAG_SC18
DeepSeekBackend,deepseek-v4-flash,deepseek,1088,788,1876,0,780,,,1786511768.4438243,1,4,success,False,8645,27,stage1_annotation,annotation,329653,ATAGACCCAATAGAGT_F01366
DeepSeekBackend,deepseek-v4-flash,deepseek,1091,766,1857,0,671,,,1786511768.8620389,1,4,success,False,7934,312,stage1_annotation,annotation,27491,GCGACCAGTACTCGCG-1-HCATisStab7587205
DeepSeekBackend,deepseek-v4-flash,deepseek,1099,857,1956,0,756,,,1786511770.2344007,1,4,success,False,9202,352,stage1_annotation,annotation,331625,GATCTAGGTTAAGACA_F01367
DeepSeekBackend,deepseek-v4-flash,deepseek,1100,130,1230,0,127,,,1786511772.047021,1,4,success,False,7460,9,stage1_annotation,annotation,206922,CAACTAGTCTGAGTGT_HD67
DeepSeekBackend,deepseek-v4-flash,deepseek,1095,184,1279,0,122,,,1786511772.2928672,1,4,success,False,6682,209,stage1_annotation,annotation,226207,CGTTAGACACGAAGCA_HD101
DeepSeekBackend,deepseek-v4-flash,deepseek,1097,205,1302,0,138,,,1786511772.2950563,1,4,success,False,5533,241,stage1_annotation,annotation,89292,P3_6_TGAGAGGCAATCTGCA
DeepSeekBackend,deepseek-v4-flash,deepseek,1102,226,1328,0,142,,,1786511772.3040988,1,4,success,False,4516,319,stage1_annotation,annotation,232826,GGAGCAATCACCTCGT_SC22
DeepSeekBackend,deepseek-v4-flash,deepseek,1088,1148,2236,0,1056,,,1786511772.4873178,1,4,success,False,11843,370,stage1_annotation,annotation,175402,P3_7_AGCGTATCACGGCTAC
DeepSeekBackend,deepseek-v4-flash,deepseek,1099,306,1405,0,241,,,1786511772.7829857,1,4,success,False,7364,213,stage1_annotation,annotation,1715,AGTGGGAGTGCCTGTG_SC20
DeepSeekBackend,deepseek-v4-flash,deepseek,1095,293,1388,0,235,,,1786511773.335177,1,4,success,False,4463,189,stage1_annotation,annotation,174801,P3_6_AGTGTCAGTCATCCCT
DeepSeekBackend,deepseek-v4-flash,deepseek,1096,355,1451,0,312,,,1786511773.8924654,1,4,success,False,7241,168,stage1_annotation,annotation,80988,GATGCTAAGTATCGAA_F02522
DeepSeekBackend,deepseek-v4-flash,deepseek,1096,378,1474,0,301,,,1786511774.1589806,1,4,success,False,7956,252,stage1_annotation,annotation,251195,P3_6_TAAACCGGTGCGAAAC
DeepSeekBackend,deepseek-v4-flash,deepseek,1095,501,1596,0,498,,,1786511774.2016892,1,4,success,False,8530,9,stage1_annotation,annotation,282100,P3_6_CATGACACACGAGAGT
DeepSeekBackend,deepseek-v4-flash,deepseek,1090,1345,2435,0,1266,,,1786511774.314405,1,4,success,False,13923,257,stage1_annotation,annotation,177673,CTGCGGAGTATAGGTA-1-HCATisStab7587205
DeepSeekBackend,deepseek-v4-flash,deepseek,1094,1743,2837,0,1665,,,1786511774.8769548,1,4,success,False,20184,233,stage1_annotation,annotation,44790,CATGGCGGTTTGTTTC_F02611
DeepSeekBackend,deepseek-v4-flash,deepseek,1095,498,1593,0,433,,,1786511774.9661422,1,4,success,False,6511,263,stage1_annotation,annotation,226129,CTCGTACGTACCTACA_F01851
DeepSeekBackend,deepseek-v4-flash,deepseek,1101,479,1580,0,406,,,1786511775.446805,1,4,success,False,5199,246,stage1_annotation,annotation,260043,AGAGTGGCACATGACT_F01157
DeepSeekBackend,deepseek-v4-flash,deepseek,1099,611,1710,0,532,,,1786511775.466564,1,4,success,False,8832,233,stage1_annotation,annotation,133930,GACGGCTGTTTGTGTG_F02617
DeepSeekBackend,deepseek-v4-flash,deepseek,1107,613,1720,0,527,,,1786511775.831234,1,4,success,False,8341,273,stage1_annotation,annotation,11834,TCGGTAATCTCGGACG_F02607
DeepSeekBackend,deepseek-v4-flash,deepseek,1091,251,1342,0,172,,,1786511776.5102978,1,4,success,False,4011,311,stage1_annotation,annotation,130473,CCTTACGAGTCAATAG_F02522
DeepSeekBackend,deepseek-v4-flash,deepseek,1092,335,1427,0,244,,,1786511776.843512,1,4,success,False,4052,349,stage1_annotation,annotation,284552,TAGGAGGCAAGCGGAT_SC85
DeepSeekBackend,deepseek-v4-flash,deepseek,1099,1654,2753,0,1567,,,1786511777.2172046,1,4,success,False,15650,329,stage1_annotation,annotation,26390,TACGGATTCCTCGCAT_HD66
DeepSeekBackend,deepseek-v4-flash,deepseek,1092,1765,2857,0,1663,,,1786511777.5532317,1,4,success,False,18608,354,stage1_annotation,annotation,318501,P2_7_TCGTAGATCGTTGACA
DeepSeekBackend,deepseek-v4-flash,deepseek,1099,488,1587,0,480,,,1786511777.582998,1,4,success,False,5278,30,stage1_annotation,annotation,256343,GTCGTTCTCCAATGCA_SC85
DeepSeekBackend,deepseek-v4-flash,deepseek,1102,886,1988,0,803,,,1786511777.8998427,1,4,success,False,10764,299,stage1_annotation,annotation,312386,GCGAGAACACGAAGCA_F02617
DeepSeekBackend,deepseek-v4-flash,deepseek,1116,489,1605,0,424,,,1786511778.9411027,1,4,success,False,6883,261,stage1_annotation,annotation,174561,AGGGAGTAGAGCTATA_HD66
DeepSeekBackend,deepseek-v4-flash,deepseek,1101,497,1598,0,412,,,1786511779.1247628,1,4,success,False,4956,308,stage1_annotation,annotation,62284,CCTTACGGTCCATGAT_HD66
DeepSeekBackend,deepseek-v4-flash,deepseek,1092,594,1686,0,527,,,1786511779.703884,1,4,success,False,5800,225,stage1_annotation,annotation,41342,CAGCGACGTGCTCTTC_F01607
DeepSeekBackend,deepseek-v4-flash,deepseek,1095,421,1516,0,336,,,1786511779.9389224,1,4,success,False,4963,304,stage1_annotation,annotation,139605,GCGAGAATCGGGAGTA_F02526
DeepSeekBackend,deepseek-v4-flash,deepseek,1099,1162,2261,0,1154,,,1786511780.6661892,1,4,success,False,13263,30,stage1_annotation,annotation,113711,GACAGAGCATTGTGCA_HD67
DeepSeekBackend,deepseek-v4-flash,deepseek,1091,377,1468,0,295,,,1786511780.6931553,1,4,success,False,5218,301,stage1_annotation,annotation,267158,P3_6_TACTCGCAGCCTCGTG
DeepSeekBackend,deepseek-v4-flash,deepseek,1088,322,1410,0,241,,,1786511780.9466133,1,4,success,False,4427,335,stage1_annotation,annotation,97862,ATCTGCCTCCGCAAGC_F02611
DeepSeekBackend,deepseek-v4-flash,deepseek,1089,181,1270,0,110,,,1786511780.9889176,1,4,success,False,3419,281,stage1_annotation,annotation,198910,GGATGTTTCAACACCA-SC156
DeepSeekBackend,deepseek-v4-flash,deepseek,1090,251,1341,0,172,,,1786511781.3293598,1,4,success,False,3418,260,stage1_annotation,annotation,319901,7239220_CAAGAAACAAACCCAT
DeepSeekBackend,deepseek-v4-flash,deepseek,1104,756,1860,0,653,,,1786511781.3960562,1,4,success,False,8052,345,stage1_annotation,annotation,241976,CAACGATAGCCTTCTC_SC85
DeepSeekBackend,deepseek-v4-flash,deepseek,1087,461,1548,0,391,,,1786511781.4503822,1,4,success,False,5610,277,stage1_annotation,annotation,177517,P3_6_GCTGCGATCCTATGTT
DeepSeekBackend,deepseek-v4-flash,deepseek,1084,203,1287,0,134,,,1786511782.2809446,1,4,success,False,3145,213,stage1_annotation,annotation,320892,TACTTACTCCCTCTCC_SC141
DeepSeekBackend,deepseek-v4-flash,deepseek,1089,314,1403,0,245,,,1786511783.1968782,1,4,success,False,4245,247,stage1_annotation,annotation,166835,ACTGAGTTCTAACGGT_SC18
DeepSeekBackend,deepseek-v4-flash,deepseek,1090,723,1813,0,641,,,1786511783.4755685,1,4,success,False,8020,315,stage1_annotation,annotation,211504,TGGCGCAGTCAGATAA_HD66
DeepSeekBackend,deepseek-v4-flash,deepseek,1097,620,1717,0,538,,,1786511783.5567737,1,4,success,False,6329,295,stage1_annotation,annotation,332099,CGCTTCAAGGTGCACA-SC156
DeepSeekBackend,deepseek-v4-flash,deepseek,1090,278,1368,0,190,,,1786511783.5887764,1,4,success,False,3871,310,stage1_annotation,annotation,115732,CAGATCACATTAACCG_F02522
DeepSeekBackend,deepseek-v4-flash,deepseek,1094,209,1303,0,138,,,1786511783.8120868,1,4,success,False,3108,233,stage1_annotation,annotation,149662,AGCCTAATCCAACCAA-1-HCATisStab7587208
DeepSeekBackend,deepseek-v4-flash,deepseek,1088,240,1328,0,153,,,1786511783.8404918,1,4,success,False,3163,317,stage1_annotation,annotation,298874,GCACTCTGTTAAGAAC-1-HCATisStab7747197
DeepSeekBackend,deepseek-v4-flash,deepseek,1101,253,1354,0,173,,,1786511783.8929064,1,4,success,False,3945,257,stage1_annotation,annotation,250205,TTATGCTAGCGTCAAG_F02611
DeepSeekBackend,deepseek-v4-flash,deepseek,1088,716,1804,0,634,,,1786511783.9967692,1,4,success,False,7144,274,stage1_annotation,annotation,177797,TACTTGTTCGTACGGC-SC156
DeepSeekBackend,deepseek-v4-flash,deepseek,1108,277,1385,0,210,,,1786511784.716293,1,4,success,False,3761,242,stage1_annotation,annotation,179632,GCTCTGTCATTGGGCC_F01851
DeepSeekBackend,deepseek-v4-flash,deepseek,1092,266,1358,0,209,,,1786511784.8980613,1,4,success,False,3899,207,stage1_annotation,annotation,102193,GGCCGATAGTTCGATC_F01607
DeepSeekBackend,deepseek-v4-flash,deepseek,1091,190,1281,0,110,,,1786511785.3260555,1,4,success,False,3869,265,stage1_annotation,annotation,108662,TTCGGTCGTTCCTCCA_F02611
DeepSeekBackend,deepseek-v4-flash,deepseek,1085,219,1304,0,129,,,1786511785.7512987,1,4,success,False,3459,328,stage1_annotation,annotation,114629,GATCAGTAGACTCTTG_SC141
DeepSeekBackend,deepseek-v4-flash,deepseek,1087,218,1305,0,148,,,1786511785.7718518,1,4,success,False,4364,253,stage1_annotation,annotation,296867,ACTGATGCAGCACACC_SC85
DeepSeekBackend,deepseek-v4-flash,deepseek,1090,264,1354,0,182,,,1786511785.9490616,1,4,success,False,4609,267,stage1_annotation,annotation,139817,TCACGAACAGACAAGC_SC10
DeepSeekBackend,deepseek-v4-flash,deepseek,1100,231,1331,0,167,,,1786511786.9533308,1,4,success,False,3472,221,stage1_annotation,annotation,186087,CATATTCGTTCGGGCT_F01851
DeepSeekBackend,deepseek-v4-flash,deepseek,1099,303,1402,0,229,,,1786511787.2757235,1,4,success,False,4068,251,stage1_annotation,annotation,78343,CTCAGAACATGTAGTC_F01851
DeepSeekBackend,deepseek-v4-flash,deepseek,1087,272,1359,0,177,,,1786511787.5935895,1,4,success,False,3690,333,stage1_annotation,annotation,95027,7185212_GTTCGGGGTTACTGAC
DeepSeekBackend,deepseek-v4-flash,deepseek,1097,308,1405,0,240,,,1786511787.7023127,1,4,success,False,3881,264,stage1_annotation,annotation,128446,TCAACGAGTATCGCAT_F02528
DeepSeekBackend,deepseek-v4-flash,deepseek,1085,394,1479,0,310,,,1786511787.7829201,1,4,success,False,4216,323,stage1_annotation,annotation,327106,AAAGTAGAGAGGACGG_SC10
DeepSeekBackend,deepseek-v4-flash,deepseek,1094,362,1456,0,267,,,1786511788.2309556,1,4,success,False,4632,363,stage1_annotation,annotation,295575,CACAGGCAGCTCTCGG-SC56
DeepSeekBackend,deepseek-v4-flash,deepseek,1086,68,1154,0,68,,,1786511790.272267,1,4,success,False,3308,0,stage1_annotation,annotation,224629,GACACGCAGAAGATTC_F01639
DeepSeekBackend,deepseek-v4-flash,deepseek,1096,1826,2922,0,1709,,,1786511791.270587,1,4,success,False,17061,429,stage1_annotation,annotation,332120,ACTGATGGTGCAGGTA_F02607
DeepSeekBackend,deepseek-v4-flash,deepseek,1094,2132,3226,0,2051,,,1786511793.4301827,1,4,success,False,19105,254,stage1_annotation,annotation,20288,GTGCATATCATGTCCC_SC07
DeepSeekBackend,deepseek-v4-flash,deepseek,1091,577,1668,0,572,,,1786511794.2090933,1,4,success,False,6500,26,stage1_annotation,annotation,317095,GACCTGGAGGCCGAAT_F01157
DeepSeekBackend,deepseek-v4-flash,deepseek,1087,660,1747,0,561,,,1786511794.7010114,1,4,success,False,7414,345,stage1_annotation,annotation,194225,AGAGTGGAGGTAGCCA_F02607
DeepSeekBackend,deepseek-v4-flash,deepseek,1089,393,1482,0,309,,,1786511796.4534485,1,4,success,False,5175,302,stage1_annotation,annotation,273056,CGTGTCTTCTAGCACA_F02607
DeepSeekBackend,deepseek-v4-flash,deepseek,1104,1956,3060,0,1868,,,1786511796.485841,1,4,success,False,18893,327,stage1_annotation,annotation,46853,GTGTTAGTCGCCTGTT_F02617
DeepSeekBackend,deepseek-v4-flash,deepseek,1093,1034,2127,0,948,,,1786511797.718408,1,4,success,False,12992,349,stage1_annotation,annotation,84905,TGGCCAGGTTACCAGT_F02522
DeepSeekBackend,deepseek-v4-flash,deepseek,1088,1414,2502,0,1334,,,1786511797.76668,1,4,success,False,13760,324,stage1_annotation,annotation,196057,P1_3_GTATTCTAGCAGGTCA
DeepSeekBackend,deepseek-v4-flash,deepseek,1088,903,1991,0,815,,,1786511798.5346708,1,4,success,False,13627,385,stage1_annotation,annotation,83056,P1_3_AAAGATGGTTAAGATG
DeepSeekBackend,deepseek-v4-flash,deepseek,1104,2954,4058,0,2878,,,1786511798.6230104,1,4,success,False,26307,274,stage1_annotation,annotation,231784,CAAGAAAAGCGAGAAA-SC155
DeepSeekBackend,deepseek-v4-flash,deepseek,1083,970,2053,0,897,,,1786511798.7700198,1,4,success,False,11166,270,stage1_annotation,annotation,146044,CGGTTAACACCTCGTT_F02092
DeepSeekBackend,deepseek-v4-flash,deepseek,1085,1118,2203,0,1027,,,1786511799.6972246,1,4,success,False,13914,334,stage1_annotation,annotation,20561,TTCTCAAAGTAGCGGT_F02528
DeepSeekBackend,deepseek-v4-flash,deepseek,1089,1120,2209,0,1028,,,1786511800.8083313,1,4,success,False,15472,342,stage1_annotation,annotation,212712,GTATCTTAGATCTGCT_F01366
DeepSeekBackend,deepseek-v4-flash,deepseek,1122,966,2088,1024,891,,,1786511800.896471,1,4,success,False,10623,258,stage1_annotation,annotation,224629,GACACGCAGAAGATTC_F01639
DeepSeekBackend,deepseek-v4-flash,deepseek,1084,247,1331,0,190,,,1786511801.510577,1,4,success,False,3734,235,stage1_annotation,annotation,124559,ATTCTACCAGTGAGTG_SC27
DeepSeekBackend,deepseek-v4-flash,deepseek,1089,176,1265,0,107,,,1786511801.7825127,1,4,success,False,3236,254,stage1_annotation,annotation,310076,ACGATACGTGACAAAT_F02617
DeepSeekBackend,deepseek-v4-flash,deepseek,1094,337,1431,0,252,,,1786511803.3475277,1,4,success,False,4568,337,stage1_annotation,annotation,315762,GCGCCAAAGAAGGTTT_HD67
DeepSeekBackend,deepseek-v4-flash,deepseek,1081,190,1271,0,118,,,1786511804.159523,1,4,success,False,3250,279,stage1_annotation,annotation,272781,GGCTGGTAGCTTATCG_SC27
DeepSeekBackend,deepseek-v4-flash,deepseek,1084,554,1638,0,467,,,1786511804.8889444,1,4,success,False,7161,302,stage1_annotation,annotation,159218,CGTCTACAGAGGGCTT_F02528
DeepSeekBackend,deepseek-v4-flash,deepseek,1083,644,1727,0,639,,,1786511804.9993882,1,4,success,False,8504,26,stage1_annotation,annotation,264009,CGCTGGACAGTGGGAT-SC56
DeepSeekBackend,deepseek-v4-flash,deepseek,1083,306,1389,0,235,,,1786511805.0320952,1,4,success,False,4213,239,stage1_annotation,annotation,35784,P1_2_CCTTCCCCAACGATGG
DeepSeekBackend,deepseek-v4-flash,deepseek,1080,1153,2233,0,1073,,,1786511806.0203881,1,4,success,False,11801,309,stage1_annotation,annotation,261156,P1_2_GATTCAGTCAGTTCGA
DeepSeekBackend,deepseek-v4-flash,deepseek,1080,345,1425,0,263,,,1786511806.2148952,1,4,success,False,4695,306,stage1_annotation,annotation,299302,CTCGAGGCAGTAAGCG-SC56
DeepSeekBackend,deepseek-v4-flash,deepseek,1073,132,1205,0,126,,,1786511806.4319785,1,4,success,False,3073,29,stage1_annotation,annotation,84872,P3_6_GCCTCTATCCGCATCT
DeepSeekBackend,deepseek-v4-flash,deepseek,1095,410,1505,0,344,,,1786511806.6323993,1,4,success,False,4840,233,stage1_annotation,annotation,287217,ACGATACCACAAGACG_F01692
DeepSeekBackend,deepseek-v4-flash,deepseek,1097,659,1756,0,586,,,1786511807.2606292,1,4,success,False,7554,305,stage1_annotation,annotation,85331,TCGCGAGAGGGTTCCC_HD67
DeepSeekBackend,deepseek-v4-flash,deepseek,1085,1615,2700,0,1522,,,1786511814.446132,1,4,success,False,17983,347,stage1_annotation,annotation,89063,CGTGTCTAGATCCTGT_F01851
DeepSeekBackend,deepseek-v4-flash,deepseek,1083,3095,4178,0,3090,,,1786511816.1017797,1,4,success,False,30142,26,stage1_annotation,annotation,331362,GTTGCTCCAACAGTGG_SC144
DeepSeekBackend,deepseek-v4-flash,deepseek,1085,1754,2839,0,1666,,,1786511816.7017229,1,4,success,False,18070,365,stage1_annotation,annotation,188709,AATCGGTAGACGCTTT_F01607
DeepSeekBackend,deepseek-v4-flash,deepseek,1089,5180,6269,0,5087,,,1786511819.7693446,1,4,success,False,47459,295,stage1_annotation,annotation,134285,CTCGAAACACTGTTAG_F02522
DeepSeekBackend,deepseek-v4-flash,deepseek,1087,3695,4782,0,3594,,,1786511824.7749355,1,4,success,False,36534,386,stage1_annotation,annotation,287702,TCTCATAGTACCTACA_F02607
DeepSeekBackend,deepseek-v4-flash,deepseek,1107,5727,6834,0,5660,,,1786511837.4042594,1,4,success,False,53553,183,stage1_annotation,annotation,303123,ACCTTTAGTAGTAGTA_HD67
DeepSeekBackend,deepseek-v4-flash,deepseek,1078,5929,7007,0,5848,,,1786511843.0059128,1,4,success,False,55218,310,stage1_annotation,annotation,302611,TGGGAAGTCGTGGACC_SC27
DeepSeekBackend,deepseek-v4-flash,deepseek,1092,7604,8696,0,7540,,,1786511843.742521,1,4,success,False,68854,235,stage1_annotation,annotation,191564,TTTGGTTGTTCGTGAT_F02522
DeepSeekBackend,deepseek-v4-flash,deepseek,1086,164,1250,0,108,,,1786511846.3057618,1,4,success,False,2416,210,stage1_annotation,annotation,188670,TACTTGTTCTGTACGA_SC24
DeepSeekBackend,deepseek-v4-flash,deepseek,1071,205,1276,0,199,,,1786511847.0085058,1,4,success,False,3223,29,stage1_annotation,annotation,190913,CGTCAGGTCCGCTGTT-SC59
DeepSeekBackend,deepseek-v4-flash,deepseek,1077,235,1312,0,152,,,1786511847.3187008,1,4,success,False,3387,305,stage1_annotation,annotation,281419,TTTACTGTCGTGGTCG-SC56
DeepSeekBackend,deepseek-v4-flash,deepseek,1074,270,1344,0,197,,,1786511847.5636082,1,4,success,False,3705,247,stage1_annotation,annotation,93532,CAGCGACCAAGTCTAC-SC56
DeepSeekBackend,deepseek-v4-flash,deepseek,1089,299,1388,0,237,,,1786511847.5887086,1,4,success,False,3663,216,stage1_annotation,annotation,123865,CTGTGCTAGAAGGACA_HD67
DeepSeekBackend,deepseek-v4-flash,deepseek,1085,325,1410,0,257,,,1786511847.72757,1,4,success,False,3958,246,stage1_annotation,annotation,77121,CGGACTGTCGAACTGT-SC155
DeepSeekBackend,deepseek-v4-flash,deepseek,1093,250,1343,0,177,,,1786511847.7853572,1,4,success,False,3973,335,stage1_annotation,annotation,286389,CCACCTACAGGTTTCA_F02611
DeepSeekBackend,deepseek-v4-flash,deepseek,1099,374,1473,0,308,,,1786511848.1650062,1,4,success,False,4280,266,stage1_annotation,annotation,281900,ACCAGTAAGAACAACT_F02522
DeepSeekBackend,deepseek-v4-flash,deepseek,1090,317,1407,0,216,,,1786511848.6957471,1,4,success,False,4902,375,stage1_annotation,annotation,71729,TTGCGTCTCGGTCCGA_F02617
DeepSeekBackend,deepseek-v4-flash,deepseek,1083,5732,6815,0,5614,,,1786511848.720689,1,4,success,False,54009,377,stage1_annotation,annotation,262887,CTCCATGAGCGAAACC_SC144
DeepSeekBackend,deepseek-v4-flash,deepseek,1096,419,1515,0,359,,,1786511849.090204,1,4,success,False,5196,260,stage1_annotation,annotation,108922,TCGCGTTGTCGTTGTA_HD67
DeepSeekBackend,deepseek-v4-flash,deepseek,1097,461,1558,0,378,,,1786511849.240844,1,4,success,False,5298,308,stage1_annotation,annotation,193035,P1_2_TCTCATACAGACGCCT
DeepSeekBackend,deepseek-v4-flash,deepseek,1088,469,1557,0,405,,,1786511849.4267251,1,4,success,False,5585,228,stage1_annotation,annotation,53935,TGGATCACACCGTGAC_SC141
DeepSeekBackend,deepseek-v4-flash,deepseek,1082,455,1537,0,385,,,1786511849.4311619,1,4,success,False,5528,284,stage1_annotation,annotation,9454,P2_1_GGAGCAACATCTATGG
DeepSeekBackend,deepseek-v4-flash,deepseek,1091,500,1591,0,494,,,1786511849.551833,1,4,success,False,5733,29,stage1_annotation,annotation,262592,TCAGATGAGACGCTTT_F01692
DeepSeekBackend,deepseek-v4-flash,deepseek,1095,540,1635,0,457,,,1786511849.9449246,1,4,success,False,6108,310,stage1_annotation,annotation,60494,P1_2_GTACGTACACTAGTAC
DeepSeekBackend,deepseek-v4-flash,deepseek,1084,228,1312,0,170,,,1786511851.0606923,1,4,success,False,3486,229,stage1_annotation,annotation,167754,P2_1_GGACGTCTCCAAACAC
DeepSeekBackend,deepseek-v4-flash,deepseek,1084,358,1442,0,298,,,1786511851.494154,1,4,success,False,3895,201,stage1_annotation,annotation,150868,TGACTAGAGCGTCAAG_F01607
DeepSeekBackend,deepseek-v4-flash,deepseek,1098,358,1456,0,350,,,1786511851.5449662,1,4,success,False,4523,30,stage1_annotation,annotation,259796,GTCTTCGCATTCTCAT_SC20
DeepSeekBackend,deepseek-v4-flash,deepseek,1098,208,1306,0,203,,,1786511852.000686,1,4,success,False,3822,22,stage1_annotation,annotation,155620,ATCTGCCCATGAACCT_HD66
DeepSeekBackend,deepseek-v4-flash,deepseek,1099,213,1312,0,148,,,1786511852.320156,1,4,success,False,2877,230,stage1_annotation,annotation,222111,P1_3_TGGTTAGAGAAACCAT
DeepSeekBackend,deepseek-v4-flash,deepseek,1098,184,1282,0,112,,,1786511852.7508519,1,4,success,False,3188,283,stage1_annotation,annotation,173785,P1_4_GGGCATCAGACCTTTG
DeepSeekBackend,deepseek-v4-flash,deepseek,1110,272,1382,0,210,,,1786511852.93067,1,4,success,False,3831,216,stage1_annotation,annotation,84160,CACACAATCAGGATCT-SC155
DeepSeekBackend,deepseek-v4-flash,deepseek,1098,206,1304,0,118,,,1786511853.0970757,1,4,success,False,3142,327,stage1_annotation,annotation,189327,P1_4_ACACCAAGTGCTAGCC
DeepSeekBackend,deepseek-v4-flash,deepseek,1091,698,1789,0,604,,,1786511853.3231874,1,4,success,False,7007,317,stage1_annotation,annotation,209399,P2_5_GGTGTTAGTAGCCTAT
DeepSeekBackend,deepseek-v4-flash,deepseek,1084,953,2037,0,872,,,1786511853.5684662,1,4,success,False,9720,301,stage1_annotation,annotation,174120,AAACGGGGTCATGCAT_SC24
DeepSeekBackend,deepseek-v4-flash,deepseek,1100,303,1403,0,233,,,1786511853.6956055,1,4,success,False,4257,241,stage1_annotation,annotation,298514,P1_2_CGAGAAGCATGTAAGA
DeepSeekBackend,deepseek-v4-flash,deepseek,1082,493,1575,0,432,,,1786511854.808006,1,4,success,False,6101,230,stage1_annotation,annotation,281735,P2_7_CTCGGGACAAATTGCC
DeepSeekBackend,deepseek-v4-flash,deepseek,1081,732,1813,0,642,,,1786511855.6321633,1,4,success,False,7893,370,stage1_annotation,annotation,38642,P3_6_TCTTCGGTCTCGGACG
DeepSeekBackend,deepseek-v4-flash,deepseek,1099,573,1672,0,492,,,1786511855.7737868,1,4,success,False,6525,335,stage1_annotation,annotation,179134,ACGGGCTTCCGAGCCA_HD67
DeepSeekBackend,deepseek-v4-flash,deepseek,1090,1026,2116,0,954,,,1786511857.7895627,1,4,success,False,9994,239,stage1_annotation,annotation,102294,GAACATCGTCGAGATG_F02526
DeepSeekBackend,deepseek-v4-flash,deepseek,1101,173,1274,0,168,,,1786511857.945041,1,4,success,False,5185,22,stage1_annotation,annotation,309325,P1_4_GTACTTTAGCGGATCA
DeepSeekBackend,deepseek-v4-flash,deepseek,1111,172,1283,0,107,,,1786511858.2592602,1,4,success,False,5152,249,stage1_annotation,annotation,267602,P1_3_CGAGAAGCATGTAAGA
DeepSeekBackend,deepseek-v4-flash,deepseek,1098,201,1299,0,118,,,1786511858.419987,1,4,success,False,5480,290,stage1_annotation,annotation,232146,P1_2_ACACCAAGTGCTAGCC
DeepSeekBackend,deepseek-v4-flash,deepseek,1093,279,1372,0,191,,,1786511858.9280474,1,4,success,False,5349,311,stage1_annotation,annotation,183729,CATGGCGCAGTCGATT_F02509
DeepSeekBackend,deepseek-v4-flash,deepseek,1094,299,1393,0,223,,,1786511859.3006916,1,4,success,False,8230,312,stage1_annotation,annotation,244233,P1_3_ACACCAAGTGCTAGCC
DeepSeekBackend,deepseek-v4-flash,deepseek,1100,310,1410,0,236,,,1786511859.3479319,1,4,success,False,7844,234,stage1_annotation,annotation,155303,P1_3_GTACTTTAGCGGATCA
DeepSeekBackend,deepseek-v4-flash,deepseek,1101,369,1470,0,302,,,1786511860.0635927,1,4,success,False,6732,210,stage1_annotation,annotation,79986,P1_2_GTACTTTAGCGGATCA
DeepSeekBackend,deepseek-v4-flash,deepseek,1094,1370,2464,0,1281,,,1786511862.6953745,1,4,success,False,13964,369,stage1_annotation,annotation,125341,AGAGTGGGTCCTGCTT_F02526
DeepSeekBackend,deepseek-v4-flash,deepseek,1101,1747,2848,0,1686,,,1786511871.7571685,1,4,success,False,19426,247,stage1_annotation,annotation,154124,P1_4_TGGTTAGAGAAACCAT
DeepSeekBackend,deepseek-v4-flash,deepseek,1078,9999,11077,0,9999,,,1786511881.4216387,1,4,success,False,95661,0,stage1_annotation,annotation,225499,P1_4_GAACGGAGTGAGGGTT
DeepSeekBackend,deepseek-v4-flash,deepseek,1082,9343,10425,0,9253,,,1786511884.1207833,1,4,success,False,90681,356,stage1_annotation,annotation,186407,TCTTTCCGTGAAGGCT_F02611
DeepSeekBackend,deepseek-v4-flash,deepseek,1114,490,1604,1024,417,,,1786511886.7643309,1,4,success,False,5342,281,stage1_annotation,annotation,225499,P1_4_GAACGGAGTGAGGGTT
DeepSeekBackend,deepseek-v4-flash,deepseek,1099,238,1337,0,182,,,1786511889.8434885,1,4,success,False,3042,196,stage1_annotation,annotation,24354,P1_2_GGGCATCAGACCTTTG
DeepSeekBackend,deepseek-v4-flash,deepseek,1083,267,1350,0,201,,,1786511890.6490371,1,4,success,False,3773,232,stage1_annotation,annotation,199072,AGATAGATCTGAATGC_SC86
DeepSeekBackend,deepseek-v4-flash,deepseek,1103,277,1380,0,207,,,1786511890.7666626,1,4,success,False,3934,245,stage1_annotation,annotation,105205,P1_2_TGGTTAGAGAAACCAT
DeepSeekBackend,deepseek-v4-flash,deepseek,1079,340,1419,0,288,,,1786511891.1828768,1,4,success,False,4373,182,stage1_annotation,annotation,211534,CTAAGACAGTACCGGA-1-HCATisStab7587202
DeepSeekBackend,deepseek-v4-flash,deepseek,1078,317,1395,0,259,,,1786511891.226104,1,4,success,False,4361,208,stage1_annotation,annotation,329467,GTCACAAGTTCTGGTA_F01367
DeepSeekBackend,deepseek-v4-flash,deepseek,1088,333,1421,0,276,,,1786511891.3582942,1,4,success,False,4427,216,stage1_annotation,annotation,163310,TATCAGGCACTTGAGT_SC143
DeepSeekBackend,deepseek-v4-flash,deepseek,1096,358,1454,0,283,,,1786511891.3904715,1,4,success,False,4570,256,stage1_annotation,annotation,187728,P1_4_CGAGAAGCATGTAAGA
DeepSeekBackend,deepseek-v4-flash,deepseek,1075,361,1436,0,306,,,1786511891.4409752,1,4,success,False,4535,216,stage1_annotation,annotation,33445,CTTTGCGCACAAGCCC-1-HCATisStab7747199
DeepSeekBackend,deepseek-v4-flash,deepseek,1097,3969,5066,0,3871,,,1786511891.5288947,1,4,success,False,39973,394,stage1_annotation,annotation,269537,GCGGGTTGTAGAAGGA_F01494
DeepSeekBackend,deepseek-v4-flash,deepseek,1080,397,1477,0,348,,,1786511891.8013422,1,4,success,False,4916,180,stage1_annotation,annotation,286515,TGTGGTAAGCCCAGCT-1-HCATisStab7747197
DeepSeekBackend,deepseek-v4-flash,deepseek,1081,467,1548,0,412,,,1786511892.0442688,1,4,success,False,5201,213,stage1_annotation,annotation,86891,GCTTGGGCAGGACTTT_SC86
DeepSeekBackend,deepseek-v4-flash,deepseek,1086,425,1511,0,330,,,1786511892.1201591,1,4,success,False,5203,362,stage1_annotation,annotation,323135,ATGATCGCACTTCAAG_SC86
DeepSeekBackend,deepseek-v4-flash,deepseek,1081,517,1598,0,455,,,1786511892.5240095,1,4,success,False,5597,235,stage1_annotation,annotation,257960,GGGTTATGTCCGCAGT_SC86
DeepSeekBackend,deepseek-v4-flash,deepseek,1089,537,1626,0,455,,,1786511893.2699242,1,4,success,False,6417,338,stage1_annotation,annotation,274890,GTCTGTCTCGAGATGG_SC86
DeepSeekBackend,deepseek-v4-flash,deepseek,1080,246,1326,0,188,,,1786511893.8306549,1,4,success,False,3978,219,stage1_annotation,annotation,297638,GATTCGAAGTGGTGAC_SC86
DeepSeekBackend,deepseek-v4-flash,deepseek,1084,623,1707,0,547,,,1786511894.0363064,1,4,success,False,7144,289,stage1_annotation,annotation,59024,AACCTTTAGCATCGAG_SC86
DeepSeekBackend,deepseek-v4-flash,deepseek,1089,719,1808,0,630,,,1786511894.1710906,1,4,success,False,7310,374,stage1_annotation,annotation,254399,TCATGTTGTATCGATC_SC86
DeepSeekBackend,deepseek-v4-flash,deepseek,1084,797,1881,0,719,,,1786511894.4743705,1,4,success,False,7533,307,stage1_annotation,annotation,88372,TACTTGTGTCTAACGT_F02526
DeepSeekBackend,deepseek-v4-flash,deepseek,1076,219,1295,0,153,,,1786511897.16998,1,4,success,False,5975,249,stage1_annotation,annotation,118520,CGACCTTAGACAGGCT-1-HCATisStab7747198
DeepSeekBackend,deepseek-v4-flash,deepseek,1093,5903,6996,0,5806,,,1786511897.7660668,1,4,success,False,53849,363,stage1_annotation,annotation,94532,ACTGAGTGTAAGGATT_F01607
DeepSeekBackend,deepseek-v4-flash,deepseek,1092,309,1401,0,259,,,1786511898.0516777,1,4,success,False,6684,207,stage1_annotation,annotation,135265,CCTCACAGTCCATAGT_SC86
DeepSeekBackend,deepseek-v4-flash,deepseek,1089,306,1395,0,301,,,1786511898.1367705,1,4,success,False,6737,18,stage1_annotation,annotation,316312,GTTCTCGGTTTGACAC_F02526
DeepSeekBackend,deepseek-v4-flash,deepseek,1080,323,1403,0,268,,,1786511898.1987386,1,4,success,False,6748,209,stage1_annotation,annotation,237670,P3_5_CCTAGCTTCTTCGGTC
DeepSeekBackend,deepseek-v4-flash,deepseek,1084,337,1421,0,286,,,1786511898.4699225,1,4,success,False,6931,202,stage1_annotation,annotation,169089,TACTCGCCACACTGCG-1-HCATisStab7747197
DeepSeekBackend,deepseek-v4-flash,deepseek,1090,355,1445,0,304,,,1786511898.5919218,1,4,success,False,6785,212,stage1_annotation,annotation,107334,GCATACAAGGGTCGAT-1-HCATisStab7747198
DeepSeekBackend,deepseek-v4-flash,deepseek,1088,359,1447,0,288,,,1786511898.6322575,1,4,success,False,6097,305,stage1_annotation,annotation,67357,CTACACCTCGTGTAGT-1-HCATisStab7747197
DeepSeekBackend,deepseek-v4-flash,deepseek,1087,395,1482,0,342,,,1786511898.9317527,1,4,success,False,7696,221,stage1_annotation,annotation,319029,CAAGTTGGTATTCGTG-1-HCATisStab7747197
DeepSeekBackend,deepseek-v4-flash,deepseek,1088,6077,7165,0,5977,,,1786511899.8752763,1,4,success,False,52544,296,stage1_annotation,annotation,56,P3_6_AAGACCTGTATCACCA
DeepSeekBackend,deepseek-v4-flash,deepseek,1078,591,1669,0,529,,,1786511900.1187127,1,4,success,False,9342,270,stage1_annotation,annotation,98211,AAGAACATCCAGTACA_SC86
DeepSeekBackend,deepseek-v4-flash,deepseek,1077,597,1674,0,532,,,1786511900.1781695,1,4,success,False,6338,237,stage1_annotation,annotation,259465,AACTCTTTCACGATGT_F00409
DeepSeekBackend,deepseek-v4-flash,deepseek,1081,671,1752,0,618,,,1786511901.031271,1,4,success,False,10371,183,stage1_annotation,annotation,278641,TACTTGTAGCAGCCTC-1-HCATisStab7659969
DeepSeekBackend,deepseek-v4-flash,deepseek,1081,719,1800,0,647,,,1786511901.2944458,1,4,success,False,9163,276,stage1_annotation,annotation,268232,AACGTTGAGTTGAGAT-1-HCATisStab7659969
DeepSeekBackend,deepseek-v4-flash,deepseek,1080,793,1873,0,735,,,1786511901.8266938,1,4,success,False,8547,226,stage1_annotation,annotation,325560,TCGGGACCAATGGAAT_F02611
DeepSeekBackend,deepseek-v4-flash,deepseek,1078,669,1747,0,611,,,1786511901.9424458,1,4,success,False,7762,226,stage1_annotation,annotation,219700,CATCAAGCATTCCTCG-1-HCATisStab7747199
DeepSeekBackend,deepseek-v4-flash,deepseek,1080,241,1321,0,193,,,1786511902.1702018,1,4,success,False,3229,195,stage1_annotation,annotation,211553,TGGGAAGAGATTACCC-1-HCATisStab7747198
DeepSeekBackend,deepseek-v4-flash,deepseek,1075,412,1487,0,352,,,1786511902.2377937,1,4,success,False,5058,244,stage1_annotation,annotation,312326,CACCACTTCACGCATA-1-HCATisStab7659971
DeepSeekBackend,deepseek-v4-flash,deepseek,1083,283,1366,0,224,,,1786511902.3240528,1,4,success,False,3727,207,stage1_annotation,annotation,33258,P3_5_GACTGCGGTTCCGGCA
DeepSeekBackend,deepseek-v4-flash,deepseek,1082,872,1954,0,808,,,1786511902.490761,1,4,success,False,10441,263,stage1_annotation,annotation,313886,AGATTGCTCCGTAGGC-1-HCATisStab7747198
DeepSeekBackend,deepseek-v4-flash,deepseek,1083,745,1828,0,668,,,1786511902.7822971,1,4,success,False,8298,340,stage1_annotation,annotation,198593,ACTATCTGTCGTCTTC-1-HCATisStab7747197
DeepSeekBackend,deepseek-v4-flash,deepseek,1098,183,1281,0,129,,,1786511903.6195126,1,4,success,False,3432,183,stage1_annotation,annotation,159776,TAGTGGTCACACATGT_HD67
DeepSeekBackend,deepseek-v4-flash,deepseek,1079,430,1509,0,378,,,1786511903.7554426,1,4,success,False,5112,214,stage1_annotation,annotation,314177,AAGGCAGAGGACATTA_F01365
DeepSeekBackend,deepseek-v4-flash,deepseek,1077,528,1605,0,466,,,1786511904.2117922,1,4,success,False,6149,224,stage1_annotation,annotation,56375,GACACGCAGGTCATCT_HD67
DeepSeekBackend,deepseek-v4-flash,deepseek,1082,628,1710,0,540,,,1786511904.4437714,1,4,success,False,6667,416,stage1_annotation,annotation,296717,CCGTACTGTCAGAAGC-1-HCATisStab7659971
DeepSeekBackend,deepseek-v4-flash,deepseek,1086,616,1702,0,561,,,1786511904.4821932,1,4,success,False,6336,226,stage1_annotation,annotation,14264,P3_5_TTGGCAAGTTCGGCAC
DeepSeekBackend,deepseek-v4-flash,deepseek,1098,320,1418,0,317,,,1786511904.6027184,1,4,success,False,3560,9,stage1_annotation,annotation,98306,AACCGCGTCTGCTGCT_HD67
DeepSeekBackend,deepseek-v4-flash,deepseek,1099,226,1325,0,173,,,1786511905.2025266,1,4,success,False,3367,173,stage1_annotation,annotation,24837,CAGATCACATCTCCCA-SC155
DeepSeekBackend,deepseek-v4-flash,deepseek,1090,229,1319,0,226,,,1786511905.5147383,1,4,success,False,3334,9,stage1_annotation,annotation,290290,CTTCTCTGTATGAATG-SC45
DeepSeekBackend,deepseek-v4-flash,deepseek,1087,181,1268,0,130,,,1786511905.8414745,1,4,success,False,3050,196,stage1_annotation,annotation,115424,GCTGCAGAGCCCAACC_F01851
DeepSeekBackend,deepseek-v4-flash,deepseek,1096,413,1509,0,360,,,1786511906.148062,1,4,success,False,4844,207,stage1_annotation,annotation,174274,CTCGTACGTACCGTAT_SC18
DeepSeekBackend,deepseek-v4-flash,deepseek,1084,830,1914,0,749,,,1786511906.2527976,1,4,success,False,8048,322,stage1_annotation,annotation,251405,AGTGAGGAGCTGATAA-1-HCATisStab7659969
DeepSeekBackend,deepseek-v4-flash,deepseek,1076,1349,2425,0,1285,,,1786511906.3894637,1,4,success,False,12345,236,stage1_annotation,annotation,87771,CTAGTGATCCACGAAT_HD67
DeepSeekBackend,deepseek-v4-flash,deepseek,1109,285,1394,0,206,,,1786511906.4607043,1,4,success,False,3961,275,stage1_annotation,annotation,330455,AATGGCTTCATGCAGT_SC85
DeepSeekBackend,deepseek-v4-flash,deepseek,1088,340,1428,0,268,,,1786511906.5756621,1,4,success,False,4623,269,stage1_annotation,annotation,53105,TTGCCGTCAACGATCT_F02092
DeepSeekBackend,deepseek-v4-flash,deepseek,1090,634,1724,0,575,,,1786511907.0130713,1,4,success,False,6885,243,stage1_annotation,annotation,328221,CCCTCCTGTCAAACTC-SC45
DeepSeekBackend,deepseek-v4-flash,deepseek,1087,693,1780,0,606,,,1786511907.084153,1,4,success,False,7194,333,stage1_annotation,annotation,260293,GGTATTGAGAACAACT_F01607
DeepSeekBackend,deepseek-v4-flash,deepseek,1083,846,1929,0,793,,,1786511907.1051311,1,4,success,False,8627,220,stage1_annotation,annotation,185206,AGCGGTCTCGTTACAG-1-HCATisStab7747197
DeepSeekBackend,deepseek-v4-flash,deepseek,1091,238,1329,0,184,,,1786511907.8814814,1,4,success,False,3429,213,stage1_annotation,annotation,327567,GTTCATTCACCCATGG_F02524
DeepSeekBackend,deepseek-v4-flash,deepseek,1095,535,1630,0,455,,,1786511908.099087,1,4,success,False,5765,292,stage1_annotation,annotation,259798,AGTAGTCAGCCTATGT_SC20
DeepSeekBackend,deepseek-v4-flash,deepseek,1076,251,1327,0,199,,,1786511908.7183409,1,4,success,False,3507,181,stage1_annotation,annotation,236747,P2_2_AGTGGGACAAGCGAGT
DeepSeekBackend,deepseek-v4-flash,deepseek,1077,461,1538,0,376,,,1786511909.5073936,1,4,success,False,5879,364,stage1_annotation,annotation,248704,CGGAGTCGTCATGCAT-1-HCATisStab7659971
DeepSeekBackend,deepseek-v4-flash,deepseek,1087,547,1634,0,481,,,1786511909.7305713,1,4,success,False,5964,245,stage1_annotation,annotation,60899,TTCGGTCAGTGTAGAT_SC86
DeepSeekBackend,deepseek-v4-flash,deepseek,1081,547,1628,0,473,,,1786511910.6326838,1,4,success,False,6141,285,stage1_annotation,annotation,173891,CGATCGGCAATGACCT_HD68
DeepSeekBackend,deepseek-v4-flash,deepseek,1092,835,1927,0,781,,,1786511910.7278383,1,4,success,False,8480,170,stage1_annotation,annotation,272244,TAAGAGACAAGAGGCT_F02528
DeepSeekBackend,deepseek-v4-flash,deepseek,1084,873,1957,0,796,,,1786511913.3911154,1,4,success,False,8779,299,stage1_annotation,annotation,132192,P3_5_TCGAGGCCACTTACGA
DeepSeekBackend,deepseek-v4-flash,deepseek,1081,924,2005,0,847,,,1786511913.6363716,1,4,success,False,9414,292,stage1_annotation,annotation,283564,AAGAACACACACGGAA_SC86
DeepSeekBackend,deepseek-v4-flash,deepseek,1099,10000,11099,0,10000,,,1786511947.016422,1,4,success,False,95007,0,stage1_annotation,annotation,10976,P1_3_GGGCATCAGACCTTTG
DeepSeekBackend,deepseek-v4-flash,deepseek,1135,392,1527,1024,329,,,1786511951.6764095,1,4,success,False,4659,224,stage1_annotation,annotation,10976,P1_3_GGGCATCAGACCTTTG
DeepSeekBackend,deepseek-v4-flash,deepseek,1085,157,1242,0,152,,,1786511955.4392734,1,4,success,False,3675,18,stage1_annotation,annotation,180539,ATCACGAAGGACCACA_F02617
DeepSeekBackend,deepseek-v4-flash,deepseek,1078,275,1353,0,226,,,1786511955.8322155,1,4,success,False,4017,196,stage1_annotation,annotation,249276,TGTCCACAGCGCCTCA_SC141
DeepSeekBackend,deepseek-v4-flash,deepseek,1086,281,1367,0,200,,,1786511955.8432875,1,4,success,False,4089,323,stage1_annotation,annotation,275401,GCGCAGTTCACCAGGC_F02522
DeepSeekBackend,deepseek-v4-flash,deepseek,1085,258,1343,0,196,,,1786511956.3325024,1,4,success,False,4549,229,stage1_annotation,annotation,245653,AAGGAGCAGCCAGTTT-SC155
DeepSeekBackend,deepseek-v4-flash,deepseek,1085,443,1528,0,373,,,1786511956.9825635,1,4,success,False,5241,261,stage1_annotation,annotation,185883,GGAGATGGTAAGGCTG_SC86
DeepSeekBackend,deepseek-v4-flash,deepseek,1079,400,1479,0,343,,,1786511957.4397857,1,4,success,False,5647,217,stage1_annotation,annotation,221107,TAAGCGTGTCGCGGTT_SC143
DeepSeekBackend,deepseek-v4-flash,deepseek,1075,380,1455,0,375,,,1786511957.5625896,1,4,success,False,5792,18,stage1_annotation,annotation,198297,GGGACTCAGTGACCTT_SC86
DeepSeekBackend,deepseek-v4-flash,deepseek,1084,572,1656,0,511,,,1786511958.0451193,1,4,success,False,6286,229,stage1_annotation,annotation,87167,CGCTTCAGTCATATGC_F02522
DeepSeekBackend,deepseek-v4-flash,deepseek,1075,430,1505,0,364,,,1786511958.1858244,1,4,success,False,6356,270,stage1_annotation,annotation,272635,ACGTAGTAGTCCCAAT_SC86
DeepSeekBackend,deepseek-v4-flash,deepseek,1095,568,1663,0,497,,,1786511958.3270671,1,4,success,False,6550,285,stage1_annotation,annotation,92815,GCAGTTATCAGGCAAG-SC156
DeepSeekBackend,deepseek-v4-flash,deepseek,1082,790,1872,0,697,,,1786511960.4558663,1,4,success,False,8609,398,stage1_annotation,annotation,200715,P3_5_GACAGAGGTGTGAATA
DeepSeekBackend,deepseek-v4-flash,deepseek,1086,745,1831,0,671,,,1786511960.5911403,1,4,success,False,8728,288,stage1_annotation,annotation,81450,7185212_TGACTTTAGTGGACGT
DeepSeekBackend,deepseek-v4-flash,deepseek,1083,156,1239,0,92,,,1786511961.0701554,1,4,success,False,2873,209,stage1_annotation,annotation,66534,ATGTGTGAGCGTTGCC_SC20
DeepSeekBackend,deepseek-v4-flash,deepseek,1077,710,1787,0,642,,,1786511961.2475343,1,4,success,False,9427,261,stage1_annotation,annotation,308248,P2_7_GATCGATGTTAGTGGG
DeepSeekBackend,deepseek-v4-flash,deepseek,1092,896,1988,0,826,,,1786511961.2663898,1,4,success,False,9493,255,stage1_annotation,annotation,235158,TTGACTTTCAGTTAGC-SC156
DeepSeekBackend,deepseek-v4-flash,deepseek,1080,1096,2176,0,1024,,,1786511963.404063,1,4,success,False,11533,277,stage1_annotation,annotation,120455,P2_1_AACTCTTGTGACGGTA
DeepSeekBackend,deepseek-v4-flash,deepseek,1087,1100,2187,0,1011,,,1786511963.5349643,1,4,success,False,11692,333,stage1_annotation,annotation,70756,CGGCTAGAGGTGATAT_HD68
DeepSeekBackend,deepseek-v4-flash,deepseek,1082,675,1757,0,580,,,1786511964.5573816,1,4,success,False,7565,395,stage1_annotation,annotation,245218,CCTCTAGAGTGATCGG_SC144
DeepSeekBackend,deepseek-v4-flash,deepseek,1094,1083,2177,0,1078,,,1786511967.648677,1,4,success,False,12201,26,stage1_annotation,annotation,320647,CTCGGAGTCCACGTTC_F02524
DeepSeekBackend,deepseek-v4-flash,deepseek,1092,1589,2681,0,1508,,,1786511969.0114942,1,4,success,False,17173,352,stage1_annotation,annotation,216603,ACGAGGAAGGCTACGA_F02522
DeepSeekBackend,deepseek-v4-flash,deepseek,1081,1138,2219,0,1040,,,1786511969.6691608,1,4,success,False,12220,366,stage1_annotation,annotation,114970,GCCTCTATCAAGCCTA_HD67
DeepSeekBackend,deepseek-v4-flash,deepseek,1081,1350,2431,0,1268,,,1786511969.9940708,1,4,success,False,14143,357,stage1_annotation,annotation,157596,ATTATCCTCAGCTGGC-SC156
DeepSeekBackend,deepseek-v4-flash,deepseek,1092,1185,2277,0,1113,,,1786511972.4159656,1,4,success,False,11814,299,stage1_annotation,annotation,306092,TTGACTTCATCCCATC_F02522
DeepSeekBackend,deepseek-v4-flash,deepseek,1089,2142,3231,0,2058,,,1786511972.7424102,1,4,success,False,20890,310,stage1_annotation,annotation,228111,ACGCCGAAGTGAACAT_F02528
DeepSeekBackend,deepseek-v4-flash,deepseek,1078,1663,2741,0,1596,,,1786511973.2696896,1,4,success,False,17425,259,stage1_annotation,annotation,327399,CATACTTCACCTCAGG_SC144
DeepSeekBackend,deepseek-v4-flash,deepseek,1083,1860,2943,0,1764,,,1786511977.3284218,1,4,success,False,19272,347,stage1_annotation,annotation,156991,AGCATACCAAGTTCTG_F02617
DeepSeekBackend,deepseek-v4-flash,deepseek,1083,2617,3700,0,2538,,,1786511986.8564925,1,4,success,False,26389,290,stage1_annotation,annotation,59369,CTGCGGATCTGGTTCC_F01366
DeepSeekBackend,deepseek-v4-flash,deepseek,1082,3722,4804,0,3717,,,1786511988.4633322,1,4,success,False,36652,26,stage1_annotation,annotation,49926,TTTATGCCACTCAGGC_F02617
DeepSeekBackend,deepseek-v4-flash,deepseek,1085,3180,4265,0,3103,,,1786511993.6171181,1,4,success,False,32538,281,stage1_annotation,annotation,294952,GTAACTGTCCTGCAGG_F02607
DeepSeekBackend,deepseek-v4-flash,deepseek,1085,3790,4875,0,3692,,,1786511994.388485,1,4,success,False,38046,356,stage1_annotation,annotation,89079,CGTGTCTGTACGCTGC_F02617
DeepSeekBackend,deepseek-v4-flash,deepseek,1081,3894,4975,0,3889,,,1786511996.9836135,1,4,success,False,39410,26,stage1_annotation,annotation,286973,TTAGGACTCGTCCAGG_SC27
DeepSeekBackend,deepseek-v4-flash,deepseek,1087,10000,11087,0,10000,,,1786512046.8757062,1,4,success,False,95042,0,stage1_annotation,annotation,171683,CATACAGAGAATCGAT_SC143
DeepSeekBackend,deepseek-v4-flash,deepseek,1082,9999,11081,0,9999,,,1786512051.162108,1,4,success,False,92826,0,stage1_annotation,annotation,332793,P3_7_TCTCATAAGCCCGAAA
DeepSeekBackend,deepseek-v4-flash,deepseek,1118,756,1874,1024,675,,,1786512060.24147,1,4,success,False,9079,310,stage1_annotation,annotation,332793,P3_7_TCTCATAAGCCCGAAA
DeepSeekBackend,deepseek-v4-flash,deepseek,1123,10000,11123,1024,10000,,,1786512143.6549747,1,4,success,False,96778,0,stage1_annotation,annotation,171683,CATACAGAGAATCGAT_SC143
DeepSeekBackend,deepseek-v4-flash,deepseek,1123,721,1844,1024,716,,,1786512150.9267657,1,4,success,False,7271,13,stage1_annotation,annotation,171683,CATACAGAGAATCGAT_SC143
