provider,input_tokens,output_tokens,total_tokens,cached_input_tokens,reasoning_tokens,audio_input_tokens,audio_output_tokens,backend,model,recorded_at_unix,step,phase,cell_idx,cell_barcode,sample_pos,result_index
deepseek,620,266,886,0,220,,,DeepSeekBackend,deepseek-v4-flash,1783931822.048454,stage1_annotation,annotation,31310.0,TCGAGGCGTCATTAGC-1-HCATisStab7659971,,
deepseek,620,281,901,0,214,,,DeepSeekBackend,deepseek-v4-flash,1783931822.09896,stage1_annotation,annotation,261410.0,CATACTTGCCAAGT-SC14,,
deepseek,620,327,947,0,285,,,DeepSeekBackend,deepseek-v4-flash,1783931822.258434,stage1_annotation,annotation,241162.0,TAGGCATAGTCAAGGC-1-HCATisStab7587211,,
deepseek,620,316,936,0,261,,,DeepSeekBackend,deepseek-v4-flash,1783931822.5656407,stage1_annotation,annotation,324748.0,CATATGGAGGGATACC-1-HCATisStab7587202,,
deepseek,620,365,985,0,361,,,DeepSeekBackend,deepseek-v4-flash,1783931822.7963407,stage1_annotation,annotation,279232.0,CAAGAAACATCGTCGG_HD67,,
deepseek,620,361,981,0,315,,,DeepSeekBackend,deepseek-v4-flash,1783931823.3549342,stage1_annotation,annotation,256405.0,CGGAGAATCAACTACG_SC84,,
deepseek,620,380,1000,0,320,,,DeepSeekBackend,deepseek-v4-flash,1783931823.613935,stage1_annotation,annotation,173572.0,CTGAAACTCAGCACAT_HD66,,
deepseek,620,392,1012,0,389,,,DeepSeekBackend,deepseek-v4-flash,1783931823.758212,stage1_annotation,annotation,30111.0,CTCGGAGAGCCAGAAC-SC156,,
deepseek,620,421,1041,0,337,,,DeepSeekBackend,deepseek-v4-flash,1783931823.9465032,stage1_annotation,annotation,177023.0,AGATTGCAGTCAAGCG-1-HCATisStab7659969,,
deepseek,620,481,1101,0,442,,,DeepSeekBackend,deepseek-v4-flash,1783931824.2344007,stage1_annotation,annotation,220560.0,TTGTAGGAGACCCACC-1-HCATisStab7747200,,
deepseek,620,452,1072,0,449,,,DeepSeekBackend,deepseek-v4-flash,1783931824.5020835,stage1_annotation,annotation,283665.0,CAGAGAGCACTAAGTC-1-HCATisStab7659969,,
deepseek,620,522,1142,0,453,,,DeepSeekBackend,deepseek-v4-flash,1783931824.660773,stage1_annotation,annotation,68963.0,GTACTCCGTAAACCTC-1-HCATisStab7587205,,
deepseek,620,557,1177,0,485,,,DeepSeekBackend,deepseek-v4-flash,1783931825.2959797,stage1_annotation,annotation,143540.0,GGGCATCGTACCAGTT-1-HCATisStab7747200,,
deepseek,620,538,1158,0,468,,,DeepSeekBackend,deepseek-v4-flash,1783931825.3100393,stage1_annotation,annotation,245582.0,ATCACGACAGGTGGAT_HD101,,
deepseek,620,496,1116,0,441,,,DeepSeekBackend,deepseek-v4-flash,1783931825.4384902,stage1_annotation,annotation,234906.0,ACTGAACCAAAGTCAA-SC56,,
deepseek,620,624,1244,0,565,,,DeepSeekBackend,deepseek-v4-flash,1783931825.6503212,stage1_annotation,annotation,43935.0,GATTCGATCACTAGCA_SC84,,
deepseek,620,676,1296,0,602,,,DeepSeekBackend,deepseek-v4-flash,1783931826.1923945,stage1_annotation,annotation,32685.0,CCCAATCGTCGATTGT_F00409,,
deepseek,620,711,1331,0,671,,,DeepSeekBackend,deepseek-v4-flash,1783931827.0081236,stage1_annotation,annotation,254691.0,AAGTGAATCTTAGGAC_SC84,,
deepseek,623,255,878,0,250,,,DeepSeekBackend,deepseek-v4-flash,1783931828.1609735,stage1_annotation,annotation,22375.0,TAGACCAGTGGACCTC_SC84,,
deepseek,620,856,1476,0,756,,,DeepSeekBackend,deepseek-v4-flash,1783931828.3828228,stage1_annotation,annotation,149824.0,AAACGCACACCTTT-SC31D,,
deepseek,623,427,1050,0,353,,,DeepSeekBackend,deepseek-v4-flash,1783931829.3588483,stage1_annotation,annotation,251889.0,7239217_GACCTGGCACCAGATT,,
deepseek,623,388,1011,0,328,,,DeepSeekBackend,deepseek-v4-flash,1783931829.4360707,stage1_annotation,annotation,226495.0,GCCAAATGTGTTGGGA_SC24,,
deepseek,620,963,1583,0,902,,,DeepSeekBackend,deepseek-v4-flash,1783931829.5781476,stage1_annotation,annotation,144600.0,CAACCAAAGTACGTTC-1-HCATisStab7587205,,
deepseek,623,392,1015,512,328,,,DeepSeekBackend,deepseek-v4-flash,1783931830.2670724,stage1_annotation,annotation,155683.0,AAGCCGCAGACCGGAT_SC22,,
deepseek,623,343,966,512,262,,,DeepSeekBackend,deepseek-v4-flash,1783931830.7231772,stage1_annotation,annotation,148873.0,7185212_GATCGATGTGCAACGA,,
deepseek,623,232,855,512,227,,,DeepSeekBackend,deepseek-v4-flash,1783931830.8807096,stage1_annotation,annotation,49874.0,CACCGTTCAGTTTCGA_SC84,,
deepseek,623,269,892,512,206,,,DeepSeekBackend,deepseek-v4-flash,1783931831.0356133,stage1_annotation,annotation,209736.0,CACCACTGTCTTTCAT_HD66,,
deepseek,623,318,941,512,255,,,DeepSeekBackend,deepseek-v4-flash,1783931831.5991192,stage1_annotation,annotation,14825.0,AGTGGGAAGCTCTCGG-1-HCATisStab7587211,,
deepseek,623,515,1138,512,440,,,DeepSeekBackend,deepseek-v4-flash,1783931831.887494,stage1_annotation,annotation,53594.0,CCACTACGTGAGGGAG-1-HCATisStab7587202,,
deepseek,623,508,1131,512,423,,,DeepSeekBackend,deepseek-v4-flash,1783931832.1600366,stage1_annotation,annotation,233724.0,ACGGGCTTCTCCTATA_F01639,,
deepseek,623,301,924,512,296,,,DeepSeekBackend,deepseek-v4-flash,1783931832.310971,stage1_annotation,annotation,165237.0,TGCAGATAGTCATACC_SC84,,
deepseek,623,458,1081,512,382,,,DeepSeekBackend,deepseek-v4-flash,1783931832.4070795,stage1_annotation,annotation,64240.0,GAAGCAGGTTCGGGCT_F02607,,
deepseek,623,458,1081,512,410,,,DeepSeekBackend,deepseek-v4-flash,1783931833.1868224,stage1_annotation,annotation,323468.0,ACGAGGAGTGATGCCC-1-HCATisStab7747199,,
deepseek,623,408,1031,512,327,,,DeepSeekBackend,deepseek-v4-flash,1783931833.3320467,stage1_annotation,annotation,119300.0,ATGAGGGTCAGTGCAT_F01394,,
deepseek,623,501,1124,512,440,,,DeepSeekBackend,deepseek-v4-flash,1783931833.5953176,stage1_annotation,annotation,253105.0,CCGTTCACAAGTACCT-1-HCATisStab7587205,,
deepseek,623,773,1396,512,677,,,DeepSeekBackend,deepseek-v4-flash,1783931834.2581325,stage1_annotation,annotation,258696.0,CCTAGCTGTGCCTTGG_F01641,,
deepseek,623,805,1428,512,739,,,DeepSeekBackend,deepseek-v4-flash,1783931834.4104593,stage1_annotation,annotation,295943.0,ATCACAGAGTCTGTAC_SC142,,
deepseek,623,301,924,512,234,,,DeepSeekBackend,deepseek-v4-flash,1783931835.1505198,stage1_annotation,annotation,122975.0,CGTCTACTCGGAAATA-1-HCATisStab7587202,,
deepseek,623,798,1421,512,718,,,DeepSeekBackend,deepseek-v4-flash,1783931837.9315398,stage1_annotation,annotation,248160.0,7239218_GAACATCAGTACATGA,,
deepseek,623,786,1409,512,696,,,DeepSeekBackend,deepseek-v4-flash,1783931839.6703062,stage1_annotation,annotation,181106.0,7239219_AACACGTCACCTCGGA,,
deepseek,621,438,1059,0,350,,,DeepSeekBackend,deepseek-v4-flash,1783931841.8583279,stage1_annotation,annotation,97151.0,ACACCGGAGAGTTGGC-1-HCATisStab7587202,,
deepseek,621,469,1090,512,402,,,DeepSeekBackend,deepseek-v4-flash,1783931844.8347352,stage1_annotation,annotation,278690.0,AGTGTCAGTGTCCTCT-1-HCATisStab7747197,,
deepseek,621,650,1271,512,561,,,DeepSeekBackend,deepseek-v4-flash,1783931848.7776282,stage1_annotation,annotation,53617.0,ATCTACTCATTCCTCG-SC155,,
deepseek,621,867,1488,512,784,,,DeepSeekBackend,deepseek-v4-flash,1783931850.031456,stage1_annotation,annotation,299865.0,P3_7_TCTATTGAGGAGTCTG,,
deepseek,620,390,1010,0,335,,,DeepSeekBackend,deepseek-v4-flash,1783931850.608748,stage1_annotation,annotation,189979.0,AGAATAGGTGACAAAT_F00409,,
deepseek,621,732,1353,512,633,,,DeepSeekBackend,deepseek-v4-flash,1783931851.022585,stage1_annotation,annotation,146552.0,AAAGCAATCAACACTG_F02524,,
deepseek,621,653,1274,512,569,,,DeepSeekBackend,deepseek-v4-flash,1783931851.3824341,stage1_annotation,annotation,281718.0,CGAGAAGGTACCTACA-SC56,,
deepseek,620,230,850,512,170,,,DeepSeekBackend,deepseek-v4-flash,1783931851.491175,stage1_annotation,annotation,26516.0,GTACTTTAGGCTATCT-SC45,,
deepseek,621,877,1498,512,828,,,DeepSeekBackend,deepseek-v4-flash,1783931852.378707,stage1_annotation,annotation,258058.0,P2_2_TACACGAAGAGGACGG,,
deepseek,621,1046,1667,512,993,,,DeepSeekBackend,deepseek-v4-flash,1783931854.6562645,stage1_annotation,annotation,190871.0,GGACATTAGCTAAACA-SC59,,
deepseek,620,360,980,512,289,,,DeepSeekBackend,deepseek-v4-flash,1783931857.2268052,stage1_annotation,annotation,30489.0,CATTCGCTCACGACTA-1-HCATisStab7747197,,
deepseek,621,1571,2192,512,1469,,,DeepSeekBackend,deepseek-v4-flash,1783931857.461591,stage1_annotation,annotation,130497.0,CATATGGTCTAACCGA_F01513,,
deepseek,621,1370,1991,512,1282,,,DeepSeekBackend,deepseek-v4-flash,1783931857.6822839,stage1_annotation,annotation,104876.0,AAGGCAGCACGAAACG_F01853,,
deepseek,621,1418,2039,512,1344,,,DeepSeekBackend,deepseek-v4-flash,1783931857.7264068,stage1_annotation,annotation,236448.0,CGATCGGGTGTAACGG_HD101,,
deepseek,621,1686,2307,512,1610,,,DeepSeekBackend,deepseek-v4-flash,1783931857.782503,stage1_annotation,annotation,226376.0,GCGCAGTCAATGGTCT-1-HCATisStab7587202,,
deepseek,621,1295,1916,512,1224,,,DeepSeekBackend,deepseek-v4-flash,1783931858.5191517,stage1_annotation,annotation,230780.0,P3_7_GGTGAAGTCTCACATT,,
deepseek,620,297,917,512,240,,,DeepSeekBackend,deepseek-v4-flash,1783931859.422839,stage1_annotation,annotation,102901.0,GTCTTCGGTGCTAGCC-SC59,,
deepseek,620,303,923,512,262,,,DeepSeekBackend,deepseek-v4-flash,1783931859.9910092,stage1_annotation,annotation,185896.0,TTCCCAGGTGGTACAG_HD67,,
deepseek,621,1860,2481,512,1748,,,DeepSeekBackend,deepseek-v4-flash,1783931860.050581,stage1_annotation,annotation,269623.0,TCAGGATCAGTAACGG_F02526,,
deepseek,620,255,875,512,182,,,DeepSeekBackend,deepseek-v4-flash,1783931860.6913047,stage1_annotation,annotation,266306.0,CATCCACAGGTGTTAA-1-HCATisStab7747200,,
deepseek,621,1312,1933,512,1307,,,DeepSeekBackend,deepseek-v4-flash,1783931860.7265606,stage1_annotation,annotation,312865.0,CATATGGGTTAAGATG-SC56,,
deepseek,620,361,981,512,316,,,DeepSeekBackend,deepseek-v4-flash,1783931861.4384468,stage1_annotation,annotation,190067.0,CCGTGGAAGCTGTTCA-1-HCATisStab7747200,,
deepseek,620,365,985,512,361,,,DeepSeekBackend,deepseek-v4-flash,1783931861.7347941,stage1_annotation,annotation,83578.0,AACTTTCGTCCGAATT-1-HCATisStab7659970,,
deepseek,620,397,1017,512,337,,,DeepSeekBackend,deepseek-v4-flash,1783931862.2744393,stage1_annotation,annotation,193287.0,P1_4_TCTCTAACAGATCCAT,,
deepseek,621,1694,2315,512,1690,,,DeepSeekBackend,deepseek-v4-flash,1783931862.830241,stage1_annotation,annotation,278666.0,GCTCCTACAATCCGAT-1-HCATisStab7587202,,
deepseek,621,1934,2555,512,1883,,,DeepSeekBackend,deepseek-v4-flash,1783931864.887374,stage1_annotation,annotation,80299.0,ATCATCTGTAGCGCTC-SC56,,
deepseek,624,485,1109,0,424,,,DeepSeekBackend,deepseek-v4-flash,1783931866.5010493,stage1_annotation,annotation,34365.0,AACTCTTAGGCACATG_HD67,,
deepseek,624,433,1057,512,382,,,DeepSeekBackend,deepseek-v4-flash,1783931867.197505,stage1_annotation,annotation,129469.0,AGAGCGAAGGCGACAT-1-HCATisStab7587202,,
deepseek,620,312,932,512,273,,,DeepSeekBackend,deepseek-v4-flash,1783931867.5150707,stage1_annotation,annotation,202200.0,P1_4_GGCGACTTCTGTTGAG,,
deepseek,620,711,1331,512,636,,,DeepSeekBackend,deepseek-v4-flash,1783931868.066793,stage1_annotation,annotation,38365.0,GCTTGAAGTTGTGGCC-1-HCATisStab7747197,,
deepseek,620,395,1015,512,357,,,DeepSeekBackend,deepseek-v4-flash,1783931868.3325794,stage1_annotation,annotation,257110.0,TTGGCAAAGCTCAACT_HD101,,
deepseek,624,586,1210,512,518,,,DeepSeekBackend,deepseek-v4-flash,1783931869.0561619,stage1_annotation,annotation,44331.0,ACATGGTCAATCAGAA_HD67,,
deepseek,620,422,1042,512,362,,,DeepSeekBackend,deepseek-v4-flash,1783931869.3168132,stage1_annotation,annotation,219818.0,CGTGTCTAGACGCTTT-1-HCATisStab7747197,,
deepseek,624,558,1182,512,493,,,DeepSeekBackend,deepseek-v4-flash,1783931869.4877987,stage1_annotation,annotation,6146.0,P3_7_AAGGTTCAGATGTGTA,,
deepseek,620,302,922,512,246,,,DeepSeekBackend,deepseek-v4-flash,1783931869.5447161,stage1_annotation,annotation,285939.0,GTCGTAAGTAGAAGGA-1-HCATisStab7587211,,
deepseek,620,355,975,512,297,,,DeepSeekBackend,deepseek-v4-flash,1783931869.5631108,stage1_annotation,annotation,187875.0,CGACCTTAGCGATGAC-1-HCATisStab7747197,,
deepseek,620,514,1134,512,462,,,DeepSeekBackend,deepseek-v4-flash,1783931870.0281174,stage1_annotation,annotation,213366.0,AACGTTGGTTAAGACA-1-HCATisStab7587208,,
deepseek,620,380,1000,512,318,,,DeepSeekBackend,deepseek-v4-flash,1783931870.4349015,stage1_annotation,annotation,157417.0,CAGCAGCAGGATGTAT-1-HCATisStab7747198,,
deepseek,621,2145,2766,512,2060,,,DeepSeekBackend,deepseek-v4-flash,1783931870.740118,stage1_annotation,annotation,146015.0,CTGTTTAGTAAACGCG_HD67,,
deepseek,620,377,997,512,323,,,DeepSeekBackend,deepseek-v4-flash,1783931870.906421,stage1_annotation,annotation,46842.0,P3_7_GAAATGACACACATGT,,
deepseek,620,649,1269,512,594,,,DeepSeekBackend,deepseek-v4-flash,1783931871.4846163,stage1_annotation,annotation,224703.0,CACCTTGTCCAGAGGA-1-HCATisStab7747200,,
deepseek,620,497,1117,512,456,,,DeepSeekBackend,deepseek-v4-flash,1783931871.6121135,stage1_annotation,annotation,147333.0,GCTCCTAGTCTTGCGG_F00409,,
deepseek,624,847,1471,512,800,,,DeepSeekBackend,deepseek-v4-flash,1783931873.0058851,stage1_annotation,annotation,240932.0,CCAGCGATCCATGAAC_HD67,,
deepseek,621,2592,3213,512,2584,,,DeepSeekBackend,deepseek-v4-flash,1783931873.0161781,stage1_annotation,annotation,213014.0,ATTCTACAGACTTTCG-1-HCATisStab7747200,,
deepseek,624,428,1052,512,376,,,DeepSeekBackend,deepseek-v4-flash,1783931873.0383444,stage1_annotation,annotation,236244.0,CGTCAGGGTACCGTAT_F01639,,
deepseek,621,3334,3955,0,3288,,,DeepSeekBackend,deepseek-v4-flash,1783931873.2439377,stage1_annotation,annotation,31748.0,AGCGTATTCGCTTAGA-1-HCATisStab7747197,,
deepseek,624,748,1372,512,686,,,DeepSeekBackend,deepseek-v4-flash,1783931873.9269278,stage1_annotation,annotation,101653.0,GATCGATCACAGACAG_HD67,,
deepseek,624,620,1244,512,550,,,DeepSeekBackend,deepseek-v4-flash,1783931874.0426903,stage1_annotation,annotation,152769.0,GTTAAGCAGACTAGGC_HD67,,
deepseek,624,617,1241,512,557,,,DeepSeekBackend,deepseek-v4-flash,1783931874.5328224,stage1_annotation,annotation,107821.0,TCGCGAGTCTCTGAGA_HD67,,
deepseek,624,539,1163,512,476,,,DeepSeekBackend,deepseek-v4-flash,1783931874.5590453,stage1_annotation,annotation,317903.0,CTAACTTAGGATGGTC_HD67,,
deepseek,624,542,1166,512,486,,,DeepSeekBackend,deepseek-v4-flash,1783931875.3963282,stage1_annotation,annotation,209792.0,CCGGTAGCATGGGAAC_F02526,,
deepseek,625,314,939,0,253,,,DeepSeekBackend,deepseek-v4-flash,1783931876.0203438,stage1_annotation,annotation,98762.0,ACTTGTTTCTGTTTGT_F02092,,
deepseek,624,541,1165,512,478,,,DeepSeekBackend,deepseek-v4-flash,1783931876.0295048,stage1_annotation,annotation,268176.0,TGGCCAGCATAGAAAC_SC22,,
deepseek,625,372,997,0,320,,,DeepSeekBackend,deepseek-v4-flash,1783931876.0341763,stage1_annotation,annotation,227365.0,GATGCTATCCTTAATC_F01853,,
deepseek,624,470,1094,512,423,,,DeepSeekBackend,deepseek-v4-flash,1783931876.2228913,stage1_annotation,annotation,265035.0,TCTTTCCAGCTCCTCT_HD67,,
deepseek,624,614,1238,512,511,,,DeepSeekBackend,deepseek-v4-flash,1783931876.4623806,stage1_annotation,annotation,156910.0,GCACATATCCCTCTTT_HD67,,
deepseek,624,629,1253,512,561,,,DeepSeekBackend,deepseek-v4-flash,1783931877.4239774,stage1_annotation,annotation,26379.0,GGGAGATTCTTACCGC_HD67,,
deepseek,624,658,1282,512,585,,,DeepSeekBackend,deepseek-v4-flash,1783931877.527371,stage1_annotation,annotation,130201.0,CGCTTCAGTACATGTC_F01365,,
deepseek,624,548,1172,512,475,,,DeepSeekBackend,deepseek-v4-flash,1783931877.6015918,stage1_annotation,annotation,28858.0,TCTGAGATCTCATTCA_HD67,,
deepseek,624,805,1429,512,728,,,DeepSeekBackend,deepseek-v4-flash,1783931879.7773275,stage1_annotation,annotation,257974.0,CCACGGAGTGGTGTAG_F01403,,
deepseek,624,1097,1721,512,1033,,,DeepSeekBackend,deepseek-v4-flash,1783931881.840964,stage1_annotation,annotation,134133.0,TGCCCTACAGTTAACC_F01365,,
deepseek,618,472,1090,512,415,,,DeepSeekBackend,deepseek-v4-flash,1783931883.8073502,stage1_annotation,annotation,41833.0,TATTGGGTCGCAAGAG_SC143,,
deepseek,618,297,915,512,246,,,DeepSeekBackend,deepseek-v4-flash,1783931883.900738,stage1_annotation,annotation,167647.0,GATTGGTGTCGCAACC_SC143,,
deepseek,618,651,1269,0,600,,,DeepSeekBackend,deepseek-v4-flash,1783931884.0185857,stage1_annotation,annotation,264666.0,CTCATTAGTCGCATAT_F02607,,
deepseek,618,521,1139,512,481,,,DeepSeekBackend,deepseek-v4-flash,1783931884.158753,stage1_annotation,annotation,261626.0,TGACTCCCATCCCACT_SC86,,
deepseek,618,498,1116,512,436,,,DeepSeekBackend,deepseek-v4-flash,1783931884.7597823,stage1_annotation,annotation,27916.0,GGGACAAGTCGCTGCA_SC143,,
deepseek,618,702,1320,0,648,,,DeepSeekBackend,deepseek-v4-flash,1783931885.1265914,stage1_annotation,annotation,234487.0,ACGATGTCAGACAAAT-1-HCATisStab7659970,,
deepseek,618,394,1012,512,333,,,DeepSeekBackend,deepseek-v4-flash,1783931885.363396,stage1_annotation,annotation,124310.0,TGGCCAGAGCCTTGAT_F02613,,
deepseek,618,696,1314,0,645,,,DeepSeekBackend,deepseek-v4-flash,1783931885.650873,stage1_annotation,annotation,240436.0,GGCGTGTGTAGCGTCC-1-HCATisStab7659971,,
deepseek,618,454,1072,512,392,,,DeepSeekBackend,deepseek-v4-flash,1783931886.2588475,stage1_annotation,annotation,256804.0,GGGTTTACAATTCTTC_SC143,,
deepseek,618,585,1203,512,532,,,DeepSeekBackend,deepseek-v4-flash,1783931886.3036962,stage1_annotation,annotation,91964.0,CACACTCCAGTCTTCC-1-HCATisStab7659969,,
deepseek,618,592,1210,512,505,,,DeepSeekBackend,deepseek-v4-flash,1783931887.2586231,stage1_annotation,annotation,95212.0,CAAGTTGTCACATACG_F01851,,
deepseek,618,1112,1730,0,1044,,,DeepSeekBackend,deepseek-v4-flash,1783931888.3864481,stage1_annotation,annotation,91082.0,AGAAGCGGTCTCGGAC_SC143,,
deepseek,618,617,1235,512,545,,,DeepSeekBackend,deepseek-v4-flash,1783931888.4919376,stage1_annotation,annotation,323068.0,7239217_CTCCTAGCATGGATGG,,
deepseek,618,839,1457,512,785,,,DeepSeekBackend,deepseek-v4-flash,1783931888.6756208,stage1_annotation,annotation,302332.0,TTAACTCCAAGGTTTC-1-HCATisStab7587211,,
deepseek,624,1732,2356,512,1687,,,DeepSeekBackend,deepseek-v4-flash,1783931889.5317173,stage1_annotation,annotation,173585.0,CGATGTAGTTGTCTTT_HD67,,
deepseek,618,912,1530,512,851,,,DeepSeekBackend,deepseek-v4-flash,1783931890.379597,stage1_annotation,annotation,320631.0,CATCAAGTCCTCAGAA_SC143,,
deepseek,618,742,1360,512,670,,,DeepSeekBackend,deepseek-v4-flash,1783931890.918818,stage1_annotation,annotation,152645.0,ACGTTCCAGTCAGGGT_SC143,,
deepseek,618,911,1529,512,835,,,DeepSeekBackend,deepseek-v4-flash,1783931891.0461302,stage1_annotation,annotation,247822.0,GTACTCCGTGGTCTCG-1-HCATisStab7747200,,
deepseek,618,756,1374,512,701,,,DeepSeekBackend,deepseek-v4-flash,1783931892.4279158,stage1_annotation,annotation,93057.0,TGACGGCAGGCTACGA_F01851,,
deepseek,618,1134,1752,512,1054,,,DeepSeekBackend,deepseek-v4-flash,1783931894.1761363,stage1_annotation,annotation,155315.0,CGTGTCTTCGCTCCTA_SC143,,
deepseek,618,1082,1700,512,1002,,,DeepSeekBackend,deepseek-v4-flash,1783931899.7960277,stage1_annotation,annotation,115850.0,AGAGAATCATGACAAA_SC86,,
deepseek,626,375,1001,0,311,,,DeepSeekBackend,deepseek-v4-flash,1783931962.8454874,stage1_annotation,annotation,194358.0,GAACGGATCACTCCTG_F01394,,
deepseek,626,391,1017,512,330,,,DeepSeekBackend,deepseek-v4-flash,1783931979.7047775,stage1_annotation,annotation,59952.0,TACAGGTAGTACTGTC_SC144,,
deepseek,626,389,1015,512,304,,,DeepSeekBackend,deepseek-v4-flash,1783931982.810806,stage1_annotation,annotation,209271.0,TCAACGACACTGAAGG_F01394,,
deepseek,616,580,1196,0,530,,,DeepSeekBackend,deepseek-v4-flash,1783931982.8213503,stage1_annotation,annotation,146848.0,GTAACGTGTACCGGCT_SC27,,
deepseek,626,473,1099,512,381,,,DeepSeekBackend,deepseek-v4-flash,1783932023.175843,stage1_annotation,annotation,252112.0,TCACACCTCGGACTGC_SC144,,
deepseek,616,591,1207,512,543,,,DeepSeekBackend,deepseek-v4-flash,1783932024.708595,stage1_annotation,annotation,180818.0,TTCTCCTAGCCCAGCT_HD68,,
deepseek,626,352,978,512,282,,,DeepSeekBackend,deepseek-v4-flash,1783932025.9556231,stage1_annotation,annotation,220622.0,CCACTACAGGTGTTAA_F02611,,
deepseek,616,693,1309,512,639,,,DeepSeekBackend,deepseek-v4-flash,1783932029.452836,stage1_annotation,annotation,162601.0,AAACGCTTCAGCTAGT_SC86,,
deepseek,616,679,1295,512,619,,,DeepSeekBackend,deepseek-v4-flash,1783932029.7492938,stage1_annotation,annotation,318938.0,CAATGACAGCTGAAAT_SC86,,
deepseek,626,276,902,512,219,,,DeepSeekBackend,deepseek-v4-flash,1783932076.5584419,stage1_annotation,annotation,219832.0,GTGCGTGAGAAGTCTA_SC144,,
deepseek,616,1015,1631,512,957,,,DeepSeekBackend,deepseek-v4-flash,1783932078.4901145,stage1_annotation,annotation,21995.0,TAGTTGGGTGTATGGG-1-HCATisStab7747198,,
deepseek,616,689,1305,512,627,,,DeepSeekBackend,deepseek-v4-flash,1783932079.7489538,stage1_annotation,annotation,111713.0,P3_5_CGGGTCAAGGATGTAT,,
deepseek,616,642,1258,512,564,,,DeepSeekBackend,deepseek-v4-flash,1783932079.754325,stage1_annotation,annotation,191326.0,ATCATCTTCACTCTTA-1-HCATisStab7659971,,
deepseek,626,262,888,512,183,,,DeepSeekBackend,deepseek-v4-flash,1783932080.8143408,stage1_annotation,annotation,216288.0,GGAATAAGTAGGCTGA_SC27,,
deepseek,626,468,1094,512,390,,,DeepSeekBackend,deepseek-v4-flash,1783932082.1321099,stage1_annotation,annotation,48336.0,AGGTCATGGAATCC-SC31,,
deepseek,626,484,1110,512,405,,,DeepSeekBackend,deepseek-v4-flash,1783932084.331109,stage1_annotation,annotation,109670.0,GGGCACTCAATCAGAA_F01394,,
deepseek,626,429,1055,512,337,,,DeepSeekBackend,deepseek-v4-flash,1783932085.0217056,stage1_annotation,annotation,62964.0,CGAGCACCATCTCCCA_SC29,,
deepseek,626,378,1004,512,317,,,DeepSeekBackend,deepseek-v4-flash,1783932085.0534804,stage1_annotation,annotation,31798.0,TAAACCGGTCCTCTTG_SC18,,
deepseek,616,953,1569,512,887,,,DeepSeekBackend,deepseek-v4-flash,1783932085.4261312,stage1_annotation,annotation,164575.0,CTCATTATCCCGGATG-1-HCATisStab7747198,,
deepseek,616,1145,1761,512,1080,,,DeepSeekBackend,deepseek-v4-flash,1783932085.4527617,stage1_annotation,annotation,258539.0,GACCCTTCAAGACTGG_SC86,,
deepseek,626,407,1033,512,329,,,DeepSeekBackend,deepseek-v4-flash,1783932085.4593155,stage1_annotation,annotation,138463.0,CATCGCTAGATAGTCA_SC144,,
deepseek,616,323,939,512,255,,,DeepSeekBackend,deepseek-v4-flash,1783932085.4957712,stage1_annotation,annotation,157895.0,CGAATGTTCTGGCGAC_SC24,,
deepseek,616,611,1227,512,551,,,DeepSeekBackend,deepseek-v4-flash,1783932086.2760048,stage1_annotation,annotation,155245.0,AAGTACCCAAACTCGT_SC86,,
deepseek,616,422,1038,512,350,,,DeepSeekBackend,deepseek-v4-flash,1783932086.616712,stage1_annotation,annotation,268869.0,P3_5_CAGCCGAAGCAATCTC,,
deepseek,626,248,874,512,150,,,DeepSeekBackend,deepseek-v4-flash,1783932088.907024,stage1_annotation,annotation,261871.0,CGGACGTAGCTGGAAC_F01394,,
deepseek,626,260,886,512,175,,,DeepSeekBackend,deepseek-v4-flash,1783932088.966156,stage1_annotation,annotation,46887.0,ACCCAAACAGTCAACT_SC144,,
deepseek,626,311,937,512,240,,,DeepSeekBackend,deepseek-v4-flash,1783932089.1835308,stage1_annotation,annotation,208717.0,GTATTTCAGTCGGCAA_SC144,,
deepseek,626,307,933,512,255,,,DeepSeekBackend,deepseek-v4-flash,1783932089.6005812,stage1_annotation,annotation,14080.0,AATGACCGTATGGAAT_SC144,,
deepseek,626,374,1000,512,301,,,DeepSeekBackend,deepseek-v4-flash,1783932089.8129373,stage1_annotation,annotation,164369.0,ATCATTCGTCCTGAAT_SC84,,
deepseek,626,374,1000,512,305,,,DeepSeekBackend,deepseek-v4-flash,1783932089.8285284,stage1_annotation,annotation,28278.0,CACATTTGTGCAACTT_SC07,,
deepseek,628,256,884,0,202,,,DeepSeekBackend,deepseek-v4-flash,1783932090.0856118,stage1_annotation,annotation,267836.0,CTAATGGGTTAGAACA-SC155,,
deepseek,628,352,980,0,300,,,DeepSeekBackend,deepseek-v4-flash,1783932090.1162708,stage1_annotation,annotation,288746.0,TATCTCATCGGCTACG_HD101,,
deepseek,626,404,1030,512,321,,,DeepSeekBackend,deepseek-v4-flash,1783932090.6336055,stage1_annotation,annotation,143858.0,GTGTTAGGTACGTACT_SC144,,
deepseek,626,497,1123,512,429,,,DeepSeekBackend,deepseek-v4-flash,1783932091.431742,stage1_annotation,annotation,102774.0,AATCGGTGTTACCAGT_F01394,,
deepseek,628,475,1103,0,403,,,DeepSeekBackend,deepseek-v4-flash,1783932091.4577231,stage1_annotation,annotation,86448.0,CTGAAACGTAGAGTGC_F02607,,
deepseek,628,230,858,512,176,,,DeepSeekBackend,deepseek-v4-flash,1783932092.0810397,stage1_annotation,annotation,93330.0,ATGCGATGTTCACGGC_F02607,,
deepseek,616,462,1078,512,406,,,DeepSeekBackend,deepseek-v4-flash,1783932092.2610931,stage1_annotation,annotation,29054.0,GTTAGACGTTGGCTAT_SC86,,
deepseek,616,501,1117,512,433,,,DeepSeekBackend,deepseek-v4-flash,1783932092.4523156,stage1_annotation,annotation,89461.0,P3_5_GGTGTTACATGCCACG,,
deepseek,628,489,1117,512,412,,,DeepSeekBackend,deepseek-v4-flash,1783932092.627844,stage1_annotation,annotation,12854.0,P2_1_TTAGGCACAGTTTACG,,
deepseek,616,681,1297,512,616,,,DeepSeekBackend,deepseek-v4-flash,1783932093.2227838,stage1_annotation,annotation,55369.0,CACACTCAGTCGATAA_F02522,,
deepseek,628,263,891,512,199,,,DeepSeekBackend,deepseek-v4-flash,1783932093.343339,stage1_annotation,annotation,284996.0,AGAGCGAAGGAGTCTG_F02528,,
deepseek,628,288,916,512,233,,,DeepSeekBackend,deepseek-v4-flash,1783932093.643429,stage1_annotation,annotation,43207.0,TCTGGAAAGGGTGTGT_F02526,,
deepseek,628,343,971,512,269,,,DeepSeekBackend,deepseek-v4-flash,1783932093.669508,stage1_annotation,annotation,78406.0,CTCGTACAGCCGCCTA_F02526,,
deepseek,628,412,1040,512,344,,,DeepSeekBackend,deepseek-v4-flash,1783932093.6868849,stage1_annotation,annotation,73069.0,TACTTACCAACGCACC_F02524,,
deepseek,628,314,942,512,250,,,DeepSeekBackend,deepseek-v4-flash,1783932093.7576776,stage1_annotation,annotation,205096.0,AGAGCTTTCAACACTG_F01394,,
deepseek,616,577,1193,512,518,,,DeepSeekBackend,deepseek-v4-flash,1783932093.8435526,stage1_annotation,annotation,222942.0,TACTGCCTCCAACTGA_SC86,,
deepseek,628,347,975,512,294,,,DeepSeekBackend,deepseek-v4-flash,1783932093.86785,stage1_annotation,annotation,325621.0,CTTAGGACACGCGAAA_F02607,,
deepseek,628,286,914,512,216,,,DeepSeekBackend,deepseek-v4-flash,1783932094.06848,stage1_annotation,annotation,115187.0,AAACGGGTCGGCCGAT_F02526,,
deepseek,616,674,1290,512,619,,,DeepSeekBackend,deepseek-v4-flash,1783932094.454442,stage1_annotation,annotation,160613.0,CCGTACTCACTTCGAA_F02607,,
deepseek,628,462,1090,512,387,,,DeepSeekBackend,deepseek-v4-flash,1783932094.5943918,stage1_annotation,annotation,191354.0,ACCCACTTCTCTAGGA_HD101,,
deepseek,628,284,912,512,205,,,DeepSeekBackend,deepseek-v4-flash,1783932094.7203386,stage1_annotation,annotation,194226.0,GCAATCAGTGGAAAGA_F02528,,
deepseek,616,1198,1814,512,1116,,,DeepSeekBackend,deepseek-v4-flash,1783932094.7270412,stage1_annotation,annotation,182026.0,CACAGTATCTTCCTTC-1-HCATisStab7747199,,
deepseek,628,260,888,512,205,,,DeepSeekBackend,deepseek-v4-flash,1783932095.8648212,stage1_annotation,annotation,129296.0,ATTGGACAGGGCATGT-SC45,,
deepseek,628,324,952,512,259,,,DeepSeekBackend,deepseek-v4-flash,1783932096.1628451,stage1_annotation,annotation,309026.0,ACGCCAGAGCTAGCCC_F01853,,
deepseek,628,364,992,512,289,,,DeepSeekBackend,deepseek-v4-flash,1783932096.1962137,stage1_annotation,annotation,268644.0,TTGGCAACAATCAGAA_HD66,,
deepseek,628,312,940,512,235,,,DeepSeekBackend,deepseek-v4-flash,1783932096.2533545,stage1_annotation,annotation,241743.0,CTGAAGTAGTTAGGTA_F01394,,
deepseek,628,308,936,512,249,,,DeepSeekBackend,deepseek-v4-flash,1783932096.9810386,stage1_annotation,annotation,271139.0,TGTATTCCATCACAAC_F01639,,
deepseek,616,999,1615,512,929,,,DeepSeekBackend,deepseek-v4-flash,1783932097.3361082,stage1_annotation,annotation,92302.0,P3_5_CAGAGAGCATAGGATA,,
deepseek,616,924,1540,512,871,,,DeepSeekBackend,deepseek-v4-flash,1783932097.8029492,stage1_annotation,annotation,312372.0,P3_5_GCCTCTAAGTAATCCC,,
deepseek,619,369,988,0,306,,,DeepSeekBackend,deepseek-v4-flash,1783932097.9126408,stage1_annotation,annotation,274883.0,TAGGCATCATCGGGTC_HD66,,
deepseek,628,622,1250,512,565,,,DeepSeekBackend,deepseek-v4-flash,1783932098.1334932,stage1_annotation,annotation,52140.0,CATCGGGCATATACGC_HD66,,
deepseek,619,379,998,0,325,,,DeepSeekBackend,deepseek-v4-flash,1783932098.1466022,stage1_annotation,annotation,70832.0,CACGAATAGGTTGGAC_SC143,,
deepseek,619,591,1210,0,521,,,DeepSeekBackend,deepseek-v4-flash,1783932099.5310106,stage1_annotation,annotation,107052.0,GCGAGAATCAAGATCC_F01639,,
deepseek,619,462,1081,512,393,,,DeepSeekBackend,deepseek-v4-flash,1783932099.602098,stage1_annotation,annotation,206886.0,TGTTCCGTCCTTAATC-1-HCATisStab7747197,,
deepseek,619,505,1124,512,428,,,DeepSeekBackend,deepseek-v4-flash,1783932100.673377,stage1_annotation,annotation,9674.0,TTGGGATGTCGTCTCT_SC86,,
deepseek,619,380,999,512,324,,,DeepSeekBackend,deepseek-v4-flash,1783932101.034115,stage1_annotation,annotation,156689.0,CCTCCTCGTCTGTGTA_SC143,,
deepseek,619,714,1333,0,638,,,DeepSeekBackend,deepseek-v4-flash,1783932101.6068406,stage1_annotation,annotation,147496.0,CATGACAGTAATAGCA_F02617,,
deepseek,619,828,1447,0,749,,,DeepSeekBackend,deepseek-v4-flash,1783932102.147086,stage1_annotation,annotation,136047.0,P3_5_GGGCACTGTGATAAAC,,
deepseek,619,858,1477,0,779,,,DeepSeekBackend,deepseek-v4-flash,1783932102.3377273,stage1_annotation,annotation,279166.0,CAACTAGCATAGTAAG_HD66,,
deepseek,619,608,1227,512,532,,,DeepSeekBackend,deepseek-v4-flash,1783932102.5475075,stage1_annotation,annotation,54927.0,GAATCACCACACCGCA_SC143,,
deepseek,619,815,1434,512,759,,,DeepSeekBackend,deepseek-v4-flash,1783932102.6505675,stage1_annotation,annotation,309407.0,TTGTAGGAGTTGAGAT_F02524,,
deepseek,619,715,1334,512,643,,,DeepSeekBackend,deepseek-v4-flash,1783932103.8230803,stage1_annotation,annotation,135409.0,P3_5_CTGTGCTAGTCCTCCT,,
deepseek,619,978,1597,0,893,,,DeepSeekBackend,deepseek-v4-flash,1783932104.199522,stage1_annotation,annotation,100747.0,CTTAACTAGCTGCGAA-1-HCATisStab7747197,,
deepseek,619,594,1213,512,521,,,DeepSeekBackend,deepseek-v4-flash,1783932104.2437918,stage1_annotation,annotation,261580.0,TGGCTGGGTTTACTCT_F02524,,
deepseek,626,516,1142,0,428,,,DeepSeekBackend,deepseek-v4-flash,1783932104.394469,stage1_annotation,annotation,272006.0,GTTTCTAGTTCCCTTG_F02607,,
deepseek,619,925,1544,512,879,,,DeepSeekBackend,deepseek-v4-flash,1783932105.5310977,stage1_annotation,annotation,35933.0,AACCATGGTCGAGATG_F02607,,
deepseek,619,1107,1726,0,1038,,,DeepSeekBackend,deepseek-v4-flash,1783932105.5592706,stage1_annotation,annotation,227032.0,AAGTCGTGTCAAGCGA_SC86,,
deepseek,619,1149,1768,512,1079,,,DeepSeekBackend,deepseek-v4-flash,1783932106.0843396,stage1_annotation,annotation,282297.0,ACTGCTCAGGATGGTC-1-HCATisStab7747197,,
deepseek,626,805,1431,0,748,,,DeepSeekBackend,deepseek-v4-flash,1783932106.896371,stage1_annotation,annotation,280104.0,AACCATGAGATGCGAC_F02522,,
deepseek,626,656,1282,512,588,,,DeepSeekBackend,deepseek-v4-flash,1783932107.1903048,stage1_annotation,annotation,320062.0,AAAGATGGTAAATGTG_HD66,,
deepseek,619,1056,1675,512,998,,,DeepSeekBackend,deepseek-v4-flash,1783932107.2007444,stage1_annotation,annotation,44446.0,ATCCATTAGCAGAAAG_SC86,,
deepseek,619,1257,1876,512,1180,,,DeepSeekBackend,deepseek-v4-flash,1783932110.534504,stage1_annotation,annotation,294897.0,ACGGCCAGTAGCGTCC_F02607,,
deepseek,619,1806,2425,512,1718,,,DeepSeekBackend,deepseek-v4-flash,1783932115.526217,stage1_annotation,annotation,240371.0,CAGGTGCGTGTTAAGA_F02524,,
deepseek,620,624,1244,512,619,,,DeepSeekBackend,deepseek-v4-flash,1783932116.8941503,stage1_annotation,annotation,4820.0,TCGCGTTTCTGTACGA-SC59,,
deepseek,620,412,1032,512,326,,,DeepSeekBackend,deepseek-v4-flash,1783932117.058,stage1_annotation,annotation,47514.0,P1_2_TCAATCTGTAAGTGTA,,
deepseek,620,526,1146,512,453,,,DeepSeekBackend,deepseek-v4-flash,1783932117.0698876,stage1_annotation,annotation,104655.0,P3_6_CTCACACTCCGCTGTT,,
deepseek,620,518,1138,512,463,,,DeepSeekBackend,deepseek-v4-flash,1783932118.685937,stage1_annotation,annotation,101319.0,CACATAGGTAGGCTGA_F02607,,
deepseek,620,463,1083,512,402,,,DeepSeekBackend,deepseek-v4-flash,1783932118.842186,stage1_annotation,annotation,14718.0,CTAAGACGTTAGAACA_F02617,,
deepseek,620,422,1042,512,367,,,DeepSeekBackend,deepseek-v4-flash,1783932119.9988427,stage1_annotation,annotation,311851.0,GTGTGCGTCCACGTTC_HD70,,
deepseek,620,835,1455,512,752,,,DeepSeekBackend,deepseek-v4-flash,1783932120.372874,stage1_annotation,annotation,332475.0,P2_5_TCATTTGAGTGTCCAT,,
deepseek,620,306,926,512,248,,,DeepSeekBackend,deepseek-v4-flash,1783932120.5465906,stage1_annotation,annotation,142454.0,P2_5_AGTGAGGTCGGTTAAC,,
deepseek,620,517,1137,512,441,,,DeepSeekBackend,deepseek-v4-flash,1783932120.7503452,stage1_annotation,annotation,43389.0,P2_2_AATCCAGAGGGCTTCC,,
deepseek,620,318,938,512,251,,,DeepSeekBackend,deepseek-v4-flash,1783932120.9744399,stage1_annotation,annotation,57589.0,P1_2_CGTCAGGTCTTAGAGC,,
deepseek,620,732,1352,512,727,,,DeepSeekBackend,deepseek-v4-flash,1783932121.274039,stage1_annotation,annotation,165482.0,AGTGGGAAGCCTCGTG_F02607,,
deepseek,620,513,1133,512,430,,,DeepSeekBackend,deepseek-v4-flash,1783932122.0502965,stage1_annotation,annotation,324110.0,TAGGCATAGGATGCGT_HD68,,
deepseek,620,479,1099,512,405,,,DeepSeekBackend,deepseek-v4-flash,1783932122.575006,stage1_annotation,annotation,164807.0,P1_3_CATCGGGCAGACGCTC,,
deepseek,620,711,1331,512,664,,,DeepSeekBackend,deepseek-v4-flash,1783932123.150494,stage1_annotation,annotation,6075.0,P2_2_TGCTACCGTTGAGGTG,,
deepseek,620,350,970,512,307,,,DeepSeekBackend,deepseek-v4-flash,1783932123.9776087,stage1_annotation,annotation,91722.0,GTGTGCGCAAGACACG_F02607,,
deepseek,620,658,1278,512,579,,,DeepSeekBackend,deepseek-v4-flash,1783932124.7950752,stage1_annotation,annotation,258763.0,GGCTCGACAGGCGATA_F01853,,
deepseek,620,954,1574,512,881,,,DeepSeekBackend,deepseek-v4-flash,1783932124.901862,stage1_annotation,annotation,91327.0,TTCTCCTCATTATCTC_HD68,,
deepseek,627,417,1044,0,351,,,DeepSeekBackend,deepseek-v4-flash,1783932128.0399675,stage1_annotation,annotation,308929.0,CGACTTCCATGGTCAT_SC27,,
deepseek,627,252,879,512,191,,,DeepSeekBackend,deepseek-v4-flash,1783932129.4388957,stage1_annotation,annotation,26810.0,TAGTTGGCAACAACCT_HD67,,
deepseek,627,602,1229,0,549,,,DeepSeekBackend,deepseek-v4-flash,1783932129.8890116,stage1_annotation,annotation,8536.0,P2_2_TCGGGACAGTATTGGA,,
deepseek,627,363,990,512,298,,,DeepSeekBackend,deepseek-v4-flash,1783932130.2133245,stage1_annotation,annotation,43502.0,GGTGAAGGTCGTCTTC-1-HCATisStab7587208,,
deepseek,627,683,1310,0,643,,,DeepSeekBackend,deepseek-v4-flash,1783932131.029169,stage1_annotation,annotation,100403.0,CTCTACGGTACCGTTA_SC27,,
deepseek,620,1376,1996,512,1306,,,DeepSeekBackend,deepseek-v4-flash,1783932131.2673874,stage1_annotation,annotation,74957.0,P2_7_GCGAGAACACACTGCG,,
deepseek,627,259,886,512,214,,,DeepSeekBackend,deepseek-v4-flash,1783932131.6426978,stage1_annotation,annotation,319471.0,AATCCAGGTTCCATGA_F02992,,
deepseek,620,688,1308,512,595,,,DeepSeekBackend,deepseek-v4-flash,1783932131.7538736,stage1_annotation,annotation,224942.0,P2_1_TCCCGATTCTGTCCGT,,
deepseek,627,257,884,512,186,,,DeepSeekBackend,deepseek-v4-flash,1783932131.8716905,stage1_annotation,annotation,132132.0,CGCAGGTTCGCGTGAC_SC142,,
deepseek,627,317,944,512,269,,,DeepSeekBackend,deepseek-v4-flash,1783932131.950493,stage1_annotation,annotation,163056.0,CATGCCTTCAACCAAC_SC27,,
deepseek,627,293,920,512,223,,,DeepSeekBackend,deepseek-v4-flash,1783932132.0679672,stage1_annotation,annotation,40727.0,CATGCCTGTTAAAGAC_F02992,,
deepseek,627,376,1003,512,315,,,DeepSeekBackend,deepseek-v4-flash,1783932132.5346088,stage1_annotation,annotation,173670.0,CTCACACAGGGAACGG_F01641,,
deepseek,627,425,1052,512,375,,,DeepSeekBackend,deepseek-v4-flash,1783932132.8769372,stage1_annotation,annotation,166873.0,CGGGCATAGGTGCCTC_SC144,,
deepseek,627,320,947,512,235,,,DeepSeekBackend,deepseek-v4-flash,1783932133.4993534,stage1_annotation,annotation,324481.0,TACGGGCAGGATTCGG_F01639,,
deepseek,627,390,1017,0,326,,,DeepSeekBackend,deepseek-v4-flash,1783932135.2839413,stage1_annotation,annotation,203797.0,GTCTTCGAGCGTCAAG-SC155,,
deepseek,627,234,861,512,188,,,DeepSeekBackend,deepseek-v4-flash,1783932135.2883797,stage1_annotation,annotation,3374.0,CCTATTAGTTACGCGC_F01394,,
deepseek,627,278,905,512,215,,,DeepSeekBackend,deepseek-v4-flash,1783932135.7065728,stage1_annotation,annotation,197128.0,CTAATGGGTGCCTGTG_F02611,,
deepseek,627,346,973,512,274,,,DeepSeekBackend,deepseek-v4-flash,1783932135.71066,stage1_annotation,annotation,249433.0,ATCATCTAGCCAGTTT-SC156,,
deepseek,627,257,884,512,217,,,DeepSeekBackend,deepseek-v4-flash,1783932135.7368374,stage1_annotation,annotation,109288.0,CGTTAGAGTAAACGCG_F01607,,
deepseek,627,355,982,512,299,,,DeepSeekBackend,deepseek-v4-flash,1783932136.0219424,stage1_annotation,annotation,95575.0,CGTTCTGGTTGATTCG_F02092,,
deepseek,627,293,920,512,252,,,DeepSeekBackend,deepseek-v4-flash,1783932136.1361794,stage1_annotation,annotation,175505.0,GCCTCTAAGCTACCGC_F02611,,
deepseek,627,303,930,512,243,,,DeepSeekBackend,deepseek-v4-flash,1783932136.1641586,stage1_annotation,annotation,333289.0,CCGGGATTCTTGCAAG_HD68,,
deepseek,627,494,1121,512,439,,,DeepSeekBackend,deepseek-v4-flash,1783932136.2183223,stage1_annotation,annotation,169714.0,CTGATAGTCAAGATCC_F02528,,
deepseek,627,274,901,512,220,,,DeepSeekBackend,deepseek-v4-flash,1783932136.3511555,stage1_annotation,annotation,214597.0,CATCGAACACAACTGT_F01851,,
deepseek,627,466,1093,512,405,,,DeepSeekBackend,deepseek-v4-flash,1783932136.5022311,stage1_annotation,annotation,188663.0,GGAACTTTCAGAAATG-1-HCATisStab7587211,,
deepseek,627,492,1119,512,436,,,DeepSeekBackend,deepseek-v4-flash,1783932136.5597517,stage1_annotation,annotation,219654.0,7135919_CCCAATCTCCGTCAAA,,
deepseek,627,232,859,512,181,,,DeepSeekBackend,deepseek-v4-flash,1783932136.6945782,stage1_annotation,annotation,264473.0,TCAGGTAGTCAGCTAT_F01851,,
deepseek,627,421,1048,512,370,,,DeepSeekBackend,deepseek-v4-flash,1783932136.9271586,stage1_annotation,annotation,150789.0,TTCTCCTCATCTACGA_F02611,,
deepseek,627,325,952,512,266,,,DeepSeekBackend,deepseek-v4-flash,1783932136.997381,stage1_annotation,annotation,287771.0,CACATTTAGCGGCTTC_HD101,,
deepseek,627,421,1048,512,352,,,DeepSeekBackend,deepseek-v4-flash,1783932138.5269504,stage1_annotation,annotation,198351.0,GTTCATTCATACTACG_SC24,,
deepseek,627,218,845,512,164,,,DeepSeekBackend,deepseek-v4-flash,1783932138.543161,stage1_annotation,annotation,80496.0,CAGCCGACATGGGAAC_F01851,,
deepseek,627,331,958,512,270,,,DeepSeekBackend,deepseek-v4-flash,1783932138.768856,stage1_annotation,annotation,309538.0,AGTGAGGAGAACTGTA-1-HCATisStab7587205,,
deepseek,620,2965,3585,0,2873,,,DeepSeekBackend,deepseek-v4-flash,1783932139.3091707,stage1_annotation,annotation,64658.0,P1_3_CAAGTTGAGCCTCGTG,,
deepseek,627,286,913,512,233,,,DeepSeekBackend,deepseek-v4-flash,1783932139.3980045,stage1_annotation,annotation,76336.0,TAAGCGTCACCCATTC_SC18,,
deepseek,627,275,902,512,217,,,DeepSeekBackend,deepseek-v4-flash,1783932139.8216481,stage1_annotation,annotation,94259.0,CGTAGGCGTAGTACCT_HD68,,
deepseek,627,334,961,512,281,,,DeepSeekBackend,deepseek-v4-flash,1783932140.2123222,stage1_annotation,annotation,257333.0,ACTGAACAGAATGTTG_F02611,,
deepseek,625,282,907,0,210,,,DeepSeekBackend,deepseek-v4-flash,1783932140.325072,stage1_annotation,annotation,46565.0,ATCGCCTTCCACTAGA_SC84,,
deepseek,627,324,951,512,258,,,DeepSeekBackend,deepseek-v4-flash,1783932140.628617,stage1_annotation,annotation,275913.0,ACTTACTTCTTGTCAT_F02611,,
deepseek,627,390,1017,512,337,,,DeepSeekBackend,deepseek-v4-flash,1783932140.657615,stage1_annotation,annotation,311166.0,TGCGTGGCAGCCAATT_F02611,,
deepseek,627,350,977,512,290,,,DeepSeekBackend,deepseek-v4-flash,1783932140.8300676,stage1_annotation,annotation,34004.0,TCTTCGGGTTGGTAAA_HD101,,
deepseek,627,433,1060,512,385,,,DeepSeekBackend,deepseek-v4-flash,1783932141.4455144,stage1_annotation,annotation,252885.0,GGACAGATCGTTGCCT_F01851,,
deepseek,625,405,1030,0,361,,,DeepSeekBackend,deepseek-v4-flash,1783932141.763433,stage1_annotation,annotation,41127.0,CCGTACTAGAGGTTAT_F01607,,
deepseek,627,617,1244,512,549,,,DeepSeekBackend,deepseek-v4-flash,1783932142.0474463,stage1_annotation,annotation,104427.0,ACGGAGAAGCGATGAC_F02992,,
deepseek,627,1006,1633,512,966,,,DeepSeekBackend,deepseek-v4-flash,1783932142.4269843,stage1_annotation,annotation,320950.0,TGAGCCGTCTTACCGC-1-HCATisStab7587208,,
deepseek,625,312,937,512,248,,,DeepSeekBackend,deepseek-v4-flash,1783932142.7900364,stage1_annotation,annotation,269721.0,7239217_GTATTCTGTATATGGA,,
deepseek,627,541,1168,512,491,,,DeepSeekBackend,deepseek-v4-flash,1783932142.8070505,stage1_annotation,annotation,272834.0,GGCTCGACACCTATCC_HD68,,
deepseek,625,211,836,512,142,,,DeepSeekBackend,deepseek-v4-flash,1783932143.219186,stage1_annotation,annotation,293306.0,CTACCCAGTGGTTTCA_F02524,,
deepseek,625,426,1051,512,347,,,DeepSeekBackend,deepseek-v4-flash,1783932144.113094,stage1_annotation,annotation,93616.0,P3_7_AGGGTGATCACCTTAT,,
deepseek,625,308,933,512,247,,,DeepSeekBackend,deepseek-v4-flash,1783932144.3083727,stage1_annotation,annotation,55316.0,TAGCCGGGTCTCGTTC-1-HCATisStab7747197,,
deepseek,625,651,1276,0,575,,,DeepSeekBackend,deepseek-v4-flash,1783932144.673082,stage1_annotation,annotation,93567.0,7239217_CGTGTCTCATTCTTAC,,
deepseek,625,314,939,512,233,,,DeepSeekBackend,deepseek-v4-flash,1783932144.8346584,stage1_annotation,annotation,40012.0,GTACGTAAGAGTGACC-1-HCATisStab7747197,,
deepseek,625,396,1021,512,318,,,DeepSeekBackend,deepseek-v4-flash,1783932144.9164433,stage1_annotation,annotation,198249.0,GCGAGAACAGATCTGT-1-HCATisStab7587202,,
deepseek,625,644,1269,0,550,,,DeepSeekBackend,deepseek-v4-flash,1783932145.2302854,stage1_annotation,annotation,14111.0,TGAGAGGCAAGAGGCT-1-HCATisStab7747197,,
deepseek,625,330,955,512,239,,,DeepSeekBackend,deepseek-v4-flash,1783932145.455242,stage1_annotation,annotation,99172.0,CAGCTAACAGGTGGAT_F01639,,
deepseek,625,645,1270,512,570,,,DeepSeekBackend,deepseek-v4-flash,1783932145.4867885,stage1_annotation,annotation,185650.0,CCGTTCAGTCTAACGT_F02528,,
deepseek,625,334,959,512,262,,,DeepSeekBackend,deepseek-v4-flash,1783932145.6723678,stage1_annotation,annotation,29646.0,AAGACCTTCTGCGACG_F02611,,
deepseek,625,296,921,512,215,,,DeepSeekBackend,deepseek-v4-flash,1783932146.168155,stage1_annotation,annotation,130955.0,TCAGGTAAGCCGGTAA_F01513,,
deepseek,625,446,1071,512,386,,,DeepSeekBackend,deepseek-v4-flash,1783932146.590206,stage1_annotation,annotation,253614.0,GGCCGATTCATGGTCA_F01607,,
deepseek,625,489,1114,512,413,,,DeepSeekBackend,deepseek-v4-flash,1783932146.6684113,stage1_annotation,annotation,287663.0,P3_7_CGAGCCACATGTAGTC,,
deepseek,625,617,1242,512,539,,,DeepSeekBackend,deepseek-v4-flash,1783932146.7765474,stage1_annotation,annotation,297143.0,GCTGCAGAGCACGCCT_HD101,,
deepseek,621,500,1121,512,423,,,DeepSeekBackend,deepseek-v4-flash,1783932150.0596545,stage1_annotation,annotation,190397.0,P2_7_TCTGAGACAGATAATG,,
deepseek,621,425,1046,512,340,,,DeepSeekBackend,deepseek-v4-flash,1783932150.3153508,stage1_annotation,annotation,169074.0,TGGCTGGAGGCCCGTT_F02526,,
deepseek,621,645,1266,0,580,,,DeepSeekBackend,deepseek-v4-flash,1783932150.6415658,stage1_annotation,annotation,310396.0,TCTCATAGTACTCTCC_F01639,,
deepseek,621,464,1085,512,381,,,DeepSeekBackend,deepseek-v4-flash,1783932150.696085,stage1_annotation,annotation,55624.0,GTCGGGTGTCCTCTTG-1-HCATisStab7747200,,
deepseek,625,1090,1715,0,1006,,,DeepSeekBackend,deepseek-v4-flash,1783932150.782966,stage1_annotation,annotation,50253.0,7135920_TAAGTGCCAACGCACC,,
deepseek,621,429,1050,512,349,,,DeepSeekBackend,deepseek-v4-flash,1783932151.5387993,stage1_annotation,annotation,92285.0,AGGCCGTCAACTGCTA_F01639,,
deepseek,625,958,1583,512,879,,,DeepSeekBackend,deepseek-v4-flash,1783932151.7989712,stage1_annotation,annotation,324075.0,TTAACTCAGAGTAAGG_F01607,,
deepseek,621,473,1094,512,397,,,DeepSeekBackend,deepseek-v4-flash,1783932153.3161798,stage1_annotation,annotation,277621.0,TTGTTCATCCTGTTGC_SC84,,
deepseek,621,741,1362,512,668,,,DeepSeekBackend,deepseek-v4-flash,1783932153.4084573,stage1_annotation,annotation,244992.0,TCTATGTGCATTTC-SC31D,,
deepseek,621,901,1522,0,811,,,DeepSeekBackend,deepseek-v4-flash,1783932153.5272105,stage1_annotation,annotation,321987.0,7239220_CGAGAAGGTTAAGAAC,,
deepseek,621,669,1290,512,568,,,DeepSeekBackend,deepseek-v4-flash,1783932153.8222134,stage1_annotation,annotation,294498.0,TTCTTAGTCCATGCTC_F01403,,
deepseek,625,991,1616,512,897,,,DeepSeekBackend,deepseek-v4-flash,1783932153.826174,stage1_annotation,annotation,262489.0,CTTAGGATCAGTTAGC_F01403,,
deepseek,621,671,1292,512,591,,,DeepSeekBackend,deepseek-v4-flash,1783932153.954365,stage1_annotation,annotation,206474.0,GGTGATTGTTCTGACA_SC142,,
deepseek,621,1070,1691,0,1006,,,DeepSeekBackend,deepseek-v4-flash,1783932155.1589966,stage1_annotation,annotation,141383.0,GCATGCGAGATCCCAT_F02526,,
deepseek,621,667,1288,512,585,,,DeepSeekBackend,deepseek-v4-flash,1783932155.73561,stage1_annotation,annotation,262273.0,GCAATCACAGTAAGCG_F02509,,
deepseek,621,843,1464,512,775,,,DeepSeekBackend,deepseek-v4-flash,1783932155.8656943,stage1_annotation,annotation,70986.0,TCAGCTCAGAGAACAG-1-HCATisStab7747200,,
deepseek,621,1002,1623,512,914,,,DeepSeekBackend,deepseek-v4-flash,1783932156.0155747,stage1_annotation,annotation,75918.0,TACGGATCATTCCTCG-1-HCATisStab7587202,,
deepseek,621,551,1172,512,473,,,DeepSeekBackend,deepseek-v4-flash,1783932157.1024501,stage1_annotation,annotation,269034.0,GTCCTCACATCTCCCA_F01851,,
deepseek,621,829,1450,512,756,,,DeepSeekBackend,deepseek-v4-flash,1783932159.6160064,stage1_annotation,annotation,318541.0,TAAGTGCGTCTAGCGC_F02524,,
deepseek,621,1257,1878,512,1184,,,DeepSeekBackend,deepseek-v4-flash,1783932161.8885162,stage1_annotation,annotation,68222.0,TGATTTCAGTGTGGCA_F01367,,
deepseek,621,1483,2104,512,1408,,,DeepSeekBackend,deepseek-v4-flash,1783932163.5974183,stage1_annotation,annotation,18079.0,CATCGGGTCGTGGGAA-1-HCATisStab7587205,,
deepseek,621,935,1556,512,861,,,DeepSeekBackend,deepseek-v4-flash,1783932163.6022263,stage1_annotation,annotation,281894.0,GTGCAGCCAGGACCCT-1-HCATisStab7747200,,
deepseek,621,1574,2195,512,1484,,,DeepSeekBackend,deepseek-v4-flash,1783932164.5489216,stage1_annotation,annotation,224743.0,AAATGCCTCGCGTAGC-1-HCATisStab7747200,,
deepseek,624,365,989,0,294,,,DeepSeekBackend,deepseek-v4-flash,1783932168.6442027,stage1_annotation,annotation,326322.0,TTGCGTCGTTTGCATG-1-HCATisStab7747197,,
deepseek,624,362,986,512,298,,,DeepSeekBackend,deepseek-v4-flash,1783932168.7858238,stage1_annotation,annotation,45332.0,TGGTTAGCATCGACGC_F01692,,
deepseek,624,517,1141,512,443,,,DeepSeekBackend,deepseek-v4-flash,1783932171.029787,stage1_annotation,annotation,322424.0,CAAGAAAAGAGGTTGC_F03045,,
deepseek,624,230,854,512,162,,,DeepSeekBackend,deepseek-v4-flash,1783932171.1256216,stage1_annotation,annotation,194008.0,TACTTGTGTACCCAAT-SC155,,
deepseek,624,452,1076,512,382,,,DeepSeekBackend,deepseek-v4-flash,1783932171.404551,stage1_annotation,annotation,209629.0,TTTGCGCTCGGCGGTT-SC155,,
deepseek,624,300,924,512,295,,,DeepSeekBackend,deepseek-v4-flash,1783932173.2239869,stage1_annotation,annotation,214677.0,TTGACTTGTAGTACCT-1-HCATisStab7659970,,
deepseek,624,285,909,512,280,,,DeepSeekBackend,deepseek-v4-flash,1783932173.291671,stage1_annotation,annotation,275715.0,TCGTAGAAGTCTCCTC-1-HCATisStab7587202,,
deepseek,624,368,992,512,317,,,DeepSeekBackend,deepseek-v4-flash,1783932173.4510336,stage1_annotation,annotation,172323.0,CCGTTCAGTCTGATTG_F02617,,
deepseek,624,340,964,512,271,,,DeepSeekBackend,deepseek-v4-flash,1783932173.6840878,stage1_annotation,annotation,278594.0,7239220_CTGGTCTCACATTCGA,,
deepseek,624,278,902,512,193,,,DeepSeekBackend,deepseek-v4-flash,1783932173.961694,stage1_annotation,annotation,80681.0,7239218_AGTTGGTAGATGCGAC,,
deepseek,624,340,964,512,270,,,DeepSeekBackend,deepseek-v4-flash,1783932174.6766047,stage1_annotation,annotation,301125.0,TTTACCAAGACTCTTG_SC142,,
deepseek,627,318,945,0,254,,,DeepSeekBackend,deepseek-v4-flash,1783932175.2112482,stage1_annotation,annotation,255531.0,GTGCGGTTCGCTAGCG_F02617,,
deepseek,624,453,1077,512,365,,,DeepSeekBackend,deepseek-v4-flash,1783932175.3560896,stage1_annotation,annotation,108800.0,GACCTGGAGAGCCCAA_F02730,,
deepseek,624,389,1013,512,337,,,DeepSeekBackend,deepseek-v4-flash,1783932175.5108905,stage1_annotation,annotation,268043.0,ATGAGGGAGTCATCCA_F01851,,
deepseek,627,342,969,0,286,,,DeepSeekBackend,deepseek-v4-flash,1783932175.540625,stage1_annotation,annotation,319486.0,GCTCTGTGTCCAGTGC_F02617,,
deepseek,624,344,968,512,280,,,DeepSeekBackend,deepseek-v4-flash,1783932175.6026697,stage1_annotation,annotation,107994.0,TATGCCCAGCGACGTA_SC27,,
deepseek,624,306,930,512,232,,,DeepSeekBackend,deepseek-v4-flash,1783932176.8133278,stage1_annotation,annotation,260479.0,AACCGCGCACTAGTAC_SC27,,
deepseek,627,356,983,512,320,,,DeepSeekBackend,deepseek-v4-flash,1783932177.0377893,stage1_annotation,annotation,59056.0,TAGTGCACAGAGTGTG_SC86,,
deepseek,624,495,1119,512,427,,,DeepSeekBackend,deepseek-v4-flash,1783932177.230332,stage1_annotation,annotation,286424.0,TTCGAAGTCAGCGACC-SC156,,
deepseek,627,494,1121,512,442,,,DeepSeekBackend,deepseek-v4-flash,1783932178.8349106,stage1_annotation,annotation,139756.0,AACTCTTGTAGCGTAG_F02524,,
deepseek,624,420,1044,512,366,,,DeepSeekBackend,deepseek-v4-flash,1783932179.2825506,stage1_annotation,annotation,246822.0,GCTGGGTCAGTGGAGT-SC45,,
deepseek,624,277,901,512,221,,,DeepSeekBackend,deepseek-v4-flash,1783932179.2897875,stage1_annotation,annotation,260593.0,TACTCCCTCACTGA-SC31,,
deepseek,627,336,963,512,288,,,DeepSeekBackend,deepseek-v4-flash,1783932179.333871,stage1_annotation,annotation,303395.0,P2_5_CGTCCATTCCACGCAG,,
deepseek,627,558,1185,512,508,,,DeepSeekBackend,deepseek-v4-flash,1783932179.9207883,stage1_annotation,annotation,226769.0,GTCACAACACCGGAAA_F01851,,
deepseek,627,408,1035,512,344,,,DeepSeekBackend,deepseek-v4-flash,1783932179.9358776,stage1_annotation,annotation,147900.0,AACTCCCAGAAAGTGG_F02607,,
deepseek,624,349,973,512,281,,,DeepSeekBackend,deepseek-v4-flash,1783932180.0478332,stage1_annotation,annotation,205896.0,TGGTTAGCATAACCTG_HD67,,
deepseek,624,322,946,512,245,,,DeepSeekBackend,deepseek-v4-flash,1783932180.0571117,stage1_annotation,annotation,179442.0,CAGCAGCCAAGTAATG_F01607,,
deepseek,627,411,1038,512,371,,,DeepSeekBackend,deepseek-v4-flash,1783932180.1067507,stage1_annotation,annotation,104690.0,ACGAGCCCAAGGGTCA-1-HCATisStab7747198,,
deepseek,627,466,1093,512,422,,,DeepSeekBackend,deepseek-v4-flash,1783932180.1947932,stage1_annotation,annotation,280608.0,ACACTGAAGATCGATA_F02611,,
deepseek,627,270,897,512,209,,,DeepSeekBackend,deepseek-v4-flash,1783932180.482542,stage1_annotation,annotation,105019.0,P2_2_TCTCTAATCTATCCTA,,
deepseek,627,232,859,512,193,,,DeepSeekBackend,deepseek-v4-flash,1783932180.7875905,stage1_annotation,annotation,94657.0,AAACCTGAGCCCAGCT_F02524,,
deepseek,627,374,1001,512,329,,,DeepSeekBackend,deepseek-v4-flash,1783932180.8702435,stage1_annotation,annotation,176127.0,ATTATCCGTCGCATAT_F02528,,
deepseek,627,471,1098,512,406,,,DeepSeekBackend,deepseek-v4-flash,1783932181.182329,stage1_annotation,annotation,76117.0,TGACTTTCAATTGCTG_F02617,,
deepseek,627,345,972,512,253,,,DeepSeekBackend,deepseek-v4-flash,1783932181.5716496,stage1_annotation,annotation,262359.0,GACTGCGAGAGCTTCT_F02522,,
deepseek,627,402,1029,512,345,,,DeepSeekBackend,deepseek-v4-flash,1783932181.8147137,stage1_annotation,annotation,244782.0,AGATTGCTCCGTAGGC_F02522,,
deepseek,627,371,998,512,325,,,DeepSeekBackend,deepseek-v4-flash,1783932181.9256482,stage1_annotation,annotation,222020.0,GTAGGCCCATGCCTAA_F02617,,
deepseek,627,269,896,512,232,,,DeepSeekBackend,deepseek-v4-flash,1783932181.944657,stage1_annotation,annotation,282435.0,GACGCTCTCCTACC-SC31D,,
deepseek,627,318,945,512,253,,,DeepSeekBackend,deepseek-v4-flash,1783932182.7391188,stage1_annotation,annotation,155012.0,TCTATTGGTGATGTCT_F02607,,
deepseek,633,250,883,0,179,,,DeepSeekBackend,deepseek-v4-flash,1783932184.06289,stage1_annotation,annotation,206114.0,P1_2_TACACGAGTCAGAATA,,
deepseek,633,273,906,0,213,,,DeepSeekBackend,deepseek-v4-flash,1783932184.1595714,stage1_annotation,annotation,241972.0,TCAGGATCAGTCAGAG_F02607,,
deepseek,633,264,897,0,206,,,DeepSeekBackend,deepseek-v4-flash,1783932184.4181852,stage1_annotation,annotation,320138.0,GCTGCAGAGCGATATA_F02092,,
deepseek,627,546,1173,512,503,,,DeepSeekBackend,deepseek-v4-flash,1783932184.4502945,stage1_annotation,annotation,121381.0,GCATGATCACATCCGG-SC155,,
deepseek,633,255,888,512,206,,,DeepSeekBackend,deepseek-v4-flash,1783932184.8928993,stage1_annotation,annotation,203849.0,CGCGGTAGTAAGGGAA_F02607,,
deepseek,627,428,1055,512,375,,,DeepSeekBackend,deepseek-v4-flash,1783932184.9031186,stage1_annotation,annotation,315885.0,GTAACGTTCATAACCG_F02730,,
deepseek,633,250,883,512,184,,,DeepSeekBackend,deepseek-v4-flash,1783932185.2403653,stage1_annotation,annotation,45723.0,CGTGTAACAGTCGTGC_F02617,,
deepseek,633,237,870,512,176,,,DeepSeekBackend,deepseek-v4-flash,1783932185.33859,stage1_annotation,annotation,32074.0,P2_5_TCAGCTCGTGTCGCTG,,
deepseek,633,258,891,512,212,,,DeepSeekBackend,deepseek-v4-flash,1783932185.3497198,stage1_annotation,annotation,312464.0,P2_7_AGGTCATGTTGCGTTA,,
deepseek,633,251,884,512,178,,,DeepSeekBackend,deepseek-v4-flash,1783932185.399227,stage1_annotation,annotation,29574.0,ACTGTCCTCTCTAGGA_F02092,,
deepseek,633,271,904,512,204,,,DeepSeekBackend,deepseek-v4-flash,1783932185.485873,stage1_annotation,annotation,134492.0,TTTATGCGTTCCATGA-1-HCATisStab7747200,,
deepseek,633,248,881,512,189,,,DeepSeekBackend,deepseek-v4-flash,1783932185.6032557,stage1_annotation,annotation,192377.0,GGAGCAATCAGCGACC_F02522,,
deepseek,633,345,978,512,296,,,DeepSeekBackend,deepseek-v4-flash,1783932186.1018214,stage1_annotation,annotation,242340.0,P2_7_CGCTTCAGTCTCTCTG,,
deepseek,633,243,876,512,181,,,DeepSeekBackend,deepseek-v4-flash,1783932186.5827785,stage1_annotation,annotation,147016.0,TTAGGCAGTATCGCAT_F02617,,
deepseek,633,286,919,512,248,,,DeepSeekBackend,deepseek-v4-flash,1783932186.8994074,stage1_annotation,annotation,268437.0,CGCATAAGTATGGGAC_SC141,,
deepseek,633,296,929,512,233,,,DeepSeekBackend,deepseek-v4-flash,1783932186.9469306,stage1_annotation,annotation,210270.0,AAAGTAGAGCCAGTTT_F02524,,
deepseek,633,411,1044,512,358,,,DeepSeekBackend,deepseek-v4-flash,1783932187.2499406,stage1_annotation,annotation,172485.0,TTTCCTCTCTCGTTTA_HD68,,
deepseek,633,327,960,512,274,,,DeepSeekBackend,deepseek-v4-flash,1783932187.425867,stage1_annotation,annotation,317469.0,GTCACGGAGGACAGAA_F02611,,
deepseek,633,237,870,512,188,,,DeepSeekBackend,deepseek-v4-flash,1783932188.6647735,stage1_annotation,annotation,196775.0,GAGGTGACAGTCGATT_HD70,,
deepseek,633,377,1010,512,318,,,DeepSeekBackend,deepseek-v4-flash,1783932189.3476162,stage1_annotation,annotation,319991.0,CTGCCATGTTCGGCTG_SC85,,
deepseek,633,305,938,512,261,,,DeepSeekBackend,deepseek-v4-flash,1783932189.4095273,stage1_annotation,annotation,54289.0,P2_5_ACGAGGAGTCAGCTAT,,
deepseek,625,349,974,512,293,,,DeepSeekBackend,deepseek-v4-flash,1783932189.4445632,stage1_annotation,annotation,41585.0,7239218_GCCTCTACAGGAACGT,,
deepseek,625,542,1167,0,455,,,DeepSeekBackend,deepseek-v4-flash,1783932191.2405155,stage1_annotation,annotation,144129.0,GTGAAGGTCGGTGTTA_F02617,,
deepseek,625,658,1283,512,583,,,DeepSeekBackend,deepseek-v4-flash,1783932193.1068711,stage1_annotation,annotation,231083.0,7239218_CAGAGAGTCCATGCTC,,
deepseek,625,644,1269,512,588,,,DeepSeekBackend,deepseek-v4-flash,1783932193.5772448,stage1_annotation,annotation,163340.0,AGCGTATTCTTAGAGC-1-HCATisStab7659969,,
deepseek,633,827,1460,512,735,,,DeepSeekBackend,deepseek-v4-flash,1783932193.6442103,stage1_annotation,annotation,44385.0,ACTGAACCATTCGACA_F02092,,
deepseek,625,702,1327,512,654,,,DeepSeekBackend,deepseek-v4-flash,1783932193.783145,stage1_annotation,annotation,283376.0,TACTTACAGTCGAGTG_F02617,,
deepseek,625,821,1446,0,762,,,DeepSeekBackend,deepseek-v4-flash,1783932194.1187613,stage1_annotation,annotation,327657.0,CTCAGAATCTGCCAGG-1-HCATisStab7587208,,
deepseek,625,804,1429,0,743,,,DeepSeekBackend,deepseek-v4-flash,1783932194.1236095,stage1_annotation,annotation,23371.0,P1_4_GTAACGTTCTGGGCCA,,
deepseek,625,805,1430,512,728,,,DeepSeekBackend,deepseek-v4-flash,1783932194.725683,stage1_annotation,annotation,248998.0,7239217_TTGACTTTCGTGGGAA,,
deepseek,625,709,1334,512,644,,,DeepSeekBackend,deepseek-v4-flash,1783932195.3126175,stage1_annotation,annotation,203391.0,AGTGGGATCGAGCCCA-1-HCATisStab7587202,,
deepseek,625,777,1402,512,704,,,DeepSeekBackend,deepseek-v4-flash,1783932195.9529266,stage1_annotation,annotation,165624.0,TACTCATGTCATCGGC-1-HCATisStab7587208,,
deepseek,625,756,1381,512,695,,,DeepSeekBackend,deepseek-v4-flash,1783932197.2947178,stage1_annotation,annotation,245110.0,P1_4_GTGCAGCAGCCACTAT,,
deepseek,625,936,1561,512,892,,,DeepSeekBackend,deepseek-v4-flash,1783932197.9159632,stage1_annotation,annotation,267123.0,P1_4_ACCAGTACAGTTAACC,,
deepseek,623,299,922,512,247,,,DeepSeekBackend,deepseek-v4-flash,1783932198.4530942,stage1_annotation,annotation,191482.0,ATCTGCCTCAGAGACG-1-HCATisStab7587205,,
deepseek,625,793,1418,512,728,,,DeepSeekBackend,deepseek-v4-flash,1783932198.650549,stage1_annotation,annotation,43434.0,P1_4_ATTGGACTCTTCGAGA,,
deepseek,625,1126,1751,512,1033,,,DeepSeekBackend,deepseek-v4-flash,1783932200.3286636,stage1_annotation,annotation,192510.0,AGTGGGAAGCCCGAAA-1-HCATisStab7587208,,
deepseek,625,1368,1993,0,1284,,,DeepSeekBackend,deepseek-v4-flash,1783932200.888452,stage1_annotation,annotation,215807.0,GCAATCAGTAAACACA-1-HCATisStab7587208,,
deepseek,625,1456,2081,512,1392,,,DeepSeekBackend,deepseek-v4-flash,1783932201.0807786,stage1_annotation,annotation,142350.0,GATCGTAAGTAGTGCG_F02617,,
deepseek,623,675,1298,512,595,,,DeepSeekBackend,deepseek-v4-flash,1783932201.4648619,stage1_annotation,annotation,69057.0,GGTGAAGCAATAGCAA_SC29,,
deepseek,623,614,1237,512,556,,,DeepSeekBackend,deepseek-v4-flash,1783932202.0930455,stage1_annotation,annotation,147413.0,TACGGTAAGAGACTTA-1-HCATisStab7587208,,
deepseek,623,470,1093,512,398,,,DeepSeekBackend,deepseek-v4-flash,1783932202.241652,stage1_annotation,annotation,89801.0,TGACTAGTCAAACGGG_HD66,,
deepseek,623,586,1209,512,531,,,DeepSeekBackend,deepseek-v4-flash,1783932202.35316,stage1_annotation,annotation,100542.0,CCTTCGACAGAAGCAC-1-HCATisStab7747198,,
deepseek,623,891,1514,0,800,,,DeepSeekBackend,deepseek-v4-flash,1783932203.0670202,stage1_annotation,annotation,20963.0,P3_5_CTTACCGTCAGTACGT,,
deepseek,625,1175,1800,512,1104,,,DeepSeekBackend,deepseek-v4-flash,1783932203.4008408,stage1_annotation,annotation,302688.0,CACTCCAGTGTTCTTT-1-HCATisStab7587202,,
deepseek,623,506,1129,512,442,,,DeepSeekBackend,deepseek-v4-flash,1783932204.4916258,stage1_annotation,annotation,182834.0,AGATTGCCATACGCCG_SC24,,
deepseek,625,1735,2360,512,1682,,,DeepSeekBackend,deepseek-v4-flash,1783932205.066498,stage1_annotation,annotation,75465.0,7239218_ATCATCTCATCAGTCA,,
deepseek,623,366,989,512,358,,,DeepSeekBackend,deepseek-v4-flash,1783932205.2277064,stage1_annotation,annotation,87981.0,AAGCCGCCAGCGTTCG-1-HCATisStab7587211,,
deepseek,625,1565,2190,512,1461,,,DeepSeekBackend,deepseek-v4-flash,1783932206.4154496,stage1_annotation,annotation,156538.0,TAGCGATGGATAAG-SC14,,
deepseek,623,641,1264,512,570,,,DeepSeekBackend,deepseek-v4-flash,1783932206.8888261,stage1_annotation,annotation,299715.0,GCTGGGTTCTTGCAAG-1-HCATisStab7587211,,
deepseek,623,1037,1660,512,971,,,DeepSeekBackend,deepseek-v4-flash,1783932206.8994384,stage1_annotation,annotation,125810.0,AGCTTGACAAGCTGGA_F02526,,
deepseek,625,1788,2413,512,1741,,,DeepSeekBackend,deepseek-v4-flash,1783932207.3887079,stage1_annotation,annotation,229740.0,CGAGCCAGTACATGTC-1-HCATisStab7587208,,
deepseek,623,494,1117,512,440,,,DeepSeekBackend,deepseek-v4-flash,1783932208.031694,stage1_annotation,annotation,221924.0,TTTATGCCAGCGTTCG-1-HCATisStab7587205,,
deepseek,623,555,1178,512,456,,,DeepSeekBackend,deepseek-v4-flash,1783932208.3657327,stage1_annotation,annotation,278088.0,TCAGGATCAGCTCCGA_SC10,,
deepseek,630,553,1183,512,481,,,DeepSeekBackend,deepseek-v4-flash,1783932211.086633,stage1_annotation,annotation,74927.0,GAGTCCGTCTGTCAAG_F01508,,
deepseek,630,879,1509,0,806,,,DeepSeekBackend,deepseek-v4-flash,1783932212.7716146,stage1_annotation,annotation,5913.0,CACACTCGTTCGTCTC_F01851,,
deepseek,630,780,1410,512,718,,,DeepSeekBackend,deepseek-v4-flash,1783932214.4022002,stage1_annotation,annotation,54242.0,CCACCTACACCGTTGG_F02607,,
deepseek,623,966,1589,512,886,,,DeepSeekBackend,deepseek-v4-flash,1783932215.4557576,stage1_annotation,annotation,176537.0,AGCAGCCGTCCGAAGA-1-HCATisStab7587205,,
deepseek,630,754,1384,512,676,,,DeepSeekBackend,deepseek-v4-flash,1783932215.916065,stage1_annotation,annotation,87822.0,TCAATCTAGCTGAACG_F02617,,
deepseek,630,1003,1633,512,931,,,DeepSeekBackend,deepseek-v4-flash,1783932218.3285015,stage1_annotation,annotation,232875.0,ATCACGATCGGAATCT-SC45,,
deepseek,623,1643,2266,512,1577,,,DeepSeekBackend,deepseek-v4-flash,1783932218.436012,stage1_annotation,annotation,98913.0,TGCGCAGAGATGAGAG-1-HCATisStab7587211,,
deepseek,630,1187,1817,512,1132,,,DeepSeekBackend,deepseek-v4-flash,1783932218.9541183,stage1_annotation,annotation,190415.0,P3_6_AGCTTGATCTGAAAGA,,
deepseek,630,607,1237,512,530,,,DeepSeekBackend,deepseek-v4-flash,1783932221.89002,stage1_annotation,annotation,96646.0,GCAAACTGTGTGTGCC_F02528,,
deepseek,630,1599,2229,512,1532,,,DeepSeekBackend,deepseek-v4-flash,1783932222.672632,stage1_annotation,annotation,325651.0,TTAACTCTCCGAAGAG_HD101,,
deepseek,623,2114,2737,512,2067,,,DeepSeekBackend,deepseek-v4-flash,1783932223.757726,stage1_annotation,annotation,207823.0,GCTGCAGAGCGAAGGG_F02524,,
deepseek,630,873,1503,512,801,,,DeepSeekBackend,deepseek-v4-flash,1783932223.7838552,stage1_annotation,annotation,51483.0,CACAGGCAGTGGTAGC_F02607,,
deepseek,630,1471,2101,512,1385,,,DeepSeekBackend,deepseek-v4-flash,1783932225.123387,stage1_annotation,annotation,181582.0,TCAGGATAGAGCTGGT-SC155,,
deepseek,623,2336,2959,512,2277,,,DeepSeekBackend,deepseek-v4-flash,1783932225.3945692,stage1_annotation,annotation,332572.0,CTACACCAGGTAGCCA-1-HCATisStab7587211,,
deepseek,630,1735,2365,512,1647,,,DeepSeekBackend,deepseek-v4-flash,1783932225.6184015,stage1_annotation,annotation,323204.0,CGTTGGGGTACTCGCG_F02617,,
deepseek,630,1641,2271,512,1551,,,DeepSeekBackend,deepseek-v4-flash,1783932226.4001377,stage1_annotation,annotation,103781.0,ACGGGCTCACACATGT_F02611,,
deepseek,622,297,919,0,218,,,DeepSeekBackend,deepseek-v4-flash,1783932226.8674228,stage1_annotation,annotation,94123.0,AACTCTTGTTCCACGG-SC59,,
deepseek,623,2700,3323,512,2637,,,DeepSeekBackend,deepseek-v4-flash,1783932228.3085914,stage1_annotation,annotation,332842.0,TACAGTGAGTGTCTCA-1-HCATisStab7587208,,
deepseek,630,1196,1826,512,1134,,,DeepSeekBackend,deepseek-v4-flash,1783932229.53895,stage1_annotation,annotation,298547.0,CAAGATCGTCGAAAGC_F02607,,
deepseek,630,1810,2440,512,1734,,,DeepSeekBackend,deepseek-v4-flash,1783932230.174472,stage1_annotation,annotation,257477.0,GCAAACTCATCCCATC_F02617,,
deepseek,622,435,1057,512,353,,,DeepSeekBackend,deepseek-v4-flash,1783932230.527908,stage1_annotation,annotation,257535.0,GAACTGTAGGTATAGT_SC142,,
deepseek,623,2219,2842,512,2164,,,DeepSeekBackend,deepseek-v4-flash,1783932230.6957247,stage1_annotation,annotation,62236.0,CTCGTACAGAGCTTCT-1-HCATisStab7747197,,
deepseek,622,600,1222,512,509,,,DeepSeekBackend,deepseek-v4-flash,1783932231.757888,stage1_annotation,annotation,147236.0,GTGCACGAGTCCTGCG_SC142,,
deepseek,622,377,999,512,304,,,DeepSeekBackend,deepseek-v4-flash,1783932232.0717142,stage1_annotation,annotation,303360.0,AACGTTGCATCGACGC-1-HCATisStab7587208,,
deepseek,630,1721,2351,512,1655,,,DeepSeekBackend,deepseek-v4-flash,1783932232.0946805,stage1_annotation,annotation,119216.0,TCAGGATCATGGTCAT_HD67,,
deepseek,630,1479,2109,512,1423,,,DeepSeekBackend,deepseek-v4-flash,1783932232.5022063,stage1_annotation,annotation,5118.0,GACAGAGCAGATTGCT_F02611,,
deepseek,622,333,955,512,261,,,DeepSeekBackend,deepseek-v4-flash,1783932232.5385733,stage1_annotation,annotation,217929.0,GCCGATGAGCGCTGAA_SC142,,
deepseek,622,440,1062,512,364,,,DeepSeekBackend,deepseek-v4-flash,1783932232.8018847,stage1_annotation,annotation,7854.0,GAGGGTACACGCGGTT_SC144,,
deepseek,622,478,1100,512,387,,,DeepSeekBackend,deepseek-v4-flash,1783932233.1801271,stage1_annotation,annotation,77100.0,GCATGTACATGCGCAC_HD67,,
deepseek,622,297,919,512,232,,,DeepSeekBackend,deepseek-v4-flash,1783932235.3146315,stage1_annotation,annotation,9916.0,TCATTACCAAAGAATC_HD67,,
deepseek,623,2820,3443,512,2739,,,DeepSeekBackend,deepseek-v4-flash,1783932235.9379172,stage1_annotation,annotation,253398.0,ACTGCTCAGTTAGCGG-1-HCATisStab7587211,,
deepseek,622,333,955,512,244,,,DeepSeekBackend,deepseek-v4-flash,1783932236.2823095,stage1_annotation,annotation,268478.0,CACACAAAGGCTGGAT_SC142,,
deepseek,622,904,1526,512,830,,,DeepSeekBackend,deepseek-v4-flash,1783932236.4326267,stage1_annotation,annotation,79092.0,GCAGCCAAGTGCGATG_HD66,,
deepseek,622,606,1228,512,530,,,DeepSeekBackend,deepseek-v4-flash,1783932236.912981,stage1_annotation,annotation,286193.0,CCACAAATCTTCCACG_SC142,,
deepseek,622,367,989,512,276,,,DeepSeekBackend,deepseek-v4-flash,1783932238.6924827,stage1_annotation,annotation,298084.0,CGACCTTTCGTTGCCT_F01641,,
deepseek,622,610,1232,512,540,,,DeepSeekBackend,deepseek-v4-flash,1783932238.9691486,stage1_annotation,annotation,62185.0,GAGATGGCAGCTGTAT_SC144,,
deepseek,622,387,1009,512,307,,,DeepSeekBackend,deepseek-v4-flash,1783932239.2572634,stage1_annotation,annotation,4681.0,GGATGTTGTTTGTTGG-SC59,,
deepseek,623,3615,4238,512,3544,,,DeepSeekBackend,deepseek-v4-flash,1783932239.7241528,stage1_annotation,annotation,106172.0,CGACTTCGTGATGCCC-1-HCATisStab7587211,,
deepseek,622,488,1110,512,389,,,DeepSeekBackend,deepseek-v4-flash,1783932239.7838078,stage1_annotation,annotation,1994.0,P3_7_AACCATGCAGTACACT,,
deepseek,622,896,1518,512,815,,,DeepSeekBackend,deepseek-v4-flash,1783932240.1079514,stage1_annotation,annotation,44504.0,ATGGGAGTCCAAACCA_SC144,,
deepseek,630,1934,2564,512,1854,,,DeepSeekBackend,deepseek-v4-flash,1783932241.0808005,stage1_annotation,annotation,121997.0,CACCTTGCACAACTGT_F02524,,
deepseek,630,1957,2587,512,1863,,,DeepSeekBackend,deepseek-v4-flash,1783932241.6098332,stage1_annotation,annotation,219762.0,CAACTAGTCGAATCCA-SC156,,
deepseek,622,1452,2074,512,1396,,,DeepSeekBackend,deepseek-v4-flash,1783932241.6180203,stage1_annotation,annotation,226035.0,AGCGGTCAGTGGGCTA_F02092,,
deepseek,622,913,1535,512,834,,,DeepSeekBackend,deepseek-v4-flash,1783932245.7162158,stage1_annotation,annotation,283411.0,CACAGTAAGTACTTGC_HD68,,
deepseek,621,901,1522,512,827,,,DeepSeekBackend,deepseek-v4-flash,1783932245.8906374,stage1_annotation,annotation,272685.0,P3_5_CGATCGGTCTAAGCCA,,
deepseek,622,1076,1698,512,995,,,DeepSeekBackend,deepseek-v4-flash,1783932246.3726726,stage1_annotation,annotation,303733.0,CAGGTGCGTTGTGGAG_F01641,,
deepseek,621,1021,1642,512,964,,,DeepSeekBackend,deepseek-v4-flash,1783932247.1652257,stage1_annotation,annotation,173308.0,GTGACGCAGGTCGCCT_SC86,,
deepseek,630,2324,2954,512,2211,,,DeepSeekBackend,deepseek-v4-flash,1783932247.4295018,stage1_annotation,annotation,72837.0,TTGACTTAGTACGTTC_F02617,,
deepseek,622,1170,1792,512,1090,,,DeepSeekBackend,deepseek-v4-flash,1783932247.7734597,stage1_annotation,annotation,26735.0,ATTATCCGTCCTAGCG_F02992,,
deepseek,621,1327,1948,0,1280,,,DeepSeekBackend,deepseek-v4-flash,1783932249.0897288,stage1_annotation,annotation,142227.0,P3_5_TACCTTACAAAGGAAG,,
deepseek,623,186,809,0,126,,,DeepSeekBackend,deepseek-v4-flash,1783932251.9281151,stage1_annotation,annotation,210819.0,AGTAGTCAGCTACCTA-1-HCATisStab7747200,,
deepseek,621,503,1124,512,451,,,DeepSeekBackend,deepseek-v4-flash,1783932252.2869165,stage1_annotation,annotation,279740.0,TCCATCGGTCGTATGT_SC86,,
deepseek,623,170,793,512,124,,,DeepSeekBackend,deepseek-v4-flash,1783932252.8696153,stage1_annotation,annotation,123065.0,GTTACAGCATGTCTCC-1-HCATisStab7747198,,
deepseek,621,1104,1725,512,1043,,,DeepSeekBackend,deepseek-v4-flash,1783932253.2980616,stage1_annotation,annotation,229505.0,CTCACACGTCACAAGG_F02611,,
deepseek,621,1457,2078,512,1388,,,DeepSeekBackend,deepseek-v4-flash,1783932253.4371693,stage1_annotation,annotation,45413.0,CTAGACAGTCTCAGAT_SC86,,
deepseek,630,3954,4584,512,3881,,,DeepSeekBackend,deepseek-v4-flash,1783932254.0277524,stage1_annotation,annotation,267687.0,CCGTACTTCAGAGCTT_HD67,,
deepseek,621,1311,1932,512,1254,,,DeepSeekBackend,deepseek-v4-flash,1783932254.518093,stage1_annotation,annotation,61531.0,P2_5_GGGAGATAGCGGATCA,,
deepseek,621,1388,2009,512,1317,,,DeepSeekBackend,deepseek-v4-flash,1783932254.6521382,stage1_annotation,annotation,176309.0,TTACAGGTCTAGACCA_SC86,,
deepseek,621,1449,2070,512,1358,,,DeepSeekBackend,deepseek-v4-flash,1783932254.8940735,stage1_annotation,annotation,11145.0,P3_5_AGGCCACGTCTAGCGC,,
deepseek,621,1280,1901,512,1220,,,DeepSeekBackend,deepseek-v4-flash,1783932255.1662507,stage1_annotation,annotation,140240.0,CAGCAGCTCCGCTGTT-SC156,,
deepseek,623,254,877,512,191,,,DeepSeekBackend,deepseek-v4-flash,1783932256.2508328,stage1_annotation,annotation,83218.0,P2_5_CAGGTGCAGGTGCAAC,,
deepseek,623,215,838,512,173,,,DeepSeekBackend,deepseek-v4-flash,1783932257.1329472,stage1_annotation,annotation,326362.0,P1_3_CATCCACGTTTCCACC,,
deepseek,621,824,1445,512,765,,,DeepSeekBackend,deepseek-v4-flash,1783932257.1628697,stage1_annotation,annotation,248574.0,GCTCTGTTCGTTACGA_F02522,,
deepseek,623,163,786,512,108,,,DeepSeekBackend,deepseek-v4-flash,1783932257.5059707,stage1_annotation,annotation,151674.0,AGTGTCACATGCCTAA-1-HCATisStab7747197,,
deepseek,623,389,1012,512,342,,,DeepSeekBackend,deepseek-v4-flash,1783932257.7850094,stage1_annotation,annotation,196560.0,P2_7_CGAATGTTCACGAAGG,,
deepseek,623,229,852,512,172,,,DeepSeekBackend,deepseek-v4-flash,1783932257.9535844,stage1_annotation,annotation,294480.0,CTTACCGAGAGTCTGG-1-HCATisStab7659969,,
deepseek,623,188,811,512,112,,,DeepSeekBackend,deepseek-v4-flash,1783932258.4986608,stage1_annotation,annotation,255331.0,P3_7_TTGCGTCCACAACTGT,,
deepseek,621,1631,2252,512,1571,,,DeepSeekBackend,deepseek-v4-flash,1783932258.9697049,stage1_annotation,annotation,143498.0,P2_5_CAGAATCTCTTTAGTC,,
deepseek,621,2069,2690,512,2009,,,DeepSeekBackend,deepseek-v4-flash,1783932259.0729942,stage1_annotation,annotation,34600.0,AGGTTACTCGTCTAAG_SC86,,
deepseek,623,258,881,512,213,,,DeepSeekBackend,deepseek-v4-flash,1783932259.3324544,stage1_annotation,annotation,136538.0,ATGCGATTCACGAAGG-1-HCATisStab7747197,,
deepseek,623,230,853,512,174,,,DeepSeekBackend,deepseek-v4-flash,1783932259.4083884,stage1_annotation,annotation,151797.0,TGAGCCGCAAAGTCAA-1-HCATisStab7747198,,
deepseek,623,225,848,512,182,,,DeepSeekBackend,deepseek-v4-flash,1783932259.7234178,stage1_annotation,annotation,181681.0,P3_6_TTTGGTTTCTGGCGAC,,
deepseek,623,265,888,512,191,,,DeepSeekBackend,deepseek-v4-flash,1783932259.7869031,stage1_annotation,annotation,148408.0,GGGATGAAGGCCCTCA_F01403,,
deepseek,623,171,794,512,114,,,DeepSeekBackend,deepseek-v4-flash,1783932259.8016462,stage1_annotation,annotation,260159.0,AGCGGTCGTCGCCATG_F01367,,
deepseek,623,180,803,512,139,,,DeepSeekBackend,deepseek-v4-flash,1783932261.2459757,stage1_annotation,annotation,31343.0,CAGCTGGCAGTGACAG_SC07,,
deepseek,623,312,935,512,264,,,DeepSeekBackend,deepseek-v4-flash,1783932262.1507406,stage1_annotation,annotation,62576.0,P1_2_CAAGATCGTTTAGCTG,,
deepseek,623,225,848,512,172,,,DeepSeekBackend,deepseek-v4-flash,1783932262.3415809,stage1_annotation,annotation,191006.0,P2_5_AATCCAGGTAGGGTAC,,
deepseek,623,189,812,512,140,,,DeepSeekBackend,deepseek-v4-flash,1783932262.388814,stage1_annotation,annotation,124568.0,TGATTTCAGCCCTAAT-1-HCATisStab7747200,,
deepseek,623,154,777,512,94,,,DeepSeekBackend,deepseek-v4-flash,1783932262.4030237,stage1_annotation,annotation,235944.0,GTTCGGGAGCCGGTAA-SC156,,
deepseek,623,195,818,512,137,,,DeepSeekBackend,deepseek-v4-flash,1783932262.5998044,stage1_annotation,annotation,292013.0,CAGTCCTTCTCCCTGA-1-HCATisStab7747199,,
deepseek,623,222,845,512,171,,,DeepSeekBackend,deepseek-v4-flash,1783932263.0714595,stage1_annotation,annotation,58635.0,AGTGGGATCTTGCATT-1-HCATisStab7747198,,
deepseek,621,1542,2163,512,1473,,,DeepSeekBackend,deepseek-v4-flash,1783932263.2507598,stage1_annotation,annotation,285471.0,TGCGGCAAGGAAGTAG_SC86,,
deepseek,626,314,940,512,254,,,DeepSeekBackend,deepseek-v4-flash,1783932263.7704692,stage1_annotation,annotation,303732.0,TTAGGCAGTACTCTCC_F02617,,
deepseek,621,2129,2750,512,2043,,,DeepSeekBackend,deepseek-v4-flash,1783932264.058024,stage1_annotation,annotation,204991.0,P2_1_ACGATGTAGACCTAGG,,
deepseek,621,1626,2247,512,1573,,,DeepSeekBackend,deepseek-v4-flash,1783932264.0685544,stage1_annotation,annotation,282064.0,P2_5_TGCTGCTCAGACGTAG,,
deepseek,621,2506,3127,512,2415,,,DeepSeekBackend,deepseek-v4-flash,1783932264.1747496,stage1_annotation,annotation,160266.0,GCCTCTAAGGAGTCTG_F02524,,
deepseek,626,385,1011,0,324,,,DeepSeekBackend,deepseek-v4-flash,1783932264.6330178,stage1_annotation,annotation,38438.0,CGTCTACCAAGGCTCC_F02617,,
deepseek,626,480,1106,0,421,,,DeepSeekBackend,deepseek-v4-flash,1783932265.256795,stage1_annotation,annotation,59199.0,P1_4_GATCGCGAGTTCGCGC,,
deepseek,626,526,1152,512,468,,,DeepSeekBackend,deepseek-v4-flash,1783932266.2371705,stage1_annotation,annotation,210242.0,TCGTAGACACATCCAA_F02617,,
deepseek,626,549,1175,0,497,,,DeepSeekBackend,deepseek-v4-flash,1783932266.2411275,stage1_annotation,annotation,154931.0,CTCTGGTGTGTAAGTA_F02617,,
deepseek,626,289,915,512,241,,,DeepSeekBackend,deepseek-v4-flash,1783932266.348782,stage1_annotation,annotation,144956.0,CCACGGAAGCGAAGGG_F02617,,
deepseek,626,300,926,512,255,,,DeepSeekBackend,deepseek-v4-flash,1783932266.5906193,stage1_annotation,annotation,214960.0,AAAGATGCATGTAGTC_F01366,,
deepseek,621,1575,2196,512,1499,,,DeepSeekBackend,deepseek-v4-flash,1783932267.3227243,stage1_annotation,annotation,26150.0,AGTGCCGCATTGTGCA_SC86,,
deepseek,626,253,879,512,248,,,DeepSeekBackend,deepseek-v4-flash,1783932267.5302904,stage1_annotation,annotation,64644.0,7239217_GTCGTAACATGCAATC,,
deepseek,626,657,1283,512,582,,,DeepSeekBackend,deepseek-v4-flash,1783932267.90129,stage1_annotation,annotation,58764.0,P1_2_TTTGGTTGTGAGGGTT,,
deepseek,626,279,905,512,218,,,DeepSeekBackend,deepseek-v4-flash,1783932268.1983476,stage1_annotation,annotation,206814.0,ACCGTAACAATTGCTG_F02617,,
deepseek,626,599,1225,512,520,,,DeepSeekBackend,deepseek-v4-flash,1783932268.2905245,stage1_annotation,annotation,98523.0,P1_4_CATGACATCGCATGGC,,
deepseek,626,278,904,512,220,,,DeepSeekBackend,deepseek-v4-flash,1783932268.535197,stage1_annotation,annotation,307309.0,TTTATGCAGACTGGGT_F02617,,
deepseek,626,515,1141,512,510,,,DeepSeekBackend,deepseek-v4-flash,1783932268.7107518,stage1_annotation,annotation,50145.0,TCACAAGGTGATAAAC-1-HCATisStab7659970,,
deepseek,626,535,1161,512,461,,,DeepSeekBackend,deepseek-v4-flash,1783932269.9734657,stage1_annotation,annotation,282993.0,P1_4_CATATGGAGTACACCT,,
deepseek,621,2448,3069,512,2377,,,DeepSeekBackend,deepseek-v4-flash,1783932270.963952,stage1_annotation,annotation,228563.0,GTATTGGTCACTTGTT_SC86,,
deepseek,626,544,1170,512,497,,,DeepSeekBackend,deepseek-v4-flash,1783932271.3952968,stage1_annotation,annotation,154547.0,7239217_GGCTCGATCCCTAATT,,
deepseek,631,475,1106,512,417,,,DeepSeekBackend,deepseek-v4-flash,1783932272.40399,stage1_annotation,annotation,177544.0,CCTTCGATCTGCTGTC_F02617,,
deepseek,626,861,1487,512,812,,,DeepSeekBackend,deepseek-v4-flash,1783932273.058265,stage1_annotation,annotation,254863.0,CTCGGAGTCCACGTGG_F02617,,
deepseek,626,693,1319,512,636,,,DeepSeekBackend,deepseek-v4-flash,1783932273.1022036,stage1_annotation,annotation,102620.0,GGGTCTGTCTCCAACC_F02617,,
deepseek,626,969,1595,512,901,,,DeepSeekBackend,deepseek-v4-flash,1783932274.442855,stage1_annotation,annotation,331387.0,CTACGTCTCGATAGAA_F01365,,
deepseek,626,751,1377,512,689,,,DeepSeekBackend,deepseek-v4-flash,1783932275.0265372,stage1_annotation,annotation,319450.0,CTTAACTAGAGTAAGG_F02617,,
deepseek,630,408,1038,0,355,,,DeepSeekBackend,deepseek-v4-flash,1783932275.4288607,stage1_annotation,annotation,320262.0,P3_6_AGGTCATCAATCGAAA,,
deepseek,630,255,885,512,252,,,DeepSeekBackend,deepseek-v4-flash,1783932275.6678138,stage1_annotation,annotation,182009.0,ACGTCCTAGAGTTGAT_SC141,,
deepseek,630,285,915,512,230,,,DeepSeekBackend,deepseek-v4-flash,1783932276.4743617,stage1_annotation,annotation,195368.0,CGCGTTTGTTCCCGAG_F02611,,
deepseek,630,291,921,512,250,,,DeepSeekBackend,deepseek-v4-flash,1783932276.739615,stage1_annotation,annotation,170669.0,P3_6_AGCCTAACATACAGCT,,
deepseek,630,346,976,512,291,,,DeepSeekBackend,deepseek-v4-flash,1783932276.746101,stage1_annotation,annotation,205205.0,CTCCTAGAGTGCCAGA_SC18,,
deepseek,630,239,869,512,197,,,DeepSeekBackend,deepseek-v4-flash,1783932276.7524915,stage1_annotation,annotation,175861.0,CGAGGCTGTCGTTCAA_SC85,,
deepseek,630,548,1178,0,474,,,DeepSeekBackend,deepseek-v4-flash,1783932277.251061,stage1_annotation,annotation,233981.0,GATCGCGTCAGCATGT_F02617,,
deepseek,630,448,1078,512,392,,,DeepSeekBackend,deepseek-v4-flash,1783932277.2564278,stage1_annotation,annotation,216974.0,TGGGATTCAGACTGCC_SC144,,
deepseek,621,3079,3700,512,3014,,,DeepSeekBackend,deepseek-v4-flash,1783932277.7774677,stage1_annotation,annotation,38070.0,AAGTACCGTTGTCCCT_SC86,,
deepseek,630,307,937,512,253,,,DeepSeekBackend,deepseek-v4-flash,1783932277.9811912,stage1_annotation,annotation,117298.0,ACGCAGCTCCGTACAA_HD66,,
deepseek,630,418,1048,512,371,,,DeepSeekBackend,deepseek-v4-flash,1783932278.0726817,stage1_annotation,annotation,263162.0,ATGAGGGAGGAGCGAG_HD66,,
deepseek,630,660,1290,0,604,,,DeepSeekBackend,deepseek-v4-flash,1783932278.1561046,stage1_annotation,annotation,62344.0,TGGGCGTCACGAAGCA_HD66,,
deepseek,630,318,948,512,263,,,DeepSeekBackend,deepseek-v4-flash,1783932279.6843398,stage1_annotation,annotation,102270.0,TCAATTCGTACTGACT_SC85,,
deepseek,634,206,840,0,137,,,DeepSeekBackend,deepseek-v4-flash,1783932279.7524953,stage1_annotation,annotation,278252.0,TGAGCCGCAATGGTCT-SC59,,
deepseek,634,216,850,512,162,,,DeepSeekBackend,deepseek-v4-flash,1783932280.2753394,stage1_annotation,annotation,153185.0,GCTGCTTCAAACCCAT_HD66,,
deepseek,634,321,955,0,253,,,DeepSeekBackend,deepseek-v4-flash,1783932280.3337498,stage1_annotation,annotation,239557.0,GTTACAGTCTTGACGA_F02611,,
deepseek,630,258,888,512,188,,,DeepSeekBackend,deepseek-v4-flash,1783932280.4093235,stage1_annotation,annotation,141500.0,CTGAAGTAGTTCGCAT_HD66,,
deepseek,634,250,884,0,189,,,DeepSeekBackend,deepseek-v4-flash,1783932280.4854648,stage1_annotation,annotation,117269.0,GACCAATAGGATGTAT_F01851,,
deepseek,634,240,874,512,180,,,DeepSeekBackend,deepseek-v4-flash,1783932280.528889,stage1_annotation,annotation,233937.0,TTTATGCCATCCCACT_SC07,,
deepseek,630,442,1072,512,395,,,DeepSeekBackend,deepseek-v4-flash,1783932280.6504686,stage1_annotation,annotation,111142.0,TCGGGACTCAGGAAGC_SC85,,
deepseek,634,295,929,512,226,,,DeepSeekBackend,deepseek-v4-flash,1783932280.943108,stage1_annotation,annotation,19385.0,7185213_CATATTCGTCTGCGGT,,
deepseek,634,226,860,512,158,,,DeepSeekBackend,deepseek-v4-flash,1783932280.9764488,stage1_annotation,annotation,107741.0,TGGACGCAGCGTGAGT_HD67,,
deepseek,634,208,842,512,149,,,DeepSeekBackend,deepseek-v4-flash,1783932281.0949407,stage1_annotation,annotation,315592.0,CTGCGGACAGATGAGC_F02611,,
deepseek,634,224,858,512,165,,,DeepSeekBackend,deepseek-v4-flash,1783932281.1177685,stage1_annotation,annotation,251722.0,AATCCAGGTTGGACCC_F02528,,
deepseek,634,378,1012,0,298,,,DeepSeekBackend,deepseek-v4-flash,1783932281.1736152,stage1_annotation,annotation,173139.0,GTCCTCACAACGCACC_HD67,,
deepseek,630,287,917,512,206,,,DeepSeekBackend,deepseek-v4-flash,1783932281.499625,stage1_annotation,annotation,215393.0,TCACGGGTCATTGTGG_SC85,,
deepseek,630,378,1008,512,327,,,DeepSeekBackend,deepseek-v4-flash,1783932282.2011452,stage1_annotation,annotation,270479.0,TGTCCCATCCCTAACC_F02611,,
deepseek,630,239,869,512,182,,,DeepSeekBackend,deepseek-v4-flash,1783932282.3597796,stage1_annotation,annotation,208164.0,ATGTGTGAGTTCGATC_F02617,,
deepseek,630,249,879,512,197,,,DeepSeekBackend,deepseek-v4-flash,1783932282.423413,stage1_annotation,annotation,182875.0,ATCTACTTCGCCGTGA_F02611,,
deepseek,634,197,831,512,137,,,DeepSeekBackend,deepseek-v4-flash,1783932282.9699895,stage1_annotation,annotation,8429.0,TCAGGATTCCGAATGT_SC27,,
deepseek,634,247,881,512,182,,,DeepSeekBackend,deepseek-v4-flash,1783932283.2923312,stage1_annotation,annotation,186749.0,CGCTGGAAGAGTACCG_HD67,,
deepseek,634,203,837,512,163,,,DeepSeekBackend,deepseek-v4-flash,1783932283.442825,stage1_annotation,annotation,89805.0,TGCGTGGAGAGACTTA_F02509,,
deepseek,634,271,905,512,202,,,DeepSeekBackend,deepseek-v4-flash,1783932283.5271342,stage1_annotation,annotation,21428.0,GGAGGATGTGGTCCCA_SC85,,
deepseek,634,219,853,512,164,,,DeepSeekBackend,deepseek-v4-flash,1783932283.6741958,stage1_annotation,annotation,49078.0,ACTTTCACATTGAGCT_F01692,,
deepseek,634,265,899,512,211,,,DeepSeekBackend,deepseek-v4-flash,1783932283.8716896,stage1_annotation,annotation,262214.0,AGCAGCCTCTCGCTTG_F01394,,
deepseek,630,652,1282,512,590,,,DeepSeekBackend,deepseek-v4-flash,1783932284.2838643,stage1_annotation,annotation,78139.0,CTAATGGTCATTGCCC_HD66,,
deepseek,634,200,834,512,142,,,DeepSeekBackend,deepseek-v4-flash,1783932284.3007674,stage1_annotation,annotation,296478.0,GCGCCAAAGTCATGCT_HD67,,
deepseek,634,305,939,512,240,,,DeepSeekBackend,deepseek-v4-flash,1783932284.5430934,stage1_annotation,annotation,274550.0,TAGGCATGTTCCGTCT_F02611,,
deepseek,630,463,1093,512,417,,,DeepSeekBackend,deepseek-v4-flash,1783932284.6415205,stage1_annotation,annotation,174915.0,CCTATTAGTAGAAGGA_HD66,,
deepseek,634,325,959,512,260,,,DeepSeekBackend,deepseek-v4-flash,1783932285.0031164,stage1_annotation,annotation,23736.0,GTCAAGTGTACGCACC_F01851,,
deepseek,634,325,959,512,249,,,DeepSeekBackend,deepseek-v4-flash,1783932285.2310934,stage1_annotation,annotation,325546.0,ATTTCTGTCTGGTATG_HD67,,
deepseek,618,479,1097,0,412,,,DeepSeekBackend,deepseek-v4-flash,1783932287.1099408,stage1_annotation,annotation,69920.0,GTGTGGCAGTATGAGT_SC86,,
deepseek,626,2117,2743,512,2066,,,DeepSeekBackend,deepseek-v4-flash,1783932288.8317776,stage1_annotation,annotation,160778.0,P1_4_CGATGGCAGATGCCTT,,
deepseek,618,579,1197,512,526,,,DeepSeekBackend,deepseek-v4-flash,1783932289.442547,stage1_annotation,annotation,238522.0,P3_5_CATTCGCCAGAGTGTG,,
deepseek,618,572,1190,512,525,,,DeepSeekBackend,deepseek-v4-flash,1783932289.9073439,stage1_annotation,annotation,223235.0,TCACGCTCAGGTTCAT_SC86,,
deepseek,618,790,1408,0,743,,,DeepSeekBackend,deepseek-v4-flash,1783932290.0559924,stage1_annotation,annotation,147233.0,GCCGTGAGTGGCTAGA_SC86,,
deepseek,618,529,1147,512,446,,,DeepSeekBackend,deepseek-v4-flash,1783932290.7353864,stage1_annotation,annotation,47971.0,TTTGATCTCATCTGTT_SC86,,
deepseek,618,630,1248,512,583,,,DeepSeekBackend,deepseek-v4-flash,1783932291.2044683,stage1_annotation,annotation,217953.0,CACATAGCAGGATTGG-1-HCATisStab7747198,,
deepseek,618,542,1160,512,484,,,DeepSeekBackend,deepseek-v4-flash,1783932292.162909,stage1_annotation,annotation,230117.0,P3_5_GTAACGTTCGCTTAGA,,
deepseek,618,789,1407,512,722,,,DeepSeekBackend,deepseek-v4-flash,1783932292.5549495,stage1_annotation,annotation,242638.0,CTTTCGGCACAGACGA_SC86,,
deepseek,618,817,1435,512,759,,,DeepSeekBackend,deepseek-v4-flash,1783932293.2792778,stage1_annotation,annotation,2589.0,TGGTTAGAGGTTACCT-1-HCATisStab7747198,,
deepseek,618,1036,1654,512,975,,,DeepSeekBackend,deepseek-v4-flash,1783932293.6593113,stage1_annotation,annotation,107077.0,P2_5_ACCAGTACAGCGATCC,,
deepseek,631,264,895,512,201,,,DeepSeekBackend,deepseek-v4-flash,1783932293.6835256,stage1_annotation,annotation,153992.0,ACACCCTCATGCGCAC_F02611,,
deepseek,618,706,1324,512,637,,,DeepSeekBackend,deepseek-v4-flash,1783932293.6916695,stage1_annotation,annotation,205272.0,GGGCATCCAGGAATGC_F01853,,
deepseek,618,901,1519,512,841,,,DeepSeekBackend,deepseek-v4-flash,1783932293.9638827,stage1_annotation,annotation,300852.0,TCATTTGCAGACGCTC-1-HCATisStab7659971,,
deepseek,631,406,1037,0,347,,,DeepSeekBackend,deepseek-v4-flash,1783932294.04416,stage1_annotation,annotation,90960.0,CACAGTAAGCTCTCGG_F01874,,
deepseek,631,332,963,512,268,,,DeepSeekBackend,deepseek-v4-flash,1783932294.3355913,stage1_annotation,annotation,76740.0,ACTGTCCGTAAGGGCT_F02617,,
deepseek,618,1136,1754,0,1059,,,DeepSeekBackend,deepseek-v4-flash,1783932294.3680067,stage1_annotation,annotation,122583.0,ATCATGGAGGCTCAGA_F02522,,
deepseek,631,395,1026,512,351,,,DeepSeekBackend,deepseek-v4-flash,1783932294.706196,stage1_annotation,annotation,133875.0,TACCTTAGTAAGAGGA_F02092,,
deepseek,618,1054,1672,512,992,,,DeepSeekBackend,deepseek-v4-flash,1783932294.7484844,stage1_annotation,annotation,218139.0,GTCTGTCGTGAGCAGT_SC86,,
deepseek,631,361,992,512,302,,,DeepSeekBackend,deepseek-v4-flash,1783932295.381577,stage1_annotation,annotation,307789.0,ATAAGAGGTCCAGTAT_F01874,,
deepseek,631,301,932,512,257,,,DeepSeekBackend,deepseek-v4-flash,1783932295.4271219,stage1_annotation,annotation,99425.0,7239219_TTTATGCCAGGTTTCA,,
deepseek,631,257,888,512,212,,,DeepSeekBackend,deepseek-v4-flash,1783932295.5352328,stage1_annotation,annotation,102896.0,GTATCTTAGTTCGCAT_F01851,,
deepseek,631,279,910,512,234,,,DeepSeekBackend,deepseek-v4-flash,1783932296.07584,stage1_annotation,annotation,193274.0,CCATTCGAGCTAGGCA_F02613,,
deepseek,631,245,876,512,175,,,DeepSeekBackend,deepseek-v4-flash,1783932297.0396545,stage1_annotation,annotation,294803.0,AGGGTGATCTCTAAGG_F02522,,
deepseek,631,325,956,512,257,,,DeepSeekBackend,deepseek-v4-flash,1783932297.1463444,stage1_annotation,annotation,328914.0,TTGACTTTCTGCTTGC_F02617,,
deepseek,631,256,887,512,208,,,DeepSeekBackend,deepseek-v4-flash,1783932297.8980415,stage1_annotation,annotation,262780.0,CATGCCTCAAGCTGGA_F01394,,
deepseek,631,322,953,512,274,,,DeepSeekBackend,deepseek-v4-flash,1783932298.0190048,stage1_annotation,annotation,194923.0,AACTGGTAGGGCTTCC_HD101,,
deepseek,618,950,1568,512,887,,,DeepSeekBackend,deepseek-v4-flash,1783932298.262481,stage1_annotation,annotation,56230.0,TTAGGACGTTGATTGC_HD68,,
deepseek,631,310,941,512,240,,,DeepSeekBackend,deepseek-v4-flash,1783932298.276657,stage1_annotation,annotation,65565.0,7239219_CATTCGCAGCCGCCTA,,
deepseek,631,287,918,512,233,,,DeepSeekBackend,deepseek-v4-flash,1783932298.3139305,stage1_annotation,annotation,22178.0,ACGGGCTTCGGTCCGA_F02607,,
deepseek,618,1314,1932,512,1306,,,DeepSeekBackend,deepseek-v4-flash,1783932298.9582708,stage1_annotation,annotation,242075.0,P3_6_TCAACGAAGTGGTAGC,,
deepseek,631,345,976,512,274,,,DeepSeekBackend,deepseek-v4-flash,1783932299.1308987,stage1_annotation,annotation,125989.0,GTTCGGGGTTCAGACT_F01851,,
deepseek,618,1283,1901,512,1203,,,DeepSeekBackend,deepseek-v4-flash,1783932299.2100286,stage1_annotation,annotation,132032.0,GCTCCTAAGGAATGGA_F02522,,
deepseek,631,375,1006,512,304,,,DeepSeekBackend,deepseek-v4-flash,1783932299.818506,stage1_annotation,annotation,69406.0,ACGGCCATCGTGGTCG_F02528,,
deepseek,631,348,979,512,249,,,DeepSeekBackend,deepseek-v4-flash,1783932299.9101691,stage1_annotation,annotation,131755.0,GTTCGGGTCGGTTCGG_F02617,,
deepseek,631,350,981,512,347,,,DeepSeekBackend,deepseek-v4-flash,1783932300.3460183,stage1_annotation,annotation,284539.0,AGCATACTCCTGTACC_F02611,,
deepseek,631,553,1184,512,550,,,DeepSeekBackend,deepseek-v4-flash,1783932300.3638568,stage1_annotation,annotation,51898.0,CCAATCCAGAACTGTA_F01641,,
deepseek,618,1583,2201,512,1513,,,DeepSeekBackend,deepseek-v4-flash,1783932301.6229084,stage1_annotation,annotation,167607.0,CTACATTTCGAAGCAG_SC86,,
deepseek,618,1504,2122,512,1434,,,DeepSeekBackend,deepseek-v4-flash,1783932301.7873528,stage1_annotation,annotation,58099.0,CTCTGGTGTTCCCTTG_F02607,,
deepseek,631,703,1334,512,642,,,DeepSeekBackend,deepseek-v4-flash,1783932302.8826292,stage1_annotation,annotation,26550.0,TTATGCTCAGGATTGG_F02617,,
deepseek,621,442,1063,0,369,,,DeepSeekBackend,deepseek-v4-flash,1783932305.9176226,stage1_annotation,annotation,169332.0,AGGGTGAGTTCCACGG_F02607,,
deepseek,621,414,1035,512,361,,,DeepSeekBackend,deepseek-v4-flash,1783932308.1501064,stage1_annotation,annotation,180463.0,P1_4_AGCGTCGTCTGGGCCA,,
deepseek,621,430,1051,512,362,,,DeepSeekBackend,deepseek-v4-flash,1783932308.8932338,stage1_annotation,annotation,309589.0,P1_4_CCTCAGTAGAAACCAT,,
deepseek,621,358,979,512,297,,,DeepSeekBackend,deepseek-v4-flash,1783932310.2901678,stage1_annotation,annotation,113946.0,GTTAAGCTCTTCGGTC-SC56,,
deepseek,621,329,950,512,270,,,DeepSeekBackend,deepseek-v4-flash,1783932310.9809508,stage1_annotation,annotation,229805.0,GGCGTGTAGTTAGGTA_F01639,,
deepseek,618,2622,3240,512,2556,,,DeepSeekBackend,deepseek-v4-flash,1783932311.275578,stage1_annotation,annotation,98340.0,AACCATGGTGTTTGTG_F02607,,
deepseek,621,393,1014,512,341,,,DeepSeekBackend,deepseek-v4-flash,1783932311.7660341,stage1_annotation,annotation,162593.0,GTCTCGTAGAGCTGGT-SC56,,
deepseek,621,402,1023,512,354,,,DeepSeekBackend,deepseek-v4-flash,1783932312.126218,stage1_annotation,annotation,293037.0,GTCTTCGGTGCTGTAT-1-HCATisStab7747198,,
deepseek,621,634,1255,512,587,,,DeepSeekBackend,deepseek-v4-flash,1783932312.301044,stage1_annotation,annotation,254666.0,GTCGGGTCAGCTGCAC_HD66,,
deepseek,621,298,919,512,241,,,DeepSeekBackend,deepseek-v4-flash,1783932312.741874,stage1_annotation,annotation,246628.0,TTCGAAGCAGCTATTG-1-HCATisStab7747197,,
deepseek,621,357,978,512,307,,,DeepSeekBackend,deepseek-v4-flash,1783932313.1261666,stage1_annotation,annotation,40529.0,GACCAATAGTGTGAAT-1-HCATisStab7587211,,
deepseek,621,636,1257,512,585,,,DeepSeekBackend,deepseek-v4-flash,1783932313.3669548,stage1_annotation,annotation,303503.0,CTAAGACTCTGTCTCG-1-HCATisStab7587202,,
deepseek,621,287,908,512,283,,,DeepSeekBackend,deepseek-v4-flash,1783932313.40449,stage1_annotation,annotation,280596.0,CATCAGAAGCTGAACG_F02522,,
deepseek,621,387,1008,512,333,,,DeepSeekBackend,deepseek-v4-flash,1783932313.8795893,stage1_annotation,annotation,196189.0,CCGTTCATCGTCTGCT-1-HCATisStab7587211,,
deepseek,621,328,949,512,265,,,DeepSeekBackend,deepseek-v4-flash,1783932313.9936776,stage1_annotation,annotation,178127.0,GTTCTCGGTAAGCACG-1-HCATisStab7587208,,
deepseek,621,309,930,512,259,,,DeepSeekBackend,deepseek-v4-flash,1783932314.1062365,stage1_annotation,annotation,111794.0,CTAGTGACACTGAAGG-1-HCATisStab7747200,,
deepseek,621,405,1026,512,328,,,DeepSeekBackend,deepseek-v4-flash,1783932314.2817798,stage1_annotation,annotation,145738.0,CACAAACTCTGCCCTA_F02522,,
deepseek,621,563,1184,512,495,,,DeepSeekBackend,deepseek-v4-flash,1783932314.3410885,stage1_annotation,annotation,123934.0,P3_6_GATCGCGGTATAGGGC,,
deepseek,621,553,1174,512,497,,,DeepSeekBackend,deepseek-v4-flash,1783932315.2354043,stage1_annotation,annotation,283235.0,GTGCATAAGACCTAGG-1-HCATisStab7587211,,
deepseek,621,532,1153,512,478,,,DeepSeekBackend,deepseek-v4-flash,1783932315.5307806,stage1_annotation,annotation,122766.0,P3_5_CCTCTGAAGAGTACCG,,
deepseek,621,398,1019,512,347,,,DeepSeekBackend,deepseek-v4-flash,1783932316.280156,stage1_annotation,annotation,102385.0,P2_1_GAGCAGAAGTGGAGTC,,
deepseek,622,450,1072,0,374,,,DeepSeekBackend,deepseek-v4-flash,1783932316.7155604,stage1_annotation,annotation,204669.0,CTCGGGAGTATAGGGC_F02526,,
deepseek,622,238,860,512,169,,,DeepSeekBackend,deepseek-v4-flash,1783932317.1193626,stage1_annotation,annotation,65900.0,CGAGCACCAGCTGTAT-SC59,,
deepseek,622,486,1108,512,423,,,DeepSeekBackend,deepseek-v4-flash,1783932319.7713323,stage1_annotation,annotation,201601.0,TTGTAGGTCATCACCC_HD101,,
deepseek,622,478,1100,512,407,,,DeepSeekBackend,deepseek-v4-flash,1783932320.045799,stage1_annotation,annotation,58923.0,AGACGTTAGCCTATGT_F02524,,
deepseek,626,192,818,0,133,,,DeepSeekBackend,deepseek-v4-flash,1783932320.2152455,stage1_annotation,annotation,208306.0,CCGTACTCAGGTGCCT_F01365,,
deepseek,626,211,837,0,164,,,DeepSeekBackend,deepseek-v4-flash,1783932320.5826526,stage1_annotation,annotation,212828.0,AAATGCCGTTCAGTAC_SC18,,
deepseek,622,412,1034,512,347,,,DeepSeekBackend,deepseek-v4-flash,1783932320.8222096,stage1_annotation,annotation,142625.0,CCTTCGATCTGTCCGT_F01639,,
deepseek,622,754,1376,0,675,,,DeepSeekBackend,deepseek-v4-flash,1783932320.8503482,stage1_annotation,annotation,107886.0,TTTACTGTCGAGAACG_F01365,,
deepseek,622,405,1027,512,359,,,DeepSeekBackend,deepseek-v4-flash,1783932321.1807244,stage1_annotation,annotation,89305.0,P3_7_CGTTCTGCAAGCGTAG,,
deepseek,622,380,1002,512,303,,,DeepSeekBackend,deepseek-v4-flash,1783932321.6028,stage1_annotation,annotation,231036.0,GACGTTAGTACTTCTT_F01367,,
deepseek,622,334,956,512,277,,,DeepSeekBackend,deepseek-v4-flash,1783932321.7783136,stage1_annotation,annotation,309461.0,GTTCGGGGTAACGACG_F01874,,
deepseek,622,348,970,512,343,,,DeepSeekBackend,deepseek-v4-flash,1783932321.9577918,stage1_annotation,annotation,95099.0,TGAGAGGGTTACGACT_F01851,,
deepseek,622,277,899,512,211,,,DeepSeekBackend,deepseek-v4-flash,1783932322.5924013,stage1_annotation,annotation,213564.0,CTAGAGTGTGGCTCCA_F01394,,
deepseek,622,589,1211,512,515,,,DeepSeekBackend,deepseek-v4-flash,1783932322.618203,stage1_annotation,annotation,8550.0,TTATGCTGTCTGCCAG_HD67,,
deepseek,626,192,818,512,131,,,DeepSeekBackend,deepseek-v4-flash,1783932322.6786783,stage1_annotation,annotation,269896.0,AGTCTTTCAAGCCGTC-SC156,,
deepseek,622,374,996,512,303,,,DeepSeekBackend,deepseek-v4-flash,1783932322.7246487,stage1_annotation,annotation,2306.0,GGTGTTAGTAGTACGG_SC84,,
deepseek,622,355,977,512,275,,,DeepSeekBackend,deepseek-v4-flash,1783932323.1094224,stage1_annotation,annotation,151693.0,7239219_GGGAGATTCCAGAGGA,,
deepseek,622,418,1040,512,358,,,DeepSeekBackend,deepseek-v4-flash,1783932323.1368535,stage1_annotation,annotation,190082.0,GCCAACGGTCAGTCGC_SC142,,
deepseek,622,408,1030,512,354,,,DeepSeekBackend,deepseek-v4-flash,1783932323.1448302,stage1_annotation,annotation,235610.0,CGAGCACCAAAGTGCG_F01874,,
deepseek,626,189,815,512,134,,,DeepSeekBackend,deepseek-v4-flash,1783932323.1864,stage1_annotation,annotation,137019.0,TGACGGCAGGCGCTCT_HD67,,
deepseek,622,341,963,512,295,,,DeepSeekBackend,deepseek-v4-flash,1783932323.605532,stage1_annotation,annotation,178151.0,7135920_CAGTAACAGGCGTACA,,
deepseek,626,218,844,512,143,,,DeepSeekBackend,deepseek-v4-flash,1783932323.612239,stage1_annotation,annotation,157878.0,TACTTACCACCATCCT_F01365,,
deepseek,626,153,779,512,80,,,DeepSeekBackend,deepseek-v4-flash,1783932324.0762813,stage1_annotation,annotation,45203.0,P3_7_GTTCATTCACGCGAAA,,
deepseek,626,203,829,512,146,,,DeepSeekBackend,deepseek-v4-flash,1783932324.1066196,stage1_annotation,annotation,90834.0,AGTGTCATCCGTTGTC_F01641,,
deepseek,626,259,885,512,189,,,DeepSeekBackend,deepseek-v4-flash,1783932324.1769204,stage1_annotation,annotation,32145.0,TTTCCAGACTAGAC-SC14,,
deepseek,626,157,783,512,107,,,DeepSeekBackend,deepseek-v4-flash,1783932324.3211083,stage1_annotation,annotation,132510.0,TTGACTTCACCGATAT_F01365,,
deepseek,626,124,750,512,120,,,DeepSeekBackend,deepseek-v4-flash,1783932324.3993244,stage1_annotation,annotation,237963.0,CTGGTCTGTGGTACAG_SC18,,
deepseek,622,419,1041,512,344,,,DeepSeekBackend,deepseek-v4-flash,1783932324.4650443,stage1_annotation,annotation,141430.0,TCACGAACAAGGTTCT_F01394,,
deepseek,626,297,923,512,252,,,DeepSeekBackend,deepseek-v4-flash,1783932324.6702795,stage1_annotation,annotation,261476.0,ATCCACCTCATGTGGT_F01367,,
deepseek,626,246,872,512,183,,,DeepSeekBackend,deepseek-v4-flash,1783932324.7737932,stage1_annotation,annotation,320949.0,ACTTGTTAGGACCACA-1-HCATisStab7587208,,
deepseek,626,167,793,512,108,,,DeepSeekBackend,deepseek-v4-flash,1783932325.1783674,stage1_annotation,annotation,244773.0,GCGAGAATCTTGTACT_SC18,,
deepseek,626,109,735,512,105,,,DeepSeekBackend,deepseek-v4-flash,1783932325.5046191,stage1_annotation,annotation,211693.0,TGCCAAAGTAAGGGCT-1-HCATisStab7747198,,
deepseek,626,225,851,512,156,,,DeepSeekBackend,deepseek-v4-flash,1783932325.9564817,stage1_annotation,annotation,325725.0,AGAGCTTGTCGATTGT_F01366,,
deepseek,622,674,1296,512,595,,,DeepSeekBackend,deepseek-v4-flash,1783932325.9733613,stage1_annotation,annotation,49987.0,AAAGCAACAACGATCT_F01394,,
deepseek,622,660,1282,512,601,,,DeepSeekBackend,deepseek-v4-flash,1783932326.1246252,stage1_annotation,annotation,105101.0,TGTGGTACAGCTGTAT_F01639,,
deepseek,626,250,876,512,196,,,DeepSeekBackend,deepseek-v4-flash,1783932326.3092515,stage1_annotation,annotation,314820.0,TCCGATCAGGAAAGGT_SC84,,
deepseek,626,203,829,512,131,,,DeepSeekBackend,deepseek-v4-flash,1783932326.407582,stage1_annotation,annotation,235774.0,ACCCACTTCTTGAGGT_SC07,,
deepseek,626,221,847,512,158,,,DeepSeekBackend,deepseek-v4-flash,1783932326.524191,stage1_annotation,annotation,34452.0,GAACGGAAGTGCGATG_F01366,,
deepseek,626,278,904,512,221,,,DeepSeekBackend,deepseek-v4-flash,1783932326.7773623,stage1_annotation,annotation,319376.0,AGGTCCGTCTCCGGTT_SC18,,
deepseek,626,242,868,512,188,,,DeepSeekBackend,deepseek-v4-flash,1783932326.8180618,stage1_annotation,annotation,174278.0,TGCCAAATCATGTAGC_F01394,,
deepseek,619,751,1370,512,685,,,DeepSeekBackend,deepseek-v4-flash,1783932334.3997424,stage1_annotation,annotation,177673.0,CTGCGGAGTATAGGTA-1-HCATisStab7587205,,
deepseek,619,690,1309,512,635,,,DeepSeekBackend,deepseek-v4-flash,1783932336.1381562,stage1_annotation,annotation,26390.0,TACGGATTCCTCGCAT_HD66,,
deepseek,619,786,1405,512,734,,,DeepSeekBackend,deepseek-v4-flash,1783932336.1557112,stage1_annotation,annotation,27491.0,GCGACCAGTACTCGCG-1-HCATisStab7587205,,
deepseek,619,830,1449,512,772,,,DeepSeekBackend,deepseek-v4-flash,1783932336.430812,stage1_annotation,annotation,94831.0,CGGCTAGGTTTAGGAA_F02524,,
deepseek,619,840,1459,512,832,,,DeepSeekBackend,deepseek-v4-flash,1783932336.8702374,stage1_annotation,annotation,145698.0,P2_5_CTCAGAACAGATGAGC,,
deepseek,619,1378,1997,512,1316,,,DeepSeekBackend,deepseek-v4-flash,1783932341.589062,stage1_annotation,annotation,329653.0,ATAGACCCAATAGAGT_F01366,,
deepseek,628,430,1058,512,354,,,DeepSeekBackend,deepseek-v4-flash,1783932341.9678872,stage1_annotation,annotation,139169.0,GTCCTCATCCAAACTG_HD66,,
deepseek,628,439,1067,512,378,,,DeepSeekBackend,deepseek-v4-flash,1783932342.139383,stage1_annotation,annotation,169984.0,CTTGGCTTCCTCAATT_SC18,,
deepseek,619,1478,2097,0,1413,,,DeepSeekBackend,deepseek-v4-flash,1783932342.9361763,stage1_annotation,annotation,318501.0,P2_7_TCGTAGATCGTTGACA,,
deepseek,628,713,1341,0,660,,,DeepSeekBackend,deepseek-v4-flash,1783932343.2010076,stage1_annotation,annotation,87045.0,AGTGGGATCAAGGCTT_SC18,,
deepseek,628,532,1160,512,471,,,DeepSeekBackend,deepseek-v4-flash,1783932343.4223087,stage1_annotation,annotation,294352.0,GTCACAACAAATACAG_SC18,,
deepseek,628,249,877,512,177,,,DeepSeekBackend,deepseek-v4-flash,1783932345.6741385,stage1_annotation,annotation,282100.0,P3_6_CATGACACACGAGAGT,,
deepseek,619,1439,2058,512,1353,,,DeepSeekBackend,deepseek-v4-flash,1783932345.9683282,stage1_annotation,annotation,201879.0,P3_7_ACAGCTACAATAGCGG,,
deepseek,619,1555,2174,512,1493,,,DeepSeekBackend,deepseek-v4-flash,1783932346.1045773,stage1_annotation,annotation,25096.0,P2_5_ACAGCCGCAAGACACG,,
deepseek,619,1703,2322,512,1635,,,DeepSeekBackend,deepseek-v4-flash,1783932347.437224,stage1_annotation,annotation,268481.0,P3_7_GACGTTACAAAGAATC,,
deepseek,628,405,1033,512,348,,,DeepSeekBackend,deepseek-v4-flash,1783932347.6299613,stage1_annotation,annotation,226207.0,CGTTAGACACGAAGCA_HD101,,
deepseek,628,336,964,512,277,,,DeepSeekBackend,deepseek-v4-flash,1783932347.677909,stage1_annotation,annotation,251195.0,P3_6_TAAACCGGTGCGAAAC,,
deepseek,628,328,956,512,281,,,DeepSeekBackend,deepseek-v4-flash,1783932347.927998,stage1_annotation,annotation,133930.0,GACGGCTGTTTGTGTG_F02617,,
deepseek,619,1783,2402,512,1724,,,DeepSeekBackend,deepseek-v4-flash,1783932347.9574478,stage1_annotation,annotation,284026.0,P1_2_ACTGTCCTCAGTTTGG,,
deepseek,619,1847,2466,0,1783,,,DeepSeekBackend,deepseek-v4-flash,1783932348.2624903,stage1_annotation,annotation,258692.0,ATCGAGTTCCAGAAGG_F01607,,
deepseek,628,594,1222,512,539,,,DeepSeekBackend,deepseek-v4-flash,1783932348.7242413,stage1_annotation,annotation,1715.0,AGTGGGAGTGCCTGTG_SC20,,
deepseek,628,410,1038,512,354,,,DeepSeekBackend,deepseek-v4-flash,1783932348.9687073,stage1_annotation,annotation,80988.0,GATGCTAAGTATCGAA_F02522,,
deepseek,628,315,943,512,245,,,DeepSeekBackend,deepseek-v4-flash,1783932350.6195927,stage1_annotation,annotation,312386.0,GCGAGAACACGAAGCA_F02617,,
deepseek,619,2011,2630,512,1933,,,DeepSeekBackend,deepseek-v4-flash,1783932351.493177,stage1_annotation,annotation,331625.0,GATCTAGGTTAAGACA_F01367,,
deepseek,619,2118,2737,512,2049,,,DeepSeekBackend,deepseek-v4-flash,1783932351.743167,stage1_annotation,annotation,160770.0,P2_5_TTCGGTCCATGGGAAC,,
deepseek,619,2143,2762,512,2063,,,DeepSeekBackend,deepseek-v4-flash,1783932351.8697557,stage1_annotation,annotation,241542.0,P3_7_GGACATTAGAGAGCTC,,
deepseek,628,289,917,512,231,,,DeepSeekBackend,deepseek-v4-flash,1783932351.9620543,stage1_annotation,annotation,226129.0,CTCGTACGTACCTACA_F01851,,
deepseek,628,290,918,512,226,,,DeepSeekBackend,deepseek-v4-flash,1783932352.5420346,stage1_annotation,annotation,174561.0,AGGGAGTAGAGCTATA_HD66,,
deepseek,628,480,1108,512,419,,,DeepSeekBackend,deepseek-v4-flash,1783932352.6139922,stage1_annotation,annotation,113711.0,GACAGAGCATTGTGCA_HD67,,
deepseek,628,401,1029,512,341,,,DeepSeekBackend,deepseek-v4-flash,1783932352.9224453,stage1_annotation,annotation,174801.0,P3_6_AGTGTCAGTCATCCCT,,
deepseek,628,470,1098,512,409,,,DeepSeekBackend,deepseek-v4-flash,1783932354.4259362,stage1_annotation,annotation,260043.0,AGAGTGGCACATGACT_F01157,,
deepseek,628,668,1296,512,597,,,DeepSeekBackend,deepseek-v4-flash,1783932356.0903616,stage1_annotation,annotation,232826.0,GGAGCAATCACCTCGT_SC22,,
deepseek,628,1565,2193,512,1503,,,DeepSeekBackend,deepseek-v4-flash,1783932356.6965342,stage1_annotation,annotation,206922.0,CAACTAGTCTGAGTGT_HD67,,
deepseek,624,483,1107,0,407,,,DeepSeekBackend,deepseek-v4-flash,1783932357.051865,stage1_annotation,annotation,134285.0,CTCGAAACACTGTTAG_F02522,,
deepseek,624,545,1169,0,477,,,DeepSeekBackend,deepseek-v4-flash,1783932357.1917744,stage1_annotation,annotation,256343.0,GTCGTTCTCCAATGCA_SC85,,
deepseek,619,2758,3377,0,2717,,,DeepSeekBackend,deepseek-v4-flash,1783932359.6447008,stage1_annotation,annotation,44790.0,CATGGCGGTTTGTTTC_F02611,,
deepseek,628,1203,1831,512,1123,,,DeepSeekBackend,deepseek-v4-flash,1783932360.8557384,stage1_annotation,annotation,89292.0,P3_6_TGAGAGGCAATCTGCA,,
deepseek,619,2975,3594,512,2896,,,DeepSeekBackend,deepseek-v4-flash,1783932362.8594637,stage1_annotation,annotation,34589.0,7119453_TATCAGGCAGACAAAT,,
deepseek,624,432,1056,512,377,,,DeepSeekBackend,deepseek-v4-flash,1783932363.6550307,stage1_annotation,annotation,139605.0,GCGAGAATCGGGAGTA_F02526,,
deepseek,624,827,1451,512,765,,,DeepSeekBackend,deepseek-v4-flash,1783932364.603437,stage1_annotation,annotation,241976.0,CAACGATAGCCTTCTC_SC85,,
deepseek,624,878,1502,512,805,,,DeepSeekBackend,deepseek-v4-flash,1783932364.7681804,stage1_annotation,annotation,130473.0,CCTTACGAGTCAATAG_F02522,,
deepseek,624,454,1078,512,360,,,DeepSeekBackend,deepseek-v4-flash,1783932365.0696151,stage1_annotation,annotation,267158.0,P3_6_TACTCGCAGCCTCGTG,,
deepseek,624,445,1069,512,386,,,DeepSeekBackend,deepseek-v4-flash,1783932365.2471523,stage1_annotation,annotation,177517.0,P3_6_GCTGCGATCCTATGTT,,
deepseek,628,1569,2197,512,1502,,,DeepSeekBackend,deepseek-v4-flash,1783932366.7265494,stage1_annotation,annotation,11834.0,TCGGTAATCTCGGACG_F02607,,
deepseek,619,3240,3859,512,3194,,,DeepSeekBackend,deepseek-v4-flash,1783932367.7066834,stage1_annotation,annotation,175402.0,P3_7_AGCGTATCACGGCTAC,,
deepseek,624,1073,1697,512,1002,,,DeepSeekBackend,deepseek-v4-flash,1783932368.2991333,stage1_annotation,annotation,20288.0,GTGCATATCATGTCCC_SC07,,
deepseek,624,1180,1804,512,1079,,,DeepSeekBackend,deepseek-v4-flash,1783932369.6234775,stage1_annotation,annotation,332120.0,ACTGATGGTGCAGGTA_F02607,,
deepseek,624,1400,2024,512,1299,,,DeepSeekBackend,deepseek-v4-flash,1783932370.2914307,stage1_annotation,annotation,284552.0,TAGGAGGCAAGCGGAT_SC85,,
deepseek,624,1384,2008,512,1292,,,DeepSeekBackend,deepseek-v4-flash,1783932371.8391695,stage1_annotation,annotation,62284.0,CCTTACGGTCCATGAT_HD66,,
deepseek,624,1261,1885,512,1191,,,DeepSeekBackend,deepseek-v4-flash,1783932372.0517256,stage1_annotation,annotation,191564.0,TTTGGTTGTTCGTGAT_F02522,,
deepseek,624,568,1192,512,506,,,DeepSeekBackend,deepseek-v4-flash,1783932372.8637524,stage1_annotation,annotation,198910.0,GGATGTTTCAACACCA-SC156,,
deepseek,624,1248,1872,512,1161,,,DeepSeekBackend,deepseek-v4-flash,1783932373.5686674,stage1_annotation,annotation,211504.0,TGGCGCAGTCAGATAA_HD66,,
deepseek,624,1720,2344,512,1650,,,DeepSeekBackend,deepseek-v4-flash,1783932374.0795069,stage1_annotation,annotation,231784.0,CAAGAAAAGCGAGAAA-SC155,,
deepseek,619,4096,4715,0,4096,,,DeepSeekBackend,deepseek-v4-flash,1783932378.0432174,stage1_annotation,annotation,82741.0,CGTGTAACATACTCTT_F01639,,
deepseek,624,1307,1931,512,1236,,,DeepSeekBackend,deepseek-v4-flash,1783932378.9032867,stage1_annotation,annotation,177797.0,TACTTGTTCGTACGGC-SC156,,
deepseek,619,4096,4715,0,4096,,,DeepSeekBackend,deepseek-v4-flash,1783932380.106271,stage1_annotation,annotation,103470.0,P3_7_GCGACCACAAGCCCAC,,
deepseek,624,1342,1966,512,1289,,,DeepSeekBackend,deepseek-v4-flash,1783932383.1703494,stage1_annotation,annotation,46853.0,GTGTTAGTCGCCTGTT_F02617,,
deepseek,624,1597,2221,512,1523,,,DeepSeekBackend,deepseek-v4-flash,1783932383.482049,stage1_annotation,annotation,332099.0,CGCTTCAAGGTGCACA-SC156,,
deepseek,624,2637,3261,512,2574,,,DeepSeekBackend,deepseek-v4-flash,1783932385.4772,stage1_annotation,annotation,41342.0,CAGCGACGTGCTCTTC_F01607,,
deepseek,655,1166,1821,512,1162,,,DeepSeekBackend,deepseek-v4-flash,1783932392.8907807,stage1_annotation,annotation,82741.0,CGTGTAACATACTCTT_F01639,,
deepseek,625,191,816,0,139,,,DeepSeekBackend,deepseek-v4-flash,1783932396.8626184,stage1_annotation,annotation,166835.0,ACTGAGTTCTAACGGT_SC18,,
deepseek,625,273,898,512,219,,,DeepSeekBackend,deepseek-v4-flash,1783932398.779216,stage1_annotation,annotation,319901.0,7239220_CAAGAAACAAACCCAT,,
deepseek,625,298,923,512,226,,,DeepSeekBackend,deepseek-v4-flash,1783932399.6187804,stage1_annotation,annotation,320892.0,TACTTACTCCCTCTCC_SC141,,
deepseek,624,3173,3797,512,3089,,,DeepSeekBackend,deepseek-v4-flash,1783932399.6457946,stage1_annotation,annotation,97862.0,ATCTGCCTCCGCAAGC_F02611,,
deepseek,625,248,873,512,200,,,DeepSeekBackend,deepseek-v4-flash,1783932400.8448088,stage1_annotation,annotation,115732.0,CAGATCACATTAACCG_F02522,,
deepseek,655,1656,2311,640,1599,,,DeepSeekBackend,deepseek-v4-flash,1783932402.5485432,stage1_annotation,annotation,103470.0,P3_7_GCGACCACAAGCCCAC,,
deepseek,625,246,871,512,186,,,DeepSeekBackend,deepseek-v4-flash,1783932402.8395777,stage1_annotation,annotation,250205.0,TTATGCTAGCGTCAAG_F02611,,
deepseek,625,298,923,512,242,,,DeepSeekBackend,deepseek-v4-flash,1783932404.0233843,stage1_annotation,annotation,298874.0,GCACTCTGTTAAGAAC-1-HCATisStab7747197,,
deepseek,625,205,830,512,144,,,DeepSeekBackend,deepseek-v4-flash,1783932405.7870088,stage1_annotation,annotation,149662.0,AGCCTAATCCAACCAA-1-HCATisStab7587208,,
deepseek,625,242,867,512,184,,,DeepSeekBackend,deepseek-v4-flash,1783932406.0214086,stage1_annotation,annotation,102193.0,GGCCGATAGTTCGATC_F01607,,
deepseek,619,367,986,0,305,,,DeepSeekBackend,deepseek-v4-flash,1783932408.6016965,stage1_annotation,annotation,84905.0,TGGCCAGGTTACCAGT_F02522,,
deepseek,625,233,858,512,158,,,DeepSeekBackend,deepseek-v4-flash,1783932409.0460649,stage1_annotation,annotation,179632.0,GCTCTGTCATTGGGCC_F01851,,
deepseek,625,274,899,512,201,,,DeepSeekBackend,deepseek-v4-flash,1783932410.0378118,stage1_annotation,annotation,108662.0,TTCGGTCGTTCCTCCA_F02611,,
deepseek,625,345,970,512,278,,,DeepSeekBackend,deepseek-v4-flash,1783932410.1439166,stage1_annotation,annotation,139817.0,TCACGAACAGACAAGC_SC10,,
deepseek,619,354,973,512,285,,,DeepSeekBackend,deepseek-v4-flash,1783932411.1164896,stage1_annotation,annotation,83056.0,P1_3_AAAGATGGTTAAGATG,,
deepseek,625,257,882,512,197,,,DeepSeekBackend,deepseek-v4-flash,1783932411.4724119,stage1_annotation,annotation,296867.0,ACTGATGCAGCACACC_SC85,,
deepseek,625,217,842,512,148,,,DeepSeekBackend,deepseek-v4-flash,1783932412.6722686,stage1_annotation,annotation,114629.0,GATCAGTAGACTCTTG_SC141,,
deepseek,619,792,1411,0,714,,,DeepSeekBackend,deepseek-v4-flash,1783932412.9084055,stage1_annotation,annotation,196057.0,P1_3_GTATTCTAGCAGGTCA,,
deepseek,619,535,1154,512,489,,,DeepSeekBackend,deepseek-v4-flash,1783932414.0753434,stage1_annotation,annotation,20561.0,TTCTCAAAGTAGCGGT_F02528,,
deepseek,625,271,896,512,215,,,DeepSeekBackend,deepseek-v4-flash,1783932415.9395902,stage1_annotation,annotation,78343.0,CTCAGAACATGTAGTC_F01851,,
deepseek,619,785,1404,512,708,,,DeepSeekBackend,deepseek-v4-flash,1783932416.2049868,stage1_annotation,annotation,212712.0,GTATCTTAGATCTGCT_F01366,,
deepseek,619,782,1401,512,677,,,DeepSeekBackend,deepseek-v4-flash,1783932417.046015,stage1_annotation,annotation,225499.0,P1_4_GAACGGAGTGAGGGTT,,
deepseek,619,402,1021,512,340,,,DeepSeekBackend,deepseek-v4-flash,1783932417.175547,stage1_annotation,annotation,194225.0,AGAGTGGAGGTAGCCA_F02607,,
deepseek,619,577,1196,512,507,,,DeepSeekBackend,deepseek-v4-flash,1783932417.457286,stage1_annotation,annotation,224629.0,GACACGCAGAAGATTC_F01639,,
deepseek,625,226,851,512,166,,,DeepSeekBackend,deepseek-v4-flash,1783932418.2488084,stage1_annotation,annotation,186087.0,CATATTCGTTCGGGCT_F01851,,
deepseek,619,792,1411,512,736,,,DeepSeekBackend,deepseek-v4-flash,1783932418.646926,stage1_annotation,annotation,331362.0,GTTGCTCCAACAGTGG_SC144,,
deepseek,619,482,1101,512,417,,,DeepSeekBackend,deepseek-v4-flash,1783932419.498711,stage1_annotation,annotation,317095.0,GACCTGGAGGCCGAAT_F01157,,
deepseek,625,371,996,512,307,,,DeepSeekBackend,deepseek-v4-flash,1783932419.9116216,stage1_annotation,annotation,327106.0,AAAGTAGAGAGGACGG_SC10,,
deepseek,625,282,907,512,225,,,DeepSeekBackend,deepseek-v4-flash,1783932420.3839588,stage1_annotation,annotation,295575.0,CACAGGCAGCTCTCGG-SC56,,
deepseek,623,265,888,0,211,,,DeepSeekBackend,deepseek-v4-flash,1783932420.8574507,stage1_annotation,annotation,310076.0,ACGATACGTGACAAAT_F02617,,
deepseek,619,454,1073,512,388,,,DeepSeekBackend,deepseek-v4-flash,1783932421.0050943,stage1_annotation,annotation,287702.0,TCTCATAGTACCTACA_F02607,,
deepseek,623,360,983,0,303,,,DeepSeekBackend,deepseek-v4-flash,1783932421.4714355,stage1_annotation,annotation,124559.0,ATTCTACCAGTGAGTG_SC27,,
deepseek,619,489,1108,512,441,,,DeepSeekBackend,deepseek-v4-flash,1783932421.9781506,stage1_annotation,annotation,261156.0,P1_2_GATTCAGTCAGTTCGA,,
deepseek,623,320,943,512,257,,,DeepSeekBackend,deepseek-v4-flash,1783932422.561246,stage1_annotation,annotation,315762.0,GCGCCAAAGAAGGTTT_HD67,,
deepseek,619,521,1140,512,516,,,DeepSeekBackend,deepseek-v4-flash,1783932423.1344986,stage1_annotation,annotation,262887.0,CTCCATGAGCGAAACC_SC144,,
deepseek,623,236,859,512,168,,,DeepSeekBackend,deepseek-v4-flash,1783932423.297827,stage1_annotation,annotation,272781.0,GGCTGGTAGCTTATCG_SC27,,
deepseek,625,215,840,512,160,,,DeepSeekBackend,deepseek-v4-flash,1783932423.5239434,stage1_annotation,annotation,128446.0,TCAACGAGTATCGCAT_F02528,,
deepseek,623,316,939,512,257,,,DeepSeekBackend,deepseek-v4-flash,1783932423.5630336,stage1_annotation,annotation,35784.0,P1_2_CCTTCCCCAACGATGG,,
deepseek,623,545,1168,512,486,,,DeepSeekBackend,deepseek-v4-flash,1783932423.813534,stage1_annotation,annotation,188709.0,AATCGGTAGACGCTTT_F01607,,
deepseek,619,802,1421,512,736,,,DeepSeekBackend,deepseek-v4-flash,1783932423.9700274,stage1_annotation,annotation,273056.0,CGTGTCTTCTAGCACA_F02607,,
deepseek,623,246,869,512,158,,,DeepSeekBackend,deepseek-v4-flash,1783932424.0102346,stage1_annotation,annotation,299302.0,CTCGAGGCAGTAAGCG-SC56,,
deepseek,619,467,1086,512,411,,,DeepSeekBackend,deepseek-v4-flash,1783932424.6524704,stage1_annotation,annotation,159218.0,CGTCTACAGAGGGCTT_F02528,,
deepseek,623,368,991,512,323,,,DeepSeekBackend,deepseek-v4-flash,1783932424.9586976,stage1_annotation,annotation,287217.0,ACGATACCACAAGACG_F01692,,
deepseek,625,225,850,512,155,,,DeepSeekBackend,deepseek-v4-flash,1783932425.1680288,stage1_annotation,annotation,303123.0,ACCTTTAGTAGTAGTA_HD67,,
deepseek,623,311,934,512,264,,,DeepSeekBackend,deepseek-v4-flash,1783932425.183437,stage1_annotation,annotation,84872.0,P3_6_GCCTCTATCCGCATCT,,
deepseek,623,304,927,512,252,,,DeepSeekBackend,deepseek-v4-flash,1783932425.2572773,stage1_annotation,annotation,77121.0,CGGACTGTCGAACTGT-SC155,,
deepseek,619,813,1432,512,748,,,DeepSeekBackend,deepseek-v4-flash,1783932425.298024,stage1_annotation,annotation,186407.0,TCTTTCCGTGAAGGCT_F02611,,
deepseek,619,557,1176,512,497,,,DeepSeekBackend,deepseek-v4-flash,1783932425.3449767,stage1_annotation,annotation,264009.0,CGCTGGACAGTGGGAT-SC56,,
deepseek,623,184,807,512,138,,,DeepSeekBackend,deepseek-v4-flash,1783932425.5824902,stage1_annotation,annotation,71729.0,TTGCGTCTCGGTCCGA_F02617,,
deepseek,619,1158,1777,512,1096,,,DeepSeekBackend,deepseek-v4-flash,1783932426.477603,stage1_annotation,annotation,302611.0,TGGGAAGTCGTGGACC_SC27,,
deepseek,623,235,858,512,173,,,DeepSeekBackend,deepseek-v4-flash,1783932426.4844537,stage1_annotation,annotation,190913.0,CGTCAGGTCCGCTGTT-SC59,,
deepseek,623,266,889,512,218,,,DeepSeekBackend,deepseek-v4-flash,1783932426.5812047,stage1_annotation,annotation,93532.0,CAGCGACCAAGTCTAC-SC56,,
deepseek,623,359,982,512,301,,,DeepSeekBackend,deepseek-v4-flash,1783932426.6295047,stage1_annotation,annotation,262592.0,TCAGATGAGACGCTTT_F01692,,
deepseek,625,236,861,512,183,,,DeepSeekBackend,deepseek-v4-flash,1783932426.648841,stage1_annotation,annotation,95027.0,7185212_GTTCGGGGTTACTGAC,,
deepseek,623,264,887,512,219,,,DeepSeekBackend,deepseek-v4-flash,1783932426.8092115,stage1_annotation,annotation,286389.0,CCACCTACAGGTTTCA_F02611,,
deepseek,619,1252,1871,512,1190,,,DeepSeekBackend,deepseek-v4-flash,1783932426.8141828,stage1_annotation,annotation,146044.0,CGGTTAACACCTCGTT_F02092,,
deepseek,623,358,981,512,277,,,DeepSeekBackend,deepseek-v4-flash,1783932428.0343003,stage1_annotation,annotation,108922.0,TCGCGTTGTCGTTGTA_HD67,,
deepseek,628,306,934,0,250,,,DeepSeekBackend,deepseek-v4-flash,1783932428.2016919,stage1_annotation,annotation,53935.0,TGGATCACACCGTGAC_SC141,,
deepseek,628,225,853,512,176,,,DeepSeekBackend,deepseek-v4-flash,1783932428.495816,stage1_annotation,annotation,94532.0,ACTGAGTGTAAGGATT_F01607,,
deepseek,628,209,837,512,156,,,DeepSeekBackend,deepseek-v4-flash,1783932428.5364864,stage1_annotation,annotation,123865.0,CTGTGCTAGAAGGACA_HD67,,
deepseek,628,266,894,512,202,,,DeepSeekBackend,deepseek-v4-flash,1783932428.838883,stage1_annotation,annotation,9454.0,P2_1_GGAGCAACATCTATGG,,
deepseek,623,481,1104,512,416,,,DeepSeekBackend,deepseek-v4-flash,1783932429.1154492,stage1_annotation,annotation,60494.0,P1_2_GTACGTACACTAGTAC,,
deepseek,628,267,895,512,204,,,DeepSeekBackend,deepseek-v4-flash,1783932429.1911795,stage1_annotation,annotation,188670.0,TACTTGTTCTGTACGA_SC24,,
deepseek,628,222,850,512,219,,,DeepSeekBackend,deepseek-v4-flash,1783932429.2781806,stage1_annotation,annotation,281900.0,ACCAGTAAGAACAACT_F02522,,
deepseek,628,283,911,0,208,,,DeepSeekBackend,deepseek-v4-flash,1783932429.4187343,stage1_annotation,annotation,174120.0,AAACGGGGTCATGCAT_SC24,,
deepseek,628,281,909,512,209,,,DeepSeekBackend,deepseek-v4-flash,1783932429.7533445,stage1_annotation,annotation,193035.0,P1_2_TCTCATACAGACGCCT,,
deepseek,623,549,1172,512,510,,,DeepSeekBackend,deepseek-v4-flash,1783932429.8717725,stage1_annotation,annotation,281419.0,TTTACTGTCGTGGTCG-SC56,,
deepseek,628,249,877,512,246,,,DeepSeekBackend,deepseek-v4-flash,1783932430.1217122,stage1_annotation,annotation,259796.0,GTCTTCGCATTCTCAT_SC20,,
deepseek,628,252,880,512,197,,,DeepSeekBackend,deepseek-v4-flash,1783932430.3069987,stage1_annotation,annotation,150868.0,TGACTAGAGCGTCAAG_F01607,,
deepseek,628,255,883,512,196,,,DeepSeekBackend,deepseek-v4-flash,1783932430.495955,stage1_annotation,annotation,56.0,P3_6_AAGACCTGTATCACCA,,
deepseek,628,284,912,512,226,,,DeepSeekBackend,deepseek-v4-flash,1783932430.5200453,stage1_annotation,annotation,102294.0,GAACATCGTCGAGATG_F02526,,
deepseek,628,314,942,512,266,,,DeepSeekBackend,deepseek-v4-flash,1783932430.74358,stage1_annotation,annotation,167754.0,P2_1_GGACGTCTCCAAACAC,,
deepseek,628,330,958,512,262,,,DeepSeekBackend,deepseek-v4-flash,1783932431.2552655,stage1_annotation,annotation,209399.0,P2_5_GGTGTTAGTAGCCTAT,,
deepseek,628,326,954,512,269,,,DeepSeekBackend,deepseek-v4-flash,1783932431.3245707,stage1_annotation,annotation,38642.0,P3_6_TCTTCGGTCTCGGACG,,
deepseek,628,215,843,512,150,,,DeepSeekBackend,deepseek-v4-flash,1783932431.743196,stage1_annotation,annotation,125341.0,AGAGTGGGTCCTGCTT_F02526,,
deepseek,623,1115,1738,512,1047,,,DeepSeekBackend,deepseek-v4-flash,1783932431.8090858,stage1_annotation,annotation,85331.0,TCGCGAGAGGGTTCCC_HD67,,
deepseek,628,235,863,512,172,,,DeepSeekBackend,deepseek-v4-flash,1783932432.0435524,stage1_annotation,annotation,179134.0,ACGGGCTTCCGAGCCA_HD67,,
deepseek,628,268,896,512,210,,,DeepSeekBackend,deepseek-v4-flash,1783932432.1145585,stage1_annotation,annotation,281735.0,P2_7_CTCGGGACAAATTGCC,,
deepseek,628,355,983,512,306,,,DeepSeekBackend,deepseek-v4-flash,1783932432.4079401,stage1_annotation,annotation,155620.0,ATCTGCCCATGAACCT_HD66,,
deepseek,619,1215,1834,512,1210,,,DeepSeekBackend,deepseek-v4-flash,1783932433.1263053,stage1_annotation,annotation,89063.0,CGTGTCTAGATCCTGT_F01851,,
deepseek,627,296,923,0,239,,,DeepSeekBackend,deepseek-v4-flash,1783932433.4781508,stage1_annotation,annotation,189327.0,P1_4_ACACCAAGTGCTAGCC,,
deepseek,627,248,875,512,243,,,DeepSeekBackend,deepseek-v4-flash,1783932433.816287,stage1_annotation,annotation,10976.0,P1_3_GGGCATCAGACCTTTG,,
deepseek,628,443,1071,512,392,,,DeepSeekBackend,deepseek-v4-flash,1783932434.0536602,stage1_annotation,annotation,84160.0,CACACAATCAGGATCT-SC155,,
deepseek,627,313,940,512,308,,,DeepSeekBackend,deepseek-v4-flash,1783932434.4985769,stage1_annotation,annotation,309325.0,P1_4_GTACTTTAGCGGATCA,,
deepseek,627,495,1122,512,433,,,DeepSeekBackend,deepseek-v4-flash,1783932435.4353473,stage1_annotation,annotation,155303.0,P1_3_GTACTTTAGCGGATCA,,
deepseek,627,472,1099,0,413,,,DeepSeekBackend,deepseek-v4-flash,1783932435.7431684,stage1_annotation,annotation,298514.0,P1_2_CGAGAAGCATGTAAGA,,
deepseek,627,476,1103,0,414,,,DeepSeekBackend,deepseek-v4-flash,1783932435.7915745,stage1_annotation,annotation,173785.0,P1_4_GGGCATCAGACCTTTG,,
deepseek,627,290,917,512,207,,,DeepSeekBackend,deepseek-v4-flash,1783932436.1004772,stage1_annotation,annotation,187728.0,P1_4_CGAGAAGCATGTAAGA,,
deepseek,627,534,1161,512,471,,,DeepSeekBackend,deepseek-v4-flash,1783932436.113968,stage1_annotation,annotation,244233.0,P1_3_ACACCAAGTGCTAGCC,,
deepseek,627,485,1112,512,403,,,DeepSeekBackend,deepseek-v4-flash,1783932436.858999,stage1_annotation,annotation,232146.0,P1_2_ACACCAAGTGCTAGCC,,
deepseek,627,479,1106,512,420,,,DeepSeekBackend,deepseek-v4-flash,1783932437.7454305,stage1_annotation,annotation,183729.0,CATGGCGCAGTCGATT_F02509,,
deepseek,627,561,1188,512,502,,,DeepSeekBackend,deepseek-v4-flash,1783932437.9635053,stage1_annotation,annotation,267602.0,P1_3_CGAGAAGCATGTAAGA,,
deepseek,627,523,1150,512,456,,,DeepSeekBackend,deepseek-v4-flash,1783932438.09039,stage1_annotation,annotation,105205.0,P1_2_TGGTTAGAGAAACCAT,,
deepseek,627,601,1228,512,501,,,DeepSeekBackend,deepseek-v4-flash,1783932438.574042,stage1_annotation,annotation,79986.0,P1_2_GTACTTTAGCGGATCA,,
deepseek,627,801,1428,0,796,,,DeepSeekBackend,deepseek-v4-flash,1783932439.746311,stage1_annotation,annotation,222111.0,P1_3_TGGTTAGAGAAACCAT,,
deepseek,627,724,1351,512,647,,,DeepSeekBackend,deepseek-v4-flash,1783932439.7943885,stage1_annotation,annotation,269537.0,GCGGGTTGTAGAAGGA_F01494,,
deepseek,620,603,1223,0,541,,,DeepSeekBackend,deepseek-v4-flash,1783932440.4984162,stage1_annotation,annotation,254399.0,TCATGTTGTATCGATC_SC86,,
deepseek,620,368,988,512,313,,,DeepSeekBackend,deepseek-v4-flash,1783932441.1359446,stage1_annotation,annotation,33445.0,CTTTGCGCACAAGCCC-1-HCATisStab7747199,,
deepseek,620,770,1390,0,689,,,DeepSeekBackend,deepseek-v4-flash,1783932441.1806002,stage1_annotation,annotation,274890.0,GTCTGTCTCGAGATGG_SC86,,
deepseek,620,586,1206,512,536,,,DeepSeekBackend,deepseek-v4-flash,1783932441.6318457,stage1_annotation,annotation,163310.0,TATCAGGCACTTGAGT_SC143,,
deepseek,620,630,1250,512,574,,,DeepSeekBackend,deepseek-v4-flash,1783932441.8362641,stage1_annotation,annotation,329467.0,GTCACAAGTTCTGGTA_F01367,,
deepseek,620,661,1281,512,621,,,DeepSeekBackend,deepseek-v4-flash,1783932441.8714619,stage1_annotation,annotation,59024.0,AACCTTTAGCATCGAG_SC86,,
deepseek,620,298,918,512,237,,,DeepSeekBackend,deepseek-v4-flash,1783932441.9451149,stage1_annotation,annotation,278641.0,TACTTGTAGCAGCCTC-1-HCATisStab7659969,,
deepseek,620,501,1121,512,449,,,DeepSeekBackend,deepseek-v4-flash,1783932442.0913672,stage1_annotation,annotation,286515.0,TGTGGTAAGCCCAGCT-1-HCATisStab7747197,,
deepseek,620,767,1387,512,695,,,DeepSeekBackend,deepseek-v4-flash,1783932443.409635,stage1_annotation,annotation,257960.0,GGGTTATGTCCGCAGT_SC86,,
deepseek,620,768,1388,512,695,,,DeepSeekBackend,deepseek-v4-flash,1783932444.891156,stage1_annotation,annotation,199072.0,AGATAGATCTGAATGC_SC86,,
deepseek,620,737,1357,512,644,,,DeepSeekBackend,deepseek-v4-flash,1783932444.9230037,stage1_annotation,annotation,86891.0,GCTTGGGCAGGACTTT_SC86,,
deepseek,620,220,840,512,173,,,DeepSeekBackend,deepseek-v4-flash,1783932444.9368222,stage1_annotation,annotation,67357.0,CTACACCTCGTGTAGT-1-HCATisStab7747197,,
deepseek,620,288,908,0,283,,,DeepSeekBackend,deepseek-v4-flash,1783932445.0474987,stage1_annotation,annotation,169089.0,TACTCGCCACACTGCG-1-HCATisStab7747197,,
deepseek,620,663,1283,512,658,,,DeepSeekBackend,deepseek-v4-flash,1783932445.1968472,stage1_annotation,annotation,323135.0,ATGATCGCACTTCAAG_SC86,,
deepseek,620,605,1225,512,542,,,DeepSeekBackend,deepseek-v4-flash,1783932445.2714796,stage1_annotation,annotation,98211.0,AAGAACATCCAGTACA_SC86,,
deepseek,620,528,1148,512,459,,,DeepSeekBackend,deepseek-v4-flash,1783932445.761644,stage1_annotation,annotation,118520.0,CGACCTTAGACAGGCT-1-HCATisStab7747198,,
deepseek,620,1128,1748,512,1076,,,DeepSeekBackend,deepseek-v4-flash,1783932446.0637457,stage1_annotation,annotation,211534.0,CTAAGACAGTACCGGA-1-HCATisStab7587202,,
deepseek,620,417,1037,512,367,,,DeepSeekBackend,deepseek-v4-flash,1783932446.5177886,stage1_annotation,annotation,107334.0,GCATACAAGGGTCGAT-1-HCATisStab7747198,,
deepseek,620,726,1346,512,646,,,DeepSeekBackend,deepseek-v4-flash,1783932446.6568463,stage1_annotation,annotation,297638.0,GATTCGAAGTGGTGAC_SC86,,
deepseek,620,441,1061,512,391,,,DeepSeekBackend,deepseek-v4-flash,1783932446.6791263,stage1_annotation,annotation,313886.0,AGATTGCTCCGTAGGC-1-HCATisStab7747198,,
deepseek,620,446,1066,0,403,,,DeepSeekBackend,deepseek-v4-flash,1783932446.7966568,stage1_annotation,annotation,237670.0,P3_5_CCTAGCTTCTTCGGTC,,
deepseek,620,393,1013,512,326,,,DeepSeekBackend,deepseek-v4-flash,1783932447.1678631,stage1_annotation,annotation,268232.0,AACGTTGAGTTGAGAT-1-HCATisStab7659969,,
deepseek,620,619,1239,512,614,,,DeepSeekBackend,deepseek-v4-flash,1783932447.5561538,stage1_annotation,annotation,135265.0,CCTCACAGTCCATAGT_SC86,,
deepseek,620,861,1481,512,798,,,DeepSeekBackend,deepseek-v4-flash,1783932447.7504668,stage1_annotation,annotation,88372.0,TACTTGTGTCTAACGT_F02526,,
deepseek,620,720,1340,512,637,,,DeepSeekBackend,deepseek-v4-flash,1783932448.391331,stage1_annotation,annotation,319029.0,CAAGTTGGTATTCGTG-1-HCATisStab7747197,,
deepseek,620,638,1258,512,567,,,DeepSeekBackend,deepseek-v4-flash,1783932448.4423943,stage1_annotation,annotation,316312.0,GTTCTCGGTTTGACAC_F02526,,
deepseek,620,278,898,512,228,,,DeepSeekBackend,deepseek-v4-flash,1783932448.8190324,stage1_annotation,annotation,87771.0,CTAGTGATCCACGAAT_HD67,,
deepseek,620,458,1078,512,394,,,DeepSeekBackend,deepseek-v4-flash,1783932448.8734949,stage1_annotation,annotation,325560.0,TCGGGACCAATGGAAT_F02611,,
deepseek,620,313,933,512,264,,,DeepSeekBackend,deepseek-v4-flash,1783932449.302868,stage1_annotation,annotation,312326.0,CACCACTTCACGCATA-1-HCATisStab7659971,,
deepseek,620,409,1029,512,361,,,DeepSeekBackend,deepseek-v4-flash,1783932450.093968,stage1_annotation,annotation,296717.0,CCGTACTGTCAGAAGC-1-HCATisStab7659971,,
deepseek,620,288,908,512,239,,,DeepSeekBackend,deepseek-v4-flash,1783932450.8664281,stage1_annotation,annotation,211553.0,TGGGAAGAGATTACCC-1-HCATisStab7747198,,
deepseek,620,401,1021,512,331,,,DeepSeekBackend,deepseek-v4-flash,1783932450.9751925,stage1_annotation,annotation,14264.0,P3_5_TTGGCAAGTTCGGCAC,,
deepseek,627,1649,2276,512,1581,,,DeepSeekBackend,deepseek-v4-flash,1783932451.0124643,stage1_annotation,annotation,154124.0,P1_4_TGGTTAGAGAAACCAT,,
deepseek,620,349,969,512,276,,,DeepSeekBackend,deepseek-v4-flash,1783932451.1298363,stage1_annotation,annotation,251405.0,AGTGAGGAGCTGATAA-1-HCATisStab7659969,,
deepseek,620,537,1157,512,487,,,DeepSeekBackend,deepseek-v4-flash,1783932451.2463229,stage1_annotation,annotation,219700.0,CATCAAGCATTCCTCG-1-HCATisStab7747199,,
deepseek,627,231,858,512,158,,,DeepSeekBackend,deepseek-v4-flash,1783932451.5020993,stage1_annotation,annotation,98306.0,AACCGCGTCTGCTGCT_HD67,,
deepseek,620,416,1036,512,365,,,DeepSeekBackend,deepseek-v4-flash,1783932451.6144097,stage1_annotation,annotation,33258.0,P3_5_GACTGCGGTTCCGGCA,,
deepseek,627,188,815,512,185,,,DeepSeekBackend,deepseek-v4-flash,1783932451.623823,stage1_annotation,annotation,24837.0,CAGATCACATCTCCCA-SC155,,
deepseek,620,515,1135,512,458,,,DeepSeekBackend,deepseek-v4-flash,1783932451.7165713,stage1_annotation,annotation,259465.0,AACTCTTTCACGATGT_F00409,,
deepseek,620,578,1198,512,524,,,DeepSeekBackend,deepseek-v4-flash,1783932451.9025798,stage1_annotation,annotation,198593.0,ACTATCTGTCGTCTTC-1-HCATisStab7747197,,
deepseek,627,226,853,512,163,,,DeepSeekBackend,deepseek-v4-flash,1783932451.9587626,stage1_annotation,annotation,174274.0,CTCGTACGTACCGTAT_SC18,,
deepseek,620,435,1055,512,380,,,DeepSeekBackend,deepseek-v4-flash,1783932452.0098686,stage1_annotation,annotation,185206.0,AGCGGTCTCGTTACAG-1-HCATisStab7747197,,
deepseek,627,309,936,512,238,,,DeepSeekBackend,deepseek-v4-flash,1783932452.0659366,stage1_annotation,annotation,159776.0,TAGTGGTCACACATGT_HD67,,
deepseek,620,560,1180,512,496,,,DeepSeekBackend,deepseek-v4-flash,1783932452.0863354,stage1_annotation,annotation,56375.0,GACACGCAGGTCATCT_HD67,,
deepseek,627,324,951,0,265,,,DeepSeekBackend,deepseek-v4-flash,1783932452.1623545,stage1_annotation,annotation,328221.0,CCCTCCTGTCAAACTC-SC45,,
deepseek,620,488,1108,512,427,,,DeepSeekBackend,deepseek-v4-flash,1783932452.2467844,stage1_annotation,annotation,314177.0,AAGGCAGAGGACATTA_F01365,,
deepseek,627,410,1037,0,344,,,DeepSeekBackend,deepseek-v4-flash,1783932452.5296838,stage1_annotation,annotation,260293.0,GGTATTGAGAACAACT_F01607,,
deepseek,627,303,930,512,222,,,DeepSeekBackend,deepseek-v4-flash,1783932452.9962704,stage1_annotation,annotation,53105.0,TTGCCGTCAACGATCT_F02092,,
deepseek,627,1803,2430,512,1730,,,DeepSeekBackend,deepseek-v4-flash,1783932454.0037913,stage1_annotation,annotation,24354.0,P1_2_GGGCATCAGACCTTTG,,
deepseek,627,318,945,512,261,,,DeepSeekBackend,deepseek-v4-flash,1783932454.512193,stage1_annotation,annotation,290290.0,CTTCTCTGTATGAATG-SC45,,
deepseek,627,312,939,512,260,,,DeepSeekBackend,deepseek-v4-flash,1783932455.2527003,stage1_annotation,annotation,115424.0,GCTGCAGAGCCCAACC_F01851,,
deepseek,621,252,873,0,180,,,DeepSeekBackend,deepseek-v4-flash,1783932455.986,stage1_annotation,annotation,173891.0,CGATCGGCAATGACCT_HD68,,
deepseek,627,369,996,512,301,,,DeepSeekBackend,deepseek-v4-flash,1783932456.0400786,stage1_annotation,annotation,330455.0,AATGGCTTCATGCAGT_SC85,,
deepseek,627,422,1049,512,419,,,DeepSeekBackend,deepseek-v4-flash,1783932456.499,stage1_annotation,annotation,272244.0,TAAGAGACAAGAGGCT_F02528,,
deepseek,621,334,955,0,265,,,DeepSeekBackend,deepseek-v4-flash,1783932457.2363634,stage1_annotation,annotation,327567.0,GTTCATTCACCCATGG_F02524,,
deepseek,627,473,1100,512,431,,,DeepSeekBackend,deepseek-v4-flash,1783932457.258069,stage1_annotation,annotation,259798.0,AGTAGTCAGCCTATGT_SC20,,
deepseek,621,461,1082,0,412,,,DeepSeekBackend,deepseek-v4-flash,1783932458.0105603,stage1_annotation,annotation,283564.0,AAGAACACACACGGAA_SC86,,
deepseek,621,425,1046,0,345,,,DeepSeekBackend,deepseek-v4-flash,1783932458.1231928,stage1_annotation,annotation,60899.0,TTCGGTCAGTGTAGAT_SC86,,
deepseek,621,412,1033,0,348,,,DeepSeekBackend,deepseek-v4-flash,1783932458.2355957,stage1_annotation,annotation,248704.0,CGGAGTCGTCATGCAT-1-HCATisStab7659971,,
deepseek,621,411,1032,0,364,,,DeepSeekBackend,deepseek-v4-flash,1783932458.4148984,stage1_annotation,annotation,221107.0,TAAGCGTGTCGCGGTT_SC143,,
deepseek,621,430,1051,512,425,,,DeepSeekBackend,deepseek-v4-flash,1783932458.5821016,stage1_annotation,annotation,249276.0,TGTCCACAGCGCCTCA_SC141,,
deepseek,621,464,1085,512,407,,,DeepSeekBackend,deepseek-v4-flash,1783932458.8873684,stage1_annotation,annotation,245653.0,AAGGAGCAGCCAGTTT-SC155,,
deepseek,621,532,1153,0,480,,,DeepSeekBackend,deepseek-v4-flash,1783932459.383054,stage1_annotation,annotation,236747.0,P2_2_AGTGGGACAAGCGAGT,,
deepseek,621,534,1155,0,486,,,DeepSeekBackend,deepseek-v4-flash,1783932459.57511,stage1_annotation,annotation,235158.0,TTGACTTTCAGTTAGC-SC156,,
deepseek,621,686,1307,0,627,,,DeepSeekBackend,deepseek-v4-flash,1783932459.8422785,stage1_annotation,annotation,132192.0,P3_5_TCGAGGCCACTTACGA,,
deepseek,621,618,1239,512,541,,,DeepSeekBackend,deepseek-v4-flash,1783932460.0784373,stage1_annotation,annotation,200715.0,P3_5_GACAGAGGTGTGAATA,,
deepseek,621,544,1165,0,479,,,DeepSeekBackend,deepseek-v4-flash,1783932460.282921,stage1_annotation,annotation,198297.0,GGGACTCAGTGACCTT_SC86,,
deepseek,621,421,1042,512,370,,,DeepSeekBackend,deepseek-v4-flash,1783932460.2917593,stage1_annotation,annotation,185883.0,GGAGATGGTAAGGCTG_SC86,,
deepseek,621,691,1312,0,645,,,DeepSeekBackend,deepseek-v4-flash,1783932461.108993,stage1_annotation,annotation,87167.0,CGCTTCAGTCATATGC_F02522,,
deepseek,621,361,982,512,302,,,DeepSeekBackend,deepseek-v4-flash,1783932461.613464,stage1_annotation,annotation,272635.0,ACGTAGTAGTCCCAAT_SC86,,
deepseek,621,685,1306,512,641,,,DeepSeekBackend,deepseek-v4-flash,1783932461.8027115,stage1_annotation,annotation,275401.0,GCGCAGTTCACCAGGC_F02522,,
deepseek,621,518,1139,512,471,,,DeepSeekBackend,deepseek-v4-flash,1783932461.998282,stage1_annotation,annotation,171683.0,CATACAGAGAATCGAT_SC143,,
deepseek,621,655,1276,512,607,,,DeepSeekBackend,deepseek-v4-flash,1783932463.5711293,stage1_annotation,annotation,92815.0,GCAGTTATCAGGCAAG-SC156,,
deepseek,621,798,1419,512,759,,,DeepSeekBackend,deepseek-v4-flash,1783932465.4715216,stage1_annotation,annotation,180539.0,ATCACGAAGGACCACA_F02617,,
deepseek,622,330,952,512,247,,,DeepSeekBackend,deepseek-v4-flash,1783932466.496879,stage1_annotation,annotation,120455.0,P2_1_AACTCTTGTGACGGTA,,
deepseek,622,501,1123,512,459,,,DeepSeekBackend,deepseek-v4-flash,1783932467.1821544,stage1_annotation,annotation,308248.0,P2_7_GATCGATGTTAGTGGG,,
deepseek,622,590,1212,0,516,,,DeepSeekBackend,deepseek-v4-flash,1783932468.0938888,stage1_annotation,annotation,81450.0,7185212_TGACTTTAGTGGACGT,,
deepseek,622,654,1276,0,607,,,DeepSeekBackend,deepseek-v4-flash,1783932468.477804,stage1_annotation,annotation,70756.0,CGGCTAGAGGTGATAT_HD68,,
deepseek,622,433,1055,512,387,,,DeepSeekBackend,deepseek-v4-flash,1783932468.8036134,stage1_annotation,annotation,157596.0,ATTATCCTCAGCTGGC-SC156,,
deepseek,622,448,1070,512,399,,,DeepSeekBackend,deepseek-v4-flash,1783932469.3149855,stage1_annotation,annotation,89079.0,CGTGTCTGTACGCTGC_F02617,,
deepseek,622,408,1030,512,353,,,DeepSeekBackend,deepseek-v4-flash,1783932469.3827977,stage1_annotation,annotation,114970.0,GCCTCTATCAAGCCTA_HD67,,
deepseek,622,501,1123,512,422,,,DeepSeekBackend,deepseek-v4-flash,1783932469.6718104,stage1_annotation,annotation,327399.0,CATACTTCACCTCAGG_SC144,,
deepseek,622,495,1117,512,440,,,DeepSeekBackend,deepseek-v4-flash,1783932469.9270978,stage1_annotation,annotation,245218.0,CCTCTAGAGTGATCGG_SC144,,
deepseek,622,455,1077,512,390,,,DeepSeekBackend,deepseek-v4-flash,1783932470.686827,stage1_annotation,annotation,332793.0,P3_7_TCTCATAAGCCCGAAA,,
deepseek,622,801,1423,512,740,,,DeepSeekBackend,deepseek-v4-flash,1783932470.7773845,stage1_annotation,annotation,228111.0,ACGCCGAAGTGAACAT_F02528,,
deepseek,622,596,1218,512,526,,,DeepSeekBackend,deepseek-v4-flash,1783932471.117969,stage1_annotation,annotation,156991.0,AGCATACCAAGTTCTG_F02617,,
deepseek,622,528,1150,512,523,,,DeepSeekBackend,deepseek-v4-flash,1783932471.5424812,stage1_annotation,annotation,66534.0,ATGTGTGAGCGTTGCC_SC20,,
deepseek,622,482,1104,512,435,,,DeepSeekBackend,deepseek-v4-flash,1783932472.211045,stage1_annotation,annotation,306092.0,TTGACTTCATCCCATC_F02522,,
deepseek,622,775,1397,512,689,,,DeepSeekBackend,deepseek-v4-flash,1783932473.1100883,stage1_annotation,annotation,286973.0,TTAGGACTCGTCCAGG_SC27,,
deepseek,622,846,1468,512,764,,,DeepSeekBackend,deepseek-v4-flash,1783932473.4423394,stage1_annotation,annotation,320647.0,CTCGGAGTCCACGTTC_F02524,,
deepseek,622,777,1399,512,724,,,DeepSeekBackend,deepseek-v4-flash,1783932476.342451,stage1_annotation,annotation,294952.0,GTAACTGTCCTGCAGG_F02607,,
deepseek,622,1283,1905,512,1278,,,DeepSeekBackend,deepseek-v4-flash,1783932477.3814375,stage1_annotation,annotation,216603.0,ACGAGGAAGGCTACGA_F02522,,
deepseek,622,1172,1794,512,1121,,,DeepSeekBackend,deepseek-v4-flash,1783932478.5829537,stage1_annotation,annotation,59369.0,CTGCGGATCTGGTTCC_F01366,,
deepseek,622,1496,2118,512,1419,,,DeepSeekBackend,deepseek-v4-flash,1783932478.8799853,stage1_annotation,annotation,49926.0,TTTATGCCACTCAGGC_F02617,,
deepseek,60,30,90,0,28,,,DeepSeekBackend,deepseek-v4-flash,1783932479.8393934,llm_judge_binary,evaluation,,,8.0,8.0
deepseek,60,36,96,0,34,,,DeepSeekBackend,deepseek-v4-flash,1783932479.8707361,llm_judge_binary,evaluation,,,10.0,10.0
deepseek,60,30,90,0,28,,,DeepSeekBackend,deepseek-v4-flash,1783932479.883235,llm_judge_binary,evaluation,,,14.0,14.0
deepseek,60,36,96,0,34,,,DeepSeekBackend,deepseek-v4-flash,1783932479.9335134,llm_judge_binary,evaluation,,,12.0,12.0
deepseek,60,35,95,0,33,,,DeepSeekBackend,deepseek-v4-flash,1783932480.0080564,llm_judge_binary,evaluation,,,13.0,13.0
deepseek,60,43,103,0,41,,,DeepSeekBackend,deepseek-v4-flash,1783932480.084618,llm_judge_binary,evaluation,,,11.0,11.0
deepseek,60,35,95,0,33,,,DeepSeekBackend,deepseek-v4-flash,1783932480.1501808,llm_judge_binary,evaluation,,,18.0,18.0
deepseek,60,31,91,0,29,,,DeepSeekBackend,deepseek-v4-flash,1783932480.2096434,llm_judge_binary,evaluation,,,7.0,7.0
deepseek,60,40,100,0,38,,,DeepSeekBackend,deepseek-v4-flash,1783932480.2241023,llm_judge_binary,evaluation,,,6.0,6.0
deepseek,60,34,94,0,32,,,DeepSeekBackend,deepseek-v4-flash,1783932480.2495737,llm_judge_binary,evaluation,,,19.0,19.0
deepseek,60,45,105,0,43,,,DeepSeekBackend,deepseek-v4-flash,1783932480.2849877,llm_judge_binary,evaluation,,,5.0,5.0
deepseek,60,32,92,0,30,,,DeepSeekBackend,deepseek-v4-flash,1783932480.292428,llm_judge_binary,evaluation,,,15.0,15.0
deepseek,60,40,100,0,38,,,DeepSeekBackend,deepseek-v4-flash,1783932480.3920093,llm_judge_binary,evaluation,,,17.0,17.0
deepseek,60,104,164,0,102,,,DeepSeekBackend,deepseek-v4-flash,1783932480.82011,llm_judge_binary,evaluation,,,16.0,16.0
deepseek,65,63,128,0,61,,,DeepSeekBackend,deepseek-v4-flash,1783932481.180493,llm_judge_binary,evaluation,,,20.0,20.0
deepseek,60,118,178,0,116,,,DeepSeekBackend,deepseek-v4-flash,1783932481.1951742,llm_judge_binary,evaluation,,,4.0,4.0
deepseek,65,69,134,0,67,,,DeepSeekBackend,deepseek-v4-flash,1783932481.2430258,llm_judge_binary,evaluation,,,22.0,22.0
deepseek,65,55,120,0,53,,,DeepSeekBackend,deepseek-v4-flash,1783932481.2510927,llm_judge_binary,evaluation,,,26.0,26.0
deepseek,65,86,151,0,84,,,DeepSeekBackend,deepseek-v4-flash,1783932481.261672,llm_judge_binary,evaluation,,,23.0,23.0
deepseek,65,73,138,0,71,,,DeepSeekBackend,deepseek-v4-flash,1783932481.2703924,llm_judge_binary,evaluation,,,21.0,21.0
deepseek,65,77,142,0,75,,,DeepSeekBackend,deepseek-v4-flash,1783932481.4003258,llm_judge_binary,evaluation,,,24.0,24.0
deepseek,65,72,137,0,70,,,DeepSeekBackend,deepseek-v4-flash,1783932481.4226449,llm_judge_binary,evaluation,,,28.0,28.0
deepseek,65,70,135,0,68,,,DeepSeekBackend,deepseek-v4-flash,1783932481.4959507,llm_judge_binary,evaluation,,,29.0,29.0
deepseek,60,143,203,0,141,,,DeepSeekBackend,deepseek-v4-flash,1783932481.500531,llm_judge_binary,evaluation,,,9.0,9.0
deepseek,65,73,138,0,71,,,DeepSeekBackend,deepseek-v4-flash,1783932481.5085373,llm_judge_binary,evaluation,,,30.0,30.0
deepseek,60,157,217,0,155,,,DeepSeekBackend,deepseek-v4-flash,1783932481.5327923,llm_judge_binary,evaluation,,,1.0,1.0
deepseek,65,75,140,0,73,,,DeepSeekBackend,deepseek-v4-flash,1783932481.6356008,llm_judge_binary,evaluation,,,32.0,32.0
deepseek,65,82,147,0,80,,,DeepSeekBackend,deepseek-v4-flash,1783932481.657839,llm_judge_binary,evaluation,,,25.0,25.0
deepseek,60,161,221,0,159,,,DeepSeekBackend,deepseek-v4-flash,1783932481.6902556,llm_judge_binary,evaluation,,,2.0,2.0
deepseek,65,89,154,0,87,,,DeepSeekBackend,deepseek-v4-flash,1783932481.6978102,llm_judge_binary,evaluation,,,31.0,31.0
deepseek,65,80,145,0,78,,,DeepSeekBackend,deepseek-v4-flash,1783932481.7050927,llm_judge_binary,evaluation,,,27.0,27.0
deepseek,65,76,141,0,74,,,DeepSeekBackend,deepseek-v4-flash,1783932482.1513157,llm_judge_binary,evaluation,,,33.0,33.0
deepseek,60,226,286,0,224,,,DeepSeekBackend,deepseek-v4-flash,1783932482.1928403,llm_judge_binary,evaluation,,,0.0,0.0
deepseek,60,205,265,0,203,,,DeepSeekBackend,deepseek-v4-flash,1783932482.3405483,llm_judge_binary,evaluation,,,3.0,3.0
deepseek,65,69,134,0,67,,,DeepSeekBackend,deepseek-v4-flash,1783932482.5025778,llm_judge_binary,evaluation,,,38.0,38.0
deepseek,65,68,133,0,66,,,DeepSeekBackend,deepseek-v4-flash,1783932482.5093353,llm_judge_binary,evaluation,,,34.0,34.0
deepseek,65,91,156,0,89,,,DeepSeekBackend,deepseek-v4-flash,1783932482.5805883,llm_judge_binary,evaluation,,,36.0,36.0
deepseek,65,90,155,0,88,,,DeepSeekBackend,deepseek-v4-flash,1783932482.6859174,llm_judge_binary,evaluation,,,35.0,35.0
deepseek,66,57,123,0,55,,,DeepSeekBackend,deepseek-v4-flash,1783932482.7308018,llm_judge_binary,evaluation,,,46.0,46.0
deepseek,66,73,139,0,71,,,DeepSeekBackend,deepseek-v4-flash,1783932482.7375112,llm_judge_binary,evaluation,,,41.0,41.0
deepseek,66,60,126,0,58,,,DeepSeekBackend,deepseek-v4-flash,1783932482.7979934,llm_judge_binary,evaluation,,,49.0,49.0
deepseek,69,56,125,0,54,,,DeepSeekBackend,deepseek-v4-flash,1783932482.805254,llm_judge_binary,evaluation,,,44.0,44.0
deepseek,66,60,126,0,58,,,DeepSeekBackend,deepseek-v4-flash,1783932482.8331017,llm_judge_binary,evaluation,,,47.0,47.0
deepseek,66,67,133,0,65,,,DeepSeekBackend,deepseek-v4-flash,1783932482.8906374,llm_judge_binary,evaluation,,,40.0,40.0
deepseek,65,75,140,0,73,,,DeepSeekBackend,deepseek-v4-flash,1783932482.9124753,llm_judge_binary,evaluation,,,39.0,39.0
deepseek,66,62,128,0,60,,,DeepSeekBackend,deepseek-v4-flash,1783932482.9193816,llm_judge_binary,evaluation,,,43.0,43.0
deepseek,66,89,155,0,87,,,DeepSeekBackend,deepseek-v4-flash,1783932482.9467978,llm_judge_binary,evaluation,,,42.0,42.0
deepseek,65,75,140,0,73,,,DeepSeekBackend,deepseek-v4-flash,1783932483.0165532,llm_judge_binary,evaluation,,,37.0,37.0
deepseek,66,70,136,0,68,,,DeepSeekBackend,deepseek-v4-flash,1783932483.0350935,llm_judge_binary,evaluation,,,45.0,45.0
deepseek,69,67,136,0,65,,,DeepSeekBackend,deepseek-v4-flash,1783932483.0740576,llm_judge_binary,evaluation,,,48.0,48.0
deepseek,67,82,149,0,80,,,DeepSeekBackend,deepseek-v4-flash,1783932483.1837645,llm_judge_binary,evaluation,,,50.0,50.0
deepseek,69,70,139,0,68,,,DeepSeekBackend,deepseek-v4-flash,1783932483.58734,llm_judge_binary,evaluation,,,52.0,52.0
deepseek,66,57,123,0,55,,,DeepSeekBackend,deepseek-v4-flash,1783932483.65436,llm_judge_binary,evaluation,,,55.0,55.0
deepseek,66,71,137,0,69,,,DeepSeekBackend,deepseek-v4-flash,1783932483.7067952,llm_judge_binary,evaluation,,,51.0,51.0
deepseek,66,85,151,0,83,,,DeepSeekBackend,deepseek-v4-flash,1783932483.7169275,llm_judge_binary,evaluation,,,53.0,53.0
deepseek,66,63,129,0,61,,,DeepSeekBackend,deepseek-v4-flash,1783932483.7846422,llm_judge_binary,evaluation,,,56.0,56.0
deepseek,67,52,119,0,50,,,DeepSeekBackend,deepseek-v4-flash,1783932483.8024325,llm_judge_binary,evaluation,,,59.0,59.0
deepseek,66,52,118,0,50,,,DeepSeekBackend,deepseek-v4-flash,1783932483.8823848,llm_judge_binary,evaluation,,,57.0,57.0
deepseek,66,64,130,0,62,,,DeepSeekBackend,deepseek-v4-flash,1783932483.8890584,llm_judge_binary,evaluation,,,58.0,58.0
deepseek,66,67,133,0,65,,,DeepSeekBackend,deepseek-v4-flash,1783932483.9351673,llm_judge_binary,evaluation,,,54.0,54.0
deepseek,67,49,116,0,47,,,DeepSeekBackend,deepseek-v4-flash,1783932484.1052105,llm_judge_binary,evaluation,,,66.0,66.0
deepseek,67,51,118,0,49,,,DeepSeekBackend,deepseek-v4-flash,1783932484.142201,llm_judge_binary,evaluation,,,62.0,62.0
deepseek,67,86,153,0,84,,,DeepSeekBackend,deepseek-v4-flash,1783932484.2927005,llm_judge_binary,evaluation,,,65.0,65.0
deepseek,67,80,147,0,78,,,DeepSeekBackend,deepseek-v4-flash,1783932484.3052938,llm_judge_binary,evaluation,,,60.0,60.0
deepseek,67,75,142,0,73,,,DeepSeekBackend,deepseek-v4-flash,1783932484.3140152,llm_judge_binary,evaluation,,,63.0,63.0
deepseek,67,83,150,0,81,,,DeepSeekBackend,deepseek-v4-flash,1783932484.4390442,llm_judge_binary,evaluation,,,64.0,64.0
deepseek,67,72,139,0,70,,,DeepSeekBackend,deepseek-v4-flash,1783932484.4478738,llm_judge_binary,evaluation,,,68.0,68.0
deepseek,67,101,168,0,99,,,DeepSeekBackend,deepseek-v4-flash,1783932484.4557574,llm_judge_binary,evaluation,,,61.0,61.0
deepseek,67,82,149,0,80,,,DeepSeekBackend,deepseek-v4-flash,1783932484.4645576,llm_judge_binary,evaluation,,,69.0,69.0
deepseek,67,77,144,0,75,,,DeepSeekBackend,deepseek-v4-flash,1783932484.5815322,llm_judge_binary,evaluation,,,70.0,70.0
deepseek,67,95,162,0,93,,,DeepSeekBackend,deepseek-v4-flash,1783932484.8375225,llm_judge_binary,evaluation,,,67.0,67.0
deepseek,67,59,126,0,57,,,DeepSeekBackend,deepseek-v4-flash,1783932484.9937932,llm_judge_binary,evaluation,,,75.0,75.0
deepseek,67,76,143,0,74,,,DeepSeekBackend,deepseek-v4-flash,1783932485.0028858,llm_judge_binary,evaluation,,,72.0,72.0
deepseek,67,79,146,0,77,,,DeepSeekBackend,deepseek-v4-flash,1783932485.1046798,llm_judge_binary,evaluation,,,76.0,76.0
deepseek,67,85,152,0,83,,,DeepSeekBackend,deepseek-v4-flash,1783932485.1869974,llm_judge_binary,evaluation,,,74.0,74.0
deepseek,60,55,115,0,53,,,DeepSeekBackend,deepseek-v4-flash,1783932485.2128139,llm_judge_binary,evaluation,,,80.0,80.0
deepseek,67,73,140,0,71,,,DeepSeekBackend,deepseek-v4-flash,1783932485.2314222,llm_judge_binary,evaluation,,,73.0,73.0
deepseek,67,74,141,0,72,,,DeepSeekBackend,deepseek-v4-flash,1783932485.2734478,llm_judge_binary,evaluation,,,77.0,77.0
deepseek,60,56,116,0,54,,,DeepSeekBackend,deepseek-v4-flash,1783932485.32065,llm_judge_binary,evaluation,,,83.0,83.0
deepseek,60,47,107,0,45,,,DeepSeekBackend,deepseek-v4-flash,1783932485.4009159,llm_judge_binary,evaluation,,,82.0,82.0
deepseek,67,105,172,0,103,,,DeepSeekBackend,deepseek-v4-flash,1783932485.431119,llm_judge_binary,evaluation,,,71.0,71.0
deepseek,60,67,127,0,65,,,DeepSeekBackend,deepseek-v4-flash,1783932485.4639757,llm_judge_binary,evaluation,,,84.0,84.0
deepseek,60,42,102,0,40,,,DeepSeekBackend,deepseek-v4-flash,1783932485.4865408,llm_judge_binary,evaluation,,,81.0,81.0
deepseek,67,80,147,0,78,,,DeepSeekBackend,deepseek-v4-flash,1783932485.5075228,llm_judge_binary,evaluation,,,79.0,79.0
deepseek,60,47,107,0,45,,,DeepSeekBackend,deepseek-v4-flash,1783932485.5519524,llm_judge_binary,evaluation,,,85.0,85.0
deepseek,61,56,117,0,54,,,DeepSeekBackend,deepseek-v4-flash,1783932485.636048,llm_judge_binary,evaluation,,,86.0,86.0
deepseek,60,55,115,0,53,,,DeepSeekBackend,deepseek-v4-flash,1783932485.7270153,llm_judge_binary,evaluation,,,87.0,87.0
deepseek,67,103,170,0,101,,,DeepSeekBackend,deepseek-v4-flash,1783932485.7351058,llm_judge_binary,evaluation,,,78.0,78.0
deepseek,60,60,120,0,58,,,DeepSeekBackend,deepseek-v4-flash,1783932485.7797952,llm_judge_binary,evaluation,,,88.0,88.0
deepseek,60,56,116,0,54,,,DeepSeekBackend,deepseek-v4-flash,1783932485.9709044,llm_judge_binary,evaluation,,,90.0,90.0
deepseek,63,69,132,0,67,,,DeepSeekBackend,deepseek-v4-flash,1783932485.9780955,llm_judge_binary,evaluation,,,89.0,89.0
deepseek,63,41,104,0,39,,,DeepSeekBackend,deepseek-v4-flash,1783932486.0797963,llm_judge_binary,evaluation,,,93.0,93.0
deepseek,60,44,104,0,42,,,DeepSeekBackend,deepseek-v4-flash,1783932486.1867602,llm_judge_binary,evaluation,,,94.0,94.0
deepseek,63,72,135,0,70,,,DeepSeekBackend,deepseek-v4-flash,1783932486.1937761,llm_judge_binary,evaluation,,,92.0,92.0
deepseek,60,60,120,0,58,,,DeepSeekBackend,deepseek-v4-flash,1783932486.3017163,llm_judge_binary,evaluation,,,91.0,91.0
deepseek,60,48,108,0,46,,,DeepSeekBackend,deepseek-v4-flash,1783932486.3324726,llm_judge_binary,evaluation,,,97.0,97.0
deepseek,63,62,125,0,60,,,DeepSeekBackend,deepseek-v4-flash,1783932486.4081705,llm_judge_binary,evaluation,,,95.0,95.0
deepseek,66,50,116,0,48,,,DeepSeekBackend,deepseek-v4-flash,1783932486.5423532,llm_judge_binary,evaluation,,,102.0,102.0
deepseek,61,58,119,0,56,,,DeepSeekBackend,deepseek-v4-flash,1783932486.5988872,llm_judge_binary,evaluation,,,96.0,96.0
deepseek,66,38,104,0,36,,,DeepSeekBackend,deepseek-v4-flash,1783932486.661922,llm_judge_binary,evaluation,,,106.0,106.0
deepseek,61,65,126,0,63,,,DeepSeekBackend,deepseek-v4-flash,1783932486.7852983,llm_judge_binary,evaluation,,,101.0,101.0
deepseek,63,65,128,0,63,,,DeepSeekBackend,deepseek-v4-flash,1783932486.8226206,llm_judge_binary,evaluation,,,99.0,99.0
deepseek,61,75,136,0,73,,,DeepSeekBackend,deepseek-v4-flash,1783932486.84656,llm_judge_binary,evaluation,,,100.0,100.0
deepseek,65,82,147,0,80,,,DeepSeekBackend,deepseek-v4-flash,1783932486.8678415,llm_judge_binary,evaluation,,,98.0,98.0
deepseek,66,40,106,0,38,,,DeepSeekBackend,deepseek-v4-flash,1783932486.9471424,llm_judge_binary,evaluation,,,109.0,109.0
deepseek,64,82,146,0,80,,,DeepSeekBackend,deepseek-v4-flash,1783932486.9777997,llm_judge_binary,evaluation,,,103.0,103.0
deepseek,66,47,113,0,45,,,DeepSeekBackend,deepseek-v4-flash,1783932487.1806486,llm_judge_binary,evaluation,,,110.0,110.0
deepseek,63,63,126,0,61,,,DeepSeekBackend,deepseek-v4-flash,1783932487.22458,llm_judge_binary,evaluation,,,105.0,105.0
deepseek,66,51,117,0,49,,,DeepSeekBackend,deepseek-v4-flash,1783932487.2799418,llm_judge_binary,evaluation,,,112.0,112.0
deepseek,66,51,117,0,49,,,DeepSeekBackend,deepseek-v4-flash,1783932487.3294423,llm_judge_binary,evaluation,,,115.0,115.0
deepseek,66,40,106,0,38,,,DeepSeekBackend,deepseek-v4-flash,1783932487.4479253,llm_judge_binary,evaluation,,,116.0,116.0
deepseek,66,48,114,0,46,,,DeepSeekBackend,deepseek-v4-flash,1783932487.62168,llm_judge_binary,evaluation,,,118.0,118.0
deepseek,66,51,117,0,49,,,DeepSeekBackend,deepseek-v4-flash,1783932487.7307315,llm_judge_binary,evaluation,,,119.0,119.0
deepseek,63,138,201,0,136,,,DeepSeekBackend,deepseek-v4-flash,1783932487.7587154,llm_judge_binary,evaluation,,,104.0,104.0
deepseek,66,54,120,0,52,,,DeepSeekBackend,deepseek-v4-flash,1783932487.7881467,llm_judge_binary,evaluation,,,120.0,120.0
deepseek,60,41,101,0,39,,,DeepSeekBackend,deepseek-v4-flash,1783932487.8585703,llm_judge_binary,evaluation,,,122.0,122.0
deepseek,60,40,100,0,38,,,DeepSeekBackend,deepseek-v4-flash,1783932487.9281871,llm_judge_binary,evaluation,,,124.0,124.0
deepseek,63,99,162,0,97,,,DeepSeekBackend,deepseek-v4-flash,1783932487.947363,llm_judge_binary,evaluation,,,107.0,107.0
deepseek,60,40,100,0,38,,,DeepSeekBackend,deepseek-v4-flash,1783932487.9948213,llm_judge_binary,evaluation,,,123.0,123.0
deepseek,60,41,101,0,39,,,DeepSeekBackend,deepseek-v4-flash,1783932488.155424,llm_judge_binary,evaluation,,,126.0,126.0
deepseek,60,44,104,0,42,,,DeepSeekBackend,deepseek-v4-flash,1783932488.238009,llm_judge_binary,evaluation,,,128.0,128.0
deepseek,60,52,112,0,50,,,DeepSeekBackend,deepseek-v4-flash,1783932488.308617,llm_judge_binary,evaluation,,,127.0,127.0
deepseek,60,40,100,0,38,,,DeepSeekBackend,deepseek-v4-flash,1783932488.3679476,llm_judge_binary,evaluation,,,130.0,130.0
deepseek,60,57,117,0,55,,,DeepSeekBackend,deepseek-v4-flash,1783932488.4105988,llm_judge_binary,evaluation,,,129.0,129.0
deepseek,63,99,162,0,97,,,DeepSeekBackend,deepseek-v4-flash,1783932488.6765916,llm_judge_binary,evaluation,,,121.0,121.0
deepseek,60,44,104,0,42,,,DeepSeekBackend,deepseek-v4-flash,1783932488.7557411,llm_judge_binary,evaluation,,,131.0,131.0
deepseek,60,34,94,0,32,,,DeepSeekBackend,deepseek-v4-flash,1783932488.793971,llm_judge_binary,evaluation,,,134.0,134.0
deepseek,63,132,195,0,130,,,DeepSeekBackend,deepseek-v4-flash,1783932488.8964906,llm_judge_binary,evaluation,,,117.0,117.0
deepseek,60,34,94,0,32,,,DeepSeekBackend,deepseek-v4-flash,1783932488.9027724,llm_judge_binary,evaluation,,,133.0,133.0
deepseek,60,50,110,0,48,,,DeepSeekBackend,deepseek-v4-flash,1783932488.9626021,llm_judge_binary,evaluation,,,132.0,132.0
deepseek,62,102,164,0,100,,,DeepSeekBackend,deepseek-v4-flash,1783932488.9747958,llm_judge_binary,evaluation,,,125.0,125.0
deepseek,60,43,103,0,41,,,DeepSeekBackend,deepseek-v4-flash,1783932488.9988534,llm_judge_binary,evaluation,,,138.0,138.0
deepseek,60,35,95,0,33,,,DeepSeekBackend,deepseek-v4-flash,1783932489.0068598,llm_judge_binary,evaluation,,,139.0,139.0
deepseek,63,199,262,0,197,,,DeepSeekBackend,deepseek-v4-flash,1783932489.0614836,llm_judge_binary,evaluation,,,108.0,108.0
deepseek,60,32,92,0,30,,,DeepSeekBackend,deepseek-v4-flash,1783932489.1099267,llm_judge_binary,evaluation,,,137.0,137.0
deepseek,60,44,104,0,42,,,DeepSeekBackend,deepseek-v4-flash,1783932489.1781673,llm_judge_binary,evaluation,,,136.0,136.0
deepseek,60,44,104,0,42,,,DeepSeekBackend,deepseek-v4-flash,1783932489.295342,llm_judge_binary,evaluation,,,140.0,140.0
deepseek,60,46,106,0,44,,,DeepSeekBackend,deepseek-v4-flash,1783932489.3775954,llm_judge_binary,evaluation,,,141.0,141.0
deepseek,62,90,152,0,88,,,DeepSeekBackend,deepseek-v4-flash,1783932489.4647298,llm_judge_binary,evaluation,,,135.0,135.0
deepseek,66,77,143,0,75,,,DeepSeekBackend,deepseek-v4-flash,1783932489.8817103,llm_judge_binary,evaluation,,,142.0,142.0
deepseek,63,243,306,0,241,,,DeepSeekBackend,deepseek-v4-flash,1783932489.9149363,llm_judge_binary,evaluation,,,113.0,113.0
deepseek,63,258,321,0,256,,,DeepSeekBackend,deepseek-v4-flash,1783932489.9463794,llm_judge_binary,evaluation,,,114.0,114.0
deepseek,68,108,176,0,106,,,DeepSeekBackend,deepseek-v4-flash,1783932490.5734677,llm_judge_binary,evaluation,,,145.0,145.0
deepseek,65,61,126,0,59,,,DeepSeekBackend,deepseek-v4-flash,1783932490.6372478,llm_judge_binary,evaluation,,,153.0,153.0
deepseek,68,100,168,0,98,,,DeepSeekBackend,deepseek-v4-flash,1783932490.7912498,llm_judge_binary,evaluation,,,147.0,147.0
deepseek,68,105,173,0,103,,,DeepSeekBackend,deepseek-v4-flash,1783932490.9408412,llm_judge_binary,evaluation,,,149.0,149.0
deepseek,68,174,242,0,172,,,DeepSeekBackend,deepseek-v4-flash,1783932490.9668741,llm_judge_binary,evaluation,,,143.0,143.0
deepseek,68,129,197,0,127,,,DeepSeekBackend,deepseek-v4-flash,1783932491.0243874,llm_judge_binary,evaluation,,,152.0,152.0
deepseek,68,105,173,0,103,,,DeepSeekBackend,deepseek-v4-flash,1783932491.0762148,llm_judge_binary,evaluation,,,155.0,155.0
deepseek,68,136,204,0,134,,,DeepSeekBackend,deepseek-v4-flash,1783932491.243263,llm_judge_binary,evaluation,,,151.0,151.0
deepseek,68,107,175,0,105,,,DeepSeekBackend,deepseek-v4-flash,1783932491.3620217,llm_judge_binary,evaluation,,,158.0,158.0
deepseek,68,149,217,0,147,,,DeepSeekBackend,deepseek-v4-flash,1783932491.4851441,llm_judge_binary,evaluation,,,156.0,156.0
deepseek,65,166,231,0,164,,,DeepSeekBackend,deepseek-v4-flash,1783932491.5098486,llm_judge_binary,evaluation,,,150.0,150.0
deepseek,65,92,157,0,90,,,DeepSeekBackend,deepseek-v4-flash,1783932491.8494108,llm_judge_binary,evaluation,,,161.0,161.0
deepseek,64,76,140,0,74,,,DeepSeekBackend,deepseek-v4-flash,1783932491.924454,llm_judge_binary,evaluation,,,162.0,162.0
deepseek,68,186,254,0,184,,,DeepSeekBackend,deepseek-v4-flash,1783932491.9447324,llm_judge_binary,evaluation,,,157.0,157.0
deepseek,68,203,271,0,201,,,DeepSeekBackend,deepseek-v4-flash,1783932492.0629811,llm_judge_binary,evaluation,,,154.0,154.0
deepseek,68,155,223,0,153,,,DeepSeekBackend,deepseek-v4-flash,1783932492.2174542,llm_judge_binary,evaluation,,,159.0,159.0
deepseek,64,88,152,0,86,,,DeepSeekBackend,deepseek-v4-flash,1783932492.2491677,llm_judge_binary,evaluation,,,163.0,163.0
deepseek,64,85,149,0,83,,,DeepSeekBackend,deepseek-v4-flash,1783932492.393933,llm_judge_binary,evaluation,,,165.0,165.0
deepseek,68,244,312,0,242,,,DeepSeekBackend,deepseek-v4-flash,1783932492.4008648,llm_judge_binary,evaluation,,,148.0,148.0
deepseek,64,109,173,0,107,,,DeepSeekBackend,deepseek-v4-flash,1783932492.5199158,llm_judge_binary,evaluation,,,164.0,164.0
deepseek,64,112,176,0,110,,,DeepSeekBackend,deepseek-v4-flash,1783932492.5434525,llm_judge_binary,evaluation,,,166.0,166.0
deepseek,63,466,529,0,464,,,DeepSeekBackend,deepseek-v4-flash,1783932492.5872886,llm_judge_binary,evaluation,,,111.0,111.0
deepseek,64,98,162,0,96,,,DeepSeekBackend,deepseek-v4-flash,1783932492.8165672,llm_judge_binary,evaluation,,,167.0,167.0
deepseek,64,83,147,0,81,,,DeepSeekBackend,deepseek-v4-flash,1783932492.8613348,llm_judge_binary,evaluation,,,170.0,170.0
deepseek,64,89,153,0,87,,,DeepSeekBackend,deepseek-v4-flash,1783932493.123958,llm_judge_binary,evaluation,,,172.0,172.0
deepseek,64,108,172,0,106,,,DeepSeekBackend,deepseek-v4-flash,1783932493.2436752,llm_judge_binary,evaluation,,,169.0,169.0
deepseek,65,330,395,0,328,,,DeepSeekBackend,deepseek-v4-flash,1783932493.336238,llm_judge_binary,evaluation,,,146.0,146.0
deepseek,64,131,195,0,129,,,DeepSeekBackend,deepseek-v4-flash,1783932493.344069,llm_judge_binary,evaluation,,,168.0,168.0
deepseek,65,303,368,0,301,,,DeepSeekBackend,deepseek-v4-flash,1783932493.3510585,llm_judge_binary,evaluation,,,144.0,144.0
deepseek,64,85,149,0,83,,,DeepSeekBackend,deepseek-v4-flash,1783932493.3625011,llm_judge_binary,evaluation,,,173.0,173.0
deepseek,64,121,185,0,119,,,DeepSeekBackend,deepseek-v4-flash,1783932493.5081282,llm_judge_binary,evaluation,,,171.0,171.0
deepseek,64,99,163,0,97,,,DeepSeekBackend,deepseek-v4-flash,1783932493.577309,llm_judge_binary,evaluation,,,175.0,175.0
deepseek,64,112,176,0,110,,,DeepSeekBackend,deepseek-v4-flash,1783932493.8158498,llm_judge_binary,evaluation,,,174.0,174.0
deepseek,64,103,167,0,101,,,DeepSeekBackend,deepseek-v4-flash,1783932493.821649,llm_judge_binary,evaluation,,,176.0,176.0
deepseek,64,84,148,0,82,,,DeepSeekBackend,deepseek-v4-flash,1783932493.8558638,llm_judge_binary,evaluation,,,179.0,179.0
deepseek,64,88,152,0,86,,,DeepSeekBackend,deepseek-v4-flash,1783932493.867302,llm_judge_binary,evaluation,,,178.0,178.0
deepseek,64,77,141,0,75,,,DeepSeekBackend,deepseek-v4-flash,1783932493.9264543,llm_judge_binary,evaluation,,,177.0,177.0
deepseek,64,90,154,0,88,,,DeepSeekBackend,deepseek-v4-flash,1783932493.9667335,llm_judge_binary,evaluation,,,181.0,181.0
deepseek,65,266,331,0,264,,,DeepSeekBackend,deepseek-v4-flash,1783932493.9843152,llm_judge_binary,evaluation,,,160.0,160.0
deepseek,67,138,205,0,136,,,DeepSeekBackend,deepseek-v4-flash,1783932494.6304908,llm_judge_binary,evaluation,,,182.0,182.0
deepseek,64,144,208,0,142,,,DeepSeekBackend,deepseek-v4-flash,1783932494.801108,llm_judge_binary,evaluation,,,180.0,180.0
deepseek,67,81,148,0,79,,,DeepSeekBackend,deepseek-v4-flash,1783932494.8715954,llm_judge_binary,evaluation,,,191.0,191.0
deepseek,64,76,140,0,74,,,DeepSeekBackend,deepseek-v4-flash,1783932494.9263752,llm_judge_binary,evaluation,,,190.0,190.0
deepseek,64,99,163,0,97,,,DeepSeekBackend,deepseek-v4-flash,1783932495.0453663,llm_judge_binary,evaluation,,,188.0,188.0
deepseek,64,131,195,0,129,,,DeepSeekBackend,deepseek-v4-flash,1783932495.127022,llm_judge_binary,evaluation,,,184.0,184.0
deepseek,64,107,171,0,105,,,DeepSeekBackend,deepseek-v4-flash,1783932495.530939,llm_judge_binary,evaluation,,,192.0,192.0
deepseek,64,107,171,0,105,,,DeepSeekBackend,deepseek-v4-flash,1783932495.5892537,llm_judge_binary,evaluation,,,196.0,196.0
deepseek,67,220,287,0,218,,,DeepSeekBackend,deepseek-v4-flash,1783932495.6081278,llm_judge_binary,evaluation,,,183.0,183.0
deepseek,67,89,156,0,87,,,DeepSeekBackend,deepseek-v4-flash,1783932495.7557635,llm_judge_binary,evaluation,,,194.0,194.0
deepseek,64,156,220,0,154,,,DeepSeekBackend,deepseek-v4-flash,1783932495.782793,llm_judge_binary,evaluation,,,185.0,185.0
deepseek,62,35,97,0,33,,,DeepSeekBackend,deepseek-v4-flash,1783932496.0359757,llm_judge_binary,evaluation,,,206.0,206.0
deepseek,67,232,299,0,230,,,DeepSeekBackend,deepseek-v4-flash,1783932496.2678242,llm_judge_binary,evaluation,,,186.0,186.0
deepseek,70,95,165,0,93,,,DeepSeekBackend,deepseek-v4-flash,1783932496.3957694,llm_judge_binary,evaluation,,,204.0,204.0
deepseek,70,97,167,0,95,,,DeepSeekBackend,deepseek-v4-flash,1783932496.4029694,llm_judge_binary,evaluation,,,202.0,202.0
deepseek,67,181,248,0,179,,,DeepSeekBackend,deepseek-v4-flash,1783932496.4913592,llm_judge_binary,evaluation,,,189.0,189.0
deepseek,65,48,113,0,46,,,DeepSeekBackend,deepseek-v4-flash,1783932496.5190327,llm_judge_binary,evaluation,,,205.0,205.0
deepseek,62,37,99,0,35,,,DeepSeekBackend,deepseek-v4-flash,1783932496.6954432,llm_judge_binary,evaluation,,,210.0,210.0
deepseek,70,109,179,0,107,,,DeepSeekBackend,deepseek-v4-flash,1783932496.7018497,llm_judge_binary,evaluation,,,203.0,203.0
deepseek,62,39,101,0,37,,,DeepSeekBackend,deepseek-v4-flash,1783932496.7309668,llm_judge_binary,evaluation,,,208.0,208.0
deepseek,63,61,124,0,59,,,DeepSeekBackend,deepseek-v4-flash,1783932496.847816,llm_judge_binary,evaluation,,,207.0,207.0
deepseek,62,47,109,0,45,,,DeepSeekBackend,deepseek-v4-flash,1783932496.9506967,llm_judge_binary,evaluation,,,211.0,211.0
deepseek,62,39,101,0,37,,,DeepSeekBackend,deepseek-v4-flash,1783932497.0109065,llm_judge_binary,evaluation,,,213.0,213.0
deepseek,63,74,137,0,72,,,DeepSeekBackend,deepseek-v4-flash,1783932497.1391838,llm_judge_binary,evaluation,,,209.0,209.0
deepseek,67,220,287,0,218,,,DeepSeekBackend,deepseek-v4-flash,1783932497.147303,llm_judge_binary,evaluation,,,193.0,193.0
deepseek,64,143,207,0,141,,,DeepSeekBackend,deepseek-v4-flash,1783932497.2464745,llm_judge_binary,evaluation,,,201.0,201.0
deepseek,62,44,106,0,42,,,DeepSeekBackend,deepseek-v4-flash,1783932497.307599,llm_judge_binary,evaluation,,,212.0,212.0
deepseek,62,42,104,0,40,,,DeepSeekBackend,deepseek-v4-flash,1783932497.3837252,llm_judge_binary,evaluation,,,214.0,214.0
deepseek,62,41,103,0,39,,,DeepSeekBackend,deepseek-v4-flash,1783932497.3898847,llm_judge_binary,evaluation,,,217.0,217.0
deepseek,62,38,100,0,36,,,DeepSeekBackend,deepseek-v4-flash,1783932497.4306471,llm_judge_binary,evaluation,,,216.0,216.0
deepseek,67,266,333,0,264,,,DeepSeekBackend,deepseek-v4-flash,1783932497.4675813,llm_judge_binary,evaluation,,,195.0,195.0
deepseek,67,233,300,0,231,,,DeepSeekBackend,deepseek-v4-flash,1783932497.5814328,llm_judge_binary,evaluation,,,198.0,198.0
deepseek,62,34,96,0,32,,,DeepSeekBackend,deepseek-v4-flash,1783932497.6302083,llm_judge_binary,evaluation,,,215.0,215.0
deepseek,62,33,95,0,31,,,DeepSeekBackend,deepseek-v4-flash,1783932497.7104619,llm_judge_binary,evaluation,,,221.0,221.0
deepseek,62,38,100,0,36,,,DeepSeekBackend,deepseek-v4-flash,1783932497.7767522,llm_judge_binary,evaluation,,,219.0,219.0
deepseek,62,41,103,0,39,,,DeepSeekBackend,deepseek-v4-flash,1783932497.8150232,llm_judge_binary,evaluation,,,218.0,218.0
deepseek,62,32,94,0,30,,,DeepSeekBackend,deepseek-v4-flash,1783932497.9154496,llm_judge_binary,evaluation,,,223.0,223.0
deepseek,62,46,108,0,44,,,DeepSeekBackend,deepseek-v4-flash,1783932498.004575,llm_judge_binary,evaluation,,,222.0,222.0
deepseek,67,315,382,0,313,,,DeepSeekBackend,deepseek-v4-flash,1783932498.0200982,llm_judge_binary,evaluation,,,187.0,187.0
deepseek,69,252,321,0,250,,,DeepSeekBackend,deepseek-v4-flash,1783932498.080402,llm_judge_binary,evaluation,,,200.0,200.0
deepseek,63,64,127,0,62,,,DeepSeekBackend,deepseek-v4-flash,1783932498.088422,llm_judge_binary,evaluation,,,220.0,220.0
deepseek,62,37,99,0,35,,,DeepSeekBackend,deepseek-v4-flash,1783932498.1737611,llm_judge_binary,evaluation,,,224.0,224.0
deepseek,61,68,129,0,66,,,DeepSeekBackend,deepseek-v4-flash,1783932498.4841456,llm_judge_binary,evaluation,,,225.0,225.0
deepseek,67,359,426,0,357,,,DeepSeekBackend,deepseek-v4-flash,1783932498.5403855,llm_judge_binary,evaluation,,,197.0,197.0
deepseek,61,61,122,0,59,,,DeepSeekBackend,deepseek-v4-flash,1783932498.5659542,llm_judge_binary,evaluation,,,229.0,229.0
deepseek,61,68,129,0,66,,,DeepSeekBackend,deepseek-v4-flash,1783932498.5726278,llm_judge_binary,evaluation,,,226.0,226.0
deepseek,61,69,130,0,67,,,DeepSeekBackend,deepseek-v4-flash,1783932498.5781193,llm_judge_binary,evaluation,,,228.0,228.0
deepseek,61,64,125,0,62,,,DeepSeekBackend,deepseek-v4-flash,1783932498.6819139,llm_judge_binary,evaluation,,,231.0,231.0
deepseek,61,61,122,0,59,,,DeepSeekBackend,deepseek-v4-flash,1783932498.7896895,llm_judge_binary,evaluation,,,233.0,233.0
deepseek,61,83,144,0,81,,,DeepSeekBackend,deepseek-v4-flash,1783932498.92886,llm_judge_binary,evaluation,,,232.0,232.0
deepseek,64,313,377,0,311,,,DeepSeekBackend,deepseek-v4-flash,1783932498.999243,llm_judge_binary,evaluation,,,199.0,199.0
deepseek,61,68,129,0,66,,,DeepSeekBackend,deepseek-v4-flash,1783932499.0788066,llm_judge_binary,evaluation,,,235.0,235.0
deepseek,61,82,143,0,80,,,DeepSeekBackend,deepseek-v4-flash,1783932499.143525,llm_judge_binary,evaluation,,,230.0,230.0
deepseek,61,66,127,0,64,,,DeepSeekBackend,deepseek-v4-flash,1783932499.2390776,llm_judge_binary,evaluation,,,234.0,234.0
deepseek,61,53,114,0,51,,,DeepSeekBackend,deepseek-v4-flash,1783932499.2543209,llm_judge_binary,evaluation,,,240.0,240.0
deepseek,61,66,127,0,64,,,DeepSeekBackend,deepseek-v4-flash,1783932499.3101091,llm_judge_binary,evaluation,,,238.0,238.0
deepseek,61,91,152,0,89,,,DeepSeekBackend,deepseek-v4-flash,1783932499.3580077,llm_judge_binary,evaluation,,,237.0,237.0
deepseek,61,65,126,0,63,,,DeepSeekBackend,deepseek-v4-flash,1783932499.4000838,llm_judge_binary,evaluation,,,239.0,239.0
deepseek,61,72,133,0,70,,,DeepSeekBackend,deepseek-v4-flash,1783932499.4444582,llm_judge_binary,evaluation,,,236.0,236.0
deepseek,60,37,97,0,35,,,DeepSeekBackend,deepseek-v4-flash,1783932499.4939177,llm_judge_binary,evaluation,,,247.0,247.0
deepseek,61,131,192,0,129,,,DeepSeekBackend,deepseek-v4-flash,1783932499.544925,llm_judge_binary,evaluation,,,227.0,227.0
deepseek,60,37,97,0,35,,,DeepSeekBackend,deepseek-v4-flash,1783932499.5998492,llm_judge_binary,evaluation,,,245.0,245.0
deepseek,61,62,123,0,60,,,DeepSeekBackend,deepseek-v4-flash,1783932499.707525,llm_judge_binary,evaluation,,,244.0,244.0
deepseek,60,34,94,0,32,,,DeepSeekBackend,deepseek-v4-flash,1783932499.749422,llm_judge_binary,evaluation,,,246.0,246.0
deepseek,60,31,91,0,29,,,DeepSeekBackend,deepseek-v4-flash,1783932499.7811387,llm_judge_binary,evaluation,,,249.0,249.0
deepseek,60,26,86,0,24,,,DeepSeekBackend,deepseek-v4-flash,1783932499.80114,llm_judge_binary,evaluation,,,248.0,248.0
deepseek,61,76,137,0,74,,,DeepSeekBackend,deepseek-v4-flash,1783932499.8077407,llm_judge_binary,evaluation,,,242.0,242.0
deepseek,61,71,132,0,69,,,DeepSeekBackend,deepseek-v4-flash,1783932499.8133717,llm_judge_binary,evaluation,,,243.0,243.0
deepseek,61,86,147,0,84,,,DeepSeekBackend,deepseek-v4-flash,1783932499.886772,llm_judge_binary,evaluation,,,241.0,241.0
deepseek,60,37,97,0,35,,,DeepSeekBackend,deepseek-v4-flash,1783932499.931769,llm_judge_binary,evaluation,,,251.0,251.0
deepseek,60,34,94,0,32,,,DeepSeekBackend,deepseek-v4-flash,1783932500.064633,llm_judge_binary,evaluation,,,252.0,252.0
deepseek,60,36,96,0,34,,,DeepSeekBackend,deepseek-v4-flash,1783932500.1482573,llm_judge_binary,evaluation,,,250.0,250.0
deepseek,60,37,97,0,35,,,DeepSeekBackend,deepseek-v4-flash,1783932500.171022,llm_judge_binary,evaluation,,,253.0,253.0
deepseek,60,43,103,0,41,,,DeepSeekBackend,deepseek-v4-flash,1783932500.3135502,llm_judge_binary,evaluation,,,256.0,256.0
deepseek,60,38,98,0,36,,,DeepSeekBackend,deepseek-v4-flash,1783932500.3713088,llm_judge_binary,evaluation,,,257.0,257.0
deepseek,60,52,112,0,50,,,DeepSeekBackend,deepseek-v4-flash,1783932500.3848372,llm_judge_binary,evaluation,,,254.0,254.0
deepseek,60,39,99,0,37,,,DeepSeekBackend,deepseek-v4-flash,1783932500.4121976,llm_judge_binary,evaluation,,,255.0,255.0
deepseek,60,37,97,0,35,,,DeepSeekBackend,deepseek-v4-flash,1783932500.4693458,llm_judge_binary,evaluation,,,260.0,260.0
deepseek,60,48,108,0,46,,,DeepSeekBackend,deepseek-v4-flash,1783932500.4967117,llm_judge_binary,evaluation,,,258.0,258.0
deepseek,60,39,99,0,37,,,DeepSeekBackend,deepseek-v4-flash,1783932500.5746746,llm_judge_binary,evaluation,,,259.0,259.0
deepseek,60,40,100,0,38,,,DeepSeekBackend,deepseek-v4-flash,1783932500.6807604,llm_judge_binary,evaluation,,,263.0,263.0
deepseek,60,43,103,0,41,,,DeepSeekBackend,deepseek-v4-flash,1783932500.7142808,llm_judge_binary,evaluation,,,261.0,261.0
deepseek,62,47,109,0,45,,,DeepSeekBackend,deepseek-v4-flash,1783932500.8554583,llm_judge_binary,evaluation,,,268.0,268.0
deepseek,60,27,87,0,25,,,DeepSeekBackend,deepseek-v4-flash,1783932500.8828063,llm_judge_binary,evaluation,,,264.0,264.0
deepseek,60,43,103,0,41,,,DeepSeekBackend,deepseek-v4-flash,1783932500.8937886,llm_judge_binary,evaluation,,,262.0,262.0
deepseek,63,68,131,0,66,,,DeepSeekBackend,deepseek-v4-flash,1783932501.193211,llm_judge_binary,evaluation,,,267.0,267.0
deepseek,61,71,132,0,69,,,DeepSeekBackend,deepseek-v4-flash,1783932501.226015,llm_judge_binary,evaluation,,,270.0,270.0
deepseek,61,66,127,0,64,,,DeepSeekBackend,deepseek-v4-flash,1783932501.232454,llm_judge_binary,evaluation,,,266.0,266.0
deepseek,61,72,133,0,70,,,DeepSeekBackend,deepseek-v4-flash,1783932501.3236175,llm_judge_binary,evaluation,,,265.0,265.0
deepseek,61,81,142,0,79,,,DeepSeekBackend,deepseek-v4-flash,1783932501.4087534,llm_judge_binary,evaluation,,,269.0,269.0
deepseek,61,75,136,0,73,,,DeepSeekBackend,deepseek-v4-flash,1783932501.4365537,llm_judge_binary,evaluation,,,273.0,273.0
deepseek,61,71,132,0,69,,,DeepSeekBackend,deepseek-v4-flash,1783932501.4497552,llm_judge_binary,evaluation,,,271.0,271.0
deepseek,63,54,117,0,52,,,DeepSeekBackend,deepseek-v4-flash,1783932501.6377912,llm_judge_binary,evaluation,,,276.0,276.0
deepseek,61,96,157,0,94,,,DeepSeekBackend,deepseek-v4-flash,1783932501.7142591,llm_judge_binary,evaluation,,,272.0,272.0
deepseek,61,83,144,0,81,,,DeepSeekBackend,deepseek-v4-flash,1783932501.8668542,llm_judge_binary,evaluation,,,278.0,278.0
deepseek,61,84,145,0,82,,,DeepSeekBackend,deepseek-v4-flash,1783932501.92899,llm_judge_binary,evaluation,,,275.0,275.0
deepseek,61,72,133,0,70,,,DeepSeekBackend,deepseek-v4-flash,1783932501.9701073,llm_judge_binary,evaluation,,,281.0,281.0
deepseek,61,77,138,0,75,,,DeepSeekBackend,deepseek-v4-flash,1783932501.9770172,llm_judge_binary,evaluation,,,282.0,282.0
deepseek,61,70,131,0,68,,,DeepSeekBackend,deepseek-v4-flash,1783932502.019519,llm_judge_binary,evaluation,,,279.0,279.0
deepseek,61,68,129,0,66,,,DeepSeekBackend,deepseek-v4-flash,1783932502.0465305,llm_judge_binary,evaluation,,,284.0,284.0
deepseek,63,73,136,0,71,,,DeepSeekBackend,deepseek-v4-flash,1783932502.056567,llm_judge_binary,evaluation,,,280.0,280.0
deepseek,62,41,103,0,39,,,DeepSeekBackend,deepseek-v4-flash,1783932502.0940838,llm_judge_binary,evaluation,,,283.0,283.0
deepseek,61,80,141,0,78,,,DeepSeekBackend,deepseek-v4-flash,1783932502.184953,llm_judge_binary,evaluation,,,277.0,277.0
deepseek,65,70,135,0,68,,,DeepSeekBackend,deepseek-v4-flash,1783932502.5797846,llm_judge_binary,evaluation,,,287.0,287.0
deepseek,65,75,140,0,73,,,DeepSeekBackend,deepseek-v4-flash,1783932502.776431,llm_judge_binary,evaluation,,,286.0,286.0
deepseek,61,61,122,0,59,,,DeepSeekBackend,deepseek-v4-flash,1783932502.7818313,llm_judge_binary,evaluation,,,291.0,291.0
deepseek,65,78,143,0,76,,,DeepSeekBackend,deepseek-v4-flash,1783932502.8730443,llm_judge_binary,evaluation,,,289.0,289.0
deepseek,65,78,143,0,76,,,DeepSeekBackend,deepseek-v4-flash,1783932502.9280133,llm_judge_binary,evaluation,,,292.0,292.0
deepseek,65,95,160,0,93,,,DeepSeekBackend,deepseek-v4-flash,1783932503.0391052,llm_judge_binary,evaluation,,,288.0,288.0
deepseek,61,129,190,0,127,,,DeepSeekBackend,deepseek-v4-flash,1783932503.0460043,llm_judge_binary,evaluation,,,285.0,285.0
deepseek,65,76,141,0,74,,,DeepSeekBackend,deepseek-v4-flash,1783932503.0594487,llm_judge_binary,evaluation,,,293.0,293.0
deepseek,65,83,148,0,81,,,DeepSeekBackend,deepseek-v4-flash,1783932503.1078994,llm_judge_binary,evaluation,,,290.0,290.0
deepseek,61,54,115,0,52,,,DeepSeekBackend,deepseek-v4-flash,1783932503.1699176,llm_judge_binary,evaluation,,,296.0,296.0
deepseek,60,86,146,0,84,,,DeepSeekBackend,deepseek-v4-flash,1783932503.4230611,llm_judge_binary,evaluation,,,302.0,302.0
deepseek,65,64,129,0,62,,,DeepSeekBackend,deepseek-v4-flash,1783932503.4513643,llm_judge_binary,evaluation,,,301.0,301.0
deepseek,65,65,130,0,63,,,DeepSeekBackend,deepseek-v4-flash,1783932503.4736974,llm_judge_binary,evaluation,,,297.0,297.0
deepseek,65,77,142,0,75,,,DeepSeekBackend,deepseek-v4-flash,1783932503.6098866,llm_judge_binary,evaluation,,,299.0,299.0
deepseek,65,96,161,0,94,,,DeepSeekBackend,deepseek-v4-flash,1783932503.62918,llm_judge_binary,evaluation,,,298.0,298.0
deepseek,65,114,179,0,112,,,DeepSeekBackend,deepseek-v4-flash,1783932503.7301855,llm_judge_binary,evaluation,,,294.0,294.0
deepseek,65,81,146,0,79,,,DeepSeekBackend,deepseek-v4-flash,1783932503.853363,llm_judge_binary,evaluation,,,303.0,303.0
deepseek,65,63,128,0,61,,,DeepSeekBackend,deepseek-v4-flash,1783932503.9270055,llm_judge_binary,evaluation,,,304.0,304.0
deepseek,61,116,177,0,114,,,DeepSeekBackend,deepseek-v4-flash,1783932503.9672885,llm_judge_binary,evaluation,,,295.0,295.0
deepseek,60,63,123,0,61,,,DeepSeekBackend,deepseek-v4-flash,1783932504.1907365,llm_judge_binary,evaluation,,,306.0,306.0
deepseek,60,69,129,0,67,,,DeepSeekBackend,deepseek-v4-flash,1783932504.349388,llm_judge_binary,evaluation,,,305.0,305.0
deepseek,60,54,114,0,52,,,DeepSeekBackend,deepseek-v4-flash,1783932504.4309123,llm_judge_binary,evaluation,,,311.0,311.0
deepseek,61,249,310,0,247,,,DeepSeekBackend,deepseek-v4-flash,1783932504.4378004,llm_judge_binary,evaluation,,,274.0,274.0
deepseek,60,95,155,0,93,,,DeepSeekBackend,deepseek-v4-flash,1783932504.5582433,llm_judge_binary,evaluation,,,307.0,307.0
deepseek,60,87,147,0,85,,,DeepSeekBackend,deepseek-v4-flash,1783932504.6148896,llm_judge_binary,evaluation,,,313.0,313.0
deepseek,60,58,118,0,56,,,DeepSeekBackend,deepseek-v4-flash,1783932504.663306,llm_judge_binary,evaluation,,,309.0,309.0
deepseek,61,165,226,0,163,,,DeepSeekBackend,deepseek-v4-flash,1783932504.671138,llm_judge_binary,evaluation,,,300.0,300.0
deepseek,60,69,129,0,67,,,DeepSeekBackend,deepseek-v4-flash,1783932504.7630048,llm_judge_binary,evaluation,,,314.0,314.0
deepseek,60,80,140,0,78,,,DeepSeekBackend,deepseek-v4-flash,1783932504.8359017,llm_judge_binary,evaluation,,,310.0,310.0
deepseek,60,74,134,0,72,,,DeepSeekBackend,deepseek-v4-flash,1783932504.8642051,llm_judge_binary,evaluation,,,316.0,316.0
deepseek,60,117,177,0,115,,,DeepSeekBackend,deepseek-v4-flash,1783932504.8726048,llm_judge_binary,evaluation,,,312.0,312.0
deepseek,60,77,137,0,75,,,DeepSeekBackend,deepseek-v4-flash,1783932504.9559715,llm_judge_binary,evaluation,,,319.0,319.0
deepseek,60,87,147,0,85,,,DeepSeekBackend,deepseek-v4-flash,1783932505.1397946,llm_judge_binary,evaluation,,,317.0,317.0
deepseek,60,120,180,0,118,,,DeepSeekBackend,deepseek-v4-flash,1783932505.2825663,llm_judge_binary,evaluation,,,308.0,308.0
deepseek,66,45,111,0,43,,,DeepSeekBackend,deepseek-v4-flash,1783932505.476514,llm_judge_binary,evaluation,,,325.0,325.0
deepseek,60,95,155,0,93,,,DeepSeekBackend,deepseek-v4-flash,1783932505.5062225,llm_judge_binary,evaluation,,,320.0,320.0
deepseek,60,76,136,0,74,,,DeepSeekBackend,deepseek-v4-flash,1783932505.5519726,llm_judge_binary,evaluation,,,322.0,322.0
deepseek,66,47,113,0,45,,,DeepSeekBackend,deepseek-v4-flash,1783932505.5762436,llm_judge_binary,evaluation,,,328.0,328.0
deepseek,66,48,114,0,46,,,DeepSeekBackend,deepseek-v4-flash,1783932505.5852492,llm_judge_binary,evaluation,,,327.0,327.0
deepseek,66,43,109,0,41,,,DeepSeekBackend,deepseek-v4-flash,1783932505.7416832,llm_judge_binary,evaluation,,,326.0,326.0
deepseek,60,105,165,0,103,,,DeepSeekBackend,deepseek-v4-flash,1783932505.7530398,llm_judge_binary,evaluation,,,315.0,315.0
deepseek,62,91,153,0,89,,,DeepSeekBackend,deepseek-v4-flash,1783932505.8178358,llm_judge_binary,evaluation,,,324.0,324.0
deepseek,66,40,106,0,38,,,DeepSeekBackend,deepseek-v4-flash,1783932505.840717,llm_judge_binary,evaluation,,,333.0,333.0
deepseek,60,112,172,0,110,,,DeepSeekBackend,deepseek-v4-flash,1783932505.8638585,llm_judge_binary,evaluation,,,318.0,318.0
deepseek,66,40,106,0,38,,,DeepSeekBackend,deepseek-v4-flash,1783932505.8939736,llm_judge_binary,evaluation,,,334.0,334.0
deepseek,66,38,104,0,36,,,DeepSeekBackend,deepseek-v4-flash,1783932505.9078276,llm_judge_binary,evaluation,,,335.0,335.0
deepseek,66,50,116,0,48,,,DeepSeekBackend,deepseek-v4-flash,1783932505.9286737,llm_judge_binary,evaluation,,,331.0,331.0
deepseek,60,88,148,0,86,,,DeepSeekBackend,deepseek-v4-flash,1783932505.9391909,llm_judge_binary,evaluation,,,321.0,321.0
deepseek,66,48,114,0,46,,,DeepSeekBackend,deepseek-v4-flash,1783932505.9648178,llm_judge_binary,evaluation,,,329.0,329.0
deepseek,66,46,112,0,44,,,DeepSeekBackend,deepseek-v4-flash,1783932506.1246538,llm_judge_binary,evaluation,,,332.0,332.0
deepseek,66,49,115,0,47,,,DeepSeekBackend,deepseek-v4-flash,1783932506.1313803,llm_judge_binary,evaluation,,,330.0,330.0
deepseek,66,48,114,0,46,,,DeepSeekBackend,deepseek-v4-flash,1783932506.1944807,llm_judge_binary,evaluation,,,336.0,336.0
deepseek,60,100,160,0,98,,,DeepSeekBackend,deepseek-v4-flash,1783932506.2780194,llm_judge_binary,evaluation,,,323.0,323.0
deepseek,66,38,104,0,36,,,DeepSeekBackend,deepseek-v4-flash,1783932506.4327238,llm_judge_binary,evaluation,,,338.0,338.0
deepseek,66,48,114,0,46,,,DeepSeekBackend,deepseek-v4-flash,1783932506.544608,llm_judge_binary,evaluation,,,337.0,337.0
deepseek,66,41,107,0,39,,,DeepSeekBackend,deepseek-v4-flash,1783932506.5693657,llm_judge_binary,evaluation,,,342.0,342.0
deepseek,66,48,114,0,46,,,DeepSeekBackend,deepseek-v4-flash,1783932506.5754836,llm_judge_binary,evaluation,,,340.0,340.0
deepseek,66,41,107,0,39,,,DeepSeekBackend,deepseek-v4-flash,1783932506.631132,llm_judge_binary,evaluation,,,343.0,343.0
deepseek,66,35,101,0,33,,,DeepSeekBackend,deepseek-v4-flash,1783932506.6407402,llm_judge_binary,evaluation,,,339.0,339.0
deepseek,66,40,106,0,38,,,DeepSeekBackend,deepseek-v4-flash,1783932506.869904,llm_judge_binary,evaluation,,,344.0,344.0
deepseek,66,56,122,0,54,,,DeepSeekBackend,deepseek-v4-flash,1783932506.9501877,llm_judge_binary,evaluation,,,341.0,341.0
deepseek,64,102,166,0,100,,,DeepSeekBackend,deepseek-v4-flash,1783932507.4606304,llm_judge_binary,evaluation,,,347.0,347.0
deepseek,64,96,160,0,94,,,DeepSeekBackend,deepseek-v4-flash,1783932507.468819,llm_judge_binary,evaluation,,,346.0,346.0
deepseek,64,95,159,0,93,,,DeepSeekBackend,deepseek-v4-flash,1783932507.53856,llm_judge_binary,evaluation,,,352.0,352.0
deepseek,64,91,155,0,89,,,DeepSeekBackend,deepseek-v4-flash,1783932507.6351,llm_judge_binary,evaluation,,,355.0,355.0
deepseek,64,100,164,0,98,,,DeepSeekBackend,deepseek-v4-flash,1783932507.6831686,llm_judge_binary,evaluation,,,354.0,354.0
deepseek,64,107,171,0,105,,,DeepSeekBackend,deepseek-v4-flash,1783932507.6977463,llm_judge_binary,evaluation,,,351.0,351.0
deepseek,64,101,165,0,99,,,DeepSeekBackend,deepseek-v4-flash,1783932507.803494,llm_judge_binary,evaluation,,,349.0,349.0
deepseek,64,97,161,0,95,,,DeepSeekBackend,deepseek-v4-flash,1783932507.8786023,llm_judge_binary,evaluation,,,356.0,356.0
deepseek,64,141,205,0,139,,,DeepSeekBackend,deepseek-v4-flash,1783932507.918876,llm_judge_binary,evaluation,,,345.0,345.0
deepseek,64,94,158,0,92,,,DeepSeekBackend,deepseek-v4-flash,1783932508.067061,llm_judge_binary,evaluation,,,359.0,359.0
deepseek,64,89,153,0,87,,,DeepSeekBackend,deepseek-v4-flash,1783932508.204481,llm_judge_binary,evaluation,,,362.0,362.0
deepseek,64,152,216,0,150,,,DeepSeekBackend,deepseek-v4-flash,1783932508.2365124,llm_judge_binary,evaluation,,,348.0,348.0
deepseek,64,90,154,0,88,,,DeepSeekBackend,deepseek-v4-flash,1783932508.4175327,llm_judge_binary,evaluation,,,360.0,360.0
deepseek,60,31,91,0,29,,,DeepSeekBackend,deepseek-v4-flash,1783932508.517283,llm_judge_binary,evaluation,,,367.0,367.0
deepseek,64,108,172,0,106,,,DeepSeekBackend,deepseek-v4-flash,1783932508.579017,llm_judge_binary,evaluation,,,364.0,364.0
deepseek,64,103,167,0,101,,,DeepSeekBackend,deepseek-v4-flash,1783932508.5872614,llm_judge_binary,evaluation,,,363.0,363.0
deepseek,60,48,108,0,46,,,DeepSeekBackend,deepseek-v4-flash,1783932508.6750262,llm_judge_binary,evaluation,,,365.0,365.0
deepseek,60,40,100,0,38,,,DeepSeekBackend,deepseek-v4-flash,1783932508.6860251,llm_judge_binary,evaluation,,,368.0,368.0
deepseek,60,32,92,0,30,,,DeepSeekBackend,deepseek-v4-flash,1783932508.7427084,llm_judge_binary,evaluation,,,372.0,372.0
deepseek,60,39,99,0,37,,,DeepSeekBackend,deepseek-v4-flash,1783932508.753314,llm_judge_binary,evaluation,,,370.0,370.0
deepseek,63,63,126,0,61,,,DeepSeekBackend,deepseek-v4-flash,1783932508.7691202,llm_judge_binary,evaluation,,,366.0,366.0
deepseek,63,66,129,0,64,,,DeepSeekBackend,deepseek-v4-flash,1783932508.8091705,llm_judge_binary,evaluation,,,369.0,369.0
deepseek,64,208,272,0,206,,,DeepSeekBackend,deepseek-v4-flash,1783932508.8433225,llm_judge_binary,evaluation,,,350.0,350.0
deepseek,60,43,103,0,41,,,DeepSeekBackend,deepseek-v4-flash,1783932508.9130342,llm_judge_binary,evaluation,,,371.0,371.0
deepseek,64,150,214,0,148,,,DeepSeekBackend,deepseek-v4-flash,1783932508.9724357,llm_judge_binary,evaluation,,,357.0,357.0
deepseek,64,153,217,0,151,,,DeepSeekBackend,deepseek-v4-flash,1783932508.9883354,llm_judge_binary,evaluation,,,353.0,353.0
deepseek,60,39,99,0,37,,,DeepSeekBackend,deepseek-v4-flash,1783932509.0500648,llm_judge_binary,evaluation,,,375.0,375.0
deepseek,64,167,231,0,165,,,DeepSeekBackend,deepseek-v4-flash,1783932509.0664873,llm_judge_binary,evaluation,,,361.0,361.0
deepseek,60,58,118,0,56,,,DeepSeekBackend,deepseek-v4-flash,1783932509.3147545,llm_judge_binary,evaluation,,,373.0,373.0
deepseek,60,45,105,0,43,,,DeepSeekBackend,deepseek-v4-flash,1783932509.3576758,llm_judge_binary,evaluation,,,376.0,376.0
deepseek,64,204,268,0,202,,,DeepSeekBackend,deepseek-v4-flash,1783932509.4138987,llm_judge_binary,evaluation,,,358.0,358.0
deepseek,60,46,106,0,44,,,DeepSeekBackend,deepseek-v4-flash,1783932509.5133886,llm_judge_binary,evaluation,,,377.0,377.0
deepseek,60,45,105,0,43,,,DeepSeekBackend,deepseek-v4-flash,1783932509.5699637,llm_judge_binary,evaluation,,,379.0,379.0
deepseek,60,42,102,0,40,,,DeepSeekBackend,deepseek-v4-flash,1783932509.5921378,llm_judge_binary,evaluation,,,378.0,378.0
deepseek,63,71,134,0,69,,,DeepSeekBackend,deepseek-v4-flash,1783932509.6316366,llm_judge_binary,evaluation,,,374.0,374.0
deepseek,60,39,99,0,37,,,DeepSeekBackend,deepseek-v4-flash,1783932509.7353282,llm_judge_binary,evaluation,,,383.0,383.0
deepseek,60,34,94,0,32,,,DeepSeekBackend,deepseek-v4-flash,1783932509.7493048,llm_judge_binary,evaluation,,,380.0,380.0
deepseek,60,36,96,0,34,,,DeepSeekBackend,deepseek-v4-flash,1783932509.8689458,llm_judge_binary,evaluation,,,382.0,382.0
deepseek,63,58,121,0,56,,,DeepSeekBackend,deepseek-v4-flash,1783932509.932528,llm_judge_binary,evaluation,,,381.0,381.0
deepseek,65,67,132,0,65,,,DeepSeekBackend,deepseek-v4-flash,1783932509.9984725,llm_judge_binary,evaluation,,,385.0,385.0
deepseek,65,68,133,0,66,,,DeepSeekBackend,deepseek-v4-flash,1783932510.0850327,llm_judge_binary,evaluation,,,388.0,388.0
deepseek,65,72,137,0,70,,,DeepSeekBackend,deepseek-v4-flash,1783932510.1122346,llm_judge_binary,evaluation,,,386.0,386.0
deepseek,65,62,127,0,60,,,DeepSeekBackend,deepseek-v4-flash,1783932510.2514532,llm_judge_binary,evaluation,,,389.0,389.0
deepseek,65,62,127,0,60,,,DeepSeekBackend,deepseek-v4-flash,1783932510.3016026,llm_judge_binary,evaluation,,,392.0,392.0
deepseek,65,68,133,0,66,,,DeepSeekBackend,deepseek-v4-flash,1783932510.3776593,llm_judge_binary,evaluation,,,387.0,387.0
deepseek,63,77,140,0,75,,,DeepSeekBackend,deepseek-v4-flash,1783932510.3845794,llm_judge_binary,evaluation,,,384.0,384.0
deepseek,65,65,130,0,63,,,DeepSeekBackend,deepseek-v4-flash,1783932510.4179535,llm_judge_binary,evaluation,,,391.0,391.0
deepseek,65,64,129,0,62,,,DeepSeekBackend,deepseek-v4-flash,1783932510.5041697,llm_judge_binary,evaluation,,,390.0,390.0
deepseek,65,65,130,0,63,,,DeepSeekBackend,deepseek-v4-flash,1783932510.5554311,llm_judge_binary,evaluation,,,394.0,394.0
deepseek,65,60,125,0,58,,,DeepSeekBackend,deepseek-v4-flash,1783932510.5784101,llm_judge_binary,evaluation,,,395.0,395.0
deepseek,65,67,132,0,65,,,DeepSeekBackend,deepseek-v4-flash,1783932510.5918322,llm_judge_binary,evaluation,,,393.0,393.0
deepseek,65,58,123,0,56,,,DeepSeekBackend,deepseek-v4-flash,1783932510.8218324,llm_judge_binary,evaluation,,,396.0,396.0
deepseek,65,60,125,0,58,,,DeepSeekBackend,deepseek-v4-flash,1783932510.835301,llm_judge_binary,evaluation,,,398.0,398.0
deepseek,65,68,133,0,66,,,DeepSeekBackend,deepseek-v4-flash,1783932510.8675215,llm_judge_binary,evaluation,,,399.0,399.0
deepseek,65,68,133,0,66,,,DeepSeekBackend,deepseek-v4-flash,1783932510.8830218,llm_judge_binary,evaluation,,,397.0,397.0
deepseek,65,64,129,0,62,,,DeepSeekBackend,deepseek-v4-flash,1783932510.9401717,llm_judge_binary,evaluation,,,401.0,401.0
deepseek,65,64,129,0,62,,,DeepSeekBackend,deepseek-v4-flash,1783932511.1622765,llm_judge_binary,evaluation,,,403.0,403.0
deepseek,65,63,128,0,61,,,DeepSeekBackend,deepseek-v4-flash,1783932511.2256641,llm_judge_binary,evaluation,,,400.0,400.0
deepseek,65,63,128,0,61,,,DeepSeekBackend,deepseek-v4-flash,1783932511.315648,llm_judge_binary,evaluation,,,402.0,402.0
deepseek,65,77,142,0,75,,,DeepSeekBackend,deepseek-v4-flash,1783932511.430567,llm_judge_binary,evaluation,,,404.0,404.0
deepseek,60,73,133,0,71,,,DeepSeekBackend,deepseek-v4-flash,1783932511.4892263,llm_judge_binary,evaluation,,,407.0,407.0
deepseek,64,70,134,0,68,,,DeepSeekBackend,deepseek-v4-flash,1783932511.7110786,llm_judge_binary,evaluation,,,408.0,408.0
deepseek,64,83,147,0,81,,,DeepSeekBackend,deepseek-v4-flash,1783932511.987122,llm_judge_binary,evaluation,,,409.0,409.0
deepseek,64,105,169,0,103,,,DeepSeekBackend,deepseek-v4-flash,1783932511.9944139,llm_judge_binary,evaluation,,,406.0,406.0
deepseek,64,101,165,0,99,,,DeepSeekBackend,deepseek-v4-flash,1783932512.0558133,llm_judge_binary,evaluation,,,412.0,412.0
deepseek,64,95,159,0,93,,,DeepSeekBackend,deepseek-v4-flash,1783932512.1008446,llm_judge_binary,evaluation,,,410.0,410.0
deepseek,64,99,163,0,97,,,DeepSeekBackend,deepseek-v4-flash,1783932512.1468494,llm_judge_binary,evaluation,,,411.0,411.0
deepseek,64,102,166,0,100,,,DeepSeekBackend,deepseek-v4-flash,1783932512.2430444,llm_judge_binary,evaluation,,,405.0,405.0
deepseek,64,77,141,0,75,,,DeepSeekBackend,deepseek-v4-flash,1783932512.2908542,llm_judge_binary,evaluation,,,418.0,418.0
deepseek,64,101,165,0,99,,,DeepSeekBackend,deepseek-v4-flash,1783932512.356272,llm_judge_binary,evaluation,,,415.0,415.0
deepseek,64,115,179,0,113,,,DeepSeekBackend,deepseek-v4-flash,1783932512.5226655,llm_judge_binary,evaluation,,,413.0,413.0
deepseek,64,79,143,0,77,,,DeepSeekBackend,deepseek-v4-flash,1783932512.6115308,llm_judge_binary,evaluation,,,420.0,420.0
deepseek,64,111,175,0,109,,,DeepSeekBackend,deepseek-v4-flash,1783932512.6184158,llm_judge_binary,evaluation,,,414.0,414.0
deepseek,60,65,125,0,63,,,DeepSeekBackend,deepseek-v4-flash,1783932512.6544323,llm_judge_binary,evaluation,,,422.0,422.0
deepseek,60,79,139,0,77,,,DeepSeekBackend,deepseek-v4-flash,1783932512.874724,llm_judge_binary,evaluation,,,423.0,423.0
deepseek,64,110,174,0,108,,,DeepSeekBackend,deepseek-v4-flash,1783932512.9166586,llm_judge_binary,evaluation,,,419.0,419.0
deepseek,64,144,208,0,142,,,DeepSeekBackend,deepseek-v4-flash,1783932512.9227877,llm_judge_binary,evaluation,,,417.0,417.0
deepseek,60,74,134,0,72,,,DeepSeekBackend,deepseek-v4-flash,1783932512.9988723,llm_judge_binary,evaluation,,,425.0,425.0
deepseek,60,48,108,0,46,,,DeepSeekBackend,deepseek-v4-flash,1783932513.0039456,llm_judge_binary,evaluation,,,426.0,426.0
deepseek,64,118,182,0,116,,,DeepSeekBackend,deepseek-v4-flash,1783932513.0849319,llm_judge_binary,evaluation,,,421.0,421.0
deepseek,60,56,116,0,54,,,DeepSeekBackend,deepseek-v4-flash,1783932513.0924234,llm_judge_binary,evaluation,,,428.0,428.0
deepseek,60,50,110,0,48,,,DeepSeekBackend,deepseek-v4-flash,1783932513.2357063,llm_judge_binary,evaluation,,,429.0,429.0
deepseek,62,143,205,0,141,,,DeepSeekBackend,deepseek-v4-flash,1783932513.3102772,llm_judge_binary,evaluation,,,416.0,416.0
deepseek,60,58,118,0,56,,,DeepSeekBackend,deepseek-v4-flash,1783932513.4674573,llm_judge_binary,evaluation,,,433.0,433.0
deepseek,60,71,131,0,69,,,DeepSeekBackend,deepseek-v4-flash,1783932513.5235636,llm_judge_binary,evaluation,,,430.0,430.0
deepseek,60,55,115,0,53,,,DeepSeekBackend,deepseek-v4-flash,1783932513.7533388,llm_judge_binary,evaluation,,,436.0,436.0
deepseek,60,70,130,0,68,,,DeepSeekBackend,deepseek-v4-flash,1783932513.7604544,llm_judge_binary,evaluation,,,435.0,435.0
deepseek,64,33,97,0,31,,,DeepSeekBackend,deepseek-v4-flash,1783932513.8934581,llm_judge_binary,evaluation,,,445.0,445.0
deepseek,64,160,224,0,158,,,DeepSeekBackend,deepseek-v4-flash,1783932513.9450212,llm_judge_binary,evaluation,,,424.0,424.0
deepseek,60,69,129,0,67,,,DeepSeekBackend,deepseek-v4-flash,1783932513.9674249,llm_judge_binary,evaluation,,,437.0,437.0
deepseek,60,118,178,0,116,,,DeepSeekBackend,deepseek-v4-flash,1783932513.9750245,llm_judge_binary,evaluation,,,427.0,427.0
deepseek,60,118,178,0,116,,,DeepSeekBackend,deepseek-v4-flash,1783932514.1485877,llm_judge_binary,evaluation,,,432.0,432.0
deepseek,60,116,176,0,114,,,DeepSeekBackend,deepseek-v4-flash,1783932514.2011044,llm_judge_binary,evaluation,,,434.0,434.0
deepseek,60,63,123,0,61,,,DeepSeekBackend,deepseek-v4-flash,1783932514.2555277,llm_judge_binary,evaluation,,,443.0,443.0
deepseek,60,130,190,0,128,,,DeepSeekBackend,deepseek-v4-flash,1783932514.2947195,llm_judge_binary,evaluation,,,431.0,431.0
deepseek,61,61,122,0,59,,,DeepSeekBackend,deepseek-v4-flash,1783932514.3139317,llm_judge_binary,evaluation,,,444.0,444.0
deepseek,64,55,119,0,53,,,DeepSeekBackend,deepseek-v4-flash,1783932514.3397589,llm_judge_binary,evaluation,,,446.0,446.0
deepseek,64,37,101,0,35,,,DeepSeekBackend,deepseek-v4-flash,1783932514.371759,llm_judge_binary,evaluation,,,448.0,448.0
deepseek,64,34,98,0,32,,,DeepSeekBackend,deepseek-v4-flash,1783932514.4282496,llm_judge_binary,evaluation,,,447.0,447.0
deepseek,60,62,122,0,60,,,DeepSeekBackend,deepseek-v4-flash,1783932514.4535959,llm_judge_binary,evaluation,,,440.0,440.0
deepseek,61,69,130,0,67,,,DeepSeekBackend,deepseek-v4-flash,1783932514.518826,llm_judge_binary,evaluation,,,439.0,439.0
deepseek,65,74,139,0,72,,,DeepSeekBackend,deepseek-v4-flash,1783932514.628522,llm_judge_binary,evaluation,,,442.0,442.0
deepseek,64,44,108,0,42,,,DeepSeekBackend,deepseek-v4-flash,1783932514.8648582,llm_judge_binary,evaluation,,,451.0,451.0
deepseek,60,129,189,0,127,,,DeepSeekBackend,deepseek-v4-flash,1783932515.0418084,llm_judge_binary,evaluation,,,438.0,438.0
deepseek,65,89,154,0,87,,,DeepSeekBackend,deepseek-v4-flash,1783932515.1827638,llm_judge_binary,evaluation,,,450.0,450.0
deepseek,65,77,142,0,75,,,DeepSeekBackend,deepseek-v4-flash,1783932515.20798,llm_judge_binary,evaluation,,,454.0,454.0
deepseek,65,69,134,0,67,,,DeepSeekBackend,deepseek-v4-flash,1783932515.228558,llm_judge_binary,evaluation,,,455.0,455.0
deepseek,65,92,157,0,90,,,DeepSeekBackend,deepseek-v4-flash,1783932515.2350044,llm_judge_binary,evaluation,,,449.0,449.0
deepseek,64,40,104,0,38,,,DeepSeekBackend,deepseek-v4-flash,1783932515.2412348,llm_judge_binary,evaluation,,,457.0,457.0
deepseek,60,116,176,0,114,,,DeepSeekBackend,deepseek-v4-flash,1783932515.248889,llm_judge_binary,evaluation,,,441.0,441.0
deepseek,64,34,98,0,32,,,DeepSeekBackend,deepseek-v4-flash,1783932515.26233,llm_judge_binary,evaluation,,,464.0,464.0
deepseek,64,39,103,0,37,,,DeepSeekBackend,deepseek-v4-flash,1783932515.2968411,llm_judge_binary,evaluation,,,463.0,463.0
deepseek,66,70,136,0,68,,,DeepSeekBackend,deepseek-v4-flash,1783932515.3927646,llm_judge_binary,evaluation,,,456.0,456.0
deepseek,65,69,134,0,67,,,DeepSeekBackend,deepseek-v4-flash,1783932515.505217,llm_judge_binary,evaluation,,,453.0,453.0
deepseek,65,96,161,0,94,,,DeepSeekBackend,deepseek-v4-flash,1783932515.514393,llm_judge_binary,evaluation,,,452.0,452.0
deepseek,60,43,103,0,41,,,DeepSeekBackend,deepseek-v4-flash,1783932515.5905213,llm_judge_binary,evaluation,,,466.0,466.0
deepseek,66,72,138,0,70,,,DeepSeekBackend,deepseek-v4-flash,1783932515.5974264,llm_judge_binary,evaluation,,,459.0,459.0
deepseek,60,44,104,0,42,,,DeepSeekBackend,deepseek-v4-flash,1783932515.7185414,llm_judge_binary,evaluation,,,465.0,465.0
deepseek,60,33,93,0,31,,,DeepSeekBackend,deepseek-v4-flash,1783932515.8768163,llm_judge_binary,evaluation,,,467.0,467.0
deepseek,60,43,103,0,41,,,DeepSeekBackend,deepseek-v4-flash,1783932515.98761,llm_judge_binary,evaluation,,,472.0,472.0
deepseek,64,89,153,0,87,,,DeepSeekBackend,deepseek-v4-flash,1783932516.0358553,llm_judge_binary,evaluation,,,458.0,458.0
deepseek,65,82,147,0,80,,,DeepSeekBackend,deepseek-v4-flash,1783932516.0537345,llm_judge_binary,evaluation,,,462.0,462.0
deepseek,65,102,167,0,100,,,DeepSeekBackend,deepseek-v4-flash,1783932516.0731113,llm_judge_binary,evaluation,,,461.0,461.0
deepseek,60,42,102,0,40,,,DeepSeekBackend,deepseek-v4-flash,1783932516.07943,llm_judge_binary,evaluation,,,469.0,469.0
deepseek,60,39,99,0,37,,,DeepSeekBackend,deepseek-v4-flash,1783932516.0935454,llm_judge_binary,evaluation,,,468.0,468.0
deepseek,60,33,93,0,31,,,DeepSeekBackend,deepseek-v4-flash,1783932516.1332886,llm_judge_binary,evaluation,,,473.0,473.0
deepseek,60,33,93,0,31,,,DeepSeekBackend,deepseek-v4-flash,1783932516.1411066,llm_judge_binary,evaluation,,,475.0,475.0
deepseek,60,39,99,0,37,,,DeepSeekBackend,deepseek-v4-flash,1783932516.1997359,llm_judge_binary,evaluation,,,471.0,471.0
deepseek,60,41,101,0,39,,,DeepSeekBackend,deepseek-v4-flash,1783932516.2456937,llm_judge_binary,evaluation,,,474.0,474.0
deepseek,60,62,122,0,60,,,DeepSeekBackend,deepseek-v4-flash,1783932516.2529066,llm_judge_binary,evaluation,,,470.0,470.0
deepseek,60,41,101,0,39,,,DeepSeekBackend,deepseek-v4-flash,1783932516.3318062,llm_judge_binary,evaluation,,,477.0,477.0
deepseek,60,34,94,0,32,,,DeepSeekBackend,deepseek-v4-flash,1783932516.3493836,llm_judge_binary,evaluation,,,478.0,478.0
deepseek,60,43,103,0,41,,,DeepSeekBackend,deepseek-v4-flash,1783932516.4233854,llm_judge_binary,evaluation,,,476.0,476.0
deepseek,65,125,190,0,123,,,DeepSeekBackend,deepseek-v4-flash,1783932516.4454582,llm_judge_binary,evaluation,,,460.0,460.0
deepseek,60,40,100,0,38,,,DeepSeekBackend,deepseek-v4-flash,1783932516.648693,llm_judge_binary,evaluation,,,479.0,479.0
deepseek,60,40,100,0,38,,,DeepSeekBackend,deepseek-v4-flash,1783932516.7916353,llm_judge_binary,evaluation,,,480.0,480.0
deepseek,60,40,100,0,38,,,DeepSeekBackend,deepseek-v4-flash,1783932516.8272488,llm_judge_binary,evaluation,,,483.0,483.0
deepseek,60,43,103,0,41,,,DeepSeekBackend,deepseek-v4-flash,1783932516.960797,llm_judge_binary,evaluation,,,482.0,482.0
deepseek,60,38,98,0,36,,,DeepSeekBackend,deepseek-v4-flash,1783932516.9794142,llm_judge_binary,evaluation,,,484.0,484.0
deepseek,61,81,142,0,79,,,DeepSeekBackend,deepseek-v4-flash,1783932517.2686932,llm_judge_binary,evaluation,,,487.0,487.0
deepseek,61,63,124,0,61,,,DeepSeekBackend,deepseek-v4-flash,1783932517.2822618,llm_judge_binary,evaluation,,,488.0,488.0
deepseek,60,77,137,0,75,,,DeepSeekBackend,deepseek-v4-flash,1783932517.3029594,llm_judge_binary,evaluation,,,481.0,481.0
deepseek,61,77,138,0,75,,,DeepSeekBackend,deepseek-v4-flash,1783932517.3651257,llm_judge_binary,evaluation,,,486.0,486.0
deepseek,61,70,131,0,68,,,DeepSeekBackend,deepseek-v4-flash,1783932517.438185,llm_judge_binary,evaluation,,,485.0,485.0
deepseek,61,72,133,0,70,,,DeepSeekBackend,deepseek-v4-flash,1783932517.478793,llm_judge_binary,evaluation,,,497.0,497.0
deepseek,61,67,128,0,65,,,DeepSeekBackend,deepseek-v4-flash,1783932517.486503,llm_judge_binary,evaluation,,,489.0,489.0
deepseek,61,65,126,0,63,,,DeepSeekBackend,deepseek-v4-flash,1783932517.4981544,llm_judge_binary,evaluation,,,491.0,491.0
deepseek,65,68,133,0,66,,,DeepSeekBackend,deepseek-v4-flash,1783932517.609466,llm_judge_binary,evaluation,,,492.0,492.0
deepseek,61,71,132,0,69,,,DeepSeekBackend,deepseek-v4-flash,1783932517.6980886,llm_judge_binary,evaluation,,,495.0,495.0
deepseek,63,69,132,0,67,,,DeepSeekBackend,deepseek-v4-flash,1783932517.705201,llm_judge_binary,evaluation,,,496.0,496.0
deepseek,61,81,142,0,79,,,DeepSeekBackend,deepseek-v4-flash,1783932517.761762,llm_judge_binary,evaluation,,,494.0,494.0
deepseek,61,79,140,0,77,,,DeepSeekBackend,deepseek-v4-flash,1783932517.7855973,llm_judge_binary,evaluation,,,493.0,493.0
deepseek,61,72,133,0,70,,,DeepSeekBackend,deepseek-v4-flash,1783932517.9417734,llm_judge_binary,evaluation,,,498.0,498.0
deepseek,61,104,165,0,102,,,DeepSeekBackend,deepseek-v4-flash,1783932518.001926,llm_judge_binary,evaluation,,,490.0,490.0
deepseek,63,73,136,0,71,,,DeepSeekBackend,deepseek-v4-flash,1783932518.0675638,llm_judge_binary,evaluation,,,499.0,499.0
deepseek,61,73,134,0,71,,,DeepSeekBackend,deepseek-v4-flash,1783932518.2397017,llm_judge_binary,evaluation,,,501.0,501.0
deepseek,61,62,123,0,60,,,DeepSeekBackend,deepseek-v4-flash,1783932518.2464335,llm_judge_binary,evaluation,,,500.0,500.0
deepseek,61,78,139,0,76,,,DeepSeekBackend,deepseek-v4-flash,1783932518.2703767,llm_judge_binary,evaluation,,,503.0,503.0
deepseek,61,72,133,0,70,,,DeepSeekBackend,deepseek-v4-flash,1783932518.5209575,llm_judge_binary,evaluation,,,504.0,504.0
deepseek,61,91,152,0,89,,,DeepSeekBackend,deepseek-v4-flash,1783932518.528557,llm_judge_binary,evaluation,,,502.0,502.0
deepseek,69,71,140,0,69,,,DeepSeekBackend,deepseek-v4-flash,1783932518.7920349,llm_judge_binary,evaluation,,,510.0,510.0
deepseek,69,77,146,0,75,,,DeepSeekBackend,deepseek-v4-flash,1783932518.852878,llm_judge_binary,evaluation,,,508.0,508.0
deepseek,69,95,164,0,93,,,DeepSeekBackend,deepseek-v4-flash,1783932518.927257,llm_judge_binary,evaluation,,,507.0,507.0
deepseek,69,90,159,0,88,,,DeepSeekBackend,deepseek-v4-flash,1783932518.9593546,llm_judge_binary,evaluation,,,506.0,506.0
deepseek,69,96,165,0,94,,,DeepSeekBackend,deepseek-v4-flash,1783932519.0456436,llm_judge_binary,evaluation,,,509.0,509.0
deepseek,69,79,148,0,77,,,DeepSeekBackend,deepseek-v4-flash,1783932519.0609462,llm_judge_binary,evaluation,,,514.0,514.0
deepseek,69,94,163,0,92,,,DeepSeekBackend,deepseek-v4-flash,1783932519.0938053,llm_judge_binary,evaluation,,,511.0,511.0
deepseek,69,67,136,0,65,,,DeepSeekBackend,deepseek-v4-flash,1783932519.1303244,llm_judge_binary,evaluation,,,513.0,513.0
deepseek,69,91,160,0,89,,,DeepSeekBackend,deepseek-v4-flash,1783932519.225487,llm_judge_binary,evaluation,,,515.0,515.0
deepseek,69,94,163,0,92,,,DeepSeekBackend,deepseek-v4-flash,1783932519.2325356,llm_judge_binary,evaluation,,,512.0,512.0
deepseek,69,73,142,0,71,,,DeepSeekBackend,deepseek-v4-flash,1783932519.311295,llm_judge_binary,evaluation,,,518.0,518.0
deepseek,69,66,135,0,64,,,DeepSeekBackend,deepseek-v4-flash,1783932519.381122,llm_judge_binary,evaluation,,,519.0,519.0
deepseek,69,74,143,0,72,,,DeepSeekBackend,deepseek-v4-flash,1783932519.4207191,llm_judge_binary,evaluation,,,517.0,517.0
deepseek,69,110,179,0,108,,,DeepSeekBackend,deepseek-v4-flash,1783932519.4524906,llm_judge_binary,evaluation,,,516.0,516.0
deepseek,69,76,145,0,74,,,DeepSeekBackend,deepseek-v4-flash,1783932519.6598856,llm_judge_binary,evaluation,,,522.0,522.0
deepseek,69,88,157,0,86,,,DeepSeekBackend,deepseek-v4-flash,1783932519.6691558,llm_judge_binary,evaluation,,,521.0,521.0
deepseek,69,99,168,0,97,,,DeepSeekBackend,deepseek-v4-flash,1783932519.9059281,llm_judge_binary,evaluation,,,520.0,520.0
deepseek,69,90,159,0,88,,,DeepSeekBackend,deepseek-v4-flash,1783932519.953461,llm_judge_binary,evaluation,,,523.0,523.0
deepseek,62,83,145,0,81,,,DeepSeekBackend,deepseek-v4-flash,1783932520.3673651,llm_judge_binary,evaluation,,,527.0,527.0
deepseek,69,104,173,0,102,,,DeepSeekBackend,deepseek-v4-flash,1783932520.3772998,llm_judge_binary,evaluation,,,525.0,525.0
deepseek,62,88,150,0,86,,,DeepSeekBackend,deepseek-v4-flash,1783932520.3839695,llm_judge_binary,evaluation,,,526.0,526.0
deepseek,62,63,125,0,61,,,DeepSeekBackend,deepseek-v4-flash,1783932520.3919692,llm_judge_binary,evaluation,,,529.0,529.0
deepseek,62,77,139,0,75,,,DeepSeekBackend,deepseek-v4-flash,1783932520.4635909,llm_judge_binary,evaluation,,,528.0,528.0
deepseek,62,75,137,0,73,,,DeepSeekBackend,deepseek-v4-flash,1783932520.4702153,llm_judge_binary,evaluation,,,530.0,530.0
deepseek,62,92,154,0,90,,,DeepSeekBackend,deepseek-v4-flash,1783932520.6579943,llm_judge_binary,evaluation,,,532.0,532.0
deepseek,62,77,139,0,75,,,DeepSeekBackend,deepseek-v4-flash,1783932520.7251463,llm_judge_binary,evaluation,,,531.0,531.0
deepseek,62,85,147,0,83,,,DeepSeekBackend,deepseek-v4-flash,1783932520.8279243,llm_judge_binary,evaluation,,,535.0,535.0
deepseek,62,86,148,0,84,,,DeepSeekBackend,deepseek-v4-flash,1783932520.8776445,llm_judge_binary,evaluation,,,533.0,533.0
deepseek,62,92,154,0,90,,,DeepSeekBackend,deepseek-v4-flash,1783932520.9109268,llm_judge_binary,evaluation,,,534.0,534.0
deepseek,62,78,140,0,76,,,DeepSeekBackend,deepseek-v4-flash,1783932520.9593813,llm_judge_binary,evaluation,,,538.0,538.0
deepseek,62,113,175,0,111,,,DeepSeekBackend,deepseek-v4-flash,1783932521.1261995,llm_judge_binary,evaluation,,,536.0,536.0
deepseek,62,90,152,0,88,,,DeepSeekBackend,deepseek-v4-flash,1783932521.1432316,llm_judge_binary,evaluation,,,537.0,537.0
deepseek,62,94,156,0,92,,,DeepSeekBackend,deepseek-v4-flash,1783932521.2717922,llm_judge_binary,evaluation,,,539.0,539.0
deepseek,62,84,146,0,82,,,DeepSeekBackend,deepseek-v4-flash,1783932521.2950134,llm_judge_binary,evaluation,,,541.0,541.0
deepseek,66,41,107,0,39,,,DeepSeekBackend,deepseek-v4-flash,1783932521.3023727,llm_judge_binary,evaluation,,,546.0,546.0
deepseek,66,43,109,0,41,,,DeepSeekBackend,deepseek-v4-flash,1783932521.3090086,llm_judge_binary,evaluation,,,547.0,547.0
deepseek,62,85,147,0,83,,,DeepSeekBackend,deepseek-v4-flash,1783932521.3151712,llm_judge_binary,evaluation,,,540.0,540.0
deepseek,69,184,253,0,182,,,DeepSeekBackend,deepseek-v4-flash,1783932521.3758452,llm_judge_binary,evaluation,,,524.0,524.0
deepseek,62,71,133,0,69,,,DeepSeekBackend,deepseek-v4-flash,1783932521.4060445,llm_judge_binary,evaluation,,,542.0,542.0
deepseek,66,41,107,0,39,,,DeepSeekBackend,deepseek-v4-flash,1783932521.429283,llm_judge_binary,evaluation,,,548.0,548.0
deepseek,62,310,372,0,308,,,DeepSeekBackend,deepseek-v4-flash,1783932521.6598587,llm_judge_binary,evaluation,,,505.0,505.0
deepseek,62,83,145,0,81,,,DeepSeekBackend,deepseek-v4-flash,1783932521.6815062,llm_judge_binary,evaluation,,,544.0,544.0
deepseek,66,52,118,0,50,,,DeepSeekBackend,deepseek-v4-flash,1783932521.7939436,llm_judge_binary,evaluation,,,551.0,551.0
deepseek,66,45,111,0,43,,,DeepSeekBackend,deepseek-v4-flash,1783932521.8855953,llm_judge_binary,evaluation,,,552.0,552.0
deepseek,62,75,137,0,73,,,DeepSeekBackend,deepseek-v4-flash,1783932522.0164192,llm_judge_binary,evaluation,,,545.0,545.0
deepseek,62,92,154,0,90,,,DeepSeekBackend,deepseek-v4-flash,1783932522.0414433,llm_judge_binary,evaluation,,,543.0,543.0
deepseek,66,37,103,0,35,,,DeepSeekBackend,deepseek-v4-flash,1783932522.0763829,llm_judge_binary,evaluation,,,554.0,554.0
deepseek,66,49,115,0,47,,,DeepSeekBackend,deepseek-v4-flash,1783932522.0858388,llm_judge_binary,evaluation,,,550.0,550.0
deepseek,66,41,107,0,39,,,DeepSeekBackend,deepseek-v4-flash,1783932522.1230114,llm_judge_binary,evaluation,,,556.0,556.0
deepseek,66,34,100,0,32,,,DeepSeekBackend,deepseek-v4-flash,1783932522.2210448,llm_judge_binary,evaluation,,,559.0,559.0
deepseek,66,54,120,0,52,,,DeepSeekBackend,deepseek-v4-flash,1783932522.2606888,llm_judge_binary,evaluation,,,563.0,563.0
deepseek,66,51,117,0,49,,,DeepSeekBackend,deepseek-v4-flash,1783932522.333189,llm_judge_binary,evaluation,,,558.0,558.0
deepseek,66,46,112,0,44,,,DeepSeekBackend,deepseek-v4-flash,1783932522.3780103,llm_judge_binary,evaluation,,,560.0,560.0
deepseek,66,49,115,0,47,,,DeepSeekBackend,deepseek-v4-flash,1783932522.4432585,llm_judge_binary,evaluation,,,564.0,564.0
deepseek,65,118,183,0,116,,,DeepSeekBackend,deepseek-v4-flash,1783932522.5778198,llm_judge_binary,evaluation,,,549.0,549.0
deepseek,66,50,116,0,48,,,DeepSeekBackend,deepseek-v4-flash,1783932522.729106,llm_judge_binary,evaluation,,,565.0,565.0
deepseek,64,110,174,0,108,,,DeepSeekBackend,deepseek-v4-flash,1783932523.5414815,llm_judge_binary,evaluation,,,566.0,566.0
deepseek,64,136,200,0,134,,,DeepSeekBackend,deepseek-v4-flash,1783932523.5548959,llm_judge_binary,evaluation,,,562.0,562.0
deepseek,64,119,183,0,117,,,DeepSeekBackend,deepseek-v4-flash,1783932523.6942143,llm_judge_binary,evaluation,,,567.0,567.0
deepseek,64,77,141,0,75,,,DeepSeekBackend,deepseek-v4-flash,1783932523.7019937,llm_judge_binary,evaluation,,,569.0,569.0
deepseek,64,108,172,0,106,,,DeepSeekBackend,deepseek-v4-flash,1783932523.7236845,llm_judge_binary,evaluation,,,568.0,568.0
deepseek,64,175,239,0,173,,,DeepSeekBackend,deepseek-v4-flash,1783932523.7465692,llm_judge_binary,evaluation,,,553.0,553.0
deepseek,64,140,204,0,138,,,DeepSeekBackend,deepseek-v4-flash,1783932523.851525,llm_judge_binary,evaluation,,,557.0,557.0
deepseek,64,78,142,0,76,,,DeepSeekBackend,deepseek-v4-flash,1783932523.902779,llm_judge_binary,evaluation,,,577.0,577.0
deepseek,64,103,167,0,101,,,DeepSeekBackend,deepseek-v4-flash,1783932523.9973028,llm_judge_binary,evaluation,,,574.0,574.0
deepseek,64,113,177,0,111,,,DeepSeekBackend,deepseek-v4-flash,1783932524.0130363,llm_judge_binary,evaluation,,,572.0,572.0
deepseek,64,104,168,0,102,,,DeepSeekBackend,deepseek-v4-flash,1783932524.0201108,llm_judge_binary,evaluation,,,576.0,576.0
deepseek,64,106,170,0,104,,,DeepSeekBackend,deepseek-v4-flash,1783932524.040702,llm_judge_binary,evaluation,,,571.0,571.0
deepseek,64,120,184,0,118,,,DeepSeekBackend,deepseek-v4-flash,1783932524.0564303,llm_judge_binary,evaluation,,,570.0,570.0
deepseek,64,101,165,0,99,,,DeepSeekBackend,deepseek-v4-flash,1783932524.0740597,llm_judge_binary,evaluation,,,578.0,578.0
deepseek,64,118,182,0,116,,,DeepSeekBackend,deepseek-v4-flash,1783932524.1305563,llm_judge_binary,evaluation,,,573.0,573.0
deepseek,64,128,192,0,126,,,DeepSeekBackend,deepseek-v4-flash,1783932524.4288151,llm_judge_binary,evaluation,,,579.0,579.0
deepseek,64,76,140,0,74,,,DeepSeekBackend,deepseek-v4-flash,1783932524.4691467,llm_judge_binary,evaluation,,,580.0,580.0
deepseek,64,161,225,0,159,,,DeepSeekBackend,deepseek-v4-flash,1783932524.566798,llm_judge_binary,evaluation,,,575.0,575.0
deepseek,62,38,100,0,36,,,DeepSeekBackend,deepseek-v4-flash,1783932524.7375896,llm_judge_binary,evaluation,,,587.0,587.0
deepseek,62,38,100,0,36,,,DeepSeekBackend,deepseek-v4-flash,1783932524.7681253,llm_judge_binary,evaluation,,,586.0,586.0
deepseek,64,251,315,0,249,,,DeepSeekBackend,deepseek-v4-flash,1783932525.007039,llm_judge_binary,evaluation,,,561.0,561.0
deepseek,62,50,112,0,48,,,DeepSeekBackend,deepseek-v4-flash,1783932525.0184412,llm_judge_binary,evaluation,,,592.0,592.0
deepseek,66,268,334,0,266,,,DeepSeekBackend,deepseek-v4-flash,1783932525.0255573,llm_judge_binary,evaluation,,,555.0,555.0
deepseek,62,46,108,0,44,,,DeepSeekBackend,deepseek-v4-flash,1783932525.0322077,llm_judge_binary,evaluation,,,591.0,591.0
deepseek,62,46,108,0,44,,,DeepSeekBackend,deepseek-v4-flash,1783932525.0425022,llm_judge_binary,evaluation,,,594.0,594.0
deepseek,64,90,154,0,88,,,DeepSeekBackend,deepseek-v4-flash,1783932525.0729165,llm_judge_binary,evaluation,,,581.0,581.0
deepseek,64,77,141,0,75,,,DeepSeekBackend,deepseek-v4-flash,1783932525.080224,llm_judge_binary,evaluation,,,583.0,583.0
deepseek,62,52,114,0,50,,,DeepSeekBackend,deepseek-v4-flash,1783932525.0859597,llm_judge_binary,evaluation,,,588.0,588.0
deepseek,64,71,135,0,69,,,DeepSeekBackend,deepseek-v4-flash,1783932525.147741,llm_judge_binary,evaluation,,,584.0,584.0
deepseek,62,50,112,0,48,,,DeepSeekBackend,deepseek-v4-flash,1783932525.1575413,llm_judge_binary,evaluation,,,593.0,593.0
deepseek,62,40,102,0,38,,,DeepSeekBackend,deepseek-v4-flash,1783932525.199651,llm_judge_binary,evaluation,,,589.0,589.0
deepseek,62,44,106,0,42,,,DeepSeekBackend,deepseek-v4-flash,1783932525.2747653,llm_judge_binary,evaluation,,,590.0,590.0
deepseek,64,91,155,0,89,,,DeepSeekBackend,deepseek-v4-flash,1783932525.343489,llm_judge_binary,evaluation,,,582.0,582.0
deepseek,62,40,102,0,38,,,DeepSeekBackend,deepseek-v4-flash,1783932525.3685014,llm_judge_binary,evaluation,,,595.0,595.0
deepseek,62,39,101,0,37,,,DeepSeekBackend,deepseek-v4-flash,1783932525.4218066,llm_judge_binary,evaluation,,,597.0,597.0
deepseek,64,105,169,0,103,,,DeepSeekBackend,deepseek-v4-flash,1783932525.4628117,llm_judge_binary,evaluation,,,585.0,585.0
deepseek,62,38,100,0,36,,,DeepSeekBackend,deepseek-v4-flash,1783932525.5210605,llm_judge_binary,evaluation,,,598.0,598.0
deepseek,62,54,116,0,52,,,DeepSeekBackend,deepseek-v4-flash,1783932525.556785,llm_judge_binary,evaluation,,,596.0,596.0
deepseek,62,44,106,0,42,,,DeepSeekBackend,deepseek-v4-flash,1783932525.7569788,llm_judge_binary,evaluation,,,600.0,600.0
deepseek,62,35,97,0,33,,,DeepSeekBackend,deepseek-v4-flash,1783932525.8231907,llm_judge_binary,evaluation,,,602.0,602.0
deepseek,62,45,107,0,43,,,DeepSeekBackend,deepseek-v4-flash,1783932525.8986413,llm_judge_binary,evaluation,,,599.0,599.0
deepseek,62,38,100,0,36,,,DeepSeekBackend,deepseek-v4-flash,1783932526.0284889,llm_judge_binary,evaluation,,,605.0,605.0
deepseek,62,40,102,0,38,,,DeepSeekBackend,deepseek-v4-flash,1783932526.035628,llm_judge_binary,evaluation,,,601.0,601.0
deepseek,62,45,107,0,43,,,DeepSeekBackend,deepseek-v4-flash,1783932526.1127307,llm_judge_binary,evaluation,,,603.0,603.0
deepseek,63,70,133,0,68,,,DeepSeekBackend,deepseek-v4-flash,1783932526.230112,llm_judge_binary,evaluation,,,606.0,606.0
deepseek,63,64,127,0,62,,,DeepSeekBackend,deepseek-v4-flash,1783932526.3077958,llm_judge_binary,evaluation,,,607.0,607.0
deepseek,63,65,128,0,63,,,DeepSeekBackend,deepseek-v4-flash,1783932526.374031,llm_judge_binary,evaluation,,,609.0,609.0
deepseek,63,64,127,0,62,,,DeepSeekBackend,deepseek-v4-flash,1783932526.4020982,llm_judge_binary,evaluation,,,610.0,610.0
deepseek,62,68,130,0,66,,,DeepSeekBackend,deepseek-v4-flash,1783932526.498997,llm_judge_binary,evaluation,,,604.0,604.0
deepseek,63,74,137,0,72,,,DeepSeekBackend,deepseek-v4-flash,1783932526.6526318,llm_judge_binary,evaluation,,,614.0,614.0
deepseek,63,72,135,0,70,,,DeepSeekBackend,deepseek-v4-flash,1783932526.6780777,llm_judge_binary,evaluation,,,611.0,611.0
deepseek,65,73,138,0,71,,,DeepSeekBackend,deepseek-v4-flash,1783932526.7104697,llm_judge_binary,evaluation,,,616.0,616.0
deepseek,63,110,173,0,108,,,DeepSeekBackend,deepseek-v4-flash,1783932526.7250788,llm_judge_binary,evaluation,,,608.0,608.0
deepseek,63,64,127,0,62,,,DeepSeekBackend,deepseek-v4-flash,1783932526.7639194,llm_judge_binary,evaluation,,,620.0,620.0
deepseek,63,72,135,0,70,,,DeepSeekBackend,deepseek-v4-flash,1783932526.807018,llm_judge_binary,evaluation,,,612.0,612.0
deepseek,63,75,138,0,73,,,DeepSeekBackend,deepseek-v4-flash,1783932526.813588,llm_judge_binary,evaluation,,,618.0,618.0
deepseek,63,88,151,0,86,,,DeepSeekBackend,deepseek-v4-flash,1783932526.8907988,llm_judge_binary,evaluation,,,617.0,617.0
deepseek,63,99,162,0,97,,,DeepSeekBackend,deepseek-v4-flash,1783932527.0351114,llm_judge_binary,evaluation,,,615.0,615.0
deepseek,63,69,132,0,67,,,DeepSeekBackend,deepseek-v4-flash,1783932527.1542664,llm_judge_binary,evaluation,,,619.0,619.0
deepseek,63,68,131,0,66,,,DeepSeekBackend,deepseek-v4-flash,1783932527.225827,llm_judge_binary,evaluation,,,624.0,624.0
deepseek,60,34,94,0,32,,,DeepSeekBackend,deepseek-v4-flash,1783932527.2358363,llm_judge_binary,evaluation,,,627.0,627.0
deepseek,60,45,105,0,43,,,DeepSeekBackend,deepseek-v4-flash,1783932527.3149695,llm_judge_binary,evaluation,,,628.0,628.0
deepseek,63,94,157,0,92,,,DeepSeekBackend,deepseek-v4-flash,1783932527.3273377,llm_judge_binary,evaluation,,,621.0,621.0
deepseek,63,73,136,0,71,,,DeepSeekBackend,deepseek-v4-flash,1783932527.3347626,llm_judge_binary,evaluation,,,623.0,623.0
deepseek,63,80,143,0,78,,,DeepSeekBackend,deepseek-v4-flash,1783932527.3399012,llm_judge_binary,evaluation,,,622.0,622.0
deepseek,63,119,182,0,117,,,DeepSeekBackend,deepseek-v4-flash,1783932527.3797872,llm_judge_binary,evaluation,,,613.0,613.0
deepseek,60,33,93,0,31,,,DeepSeekBackend,deepseek-v4-flash,1783932527.4238799,llm_judge_binary,evaluation,,,629.0,629.0
deepseek,63,63,126,0,61,,,DeepSeekBackend,deepseek-v4-flash,1783932527.4652567,llm_judge_binary,evaluation,,,625.0,625.0
deepseek,60,34,94,0,32,,,DeepSeekBackend,deepseek-v4-flash,1783932527.5541956,llm_judge_binary,evaluation,,,626.0,626.0
deepseek,60,45,105,0,43,,,DeepSeekBackend,deepseek-v4-flash,1783932527.7329688,llm_judge_binary,evaluation,,,631.0,631.0
deepseek,60,44,104,0,42,,,DeepSeekBackend,deepseek-v4-flash,1783932527.7985072,llm_judge_binary,evaluation,,,634.0,634.0
deepseek,60,37,97,0,35,,,DeepSeekBackend,deepseek-v4-flash,1783932527.8896496,llm_judge_binary,evaluation,,,636.0,636.0
deepseek,60,35,95,0,33,,,DeepSeekBackend,deepseek-v4-flash,1783932527.9139059,llm_judge_binary,evaluation,,,632.0,632.0
deepseek,60,45,105,0,43,,,DeepSeekBackend,deepseek-v4-flash,1783932527.9248931,llm_judge_binary,evaluation,,,635.0,635.0
deepseek,60,43,103,0,41,,,DeepSeekBackend,deepseek-v4-flash,1783932527.9794438,llm_judge_binary,evaluation,,,633.0,633.0
deepseek,60,79,139,0,77,,,DeepSeekBackend,deepseek-v4-flash,1783932528.231386,llm_judge_binary,evaluation,,,630.0,630.0
deepseek,60,35,95,0,33,,,DeepSeekBackend,deepseek-v4-flash,1783932528.2972894,llm_judge_binary,evaluation,,,639.0,639.0
deepseek,68,40,108,0,38,,,DeepSeekBackend,deepseek-v4-flash,1783932528.3259299,llm_judge_binary,evaluation,,,646.0,646.0
deepseek,60,38,98,0,36,,,DeepSeekBackend,deepseek-v4-flash,1783932528.3378656,llm_judge_binary,evaluation,,,640.0,640.0
deepseek,60,43,103,0,41,,,DeepSeekBackend,deepseek-v4-flash,1783932528.364036,llm_judge_binary,evaluation,,,644.0,644.0
deepseek,60,38,98,0,36,,,DeepSeekBackend,deepseek-v4-flash,1783932528.370089,llm_judge_binary,evaluation,,,645.0,645.0
deepseek,60,81,141,0,79,,,DeepSeekBackend,deepseek-v4-flash,1783932528.3994255,llm_judge_binary,evaluation,,,637.0,637.0
deepseek,60,42,102,0,40,,,DeepSeekBackend,deepseek-v4-flash,1783932528.5300734,llm_judge_binary,evaluation,,,643.0,643.0
deepseek,60,69,129,0,67,,,DeepSeekBackend,deepseek-v4-flash,1783932528.6622581,llm_judge_binary,evaluation,,,638.0,638.0
deepseek,60,89,149,0,87,,,DeepSeekBackend,deepseek-v4-flash,1783932528.708063,llm_judge_binary,evaluation,,,641.0,641.0
deepseek,65,81,146,0,79,,,DeepSeekBackend,deepseek-v4-flash,1783932528.7602513,llm_judge_binary,evaluation,,,648.0,648.0
deepseek,64,69,133,0,67,,,DeepSeekBackend,deepseek-v4-flash,1783932528.8205862,llm_judge_binary,evaluation,,,649.0,649.0
deepseek,68,45,113,0,43,,,DeepSeekBackend,deepseek-v4-flash,1783932528.8635504,llm_judge_binary,evaluation,,,651.0,651.0
deepseek,60,73,133,0,71,,,DeepSeekBackend,deepseek-v4-flash,1783932528.9348085,llm_judge_binary,evaluation,,,642.0,642.0
deepseek,64,88,152,0,86,,,DeepSeekBackend,deepseek-v4-flash,1783932528.990595,llm_judge_binary,evaluation,,,647.0,647.0
deepseek,68,38,106,0,36,,,DeepSeekBackend,deepseek-v4-flash,1783932529.039882,llm_judge_binary,evaluation,,,652.0,652.0
deepseek,68,51,119,0,49,,,DeepSeekBackend,deepseek-v4-flash,1783932529.0642636,llm_judge_binary,evaluation,,,653.0,653.0
deepseek,64,85,149,0,83,,,DeepSeekBackend,deepseek-v4-flash,1783932529.2846878,llm_judge_binary,evaluation,,,650.0,650.0
deepseek,64,71,135,0,69,,,DeepSeekBackend,deepseek-v4-flash,1783932529.291776,llm_judge_binary,evaluation,,,654.0,654.0
deepseek,68,72,140,0,70,,,DeepSeekBackend,deepseek-v4-flash,1783932529.3597114,llm_judge_binary,evaluation,,,656.0,656.0
deepseek,68,37,105,0,35,,,DeepSeekBackend,deepseek-v4-flash,1783932529.3660624,llm_judge_binary,evaluation,,,662.0,662.0
deepseek,64,76,140,0,74,,,DeepSeekBackend,deepseek-v4-flash,1783932529.387352,llm_judge_binary,evaluation,,,655.0,655.0
deepseek,64,75,139,0,73,,,DeepSeekBackend,deepseek-v4-flash,1783932529.4825866,llm_judge_binary,evaluation,,,657.0,657.0
deepseek,68,44,112,0,42,,,DeepSeekBackend,deepseek-v4-flash,1783932529.491057,llm_judge_binary,evaluation,,,659.0,659.0
deepseek,68,45,113,0,43,,,DeepSeekBackend,deepseek-v4-flash,1783932529.5081475,llm_judge_binary,evaluation,,,660.0,660.0
deepseek,64,73,137,0,71,,,DeepSeekBackend,deepseek-v4-flash,1783932529.5704553,llm_judge_binary,evaluation,,,658.0,658.0
deepseek,64,78,142,0,76,,,DeepSeekBackend,deepseek-v4-flash,1783932529.888511,llm_judge_binary,evaluation,,,661.0,661.0
deepseek,68,40,108,0,38,,,DeepSeekBackend,deepseek-v4-flash,1783932529.9328396,llm_judge_binary,evaluation,,,665.0,665.0
deepseek,64,74,138,0,72,,,DeepSeekBackend,deepseek-v4-flash,1783932530.1534464,llm_judge_binary,evaluation,,,663.0,663.0
deepseek,66,77,143,0,75,,,DeepSeekBackend,deepseek-v4-flash,1783932530.3031173,llm_judge_binary,evaluation,,,667.0,667.0
deepseek,66,76,142,0,74,,,DeepSeekBackend,deepseek-v4-flash,1783932530.3162978,llm_judge_binary,evaluation,,,672.0,672.0
deepseek,62,90,152,0,88,,,DeepSeekBackend,deepseek-v4-flash,1783932530.347852,llm_judge_binary,evaluation,,,666.0,666.0
deepseek,69,89,158,0,87,,,DeepSeekBackend,deepseek-v4-flash,1783932530.478991,llm_judge_binary,evaluation,,,664.0,664.0
deepseek,62,89,151,0,87,,,DeepSeekBackend,deepseek-v4-flash,1783932530.4973688,llm_judge_binary,evaluation,,,670.0,670.0
deepseek,66,107,173,0,105,,,DeepSeekBackend,deepseek-v4-flash,1783932530.507064,llm_judge_binary,evaluation,,,668.0,668.0
deepseek,66,55,121,0,53,,,DeepSeekBackend,deepseek-v4-flash,1783932530.535514,llm_judge_binary,evaluation,,,679.0,679.0
deepseek,66,82,148,0,80,,,DeepSeekBackend,deepseek-v4-flash,1783932530.6878161,llm_judge_binary,evaluation,,,674.0,674.0
deepseek,62,114,176,0,112,,,DeepSeekBackend,deepseek-v4-flash,1783932530.6950524,llm_judge_binary,evaluation,,,671.0,671.0
deepseek,66,62,128,0,60,,,DeepSeekBackend,deepseek-v4-flash,1783932530.7429204,llm_judge_binary,evaluation,,,678.0,678.0
deepseek,66,79,145,0,77,,,DeepSeekBackend,deepseek-v4-flash,1783932530.750313,llm_judge_binary,evaluation,,,673.0,673.0
deepseek,66,101,167,0,99,,,DeepSeekBackend,deepseek-v4-flash,1783932530.7980003,llm_judge_binary,evaluation,,,669.0,669.0
deepseek,62,93,155,0,91,,,DeepSeekBackend,deepseek-v4-flash,1783932530.8310027,llm_judge_binary,evaluation,,,677.0,677.0
deepseek,66,99,165,0,97,,,DeepSeekBackend,deepseek-v4-flash,1783932531.0211284,llm_judge_binary,evaluation,,,676.0,676.0
deepseek,62,75,137,0,73,,,DeepSeekBackend,deepseek-v4-flash,1783932531.1291072,llm_judge_binary,evaluation,,,681.0,681.0
deepseek,66,74,140,0,72,,,DeepSeekBackend,deepseek-v4-flash,1783932531.2350893,llm_judge_binary,evaluation,,,683.0,683.0
deepseek,66,75,141,0,73,,,DeepSeekBackend,deepseek-v4-flash,1783932531.328054,llm_judge_binary,evaluation,,,682.0,682.0
deepseek,62,99,161,0,97,,,DeepSeekBackend,deepseek-v4-flash,1783932531.3508255,llm_judge_binary,evaluation,,,680.0,680.0
deepseek,68,67,135,0,65,,,DeepSeekBackend,deepseek-v4-flash,1783932531.4796164,llm_judge_binary,evaluation,,,687.0,687.0
deepseek,66,86,152,0,84,,,DeepSeekBackend,deepseek-v4-flash,1783932531.6211371,llm_judge_binary,evaluation,,,684.0,684.0
deepseek,66,167,233,0,165,,,DeepSeekBackend,deepseek-v4-flash,1783932531.638834,llm_judge_binary,evaluation,,,675.0,675.0
deepseek,68,53,121,0,51,,,DeepSeekBackend,deepseek-v4-flash,1783932531.654269,llm_judge_binary,evaluation,,,691.0,691.0
deepseek,68,44,112,0,42,,,DeepSeekBackend,deepseek-v4-flash,1783932531.6676667,llm_judge_binary,evaluation,,,692.0,692.0
deepseek,68,70,138,0,68,,,DeepSeekBackend,deepseek-v4-flash,1783932531.6861014,llm_judge_binary,evaluation,,,686.0,686.0
deepseek,68,54,122,0,52,,,DeepSeekBackend,deepseek-v4-flash,1783932531.7363553,llm_judge_binary,evaluation,,,690.0,690.0
deepseek,68,57,125,0,55,,,DeepSeekBackend,deepseek-v4-flash,1783932531.7492352,llm_judge_binary,evaluation,,,689.0,689.0
deepseek,62,87,149,0,85,,,DeepSeekBackend,deepseek-v4-flash,1783932531.79368,llm_judge_binary,evaluation,,,685.0,685.0
deepseek,68,63,131,0,61,,,DeepSeekBackend,deepseek-v4-flash,1783932531.87323,llm_judge_binary,evaluation,,,688.0,688.0
deepseek,68,67,135,0,65,,,DeepSeekBackend,deepseek-v4-flash,1783932531.9707725,llm_judge_binary,evaluation,,,694.0,694.0
deepseek,68,65,133,0,63,,,DeepSeekBackend,deepseek-v4-flash,1783932531.9776897,llm_judge_binary,evaluation,,,695.0,695.0
deepseek,68,54,122,0,52,,,DeepSeekBackend,deepseek-v4-flash,1783932532.0255427,llm_judge_binary,evaluation,,,693.0,693.0
deepseek,68,71,139,0,69,,,DeepSeekBackend,deepseek-v4-flash,1783932532.0840955,llm_judge_binary,evaluation,,,697.0,697.0
deepseek,68,71,139,0,69,,,DeepSeekBackend,deepseek-v4-flash,1783932532.1310635,llm_judge_binary,evaluation,,,696.0,696.0
deepseek,68,75,143,0,73,,,DeepSeekBackend,deepseek-v4-flash,1783932532.1789293,llm_judge_binary,evaluation,,,698.0,698.0
deepseek,68,57,125,0,55,,,DeepSeekBackend,deepseek-v4-flash,1783932532.3532534,llm_judge_binary,evaluation,,,699.0,699.0
deepseek,68,63,131,0,61,,,DeepSeekBackend,deepseek-v4-flash,1783932532.4914412,llm_judge_binary,evaluation,,,701.0,701.0
deepseek,68,68,136,0,66,,,DeepSeekBackend,deepseek-v4-flash,1783932532.6199887,llm_judge_binary,evaluation,,,703.0,703.0
deepseek,68,57,125,0,55,,,DeepSeekBackend,deepseek-v4-flash,1783932532.6290925,llm_judge_binary,evaluation,,,702.0,702.0
deepseek,68,47,115,0,45,,,DeepSeekBackend,deepseek-v4-flash,1783932532.6884084,llm_judge_binary,evaluation,,,707.0,707.0
deepseek,68,62,130,0,60,,,DeepSeekBackend,deepseek-v4-flash,1783932532.7256367,llm_judge_binary,evaluation,,,700.0,700.0
deepseek,68,43,111,0,41,,,DeepSeekBackend,deepseek-v4-flash,1783932532.8005505,llm_judge_binary,evaluation,,,708.0,708.0
deepseek,68,40,108,0,38,,,DeepSeekBackend,deepseek-v4-flash,1783932532.8428776,llm_judge_binary,evaluation,,,706.0,706.0
deepseek,68,40,108,0,38,,,DeepSeekBackend,deepseek-v4-flash,1783932532.8812604,llm_judge_binary,evaluation,,,715.0,715.0
deepseek,68,55,123,0,53,,,DeepSeekBackend,deepseek-v4-flash,1783932532.9023905,llm_judge_binary,evaluation,,,705.0,705.0
deepseek,68,50,118,0,48,,,DeepSeekBackend,deepseek-v4-flash,1783932532.911353,llm_judge_binary,evaluation,,,709.0,709.0
deepseek,68,51,119,0,49,,,DeepSeekBackend,deepseek-v4-flash,1783932532.9381087,llm_judge_binary,evaluation,,,712.0,712.0
deepseek,68,51,119,0,49,,,DeepSeekBackend,deepseek-v4-flash,1783932532.9834752,llm_judge_binary,evaluation,,,717.0,717.0
deepseek,68,50,118,0,48,,,DeepSeekBackend,deepseek-v4-flash,1783932533.014777,llm_judge_binary,evaluation,,,713.0,713.0
deepseek,68,73,141,0,71,,,DeepSeekBackend,deepseek-v4-flash,1783932533.021623,llm_judge_binary,evaluation,,,704.0,704.0
deepseek,68,46,114,0,44,,,DeepSeekBackend,deepseek-v4-flash,1783932533.027728,llm_judge_binary,evaluation,,,716.0,716.0
deepseek,68,56,124,0,54,,,DeepSeekBackend,deepseek-v4-flash,1783932533.0453248,llm_judge_binary,evaluation,,,710.0,710.0
deepseek,68,52,120,0,50,,,DeepSeekBackend,deepseek-v4-flash,1783932533.2066467,llm_judge_binary,evaluation,,,718.0,718.0
deepseek,68,52,120,0,50,,,DeepSeekBackend,deepseek-v4-flash,1783932533.2256603,llm_judge_binary,evaluation,,,711.0,711.0
deepseek,68,53,121,0,51,,,DeepSeekBackend,deepseek-v4-flash,1783932533.2322278,llm_judge_binary,evaluation,,,714.0,714.0
deepseek,68,53,121,0,51,,,DeepSeekBackend,deepseek-v4-flash,1783932533.2653852,llm_judge_binary,evaluation,,,719.0,719.0
deepseek,68,46,114,0,44,,,DeepSeekBackend,deepseek-v4-flash,1783932533.463732,llm_judge_binary,evaluation,,,720.0,720.0
deepseek,68,41,109,0,39,,,DeepSeekBackend,deepseek-v4-flash,1783932533.558835,llm_judge_binary,evaluation,,,721.0,721.0
deepseek,68,41,109,0,39,,,DeepSeekBackend,deepseek-v4-flash,1783932533.606509,llm_judge_binary,evaluation,,,723.0,723.0
deepseek,68,50,118,0,48,,,DeepSeekBackend,deepseek-v4-flash,1783932533.6884887,llm_judge_binary,evaluation,,,722.0,722.0
deepseek,68,47,115,0,45,,,DeepSeekBackend,deepseek-v4-flash,1783932533.7112484,llm_judge_binary,evaluation,,,725.0,725.0
deepseek,68,45,113,0,43,,,DeepSeekBackend,deepseek-v4-flash,1783932533.7996776,llm_judge_binary,evaluation,,,724.0,724.0
deepseek,63,104,167,0,102,,,DeepSeekBackend,deepseek-v4-flash,1783932534.4642081,llm_judge_binary,evaluation,,,726.0,726.0
deepseek,63,83,146,0,81,,,DeepSeekBackend,deepseek-v4-flash,1783932534.511978,llm_judge_binary,evaluation,,,729.0,729.0
deepseek,63,89,152,0,87,,,DeepSeekBackend,deepseek-v4-flash,1783932534.6485622,llm_judge_binary,evaluation,,,730.0,730.0
deepseek,63,67,130,0,65,,,DeepSeekBackend,deepseek-v4-flash,1783932534.6753254,llm_judge_binary,evaluation,,,737.0,737.0
deepseek,63,97,160,0,95,,,DeepSeekBackend,deepseek-v4-flash,1783932534.7753441,llm_judge_binary,evaluation,,,735.0,735.0
deepseek,63,95,158,0,93,,,DeepSeekBackend,deepseek-v4-flash,1783932534.9193442,llm_judge_binary,evaluation,,,739.0,739.0
deepseek,63,93,156,0,91,,,DeepSeekBackend,deepseek-v4-flash,1783932535.2817385,llm_judge_binary,evaluation,,,743.0,743.0
deepseek,64,174,238,0,172,,,DeepSeekBackend,deepseek-v4-flash,1783932535.5096107,llm_judge_binary,evaluation,,,733.0,733.0
deepseek,63,148,211,0,146,,,DeepSeekBackend,deepseek-v4-flash,1783932535.5351927,llm_judge_binary,evaluation,,,740.0,740.0
deepseek,64,48,112,0,46,,,DeepSeekBackend,deepseek-v4-flash,1783932535.543727,llm_judge_binary,evaluation,,,746.0,746.0
deepseek,64,42,106,0,40,,,DeepSeekBackend,deepseek-v4-flash,1783932535.5580585,llm_judge_binary,evaluation,,,747.0,747.0
deepseek,64,35,99,0,33,,,DeepSeekBackend,deepseek-v4-flash,1783932535.5995982,llm_judge_binary,evaluation,,,748.0,748.0
deepseek,63,167,230,0,165,,,DeepSeekBackend,deepseek-v4-flash,1783932535.6662714,llm_judge_binary,evaluation,,,734.0,734.0
deepseek,64,41,105,0,39,,,DeepSeekBackend,deepseek-v4-flash,1783932535.7639494,llm_judge_binary,evaluation,,,750.0,750.0
deepseek,63,179,242,0,177,,,DeepSeekBackend,deepseek-v4-flash,1783932535.8920765,llm_judge_binary,evaluation,,,727.0,727.0
deepseek,64,54,118,0,52,,,DeepSeekBackend,deepseek-v4-flash,1783932535.917623,llm_judge_binary,evaluation,,,749.0,749.0
deepseek,63,171,234,0,169,,,DeepSeekBackend,deepseek-v4-flash,1783932536.0143788,llm_judge_binary,evaluation,,,738.0,738.0
deepseek,64,45,109,0,43,,,DeepSeekBackend,deepseek-v4-flash,1783932536.0640242,llm_judge_binary,evaluation,,,751.0,751.0
deepseek,63,231,294,0,229,,,DeepSeekBackend,deepseek-v4-flash,1783932536.1142457,llm_judge_binary,evaluation,,,731.0,731.0
deepseek,64,35,99,0,33,,,DeepSeekBackend,deepseek-v4-flash,1783932536.1791484,llm_judge_binary,evaluation,,,752.0,752.0
deepseek,64,220,284,0,218,,,DeepSeekBackend,deepseek-v4-flash,1783932536.2717855,llm_judge_binary,evaluation,,,736.0,736.0
deepseek,63,199,262,0,197,,,DeepSeekBackend,deepseek-v4-flash,1783932536.3072379,llm_judge_binary,evaluation,,,728.0,728.0
deepseek,64,40,104,0,38,,,DeepSeekBackend,deepseek-v4-flash,1783932536.4862428,llm_judge_binary,evaluation,,,756.0,756.0
deepseek,64,47,111,0,45,,,DeepSeekBackend,deepseek-v4-flash,1783932536.5710814,llm_judge_binary,evaluation,,,755.0,755.0
deepseek,64,39,103,0,37,,,DeepSeekBackend,deepseek-v4-flash,1783932536.5832105,llm_judge_binary,evaluation,,,754.0,754.0
deepseek,63,216,279,0,214,,,DeepSeekBackend,deepseek-v4-flash,1783932536.6125863,llm_judge_binary,evaluation,,,741.0,741.0
deepseek,64,47,111,0,45,,,DeepSeekBackend,deepseek-v4-flash,1783932536.7150323,llm_judge_binary,evaluation,,,753.0,753.0
deepseek,64,41,105,0,39,,,DeepSeekBackend,deepseek-v4-flash,1783932536.8070898,llm_judge_binary,evaluation,,,759.0,759.0
deepseek,64,166,230,0,164,,,DeepSeekBackend,deepseek-v4-flash,1783932536.8248374,llm_judge_binary,evaluation,,,745.0,745.0
deepseek,64,47,111,0,45,,,DeepSeekBackend,deepseek-v4-flash,1783932536.9001224,llm_judge_binary,evaluation,,,760.0,760.0
deepseek,64,46,110,0,44,,,DeepSeekBackend,deepseek-v4-flash,1783932536.906795,llm_judge_binary,evaluation,,,758.0,758.0
deepseek,64,46,110,0,44,,,DeepSeekBackend,deepseek-v4-flash,1783932536.9335833,llm_judge_binary,evaluation,,,761.0,761.0
deepseek,63,237,300,0,235,,,DeepSeekBackend,deepseek-v4-flash,1783932536.9875643,llm_judge_binary,evaluation,,,744.0,744.0
deepseek,64,39,103,0,37,,,DeepSeekBackend,deepseek-v4-flash,1783932536.9986997,llm_judge_binary,evaluation,,,757.0,757.0
deepseek,64,37,101,0,35,,,DeepSeekBackend,deepseek-v4-flash,1783932537.0512757,llm_judge_binary,evaluation,,,762.0,762.0
deepseek,63,224,287,0,222,,,DeepSeekBackend,deepseek-v4-flash,1783932537.1225686,llm_judge_binary,evaluation,,,742.0,742.0
deepseek,64,29,93,0,27,,,DeepSeekBackend,deepseek-v4-flash,1783932537.1430995,llm_judge_binary,evaluation,,,763.0,763.0
deepseek,63,302,365,0,300,,,DeepSeekBackend,deepseek-v4-flash,1783932537.326429,llm_judge_binary,evaluation,,,732.0,732.0
deepseek,64,33,97,0,31,,,DeepSeekBackend,deepseek-v4-flash,1783932537.3659008,llm_judge_binary,evaluation,,,764.0,764.0
deepseek,61,65,126,0,63,,,DeepSeekBackend,deepseek-v4-flash,1783932537.4805906,llm_judge_binary,evaluation,,,766.0,766.0
deepseek,61,58,119,0,56,,,DeepSeekBackend,deepseek-v4-flash,1783932537.541708,llm_judge_binary,evaluation,,,765.0,765.0
deepseek,61,65,126,0,63,,,DeepSeekBackend,deepseek-v4-flash,1783932537.5742304,llm_judge_binary,evaluation,,,767.0,767.0
deepseek,61,77,138,0,75,,,DeepSeekBackend,deepseek-v4-flash,1783932537.7152042,llm_judge_binary,evaluation,,,768.0,768.0
deepseek,61,62,123,0,60,,,DeepSeekBackend,deepseek-v4-flash,1783932537.7399704,llm_judge_binary,evaluation,,,771.0,771.0
deepseek,61,80,141,0,78,,,DeepSeekBackend,deepseek-v4-flash,1783932537.9588978,llm_judge_binary,evaluation,,,770.0,770.0
deepseek,61,66,127,0,64,,,DeepSeekBackend,deepseek-v4-flash,1783932537.9702911,llm_judge_binary,evaluation,,,774.0,774.0
deepseek,61,63,124,0,61,,,DeepSeekBackend,deepseek-v4-flash,1783932538.054623,llm_judge_binary,evaluation,,,777.0,777.0
deepseek,61,63,124,0,61,,,DeepSeekBackend,deepseek-v4-flash,1783932538.12698,llm_judge_binary,evaluation,,,773.0,773.0
deepseek,61,86,147,0,84,,,DeepSeekBackend,deepseek-v4-flash,1783932538.195834,llm_judge_binary,evaluation,,,772.0,772.0
deepseek,61,56,117,0,54,,,DeepSeekBackend,deepseek-v4-flash,1783932538.2258437,llm_judge_binary,evaluation,,,780.0,780.0
deepseek,61,92,153,0,90,,,DeepSeekBackend,deepseek-v4-flash,1783932538.2844567,llm_judge_binary,evaluation,,,769.0,769.0
deepseek,61,62,123,0,60,,,DeepSeekBackend,deepseek-v4-flash,1783932538.3123248,llm_judge_binary,evaluation,,,778.0,778.0
deepseek,61,69,130,0,67,,,DeepSeekBackend,deepseek-v4-flash,1783932538.3360322,llm_judge_binary,evaluation,,,775.0,775.0
deepseek,61,82,143,0,80,,,DeepSeekBackend,deepseek-v4-flash,1783932538.3830562,llm_judge_binary,evaluation,,,776.0,776.0
deepseek,61,55,116,0,53,,,DeepSeekBackend,deepseek-v4-flash,1783932538.3890867,llm_judge_binary,evaluation,,,784.0,784.0
deepseek,61,88,149,0,86,,,DeepSeekBackend,deepseek-v4-flash,1783932538.411038,llm_judge_binary,evaluation,,,779.0,779.0
deepseek,61,80,141,0,78,,,DeepSeekBackend,deepseek-v4-flash,1783932538.48039,llm_judge_binary,evaluation,,,782.0,782.0
deepseek,66,46,112,0,44,,,DeepSeekBackend,deepseek-v4-flash,1783932538.6166549,llm_judge_binary,evaluation,,,785.0,785.0
deepseek,61,81,142,0,79,,,DeepSeekBackend,deepseek-v4-flash,1783932538.7728698,llm_judge_binary,evaluation,,,781.0,781.0
deepseek,64,50,114,0,48,,,DeepSeekBackend,deepseek-v4-flash,1783932538.8778133,llm_judge_binary,evaluation,,,788.0,788.0
deepseek,64,53,117,0,51,,,DeepSeekBackend,deepseek-v4-flash,1783932538.9112222,llm_judge_binary,evaluation,,,789.0,789.0
deepseek,64,48,112,0,46,,,DeepSeekBackend,deepseek-v4-flash,1783932538.9676454,llm_judge_binary,evaluation,,,790.0,790.0
deepseek,61,89,150,0,87,,,DeepSeekBackend,deepseek-v4-flash,1783932538.992981,llm_judge_binary,evaluation,,,783.0,783.0
deepseek,64,128,192,0,126,,,DeepSeekBackend,deepseek-v4-flash,1783932539.1786711,llm_judge_binary,evaluation,,,786.0,786.0
deepseek,64,79,143,0,77,,,DeepSeekBackend,deepseek-v4-flash,1783932539.1928077,llm_judge_binary,evaluation,,,787.0,787.0
deepseek,64,58,122,0,56,,,DeepSeekBackend,deepseek-v4-flash,1783932539.2487445,llm_judge_binary,evaluation,,,791.0,791.0
deepseek,66,40,106,0,38,,,DeepSeekBackend,deepseek-v4-flash,1783932539.363126,llm_judge_binary,evaluation,,,796.0,796.0
deepseek,64,86,150,0,84,,,DeepSeekBackend,deepseek-v4-flash,1783932539.411735,llm_judge_binary,evaluation,,,794.0,794.0
deepseek,64,50,114,0,48,,,DeepSeekBackend,deepseek-v4-flash,1783932539.4942768,llm_judge_binary,evaluation,,,801.0,801.0
deepseek,62,41,103,0,39,,,DeepSeekBackend,deepseek-v4-flash,1783932539.5319338,llm_judge_binary,evaluation,,,803.0,803.0
deepseek,64,79,143,0,77,,,DeepSeekBackend,deepseek-v4-flash,1783932539.5672028,llm_judge_binary,evaluation,,,792.0,792.0
deepseek,64,63,127,0,61,,,DeepSeekBackend,deepseek-v4-flash,1783932539.6270933,llm_judge_binary,evaluation,,,798.0,798.0
deepseek,64,72,136,0,70,,,DeepSeekBackend,deepseek-v4-flash,1783932539.650135,llm_judge_binary,evaluation,,,797.0,797.0
deepseek,62,30,92,0,28,,,DeepSeekBackend,deepseek-v4-flash,1783932539.728072,llm_judge_binary,evaluation,,,804.0,804.0
deepseek,66,73,139,0,71,,,DeepSeekBackend,deepseek-v4-flash,1783932539.8066156,llm_judge_binary,evaluation,,,799.0,799.0
deepseek,66,84,150,0,82,,,DeepSeekBackend,deepseek-v4-flash,1783932539.8130655,llm_judge_binary,evaluation,,,795.0,795.0
deepseek,64,97,161,0,95,,,DeepSeekBackend,deepseek-v4-flash,1783932539.823232,llm_judge_binary,evaluation,,,802.0,802.0
deepseek,64,76,140,0,74,,,DeepSeekBackend,deepseek-v4-flash,1783932539.9069803,llm_judge_binary,evaluation,,,793.0,793.0
deepseek,64,83,147,0,81,,,DeepSeekBackend,deepseek-v4-flash,1783932539.9288816,llm_judge_binary,evaluation,,,800.0,800.0
deepseek,62,56,118,0,54,,,DeepSeekBackend,deepseek-v4-flash,1783932539.9552794,llm_judge_binary,evaluation,,,805.0,805.0
deepseek,62,50,112,0,48,,,DeepSeekBackend,deepseek-v4-flash,1783932540.0414379,llm_judge_binary,evaluation,,,808.0,808.0
deepseek,62,41,103,0,39,,,DeepSeekBackend,deepseek-v4-flash,1783932540.094715,llm_judge_binary,evaluation,,,806.0,806.0
deepseek,62,39,101,0,37,,,DeepSeekBackend,deepseek-v4-flash,1783932540.115459,llm_judge_binary,evaluation,,,809.0,809.0
deepseek,62,49,111,0,47,,,DeepSeekBackend,deepseek-v4-flash,1783932540.1765978,llm_judge_binary,evaluation,,,811.0,811.0
deepseek,62,52,114,0,50,,,DeepSeekBackend,deepseek-v4-flash,1783932540.1850655,llm_judge_binary,evaluation,,,807.0,807.0
deepseek,62,41,103,0,39,,,DeepSeekBackend,deepseek-v4-flash,1783932540.3261833,llm_judge_binary,evaluation,,,813.0,813.0
deepseek,62,39,101,0,37,,,DeepSeekBackend,deepseek-v4-flash,1783932540.481708,llm_judge_binary,evaluation,,,814.0,814.0
deepseek,62,46,108,0,44,,,DeepSeekBackend,deepseek-v4-flash,1783932540.5780864,llm_judge_binary,evaluation,,,816.0,816.0
deepseek,62,40,102,0,38,,,DeepSeekBackend,deepseek-v4-flash,1783932540.632066,llm_judge_binary,evaluation,,,812.0,812.0
deepseek,62,38,100,0,36,,,DeepSeekBackend,deepseek-v4-flash,1783932540.7010777,llm_judge_binary,evaluation,,,818.0,818.0
deepseek,62,32,94,0,30,,,DeepSeekBackend,deepseek-v4-flash,1783932540.7105412,llm_judge_binary,evaluation,,,819.0,819.0
deepseek,62,48,110,0,46,,,DeepSeekBackend,deepseek-v4-flash,1783932540.7170587,llm_judge_binary,evaluation,,,817.0,817.0
deepseek,62,34,96,0,32,,,DeepSeekBackend,deepseek-v4-flash,1783932540.8414867,llm_judge_binary,evaluation,,,821.0,821.0
deepseek,62,77,139,0,75,,,DeepSeekBackend,deepseek-v4-flash,1783932540.849574,llm_judge_binary,evaluation,,,810.0,810.0
deepseek,62,56,118,0,54,,,DeepSeekBackend,deepseek-v4-flash,1783932541.144092,llm_judge_binary,evaluation,,,820.0,820.0
deepseek,64,118,182,0,116,,,DeepSeekBackend,deepseek-v4-flash,1783932541.5204973,llm_judge_binary,evaluation,,,815.0,815.0
deepseek,61,81,142,0,79,,,DeepSeekBackend,deepseek-v4-flash,1783932541.5768077,llm_judge_binary,evaluation,,,825.0,825.0
deepseek,61,94,155,0,92,,,DeepSeekBackend,deepseek-v4-flash,1783932541.9188962,llm_judge_binary,evaluation,,,831.0,831.0
deepseek,61,114,175,0,112,,,DeepSeekBackend,deepseek-v4-flash,1783932541.9512632,llm_judge_binary,evaluation,,,828.0,828.0
deepseek,61,141,202,0,139,,,DeepSeekBackend,deepseek-v4-flash,1783932542.0826888,llm_judge_binary,evaluation,,,826.0,826.0
deepseek,61,153,214,0,151,,,DeepSeekBackend,deepseek-v4-flash,1783932542.2280061,llm_judge_binary,evaluation,,,823.0,823.0
deepseek,61,136,197,0,134,,,DeepSeekBackend,deepseek-v4-flash,1783932542.700289,llm_judge_binary,evaluation,,,833.0,833.0
deepseek,61,143,204,0,141,,,DeepSeekBackend,deepseek-v4-flash,1783932542.70751,llm_judge_binary,evaluation,,,837.0,837.0
deepseek,61,229,290,0,227,,,DeepSeekBackend,deepseek-v4-flash,1783932543.0465689,llm_judge_binary,evaluation,,,824.0,824.0
deepseek,66,66,132,0,64,,,DeepSeekBackend,deepseek-v4-flash,1783932543.2782998,llm_judge_binary,evaluation,,,844.0,844.0
deepseek,66,88,154,0,86,,,DeepSeekBackend,deepseek-v4-flash,1783932543.31036,llm_judge_binary,evaluation,,,843.0,843.0
deepseek,66,91,157,0,89,,,DeepSeekBackend,deepseek-v4-flash,1783932543.3400447,llm_judge_binary,evaluation,,,842.0,842.0
deepseek,61,212,273,0,210,,,DeepSeekBackend,deepseek-v4-flash,1783932543.416791,llm_judge_binary,evaluation,,,830.0,830.0
deepseek,61,187,248,0,185,,,DeepSeekBackend,deepseek-v4-flash,1783932543.5612466,llm_judge_binary,evaluation,,,836.0,836.0
deepseek,61,210,271,0,208,,,DeepSeekBackend,deepseek-v4-flash,1783932543.6910512,llm_judge_binary,evaluation,,,832.0,832.0
deepseek,66,62,128,0,60,,,DeepSeekBackend,deepseek-v4-flash,1783932543.7072763,llm_judge_binary,evaluation,,,847.0,847.0
deepseek,61,176,237,0,174,,,DeepSeekBackend,deepseek-v4-flash,1783932543.7317963,llm_judge_binary,evaluation,,,840.0,840.0
deepseek,66,78,144,0,76,,,DeepSeekBackend,deepseek-v4-flash,1783932543.7633965,llm_judge_binary,evaluation,,,846.0,846.0
deepseek,66,89,155,0,87,,,DeepSeekBackend,deepseek-v4-flash,1783932543.8517942,llm_judge_binary,evaluation,,,845.0,845.0
deepseek,61,253,314,0,251,,,DeepSeekBackend,deepseek-v4-flash,1783932544.1115274,llm_judge_binary,evaluation,,,835.0,835.0
deepseek,66,81,147,0,79,,,DeepSeekBackend,deepseek-v4-flash,1783932544.1859457,llm_judge_binary,evaluation,,,848.0,848.0
deepseek,61,182,243,0,180,,,DeepSeekBackend,deepseek-v4-flash,1783932544.3169327,llm_judge_binary,evaluation,,,841.0,841.0
deepseek,61,306,367,0,304,,,DeepSeekBackend,deepseek-v4-flash,1783932544.3592803,llm_judge_binary,evaluation,,,827.0,827.0
deepseek,66,47,113,0,45,,,DeepSeekBackend,deepseek-v4-flash,1783932544.379962,llm_judge_binary,evaluation,,,851.0,851.0
deepseek,66,78,144,0,76,,,DeepSeekBackend,deepseek-v4-flash,1783932544.391808,llm_judge_binary,evaluation,,,849.0,849.0
deepseek,61,261,322,0,259,,,DeepSeekBackend,deepseek-v4-flash,1783932544.6087894,llm_judge_binary,evaluation,,,834.0,834.0
deepseek,66,84,150,0,82,,,DeepSeekBackend,deepseek-v4-flash,1783932544.8269007,llm_judge_binary,evaluation,,,850.0,850.0
deepseek,66,107,173,0,105,,,DeepSeekBackend,deepseek-v4-flash,1783932545.0922465,llm_judge_binary,evaluation,,,854.0,854.0
deepseek,66,85,151,0,83,,,DeepSeekBackend,deepseek-v4-flash,1783932545.1093194,llm_judge_binary,evaluation,,,855.0,855.0
deepseek,66,95,161,0,93,,,DeepSeekBackend,deepseek-v4-flash,1783932545.1158457,llm_judge_binary,evaluation,,,853.0,853.0
deepseek,61,371,432,0,369,,,DeepSeekBackend,deepseek-v4-flash,1783932545.1824267,llm_judge_binary,evaluation,,,829.0,829.0
deepseek,66,69,135,0,67,,,DeepSeekBackend,deepseek-v4-flash,1783932545.2198389,llm_judge_binary,evaluation,,,859.0,859.0
deepseek,66,90,156,0,88,,,DeepSeekBackend,deepseek-v4-flash,1783932545.2338424,llm_judge_binary,evaluation,,,852.0,852.0
deepseek,61,326,387,0,324,,,DeepSeekBackend,deepseek-v4-flash,1783932545.2527254,llm_judge_binary,evaluation,,,838.0,838.0
deepseek,66,93,159,0,91,,,DeepSeekBackend,deepseek-v4-flash,1783932545.3191965,llm_judge_binary,evaluation,,,858.0,858.0
deepseek,61,441,502,0,439,,,DeepSeekBackend,deepseek-v4-flash,1783932545.326007,llm_judge_binary,evaluation,,,822.0,822.0
deepseek,66,74,140,0,72,,,DeepSeekBackend,deepseek-v4-flash,1783932545.3971353,llm_judge_binary,evaluation,,,857.0,857.0
deepseek,66,123,189,0,121,,,DeepSeekBackend,deepseek-v4-flash,1783932545.5307574,llm_judge_binary,evaluation,,,856.0,856.0
deepseek,66,73,139,0,71,,,DeepSeekBackend,deepseek-v4-flash,1783932545.6590915,llm_judge_binary,evaluation,,,861.0,861.0
deepseek,66,137,203,0,135,,,DeepSeekBackend,deepseek-v4-flash,1783932546.0911143,llm_judge_binary,evaluation,,,860.0,860.0
deepseek,66,113,179,0,111,,,DeepSeekBackend,deepseek-v4-flash,1783932546.0989509,llm_judge_binary,evaluation,,,863.0,863.0
deepseek,66,75,141,0,73,,,DeepSeekBackend,deepseek-v4-flash,1783932546.1528268,llm_judge_binary,evaluation,,,867.0,867.0
deepseek,66,102,168,0,100,,,DeepSeekBackend,deepseek-v4-flash,1783932546.2337813,llm_judge_binary,evaluation,,,862.0,862.0
deepseek,61,400,461,0,398,,,DeepSeekBackend,deepseek-v4-flash,1783932546.312925,llm_judge_binary,evaluation,,,839.0,839.0
deepseek,66,109,175,0,107,,,DeepSeekBackend,deepseek-v4-flash,1783932546.4425237,llm_judge_binary,evaluation,,,866.0,866.0
deepseek,66,104,170,0,102,,,DeepSeekBackend,deepseek-v4-flash,1783932546.8964858,llm_judge_binary,evaluation,,,868.0,868.0
deepseek,62,72,134,0,70,,,DeepSeekBackend,deepseek-v4-flash,1783932546.924977,llm_judge_binary,evaluation,,,879.0,879.0
deepseek,66,126,192,0,124,,,DeepSeekBackend,deepseek-v4-flash,1783932546.997124,llm_judge_binary,evaluation,,,871.0,871.0
deepseek,62,79,141,0,77,,,DeepSeekBackend,deepseek-v4-flash,1783932547.019455,llm_judge_binary,evaluation,,,878.0,878.0
deepseek,62,119,181,0,117,,,DeepSeekBackend,deepseek-v4-flash,1783932547.2452965,llm_judge_binary,evaluation,,,876.0,876.0
deepseek,62,98,160,0,96,,,DeepSeekBackend,deepseek-v4-flash,1783932547.2612717,llm_judge_binary,evaluation,,,875.0,875.0
deepseek,66,202,268,0,200,,,DeepSeekBackend,deepseek-v4-flash,1783932547.291128,llm_judge_binary,evaluation,,,864.0,864.0
deepseek,62,129,191,0,127,,,DeepSeekBackend,deepseek-v4-flash,1783932547.4152777,llm_judge_binary,evaluation,,,877.0,877.0
deepseek,66,158,224,0,156,,,DeepSeekBackend,deepseek-v4-flash,1783932547.4679823,llm_judge_binary,evaluation,,,870.0,870.0
deepseek,62,66,128,0,64,,,DeepSeekBackend,deepseek-v4-flash,1783932547.4996886,llm_judge_binary,evaluation,,,880.0,880.0
deepseek,66,175,241,0,173,,,DeepSeekBackend,deepseek-v4-flash,1783932547.5358846,llm_judge_binary,evaluation,,,869.0,869.0
deepseek,66,172,238,0,170,,,DeepSeekBackend,deepseek-v4-flash,1783932547.6739922,llm_judge_binary,evaluation,,,872.0,872.0
deepseek,62,73,135,0,71,,,DeepSeekBackend,deepseek-v4-flash,1783932547.7384157,llm_judge_binary,evaluation,,,883.0,883.0
deepseek,62,77,139,0,75,,,DeepSeekBackend,deepseek-v4-flash,1783932547.7410877,llm_judge_binary,evaluation,,,882.0,882.0
deepseek,66,225,291,0,223,,,DeepSeekBackend,deepseek-v4-flash,1783932547.9286726,llm_judge_binary,evaluation,,,865.0,865.0
deepseek,62,126,188,0,124,,,DeepSeekBackend,deepseek-v4-flash,1783932548.051102,llm_judge_binary,evaluation,,,881.0,881.0
deepseek,62,77,139,0,75,,,DeepSeekBackend,deepseek-v4-flash,1783932548.4057548,llm_judge_binary,evaluation,,,889.0,889.0
deepseek,62,134,196,0,132,,,DeepSeekBackend,deepseek-v4-flash,1783932548.5828583,llm_judge_binary,evaluation,,,884.0,884.0
deepseek,62,153,215,0,151,,,DeepSeekBackend,deepseek-v4-flash,1783932549.1144593,llm_judge_binary,evaluation,,,885.0,885.0
deepseek,62,264,326,0,262,,,DeepSeekBackend,deepseek-v4-flash,1783932549.1345701,llm_judge_binary,evaluation,,,874.0,874.0
deepseek,62,112,174,0,110,,,DeepSeekBackend,deepseek-v4-flash,1783932549.2364972,llm_judge_binary,evaluation,,,892.0,892.0
deepseek,62,137,199,0,135,,,DeepSeekBackend,deepseek-v4-flash,1783932549.3044684,llm_judge_binary,evaluation,,,888.0,888.0
deepseek,62,115,177,0,113,,,DeepSeekBackend,deepseek-v4-flash,1783932549.3500624,llm_judge_binary,evaluation,,,890.0,890.0
deepseek,62,155,217,0,153,,,DeepSeekBackend,deepseek-v4-flash,1783932549.5648527,llm_judge_binary,evaluation,,,887.0,887.0
deepseek,62,146,208,0,144,,,DeepSeekBackend,deepseek-v4-flash,1783932549.6639693,llm_judge_binary,evaluation,,,891.0,891.0
deepseek,62,180,242,0,178,,,DeepSeekBackend,deepseek-v4-flash,1783932549.8051631,llm_judge_binary,evaluation,,,886.0,886.0
deepseek,66,319,385,0,317,,,DeepSeekBackend,deepseek-v4-flash,1783932549.8710256,llm_judge_binary,evaluation,,,873.0,873.0
deepseek,62,372,434,0,370,,,DeepSeekBackend,deepseek-v4-flash,1783932553.3410215,llm_judge_binary,evaluation,,,893.0,893.0
