provider,input_tokens,output_tokens,total_tokens,cached_input_tokens,reasoning_tokens,audio_input_tokens,audio_output_tokens,backend,model,recorded_at_unix,step,phase,cell_idx,cell_barcode,sample_pos,result_index
deepseek,571,230,801,512,175,,,DeepSeekBackend,deepseek-v4-flash,1784014185.6267378,stage1_annotation,annotation,58504.0,TGCACCTGTGGTGTAG-1-2,,
deepseek,572,247,819,512,178,,,DeepSeekBackend,deepseek-v4-flash,1784014185.700018,stage1_annotation,annotation,51327.0,AGGGAGTAGGCACATG-1-2,,
deepseek,566,290,856,512,191,,,DeepSeekBackend,deepseek-v4-flash,1784014186.2726374,stage1_annotation,annotation,5484.0,TAGAGCTGTGCCTGGT-1-2,,
deepseek,566,283,849,512,219,,,DeepSeekBackend,deepseek-v4-flash,1784014186.3335652,stage1_annotation,annotation,47691.0,CTAGTGATCAGTTTGG-1-3,,
deepseek,570,285,855,512,215,,,DeepSeekBackend,deepseek-v4-flash,1784014186.346145,stage1_annotation,annotation,50747.0,TCGCGTTGTGTGTGCC-1-0,,
deepseek,575,300,875,512,224,,,DeepSeekBackend,deepseek-v4-flash,1784014186.3915675,stage1_annotation,annotation,61869.0,CAGCGACCATCCTAGA-1-0,,
deepseek,567,384,951,512,315,,,DeepSeekBackend,deepseek-v4-flash,1784014187.3834164,stage1_annotation,annotation,53509.0,CAACCTCAGCCACCTG-1-2,,
deepseek,571,419,990,512,339,,,DeepSeekBackend,deepseek-v4-flash,1784014187.455886,stage1_annotation,annotation,11590.0,CGTCTACAGCCACGCT-1-2,,
deepseek,565,417,982,512,347,,,DeepSeekBackend,deepseek-v4-flash,1784014187.5680645,stage1_annotation,annotation,50102.0,TTTGCGCTCTGCAAGT-1-2,,
deepseek,568,405,973,512,326,,,DeepSeekBackend,deepseek-v4-flash,1784014187.6205065,stage1_annotation,annotation,34851.0,GCAGTTACATTGAGCT-1-6,,
deepseek,571,485,1056,512,389,,,DeepSeekBackend,deepseek-v4-flash,1784014187.865177,stage1_annotation,annotation,69537.0,GTCTTCGAGTACCGGA-1-3,,
deepseek,569,543,1112,512,470,,,DeepSeekBackend,deepseek-v4-flash,1784014188.9000528,stage1_annotation,annotation,28969.0,AGCGTATGTCATCGGC-1-6,,
deepseek,573,389,962,512,310,,,DeepSeekBackend,deepseek-v4-flash,1784014189.6281543,stage1_annotation,annotation,52756.0,CGCTTCATCCGAACGC-1-3,,
deepseek,573,322,895,512,235,,,DeepSeekBackend,deepseek-v4-flash,1784014189.650118,stage1_annotation,annotation,69801.0,AACTTTCAGATGCGAC-1-3,,
deepseek,572,649,1221,512,602,,,DeepSeekBackend,deepseek-v4-flash,1784014189.8715963,stage1_annotation,annotation,41209.0,ACACCAACAGATGGCA-1-3,,
deepseek,567,656,1223,512,579,,,DeepSeekBackend,deepseek-v4-flash,1784014189.967924,stage1_annotation,annotation,35222.0,CCACGGAGTGCTAGCC-1-3,,
deepseek,575,406,981,512,359,,,DeepSeekBackend,deepseek-v4-flash,1784014190.1441064,stage1_annotation,annotation,5974.0,GTTCATTAGCAATATG-1-3,,
deepseek,568,707,1275,512,630,,,DeepSeekBackend,deepseek-v4-flash,1784014190.2047498,stage1_annotation,annotation,5424.0,CCAGCGATCAGCATGT-1-3,,
deepseek,574,225,799,512,178,,,DeepSeekBackend,deepseek-v4-flash,1784014190.4775126,stage1_annotation,annotation,49282.0,CAGGTGCTCTGCGGCA-1-5,,
deepseek,566,767,1333,512,700,,,DeepSeekBackend,deepseek-v4-flash,1784014190.5250294,stage1_annotation,annotation,72329.0,GTCCTCATCGCCTGAG-1-3,,
deepseek,569,753,1322,512,658,,,DeepSeekBackend,deepseek-v4-flash,1784014190.7506323,stage1_annotation,annotation,72689.0,TGGTTCCGTACCGGCT-1-2,,
deepseek,571,304,875,512,210,,,DeepSeekBackend,deepseek-v4-flash,1784014190.824822,stage1_annotation,annotation,34870.0,CATTCGCTCAGGATCT-1-4,,
deepseek,572,330,902,512,283,,,DeepSeekBackend,deepseek-v4-flash,1784014190.9253366,stage1_annotation,annotation,14177.0,TTGACTTCATGATCCA-1-2,,
deepseek,573,798,1371,512,731,,,DeepSeekBackend,deepseek-v4-flash,1784014191.5558507,stage1_annotation,annotation,32747.0,CCGGTAGGTAGGGTAC-1-3,,
deepseek,569,361,930,512,310,,,DeepSeekBackend,deepseek-v4-flash,1784014192.8670669,stage1_annotation,annotation,59572.0,GCCTCTACACGGATAG-1-3,,
deepseek,567,440,1007,512,351,,,DeepSeekBackend,deepseek-v4-flash,1784014193.2412066,stage1_annotation,annotation,13321.0,TGGCCAGCACCGCTAG-1-0,,
deepseek,572,714,1286,512,609,,,DeepSeekBackend,deepseek-v4-flash,1784014193.5631793,stage1_annotation,annotation,60917.0,TACTCGCTCAGGCGAA-1-5,,
deepseek,572,1040,1612,512,963,,,DeepSeekBackend,deepseek-v4-flash,1784014193.5686274,stage1_annotation,annotation,8176.0,GTCCTCAAGGCTAGAC-1-3,,
deepseek,572,854,1426,512,782,,,DeepSeekBackend,deepseek-v4-flash,1784014194.144461,stage1_annotation,annotation,59057.0,AGAGCGAGTGTTAAGA-1-3,,
deepseek,564,1093,1657,512,984,,,DeepSeekBackend,deepseek-v4-flash,1784014194.9325786,stage1_annotation,annotation,55855.0,CTGCTGTGTGTTGAGG-1-3,,
deepseek,562,359,921,512,294,,,DeepSeekBackend,deepseek-v4-flash,1784014195.2373261,stage1_annotation,annotation,62390.0,CAGCATAAGTCTTGCA-1-1,,
deepseek,575,935,1510,512,863,,,DeepSeekBackend,deepseek-v4-flash,1784014195.8058567,stage1_annotation,annotation,36556.0,CAAGTTGGTCTGATTG-1-5,,
deepseek,577,405,982,512,340,,,DeepSeekBackend,deepseek-v4-flash,1784014195.8344696,stage1_annotation,annotation,28210.0,CCTCTGACAGCGTAA_GRO-04_nasal_brush,,
deepseek,569,898,1467,512,796,,,DeepSeekBackend,deepseek-v4-flash,1784014196.3881884,stage1_annotation,annotation,16944.0,ATTATCCGTACCGCTG_GRO-09_nasal_brush,,
deepseek,567,358,925,512,294,,,DeepSeekBackend,deepseek-v4-flash,1784014196.3948917,stage1_annotation,annotation,24363.0,ATCAGTAGAGTAA_GRO-03_nasal_brush,,
deepseek,570,651,1221,512,576,,,DeepSeekBackend,deepseek-v4-flash,1784014196.7895732,stage1_annotation,annotation,43561.0,AGTTGGTTCAGAAATG-1-3,,
deepseek,563,630,1193,512,546,,,DeepSeekBackend,deepseek-v4-flash,1784014197.0305927,stage1_annotation,annotation,8696.0,CTTAACTAGCAGCCTC_GRO-03_nasal_brush,,
deepseek,575,649,1224,512,576,,,DeepSeekBackend,deepseek-v4-flash,1784014197.1950727,stage1_annotation,annotation,58583.0,TTAGTTCCATCCTAGA-1-7,,
deepseek,572,801,1373,512,696,,,DeepSeekBackend,deepseek-v4-flash,1784014197.403668,stage1_annotation,annotation,75404.0,TCAATCTTCATTTGGG-1-3,,
deepseek,566,790,1356,512,710,,,DeepSeekBackend,deepseek-v4-flash,1784014198.3350482,stage1_annotation,annotation,50941.0,CATGCCTAGAAACGA_GRO-03_nasal_brush,,
deepseek,572,905,1477,512,826,,,DeepSeekBackend,deepseek-v4-flash,1784014198.5942004,stage1_annotation,annotation,3695.0,AAAGTAGGTTCAGGCC_GRO-09_nasal_brush,,
deepseek,564,489,1053,512,462,,,DeepSeekBackend,deepseek-v4-flash,1784014199.128537,stage1_annotation,annotation,49428.0,CGGACACAGGAGTTGC-1-3,,
deepseek,569,880,1449,512,877,,,DeepSeekBackend,deepseek-v4-flash,1784014199.2100713,stage1_annotation,annotation,39683.0,CTCTACGAGCAGATC_GRO-01_nasal_brush,,
deepseek,561,634,1195,512,561,,,DeepSeekBackend,deepseek-v4-flash,1784014199.91019,stage1_annotation,annotation,62411.0,CGGGTTGTACAGCA_GRO-04_nasal_brush,,
deepseek,561,447,1008,512,353,,,DeepSeekBackend,deepseek-v4-flash,1784014200.0490253,stage1_annotation,annotation,54474.0,CGCCAAGTCAATACCG-1-5,,
deepseek,568,1271,1839,512,1204,,,DeepSeekBackend,deepseek-v4-flash,1784014200.0805726,stage1_annotation,annotation,54099.0,GCCTCTAGTACTTAGC-1-4,,
deepseek,565,493,1058,512,416,,,DeepSeekBackend,deepseek-v4-flash,1784014200.1668036,stage1_annotation,annotation,14483.0,TGCCAAAAGTTAACGA-1-4,,
deepseek,560,798,1358,512,715,,,DeepSeekBackend,deepseek-v4-flash,1784014200.947207,stage1_annotation,annotation,68975.0,AGTTGGTCACCCATTC-1-2,,
deepseek,565,535,1100,512,438,,,DeepSeekBackend,deepseek-v4-flash,1784014201.2204025,stage1_annotation,annotation,59489.0,AATCCAGGTTTGCATG-1-5,,
deepseek,569,838,1407,512,760,,,DeepSeekBackend,deepseek-v4-flash,1784014201.7851665,stage1_annotation,annotation,19969.0,CAACCAAAGTCTCGGC-1-4,,
deepseek,565,933,1498,512,839,,,DeepSeekBackend,deepseek-v4-flash,1784014202.1134257,stage1_annotation,annotation,30804.0,D353_Brus_Nas1_CGTAGCGAGTGGAGTC-1-16,,
deepseek,570,488,1058,512,417,,,DeepSeekBackend,deepseek-v4-flash,1784014202.1457639,stage1_annotation,annotation,64979.0,CGAATGTAGATAGTCA-1-1,,
deepseek,566,545,1111,512,483,,,DeepSeekBackend,deepseek-v4-flash,1784014202.3651805,stage1_annotation,annotation,43582.0,GATGAAAAGAATCTCC-1-3,,
deepseek,567,312,879,512,303,,,DeepSeekBackend,deepseek-v4-flash,1784014202.422089,stage1_annotation,annotation,6674.0,CCTACCACAAGAAGAG-1-1,,
deepseek,560,574,1134,512,565,,,DeepSeekBackend,deepseek-v4-flash,1784014202.5115376,stage1_annotation,annotation,63706.0,CGAGCCAAGTGTGGCA-1-3,,
deepseek,561,537,1098,512,470,,,DeepSeekBackend,deepseek-v4-flash,1784014202.9685142,stage1_annotation,annotation,33149.0,CTGATCCCAAAGTCAA-1-6,,
deepseek,565,457,1022,512,396,,,DeepSeekBackend,deepseek-v4-flash,1784014203.000101,stage1_annotation,annotation,34549.0,GTTACAGTCATTTGGG-1-3,,
deepseek,557,533,1090,512,472,,,DeepSeekBackend,deepseek-v4-flash,1784014203.4226623,stage1_annotation,annotation,68890.0,CTCGTACTCTTACCTA-1-5,,
deepseek,568,773,1341,512,703,,,DeepSeekBackend,deepseek-v4-flash,1784014203.7286022,stage1_annotation,annotation,25016.0,TTCCCAGAGTACATGA-1-3,,
deepseek,567,540,1107,512,447,,,DeepSeekBackend,deepseek-v4-flash,1784014204.4327173,stage1_annotation,annotation,45248.0,D367_Brus_Nas1_GCTCCTACATGCAACT-1-27,,
deepseek,566,743,1309,512,674,,,DeepSeekBackend,deepseek-v4-flash,1784014204.5108647,stage1_annotation,annotation,55607.0,CCTAGCTAGATCTGCT-1-4,,
deepseek,567,1415,1982,512,1329,,,DeepSeekBackend,deepseek-v4-flash,1784014204.7934566,stage1_annotation,annotation,28782.0,CGGCTAGTCTAGAGTC-1-4,,
deepseek,565,537,1102,512,444,,,DeepSeekBackend,deepseek-v4-flash,1784014204.932861,stage1_annotation,annotation,25074.0,GACTAACCATAACCTG-1-1,,
deepseek,564,447,1011,512,443,,,DeepSeekBackend,deepseek-v4-flash,1784014205.1787777,stage1_annotation,annotation,45334.0,ATGTGTGTCCAAACT_GRO-04_nasal_brush,,
deepseek,566,540,1106,512,459,,,DeepSeekBackend,deepseek-v4-flash,1784014205.318791,stage1_annotation,annotation,44689.0,CGGAGTCCAAATTGCC_GRO-04_nasal_brush,,
deepseek,560,269,829,512,204,,,DeepSeekBackend,deepseek-v4-flash,1784014205.400282,stage1_annotation,annotation,45074.0,TCCACACGTACGCACC-1-4,,
deepseek,563,420,983,512,330,,,DeepSeekBackend,deepseek-v4-flash,1784014205.494455,stage1_annotation,annotation,62342.0,TGTGGTAGTCTGGAGA-1-4,,
deepseek,564,677,1241,512,614,,,DeepSeekBackend,deepseek-v4-flash,1784014206.2709172,stage1_annotation,annotation,20064.0,TCGTACCTCTCTGAGA_GRO-04_nasal_brush,,
deepseek,568,432,1000,512,347,,,DeepSeekBackend,deepseek-v4-flash,1784014206.7223134,stage1_annotation,annotation,47632.0,D372_Brus_Nas1_GATCGATTCCACGAAT-1-31,,
deepseek,566,499,1065,512,420,,,DeepSeekBackend,deepseek-v4-flash,1784014206.8154368,stage1_annotation,annotation,49102.0,CGCGGTACAATTCCTT-1-2,,
deepseek,564,564,1128,512,489,,,DeepSeekBackend,deepseek-v4-flash,1784014207.146734,stage1_annotation,annotation,9725.0,ACTTTCAAGGCTAGAC-1-6,,
deepseek,566,603,1169,512,522,,,DeepSeekBackend,deepseek-v4-flash,1784014207.4682913,stage1_annotation,annotation,59261.0,CTGCGAGTACAGCA_GRO-04_nasal_brush,,
deepseek,568,590,1158,512,525,,,DeepSeekBackend,deepseek-v4-flash,1784014207.7852514,stage1_annotation,annotation,51476.0,CTACATTCAGTCACTA_GRO-04_nasal_brush,,
deepseek,562,486,1048,512,423,,,DeepSeekBackend,deepseek-v4-flash,1784014208.3791401,stage1_annotation,annotation,66374.0,CGGACACTCAGGCAA_GRO-04_nasal_brush,,
deepseek,560,398,958,512,343,,,DeepSeekBackend,deepseek-v4-flash,1784014208.3834894,stage1_annotation,annotation,40219.0,GACGTTATCTGCAAGT-1-4,,
deepseek,564,554,1118,512,477,,,DeepSeekBackend,deepseek-v4-flash,1784014208.9653766,stage1_annotation,annotation,36864.0,ATCTGCCTCGGTCCGA_GRO-04_nasal_brush,,
deepseek,569,445,1014,512,379,,,DeepSeekBackend,deepseek-v4-flash,1784014209.3920226,stage1_annotation,annotation,51741.0,D344_Biop_Nas1_AGTCTTTTCACGACTA-1-11,,
deepseek,566,1093,1659,512,1007,,,DeepSeekBackend,deepseek-v4-flash,1784014209.6040714,stage1_annotation,annotation,7721.0,ACGCCGATCTCTAA_GRO-04_nasal_brush,,
deepseek,566,960,1526,512,885,,,DeepSeekBackend,deepseek-v4-flash,1784014209.790237,stage1_annotation,annotation,45812.0,TACTTACTCACGACTA_GRO-04_nasal_brush,,
deepseek,569,634,1203,512,562,,,DeepSeekBackend,deepseek-v4-flash,1784014210.526342,stage1_annotation,annotation,12077.0,GTGAAGGTCCGTAGTA-1-3,,
deepseek,565,620,1185,512,523,,,DeepSeekBackend,deepseek-v4-flash,1784014210.767376,stage1_annotation,annotation,11981.0,GGAACTTGTCAGATAA-1-4,,
deepseek,570,633,1203,512,577,,,DeepSeekBackend,deepseek-v4-flash,1784014211.4579325,stage1_annotation,annotation,72341.0,D339_Biop_Nas1_TTTGCGCAGCCAGAAC-1-7,,
deepseek,560,749,1309,512,665,,,DeepSeekBackend,deepseek-v4-flash,1784014211.9152596,stage1_annotation,annotation,18670.0,TTGCGTCAGTCGATAA-1-5,,
deepseek,561,935,1496,512,850,,,DeepSeekBackend,deepseek-v4-flash,1784014213.7242208,stage1_annotation,annotation,12534.0,CTGCCTAGTACATGTC-1-3,,
deepseek,565,697,1262,512,632,,,DeepSeekBackend,deepseek-v4-flash,1784014213.8056953,stage1_annotation,annotation,36285.0,GACAGAGTCACCCTCA_GRO-10_nasal_brush,,
deepseek,565,1214,1779,512,1133,,,DeepSeekBackend,deepseek-v4-flash,1784014214.0218277,stage1_annotation,annotation,50542.0,GTCACAATCGCAAACT-1-4,,
deepseek,567,734,1301,512,683,,,DeepSeekBackend,deepseek-v4-flash,1784014214.3624237,stage1_annotation,annotation,58078.0,D339_Biop_Nas1_CGATTGATCGAATGCT-1-7,,
deepseek,562,775,1337,512,716,,,DeepSeekBackend,deepseek-v4-flash,1784014214.6823275,stage1_annotation,annotation,68748.0,D339_Biop_Nas1_CACAAACTCGTAGGAG-1-7,,
deepseek,559,907,1466,512,836,,,DeepSeekBackend,deepseek-v4-flash,1784014215.0833046,stage1_annotation,annotation,64892.0,ACTGAACTCGCTTGTC-1-6,,
deepseek,567,676,1243,512,613,,,DeepSeekBackend,deepseek-v4-flash,1784014215.121058,stage1_annotation,annotation,32364.0,D339_Biop_Nas1_TGCTGCTAGCGTTGCC-1-7,,
deepseek,566,496,1062,512,436,,,DeepSeekBackend,deepseek-v4-flash,1784014215.2939222,stage1_annotation,annotation,27666.0,D339_Biop_Nas1_AGTGAGGAGGCATGGT-1-7,,
deepseek,565,765,1330,512,692,,,DeepSeekBackend,deepseek-v4-flash,1784014216.7459717,stage1_annotation,annotation,77342.0,D339_Biop_Nas1_TCTCATACACGCTTTC-1-7,,
deepseek,565,768,1333,512,695,,,DeepSeekBackend,deepseek-v4-flash,1784014217.1128964,stage1_annotation,annotation,38657.0,GGCAATTTCTCAAGTG-1-2,,
deepseek,569,1052,1621,512,966,,,DeepSeekBackend,deepseek-v4-flash,1784014217.3100712,stage1_annotation,annotation,53373.0,D339_Biop_Nas1_AACTTTCTCACCGGGT-1-7,,
deepseek,576,311,887,512,255,,,DeepSeekBackend,deepseek-v4-flash,1784014217.3139808,stage1_annotation,annotation,2895.0,ATCCACCCACCGAATT-1-1,,
deepseek,568,673,1241,512,604,,,DeepSeekBackend,deepseek-v4-flash,1784014217.3732228,stage1_annotation,annotation,12991.0,D344_Biop_Nas1_GCTTCCATCCGCTGTT-1-11,,
deepseek,571,1072,1643,512,991,,,DeepSeekBackend,deepseek-v4-flash,1784014217.712002,stage1_annotation,annotation,12662.0,D363_Brus_Nas1_ATTGGTGCACTAGTAC-1-23,,
deepseek,567,1659,2226,512,1556,,,DeepSeekBackend,deepseek-v4-flash,1784014217.8361068,stage1_annotation,annotation,34248.0,CGAGAAAGGCTAGAC_GRO-03_nasal_brush,,
deepseek,568,973,1541,512,919,,,DeepSeekBackend,deepseek-v4-flash,1784014218.8049686,stage1_annotation,annotation,7862.0,D372_Brus_Nas1_GTCTTCGCAGGACGTA-1-31,,
deepseek,572,813,1385,512,738,,,DeepSeekBackend,deepseek-v4-flash,1784014219.3317842,stage1_annotation,annotation,8306.0,D339_Biop_Nas1_TGTGGTAAGCATCATC-1-7,,
deepseek,566,1473,2039,512,1417,,,DeepSeekBackend,deepseek-v4-flash,1784014219.8229222,stage1_annotation,annotation,1866.0,D372_Brus_Nas1_GACCAATCATTGGCGC-1-31,,
deepseek,573,288,861,512,235,,,DeepSeekBackend,deepseek-v4-flash,1784014219.9971952,stage1_annotation,annotation,44763.0,CACACCTCACCCAGTG-1-4,,
deepseek,571,1264,1835,512,1171,,,DeepSeekBackend,deepseek-v4-flash,1784014220.673042,stage1_annotation,annotation,76497.0,D339_Biop_Nas1_GGGATGAGTAGGCATG-1-7,,
deepseek,571,507,1078,512,417,,,DeepSeekBackend,deepseek-v4-flash,1784014221.1492991,stage1_annotation,annotation,36306.0,GTGCTTCAGACAAGCC-1-7,,
deepseek,572,411,983,512,330,,,DeepSeekBackend,deepseek-v4-flash,1784014221.8128827,stage1_annotation,annotation,23645.0,GCGCAACGTCCCGACA-1-1,,
deepseek,565,1315,1880,512,1259,,,DeepSeekBackend,deepseek-v4-flash,1784014222.5312948,stage1_annotation,annotation,78125.0,D339_Biop_Nas1_TATGCCCTCACAAACC-1-7,,
deepseek,571,808,1379,512,753,,,DeepSeekBackend,deepseek-v4-flash,1784014222.5656776,stage1_annotation,annotation,12936.0,TTGGAACCAATGAATG-1-4,,
deepseek,571,896,1467,512,890,,,DeepSeekBackend,deepseek-v4-flash,1784014222.8202462,stage1_annotation,annotation,57023.0,D339_Biop_Nas1_GATCGCGGTCTCTTTA-1-7,,
deepseek,568,938,1506,512,862,,,DeepSeekBackend,deepseek-v4-flash,1784014223.2274284,stage1_annotation,annotation,6175.0,TACTTACTCTAGAGTC-1-7,,
deepseek,569,540,1109,512,489,,,DeepSeekBackend,deepseek-v4-flash,1784014223.4439645,stage1_annotation,annotation,55641.0,CGGACTGCACAGATTC-1-6,,
deepseek,568,352,920,512,288,,,DeepSeekBackend,deepseek-v4-flash,1784014223.860702,stage1_annotation,annotation,23619.0,CTGGTCAGACGCAA_GRO-01_nasal_brush,,
deepseek,568,981,1549,512,918,,,DeepSeekBackend,deepseek-v4-flash,1784014223.8899865,stage1_annotation,annotation,53371.0,D372_Brus_Nas1_CGAGCACGTAGGCATG-1-31,,
deepseek,576,665,1241,512,599,,,DeepSeekBackend,deepseek-v4-flash,1784014223.893679,stage1_annotation,annotation,52292.0,TCAGGATTCGGCCGAT-1-7,,
deepseek,569,378,947,512,318,,,DeepSeekBackend,deepseek-v4-flash,1784014224.7630994,stage1_annotation,annotation,62779.0,GCGCGATGTCTAACGT-1-4,,
deepseek,571,1352,1923,512,1288,,,DeepSeekBackend,deepseek-v4-flash,1784014224.9594965,stage1_annotation,annotation,24917.0,D344_Biop_Nas1_ACTATCTCATGGGAAC-1-11,,
deepseek,577,422,999,512,352,,,DeepSeekBackend,deepseek-v4-flash,1784014225.5324702,stage1_annotation,annotation,41024.0,TTCTCAAGTCAGAATA_GRO-03_nasal_brush,,
deepseek,578,875,1453,512,803,,,DeepSeekBackend,deepseek-v4-flash,1784014226.3269086,stage1_annotation,annotation,52469.0,CATCGAAAGGGCTTCC-1-7,,
deepseek,566,530,1096,512,457,,,DeepSeekBackend,deepseek-v4-flash,1784014226.768556,stage1_annotation,annotation,51427.0,GGGATGAGTGCACCAC-1-2,,
deepseek,574,419,993,512,353,,,DeepSeekBackend,deepseek-v4-flash,1784014227.273675,stage1_annotation,annotation,24492.0,CTACGTCGTACTCGCG-1-3,,
deepseek,571,860,1431,512,781,,,DeepSeekBackend,deepseek-v4-flash,1784014227.527505,stage1_annotation,annotation,4399.0,ACGAGCCCACCATGTA-1-7,,
deepseek,570,1347,1917,512,1284,,,DeepSeekBackend,deepseek-v4-flash,1784014227.644422,stage1_annotation,annotation,29244.0,TGCACCTAGGCGTACA-1-7,,
deepseek,575,462,1037,512,379,,,DeepSeekBackend,deepseek-v4-flash,1784014227.8885143,stage1_annotation,annotation,29633.0,D367_Brus_Nas1_TGAAAGATCACCACCT-1-27,,
deepseek,576,241,817,512,173,,,DeepSeekBackend,deepseek-v4-flash,1784014227.9097297,stage1_annotation,annotation,1503.0,GGGACCTTCTGCGACG-1-5,,
deepseek,571,866,1437,512,803,,,DeepSeekBackend,deepseek-v4-flash,1784014228.2195044,stage1_annotation,annotation,62969.0,TTGTAGGAGTTAACGA-1-7,,
deepseek,578,697,1275,512,612,,,DeepSeekBackend,deepseek-v4-flash,1784014229.416377,stage1_annotation,annotation,62812.0,ATCCGAACATTAGGCT-1-4,,
deepseek,570,629,1199,512,569,,,DeepSeekBackend,deepseek-v4-flash,1784014229.8327644,stage1_annotation,annotation,72387.0,GAAACTCAGGAGTAGA-1-0,,
deepseek,571,233,804,512,181,,,DeepSeekBackend,deepseek-v4-flash,1784014229.8785398,stage1_annotation,annotation,9442.0,AAACCTGAGTGGAGTC-1-5,,
deepseek,561,748,1309,512,668,,,DeepSeekBackend,deepseek-v4-flash,1784014230.1250236,stage1_annotation,annotation,57631.0,CTGAAACAGCTCAACT-1-1,,
deepseek,568,861,1429,512,773,,,DeepSeekBackend,deepseek-v4-flash,1784014230.8206027,stage1_annotation,annotation,73240.0,CCATGTCTCTTAACCT_GRO-01_nasal_brush,,
deepseek,577,1309,1886,512,1249,,,DeepSeekBackend,deepseek-v4-flash,1784014231.293106,stage1_annotation,annotation,24696.0,ACGGGTCAGTGGACGT-1-5,,
deepseek,573,799,1372,512,745,,,DeepSeekBackend,deepseek-v4-flash,1784014231.4138176,stage1_annotation,annotation,4161.0,TGGTTCCGTACCATCA-1-7,,
deepseek,570,1744,2314,512,1663,,,DeepSeekBackend,deepseek-v4-flash,1784014231.7326024,stage1_annotation,annotation,28628.0,CAGAGAGCACCTCGGA-1-7,,
deepseek,570,440,1010,512,370,,,DeepSeekBackend,deepseek-v4-flash,1784014231.736547,stage1_annotation,annotation,73517.0,AGGCCACGTTACTGAC-1-2,,
deepseek,565,797,1362,512,748,,,DeepSeekBackend,deepseek-v4-flash,1784014231.932506,stage1_annotation,annotation,71002.0,TTGCGTCAGATAGCAT-1-3,,
deepseek,574,470,1044,512,402,,,DeepSeekBackend,deepseek-v4-flash,1784014232.5803404,stage1_annotation,annotation,55761.0,CATCCACAGAGTCT_GRO-01_nasal_brush,,
deepseek,574,677,1251,512,616,,,DeepSeekBackend,deepseek-v4-flash,1784014233.2423084,stage1_annotation,annotation,36761.0,TGCACCTGTGGAAAGA-1-1,,
deepseek,568,786,1354,512,704,,,DeepSeekBackend,deepseek-v4-flash,1784014234.8548572,stage1_annotation,annotation,11040.0,D353_Brus_Nas1_CCCAGTTGTATGCTTG-1-16,,
deepseek,567,567,1134,512,471,,,DeepSeekBackend,deepseek-v4-flash,1784014235.47057,stage1_annotation,annotation,31532.0,GATGCTATCTTGAGAC-1-7,,
deepseek,565,935,1500,512,845,,,DeepSeekBackend,deepseek-v4-flash,1784014236.2283225,stage1_annotation,annotation,76656.0,ATGAGGGTCCACGAAT-1-4,,
deepseek,573,1967,2540,512,1858,,,DeepSeekBackend,deepseek-v4-flash,1784014236.3613868,stage1_annotation,annotation,23618.0,TTGTAGGAGTGCAAGC-1-7,,
deepseek,567,516,1083,512,457,,,DeepSeekBackend,deepseek-v4-flash,1784014236.7739162,stage1_annotation,annotation,24626.0,CGTCAGGAGGGTCGAT-1-7,,
deepseek,568,591,1159,512,512,,,DeepSeekBackend,deepseek-v4-flash,1784014236.9309013,stage1_annotation,annotation,16447.0,CCTAGCTTCATCATTC-1-1,,
deepseek,566,644,1210,512,557,,,DeepSeekBackend,deepseek-v4-flash,1784014237.0798657,stage1_annotation,annotation,48025.0,TAGAGCTCACCGAATT-1-6,,
deepseek,568,532,1100,512,451,,,DeepSeekBackend,deepseek-v4-flash,1784014237.4020205,stage1_annotation,annotation,44435.0,AGCTCCTCACGGATAG-1-1,,
deepseek,565,916,1481,512,844,,,DeepSeekBackend,deepseek-v4-flash,1784014237.7058213,stage1_annotation,annotation,63452.0,TCGGGACGTTTAGCTG-1-7,,
deepseek,567,824,1391,512,709,,,DeepSeekBackend,deepseek-v4-flash,1784014237.8983896,stage1_annotation,annotation,77273.0,CCAGCGACAAGAGTCG-1-7,,
deepseek,568,946,1514,512,938,,,DeepSeekBackend,deepseek-v4-flash,1784014238.192834,stage1_annotation,annotation,1170.0,CATCAGAGTATAATGG-1-7,,
deepseek,575,1359,1934,512,1280,,,DeepSeekBackend,deepseek-v4-flash,1784014238.1971893,stage1_annotation,annotation,8174.0,AACTCTTTCCGTACAA_GRO-04_nasal_brush,,
deepseek,565,1075,1640,512,966,,,DeepSeekBackend,deepseek-v4-flash,1784014238.201637,stage1_annotation,annotation,33464.0,TAGACCACACGAAAGC-1-6,,
deepseek,566,568,1134,512,478,,,DeepSeekBackend,deepseek-v4-flash,1784014238.438279,stage1_annotation,annotation,54986.0,TGACTTTCACCACGTG-1-4,,
deepseek,565,762,1327,512,677,,,DeepSeekBackend,deepseek-v4-flash,1784014238.695113,stage1_annotation,annotation,60196.0,CATTATCAGCTGGAAC-1-7,,
deepseek,576,1595,2171,512,1515,,,DeepSeekBackend,deepseek-v4-flash,1784014239.2731042,stage1_annotation,annotation,76614.0,ATCCGAAAGCAGCGTA_GRO-03_nasal_brush,,
deepseek,574,211,785,512,206,,,DeepSeekBackend,deepseek-v4-flash,1784014239.8291712,stage1_annotation,annotation,2638.0,D322_Biop_Nas1_CCGTGGAGTAGGGACT-1-0,,
deepseek,573,1587,2160,512,1510,,,DeepSeekBackend,deepseek-v4-flash,1784014240.3073378,stage1_annotation,annotation,66462.0,CATCAGAGTCTAGAGG-1-7,,
deepseek,582,391,973,512,324,,,DeepSeekBackend,deepseek-v4-flash,1784014240.5562918,stage1_annotation,annotation,61446.0,D372_Brus_Nas1_GCGACCAGTCTAGAGG-1-31,,
deepseek,584,254,838,512,186,,,DeepSeekBackend,deepseek-v4-flash,1784014241.0334778,stage1_annotation,annotation,3592.0,D367_Brus_Nas1_TGTGGTAAGATGGGTC-1-27,,
deepseek,572,262,834,512,214,,,DeepSeekBackend,deepseek-v4-flash,1784014241.3872542,stage1_annotation,annotation,72526.0,ATCCGAAGTCCGACGT-1-6,,
deepseek,573,590,1163,512,511,,,DeepSeekBackend,deepseek-v4-flash,1784014242.4397223,stage1_annotation,annotation,155.0,D339_Biop_Nas1_TACAGTGAGCACGCCT-1-7,,
deepseek,565,1136,1701,512,1043,,,DeepSeekBackend,deepseek-v4-flash,1784014242.4551034,stage1_annotation,annotation,6728.0,GGAACTTTCCGTAGTA-1-1,,
deepseek,576,2672,3248,512,2587,,,DeepSeekBackend,deepseek-v4-flash,1784014242.940714,stage1_annotation,annotation,41006.0,CTGATAGTCATGTCCC-1-7,,
deepseek,566,840,1406,512,800,,,DeepSeekBackend,deepseek-v4-flash,1784014243.199915,stage1_annotation,annotation,63531.0,ACTTTCAAGTCTTGCA-1-4,,
deepseek,571,837,1408,512,760,,,DeepSeekBackend,deepseek-v4-flash,1784014243.2589717,stage1_annotation,annotation,17776.0,TACGGGCTCGTCACGG-1-1,,
deepseek,586,439,1025,512,384,,,DeepSeekBackend,deepseek-v4-flash,1784014243.51836,stage1_annotation,annotation,78021.0,D372_Brus_Nas1_CCGTGGAAGCGTGAAC-1-31,,
deepseek,574,577,1151,512,512,,,DeepSeekBackend,deepseek-v4-flash,1784014243.6582525,stage1_annotation,annotation,56534.0,D353_Brus_Nas1_CAGCGACTCCTAGGGC-1-16,,
deepseek,571,262,833,512,202,,,DeepSeekBackend,deepseek-v4-flash,1784014243.6753082,stage1_annotation,annotation,68570.0,TCTCATAGTATAGGTA_GRO-09_nasal_brush,,
deepseek,582,511,1093,512,431,,,DeepSeekBackend,deepseek-v4-flash,1784014243.7181756,stage1_annotation,annotation,25407.0,D344_Biop_Nas1_CTCGTCATCAGCTCGG-1-11,,
deepseek,574,448,1022,512,398,,,DeepSeekBackend,deepseek-v4-flash,1784014243.9209962,stage1_annotation,annotation,15206.0,CCACCTAAGCGGATCA_GRO-03_nasal_brush,,
deepseek,579,352,931,512,285,,,DeepSeekBackend,deepseek-v4-flash,1784014243.9750504,stage1_annotation,annotation,72584.0,D339_Biop_Nas1_AGATTGCGTTGTGGCC-1-7,,
deepseek,567,802,1369,512,711,,,DeepSeekBackend,deepseek-v4-flash,1784014244.1708038,stage1_annotation,annotation,45347.0,TTAGTTCCAAGTCATC-1-7,,
deepseek,570,358,928,512,353,,,DeepSeekBackend,deepseek-v4-flash,1784014245.5464497,stage1_annotation,annotation,21954.0,D339_Biop_Nas1_CACCACTCAAAGCAAT-1-7,,
deepseek,573,333,906,512,281,,,DeepSeekBackend,deepseek-v4-flash,1784014246.2121232,stage1_annotation,annotation,24848.0,D339_Biop_Nas1_TCAACGAGTGCAGACA-1-7,,
deepseek,565,320,885,512,241,,,DeepSeekBackend,deepseek-v4-flash,1784014246.730412,stage1_annotation,annotation,54140.0,CAACCAACAGGTGCCT-1-3,,
deepseek,574,1103,1677,512,1010,,,DeepSeekBackend,deepseek-v4-flash,1784014246.7608612,stage1_annotation,annotation,66011.0,CCGTGGAGTGTTCTTT-1-0,,
deepseek,567,357,924,512,352,,,DeepSeekBackend,deepseek-v4-flash,1784014247.1756697,stage1_annotation,annotation,12014.0,GAAGCAGCAAGCCGTC-1-3,,
deepseek,573,417,990,512,413,,,DeepSeekBackend,deepseek-v4-flash,1784014247.1983232,stage1_annotation,annotation,38572.0,TCGTAAGTTAGGGT_GRO-03_nasal_brush,,
deepseek,582,437,1019,512,379,,,DeepSeekBackend,deepseek-v4-flash,1784014247.5441563,stage1_annotation,annotation,39743.0,D372_Brus_Nas1_GGCGACTAGGGCACTA-1-31,,
deepseek,573,767,1340,512,702,,,DeepSeekBackend,deepseek-v4-flash,1784014247.6268833,stage1_annotation,annotation,37091.0,CGAGCCACAATAGAGT-1-6,,
deepseek,570,418,988,512,334,,,DeepSeekBackend,deepseek-v4-flash,1784014248.139658,stage1_annotation,annotation,11080.0,GAAGCAGGTACCAGTT_GRO-10_nasal_brush,,
deepseek,568,468,1036,512,429,,,DeepSeekBackend,deepseek-v4-flash,1784014248.3439703,stage1_annotation,annotation,4309.0,D353_Brus_Nas1_GGCGTGTTCACCCGAG-1-16,,
deepseek,573,430,1003,512,350,,,DeepSeekBackend,deepseek-v4-flash,1784014248.3482049,stage1_annotation,annotation,16293.0,CGAGAAGCAATGTTGC-1-5,,
deepseek,573,407,980,512,328,,,DeepSeekBackend,deepseek-v4-flash,1784014248.8554306,stage1_annotation,annotation,12548.0,AACGGACACCTATCC_GRO-03_nasal_brush,,
deepseek,566,302,868,512,220,,,DeepSeekBackend,deepseek-v4-flash,1784014249.366089,stage1_annotation,annotation,34339.0,GGACATTTCAACGAAA-1-3,,
deepseek,567,550,1117,512,545,,,DeepSeekBackend,deepseek-v4-flash,1784014249.6020148,stage1_annotation,annotation,9739.0,CGGACGTGTTGCGCAC-1-3,,
deepseek,574,263,837,512,220,,,DeepSeekBackend,deepseek-v4-flash,1784014249.8384752,stage1_annotation,annotation,67213.0,TTCGAAGAGGTGACCA-1-3,,
deepseek,567,444,1011,512,439,,,DeepSeekBackend,deepseek-v4-flash,1784014250.7779555,stage1_annotation,annotation,12711.0,CGAGCCACAGTCTTCC-1-5,,
deepseek,569,566,1135,512,491,,,DeepSeekBackend,deepseek-v4-flash,1784014251.3458567,stage1_annotation,annotation,69407.0,CGTGTCTTCCGCAGTG-1-5,,
deepseek,567,668,1235,512,593,,,DeepSeekBackend,deepseek-v4-flash,1784014251.3688014,stage1_annotation,annotation,38690.0,TCTATTGCAGCGATCC-1-3,,
deepseek,572,468,1040,512,386,,,DeepSeekBackend,deepseek-v4-flash,1784014251.7350938,stage1_annotation,annotation,65043.0,D363_Brus_Nas1_TACTCGCTCGAATGCT-1-23,,
deepseek,571,810,1381,512,742,,,DeepSeekBackend,deepseek-v4-flash,1784014251.975951,stage1_annotation,annotation,66726.0,GCGGGTTAGTTTGCGT-1-3,,
deepseek,569,439,1008,512,434,,,DeepSeekBackend,deepseek-v4-flash,1784014252.2524502,stage1_annotation,annotation,33486.0,D353_Brus_Nas1_TACTTGTAGTAGCCGA-1-16,,
deepseek,565,559,1124,512,503,,,DeepSeekBackend,deepseek-v4-flash,1784014252.518951,stage1_annotation,annotation,7393.0,GGATGTTGTATAGTAG-1-3,,
deepseek,566,604,1170,512,532,,,DeepSeekBackend,deepseek-v4-flash,1784014252.7046056,stage1_annotation,annotation,71297.0,GCACTCTTCGGAGCAA-1-3,,
deepseek,568,423,991,512,418,,,DeepSeekBackend,deepseek-v4-flash,1784014252.7440858,stage1_annotation,annotation,64035.0,GATCAGTAGAGCTTCT-1-3,,
deepseek,565,1665,2230,512,1549,,,DeepSeekBackend,deepseek-v4-flash,1784014252.7711782,stage1_annotation,annotation,4990.0,GTAGGCCCATGGATGG-1-2,,
deepseek,572,424,996,512,376,,,DeepSeekBackend,deepseek-v4-flash,1784014253.542117,stage1_annotation,annotation,3477.0,D322_Biop_Nas1_TTGCGTCAGTTATCGC-1-0,,
deepseek,562,543,1105,512,471,,,DeepSeekBackend,deepseek-v4-flash,1784014253.773121,stage1_annotation,annotation,29501.0,GCAATCACAAGAGGCT-1-3,,
deepseek,577,462,1039,512,413,,,DeepSeekBackend,deepseek-v4-flash,1784014254.239541,stage1_annotation,annotation,15297.0,GCAGCCAAGTCCGTAT-1-5,,
deepseek,570,740,1310,512,692,,,DeepSeekBackend,deepseek-v4-flash,1784014254.5857017,stage1_annotation,annotation,19236.0,CTGAAGTTCAAACCAC-1-3,,
deepseek,578,517,1095,512,459,,,DeepSeekBackend,deepseek-v4-flash,1784014255.2465074,stage1_annotation,annotation,39099.0,TGTTCCGGTACTTAGC-1-6,,
deepseek,572,432,1004,512,362,,,DeepSeekBackend,deepseek-v4-flash,1784014255.6588635,stage1_annotation,annotation,58345.0,D322_Biop_Nas1_GTCACAACATGTCCTC-1-0,,
deepseek,569,347,916,512,342,,,DeepSeekBackend,deepseek-v4-flash,1784014255.6636248,stage1_annotation,annotation,24055.0,D353_Brus_Nas1_ACATCAGTCACGCGGT-1-16,,
deepseek,573,1564,2137,512,1559,,,DeepSeekBackend,deepseek-v4-flash,1784014256.0224547,stage1_annotation,annotation,15840.0,GTCTTCGGTAGCAAAT_GRO-09_nasal_brush,,
deepseek,572,272,844,512,216,,,DeepSeekBackend,deepseek-v4-flash,1784014256.9248848,stage1_annotation,annotation,11896.0,TTGACTTGTGCAACTT-1-2,,
deepseek,570,993,1563,512,931,,,DeepSeekBackend,deepseek-v4-flash,1784014256.9439466,stage1_annotation,annotation,64047.0,ACGATACGTAATCGTC-1-5,,
deepseek,575,446,1021,512,382,,,DeepSeekBackend,deepseek-v4-flash,1784014257.2794073,stage1_annotation,annotation,46732.0,D322_Biop_Nas1_GAACATCCACAGGCCT-1-0,,
deepseek,575,357,932,512,290,,,DeepSeekBackend,deepseek-v4-flash,1784014258.0205898,stage1_annotation,annotation,38979.0,CGGTTAAAGGTGATAT-1-5,,
deepseek,572,611,1183,512,540,,,DeepSeekBackend,deepseek-v4-flash,1784014258.7656963,stage1_annotation,annotation,21708.0,ACGGCCACATCCCACT-1-2,,
deepseek,568,736,1304,512,664,,,DeepSeekBackend,deepseek-v4-flash,1784014259.0603268,stage1_annotation,annotation,13937.0,D363_Brus_Nas1_AACTTTCAGTTACGGG-1-23,,
deepseek,570,416,986,512,370,,,DeepSeekBackend,deepseek-v4-flash,1784014259.878221,stage1_annotation,annotation,56184.0,ACCTGGCAGCTGTAT_GRO-04_nasal_brush,,
deepseek,575,721,1296,512,648,,,DeepSeekBackend,deepseek-v4-flash,1784014259.9294362,stage1_annotation,annotation,60733.0,GGACAAGCATGCAATC_GRO-09_nasal_brush,,
deepseek,569,821,1390,512,767,,,DeepSeekBackend,deepseek-v4-flash,1784014260.0023892,stage1_annotation,annotation,68316.0,D353_Brus_Nas1_ACGTCAAGTATAATGG-1-16,,
deepseek,581,632,1213,512,586,,,DeepSeekBackend,deepseek-v4-flash,1784014260.0133595,stage1_annotation,annotation,78131.0,GACTAACAGAGCCTAG-1-4,,
deepseek,574,623,1197,512,564,,,DeepSeekBackend,deepseek-v4-flash,1784014260.5660005,stage1_annotation,annotation,5289.0,TACGGATTCCAGAAGG-1-7,,
deepseek,572,830,1402,512,762,,,DeepSeekBackend,deepseek-v4-flash,1784014260.8839965,stage1_annotation,annotation,64993.0,GTCGGGTCATTCCTCG-1-0,,
deepseek,572,415,987,512,344,,,DeepSeekBackend,deepseek-v4-flash,1784014261.280554,stage1_annotation,annotation,75316.0,AAGGTTCCATTAACCG-1-2,,
deepseek,571,433,1004,512,335,,,DeepSeekBackend,deepseek-v4-flash,1784014261.4386423,stage1_annotation,annotation,19388.0,AATCGGTTCTACTATC_GRO-10_nasal_brush,,
deepseek,577,2706,3283,512,2657,,,DeepSeekBackend,deepseek-v4-flash,1784014263.584581,stage1_annotation,annotation,22474.0,D322_Biop_Nas1_AACCATGGTACTTAGC-1-0,,
deepseek,574,417,991,512,342,,,DeepSeekBackend,deepseek-v4-flash,1784014263.8006654,stage1_annotation,annotation,28190.0,AGCCTAAGTCGAACAG-1-4,,
deepseek,567,900,1467,512,832,,,DeepSeekBackend,deepseek-v4-flash,1784014263.8234735,stage1_annotation,annotation,69658.0,D363_Brus_Nas1_CGTCACTCATCTACGA-1-23,,
deepseek,576,1305,1881,512,1237,,,DeepSeekBackend,deepseek-v4-flash,1784014263.9647346,stage1_annotation,annotation,28512.0,ACAGCCGTCTATCCTA-1-0,,
deepseek,568,580,1148,512,506,,,DeepSeekBackend,deepseek-v4-flash,1784014264.4788835,stage1_annotation,annotation,37766.0,CGACTTCGTGTGACGA-1-3,,
deepseek,568,542,1110,512,445,,,DeepSeekBackend,deepseek-v4-flash,1784014264.9152646,stage1_annotation,annotation,48147.0,CCTACCACACGTAAGG-1-2,,
deepseek,570,3279,3849,512,3141,,,DeepSeekBackend,deepseek-v4-flash,1784014265.032695,stage1_annotation,annotation,44958.0,CCTTACGCATGTCCTC-1-1,,
deepseek,570,361,931,512,264,,,DeepSeekBackend,deepseek-v4-flash,1784014265.0452232,stage1_annotation,annotation,57044.0,CGGACTGTCTGCGTAA-1-3,,
deepseek,573,1057,1630,512,971,,,DeepSeekBackend,deepseek-v4-flash,1784014265.188941,stage1_annotation,annotation,24853.0,GACCAATCACAGCCCA-1-1,,
deepseek,577,296,873,512,225,,,DeepSeekBackend,deepseek-v4-flash,1784014266.6905842,stage1_annotation,annotation,54142.0,D353_Brus_Nas1_TGAAAGACACAGCCCA-1-16,,
deepseek,570,656,1226,512,565,,,DeepSeekBackend,deepseek-v4-flash,1784014266.8576446,stage1_annotation,annotation,16530.0,GAATAAGCAATGTAAG-1-4,,
deepseek,574,594,1168,512,502,,,DeepSeekBackend,deepseek-v4-flash,1784014266.9005468,stage1_annotation,annotation,65101.0,D353_Brus_Nas1_GGCCGATTCTTGCAAG-1-16,,
deepseek,577,617,1194,512,538,,,DeepSeekBackend,deepseek-v4-flash,1784014266.9735382,stage1_annotation,annotation,7837.0,D372_Brus_Nas1_GTCTTCGGTTTGTGTG-1-31,,
deepseek,571,948,1519,512,876,,,DeepSeekBackend,deepseek-v4-flash,1784014267.2788167,stage1_annotation,annotation,927.0,TGCGCAGCAGCCAATT-1-2,,
deepseek,572,1519,2091,512,1469,,,DeepSeekBackend,deepseek-v4-flash,1784014267.447799,stage1_annotation,annotation,75986.0,CGAACATCACAAGAC_GRO-04_nasal_brush,,
deepseek,570,849,1419,512,757,,,DeepSeekBackend,deepseek-v4-flash,1784014267.774266,stage1_annotation,annotation,62926.0,CATCCACAGACAGGCT-1-3,,
deepseek,567,318,885,512,313,,,DeepSeekBackend,deepseek-v4-flash,1784014267.8857954,stage1_annotation,annotation,82.0,TCTGAGATCCAGTAGT-1-0,,
deepseek,572,1280,1852,512,1184,,,DeepSeekBackend,deepseek-v4-flash,1784014268.4619553,stage1_annotation,annotation,18709.0,AATAAGGTCGGATCC_GRO-03_nasal_brush,,
deepseek,566,469,1035,512,401,,,DeepSeekBackend,deepseek-v4-flash,1784014269.114948,stage1_annotation,annotation,76483.0,CTAACTTAGAGTACCG-1-2,,
deepseek,572,620,1192,512,543,,,DeepSeekBackend,deepseek-v4-flash,1784014269.3957028,stage1_annotation,annotation,19933.0,CGATGTAAGGTAAACT-1-0,,
deepseek,576,1397,1973,512,1301,,,DeepSeekBackend,deepseek-v4-flash,1784014270.7853467,stage1_annotation,annotation,12215.0,AGTTGGTAGCGTAATA_GRO-04_nasal_brush,,
deepseek,570,449,1019,512,444,,,DeepSeekBackend,deepseek-v4-flash,1784014270.9148204,stage1_annotation,annotation,30732.0,D353_Brus_Nas1_ACTTTCAGTCAAACTC-1-16,,
deepseek,564,803,1367,512,754,,,DeepSeekBackend,deepseek-v4-flash,1784014272.172874,stage1_annotation,annotation,45298.0,CAGAGAGCAGGTTTCA-1-6,,
deepseek,569,1359,1928,512,1277,,,DeepSeekBackend,deepseek-v4-flash,1784014272.1962903,stage1_annotation,annotation,72590.0,GCTGGGTTCCTGCCAT-1-1,,
deepseek,566,374,940,512,308,,,DeepSeekBackend,deepseek-v4-flash,1784014272.4608002,stage1_annotation,annotation,33036.0,GATCAGTGTGTGGTTT-1-6,,
deepseek,566,552,1118,512,495,,,DeepSeekBackend,deepseek-v4-flash,1784014272.6521378,stage1_annotation,annotation,62384.0,CAAGTTGAGAACTCGG-1-6,,
deepseek,571,894,1465,512,851,,,DeepSeekBackend,deepseek-v4-flash,1784014272.6736972,stage1_annotation,annotation,72736.0,TCAGGATTCAACCAAC-1-4,,
deepseek,564,573,1137,512,488,,,DeepSeekBackend,deepseek-v4-flash,1784014272.8270125,stage1_annotation,annotation,869.0,D372_Brus_Nas1_GGGCATCTCACCCGAG-1-31,,
deepseek,569,655,1224,512,592,,,DeepSeekBackend,deepseek-v4-flash,1784014273.1642866,stage1_annotation,annotation,62241.0,ACCTTTATCACTTCAT-1-7,,
deepseek,569,1269,1838,512,1147,,,DeepSeekBackend,deepseek-v4-flash,1784014273.2113411,stage1_annotation,annotation,66874.0,CCTAGCTAGACTGTAA-1-3,,
deepseek,565,867,1432,512,799,,,DeepSeekBackend,deepseek-v4-flash,1784014273.3788195,stage1_annotation,annotation,65533.0,GCACATACACATCCAA-1-1,,
deepseek,572,248,820,512,177,,,DeepSeekBackend,deepseek-v4-flash,1784014273.5460505,stage1_annotation,annotation,35698.0,GTAGGCCCACACATGT-1-4,,
deepseek,575,687,1262,512,622,,,DeepSeekBackend,deepseek-v4-flash,1784014273.8003957,stage1_annotation,annotation,64365.0,CGCTATCGTTTGGGCC-1-5,,
deepseek,572,603,1175,512,534,,,DeepSeekBackend,deepseek-v4-flash,1784014273.9179122,stage1_annotation,annotation,17974.0,GCAAACTGTGTTGGGA-1-7,,
deepseek,567,945,1512,512,875,,,DeepSeekBackend,deepseek-v4-flash,1784014274.2907228,stage1_annotation,annotation,67739.0,TCAGGATTCACCACCT-1-3,,
deepseek,565,713,1278,512,646,,,DeepSeekBackend,deepseek-v4-flash,1784014275.618464,stage1_annotation,annotation,51756.0,CGTGTAACATGTTGAC-1-4,,
deepseek,571,209,780,512,158,,,DeepSeekBackend,deepseek-v4-flash,1784014275.7750425,stage1_annotation,annotation,9042.0,GCACATACAAGCGCTC-1-6,,
deepseek,574,188,762,512,185,,,DeepSeekBackend,deepseek-v4-flash,1784014276.2322795,stage1_annotation,annotation,63054.0,ATGTGTGTCTCTGCTG-1-6,,
deepseek,573,298,871,512,248,,,DeepSeekBackend,deepseek-v4-flash,1784014276.7025898,stage1_annotation,annotation,11218.0,GTTTCTAAGATATGCA_GRO-09_nasal_brush,,
deepseek,573,338,911,512,263,,,DeepSeekBackend,deepseek-v4-flash,1784014276.970656,stage1_annotation,annotation,18750.0,CCACGGAAGCCAACAG-1-6,,
deepseek,577,339,916,512,272,,,DeepSeekBackend,deepseek-v4-flash,1784014277.168094,stage1_annotation,annotation,70030.0,D372_Brus_Nas1_ACTATCTAGTATCTCG-1-31,,
deepseek,568,548,1116,512,472,,,DeepSeekBackend,deepseek-v4-flash,1784014277.2561805,stage1_annotation,annotation,19620.0,D322_Biop_Nas1_TGCACCTTCATATCGG-1-0,,
deepseek,573,843,1416,512,776,,,DeepSeekBackend,deepseek-v4-flash,1784014277.7411916,stage1_annotation,annotation,911.0,GCGCGATCACTACAGT-1-7,,
deepseek,574,411,985,512,356,,,DeepSeekBackend,deepseek-v4-flash,1784014277.9567478,stage1_annotation,annotation,56025.0,AAGCCGCTCGCTTAGA-1-6,,
deepseek,569,4096,4665,512,4096,,,DeepSeekBackend,deepseek-v4-flash,1784014278.1372428,stage1_annotation,annotation,57038.0,D339_Biop_Nas1_ACTATCTGTATATGGA-1-7,,
deepseek,567,1118,1685,512,1056,,,DeepSeekBackend,deepseek-v4-flash,1784014278.2926574,stage1_annotation,annotation,64719.0,TTCTCCTGTAGCGTAG-1-3,,
deepseek,576,215,791,512,147,,,DeepSeekBackend,deepseek-v4-flash,1784014278.5811102,stage1_annotation,annotation,32840.0,GTGGGTCCAGTACACT-1-4,,
deepseek,574,335,909,512,284,,,DeepSeekBackend,deepseek-v4-flash,1784014279.2357306,stage1_annotation,annotation,41294.0,GCGGGTTAGAACTGTA-1-4,,
deepseek,579,231,810,512,174,,,DeepSeekBackend,deepseek-v4-flash,1784014279.4789696,stage1_annotation,annotation,58547.0,CTAAGACCACGAGGTA_GRO-10_nasal_brush,,
deepseek,569,818,1387,512,756,,,DeepSeekBackend,deepseek-v4-flash,1784014279.5486453,stage1_annotation,annotation,68911.0,D322_Biop_Nas1_TCTGAGAAGAATAGGG-1-0,,
deepseek,572,313,885,512,272,,,DeepSeekBackend,deepseek-v4-flash,1784014279.581902,stage1_annotation,annotation,60940.0,ATTATCCTCCCTCTTT-1-7,,
deepseek,577,211,788,512,158,,,DeepSeekBackend,deepseek-v4-flash,1784014280.148065,stage1_annotation,annotation,17357.0,D353_Brus_Nas1_GCTTCCAAGTGTTTGC-1-16,,
deepseek,575,271,846,512,218,,,DeepSeekBackend,deepseek-v4-flash,1784014280.246918,stage1_annotation,annotation,69691.0,TCAGCTCAGCGCCTTG-1-6,,
deepseek,572,306,878,512,266,,,DeepSeekBackend,deepseek-v4-flash,1784014280.3171537,stage1_annotation,annotation,59607.0,D372_Brus_Nas1_TTCTTAGAGTGTTGAA-1-31,,
deepseek,566,1635,2201,512,1541,,,DeepSeekBackend,deepseek-v4-flash,1784014280.618577,stage1_annotation,annotation,4228.0,GTCATTTGTAAATGAC-1-6,,
deepseek,573,353,926,512,306,,,DeepSeekBackend,deepseek-v4-flash,1784014280.6219676,stage1_annotation,annotation,15971.0,CATTCGCTCACTTCAT-1-2,,
deepseek,565,977,1542,512,918,,,DeepSeekBackend,deepseek-v4-flash,1784014281.2302308,stage1_annotation,annotation,3128.0,D322_Biop_Nas1_ACACCAAAGCGATAGC-1-0,,
deepseek,581,357,938,512,299,,,DeepSeekBackend,deepseek-v4-flash,1784014281.7469141,stage1_annotation,annotation,48289.0,D367_Brus_Nas1_CTTCTCTAGCTGTCTA-1-27,,
deepseek,574,293,867,512,226,,,DeepSeekBackend,deepseek-v4-flash,1784014281.7660198,stage1_annotation,annotation,16359.0,D353_Brus_Nas1_TTGCCGTAGCCAGAAC-1-16,,
deepseek,571,843,1414,512,791,,,DeepSeekBackend,deepseek-v4-flash,1784014282.1343274,stage1_annotation,annotation,41251.0,AATCGGTCAATGTAAG-1-7,,
deepseek,572,1476,2048,512,1471,,,DeepSeekBackend,deepseek-v4-flash,1784014282.138677,stage1_annotation,annotation,5449.0,D353_Brus_Nas1_CACACAATCGACAGCC-1-16,,
deepseek,573,319,892,512,253,,,DeepSeekBackend,deepseek-v4-flash,1784014282.9075944,stage1_annotation,annotation,36653.0,CGCGGTACAAACCCAT_GRO-09_nasal_brush,,
deepseek,567,1078,1645,512,999,,,DeepSeekBackend,deepseek-v4-flash,1784014283.1566875,stage1_annotation,annotation,17721.0,D339_Biop_Nas1_CGGACACCAAGTACCT-1-7,,
deepseek,566,1271,1837,512,1206,,,DeepSeekBackend,deepseek-v4-flash,1784014283.5200074,stage1_annotation,annotation,24116.0,TCATTACCAAGTACCT-1-5,,
deepseek,574,1272,1846,512,1203,,,DeepSeekBackend,deepseek-v4-flash,1784014284.8464317,stage1_annotation,annotation,54354.0,GGATGTTGTAATCACC-1-4,,
deepseek,572,333,905,512,240,,,DeepSeekBackend,deepseek-v4-flash,1784014285.1948123,stage1_annotation,annotation,2392.0,CGTGAGCTCCTTGCCA_GRO-03_nasal_brush,,
deepseek,570,598,1168,512,528,,,DeepSeekBackend,deepseek-v4-flash,1784014285.4889882,stage1_annotation,annotation,5555.0,ATCTGCCAGTACGCCC-1-6,,
deepseek,572,718,1290,512,649,,,DeepSeekBackend,deepseek-v4-flash,1784014286.0891604,stage1_annotation,annotation,3744.0,CTAACTTAGACTGGGT-1-6,,
deepseek,568,787,1355,512,729,,,DeepSeekBackend,deepseek-v4-flash,1784014286.810998,stage1_annotation,annotation,28060.0,TGCGCAGTCTTGACGA-1-3,,
deepseek,572,279,851,512,232,,,DeepSeekBackend,deepseek-v4-flash,1784014287.4724975,stage1_annotation,annotation,20540.0,AGCTCCTAGGGTCGAT-1-2,,
deepseek,567,1733,2300,512,1663,,,DeepSeekBackend,deepseek-v4-flash,1784014287.558557,stage1_annotation,annotation,65800.0,GAACCTACACGAAATA-1-1,,
deepseek,569,626,1195,512,552,,,DeepSeekBackend,deepseek-v4-flash,1784014287.7888625,stage1_annotation,annotation,57016.0,D353_Brus_Nas1_CCATGTCTCTACTATC-1-16,,
deepseek,568,273,841,512,213,,,DeepSeekBackend,deepseek-v4-flash,1784014287.80015,stage1_annotation,annotation,68029.0,CGAGAAGTCTTCCTTC-1-2,,
deepseek,569,219,788,512,148,,,DeepSeekBackend,deepseek-v4-flash,1784014287.9063025,stage1_annotation,annotation,63686.0,GCAGTTACATAAGACA-1-0,,
deepseek,574,585,1159,512,535,,,DeepSeekBackend,deepseek-v4-flash,1784014288.051857,stage1_annotation,annotation,33216.0,CTAGTGAAGGCCCTTG-1-3,,
deepseek,572,280,852,512,226,,,DeepSeekBackend,deepseek-v4-flash,1784014288.824675,stage1_annotation,annotation,31940.0,AGTGAGGCAGCGAACA-1-3,,
deepseek,576,974,1550,512,901,,,DeepSeekBackend,deepseek-v4-flash,1784014289.9202313,stage1_annotation,annotation,3225.0,GGCCGATGTATATCCG-1-6,,
deepseek,575,261,836,512,184,,,DeepSeekBackend,deepseek-v4-flash,1784014289.925048,stage1_annotation,annotation,38306.0,TTGACTTGTATGCTTG-1-3,,
deepseek,572,196,768,512,145,,,DeepSeekBackend,deepseek-v4-flash,1784014289.9805002,stage1_annotation,annotation,8648.0,TGCCCATTCGTCCGTT-1-1,,
deepseek,575,276,851,512,222,,,DeepSeekBackend,deepseek-v4-flash,1784014290.3564723,stage1_annotation,annotation,7785.0,CAGCGACGTTTGGGCC-1-3,,
deepseek,570,445,1015,512,383,,,DeepSeekBackend,deepseek-v4-flash,1784014290.6285682,stage1_annotation,annotation,3061.0,TCGGGACAGGACATTA-1-3,,
deepseek,573,312,885,512,230,,,DeepSeekBackend,deepseek-v4-flash,1784014290.6691346,stage1_annotation,annotation,37935.0,CAGGTGCTCTGCCAGG-1-3,,
deepseek,567,356,923,512,294,,,DeepSeekBackend,deepseek-v4-flash,1784014290.8949225,stage1_annotation,annotation,644.0,CCCTCCTAGAGGTTGC-1-3,,
deepseek,571,250,821,512,177,,,DeepSeekBackend,deepseek-v4-flash,1784014291.22454,stage1_annotation,annotation,67550.0,TCTGAGAGTCCGTTAA-1-3,,
deepseek,569,1178,1747,512,1088,,,DeepSeekBackend,deepseek-v4-flash,1784014291.2901824,stage1_annotation,annotation,36625.0,CAGATCAGTGCTAGCC-1-5,,
deepseek,572,979,1551,512,910,,,DeepSeekBackend,deepseek-v4-flash,1784014291.3757846,stage1_annotation,annotation,44882.0,AGTGAGGAGATGTGGC-1-6,,
deepseek,569,794,1363,512,736,,,DeepSeekBackend,deepseek-v4-flash,1784014291.38969,stage1_annotation,annotation,47203.0,CAGTAACGTCGCGTGT-1-3,,
deepseek,570,428,998,512,366,,,DeepSeekBackend,deepseek-v4-flash,1784014291.7994218,stage1_annotation,annotation,30793.0,GATCAGTCAAGGGTCA-1-3,,
deepseek,568,234,802,512,166,,,DeepSeekBackend,deepseek-v4-flash,1784014292.4151747,stage1_annotation,annotation,69754.0,ACATCAGGTACAGTGG-1-4,,
deepseek,575,208,783,512,164,,,DeepSeekBackend,deepseek-v4-flash,1784014292.418711,stage1_annotation,annotation,54534.0,TTCGAAGAGACCTAGG-1-4,,
deepseek,570,278,848,512,216,,,DeepSeekBackend,deepseek-v4-flash,1784014292.6466184,stage1_annotation,annotation,7503.0,CGTGAGCGTCAGAATA-1-0,,
deepseek,572,238,810,512,166,,,DeepSeekBackend,deepseek-v4-flash,1784014292.9455633,stage1_annotation,annotation,2906.0,CTCGGGACATATGGTC-1-2,,
deepseek,573,277,850,512,225,,,DeepSeekBackend,deepseek-v4-flash,1784014293.0259676,stage1_annotation,annotation,8509.0,AACTCTTTCGTAGGTT-1-4,,
deepseek,571,248,819,512,174,,,DeepSeekBackend,deepseek-v4-flash,1784014293.1519804,stage1_annotation,annotation,33178.0,AGTGAGGAGAAACGAG-1-1,,
deepseek,573,1733,2306,512,1672,,,DeepSeekBackend,deepseek-v4-flash,1784014293.1952147,stage1_annotation,annotation,65089.0,CGTAGCGCAGCTCGCA_GRO-09_nasal_brush,,
deepseek,574,1027,1601,512,954,,,DeepSeekBackend,deepseek-v4-flash,1784014293.6590238,stage1_annotation,annotation,36955.0,GCTGCTTTCTGTCTAT-1-5,,
deepseek,576,282,858,512,214,,,DeepSeekBackend,deepseek-v4-flash,1784014293.72266,stage1_annotation,annotation,71757.0,ATCCGAACAGTTTACG-1-4,,
deepseek,574,407,981,512,314,,,DeepSeekBackend,deepseek-v4-flash,1784014294.3906431,stage1_annotation,annotation,66228.0,GAACCTATCGGAAATA-1-4,,
deepseek,574,1337,1911,512,1260,,,DeepSeekBackend,deepseek-v4-flash,1784014294.5833442,stage1_annotation,annotation,22457.0,ACAGCTAAGTGGGCTA-1-3,,
deepseek,573,333,906,512,267,,,DeepSeekBackend,deepseek-v4-flash,1784014294.606595,stage1_annotation,annotation,61677.0,D339_Biop_Nas1_CACTCCAGTCACCCAG-1-7,,
deepseek,568,1576,2144,512,1506,,,DeepSeekBackend,deepseek-v4-flash,1784014295.9611344,stage1_annotation,annotation,68427.0,CTGATAGAGAGTAATC-1-3,,
deepseek,573,540,1113,512,480,,,DeepSeekBackend,deepseek-v4-flash,1784014296.124561,stage1_annotation,annotation,58267.0,D339_Biop_Nas1_CTTAGGATCTTGGGTA-1-7,,
deepseek,573,332,905,512,274,,,DeepSeekBackend,deepseek-v4-flash,1784014296.1446385,stage1_annotation,annotation,12797.0,D339_Biop_Nas1_AGATTGCTCTACCAGA-1-7,,
deepseek,574,303,877,512,295,,,DeepSeekBackend,deepseek-v4-flash,1784014296.2691038,stage1_annotation,annotation,36400.0,D339_Biop_Nas1_TGCGGGTCAAAGGAAG-1-7,,
deepseek,574,531,1105,512,458,,,DeepSeekBackend,deepseek-v4-flash,1784014296.5187678,stage1_annotation,annotation,31894.0,D322_Biop_Nas1_AGTCTTTCATCGTCGG-1-0,,
deepseek,574,350,924,512,290,,,DeepSeekBackend,deepseek-v4-flash,1784014296.7240353,stage1_annotation,annotation,14670.0,D339_Biop_Nas1_GGCTGGTTCGTGGACC-1-7,,
deepseek,570,1567,2137,512,1491,,,DeepSeekBackend,deepseek-v4-flash,1784014297.197195,stage1_annotation,annotation,56919.0,ACATCAGCACTACAGT-1-3,,
deepseek,577,567,1144,512,493,,,DeepSeekBackend,deepseek-v4-flash,1784014297.692026,stage1_annotation,annotation,22286.0,D339_Biop_Nas1_TACGGATTCTGATTCT-1-7,,
deepseek,575,274,849,512,210,,,DeepSeekBackend,deepseek-v4-flash,1784014297.7831597,stage1_annotation,annotation,76979.0,D339_Biop_Nas1_TGGCGCATCCATGCTC-1-7,,
deepseek,572,393,965,512,385,,,DeepSeekBackend,deepseek-v4-flash,1784014297.7989802,stage1_annotation,annotation,77052.0,D339_Biop_Nas1_TGAGGGAAGACCACGA-1-7,,
deepseek,573,547,1120,512,484,,,DeepSeekBackend,deepseek-v4-flash,1784014297.8294387,stage1_annotation,annotation,36942.0,D339_Biop_Nas1_TGGTTAGGTCGGCACT-1-7,,
deepseek,573,760,1333,512,692,,,DeepSeekBackend,deepseek-v4-flash,1784014298.4192472,stage1_annotation,annotation,66900.0,D339_Biop_Nas1_CCAATCCCACTTACGA-1-7,,
deepseek,569,591,1160,512,522,,,DeepSeekBackend,deepseek-v4-flash,1784014299.9631138,stage1_annotation,annotation,60234.0,D339_Biop_Nas1_TAAGTGCCACCGATAT-1-7,,
deepseek,570,459,1029,512,369,,,DeepSeekBackend,deepseek-v4-flash,1784014300.256593,stage1_annotation,annotation,39517.0,D372_Brus_Nas1_TAAACCGAGCTCAACT-1-31,,
deepseek,576,352,928,512,288,,,DeepSeekBackend,deepseek-v4-flash,1784014300.3641753,stage1_annotation,annotation,14451.0,CTTTGCGAGATCGATA-1-4,,
deepseek,573,432,1005,512,363,,,DeepSeekBackend,deepseek-v4-flash,1784014300.3864715,stage1_annotation,annotation,53903.0,D339_Biop_Nas1_TTGAACGGTTGTGGCC-1-7,,
deepseek,571,288,859,512,234,,,DeepSeekBackend,deepseek-v4-flash,1784014300.6185853,stage1_annotation,annotation,57658.0,CTTAGGAAGCGATGAC-1-6,,
deepseek,574,501,1075,512,450,,,DeepSeekBackend,deepseek-v4-flash,1784014300.6788197,stage1_annotation,annotation,30661.0,D339_Biop_Nas1_GATCAGTGTGTTAAGA-1-7,,
deepseek,605,2271,2876,512,2218,,,DeepSeekBackend,deepseek-v4-flash,1784014300.6913855,stage1_annotation,annotation,57038.0,D339_Biop_Nas1_ACTATCTGTATATGGA-1-7,,
deepseek,574,990,1564,512,909,,,DeepSeekBackend,deepseek-v4-flash,1784014300.88029,stage1_annotation,annotation,36268.0,D339_Biop_Nas1_CATCCACAGTTTGCGT-1-7,,
deepseek,574,405,979,512,343,,,DeepSeekBackend,deepseek-v4-flash,1784014300.94841,stage1_annotation,annotation,49658.0,CAACCTCTCGTCCGTT-1-6,,
deepseek,570,344,914,512,285,,,DeepSeekBackend,deepseek-v4-flash,1784014301.179503,stage1_annotation,annotation,6009.0,CGGAGTCTCCTCGCAT-1-4,,
deepseek,573,522,1095,512,430,,,DeepSeekBackend,deepseek-v4-flash,1784014301.5137885,stage1_annotation,annotation,54606.0,GGACAGACAGTCCTTC-1-0,,
deepseek,570,546,1116,512,483,,,DeepSeekBackend,deepseek-v4-flash,1784014302.8112893,stage1_annotation,annotation,38303.0,TTAGGCACACACCGAC-1-6,,
deepseek,569,483,1052,512,407,,,DeepSeekBackend,deepseek-v4-flash,1784014302.8797886,stage1_annotation,annotation,16123.0,CGTGTCTCATCCCACT-1-6,,
deepseek,567,2435,3002,512,2387,,,DeepSeekBackend,deepseek-v4-flash,1784014303.3039315,stage1_annotation,annotation,67815.0,D353_Brus_Nas1_AGCTCCTTCATTTGGG-1-16,,
deepseek,575,305,880,512,242,,,DeepSeekBackend,deepseek-v4-flash,1784014303.3838167,stage1_annotation,annotation,22629.0,AGTGGGACAATCCGAT-1-6,,
deepseek,572,369,941,512,291,,,DeepSeekBackend,deepseek-v4-flash,1784014303.5860777,stage1_annotation,annotation,62804.0,GATCTAGAGGCAATTA-1-6,,
deepseek,575,1280,1855,512,1233,,,DeepSeekBackend,deepseek-v4-flash,1784014303.9663856,stage1_annotation,annotation,48678.0,D339_Biop_Nas1_ATTGGACGTATGGTTC-1-7,,
deepseek,579,666,1245,512,579,,,DeepSeekBackend,deepseek-v4-flash,1784014304.1491168,stage1_annotation,annotation,43432.0,AGCTCTCAGGAGCGTT-1-3,,
deepseek,573,450,1023,512,373,,,DeepSeekBackend,deepseek-v4-flash,1784014304.46578,stage1_annotation,annotation,41922.0,ACCTTTAAGGTGCTTT-1-4,,
deepseek,573,2638,3211,512,2567,,,DeepSeekBackend,deepseek-v4-flash,1784014304.522641,stage1_annotation,annotation,42352.0,GGCGACTAGTCGTTTG-1-3,,
deepseek,576,426,1002,512,359,,,DeepSeekBackend,deepseek-v4-flash,1784014304.6845453,stage1_annotation,annotation,74344.0,AGTCTTTTCGCGTTTC-1-4,,
deepseek,569,468,1037,512,392,,,DeepSeekBackend,deepseek-v4-flash,1784014305.2691932,stage1_annotation,annotation,41790.0,AACCATGCAATTGCTG-1-6,,
deepseek,568,649,1217,512,575,,,DeepSeekBackend,deepseek-v4-flash,1784014305.8311656,stage1_annotation,annotation,50983.0,TGCGGGTGTGTGCCTG-1-6,,
deepseek,577,585,1162,512,528,,,DeepSeekBackend,deepseek-v4-flash,1784014306.5001042,stage1_annotation,annotation,60100.0,AGGGAGTCACCAGTTA-1-3,,
deepseek,574,1164,1738,512,1095,,,DeepSeekBackend,deepseek-v4-flash,1784014306.7279258,stage1_annotation,annotation,7578.0,D339_Biop_Nas1_CTACGTCTCGACAGCC-1-7,,
deepseek,576,643,1219,512,567,,,DeepSeekBackend,deepseek-v4-flash,1784014306.8584478,stage1_annotation,annotation,16160.0,CGTAGCGAGCAGGTCA-1-2,,
deepseek,573,1400,1973,512,1340,,,DeepSeekBackend,deepseek-v4-flash,1784014306.878162,stage1_annotation,annotation,21365.0,D339_Biop_Nas1_CTCAGAATCAAACCGT-1-7,,
deepseek,575,320,895,512,249,,,DeepSeekBackend,deepseek-v4-flash,1784014307.0139184,stage1_annotation,annotation,72706.0,AGGTCCGTCGGCCGAT_GRO-04_nasal_brush,,
deepseek,573,373,946,512,304,,,DeepSeekBackend,deepseek-v4-flash,1784014307.1761854,stage1_annotation,annotation,3735.0,CAAACTGTATATGA_GRO-03_nasal_brush,,
deepseek,571,257,828,512,200,,,DeepSeekBackend,deepseek-v4-flash,1784014307.2293525,stage1_annotation,annotation,6839.0,D363_Brus_Nas1_AGAATAGAGTACGCGA-1-23,,
deepseek,573,627,1200,512,567,,,DeepSeekBackend,deepseek-v4-flash,1784014307.2843807,stage1_annotation,annotation,39516.0,GACCAATCATCTACGA-1-6,,
deepseek,575,605,1180,512,532,,,DeepSeekBackend,deepseek-v4-flash,1784014308.1061325,stage1_annotation,annotation,47179.0,CGCGTTTTCACTTCAT-1-4,,
deepseek,573,1587,2160,512,1516,,,DeepSeekBackend,deepseek-v4-flash,1784014308.6041925,stage1_annotation,annotation,27614.0,D339_Biop_Nas1_CCGGGATTCTGTCTAT-1-7,,
deepseek,574,578,1152,512,522,,,DeepSeekBackend,deepseek-v4-flash,1784014308.8642929,stage1_annotation,annotation,34538.0,ATAAGAGTCTGGCGT_GRO-03_nasal_brush,,
deepseek,573,417,990,512,376,,,DeepSeekBackend,deepseek-v4-flash,1784014309.077299,stage1_annotation,annotation,61968.0,GGAGCAACAAGCGTAG_GRO-10_nasal_brush,,
deepseek,579,912,1491,512,839,,,DeepSeekBackend,deepseek-v4-flash,1784014309.224503,stage1_annotation,annotation,65762.0,TACCTATCATGCAATC-1-4,,
deepseek,569,492,1061,512,427,,,DeepSeekBackend,deepseek-v4-flash,1784014309.330263,stage1_annotation,annotation,77707.0,TGGCCAGAGATGGCGT_GRO-09_nasal_brush,,
deepseek,568,567,1135,512,486,,,DeepSeekBackend,deepseek-v4-flash,1784014309.5390065,stage1_annotation,annotation,46193.0,ATGGGAGCAGCTGGCT_GRO-09_nasal_brush,,
deepseek,579,1014,1593,512,948,,,DeepSeekBackend,deepseek-v4-flash,1784014309.58602,stage1_annotation,annotation,2805.0,ACGGGCTTCCGAACGC-1-4,,
deepseek,577,712,1289,512,634,,,DeepSeekBackend,deepseek-v4-flash,1784014309.7599776,stage1_annotation,annotation,60776.0,TGACAACTCACTTATC-1-1,,
deepseek,577,475,1052,512,407,,,DeepSeekBackend,deepseek-v4-flash,1784014310.3915856,stage1_annotation,annotation,12791.0,AGGCCACCATCAGTAC-1-1,,
deepseek,570,410,980,512,305,,,DeepSeekBackend,deepseek-v4-flash,1784014310.611465,stage1_annotation,annotation,19583.0,TTAGGCACAGGTGCCT_GRO-04_nasal_brush,,
deepseek,568,678,1246,512,564,,,DeepSeekBackend,deepseek-v4-flash,1784014310.7847376,stage1_annotation,annotation,43975.0,AACACGTTCATGCTCC_GRO-09_nasal_brush,,
deepseek,573,548,1121,512,472,,,DeepSeekBackend,deepseek-v4-flash,1784014311.739682,stage1_annotation,annotation,12399.0,CACTGTCAATGTC_GRO-04_nasal_brush,,
deepseek,574,538,1112,512,480,,,DeepSeekBackend,deepseek-v4-flash,1784014312.033974,stage1_annotation,annotation,56339.0,CACATTTAGGGAAACA_GRO-04_nasal_brush,,
deepseek,572,260,832,512,216,,,DeepSeekBackend,deepseek-v4-flash,1784014312.03706,stage1_annotation,annotation,60729.0,TGAGAGGAGGTGCTAG-1-2,,
deepseek,578,291,869,512,235,,,DeepSeekBackend,deepseek-v4-flash,1784014312.0664206,stage1_annotation,annotation,57880.0,TGGGCGTCAGCTTAAC-1-4,,
deepseek,575,537,1112,512,484,,,DeepSeekBackend,deepseek-v4-flash,1784014312.1329026,stage1_annotation,annotation,48022.0,AATCGGTGTTGCGCAC_GRO-04_nasal_brush,,
deepseek,572,943,1515,512,936,,,DeepSeekBackend,deepseek-v4-flash,1784014312.1364214,stage1_annotation,annotation,40375.0,D353_Brus_Nas1_GCAGTTACAATAACGA-1-16,,
deepseek,571,310,881,512,238,,,DeepSeekBackend,deepseek-v4-flash,1784014312.1783307,stage1_annotation,annotation,26161.0,D353_Brus_Nas1_GGTGCGTTCGGCCGAT-1-16,,
deepseek,570,328,898,512,263,,,DeepSeekBackend,deepseek-v4-flash,1784014312.210454,stage1_annotation,annotation,62376.0,D363_Brus_Nas1_TGTGGTACAATCACAC-1-23,,
deepseek,570,221,791,512,158,,,DeepSeekBackend,deepseek-v4-flash,1784014312.238762,stage1_annotation,annotation,38192.0,D363_Brus_Nas1_TGGTTCCTCATCACCC-1-23,,
deepseek,573,601,1174,512,530,,,DeepSeekBackend,deepseek-v4-flash,1784014312.6677527,stage1_annotation,annotation,6523.0,TAGTTGGTCGACCAGC_GRO-09_nasal_brush,,
deepseek,576,704,1280,512,639,,,DeepSeekBackend,deepseek-v4-flash,1784014313.0989792,stage1_annotation,annotation,9551.0,CCATGTCCACGGACAA-1-0,,
deepseek,573,728,1301,512,657,,,DeepSeekBackend,deepseek-v4-flash,1784014313.2761204,stage1_annotation,annotation,46054.0,AGCTCTCGTACCGCT_GRO-04_nasal_brush,,
deepseek,570,401,971,512,348,,,DeepSeekBackend,deepseek-v4-flash,1784014313.28159,stage1_annotation,annotation,9079.0,GAATAAGGTATAATGG-1-2,,
deepseek,576,632,1208,512,545,,,DeepSeekBackend,deepseek-v4-flash,1784014313.3646443,stage1_annotation,annotation,73891.0,D367_Brus_Nas1_CCCATACAGTGCGATG-1-27,,
deepseek,571,250,821,512,198,,,DeepSeekBackend,deepseek-v4-flash,1784014314.6426759,stage1_annotation,annotation,56529.0,TGTATTCGTATAGTAG-1-7,,
deepseek,573,396,969,512,333,,,DeepSeekBackend,deepseek-v4-flash,1784014314.9474251,stage1_annotation,annotation,51492.0,GCTCTGTAGTCAATAG-1-6,,
deepseek,579,317,896,512,264,,,DeepSeekBackend,deepseek-v4-flash,1784014315.410266,stage1_annotation,annotation,6764.0,CATATTCTCATTCACT-1-6,,
deepseek,574,329,903,512,271,,,DeepSeekBackend,deepseek-v4-flash,1784014315.7086859,stage1_annotation,annotation,72253.0,ACTTTCAAGGAGTAGA-1-4,,
deepseek,578,537,1115,512,466,,,DeepSeekBackend,deepseek-v4-flash,1784014315.7111077,stage1_annotation,annotation,32690.0,CTCCTAGGTGCACGAA_GRO-10_nasal_brush,,
deepseek,573,546,1119,512,461,,,DeepSeekBackend,deepseek-v4-flash,1784014315.9165785,stage1_annotation,annotation,21214.0,GCCTCTACAAGAAGAG_GRO-09_nasal_brush,,
deepseek,574,381,955,512,331,,,DeepSeekBackend,deepseek-v4-flash,1784014316.124131,stage1_annotation,annotation,52563.0,ACTGTCCTCATCATTC-1-6,,
deepseek,567,269,836,512,218,,,DeepSeekBackend,deepseek-v4-flash,1784014316.3368294,stage1_annotation,annotation,73612.0,GCATGTAGTCGAGTTT-1-3,,
deepseek,578,460,1038,512,452,,,DeepSeekBackend,deepseek-v4-flash,1784014316.3772845,stage1_annotation,annotation,57273.0,TTGCGTCAGTGGTAGC-1-4,,
deepseek,574,966,1540,512,887,,,DeepSeekBackend,deepseek-v4-flash,1784014316.7164023,stage1_annotation,annotation,31392.0,D353_Brus_Nas1_AGTTGGTAGCCAACAG-1-16,,
deepseek,578,566,1144,512,473,,,DeepSeekBackend,deepseek-v4-flash,1784014317.0037081,stage1_annotation,annotation,70505.0,TCAGCTCTCTCTAGGA-1-5,,
deepseek,561,386,947,512,311,,,DeepSeekBackend,deepseek-v4-flash,1784014317.404679,stage1_annotation,annotation,74443.0,CTGGTCTGTTCACCTC_GRO-03_nasal_brush,,
deepseek,570,498,1068,512,443,,,DeepSeekBackend,deepseek-v4-flash,1784014318.1359243,stage1_annotation,annotation,24751.0,TCACAAGTCAGTCAGT-1-5,,
deepseek,571,597,1168,512,590,,,DeepSeekBackend,deepseek-v4-flash,1784014318.3896542,stage1_annotation,annotation,49635.0,CCGTTCAGTACTCTCC-1-7,,
deepseek,565,578,1143,512,481,,,DeepSeekBackend,deepseek-v4-flash,1784014318.4915566,stage1_annotation,annotation,33212.0,CGTAGCGTCAGTGTT_GRO-04_nasal_brush,,
deepseek,567,420,987,512,363,,,DeepSeekBackend,deepseek-v4-flash,1784014319.2998407,stage1_annotation,annotation,24607.0,CGAGAAGCAGATGGCA-1-5,,
deepseek,561,745,1306,512,648,,,DeepSeekBackend,deepseek-v4-flash,1784014319.3816328,stage1_annotation,annotation,51899.0,CCTAGCTTCATACGGT-1-3,,
deepseek,563,410,973,512,359,,,DeepSeekBackend,deepseek-v4-flash,1784014319.9347913,stage1_annotation,annotation,7412.0,ACAGCCGGTTCGCTAA-1-3,,
deepseek,565,305,870,512,240,,,DeepSeekBackend,deepseek-v4-flash,1784014320.0449128,stage1_annotation,annotation,41259.0,CACAAACTCCTCGCAT-1-3,,
deepseek,568,408,976,512,349,,,DeepSeekBackend,deepseek-v4-flash,1784014320.1529214,stage1_annotation,annotation,55357.0,TCAACGACAGAGCCAA_GRO-04_nasal_brush,,
deepseek,565,382,947,512,325,,,DeepSeekBackend,deepseek-v4-flash,1784014320.296264,stage1_annotation,annotation,20749.0,CATCGGGCACATTCGA-1-6,,
deepseek,574,903,1477,512,826,,,DeepSeekBackend,deepseek-v4-flash,1784014320.4302588,stage1_annotation,annotation,57114.0,TGACAACAGGAATTAC-1-6,,
deepseek,565,537,1102,512,463,,,DeepSeekBackend,deepseek-v4-flash,1784014320.7593362,stage1_annotation,annotation,56153.0,GGGAGATTCAAAGACA-1-1,,
deepseek,565,535,1100,512,449,,,DeepSeekBackend,deepseek-v4-flash,1784014320.7681754,stage1_annotation,annotation,76353.0,CGAGCACCAGACACTT-1-2,,
deepseek,562,448,1010,512,374,,,DeepSeekBackend,deepseek-v4-flash,1784014321.5119169,stage1_annotation,annotation,533.0,ACGGCCATCGCGATCG-1-3,,
deepseek,560,691,1251,512,609,,,DeepSeekBackend,deepseek-v4-flash,1784014322.0660489,stage1_annotation,annotation,27503.0,CACCTTGAGGATCGCA-1-3,,
deepseek,564,778,1342,512,692,,,DeepSeekBackend,deepseek-v4-flash,1784014322.1160936,stage1_annotation,annotation,72371.0,TCAGCTCTCTTACCTA-1-3,,
deepseek,562,326,888,512,277,,,DeepSeekBackend,deepseek-v4-flash,1784014322.3281746,stage1_annotation,annotation,41177.0,TCAGGATTCAAGGTAA-1-3,,
deepseek,572,155,727,512,99,,,DeepSeekBackend,deepseek-v4-flash,1784014322.9157343,stage1_annotation,annotation,3253.0,D353_Brus_Nas1_CATCGGGCAAGCGATG-1-16,,
deepseek,562,474,1036,512,396,,,DeepSeekBackend,deepseek-v4-flash,1784014323.3924632,stage1_annotation,annotation,58443.0,TTCTCCTCACAAGCCC-1-3,,
deepseek,574,1491,2065,512,1414,,,DeepSeekBackend,deepseek-v4-flash,1784014323.4881678,stage1_annotation,annotation,59772.0,D353_Brus_Nas1_ACTGCTCAGTGTACGG-1-16,,
deepseek,566,840,1406,512,772,,,DeepSeekBackend,deepseek-v4-flash,1784014323.9465635,stage1_annotation,annotation,39469.0,CTCATTATCTCTTGAT_GRO-04_nasal_brush,,
deepseek,574,390,964,512,348,,,DeepSeekBackend,deepseek-v4-flash,1784014324.115623,stage1_annotation,annotation,67324.0,ACGGGTCGTCTAGAGG-1-3,,
deepseek,575,1262,1837,512,1186,,,DeepSeekBackend,deepseek-v4-flash,1784014324.2013652,stage1_annotation,annotation,64142.0,CTCAGAAGTTTAGCTG-1-1,,
deepseek,578,137,715,512,133,,,DeepSeekBackend,deepseek-v4-flash,1784014324.717706,stage1_annotation,annotation,25776.0,D339_Biop_Nas1_GTTACAGAGCTTTGGT-1-7,,
deepseek,578,293,871,512,289,,,DeepSeekBackend,deepseek-v4-flash,1784014325.2517002,stage1_annotation,annotation,22423.0,D339_Biop_Nas1_TTTATGCCAGCCTGTG-1-7,,
deepseek,570,666,1236,512,604,,,DeepSeekBackend,deepseek-v4-flash,1784014325.7227685,stage1_annotation,annotation,6286.0,TAGACCAGTTCCGTCT-1-4,,
deepseek,565,599,1164,512,524,,,DeepSeekBackend,deepseek-v4-flash,1784014326.1592302,stage1_annotation,annotation,70043.0,TGTCCCACACATGACT-1-2,,
deepseek,570,798,1368,512,712,,,DeepSeekBackend,deepseek-v4-flash,1784014326.7510707,stage1_annotation,annotation,49002.0,GAATAAGCAGTGGAGT_GRO-10_nasal_brush,,
deepseek,572,681,1253,512,575,,,DeepSeekBackend,deepseek-v4-flash,1784014326.9723418,stage1_annotation,annotation,49154.0,GCATACACACCGAAAG-1-3,,
deepseek,561,1012,1573,512,939,,,DeepSeekBackend,deepseek-v4-flash,1784014327.2603633,stage1_annotation,annotation,13849.0,TACTCGCAGGGCTCTC-1-0,,
deepseek,568,368,936,512,292,,,DeepSeekBackend,deepseek-v4-flash,1784014327.2669122,stage1_annotation,annotation,17458.0,CCTACCAGTAGAAAGG-1-3,,
deepseek,570,445,1015,512,437,,,DeepSeekBackend,deepseek-v4-flash,1784014327.3422453,stage1_annotation,annotation,57945.0,CGGACACGTCAGAATA-1-3,,
deepseek,574,409,983,512,347,,,DeepSeekBackend,deepseek-v4-flash,1784014327.637759,stage1_annotation,annotation,23688.0,D339_Biop_Nas1_CAACCTCCAAACGTGG-1-7,,
deepseek,570,562,1132,512,497,,,DeepSeekBackend,deepseek-v4-flash,1784014328.0495315,stage1_annotation,annotation,22742.0,TCATTACTCACTCTTA-1-7,,
deepseek,561,1183,1744,512,1101,,,DeepSeekBackend,deepseek-v4-flash,1784014328.2990372,stage1_annotation,annotation,7480.0,CAAGATCCATGCTGGC-1-3,,
deepseek,569,352,921,512,299,,,DeepSeekBackend,deepseek-v4-flash,1784014328.6107647,stage1_annotation,annotation,13252.0,CATGACACAAGTCTAC-1-3,,
deepseek,568,417,985,512,366,,,DeepSeekBackend,deepseek-v4-flash,1784014328.6497912,stage1_annotation,annotation,62479.0,ATCCACCAGTTTCCTT-1-2,,
deepseek,569,1019,1588,512,927,,,DeepSeekBackend,deepseek-v4-flash,1784014329.4029682,stage1_annotation,annotation,33833.0,TTCGAAGGTCACACGC-1-3,,
deepseek,579,2174,2753,512,2112,,,DeepSeekBackend,deepseek-v4-flash,1784014329.7587125,stage1_annotation,annotation,16229.0,GAACATCTCCGCGTTT-1-7,,
deepseek,570,362,932,512,288,,,DeepSeekBackend,deepseek-v4-flash,1784014330.7052846,stage1_annotation,annotation,2970.0,CTGATAGAGAATGTTG-1-3,,
deepseek,573,342,915,512,254,,,DeepSeekBackend,deepseek-v4-flash,1784014331.3276436,stage1_annotation,annotation,11363.0,AACTGGTGTCTGCCAG-1-3,,
deepseek,573,413,986,512,351,,,DeepSeekBackend,deepseek-v4-flash,1784014331.3678763,stage1_annotation,annotation,783.0,CCACGGAGTGCACGAA-1-3,,
deepseek,569,870,1439,512,783,,,DeepSeekBackend,deepseek-v4-flash,1784014331.5361068,stage1_annotation,annotation,63669.0,ATGTGTGGTGCACCAC-1-3,,
deepseek,571,405,976,512,397,,,DeepSeekBackend,deepseek-v4-flash,1784014331.558094,stage1_annotation,annotation,60581.0,TCAGGTATCGAACTGT-1-3,,
deepseek,572,1136,1708,512,1056,,,DeepSeekBackend,deepseek-v4-flash,1784014332.0820007,stage1_annotation,annotation,64802.0,CCTCTGAGTGGCCCTA-1-4,,
deepseek,571,605,1176,512,544,,,DeepSeekBackend,deepseek-v4-flash,1784014332.4047182,stage1_annotation,annotation,15880.0,GTTAAGCCATGACATC-1-3,,
deepseek,572,797,1369,512,738,,,DeepSeekBackend,deepseek-v4-flash,1784014332.9366603,stage1_annotation,annotation,67181.0,TGGCCAGTCAGCGACC-1-4,,
deepseek,570,562,1132,512,498,,,DeepSeekBackend,deepseek-v4-flash,1784014333.570882,stage1_annotation,annotation,76808.0,CACAAACTCAGCTCTC-1-3,,
deepseek,563,486,1049,512,423,,,DeepSeekBackend,deepseek-v4-flash,1784014333.5829215,stage1_annotation,annotation,35524.0,GGATTACCATCGACGC-1-3,,
deepseek,567,131,698,512,126,,,DeepSeekBackend,deepseek-v4-flash,1784014335.446192,stage1_annotation,annotation,38641.0,ATGCTACAATGGAAT_GRO-01_nasal_brush,,
deepseek,567,1044,1611,512,978,,,DeepSeekBackend,deepseek-v4-flash,1784014335.5745513,stage1_annotation,annotation,67839.0,AAGACCTAGAGTACCG-1-3,,
deepseek,569,1687,2256,512,1628,,,DeepSeekBackend,deepseek-v4-flash,1784014336.522461,stage1_annotation,annotation,6397.0,GCCTCTACAAACCTAC-1-3,,
deepseek,572,1836,2408,512,1831,,,DeepSeekBackend,deepseek-v4-flash,1784014336.6543634,stage1_annotation,annotation,5674.0,GTCAAGTCAACTGGCC-1-3,,
deepseek,569,563,1132,512,459,,,DeepSeekBackend,deepseek-v4-flash,1784014336.9810796,stage1_annotation,annotation,1200.0,D322_Biop_Nas1_GGAGCAATCAACTCTT-1-0,,
deepseek,571,892,1463,512,777,,,DeepSeekBackend,deepseek-v4-flash,1784014337.010446,stage1_annotation,annotation,4442.0,GAGTCCGCAAGTCTGT-1-3,,
deepseek,571,165,736,512,160,,,DeepSeekBackend,deepseek-v4-flash,1784014337.3805547,stage1_annotation,annotation,7827.0,TCAACGAAGGCCCTTG-1-2,,
deepseek,567,735,1302,512,662,,,DeepSeekBackend,deepseek-v4-flash,1784014337.6891024,stage1_annotation,annotation,76126.0,D339_Biop_Nas1_GGGTTGCAGACTACAA-1-7,,
deepseek,573,1054,1627,512,991,,,DeepSeekBackend,deepseek-v4-flash,1784014337.765647,stage1_annotation,annotation,3452.0,GACCAATTCCCTGACT-1-3,,
deepseek,568,231,799,512,179,,,DeepSeekBackend,deepseek-v4-flash,1784014338.187382,stage1_annotation,annotation,61027.0,CTGGTAGACACGAC_GRO-01_nasal_brush,,
deepseek,571,1395,1966,512,1303,,,DeepSeekBackend,deepseek-v4-flash,1784014338.7521012,stage1_annotation,annotation,930.0,ACAGCCGCACCAGCAC-1-3,,
deepseek,567,930,1497,512,852,,,DeepSeekBackend,deepseek-v4-flash,1784014338.8792348,stage1_annotation,annotation,7443.0,D322_Biop_Nas1_CTAGCCTGTCCGTCAG-1-0,,
deepseek,566,720,1286,512,648,,,DeepSeekBackend,deepseek-v4-flash,1784014338.9627368,stage1_annotation,annotation,71615.0,D322_Biop_Nas1_TTGTAGGCAAGCCGCT-1-0,,
deepseek,569,176,745,512,133,,,DeepSeekBackend,deepseek-v4-flash,1784014339.2010107,stage1_annotation,annotation,5561.0,ACGAGCCCAGCGAACA-1-5,,
deepseek,575,221,796,512,175,,,DeepSeekBackend,deepseek-v4-flash,1784014339.3694282,stage1_annotation,annotation,67812.0,D339_Biop_Nas1_TCGGGACCAAACGCGA-1-7,,
deepseek,566,1054,1620,512,1000,,,DeepSeekBackend,deepseek-v4-flash,1784014339.4572973,stage1_annotation,annotation,50584.0,AGTTGGTAGCGTCAAG-1-3,,
deepseek,570,920,1490,512,826,,,DeepSeekBackend,deepseek-v4-flash,1784014339.806908,stage1_annotation,annotation,75552.0,D339_Biop_Nas1_CTCGAAAAGACACTAA-1-7,,
deepseek,572,212,784,512,151,,,DeepSeekBackend,deepseek-v4-flash,1784014340.3571541,stage1_annotation,annotation,47168.0,TAGGCCAGTACCGGA_GRO-01_nasal_brush,,
deepseek,567,197,764,512,129,,,DeepSeekBackend,deepseek-v4-flash,1784014341.1559362,stage1_annotation,annotation,427.0,D344_Biop_Nas1_GGATTACAGTGCCATT-1-11,,
deepseek,576,472,1048,512,406,,,DeepSeekBackend,deepseek-v4-flash,1784014341.34967,stage1_annotation,annotation,14449.0,GATGCTATCCGCAGTG-1-3,,
deepseek,566,1094,1660,512,989,,,DeepSeekBackend,deepseek-v4-flash,1784014341.4423935,stage1_annotation,annotation,1724.0,D344_Biop_Nas1_TGATTTCTCCTGTACC-1-11,,
deepseek,572,294,866,512,218,,,DeepSeekBackend,deepseek-v4-flash,1784014341.4455285,stage1_annotation,annotation,16165.0,D339_Biop_Nas1_CCTACACCAGAAGCAC-1-7,,
deepseek,571,1028,1599,512,971,,,DeepSeekBackend,deepseek-v4-flash,1784014341.5283077,stage1_annotation,annotation,44477.0,D322_Biop_Nas1_ACAGCCGCAGGTCGTC-1-0,,
deepseek,572,214,786,512,150,,,DeepSeekBackend,deepseek-v4-flash,1784014341.5317976,stage1_annotation,annotation,57635.0,D339_Biop_Nas1_CCCAATCAGACAAAGG-1-7,,
deepseek,569,396,965,512,321,,,DeepSeekBackend,deepseek-v4-flash,1784014341.60046,stage1_annotation,annotation,47851.0,TGAGGGAGTCAACTGT_GRO-09_nasal_brush,,
deepseek,574,173,747,512,133,,,DeepSeekBackend,deepseek-v4-flash,1784014341.8220599,stage1_annotation,annotation,54246.0,D339_Biop_Nas1_CTAATGGCATGCCCGA-1-7,,
deepseek,575,507,1082,512,413,,,DeepSeekBackend,deepseek-v4-flash,1784014341.9238338,stage1_annotation,annotation,2990.0,D339_Biop_Nas1_AAATGCCAGTTACCCA-1-7,,
deepseek,571,367,938,512,299,,,DeepSeekBackend,deepseek-v4-flash,1784014342.2688384,stage1_annotation,annotation,1257.0,TCATTACGTATCAGTC-1-4,,
deepseek,573,278,851,512,222,,,DeepSeekBackend,deepseek-v4-flash,1784014342.3675184,stage1_annotation,annotation,55582.0,CATCAGAAGGAGCGTT_GRO-01_nasal_brush,,
deepseek,574,289,863,512,238,,,DeepSeekBackend,deepseek-v4-flash,1784014342.3939264,stage1_annotation,annotation,3936.0,CTAGTGAGTCTAGTCA-1-5,,
deepseek,569,1932,2501,512,1843,,,DeepSeekBackend,deepseek-v4-flash,1784014342.4223464,stage1_annotation,annotation,17142.0,AACCGCGAGTGCGTGA-1-3,,
deepseek,569,1109,1678,512,1005,,,DeepSeekBackend,deepseek-v4-flash,1784014343.1655674,stage1_annotation,annotation,62438.0,D339_Biop_Nas1_TCAGGTAAGTTAAGTG-1-7,,
deepseek,571,202,773,512,146,,,DeepSeekBackend,deepseek-v4-flash,1784014343.652824,stage1_annotation,annotation,33596.0,CTACCCACAGGTCGTC-1-2,,
deepseek,567,345,912,512,283,,,DeepSeekBackend,deepseek-v4-flash,1784014343.8807015,stage1_annotation,annotation,3989.0,D344_Biop_Nas1_ATAGACCTCCCTCAGT-1-11,,
deepseek,575,465,1040,512,400,,,DeepSeekBackend,deepseek-v4-flash,1784014343.9501548,stage1_annotation,annotation,20318.0,GTTCGGGAGAAACCGC-1-5,,
deepseek,567,1115,1682,512,1027,,,DeepSeekBackend,deepseek-v4-flash,1784014344.158769,stage1_annotation,annotation,51915.0,D322_Biop_Nas1_GTACGTAGTTAAAGTG-1-0,,
deepseek,571,176,747,512,117,,,DeepSeekBackend,deepseek-v4-flash,1784014344.4245455,stage1_annotation,annotation,45072.0,ACGTCAATCCTACAGA-1-2,,
deepseek,576,308,884,512,214,,,DeepSeekBackend,deepseek-v4-flash,1784014344.6253736,stage1_annotation,annotation,50957.0,AACTGGTAGCTCCTTC-1-5,,
deepseek,569,249,818,512,191,,,DeepSeekBackend,deepseek-v4-flash,1784014344.8561687,stage1_annotation,annotation,36748.0,GGAACTTAGATATGGT-1-5,,
deepseek,574,226,800,512,157,,,DeepSeekBackend,deepseek-v4-flash,1784014344.8864126,stage1_annotation,annotation,42241.0,GTGCAGCCAGGCGATA-1-5,,
deepseek,569,238,807,512,188,,,DeepSeekBackend,deepseek-v4-flash,1784014344.8913245,stage1_annotation,annotation,23732.0,GGCTCGAGTATGCTTG-1-5,,
deepseek,575,345,920,512,268,,,DeepSeekBackend,deepseek-v4-flash,1784014345.0460804,stage1_annotation,annotation,12167.0,GCGGGTTTCGCTTGTC-1-5,,
deepseek,571,334,905,512,260,,,DeepSeekBackend,deepseek-v4-flash,1784014345.1168265,stage1_annotation,annotation,71251.0,TACTTGTGTTGAGGTG-1-5,,
deepseek,573,1967,2540,512,1874,,,DeepSeekBackend,deepseek-v4-flash,1784014345.4511232,stage1_annotation,annotation,22951.0,CTCTAATTCCATGCTC-1-3,,
deepseek,573,288,861,512,222,,,DeepSeekBackend,deepseek-v4-flash,1784014345.5361738,stage1_annotation,annotation,12956.0,TCAGCAAAGTTAAGTG-1-5,,
deepseek,568,389,957,512,318,,,DeepSeekBackend,deepseek-v4-flash,1784014345.6481798,stage1_annotation,annotation,35683.0,ACGGCCATCCGCATCT-1-7,,
deepseek,575,126,701,512,121,,,DeepSeekBackend,deepseek-v4-flash,1784014345.847561,stage1_annotation,annotation,54010.0,ATCATGGAGTCAAGGC-1-7,,
deepseek,573,541,1114,512,480,,,DeepSeekBackend,deepseek-v4-flash,1784014346.1592057,stage1_annotation,annotation,73049.0,D322_Biop_Nas1_GCGGGTTCAATCGGTT-1-0,,
deepseek,574,204,778,512,135,,,DeepSeekBackend,deepseek-v4-flash,1784014346.2552397,stage1_annotation,annotation,12426.0,D322_Biop_Nas1_CATTCGCTCTCGAGTA-1-0,,
deepseek,571,265,836,512,201,,,DeepSeekBackend,deepseek-v4-flash,1784014346.3664863,stage1_annotation,annotation,42440.0,D322_Biop_Nas1_ACACCGGCACCTCGGA-1-0,,
deepseek,563,540,1103,512,535,,,DeepSeekBackend,deepseek-v4-flash,1784014346.5504725,stage1_annotation,annotation,75505.0,ACACGCAGGGAAACA_GRO-01_nasal_brush,,
deepseek,573,632,1205,512,558,,,DeepSeekBackend,deepseek-v4-flash,1784014346.8632092,stage1_annotation,annotation,54487.0,GATGAGGTCAGAGCTT-1-5,,
deepseek,576,208,784,512,141,,,DeepSeekBackend,deepseek-v4-flash,1784014346.8674393,stage1_annotation,annotation,73141.0,CTGATAGTCGTATCAG-1-5,,
deepseek,573,288,861,512,202,,,DeepSeekBackend,deepseek-v4-flash,1784014347.1459582,stage1_annotation,annotation,40279.0,AATCCAGAGGCGATAC-1-5,,
deepseek,572,444,1016,512,359,,,DeepSeekBackend,deepseek-v4-flash,1784014347.7022219,stage1_annotation,annotation,20075.0,TCGAGGCAGCCCAATT-1-5,,
deepseek,573,301,874,512,236,,,DeepSeekBackend,deepseek-v4-flash,1784014347.7157063,stage1_annotation,annotation,32599.0,TTGCCGTTCATGTCCC-1-5,,
deepseek,569,1160,1729,512,1072,,,DeepSeekBackend,deepseek-v4-flash,1784014348.049288,stage1_annotation,annotation,39896.0,TCTTCGTCTACTTAC_GRO-01_nasal_brush,,
deepseek,569,2905,3474,512,2819,,,DeepSeekBackend,deepseek-v4-flash,1784014348.8397493,stage1_annotation,annotation,68672.0,D363_Brus_Nas1_AGCTCTCGTTACAGAA-1-23,,
deepseek,562,260,822,512,205,,,DeepSeekBackend,deepseek-v4-flash,1784014349.096057,stage1_annotation,annotation,17520.0,D344_Biop_Nas1_CTCGGAGGTTCTCATT-1-11,,
deepseek,565,352,917,512,289,,,DeepSeekBackend,deepseek-v4-flash,1784014349.369455,stage1_annotation,annotation,25287.0,D344_Biop_Nas1_CTCGGGAGTATCAGTC-1-11,,
deepseek,562,487,1049,512,438,,,DeepSeekBackend,deepseek-v4-flash,1784014349.6559293,stage1_annotation,annotation,47681.0,D344_Biop_Nas1_GCGCCAATCGTTTAGG-1-11,,
deepseek,565,416,981,512,355,,,DeepSeekBackend,deepseek-v4-flash,1784014349.6848958,stage1_annotation,annotation,46429.0,D339_Biop_Nas1_CACACCTAGGCTAGAC-1-7,,
deepseek,567,327,894,512,272,,,DeepSeekBackend,deepseek-v4-flash,1784014350.0767841,stage1_annotation,annotation,71871.0,D344_Biop_Nas1_TGCTGCTAGCGTCTAT-1-11,,
deepseek,566,565,1131,512,515,,,DeepSeekBackend,deepseek-v4-flash,1784014350.6979773,stage1_annotation,annotation,65403.0,D344_Biop_Nas1_CCAGCGACATCCTTGC-1-11,,
deepseek,567,439,1006,512,375,,,DeepSeekBackend,deepseek-v4-flash,1784014351.1274438,stage1_annotation,annotation,47196.0,D344_Biop_Nas1_CTCGGAGCACGAAATA-1-11,,
deepseek,565,559,1124,512,518,,,DeepSeekBackend,deepseek-v4-flash,1784014351.3012805,stage1_annotation,annotation,23805.0,D344_Biop_Nas1_CGGAGCTAGAAACCAT-1-11,,
deepseek,565,755,1320,512,683,,,DeepSeekBackend,deepseek-v4-flash,1784014351.8230913,stage1_annotation,annotation,73813.0,D344_Biop_Nas1_GTAACGTCAAACAACA-1-11,,
deepseek,566,381,947,512,308,,,DeepSeekBackend,deepseek-v4-flash,1784014351.971241,stage1_annotation,annotation,33618.0,D344_Biop_Nas1_CAGATCAGTGCGAAAC-1-11,,
deepseek,575,742,1317,512,659,,,DeepSeekBackend,deepseek-v4-flash,1784014352.2303042,stage1_annotation,annotation,20873.0,ACATACGAGTGACTCT-1-3,,
deepseek,573,279,852,512,212,,,DeepSeekBackend,deepseek-v4-flash,1784014352.3267424,stage1_annotation,annotation,47334.0,CCTAGCTCACACAGAG-1-4,,
deepseek,564,620,1184,512,614,,,DeepSeekBackend,deepseek-v4-flash,1784014352.7842295,stage1_annotation,annotation,45842.0,D344_Biop_Nas1_ATGAGGGCACCCTATC-1-11,,
deepseek,568,704,1272,512,630,,,DeepSeekBackend,deepseek-v4-flash,1784014352.7881415,stage1_annotation,annotation,28314.0,D344_Biop_Nas1_AAACGGGAGACCGGAT-1-11,,
deepseek,564,600,1164,512,527,,,DeepSeekBackend,deepseek-v4-flash,1784014353.1608462,stage1_annotation,annotation,48042.0,D344_Biop_Nas1_CCTACACAGAGGTTGC-1-11,,
deepseek,570,410,980,512,351,,,DeepSeekBackend,deepseek-v4-flash,1784014353.427482,stage1_annotation,annotation,78098.0,CTCGTCAAGTAGATGT-1-5,,
deepseek,569,446,1015,512,388,,,DeepSeekBackend,deepseek-v4-flash,1784014353.5537527,stage1_annotation,annotation,72323.0,CAAGTTGCACAAGCCC-1-2,,
deepseek,567,736,1303,512,676,,,DeepSeekBackend,deepseek-v4-flash,1784014353.7665408,stage1_annotation,annotation,7840.0,D344_Biop_Nas1_CCTACACTCTAACTGG-1-11,,
deepseek,569,439,1008,512,384,,,DeepSeekBackend,deepseek-v4-flash,1784014354.920752,stage1_annotation,annotation,1367.0,ACCAGTACAGCTTAAC_GRO-01_nasal_brush,,
deepseek,563,792,1355,512,740,,,DeepSeekBackend,deepseek-v4-flash,1784014355.3881466,stage1_annotation,annotation,38551.0,D344_Biop_Nas1_GATCAGTGTGTAATGA-1-11,,
deepseek,565,956,1521,512,884,,,DeepSeekBackend,deepseek-v4-flash,1784014355.4737852,stage1_annotation,annotation,16760.0,D344_Biop_Nas1_GCATGCGAGACATAAC-1-11,,
deepseek,572,420,992,512,363,,,DeepSeekBackend,deepseek-v4-flash,1784014355.76665,stage1_annotation,annotation,38985.0,CAAGATCCACGGCGTT_GRO-01_nasal_brush,,
deepseek,567,382,949,512,312,,,DeepSeekBackend,deepseek-v4-flash,1784014356.1674747,stage1_annotation,annotation,25206.0,D339_Biop_Nas1_ATCGAGTGTGATAAAC-1-7,,
deepseek,567,494,1061,512,418,,,DeepSeekBackend,deepseek-v4-flash,1784014356.1712396,stage1_annotation,annotation,67282.0,CGACCTTGTAGCTAAA_GRO-01_nasal_brush,,
deepseek,564,874,1438,512,818,,,DeepSeekBackend,deepseek-v4-flash,1784014356.5694695,stage1_annotation,annotation,38820.0,D339_Biop_Nas1_TCTGAGAAGCTCCTTC-1-7,,
deepseek,573,489,1062,512,441,,,DeepSeekBackend,deepseek-v4-flash,1784014356.636184,stage1_annotation,annotation,22722.0,D339_Biop_Nas1_CAGTCCTAGGACAGAA-1-7,,
deepseek,566,933,1499,512,863,,,DeepSeekBackend,deepseek-v4-flash,1784014357.1136105,stage1_annotation,annotation,55934.0,D344_Biop_Nas1_GCAATCAAGTACGCGA-1-11,,
deepseek,568,335,903,512,283,,,DeepSeekBackend,deepseek-v4-flash,1784014357.3396194,stage1_annotation,annotation,46104.0,ACTTGTTTCCTGCTT_GRO-01_nasal_brush,,
deepseek,566,1009,1575,512,913,,,DeepSeekBackend,deepseek-v4-flash,1784014357.5547717,stage1_annotation,annotation,11528.0,D339_Biop_Nas1_CCTTCGAAGTGAAGTT-1-7,,
deepseek,563,745,1308,512,668,,,DeepSeekBackend,deepseek-v4-flash,1784014357.9259062,stage1_annotation,annotation,7236.0,D339_Biop_Nas1_GGTGAAGCAGTAACGG-1-7,,
deepseek,570,318,888,512,251,,,DeepSeekBackend,deepseek-v4-flash,1784014358.178966,stage1_annotation,annotation,41089.0,ATTATCCAGAAACCAT_GRO-01_nasal_brush,,
deepseek,566,616,1182,512,564,,,DeepSeekBackend,deepseek-v4-flash,1784014358.3856695,stage1_annotation,annotation,69060.0,D339_Biop_Nas1_TTGCCGTGTGACCAAG-1-7,,
deepseek,567,542,1109,512,484,,,DeepSeekBackend,deepseek-v4-flash,1784014358.633164,stage1_annotation,annotation,25849.0,D339_Biop_Nas1_GACACGCGTAAGTTCC-1-7,,
deepseek,567,621,1188,512,615,,,DeepSeekBackend,deepseek-v4-flash,1784014358.6783495,stage1_annotation,annotation,64661.0,D344_Biop_Nas1_ACTATCTTCACAGGCC-1-11,,
deepseek,570,784,1354,512,729,,,DeepSeekBackend,deepseek-v4-flash,1784014358.8278656,stage1_annotation,annotation,44470.0,D339_Biop_Nas1_GTTTCTAGTCACAAGG-1-7,,
deepseek,567,806,1373,512,731,,,DeepSeekBackend,deepseek-v4-flash,1784014359.917886,stage1_annotation,annotation,73797.0,D339_Biop_Nas1_TTGACTTAGCAATCTC-1-7,,
deepseek,567,1690,2257,512,1624,,,DeepSeekBackend,deepseek-v4-flash,1784014361.2228298,stage1_annotation,annotation,2903.0,D344_Biop_Nas1_TAGGCATTCCGAAGAG-1-11,,
deepseek,568,835,1403,512,766,,,DeepSeekBackend,deepseek-v4-flash,1784014361.3815289,stage1_annotation,annotation,993.0,D339_Biop_Nas1_CATGGCGGTAAGAGGA-1-7,,
deepseek,568,782,1350,512,695,,,DeepSeekBackend,deepseek-v4-flash,1784014362.1272101,stage1_annotation,annotation,57064.0,D322_Biop_Nas1_AGTTGGTCACGTTGGC-1-0,,
deepseek,568,716,1284,512,647,,,DeepSeekBackend,deepseek-v4-flash,1784014362.6378586,stage1_annotation,annotation,9504.0,D322_Biop_Nas1_TAAGCGTTCATCTGCC-1-0,,
deepseek,565,776,1341,512,701,,,DeepSeekBackend,deepseek-v4-flash,1784014362.9301124,stage1_annotation,annotation,49951.0,CTCCTATCCCATTAT_GRO-01_nasal_brush,,
deepseek,573,839,1412,512,758,,,DeepSeekBackend,deepseek-v4-flash,1784014363.1067111,stage1_annotation,annotation,37792.0,CCATGTCAGTGAACAT_GRO-01_nasal_brush,,
deepseek,571,746,1317,512,664,,,DeepSeekBackend,deepseek-v4-flash,1784014363.6712973,stage1_annotation,annotation,24094.0,D344_Biop_Nas1_CAGTAACTCCGCAAGC-1-11,,
deepseek,568,608,1176,512,515,,,DeepSeekBackend,deepseek-v4-flash,1784014363.6773403,stage1_annotation,annotation,23232.0,CGATGGCCAAGCGATG-1-3,,
deepseek,565,1134,1699,512,1128,,,DeepSeekBackend,deepseek-v4-flash,1784014363.7617943,stage1_annotation,annotation,519.0,D339_Biop_Nas1_AGCATACTCACTTATC-1-7,,
deepseek,568,717,1285,512,633,,,DeepSeekBackend,deepseek-v4-flash,1784014364.1709764,stage1_annotation,annotation,48578.0,D339_Biop_Nas1_CTTCTCTTCTGAGGGA-1-7,,
deepseek,569,770,1339,512,712,,,DeepSeekBackend,deepseek-v4-flash,1784014364.2442718,stage1_annotation,annotation,28565.0,D322_Biop_Nas1_GGCGACTGTACGAAAT-1-0,,
deepseek,567,592,1159,512,522,,,DeepSeekBackend,deepseek-v4-flash,1784014364.4311984,stage1_annotation,annotation,71776.0,D322_Biop_Nas1_CTGCTGTTCTGTCCGT-1-0,,
deepseek,570,881,1451,512,798,,,DeepSeekBackend,deepseek-v4-flash,1784014364.6307855,stage1_annotation,annotation,76691.0,TGTTCCGCACGTAAGG-1-3,,
deepseek,568,835,1403,512,756,,,DeepSeekBackend,deepseek-v4-flash,1784014364.9464183,stage1_annotation,annotation,33383.0,TATGCCCTCGCATGGC_GRO-01_nasal_brush,,
deepseek,566,667,1233,512,610,,,DeepSeekBackend,deepseek-v4-flash,1784014365.0576596,stage1_annotation,annotation,59189.0,D339_Biop_Nas1_ACGGCCATCGGTCCGA-1-7,,
deepseek,570,1021,1591,512,951,,,DeepSeekBackend,deepseek-v4-flash,1784014365.3731773,stage1_annotation,annotation,4526.0,D322_Biop_Nas1_CAGTAACGTCGGCATC-1-0,,
deepseek,564,784,1348,512,698,,,DeepSeekBackend,deepseek-v4-flash,1784014365.7446663,stage1_annotation,annotation,43486.0,D322_Biop_Nas1_GTTCTCGTCTGACCTC-1-0,,
deepseek,569,457,1026,512,388,,,DeepSeekBackend,deepseek-v4-flash,1784014365.8880334,stage1_annotation,annotation,72975.0,D344_Biop_Nas1_TCAGCAAGTTACGTCA-1-11,,
deepseek,569,724,1293,512,646,,,DeepSeekBackend,deepseek-v4-flash,1784014366.3787317,stage1_annotation,annotation,17651.0,D322_Biop_Nas1_AGAATAGTCCTTGCCA-1-0,,
deepseek,567,694,1261,512,689,,,DeepSeekBackend,deepseek-v4-flash,1784014367.5820053,stage1_annotation,annotation,56651.0,D322_Biop_Nas1_GATTCAGTCACGATGT-1-0,,
deepseek,570,707,1277,512,653,,,DeepSeekBackend,deepseek-v4-flash,1784014368.5377195,stage1_annotation,annotation,28076.0,D322_Biop_Nas1_GTCGGGTTCTGGGCCA-1-0,,
deepseek,568,755,1323,512,696,,,DeepSeekBackend,deepseek-v4-flash,1784014369.6448312,stage1_annotation,annotation,75592.0,D322_Biop_Nas1_GGAAAGCGTCGGGTCT-1-0,,
deepseek,569,891,1460,512,779,,,DeepSeekBackend,deepseek-v4-flash,1784014369.9635887,stage1_annotation,annotation,36886.0,D344_Biop_Nas1_TAGTGGTTCACGAAGG-1-11,,
deepseek,569,1069,1638,512,979,,,DeepSeekBackend,deepseek-v4-flash,1784014371.8279443,stage1_annotation,annotation,11731.0,D322_Biop_Nas1_CGAGCACTCTAACCGA-1-0,,
deepseek,561,2317,2878,512,2232,,,DeepSeekBackend,deepseek-v4-flash,1784014377.9340343,stage1_annotation,annotation,192.0,TGTTCCGCATGAAGTA-1-3,,
deepseek,572,3551,4123,512,3451,,,DeepSeekBackend,deepseek-v4-flash,1784014387.8781655,stage1_annotation,annotation,26039.0,D322_Biop_Nas1_CGGACACAGGGAACGG-1-0,,
deepseek,60,37,97,0,35,,,DeepSeekBackend,deepseek-v4-flash,1784014388.7612975,llm_judge_binary,evaluation,,,4.0,4.0
deepseek,60,28,88,0,26,,,DeepSeekBackend,deepseek-v4-flash,1784014388.7941942,llm_judge_binary,evaluation,,,18.0,18.0
deepseek,60,29,89,0,27,,,DeepSeekBackend,deepseek-v4-flash,1784014388.823586,llm_judge_binary,evaluation,,,19.0,19.0
deepseek,60,42,102,0,40,,,DeepSeekBackend,deepseek-v4-flash,1784014388.8354883,llm_judge_binary,evaluation,,,14.0,14.0
deepseek,60,45,105,0,43,,,DeepSeekBackend,deepseek-v4-flash,1784014388.8420956,llm_judge_binary,evaluation,,,1.0,1.0
deepseek,60,53,113,0,51,,,DeepSeekBackend,deepseek-v4-flash,1784014388.8519754,llm_judge_binary,evaluation,,,17.0,17.0
deepseek,60,45,105,0,43,,,DeepSeekBackend,deepseek-v4-flash,1784014388.883324,llm_judge_binary,evaluation,,,16.0,16.0
deepseek,60,44,104,0,42,,,DeepSeekBackend,deepseek-v4-flash,1784014388.8957133,llm_judge_binary,evaluation,,,15.0,15.0
deepseek,60,33,93,0,31,,,DeepSeekBackend,deepseek-v4-flash,1784014388.94943,llm_judge_binary,evaluation,,,13.0,13.0
deepseek,60,70,130,0,68,,,DeepSeekBackend,deepseek-v4-flash,1784014388.9558218,llm_judge_binary,evaluation,,,9.0,9.0
deepseek,60,35,95,0,33,,,DeepSeekBackend,deepseek-v4-flash,1784014388.9843912,llm_judge_binary,evaluation,,,2.0,2.0
deepseek,60,36,96,0,34,,,DeepSeekBackend,deepseek-v4-flash,1784014389.071104,llm_judge_binary,evaluation,,,5.0,5.0
deepseek,60,38,98,0,36,,,DeepSeekBackend,deepseek-v4-flash,1784014389.0896904,llm_judge_binary,evaluation,,,0.0,0.0
deepseek,60,37,97,0,35,,,DeepSeekBackend,deepseek-v4-flash,1784014389.164371,llm_judge_binary,evaluation,,,10.0,10.0
deepseek,60,65,125,0,63,,,DeepSeekBackend,deepseek-v4-flash,1784014389.1706839,llm_judge_binary,evaluation,,,12.0,12.0
deepseek,60,41,101,0,39,,,DeepSeekBackend,deepseek-v4-flash,1784014389.1775272,llm_judge_binary,evaluation,,,3.0,3.0
deepseek,60,72,132,0,70,,,DeepSeekBackend,deepseek-v4-flash,1784014389.4244428,llm_judge_binary,evaluation,,,6.0,6.0
deepseek,70,45,115,0,43,,,DeepSeekBackend,deepseek-v4-flash,1784014389.7304578,llm_judge_binary,evaluation,,,22.0,22.0
deepseek,70,45,115,0,43,,,DeepSeekBackend,deepseek-v4-flash,1784014389.7746778,llm_judge_binary,evaluation,,,23.0,23.0
deepseek,70,57,127,0,55,,,DeepSeekBackend,deepseek-v4-flash,1784014389.9195495,llm_judge_binary,evaluation,,,20.0,20.0
deepseek,65,60,125,0,58,,,DeepSeekBackend,deepseek-v4-flash,1784014389.955755,llm_judge_binary,evaluation,,,26.0,26.0
deepseek,70,47,117,0,45,,,DeepSeekBackend,deepseek-v4-flash,1784014389.965512,llm_judge_binary,evaluation,,,32.0,32.0
deepseek,66,61,127,0,59,,,DeepSeekBackend,deepseek-v4-flash,1784014390.0066173,llm_judge_binary,evaluation,,,25.0,25.0
deepseek,65,79,144,0,77,,,DeepSeekBackend,deepseek-v4-flash,1784014390.0422683,llm_judge_binary,evaluation,,,24.0,24.0
deepseek,65,59,124,0,57,,,DeepSeekBackend,deepseek-v4-flash,1784014390.048347,llm_judge_binary,evaluation,,,27.0,27.0
deepseek,70,50,120,0,48,,,DeepSeekBackend,deepseek-v4-flash,1784014390.0687897,llm_judge_binary,evaluation,,,30.0,30.0
deepseek,60,155,215,0,153,,,DeepSeekBackend,deepseek-v4-flash,1784014390.07504,llm_judge_binary,evaluation,,,11.0,11.0
deepseek,66,102,168,0,100,,,DeepSeekBackend,deepseek-v4-flash,1784014390.0855544,llm_judge_binary,evaluation,,,21.0,21.0
deepseek,70,56,126,0,54,,,DeepSeekBackend,deepseek-v4-flash,1784014390.1498232,llm_judge_binary,evaluation,,,28.0,28.0
deepseek,60,186,246,0,184,,,DeepSeekBackend,deepseek-v4-flash,1784014390.2987347,llm_judge_binary,evaluation,,,7.0,7.0
deepseek,65,77,142,0,75,,,DeepSeekBackend,deepseek-v4-flash,1784014390.3238626,llm_judge_binary,evaluation,,,31.0,31.0
deepseek,70,48,118,0,46,,,DeepSeekBackend,deepseek-v4-flash,1784014390.3446066,llm_judge_binary,evaluation,,,34.0,34.0
deepseek,60,197,257,0,195,,,DeepSeekBackend,deepseek-v4-flash,1784014390.3859015,llm_judge_binary,evaluation,,,8.0,8.0
deepseek,65,55,120,0,53,,,DeepSeekBackend,deepseek-v4-flash,1784014390.4640088,llm_judge_binary,evaluation,,,35.0,35.0
deepseek,65,77,142,0,75,,,DeepSeekBackend,deepseek-v4-flash,1784014390.506211,llm_judge_binary,evaluation,,,33.0,33.0
deepseek,70,53,123,0,51,,,DeepSeekBackend,deepseek-v4-flash,1784014390.8434708,llm_judge_binary,evaluation,,,37.0,37.0
deepseek,66,88,154,0,86,,,DeepSeekBackend,deepseek-v4-flash,1784014390.8650973,llm_judge_binary,evaluation,,,36.0,36.0
deepseek,66,137,203,0,135,,,DeepSeekBackend,deepseek-v4-flash,1784014390.9319227,llm_judge_binary,evaluation,,,29.0,29.0
deepseek,70,55,125,0,53,,,DeepSeekBackend,deepseek-v4-flash,1784014390.9481473,llm_judge_binary,evaluation,,,38.0,38.0
deepseek,72,55,127,0,53,,,DeepSeekBackend,deepseek-v4-flash,1784014390.9855957,llm_judge_binary,evaluation,,,43.0,43.0
deepseek,72,44,116,0,42,,,DeepSeekBackend,deepseek-v4-flash,1784014391.0962324,llm_judge_binary,evaluation,,,45.0,45.0
deepseek,67,59,126,0,57,,,DeepSeekBackend,deepseek-v4-flash,1784014391.1748607,llm_judge_binary,evaluation,,,41.0,41.0
deepseek,65,86,151,0,84,,,DeepSeekBackend,deepseek-v4-flash,1784014391.300205,llm_judge_binary,evaluation,,,39.0,39.0
deepseek,72,65,137,0,63,,,DeepSeekBackend,deepseek-v4-flash,1784014391.3274302,llm_judge_binary,evaluation,,,49.0,49.0
deepseek,72,66,138,0,64,,,DeepSeekBackend,deepseek-v4-flash,1784014391.414019,llm_judge_binary,evaluation,,,44.0,44.0
deepseek,66,63,129,0,61,,,DeepSeekBackend,deepseek-v4-flash,1784014391.462735,llm_judge_binary,evaluation,,,50.0,50.0
deepseek,66,79,145,0,77,,,DeepSeekBackend,deepseek-v4-flash,1784014391.5200124,llm_judge_binary,evaluation,,,48.0,48.0
deepseek,72,114,186,0,112,,,DeepSeekBackend,deepseek-v4-flash,1784014391.617943,llm_judge_binary,evaluation,,,42.0,42.0
deepseek,72,49,121,0,47,,,DeepSeekBackend,deepseek-v4-flash,1784014391.6241326,llm_judge_binary,evaluation,,,53.0,53.0
deepseek,72,123,195,0,121,,,DeepSeekBackend,deepseek-v4-flash,1784014391.6949801,llm_judge_binary,evaluation,,,40.0,40.0
deepseek,72,49,121,0,47,,,DeepSeekBackend,deepseek-v4-flash,1784014391.7424917,llm_judge_binary,evaluation,,,56.0,56.0
deepseek,66,129,195,0,127,,,DeepSeekBackend,deepseek-v4-flash,1784014391.7488208,llm_judge_binary,evaluation,,,47.0,47.0
deepseek,67,87,154,0,85,,,DeepSeekBackend,deepseek-v4-flash,1784014391.848336,llm_judge_binary,evaluation,,,54.0,54.0
deepseek,72,89,161,0,87,,,DeepSeekBackend,deepseek-v4-flash,1784014391.870074,llm_judge_binary,evaluation,,,51.0,51.0
deepseek,72,59,131,0,57,,,DeepSeekBackend,deepseek-v4-flash,1784014392.017159,llm_judge_binary,evaluation,,,60.0,60.0
deepseek,66,127,193,0,125,,,DeepSeekBackend,deepseek-v4-flash,1784014392.1159356,llm_judge_binary,evaluation,,,52.0,52.0
deepseek,72,56,128,0,54,,,DeepSeekBackend,deepseek-v4-flash,1784014392.2397776,llm_judge_binary,evaluation,,,63.0,63.0
deepseek,72,55,127,0,53,,,DeepSeekBackend,deepseek-v4-flash,1784014392.403468,llm_judge_binary,evaluation,,,61.0,61.0
deepseek,72,101,173,0,99,,,DeepSeekBackend,deepseek-v4-flash,1784014392.4307687,llm_judge_binary,evaluation,,,58.0,58.0
deepseek,66,127,193,0,125,,,DeepSeekBackend,deepseek-v4-flash,1784014392.4607184,llm_judge_binary,evaluation,,,55.0,55.0
deepseek,66,201,267,0,199,,,DeepSeekBackend,deepseek-v4-flash,1784014392.5810928,llm_judge_binary,evaluation,,,46.0,46.0
deepseek,72,59,131,0,57,,,DeepSeekBackend,deepseek-v4-flash,1784014392.6217606,llm_judge_binary,evaluation,,,64.0,64.0
deepseek,72,58,130,0,56,,,DeepSeekBackend,deepseek-v4-flash,1784014392.6935842,llm_judge_binary,evaluation,,,71.0,71.0
deepseek,66,113,179,0,111,,,DeepSeekBackend,deepseek-v4-flash,1784014392.7257805,llm_judge_binary,evaluation,,,62.0,62.0
deepseek,66,129,195,0,127,,,DeepSeekBackend,deepseek-v4-flash,1784014392.7360785,llm_judge_binary,evaluation,,,59.0,59.0
deepseek,72,45,117,0,43,,,DeepSeekBackend,deepseek-v4-flash,1784014392.7546334,llm_judge_binary,evaluation,,,72.0,72.0
deepseek,72,50,122,0,48,,,DeepSeekBackend,deepseek-v4-flash,1784014392.7695947,llm_judge_binary,evaluation,,,68.0,68.0
deepseek,66,111,177,0,109,,,DeepSeekBackend,deepseek-v4-flash,1784014392.8442814,llm_judge_binary,evaluation,,,65.0,65.0
deepseek,72,40,112,0,38,,,DeepSeekBackend,deepseek-v4-flash,1784014392.8517203,llm_judge_binary,evaluation,,,69.0,69.0
deepseek,72,40,112,0,38,,,DeepSeekBackend,deepseek-v4-flash,1784014392.8588405,llm_judge_binary,evaluation,,,73.0,73.0
deepseek,67,64,131,0,62,,,DeepSeekBackend,deepseek-v4-flash,1784014392.8657951,llm_judge_binary,evaluation,,,67.0,67.0
deepseek,67,76,143,0,74,,,DeepSeekBackend,deepseek-v4-flash,1784014392.9056046,llm_judge_binary,evaluation,,,66.0,66.0
deepseek,72,50,122,0,48,,,DeepSeekBackend,deepseek-v4-flash,1784014392.9974957,llm_judge_binary,evaluation,,,70.0,70.0
deepseek,72,52,124,0,50,,,DeepSeekBackend,deepseek-v4-flash,1784014393.3294873,llm_judge_binary,evaluation,,,78.0,78.0
deepseek,72,54,126,0,52,,,DeepSeekBackend,deepseek-v4-flash,1784014393.3878381,llm_judge_binary,evaluation,,,79.0,79.0
deepseek,66,188,254,0,186,,,DeepSeekBackend,deepseek-v4-flash,1784014393.3969681,llm_judge_binary,evaluation,,,57.0,57.0
deepseek,66,68,134,0,66,,,DeepSeekBackend,deepseek-v4-flash,1784014393.452087,llm_judge_binary,evaluation,,,76.0,76.0
deepseek,66,53,119,0,51,,,DeepSeekBackend,deepseek-v4-flash,1784014393.5847647,llm_judge_binary,evaluation,,,80.0,80.0
deepseek,60,43,103,0,41,,,DeepSeekBackend,deepseek-v4-flash,1784014393.6308293,llm_judge_binary,evaluation,,,81.0,81.0
deepseek,72,73,145,0,71,,,DeepSeekBackend,deepseek-v4-flash,1784014393.735501,llm_judge_binary,evaluation,,,77.0,77.0
deepseek,66,132,198,0,130,,,DeepSeekBackend,deepseek-v4-flash,1784014393.7726285,llm_judge_binary,evaluation,,,74.0,74.0
deepseek,61,53,114,0,51,,,DeepSeekBackend,deepseek-v4-flash,1784014393.8844085,llm_judge_binary,evaluation,,,84.0,84.0
deepseek,66,111,177,0,109,,,DeepSeekBackend,deepseek-v4-flash,1784014393.95122,llm_judge_binary,evaluation,,,75.0,75.0
deepseek,66,65,131,0,63,,,DeepSeekBackend,deepseek-v4-flash,1784014394.029494,llm_judge_binary,evaluation,,,83.0,83.0
deepseek,64,116,180,0,114,,,DeepSeekBackend,deepseek-v4-flash,1784014394.38072,llm_judge_binary,evaluation,,,85.0,85.0
deepseek,65,101,166,0,99,,,DeepSeekBackend,deepseek-v4-flash,1784014394.3876505,llm_judge_binary,evaluation,,,92.0,92.0
deepseek,64,79,143,0,77,,,DeepSeekBackend,deepseek-v4-flash,1784014394.405581,llm_judge_binary,evaluation,,,90.0,90.0
deepseek,64,86,150,0,84,,,DeepSeekBackend,deepseek-v4-flash,1784014394.4262393,llm_judge_binary,evaluation,,,89.0,89.0
deepseek,61,62,123,0,60,,,DeepSeekBackend,deepseek-v4-flash,1784014394.4516885,llm_judge_binary,evaluation,,,96.0,96.0
deepseek,66,132,198,0,130,,,DeepSeekBackend,deepseek-v4-flash,1784014394.497149,llm_judge_binary,evaluation,,,82.0,82.0
deepseek,65,144,209,0,142,,,DeepSeekBackend,deepseek-v4-flash,1784014394.7320545,llm_judge_binary,evaluation,,,87.0,87.0
deepseek,64,136,200,0,134,,,DeepSeekBackend,deepseek-v4-flash,1784014394.7578495,llm_judge_binary,evaluation,,,88.0,88.0
deepseek,66,89,155,0,87,,,DeepSeekBackend,deepseek-v4-flash,1784014394.8374398,llm_judge_binary,evaluation,,,95.0,95.0
deepseek,66,89,155,0,87,,,DeepSeekBackend,deepseek-v4-flash,1784014395.105193,llm_judge_binary,evaluation,,,100.0,100.0
deepseek,64,119,183,0,117,,,DeepSeekBackend,deepseek-v4-flash,1784014395.1447644,llm_judge_binary,evaluation,,,93.0,93.0
deepseek,64,209,273,0,207,,,DeepSeekBackend,deepseek-v4-flash,1784014395.1940236,llm_judge_binary,evaluation,,,86.0,86.0
deepseek,64,108,172,0,106,,,DeepSeekBackend,deepseek-v4-flash,1784014395.2391894,llm_judge_binary,evaluation,,,97.0,97.0
deepseek,64,114,178,0,112,,,DeepSeekBackend,deepseek-v4-flash,1784014395.265881,llm_judge_binary,evaluation,,,98.0,98.0
deepseek,64,212,276,0,210,,,DeepSeekBackend,deepseek-v4-flash,1784014395.376523,llm_judge_binary,evaluation,,,91.0,91.0
deepseek,67,64,131,0,62,,,DeepSeekBackend,deepseek-v4-flash,1784014395.5719419,llm_judge_binary,evaluation,,,105.0,105.0
deepseek,67,62,129,0,60,,,DeepSeekBackend,deepseek-v4-flash,1784014395.578695,llm_judge_binary,evaluation,,,107.0,107.0
deepseek,64,142,206,0,140,,,DeepSeekBackend,deepseek-v4-flash,1784014395.75657,llm_judge_binary,evaluation,,,101.0,101.0
deepseek,67,76,143,0,74,,,DeepSeekBackend,deepseek-v4-flash,1784014395.7850418,llm_judge_binary,evaluation,,,108.0,108.0
deepseek,67,105,172,0,103,,,DeepSeekBackend,deepseek-v4-flash,1784014395.808949,llm_judge_binary,evaluation,,,106.0,106.0
deepseek,68,76,144,0,74,,,DeepSeekBackend,deepseek-v4-flash,1784014395.87949,llm_judge_binary,evaluation,,,111.0,111.0
deepseek,64,112,176,0,110,,,DeepSeekBackend,deepseek-v4-flash,1784014396.0622995,llm_judge_binary,evaluation,,,104.0,104.0
deepseek,66,51,117,0,49,,,DeepSeekBackend,deepseek-v4-flash,1784014396.1940055,llm_judge_binary,evaluation,,,114.0,114.0
deepseek,66,95,161,0,93,,,DeepSeekBackend,deepseek-v4-flash,1784014396.3261943,llm_judge_binary,evaluation,,,112.0,112.0
deepseek,67,97,164,0,95,,,DeepSeekBackend,deepseek-v4-flash,1784014396.3804834,llm_judge_binary,evaluation,,,110.0,110.0
deepseek,64,266,330,0,264,,,DeepSeekBackend,deepseek-v4-flash,1784014396.4061916,llm_judge_binary,evaluation,,,94.0,94.0
deepseek,60,43,103,0,41,,,DeepSeekBackend,deepseek-v4-flash,1784014396.4538212,llm_judge_binary,evaluation,,,120.0,120.0
deepseek,67,72,139,0,70,,,DeepSeekBackend,deepseek-v4-flash,1784014396.4664764,llm_judge_binary,evaluation,,,116.0,116.0
deepseek,64,222,286,0,220,,,DeepSeekBackend,deepseek-v4-flash,1784014396.478594,llm_judge_binary,evaluation,,,99.0,99.0
deepseek,66,89,155,0,87,,,DeepSeekBackend,deepseek-v4-flash,1784014396.5906143,llm_judge_binary,evaluation,,,118.0,118.0
deepseek,66,96,162,0,94,,,DeepSeekBackend,deepseek-v4-flash,1784014396.6603384,llm_judge_binary,evaluation,,,113.0,113.0
deepseek,63,85,148,0,83,,,DeepSeekBackend,deepseek-v4-flash,1784014396.6817036,llm_judge_binary,evaluation,,,117.0,117.0
deepseek,67,111,178,0,109,,,DeepSeekBackend,deepseek-v4-flash,1784014396.8029642,llm_judge_binary,evaluation,,,115.0,115.0
deepseek,63,81,144,0,79,,,DeepSeekBackend,deepseek-v4-flash,1784014396.8234985,llm_judge_binary,evaluation,,,119.0,119.0
deepseek,63,72,135,0,70,,,DeepSeekBackend,deepseek-v4-flash,1784014396.8728733,llm_judge_binary,evaluation,,,121.0,121.0
deepseek,60,44,104,0,42,,,DeepSeekBackend,deepseek-v4-flash,1784014396.9220765,llm_judge_binary,evaluation,,,124.0,124.0
deepseek,64,75,139,0,73,,,DeepSeekBackend,deepseek-v4-flash,1784014396.9292037,llm_judge_binary,evaluation,,,122.0,122.0
deepseek,65,84,149,0,82,,,DeepSeekBackend,deepseek-v4-flash,1784014397.031378,llm_judge_binary,evaluation,,,123.0,123.0
deepseek,64,320,384,0,318,,,DeepSeekBackend,deepseek-v4-flash,1784014397.191518,llm_judge_binary,evaluation,,,103.0,103.0
deepseek,67,235,302,0,233,,,DeepSeekBackend,deepseek-v4-flash,1784014397.2508972,llm_judge_binary,evaluation,,,109.0,109.0
deepseek,60,46,106,0,44,,,DeepSeekBackend,deepseek-v4-flash,1784014397.3001025,llm_judge_binary,evaluation,,,127.0,127.0
deepseek,65,74,139,0,72,,,DeepSeekBackend,deepseek-v4-flash,1784014397.3158357,llm_judge_binary,evaluation,,,125.0,125.0
deepseek,60,34,94,0,32,,,DeepSeekBackend,deepseek-v4-flash,1784014397.5103807,llm_judge_binary,evaluation,,,130.0,130.0
deepseek,60,61,121,0,59,,,DeepSeekBackend,deepseek-v4-flash,1784014397.5614827,llm_judge_binary,evaluation,,,132.0,132.0
deepseek,64,86,150,0,84,,,DeepSeekBackend,deepseek-v4-flash,1784014397.5688648,llm_judge_binary,evaluation,,,129.0,129.0
deepseek,64,63,127,0,61,,,DeepSeekBackend,deepseek-v4-flash,1784014397.5763683,llm_judge_binary,evaluation,,,131.0,131.0
deepseek,60,41,101,0,39,,,DeepSeekBackend,deepseek-v4-flash,1784014397.5989223,llm_judge_binary,evaluation,,,134.0,134.0
deepseek,65,74,139,0,72,,,DeepSeekBackend,deepseek-v4-flash,1784014397.6054235,llm_judge_binary,evaluation,,,128.0,128.0
deepseek,65,79,144,0,77,,,DeepSeekBackend,deepseek-v4-flash,1784014397.6358726,llm_judge_binary,evaluation,,,133.0,133.0
deepseek,64,369,433,0,367,,,DeepSeekBackend,deepseek-v4-flash,1784014397.8461018,llm_judge_binary,evaluation,,,102.0,102.0
deepseek,60,65,125,0,63,,,DeepSeekBackend,deepseek-v4-flash,1784014397.8823028,llm_judge_binary,evaluation,,,135.0,135.0
deepseek,63,63,126,0,61,,,DeepSeekBackend,deepseek-v4-flash,1784014397.9087765,llm_judge_binary,evaluation,,,137.0,137.0
deepseek,64,84,148,0,82,,,DeepSeekBackend,deepseek-v4-flash,1784014398.244583,llm_judge_binary,evaluation,,,140.0,140.0
deepseek,63,75,138,0,73,,,DeepSeekBackend,deepseek-v4-flash,1784014398.2507706,llm_judge_binary,evaluation,,,136.0,136.0
deepseek,68,52,120,0,50,,,DeepSeekBackend,deepseek-v4-flash,1784014398.258894,llm_judge_binary,evaluation,,,142.0,142.0
deepseek,68,49,117,0,47,,,DeepSeekBackend,deepseek-v4-flash,1784014398.325536,llm_judge_binary,evaluation,,,143.0,143.0
deepseek,68,83,151,0,81,,,DeepSeekBackend,deepseek-v4-flash,1784014398.3320184,llm_judge_binary,evaluation,,,141.0,141.0
deepseek,68,45,113,0,43,,,DeepSeekBackend,deepseek-v4-flash,1784014398.3435225,llm_judge_binary,evaluation,,,144.0,144.0
deepseek,68,43,111,0,41,,,DeepSeekBackend,deepseek-v4-flash,1784014398.416307,llm_judge_binary,evaluation,,,147.0,147.0
deepseek,68,42,110,0,40,,,DeepSeekBackend,deepseek-v4-flash,1784014398.5044088,llm_judge_binary,evaluation,,,146.0,146.0
deepseek,68,45,113,0,43,,,DeepSeekBackend,deepseek-v4-flash,1784014398.5274222,llm_judge_binary,evaluation,,,149.0,149.0
deepseek,68,41,109,0,39,,,DeepSeekBackend,deepseek-v4-flash,1784014398.7048116,llm_judge_binary,evaluation,,,150.0,150.0
deepseek,68,40,108,0,38,,,DeepSeekBackend,deepseek-v4-flash,1784014398.713251,llm_judge_binary,evaluation,,,151.0,151.0
deepseek,68,51,119,0,49,,,DeepSeekBackend,deepseek-v4-flash,1784014398.7617679,llm_judge_binary,evaluation,,,148.0,148.0
deepseek,68,60,128,0,58,,,DeepSeekBackend,deepseek-v4-flash,1784014398.8036242,llm_judge_binary,evaluation,,,153.0,153.0
deepseek,68,39,107,0,37,,,DeepSeekBackend,deepseek-v4-flash,1784014398.9038618,llm_judge_binary,evaluation,,,154.0,154.0
deepseek,68,70,138,0,68,,,DeepSeekBackend,deepseek-v4-flash,1784014399.0435252,llm_judge_binary,evaluation,,,152.0,152.0
deepseek,68,42,110,0,40,,,DeepSeekBackend,deepseek-v4-flash,1784014399.0603595,llm_judge_binary,evaluation,,,156.0,156.0
deepseek,68,51,119,0,49,,,DeepSeekBackend,deepseek-v4-flash,1784014399.1164508,llm_judge_binary,evaluation,,,155.0,155.0
deepseek,68,45,113,0,43,,,DeepSeekBackend,deepseek-v4-flash,1784014399.2274907,llm_judge_binary,evaluation,,,157.0,157.0
deepseek,60,245,305,0,243,,,DeepSeekBackend,deepseek-v4-flash,1784014399.271698,llm_judge_binary,evaluation,,,126.0,126.0
deepseek,68,50,118,0,48,,,DeepSeekBackend,deepseek-v4-flash,1784014399.3105536,llm_judge_binary,evaluation,,,160.0,160.0
deepseek,68,37,105,0,35,,,DeepSeekBackend,deepseek-v4-flash,1784014399.3170314,llm_judge_binary,evaluation,,,159.0,159.0
deepseek,68,217,285,0,215,,,DeepSeekBackend,deepseek-v4-flash,1784014399.398896,llm_judge_binary,evaluation,,,139.0,139.0
deepseek,68,47,115,0,45,,,DeepSeekBackend,deepseek-v4-flash,1784014399.44096,llm_judge_binary,evaluation,,,158.0,158.0
deepseek,67,80,147,0,78,,,DeepSeekBackend,deepseek-v4-flash,1784014399.8410378,llm_judge_binary,evaluation,,,163.0,163.0
deepseek,72,46,118,0,44,,,DeepSeekBackend,deepseek-v4-flash,1784014399.9538505,llm_judge_binary,evaluation,,,170.0,170.0
deepseek,67,86,153,0,84,,,DeepSeekBackend,deepseek-v4-flash,1784014399.9609797,llm_judge_binary,evaluation,,,162.0,162.0
deepseek,67,74,141,0,72,,,DeepSeekBackend,deepseek-v4-flash,1784014399.9704144,llm_judge_binary,evaluation,,,164.0,164.0
deepseek,72,47,119,0,45,,,DeepSeekBackend,deepseek-v4-flash,1784014399.9941967,llm_judge_binary,evaluation,,,165.0,165.0
deepseek,67,75,142,0,73,,,DeepSeekBackend,deepseek-v4-flash,1784014400.0806208,llm_judge_binary,evaluation,,,167.0,167.0
deepseek,67,144,211,0,142,,,DeepSeekBackend,deepseek-v4-flash,1784014400.1021361,llm_judge_binary,evaluation,,,161.0,161.0
deepseek,67,89,156,0,87,,,DeepSeekBackend,deepseek-v4-flash,1784014400.1812713,llm_judge_binary,evaluation,,,169.0,169.0
deepseek,66,69,135,0,67,,,DeepSeekBackend,deepseek-v4-flash,1784014400.2706912,llm_judge_binary,evaluation,,,172.0,172.0
deepseek,66,98,164,0,96,,,DeepSeekBackend,deepseek-v4-flash,1784014400.3478472,llm_judge_binary,evaluation,,,171.0,171.0
deepseek,67,66,133,0,64,,,DeepSeekBackend,deepseek-v4-flash,1784014400.3838696,llm_judge_binary,evaluation,,,175.0,175.0
deepseek,72,113,185,0,111,,,DeepSeekBackend,deepseek-v4-flash,1784014400.462145,llm_judge_binary,evaluation,,,168.0,168.0
deepseek,67,92,159,0,90,,,DeepSeekBackend,deepseek-v4-flash,1784014400.5176182,llm_judge_binary,evaluation,,,173.0,173.0
deepseek,66,71,137,0,69,,,DeepSeekBackend,deepseek-v4-flash,1784014400.5243018,llm_judge_binary,evaluation,,,178.0,178.0
deepseek,67,94,161,0,92,,,DeepSeekBackend,deepseek-v4-flash,1784014400.6294377,llm_judge_binary,evaluation,,,176.0,176.0
deepseek,66,87,153,0,85,,,DeepSeekBackend,deepseek-v4-flash,1784014400.7072334,llm_judge_binary,evaluation,,,177.0,177.0
deepseek,67,92,159,0,90,,,DeepSeekBackend,deepseek-v4-flash,1784014400.7995868,llm_judge_binary,evaluation,,,174.0,174.0
deepseek,67,287,354,0,285,,,DeepSeekBackend,deepseek-v4-flash,1784014400.806555,llm_judge_binary,evaluation,,,145.0,145.0
deepseek,69,176,245,0,174,,,DeepSeekBackend,deepseek-v4-flash,1784014400.8475513,llm_judge_binary,evaluation,,,166.0,166.0
deepseek,62,36,98,0,34,,,DeepSeekBackend,deepseek-v4-flash,1784014400.8543777,llm_judge_binary,evaluation,,,181.0,181.0
deepseek,62,33,95,0,31,,,DeepSeekBackend,deepseek-v4-flash,1784014400.915924,llm_judge_binary,evaluation,,,184.0,184.0
deepseek,62,42,104,0,40,,,DeepSeekBackend,deepseek-v4-flash,1784014400.9478319,llm_judge_binary,evaluation,,,182.0,182.0
deepseek,62,45,107,0,43,,,DeepSeekBackend,deepseek-v4-flash,1784014400.966792,llm_judge_binary,evaluation,,,183.0,183.0
deepseek,68,362,430,0,360,,,DeepSeekBackend,deepseek-v4-flash,1784014401.0870736,llm_judge_binary,evaluation,,,138.0,138.0
deepseek,62,48,110,0,46,,,DeepSeekBackend,deepseek-v4-flash,1784014401.1660628,llm_judge_binary,evaluation,,,187.0,187.0
deepseek,62,48,110,0,46,,,DeepSeekBackend,deepseek-v4-flash,1784014401.2159328,llm_judge_binary,evaluation,,,185.0,185.0
deepseek,67,83,150,0,81,,,DeepSeekBackend,deepseek-v4-flash,1784014401.2235277,llm_judge_binary,evaluation,,,180.0,180.0
deepseek,62,44,106,0,42,,,DeepSeekBackend,deepseek-v4-flash,1784014401.2716236,llm_judge_binary,evaluation,,,186.0,186.0
deepseek,62,35,97,0,33,,,DeepSeekBackend,deepseek-v4-flash,1784014401.2805588,llm_judge_binary,evaluation,,,188.0,188.0
deepseek,67,120,187,0,118,,,DeepSeekBackend,deepseek-v4-flash,1784014401.416869,llm_judge_binary,evaluation,,,179.0,179.0
deepseek,62,33,95,0,31,,,DeepSeekBackend,deepseek-v4-flash,1784014401.4728572,llm_judge_binary,evaluation,,,190.0,190.0
deepseek,62,34,96,0,32,,,DeepSeekBackend,deepseek-v4-flash,1784014401.4921465,llm_judge_binary,evaluation,,,192.0,192.0
deepseek,62,36,98,0,34,,,DeepSeekBackend,deepseek-v4-flash,1784014401.5339682,llm_judge_binary,evaluation,,,191.0,191.0
deepseek,62,46,108,0,44,,,DeepSeekBackend,deepseek-v4-flash,1784014401.6659389,llm_judge_binary,evaluation,,,189.0,189.0
deepseek,62,37,99,0,35,,,DeepSeekBackend,deepseek-v4-flash,1784014401.750649,llm_judge_binary,evaluation,,,193.0,193.0
deepseek,62,37,99,0,35,,,DeepSeekBackend,deepseek-v4-flash,1784014401.7561302,llm_judge_binary,evaluation,,,199.0,199.0
deepseek,62,40,102,0,38,,,DeepSeekBackend,deepseek-v4-flash,1784014401.9155273,llm_judge_binary,evaluation,,,196.0,196.0
deepseek,62,34,96,0,32,,,DeepSeekBackend,deepseek-v4-flash,1784014401.9324179,llm_judge_binary,evaluation,,,200.0,200.0
deepseek,62,41,103,0,39,,,DeepSeekBackend,deepseek-v4-flash,1784014402.0269277,llm_judge_binary,evaluation,,,197.0,197.0
deepseek,62,45,107,0,43,,,DeepSeekBackend,deepseek-v4-flash,1784014402.0335407,llm_judge_binary,evaluation,,,195.0,195.0
deepseek,61,62,123,0,60,,,DeepSeekBackend,deepseek-v4-flash,1784014402.0401533,llm_judge_binary,evaluation,,,201.0,201.0
deepseek,62,44,106,0,42,,,DeepSeekBackend,deepseek-v4-flash,1784014402.081275,llm_judge_binary,evaluation,,,198.0,198.0
deepseek,60,38,98,0,36,,,DeepSeekBackend,deepseek-v4-flash,1784014402.142143,llm_judge_binary,evaluation,,,203.0,203.0
deepseek,63,71,134,0,69,,,DeepSeekBackend,deepseek-v4-flash,1784014402.33224,llm_judge_binary,evaluation,,,205.0,205.0
deepseek,61,66,127,0,64,,,DeepSeekBackend,deepseek-v4-flash,1784014402.438324,llm_judge_binary,evaluation,,,204.0,204.0
deepseek,60,39,99,0,37,,,DeepSeekBackend,deepseek-v4-flash,1784014402.479426,llm_judge_binary,evaluation,,,208.0,208.0
deepseek,60,70,130,0,68,,,DeepSeekBackend,deepseek-v4-flash,1784014402.5273232,llm_judge_binary,evaluation,,,206.0,206.0
deepseek,61,119,180,0,117,,,DeepSeekBackend,deepseek-v4-flash,1784014402.5693367,llm_judge_binary,evaluation,,,194.0,194.0
deepseek,61,78,139,0,76,,,DeepSeekBackend,deepseek-v4-flash,1784014402.6685052,llm_judge_binary,evaluation,,,211.0,211.0
deepseek,61,98,159,0,96,,,DeepSeekBackend,deepseek-v4-flash,1784014402.6821144,llm_judge_binary,evaluation,,,202.0,202.0
deepseek,60,37,97,0,35,,,DeepSeekBackend,deepseek-v4-flash,1784014402.8046086,llm_judge_binary,evaluation,,,214.0,214.0
deepseek,63,79,142,0,77,,,DeepSeekBackend,deepseek-v4-flash,1784014402.818438,llm_judge_binary,evaluation,,,209.0,209.0
deepseek,61,76,137,0,74,,,DeepSeekBackend,deepseek-v4-flash,1784014402.8312669,llm_judge_binary,evaluation,,,207.0,207.0
deepseek,64,68,132,0,66,,,DeepSeekBackend,deepseek-v4-flash,1784014402.8375657,llm_judge_binary,evaluation,,,210.0,210.0
deepseek,60,34,94,0,32,,,DeepSeekBackend,deepseek-v4-flash,1784014403.0435374,llm_judge_binary,evaluation,,,220.0,220.0
deepseek,63,76,139,0,74,,,DeepSeekBackend,deepseek-v4-flash,1784014403.050385,llm_judge_binary,evaluation,,,212.0,212.0
deepseek,62,34,96,0,32,,,DeepSeekBackend,deepseek-v4-flash,1784014403.3031032,llm_judge_binary,evaluation,,,221.0,221.0
deepseek,63,65,128,0,63,,,DeepSeekBackend,deepseek-v4-flash,1784014403.3301964,llm_judge_binary,evaluation,,,218.0,218.0
deepseek,61,77,138,0,75,,,DeepSeekBackend,deepseek-v4-flash,1784014403.4322634,llm_judge_binary,evaluation,,,216.0,216.0
deepseek,65,66,131,0,64,,,DeepSeekBackend,deepseek-v4-flash,1784014403.4397645,llm_judge_binary,evaluation,,,217.0,217.0
deepseek,62,37,99,0,35,,,DeepSeekBackend,deepseek-v4-flash,1784014403.4686272,llm_judge_binary,evaluation,,,223.0,223.0
deepseek,62,34,96,0,32,,,DeepSeekBackend,deepseek-v4-flash,1784014403.4762628,llm_judge_binary,evaluation,,,227.0,227.0
deepseek,63,80,143,0,78,,,DeepSeekBackend,deepseek-v4-flash,1784014403.4953578,llm_judge_binary,evaluation,,,219.0,219.0
deepseek,66,60,126,0,58,,,DeepSeekBackend,deepseek-v4-flash,1784014403.5351315,llm_judge_binary,evaluation,,,222.0,222.0
deepseek,62,36,98,0,34,,,DeepSeekBackend,deepseek-v4-flash,1784014403.6032228,llm_judge_binary,evaluation,,,225.0,225.0
deepseek,63,136,199,0,134,,,DeepSeekBackend,deepseek-v4-flash,1784014403.7852778,llm_judge_binary,evaluation,,,215.0,215.0
deepseek,64,151,215,0,149,,,DeepSeekBackend,deepseek-v4-flash,1784014403.7921038,llm_judge_binary,evaluation,,,213.0,213.0
deepseek,60,33,93,0,31,,,DeepSeekBackend,deepseek-v4-flash,1784014403.808469,llm_judge_binary,evaluation,,,229.0,229.0
deepseek,65,61,126,0,59,,,DeepSeekBackend,deepseek-v4-flash,1784014403.8302956,llm_judge_binary,evaluation,,,232.0,232.0
deepseek,60,35,95,0,33,,,DeepSeekBackend,deepseek-v4-flash,1784014403.921373,llm_judge_binary,evaluation,,,231.0,231.0
deepseek,66,106,172,0,104,,,DeepSeekBackend,deepseek-v4-flash,1784014403.957665,llm_judge_binary,evaluation,,,224.0,224.0
deepseek,60,65,125,0,63,,,DeepSeekBackend,deepseek-v4-flash,1784014404.0824811,llm_judge_binary,evaluation,,,230.0,230.0
deepseek,60,38,98,0,36,,,DeepSeekBackend,deepseek-v4-flash,1784014404.1052244,llm_judge_binary,evaluation,,,233.0,233.0
deepseek,65,109,174,0,107,,,DeepSeekBackend,deepseek-v4-flash,1784014404.1249175,llm_judge_binary,evaluation,,,228.0,228.0
deepseek,66,112,178,0,110,,,DeepSeekBackend,deepseek-v4-flash,1784014404.1728568,llm_judge_binary,evaluation,,,226.0,226.0
deepseek,65,49,114,0,47,,,DeepSeekBackend,deepseek-v4-flash,1784014404.3251123,llm_judge_binary,evaluation,,,235.0,235.0
deepseek,65,74,139,0,72,,,DeepSeekBackend,deepseek-v4-flash,1784014404.5165834,llm_judge_binary,evaluation,,,237.0,237.0
deepseek,65,101,166,0,99,,,DeepSeekBackend,deepseek-v4-flash,1784014404.6042786,llm_judge_binary,evaluation,,,234.0,234.0
deepseek,60,64,124,0,62,,,DeepSeekBackend,deepseek-v4-flash,1784014404.6114542,llm_judge_binary,evaluation,,,241.0,241.0
deepseek,60,86,146,0,84,,,DeepSeekBackend,deepseek-v4-flash,1784014404.6312346,llm_judge_binary,evaluation,,,238.0,238.0
deepseek,64,41,105,0,39,,,DeepSeekBackend,deepseek-v4-flash,1784014404.6562264,llm_judge_binary,evaluation,,,245.0,245.0
deepseek,60,85,145,0,83,,,DeepSeekBackend,deepseek-v4-flash,1784014404.6814969,llm_judge_binary,evaluation,,,239.0,239.0
deepseek,65,108,173,0,106,,,DeepSeekBackend,deepseek-v4-flash,1784014404.8390617,llm_judge_binary,evaluation,,,236.0,236.0
deepseek,61,68,129,0,66,,,DeepSeekBackend,deepseek-v4-flash,1784014404.8921032,llm_judge_binary,evaluation,,,246.0,246.0
deepseek,62,72,134,0,70,,,DeepSeekBackend,deepseek-v4-flash,1784014404.9459293,llm_judge_binary,evaluation,,,240.0,240.0
deepseek,60,63,123,0,61,,,DeepSeekBackend,deepseek-v4-flash,1784014404.9589908,llm_judge_binary,evaluation,,,247.0,247.0
deepseek,61,62,123,0,60,,,DeepSeekBackend,deepseek-v4-flash,1784014405.19695,llm_judge_binary,evaluation,,,250.0,250.0
deepseek,60,73,133,0,71,,,DeepSeekBackend,deepseek-v4-flash,1784014405.254433,llm_judge_binary,evaluation,,,244.0,244.0
deepseek,60,102,162,0,100,,,DeepSeekBackend,deepseek-v4-flash,1784014405.28221,llm_judge_binary,evaluation,,,242.0,242.0
deepseek,60,122,182,0,120,,,DeepSeekBackend,deepseek-v4-flash,1784014405.328469,llm_judge_binary,evaluation,,,243.0,243.0
deepseek,60,89,149,0,87,,,DeepSeekBackend,deepseek-v4-flash,1784014405.362583,llm_judge_binary,evaluation,,,249.0,249.0
deepseek,60,102,162,0,100,,,DeepSeekBackend,deepseek-v4-flash,1784014405.463497,llm_judge_binary,evaluation,,,248.0,248.0
deepseek,60,34,94,0,32,,,DeepSeekBackend,deepseek-v4-flash,1784014405.521576,llm_judge_binary,evaluation,,,257.0,257.0
deepseek,61,72,133,0,70,,,DeepSeekBackend,deepseek-v4-flash,1784014405.6040738,llm_judge_binary,evaluation,,,252.0,252.0
deepseek,60,77,137,0,75,,,DeepSeekBackend,deepseek-v4-flash,1784014405.6667082,llm_judge_binary,evaluation,,,253.0,253.0
deepseek,60,136,196,0,134,,,DeepSeekBackend,deepseek-v4-flash,1784014405.784277,llm_judge_binary,evaluation,,,251.0,251.0
deepseek,60,67,127,0,65,,,DeepSeekBackend,deepseek-v4-flash,1784014405.8310354,llm_judge_binary,evaluation,,,254.0,254.0
deepseek,66,41,107,0,39,,,DeepSeekBackend,deepseek-v4-flash,1784014405.8376043,llm_judge_binary,evaluation,,,260.0,260.0
deepseek,60,40,100,0,38,,,DeepSeekBackend,deepseek-v4-flash,1784014405.887242,llm_judge_binary,evaluation,,,264.0,264.0
deepseek,60,82,142,0,80,,,DeepSeekBackend,deepseek-v4-flash,1784014405.9647658,llm_judge_binary,evaluation,,,255.0,255.0
deepseek,67,78,145,0,76,,,DeepSeekBackend,deepseek-v4-flash,1784014405.9718966,llm_judge_binary,evaluation,,,259.0,259.0
deepseek,66,47,113,0,45,,,DeepSeekBackend,deepseek-v4-flash,1784014406.0221074,llm_judge_binary,evaluation,,,261.0,261.0
deepseek,64,63,127,0,61,,,DeepSeekBackend,deepseek-v4-flash,1784014406.0397463,llm_judge_binary,evaluation,,,262.0,262.0
deepseek,60,77,137,0,75,,,DeepSeekBackend,deepseek-v4-flash,1784014406.0934281,llm_judge_binary,evaluation,,,256.0,256.0
deepseek,60,92,152,0,90,,,DeepSeekBackend,deepseek-v4-flash,1784014406.1503403,llm_judge_binary,evaluation,,,258.0,258.0
deepseek,60,42,102,0,40,,,DeepSeekBackend,deepseek-v4-flash,1784014406.2381685,llm_judge_binary,evaluation,,,269.0,269.0
deepseek,60,32,92,0,30,,,DeepSeekBackend,deepseek-v4-flash,1784014406.3265479,llm_judge_binary,evaluation,,,268.0,268.0
deepseek,60,35,95,0,33,,,DeepSeekBackend,deepseek-v4-flash,1784014406.3404,llm_judge_binary,evaluation,,,270.0,270.0
deepseek,68,79,147,0,77,,,DeepSeekBackend,deepseek-v4-flash,1784014406.3506474,llm_judge_binary,evaluation,,,263.0,263.0
deepseek,60,39,99,0,37,,,DeepSeekBackend,deepseek-v4-flash,1784014406.3614433,llm_judge_binary,evaluation,,,266.0,266.0
deepseek,60,42,102,0,40,,,DeepSeekBackend,deepseek-v4-flash,1784014406.4257812,llm_judge_binary,evaluation,,,265.0,265.0
deepseek,60,33,93,0,31,,,DeepSeekBackend,deepseek-v4-flash,1784014406.436639,llm_judge_binary,evaluation,,,267.0,267.0
deepseek,60,39,99,0,37,,,DeepSeekBackend,deepseek-v4-flash,1784014406.4501266,llm_judge_binary,evaluation,,,272.0,272.0
deepseek,60,47,107,0,45,,,DeepSeekBackend,deepseek-v4-flash,1784014406.5888026,llm_judge_binary,evaluation,,,273.0,273.0
deepseek,60,35,95,0,33,,,DeepSeekBackend,deepseek-v4-flash,1784014406.6427586,llm_judge_binary,evaluation,,,274.0,274.0
deepseek,60,35,95,0,33,,,DeepSeekBackend,deepseek-v4-flash,1784014406.6660683,llm_judge_binary,evaluation,,,271.0,271.0
deepseek,60,32,92,0,30,,,DeepSeekBackend,deepseek-v4-flash,1784014406.7688866,llm_judge_binary,evaluation,,,275.0,275.0
deepseek,60,38,98,0,36,,,DeepSeekBackend,deepseek-v4-flash,1784014406.7825687,llm_judge_binary,evaluation,,,277.0,277.0
deepseek,60,46,106,0,44,,,DeepSeekBackend,deepseek-v4-flash,1784014406.7890384,llm_judge_binary,evaluation,,,276.0,276.0
deepseek,60,41,101,0,39,,,DeepSeekBackend,deepseek-v4-flash,1784014407.0954483,llm_judge_binary,evaluation,,,278.0,278.0
deepseek,60,33,93,0,31,,,DeepSeekBackend,deepseek-v4-flash,1784014407.1370213,llm_judge_binary,evaluation,,,281.0,281.0
deepseek,60,35,95,0,33,,,DeepSeekBackend,deepseek-v4-flash,1784014407.1630652,llm_judge_binary,evaluation,,,280.0,280.0
deepseek,65,52,117,0,50,,,DeepSeekBackend,deepseek-v4-flash,1784014407.3142056,llm_judge_binary,evaluation,,,285.0,285.0
deepseek,60,47,107,0,45,,,DeepSeekBackend,deepseek-v4-flash,1784014407.3212757,llm_judge_binary,evaluation,,,282.0,282.0
deepseek,64,63,127,0,61,,,DeepSeekBackend,deepseek-v4-flash,1784014407.422335,llm_judge_binary,evaluation,,,283.0,283.0
deepseek,63,78,141,0,76,,,DeepSeekBackend,deepseek-v4-flash,1784014407.4291058,llm_judge_binary,evaluation,,,279.0,279.0
deepseek,60,76,136,0,74,,,DeepSeekBackend,deepseek-v4-flash,1784014407.6363308,llm_judge_binary,evaluation,,,284.0,284.0
deepseek,60,76,136,0,74,,,DeepSeekBackend,deepseek-v4-flash,1784014407.6428392,llm_judge_binary,evaluation,,,286.0,286.0
deepseek,60,59,119,0,57,,,DeepSeekBackend,deepseek-v4-flash,1784014407.6896677,llm_judge_binary,evaluation,,,288.0,288.0
deepseek,62,46,108,0,44,,,DeepSeekBackend,deepseek-v4-flash,1784014407.9749832,llm_judge_binary,evaluation,,,297.0,297.0
deepseek,60,65,125,0,63,,,DeepSeekBackend,deepseek-v4-flash,1784014408.0120797,llm_judge_binary,evaluation,,,293.0,293.0
deepseek,65,86,151,0,84,,,DeepSeekBackend,deepseek-v4-flash,1784014408.0896053,llm_judge_binary,evaluation,,,292.0,292.0
deepseek,60,37,97,0,35,,,DeepSeekBackend,deepseek-v4-flash,1784014408.108014,llm_judge_binary,evaluation,,,300.0,300.0
deepseek,61,74,135,0,72,,,DeepSeekBackend,deepseek-v4-flash,1784014408.113948,llm_judge_binary,evaluation,,,294.0,294.0
deepseek,60,37,97,0,35,,,DeepSeekBackend,deepseek-v4-flash,1784014408.1867678,llm_judge_binary,evaluation,,,299.0,299.0
deepseek,60,129,189,0,127,,,DeepSeekBackend,deepseek-v4-flash,1784014408.2934687,llm_judge_binary,evaluation,,,287.0,287.0
deepseek,60,38,98,0,36,,,DeepSeekBackend,deepseek-v4-flash,1784014408.353892,llm_judge_binary,evaluation,,,302.0,302.0
deepseek,60,120,180,0,118,,,DeepSeekBackend,deepseek-v4-flash,1784014408.379213,llm_judge_binary,evaluation,,,291.0,291.0
deepseek,60,37,97,0,35,,,DeepSeekBackend,deepseek-v4-flash,1784014408.4000905,llm_judge_binary,evaluation,,,301.0,301.0
deepseek,60,144,204,0,142,,,DeepSeekBackend,deepseek-v4-flash,1784014408.4072685,llm_judge_binary,evaluation,,,290.0,290.0
deepseek,60,44,104,0,42,,,DeepSeekBackend,deepseek-v4-flash,1784014408.5340507,llm_judge_binary,evaluation,,,303.0,303.0
deepseek,60,78,138,0,76,,,DeepSeekBackend,deepseek-v4-flash,1784014408.557233,llm_judge_binary,evaluation,,,298.0,298.0
deepseek,60,105,165,0,103,,,DeepSeekBackend,deepseek-v4-flash,1784014408.5682752,llm_judge_binary,evaluation,,,295.0,295.0
deepseek,60,55,115,0,53,,,DeepSeekBackend,deepseek-v4-flash,1784014408.5752864,llm_judge_binary,evaluation,,,304.0,304.0
deepseek,60,31,91,0,29,,,DeepSeekBackend,deepseek-v4-flash,1784014408.6479511,llm_judge_binary,evaluation,,,305.0,305.0
deepseek,60,34,94,0,32,,,DeepSeekBackend,deepseek-v4-flash,1784014408.732676,llm_judge_binary,evaluation,,,306.0,306.0
deepseek,60,119,179,0,117,,,DeepSeekBackend,deepseek-v4-flash,1784014408.764234,llm_judge_binary,evaluation,,,296.0,296.0
deepseek,60,35,95,0,33,,,DeepSeekBackend,deepseek-v4-flash,1784014408.803972,llm_judge_binary,evaluation,,,307.0,307.0
deepseek,60,178,238,0,176,,,DeepSeekBackend,deepseek-v4-flash,1784014408.9702168,llm_judge_binary,evaluation,,,289.0,289.0
deepseek,60,38,98,0,36,,,DeepSeekBackend,deepseek-v4-flash,1784014409.0242157,llm_judge_binary,evaluation,,,308.0,308.0
deepseek,60,35,95,0,33,,,DeepSeekBackend,deepseek-v4-flash,1784014409.1441767,llm_judge_binary,evaluation,,,309.0,309.0
deepseek,60,35,95,0,33,,,DeepSeekBackend,deepseek-v4-flash,1784014409.173737,llm_judge_binary,evaluation,,,315.0,315.0
deepseek,60,43,103,0,41,,,DeepSeekBackend,deepseek-v4-flash,1784014409.208187,llm_judge_binary,evaluation,,,311.0,311.0
deepseek,60,41,101,0,39,,,DeepSeekBackend,deepseek-v4-flash,1784014409.2470167,llm_judge_binary,evaluation,,,318.0,318.0
deepseek,60,43,103,0,41,,,DeepSeekBackend,deepseek-v4-flash,1784014409.2709255,llm_judge_binary,evaluation,,,312.0,312.0
deepseek,60,44,104,0,42,,,DeepSeekBackend,deepseek-v4-flash,1784014409.291977,llm_judge_binary,evaluation,,,310.0,310.0
deepseek,60,42,102,0,40,,,DeepSeekBackend,deepseek-v4-flash,1784014409.353501,llm_judge_binary,evaluation,,,313.0,313.0
deepseek,60,37,97,0,35,,,DeepSeekBackend,deepseek-v4-flash,1784014409.3605254,llm_judge_binary,evaluation,,,314.0,314.0
deepseek,60,39,99,0,37,,,DeepSeekBackend,deepseek-v4-flash,1784014409.4447405,llm_judge_binary,evaluation,,,317.0,317.0
deepseek,60,43,103,0,41,,,DeepSeekBackend,deepseek-v4-flash,1784014409.4632757,llm_judge_binary,evaluation,,,316.0,316.0
deepseek,65,69,134,0,67,,,DeepSeekBackend,deepseek-v4-flash,1784014409.733599,llm_judge_binary,evaluation,,,320.0,320.0
deepseek,66,99,165,0,97,,,DeepSeekBackend,deepseek-v4-flash,1784014409.9311137,llm_judge_binary,evaluation,,,322.0,322.0
deepseek,66,76,142,0,74,,,DeepSeekBackend,deepseek-v4-flash,1784014410.0217621,llm_judge_binary,evaluation,,,321.0,321.0
deepseek,66,116,182,0,114,,,DeepSeekBackend,deepseek-v4-flash,1784014410.0286407,llm_judge_binary,evaluation,,,319.0,319.0
deepseek,66,71,137,0,69,,,DeepSeekBackend,deepseek-v4-flash,1784014410.1043296,llm_judge_binary,evaluation,,,325.0,325.0
deepseek,67,115,182,0,113,,,DeepSeekBackend,deepseek-v4-flash,1784014410.1177258,llm_judge_binary,evaluation,,,323.0,323.0
deepseek,65,63,128,0,61,,,DeepSeekBackend,deepseek-v4-flash,1784014410.214069,llm_judge_binary,evaluation,,,326.0,326.0
deepseek,66,64,130,0,62,,,DeepSeekBackend,deepseek-v4-flash,1784014410.3124106,llm_judge_binary,evaluation,,,329.0,329.0
deepseek,66,55,121,0,53,,,DeepSeekBackend,deepseek-v4-flash,1784014410.3230653,llm_judge_binary,evaluation,,,333.0,333.0
deepseek,65,54,119,0,52,,,DeepSeekBackend,deepseek-v4-flash,1784014410.3811145,llm_judge_binary,evaluation,,,338.0,338.0
deepseek,66,115,181,0,113,,,DeepSeekBackend,deepseek-v4-flash,1784014410.4068048,llm_judge_binary,evaluation,,,324.0,324.0
deepseek,65,66,131,0,64,,,DeepSeekBackend,deepseek-v4-flash,1784014410.4643586,llm_judge_binary,evaluation,,,331.0,331.0
deepseek,66,123,189,0,121,,,DeepSeekBackend,deepseek-v4-flash,1784014410.4853294,llm_judge_binary,evaluation,,,328.0,328.0
deepseek,67,92,159,0,90,,,DeepSeekBackend,deepseek-v4-flash,1784014410.5055523,llm_judge_binary,evaluation,,,327.0,327.0
deepseek,67,75,142,0,73,,,DeepSeekBackend,deepseek-v4-flash,1784014410.5126114,llm_judge_binary,evaluation,,,330.0,330.0
deepseek,66,76,142,0,74,,,DeepSeekBackend,deepseek-v4-flash,1784014410.5904958,llm_judge_binary,evaluation,,,334.0,334.0
deepseek,67,72,139,0,70,,,DeepSeekBackend,deepseek-v4-flash,1784014410.6187282,llm_judge_binary,evaluation,,,336.0,336.0
deepseek,66,71,137,0,69,,,DeepSeekBackend,deepseek-v4-flash,1784014410.6393518,llm_judge_binary,evaluation,,,337.0,337.0
deepseek,66,115,181,0,113,,,DeepSeekBackend,deepseek-v4-flash,1784014410.680532,llm_judge_binary,evaluation,,,332.0,332.0
deepseek,66,69,135,0,67,,,DeepSeekBackend,deepseek-v4-flash,1784014410.7221608,llm_judge_binary,evaluation,,,335.0,335.0
deepseek,78,51,129,0,49,,,DeepSeekBackend,deepseek-v4-flash,1784014411.320808,llm_judge_binary,evaluation,,,347.0,347.0
deepseek,78,49,127,0,47,,,DeepSeekBackend,deepseek-v4-flash,1784014411.3720336,llm_judge_binary,evaluation,,,346.0,346.0
deepseek,71,117,188,0,115,,,DeepSeekBackend,deepseek-v4-flash,1784014411.622315,llm_judge_binary,evaluation,,,339.0,339.0
deepseek,71,121,192,0,119,,,DeepSeekBackend,deepseek-v4-flash,1784014411.8651206,llm_judge_binary,evaluation,,,341.0,341.0
deepseek,78,94,172,0,92,,,DeepSeekBackend,deepseek-v4-flash,1784014411.9742842,llm_judge_binary,evaluation,,,345.0,345.0
deepseek,71,93,164,0,91,,,DeepSeekBackend,deepseek-v4-flash,1784014411.9832907,llm_judge_binary,evaluation,,,350.0,350.0
deepseek,71,136,207,0,134,,,DeepSeekBackend,deepseek-v4-flash,1784014412.034407,llm_judge_binary,evaluation,,,344.0,344.0
deepseek,71,110,181,0,108,,,DeepSeekBackend,deepseek-v4-flash,1784014412.2513494,llm_judge_binary,evaluation,,,354.0,354.0
deepseek,71,156,227,0,154,,,DeepSeekBackend,deepseek-v4-flash,1784014412.2700322,llm_judge_binary,evaluation,,,343.0,343.0
deepseek,71,126,197,0,124,,,DeepSeekBackend,deepseek-v4-flash,1784014412.327065,llm_judge_binary,evaluation,,,348.0,348.0
deepseek,71,163,234,0,161,,,DeepSeekBackend,deepseek-v4-flash,1784014412.3664324,llm_judge_binary,evaluation,,,349.0,349.0
deepseek,71,156,227,0,154,,,DeepSeekBackend,deepseek-v4-flash,1784014412.462041,llm_judge_binary,evaluation,,,352.0,352.0
deepseek,64,53,117,0,51,,,DeepSeekBackend,deepseek-v4-flash,1784014412.5280259,llm_judge_binary,evaluation,,,359.0,359.0
deepseek,71,156,227,0,154,,,DeepSeekBackend,deepseek-v4-flash,1784014412.6658678,llm_judge_binary,evaluation,,,351.0,351.0
deepseek,64,39,103,0,37,,,DeepSeekBackend,deepseek-v4-flash,1784014412.8959467,llm_judge_binary,evaluation,,,362.0,362.0
deepseek,64,46,110,0,44,,,DeepSeekBackend,deepseek-v4-flash,1784014413.046534,llm_judge_binary,evaluation,,,365.0,365.0
deepseek,64,41,105,0,39,,,DeepSeekBackend,deepseek-v4-flash,1784014413.055703,llm_judge_binary,evaluation,,,364.0,364.0
deepseek,65,107,172,0,105,,,DeepSeekBackend,deepseek-v4-flash,1784014413.0888364,llm_judge_binary,evaluation,,,360.0,360.0
deepseek,71,193,264,0,191,,,DeepSeekBackend,deepseek-v4-flash,1784014413.0962667,llm_judge_binary,evaluation,,,357.0,357.0
deepseek,64,50,114,0,48,,,DeepSeekBackend,deepseek-v4-flash,1784014413.1012714,llm_judge_binary,evaluation,,,363.0,363.0
deepseek,71,109,180,0,107,,,DeepSeekBackend,deepseek-v4-flash,1784014413.1826677,llm_judge_binary,evaluation,,,361.0,361.0
deepseek,71,216,287,0,214,,,DeepSeekBackend,deepseek-v4-flash,1784014413.2938206,llm_judge_binary,evaluation,,,355.0,355.0
deepseek,71,219,290,0,217,,,DeepSeekBackend,deepseek-v4-flash,1784014413.321647,llm_judge_binary,evaluation,,,358.0,358.0
deepseek,64,44,108,0,42,,,DeepSeekBackend,deepseek-v4-flash,1784014413.363051,llm_judge_binary,evaluation,,,371.0,371.0
deepseek,64,41,105,0,39,,,DeepSeekBackend,deepseek-v4-flash,1784014413.385345,llm_judge_binary,evaluation,,,370.0,370.0
deepseek,64,34,98,0,32,,,DeepSeekBackend,deepseek-v4-flash,1784014413.4135022,llm_judge_binary,evaluation,,,367.0,367.0
deepseek,66,65,131,0,63,,,DeepSeekBackend,deepseek-v4-flash,1784014413.5932255,llm_judge_binary,evaluation,,,368.0,368.0
deepseek,71,311,382,0,309,,,DeepSeekBackend,deepseek-v4-flash,1784014413.7886274,llm_judge_binary,evaluation,,,353.0,353.0
deepseek,71,254,325,0,252,,,DeepSeekBackend,deepseek-v4-flash,1784014413.799646,llm_judge_binary,evaluation,,,356.0,356.0
deepseek,64,39,103,0,37,,,DeepSeekBackend,deepseek-v4-flash,1784014413.8494976,llm_judge_binary,evaluation,,,372.0,372.0
deepseek,71,359,430,0,357,,,DeepSeekBackend,deepseek-v4-flash,1784014413.8593662,llm_judge_binary,evaluation,,,340.0,340.0
deepseek,64,35,99,0,33,,,DeepSeekBackend,deepseek-v4-flash,1784014413.8798337,llm_judge_binary,evaluation,,,373.0,373.0
deepseek,64,39,103,0,37,,,DeepSeekBackend,deepseek-v4-flash,1784014413.9288335,llm_judge_binary,evaluation,,,374.0,374.0
deepseek,64,40,104,0,38,,,DeepSeekBackend,deepseek-v4-flash,1784014413.9410484,llm_judge_binary,evaluation,,,375.0,375.0
deepseek,71,109,180,0,107,,,DeepSeekBackend,deepseek-v4-flash,1784014413.9738061,llm_judge_binary,evaluation,,,366.0,366.0
deepseek,71,347,418,0,345,,,DeepSeekBackend,deepseek-v4-flash,1784014413.9811668,llm_judge_binary,evaluation,,,342.0,342.0
deepseek,71,120,191,0,118,,,DeepSeekBackend,deepseek-v4-flash,1784014414.0659554,llm_judge_binary,evaluation,,,369.0,369.0
deepseek,64,37,101,0,35,,,DeepSeekBackend,deepseek-v4-flash,1784014414.1391854,llm_judge_binary,evaluation,,,376.0,376.0
deepseek,64,49,113,0,47,,,DeepSeekBackend,deepseek-v4-flash,1784014414.205215,llm_judge_binary,evaluation,,,377.0,377.0
deepseek,71,83,154,0,81,,,DeepSeekBackend,deepseek-v4-flash,1784014414.4614491,llm_judge_binary,evaluation,,,378.0,378.0
deepseek,68,43,111,0,41,,,DeepSeekBackend,deepseek-v4-flash,1784014414.4791,llm_judge_binary,evaluation,,,381.0,381.0
deepseek,68,49,117,0,47,,,DeepSeekBackend,deepseek-v4-flash,1784014414.508444,llm_judge_binary,evaluation,,,383.0,383.0
deepseek,68,41,109,0,39,,,DeepSeekBackend,deepseek-v4-flash,1784014414.5730503,llm_judge_binary,evaluation,,,385.0,385.0
deepseek,68,41,109,0,39,,,DeepSeekBackend,deepseek-v4-flash,1784014414.5789618,llm_judge_binary,evaluation,,,382.0,382.0
deepseek,68,43,111,0,41,,,DeepSeekBackend,deepseek-v4-flash,1784014414.6942284,llm_judge_binary,evaluation,,,386.0,386.0
deepseek,64,69,133,0,67,,,DeepSeekBackend,deepseek-v4-flash,1784014414.7077458,llm_judge_binary,evaluation,,,384.0,384.0
deepseek,68,41,109,0,39,,,DeepSeekBackend,deepseek-v4-flash,1784014414.7139423,llm_judge_binary,evaluation,,,387.0,387.0
deepseek,68,33,101,0,31,,,DeepSeekBackend,deepseek-v4-flash,1784014414.771792,llm_judge_binary,evaluation,,,393.0,393.0
deepseek,67,77,144,0,75,,,DeepSeekBackend,deepseek-v4-flash,1784014414.7782183,llm_judge_binary,evaluation,,,380.0,380.0
deepseek,68,51,119,0,49,,,DeepSeekBackend,deepseek-v4-flash,1784014414.884298,llm_judge_binary,evaluation,,,390.0,390.0
deepseek,68,56,124,0,54,,,DeepSeekBackend,deepseek-v4-flash,1784014414.891046,llm_judge_binary,evaluation,,,394.0,394.0
deepseek,68,50,118,0,48,,,DeepSeekBackend,deepseek-v4-flash,1784014414.936653,llm_judge_binary,evaluation,,,389.0,389.0
deepseek,67,112,179,0,110,,,DeepSeekBackend,deepseek-v4-flash,1784014415.100109,llm_judge_binary,evaluation,,,379.0,379.0
deepseek,68,49,117,0,47,,,DeepSeekBackend,deepseek-v4-flash,1784014415.146343,llm_judge_binary,evaluation,,,391.0,391.0
deepseek,67,72,139,0,70,,,DeepSeekBackend,deepseek-v4-flash,1784014415.1526546,llm_judge_binary,evaluation,,,392.0,392.0
deepseek,67,90,157,0,88,,,DeepSeekBackend,deepseek-v4-flash,1784014415.2814882,llm_judge_binary,evaluation,,,388.0,388.0
deepseek,68,40,108,0,38,,,DeepSeekBackend,deepseek-v4-flash,1784014415.311838,llm_judge_binary,evaluation,,,396.0,396.0
deepseek,62,44,106,0,42,,,DeepSeekBackend,deepseek-v4-flash,1784014415.427329,llm_judge_binary,evaluation,,,399.0,399.0
deepseek,62,53,115,0,51,,,DeepSeekBackend,deepseek-v4-flash,1784014415.4673817,llm_judge_binary,evaluation,,,402.0,402.0
deepseek,67,79,146,0,77,,,DeepSeekBackend,deepseek-v4-flash,1784014415.5305371,llm_judge_binary,evaluation,,,400.0,400.0
deepseek,62,35,97,0,33,,,DeepSeekBackend,deepseek-v4-flash,1784014415.7789524,llm_judge_binary,evaluation,,,405.0,405.0
deepseek,64,112,176,0,110,,,DeepSeekBackend,deepseek-v4-flash,1784014415.7856095,llm_judge_binary,evaluation,,,397.0,397.0
deepseek,67,80,147,0,78,,,DeepSeekBackend,deepseek-v4-flash,1784014415.791406,llm_judge_binary,evaluation,,,395.0,395.0
deepseek,67,72,139,0,70,,,DeepSeekBackend,deepseek-v4-flash,1784014415.8769612,llm_judge_binary,evaluation,,,401.0,401.0
deepseek,67,74,141,0,72,,,DeepSeekBackend,deepseek-v4-flash,1784014415.9047687,llm_judge_binary,evaluation,,,406.0,406.0
deepseek,62,36,98,0,34,,,DeepSeekBackend,deepseek-v4-flash,1784014415.93706,llm_judge_binary,evaluation,,,411.0,411.0
deepseek,67,58,125,0,56,,,DeepSeekBackend,deepseek-v4-flash,1784014415.9428122,llm_judge_binary,evaluation,,,403.0,403.0
deepseek,61,57,118,0,55,,,DeepSeekBackend,deepseek-v4-flash,1784014415.9494953,llm_judge_binary,evaluation,,,407.0,407.0
deepseek,62,32,94,0,30,,,DeepSeekBackend,deepseek-v4-flash,1784014415.9570215,llm_judge_binary,evaluation,,,408.0,408.0
deepseek,67,67,134,0,65,,,DeepSeekBackend,deepseek-v4-flash,1784014415.9677176,llm_judge_binary,evaluation,,,404.0,404.0
deepseek,62,33,95,0,31,,,DeepSeekBackend,deepseek-v4-flash,1784014416.0032847,llm_judge_binary,evaluation,,,413.0,413.0
deepseek,67,75,142,0,73,,,DeepSeekBackend,deepseek-v4-flash,1784014416.0528777,llm_judge_binary,evaluation,,,410.0,410.0
deepseek,62,35,97,0,33,,,DeepSeekBackend,deepseek-v4-flash,1784014416.1766896,llm_judge_binary,evaluation,,,414.0,414.0
deepseek,64,120,184,0,118,,,DeepSeekBackend,deepseek-v4-flash,1784014416.2224917,llm_judge_binary,evaluation,,,398.0,398.0
deepseek,67,74,141,0,72,,,DeepSeekBackend,deepseek-v4-flash,1784014416.3448443,llm_judge_binary,evaluation,,,415.0,415.0
deepseek,67,97,164,0,95,,,DeepSeekBackend,deepseek-v4-flash,1784014416.3589993,llm_judge_binary,evaluation,,,409.0,409.0
deepseek,62,31,93,0,29,,,DeepSeekBackend,deepseek-v4-flash,1784014416.4016438,llm_judge_binary,evaluation,,,418.0,418.0
deepseek,67,70,137,0,68,,,DeepSeekBackend,deepseek-v4-flash,1784014416.471109,llm_judge_binary,evaluation,,,412.0,412.0
deepseek,61,69,130,0,67,,,DeepSeekBackend,deepseek-v4-flash,1784014416.703719,llm_judge_binary,evaluation,,,416.0,416.0
deepseek,64,49,113,0,47,,,DeepSeekBackend,deepseek-v4-flash,1784014416.7183406,llm_judge_binary,evaluation,,,421.0,421.0
deepseek,64,54,118,0,52,,,DeepSeekBackend,deepseek-v4-flash,1784014416.8360913,llm_judge_binary,evaluation,,,420.0,420.0
deepseek,67,85,152,0,83,,,DeepSeekBackend,deepseek-v4-flash,1784014416.9058416,llm_judge_binary,evaluation,,,417.0,417.0
deepseek,63,49,112,0,47,,,DeepSeekBackend,deepseek-v4-flash,1784014416.918459,llm_judge_binary,evaluation,,,422.0,422.0
deepseek,61,66,127,0,64,,,DeepSeekBackend,deepseek-v4-flash,1784014416.9669547,llm_judge_binary,evaluation,,,430.0,430.0
deepseek,63,66,129,0,64,,,DeepSeekBackend,deepseek-v4-flash,1784014417.0000255,llm_judge_binary,evaluation,,,429.0,429.0
deepseek,63,60,123,0,58,,,DeepSeekBackend,deepseek-v4-flash,1784014417.0635462,llm_judge_binary,evaluation,,,426.0,426.0
deepseek,66,43,109,0,41,,,DeepSeekBackend,deepseek-v4-flash,1784014417.0753043,llm_judge_binary,evaluation,,,427.0,427.0
deepseek,63,69,132,0,67,,,DeepSeekBackend,deepseek-v4-flash,1784014417.0892363,llm_judge_binary,evaluation,,,428.0,428.0
deepseek,63,69,132,0,67,,,DeepSeekBackend,deepseek-v4-flash,1784014417.1226368,llm_judge_binary,evaluation,,,425.0,425.0
deepseek,63,88,151,0,86,,,DeepSeekBackend,deepseek-v4-flash,1784014417.3002098,llm_judge_binary,evaluation,,,424.0,424.0
deepseek,68,42,110,0,40,,,DeepSeekBackend,deepseek-v4-flash,1784014417.3277476,llm_judge_binary,evaluation,,,435.0,435.0
deepseek,64,59,123,0,57,,,DeepSeekBackend,deepseek-v4-flash,1784014417.3677506,llm_judge_binary,evaluation,,,423.0,423.0
deepseek,66,96,162,0,94,,,DeepSeekBackend,deepseek-v4-flash,1784014417.3825355,llm_judge_binary,evaluation,,,419.0,419.0
deepseek,68,53,121,0,51,,,DeepSeekBackend,deepseek-v4-flash,1784014417.4241533,llm_judge_binary,evaluation,,,434.0,434.0
deepseek,60,42,102,0,40,,,DeepSeekBackend,deepseek-v4-flash,1784014417.494344,llm_judge_binary,evaluation,,,433.0,433.0
deepseek,68,40,108,0,38,,,DeepSeekBackend,deepseek-v4-flash,1784014417.5017939,llm_judge_binary,evaluation,,,436.0,436.0
deepseek,60,94,154,0,92,,,DeepSeekBackend,deepseek-v4-flash,1784014417.5768726,llm_judge_binary,evaluation,,,432.0,432.0
deepseek,68,50,118,0,48,,,DeepSeekBackend,deepseek-v4-flash,1784014417.6415572,llm_judge_binary,evaluation,,,437.0,437.0
deepseek,60,85,145,0,83,,,DeepSeekBackend,deepseek-v4-flash,1784014417.6546025,llm_judge_binary,evaluation,,,431.0,431.0
deepseek,68,43,111,0,41,,,DeepSeekBackend,deepseek-v4-flash,1784014417.717777,llm_judge_binary,evaluation,,,440.0,440.0
deepseek,68,44,112,0,42,,,DeepSeekBackend,deepseek-v4-flash,1784014417.9048882,llm_judge_binary,evaluation,,,445.0,445.0
deepseek,68,47,115,0,45,,,DeepSeekBackend,deepseek-v4-flash,1784014417.9125342,llm_judge_binary,evaluation,,,443.0,443.0
deepseek,68,48,116,0,46,,,DeepSeekBackend,deepseek-v4-flash,1784014417.983397,llm_judge_binary,evaluation,,,441.0,441.0
deepseek,64,81,145,0,79,,,DeepSeekBackend,deepseek-v4-flash,1784014418.0179784,llm_judge_binary,evaluation,,,438.0,438.0
deepseek,68,67,135,0,65,,,DeepSeekBackend,deepseek-v4-flash,1784014418.0247242,llm_judge_binary,evaluation,,,439.0,439.0
deepseek,68,68,136,0,66,,,DeepSeekBackend,deepseek-v4-flash,1784014418.0949326,llm_judge_binary,evaluation,,,442.0,442.0
deepseek,68,48,116,0,46,,,DeepSeekBackend,deepseek-v4-flash,1784014418.1350484,llm_judge_binary,evaluation,,,444.0,444.0
deepseek,68,49,117,0,47,,,DeepSeekBackend,deepseek-v4-flash,1784014418.203338,llm_judge_binary,evaluation,,,446.0,446.0
deepseek,64,88,152,0,86,,,DeepSeekBackend,deepseek-v4-flash,1784014418.3417325,llm_judge_binary,evaluation,,,447.0,447.0
deepseek,68,52,120,0,50,,,DeepSeekBackend,deepseek-v4-flash,1784014418.4394515,llm_judge_binary,evaluation,,,448.0,448.0
deepseek,68,48,116,0,46,,,DeepSeekBackend,deepseek-v4-flash,1784014418.4926746,llm_judge_binary,evaluation,,,450.0,450.0
deepseek,68,52,120,0,50,,,DeepSeekBackend,deepseek-v4-flash,1784014418.5420885,llm_judge_binary,evaluation,,,451.0,451.0
deepseek,64,81,145,0,79,,,DeepSeekBackend,deepseek-v4-flash,1784014418.557939,llm_judge_binary,evaluation,,,449.0,449.0
deepseek,64,84,148,0,82,,,DeepSeekBackend,deepseek-v4-flash,1784014418.5762758,llm_judge_binary,evaluation,,,453.0,453.0
deepseek,64,71,135,0,69,,,DeepSeekBackend,deepseek-v4-flash,1784014418.7234871,llm_judge_binary,evaluation,,,452.0,452.0
deepseek,63,85,148,0,83,,,DeepSeekBackend,deepseek-v4-flash,1784014418.81593,llm_judge_binary,evaluation,,,456.0,456.0
deepseek,62,45,107,0,43,,,DeepSeekBackend,deepseek-v4-flash,1784014418.9327986,llm_judge_binary,evaluation,,,464.0,464.0
deepseek,63,56,119,0,54,,,DeepSeekBackend,deepseek-v4-flash,1784014418.9627094,llm_judge_binary,evaluation,,,462.0,462.0
deepseek,63,139,202,0,137,,,DeepSeekBackend,deepseek-v4-flash,1784014419.0836322,llm_judge_binary,evaluation,,,454.0,454.0
deepseek,63,76,139,0,74,,,DeepSeekBackend,deepseek-v4-flash,1784014419.2672966,llm_judge_binary,evaluation,,,458.0,458.0
deepseek,63,105,168,0,103,,,DeepSeekBackend,deepseek-v4-flash,1784014419.2985494,llm_judge_binary,evaluation,,,457.0,457.0
deepseek,62,37,99,0,35,,,DeepSeekBackend,deepseek-v4-flash,1784014419.3824518,llm_judge_binary,evaluation,,,468.0,468.0
deepseek,62,44,106,0,42,,,DeepSeekBackend,deepseek-v4-flash,1784014419.4104896,llm_judge_binary,evaluation,,,470.0,470.0
deepseek,62,66,128,0,64,,,DeepSeekBackend,deepseek-v4-flash,1784014419.4270852,llm_judge_binary,evaluation,,,466.0,466.0
deepseek,63,77,140,0,75,,,DeepSeekBackend,deepseek-v4-flash,1784014419.4903023,llm_judge_binary,evaluation,,,459.0,459.0
deepseek,62,60,122,0,58,,,DeepSeekBackend,deepseek-v4-flash,1784014419.5306015,llm_judge_binary,evaluation,,,467.0,467.0
deepseek,62,34,96,0,32,,,DeepSeekBackend,deepseek-v4-flash,1784014419.537256,llm_judge_binary,evaluation,,,469.0,469.0
deepseek,62,92,154,0,90,,,DeepSeekBackend,deepseek-v4-flash,1784014419.5544403,llm_judge_binary,evaluation,,,463.0,463.0
deepseek,62,75,137,0,73,,,DeepSeekBackend,deepseek-v4-flash,1784014419.5876334,llm_judge_binary,evaluation,,,465.0,465.0
deepseek,62,39,101,0,37,,,DeepSeekBackend,deepseek-v4-flash,1784014419.6375601,llm_judge_binary,evaluation,,,472.0,472.0
deepseek,62,35,97,0,33,,,DeepSeekBackend,deepseek-v4-flash,1784014419.6447406,llm_judge_binary,evaluation,,,474.0,474.0
deepseek,62,32,94,0,30,,,DeepSeekBackend,deepseek-v4-flash,1784014419.7745519,llm_judge_binary,evaluation,,,473.0,473.0
deepseek,63,180,243,0,178,,,DeepSeekBackend,deepseek-v4-flash,1784014419.8755515,llm_judge_binary,evaluation,,,455.0,455.0
deepseek,62,73,135,0,71,,,DeepSeekBackend,deepseek-v4-flash,1784014419.9189005,llm_judge_binary,evaluation,,,471.0,471.0
deepseek,63,139,202,0,137,,,DeepSeekBackend,deepseek-v4-flash,1784014420.0189595,llm_judge_binary,evaluation,,,461.0,461.0
deepseek,62,42,104,0,40,,,DeepSeekBackend,deepseek-v4-flash,1784014420.0542884,llm_judge_binary,evaluation,,,477.0,477.0
deepseek,62,70,132,0,68,,,DeepSeekBackend,deepseek-v4-flash,1784014420.2148483,llm_judge_binary,evaluation,,,476.0,476.0
deepseek,63,196,259,0,194,,,DeepSeekBackend,deepseek-v4-flash,1784014420.2207048,llm_judge_binary,evaluation,,,460.0,460.0
deepseek,62,49,111,0,47,,,DeepSeekBackend,deepseek-v4-flash,1784014420.3191996,llm_judge_binary,evaluation,,,480.0,480.0
deepseek,62,41,103,0,39,,,DeepSeekBackend,deepseek-v4-flash,1784014420.3601034,llm_judge_binary,evaluation,,,478.0,478.0
deepseek,62,34,96,0,32,,,DeepSeekBackend,deepseek-v4-flash,1784014420.4877412,llm_judge_binary,evaluation,,,482.0,482.0
deepseek,62,28,90,0,26,,,DeepSeekBackend,deepseek-v4-flash,1784014420.4943151,llm_judge_binary,evaluation,,,481.0,481.0
deepseek,62,64,126,0,62,,,DeepSeekBackend,deepseek-v4-flash,1784014420.5027692,llm_judge_binary,evaluation,,,479.0,479.0
deepseek,62,71,133,0,69,,,DeepSeekBackend,deepseek-v4-flash,1784014420.5669568,llm_judge_binary,evaluation,,,475.0,475.0
deepseek,64,52,116,0,50,,,DeepSeekBackend,deepseek-v4-flash,1784014420.7556345,llm_judge_binary,evaluation,,,484.0,484.0
deepseek,64,62,126,0,60,,,DeepSeekBackend,deepseek-v4-flash,1784014420.784241,llm_judge_binary,evaluation,,,489.0,489.0
deepseek,64,108,172,0,106,,,DeepSeekBackend,deepseek-v4-flash,1784014420.810014,llm_judge_binary,evaluation,,,483.0,483.0
deepseek,64,91,155,0,89,,,DeepSeekBackend,deepseek-v4-flash,1784014420.8202798,llm_judge_binary,evaluation,,,486.0,486.0
deepseek,64,66,130,0,64,,,DeepSeekBackend,deepseek-v4-flash,1784014420.9526272,llm_judge_binary,evaluation,,,485.0,485.0
deepseek,64,79,143,0,77,,,DeepSeekBackend,deepseek-v4-flash,1784014421.0351439,llm_judge_binary,evaluation,,,487.0,487.0
deepseek,64,56,120,0,54,,,DeepSeekBackend,deepseek-v4-flash,1784014421.1576638,llm_judge_binary,evaluation,,,491.0,491.0
deepseek,64,97,161,0,95,,,DeepSeekBackend,deepseek-v4-flash,1784014421.2623892,llm_judge_binary,evaluation,,,488.0,488.0
deepseek,64,92,156,0,90,,,DeepSeekBackend,deepseek-v4-flash,1784014421.3393612,llm_judge_binary,evaluation,,,493.0,493.0
deepseek,64,85,149,0,83,,,DeepSeekBackend,deepseek-v4-flash,1784014421.3726974,llm_judge_binary,evaluation,,,490.0,490.0
deepseek,64,82,146,0,80,,,DeepSeekBackend,deepseek-v4-flash,1784014421.38033,llm_judge_binary,evaluation,,,492.0,492.0
deepseek,64,53,117,0,51,,,DeepSeekBackend,deepseek-v4-flash,1784014421.4529543,llm_judge_binary,evaluation,,,497.0,497.0
deepseek,64,71,135,0,69,,,DeepSeekBackend,deepseek-v4-flash,1784014421.4813437,llm_judge_binary,evaluation,,,495.0,495.0
deepseek,64,50,114,0,48,,,DeepSeekBackend,deepseek-v4-flash,1784014421.5180755,llm_judge_binary,evaluation,,,498.0,498.0
deepseek,64,61,125,0,59,,,DeepSeekBackend,deepseek-v4-flash,1784014421.5514023,llm_judge_binary,evaluation,,,500.0,500.0
deepseek,64,103,167,0,101,,,DeepSeekBackend,deepseek-v4-flash,1784014421.631742,llm_judge_binary,evaluation,,,494.0,494.0
deepseek,64,65,129,0,63,,,DeepSeekBackend,deepseek-v4-flash,1784014421.6418543,llm_judge_binary,evaluation,,,499.0,499.0
deepseek,64,86,150,0,84,,,DeepSeekBackend,deepseek-v4-flash,1784014421.6601162,llm_judge_binary,evaluation,,,496.0,496.0
deepseek,64,61,125,0,59,,,DeepSeekBackend,deepseek-v4-flash,1784014421.7120736,llm_judge_binary,evaluation,,,501.0,501.0
deepseek,66,42,108,0,40,,,DeepSeekBackend,deepseek-v4-flash,1784014421.7301118,llm_judge_binary,evaluation,,,503.0,503.0
deepseek,66,41,107,0,39,,,DeepSeekBackend,deepseek-v4-flash,1784014421.7367113,llm_judge_binary,evaluation,,,507.0,507.0
deepseek,66,38,104,0,36,,,DeepSeekBackend,deepseek-v4-flash,1784014421.7930553,llm_judge_binary,evaluation,,,504.0,504.0
deepseek,64,71,135,0,69,,,DeepSeekBackend,deepseek-v4-flash,1784014421.80094,llm_judge_binary,evaluation,,,502.0,502.0
deepseek,66,29,95,0,27,,,DeepSeekBackend,deepseek-v4-flash,1784014421.8568285,llm_judge_binary,evaluation,,,509.0,509.0
deepseek,66,46,112,0,44,,,DeepSeekBackend,deepseek-v4-flash,1784014421.9023964,llm_judge_binary,evaluation,,,506.0,506.0
deepseek,66,36,102,0,34,,,DeepSeekBackend,deepseek-v4-flash,1784014421.9788222,llm_judge_binary,evaluation,,,505.0,505.0
deepseek,66,58,124,0,56,,,DeepSeekBackend,deepseek-v4-flash,1784014422.1412196,llm_judge_binary,evaluation,,,508.0,508.0
deepseek,66,42,108,0,40,,,DeepSeekBackend,deepseek-v4-flash,1784014422.2377875,llm_judge_binary,evaluation,,,510.0,510.0
deepseek,66,36,102,0,34,,,DeepSeekBackend,deepseek-v4-flash,1784014422.2770224,llm_judge_binary,evaluation,,,515.0,515.0
deepseek,66,49,115,0,47,,,DeepSeekBackend,deepseek-v4-flash,1784014422.3492675,llm_judge_binary,evaluation,,,512.0,512.0
deepseek,66,44,110,0,42,,,DeepSeekBackend,deepseek-v4-flash,1784014422.3553889,llm_judge_binary,evaluation,,,513.0,513.0
deepseek,66,42,108,0,40,,,DeepSeekBackend,deepseek-v4-flash,1784014422.3838413,llm_judge_binary,evaluation,,,511.0,511.0
deepseek,66,42,108,0,40,,,DeepSeekBackend,deepseek-v4-flash,1784014422.485423,llm_judge_binary,evaluation,,,516.0,516.0
deepseek,66,38,104,0,36,,,DeepSeekBackend,deepseek-v4-flash,1784014422.4966052,llm_judge_binary,evaluation,,,514.0,514.0
deepseek,66,43,109,0,41,,,DeepSeekBackend,deepseek-v4-flash,1784014422.5030148,llm_judge_binary,evaluation,,,518.0,518.0
deepseek,66,37,103,0,35,,,DeepSeekBackend,deepseek-v4-flash,1784014422.5276048,llm_judge_binary,evaluation,,,517.0,517.0
deepseek,66,40,106,0,38,,,DeepSeekBackend,deepseek-v4-flash,1784014422.6061597,llm_judge_binary,evaluation,,,519.0,519.0
deepseek,66,49,115,0,47,,,DeepSeekBackend,deepseek-v4-flash,1784014422.6280556,llm_judge_binary,evaluation,,,520.0,520.0
deepseek,66,51,117,0,49,,,DeepSeekBackend,deepseek-v4-flash,1784014422.633427,llm_judge_binary,evaluation,,,522.0,522.0
deepseek,66,34,100,0,32,,,DeepSeekBackend,deepseek-v4-flash,1784014422.7810361,llm_judge_binary,evaluation,,,521.0,521.0
deepseek,68,72,140,0,70,,,DeepSeekBackend,deepseek-v4-flash,1784014423.2050107,llm_judge_binary,evaluation,,,526.0,526.0
deepseek,68,81,149,0,79,,,DeepSeekBackend,deepseek-v4-flash,1784014423.4408343,llm_judge_binary,evaluation,,,528.0,528.0
deepseek,62,38,100,0,36,,,DeepSeekBackend,deepseek-v4-flash,1784014424.4866333,llm_judge_binary,evaluation,,,544.0,544.0
deepseek,69,68,137,0,66,,,DeepSeekBackend,deepseek-v4-flash,1784014424.5284855,llm_judge_binary,evaluation,,,543.0,543.0
deepseek,62,35,97,0,33,,,DeepSeekBackend,deepseek-v4-flash,1784014425.3502445,llm_judge_binary,evaluation,,,546.0,546.0
deepseek,62,39,101,0,37,,,DeepSeekBackend,deepseek-v4-flash,1784014425.4074216,llm_judge_binary,evaluation,,,545.0,545.0
deepseek,68,80,148,0,78,,,DeepSeekBackend,deepseek-v4-flash,1784014425.9654274,llm_judge_binary,evaluation,,,531.0,531.0
deepseek,66,64,130,0,62,,,DeepSeekBackend,deepseek-v4-flash,1784014425.9717612,llm_judge_binary,evaluation,,,539.0,539.0
deepseek,68,123,191,0,121,,,DeepSeekBackend,deepseek-v4-flash,1784014426.0436175,llm_judge_binary,evaluation,,,527.0,527.0
deepseek,65,58,123,0,56,,,DeepSeekBackend,deepseek-v4-flash,1784014426.0503101,llm_judge_binary,evaluation,,,541.0,541.0
deepseek,68,147,215,0,145,,,DeepSeekBackend,deepseek-v4-flash,1784014426.1536078,llm_judge_binary,evaluation,,,529.0,529.0
deepseek,66,64,130,0,62,,,DeepSeekBackend,deepseek-v4-flash,1784014426.1812222,llm_judge_binary,evaluation,,,540.0,540.0
deepseek,68,80,148,0,78,,,DeepSeekBackend,deepseek-v4-flash,1784014426.2073526,llm_judge_binary,evaluation,,,538.0,538.0
deepseek,68,117,185,0,115,,,DeepSeekBackend,deepseek-v4-flash,1784014426.2119596,llm_judge_binary,evaluation,,,535.0,535.0
deepseek,68,112,180,0,110,,,DeepSeekBackend,deepseek-v4-flash,1784014426.282583,llm_judge_binary,evaluation,,,534.0,534.0
deepseek,66,64,130,0,62,,,DeepSeekBackend,deepseek-v4-flash,1784014426.2886503,llm_judge_binary,evaluation,,,542.0,542.0
deepseek,62,36,98,0,34,,,DeepSeekBackend,deepseek-v4-flash,1784014426.3507342,llm_judge_binary,evaluation,,,547.0,547.0
deepseek,68,105,173,0,103,,,DeepSeekBackend,deepseek-v4-flash,1784014426.3568733,llm_judge_binary,evaluation,,,537.0,537.0
deepseek,70,192,262,0,190,,,DeepSeekBackend,deepseek-v4-flash,1784014426.3640053,llm_judge_binary,evaluation,,,524.0,524.0
deepseek,68,138,206,0,136,,,DeepSeekBackend,deepseek-v4-flash,1784014426.420063,llm_judge_binary,evaluation,,,530.0,530.0
deepseek,68,115,183,0,113,,,DeepSeekBackend,deepseek-v4-flash,1784014426.4826865,llm_judge_binary,evaluation,,,536.0,536.0
deepseek,68,156,224,0,154,,,DeepSeekBackend,deepseek-v4-flash,1784014426.589472,llm_judge_binary,evaluation,,,533.0,533.0
deepseek,65,61,126,0,59,,,DeepSeekBackend,deepseek-v4-flash,1784014426.6132298,llm_judge_binary,evaluation,,,548.0,548.0
deepseek,70,293,363,0,291,,,DeepSeekBackend,deepseek-v4-flash,1784014426.8433154,llm_judge_binary,evaluation,,,523.0,523.0
deepseek,62,40,102,0,38,,,DeepSeekBackend,deepseek-v4-flash,1784014426.8925896,llm_judge_binary,evaluation,,,551.0,551.0
deepseek,62,49,111,0,47,,,DeepSeekBackend,deepseek-v4-flash,1784014426.894719,llm_judge_binary,evaluation,,,549.0,549.0
deepseek,68,217,285,0,215,,,DeepSeekBackend,deepseek-v4-flash,1784014426.9155715,llm_judge_binary,evaluation,,,532.0,532.0
deepseek,62,37,99,0,35,,,DeepSeekBackend,deepseek-v4-flash,1784014426.9390614,llm_judge_binary,evaluation,,,555.0,555.0
deepseek,62,49,111,0,47,,,DeepSeekBackend,deepseek-v4-flash,1784014426.9621935,llm_judge_binary,evaluation,,,553.0,553.0
deepseek,62,35,97,0,33,,,DeepSeekBackend,deepseek-v4-flash,1784014427.0744238,llm_judge_binary,evaluation,,,552.0,552.0
deepseek,62,35,97,0,33,,,DeepSeekBackend,deepseek-v4-flash,1784014427.0984433,llm_judge_binary,evaluation,,,556.0,556.0
deepseek,62,43,105,0,41,,,DeepSeekBackend,deepseek-v4-flash,1784014427.161884,llm_judge_binary,evaluation,,,561.0,561.0
deepseek,62,37,99,0,35,,,DeepSeekBackend,deepseek-v4-flash,1784014427.1665938,llm_judge_binary,evaluation,,,557.0,557.0
deepseek,71,288,359,0,286,,,DeepSeekBackend,deepseek-v4-flash,1784014427.1893356,llm_judge_binary,evaluation,,,525.0,525.0
deepseek,62,38,100,0,36,,,DeepSeekBackend,deepseek-v4-flash,1784014427.191224,llm_judge_binary,evaluation,,,550.0,550.0
deepseek,62,37,99,0,35,,,DeepSeekBackend,deepseek-v4-flash,1784014427.2219126,llm_judge_binary,evaluation,,,558.0,558.0
deepseek,62,43,105,0,41,,,DeepSeekBackend,deepseek-v4-flash,1784014427.2264612,llm_judge_binary,evaluation,,,554.0,554.0
deepseek,62,44,106,0,42,,,DeepSeekBackend,deepseek-v4-flash,1784014427.3513486,llm_judge_binary,evaluation,,,562.0,562.0
deepseek,62,43,105,0,41,,,DeepSeekBackend,deepseek-v4-flash,1784014427.3761458,llm_judge_binary,evaluation,,,559.0,559.0
deepseek,62,48,110,0,46,,,DeepSeekBackend,deepseek-v4-flash,1784014427.3919632,llm_judge_binary,evaluation,,,560.0,560.0
deepseek,62,38,100,0,36,,,DeepSeekBackend,deepseek-v4-flash,1784014427.4947417,llm_judge_binary,evaluation,,,563.0,563.0
