cell_idx,cell_barcode,true_label,pred_label,pred_celltype,pred_rationale,acc,acc.1,hierarchy_depth,acc.2,hierarchy_depth.1,acc.3,hierarchy_depth.2,acc,hierarchy_depth
256405,CGGAGAATCAACTACG_SC84,B cell,"B cell

The expression profile strongly confirms a mature B cell identity, with canonical markers including MS4A1 (CD20), CD79A, BANK1, TNFRSF13C, and immunoglobulin genes. Pathway scores rank naive B cell program highest, but the provided list only includes the general ""B cell"" category, which is appropriate. No plasma cell or other lineage evidence outweighs these B-cell-specific markers.",B cell,"The expression profile strongly confirms a mature B cell identity, with canonical markers including MS4A1 (CD20), CD79A, BANK1, TNFRSF13C, and immunoglobulin genes. Pathway scores rank naive B cell program highest, but the provided list only includes the general ""B cell"" category, which is appropriate. No plasma cell or other lineage evidence outweighs these B-cell-specific markers.",1,1,4,1,4,1,4,1,4
241162,TAGGCATAGTCAAGGC-1-HCATisStab7587211,B cell,"B cell

The expression profile is clearly B cell lineage: CD79A/B, MS4A1, IGHD, IGHM, and B cell receptor genes. The highest pathway score is naive B cells, with IgD and SELL/CCR7 supporting a naive phenotype rather than plasma cell or memory B cell. The list only offers ""B cell"" as the best match.",B cell,"The expression profile is clearly B cell lineage: CD79A/B, MS4A1, IGHD, IGHM, and B cell receptor genes. The highest pathway score is naive B cells, with IgD and SELL/CCR7 supporting a naive phenotype rather than plasma cell or memory B cell. The list only offers ""B cell"" as the best match.",1,1,4,1,4,1,4,1,4
68963,GTACTCCGTAAACCTC-1-HCATisStab7587205,B cell,"B cell

Evidence strongly supports mature/naive B cell identity: expression of MS4A1 (CD20), CD79A/B, IGHD, TCL1A, BANK1, and TNFRSF13C with highest pathway score for naive B cells. Plasma cell markers (e.g., SDC1, XBP1) are absent despite JCHAIN presence. Thus stage-1 annotation is confirmed.",B cell,"Evidence strongly supports mature/naive B cell identity: expression of MS4A1 (CD20), CD79A/B, IGHD, TCL1A, BANK1, and TNFRSF13C with highest pathway score for naive B cells. Plasma cell markers (e.g., SDC1, XBP1) are absent despite JCHAIN presence. Thus stage-1 annotation is confirmed.",1,1,4,1,4,1,4,1,4
324748,CATATGGAGGGATACC-1-HCATisStab7587202,B cell,"B cell

The expression profile is classic for a mature B cell: high MS4A1 (CD20), CD79A, CD19, CD37, BANK1, BLK, and HLA class II genes, along with immunoglobulin chains and CCR7/SELL. Pathway scores favor naive and memory B cells over plasma cells, and the presence of CD20 and CD79A rules out a plasma cell identity.",B cell,"The expression profile is classic for a mature B cell: high MS4A1 (CD20), CD79A, CD19, CD37, BANK1, BLK, and HLA class II genes, along with immunoglobulin chains and CCR7/SELL. Pathway scores favor naive and memory B cells over plasma cells, and the presence of CD20 and CD79A rules out a plasma cell identity.",1,1,4,1,4,1,4,1,4
279232,CAAGAAACATCGTCGG_HD67,B cell,B cell,B cell,,1,1,4,1,4,1,4,1,4
254691,AAGTGAATCTTAGGAC_SC84,B cell,"B cell

The gene expression profile is highly specific for B cells: MS4A1 (CD20), CD79A, CD79B, IGHD, BANK1, BLK, and immunoglobulin genes. Pathway scores also rank naive B cell program highest, consistent with a mature B cell population in lung parenchyma. No evidence indicates plasma cell differentiation.",B cell,"The gene expression profile is highly specific for B cells: MS4A1 (CD20), CD79A, CD79B, IGHD, BANK1, BLK, and immunoglobulin genes. Pathway scores also rank naive B cell program highest, consistent with a mature B cell population in lung parenchyma. No evidence indicates plasma cell differentiation.",1,1,4,1,4,1,4,1,4
43935,GATTCGATCACTAGCA_SC84,B cell,"Plasma cell
The expression profile is dominated by immunoglobulin genes (IGLC3, IGLC2, IGHA1, IGHM, IGHG) and canonical plasma cell markers (JCHAIN, MZB1, FCRL5, TNFRSF13C). Pathway scores for IgA and IgG plasma cells are highest, confirming terminally differentiated B-lineage plasma cells in lung parenchyma. No conflicting marker indicates an alternative cell type.",Plasma cell,"The expression profile is dominated by immunoglobulin genes (IGLC3, IGLC2, IGHA1, IGHM, IGHG) and canonical plasma cell markers (JCHAIN, MZB1, FCRL5, TNFRSF13C). Pathway scores for IgA and IgG plasma cells are highest, confirming terminally differentiated B-lineage plasma cells in lung parenchyma. No conflicting marker indicates an alternative cell type.",0,0,3,0,3,0,3,0,3
31310,TCGAGGCGTCATTAGC-1-HCATisStab7659971,B cell,B cell,B cell,,1,1,4,1,4,1,4,1,4
220560,TTGTAGGAGACCCACC-1-HCATisStab7747200,B cell,"B cell

The expression profile is clearly that of a mature B cell: high MS4A1 (CD20), CD79A/B, CD19, FCRLA, TCL1A, BANK1, BLK, and FCER2. Immunoglobulin genes (IGKC, IGHM, IGHG, IGHA) are also present. The top pathway is naive B cells, and plasma cell markers are low. Occasional NK/T transcripts (GNLY, NKG7) likely reflect ambient contamination or minor doublets, but the dominant phenotype confirms B cell identity.",B cell,"The expression profile is clearly that of a mature B cell: high MS4A1 (CD20), CD79A/B, CD19, FCRLA, TCL1A, BANK1, BLK, and FCER2. Immunoglobulin genes (IGKC, IGHM, IGHG, IGHA) are also present. The top pathway is naive B cells, and plasma cell markers are low. Occasional NK/T transcripts (GNLY, NKG7) likely reflect ambient contamination or minor doublets, but the dominant phenotype confirms B cell identity.",1,1,4,1,4,1,4,1,4
173572,CTGAAACTCAGCACAT_HD66,B cell,"CD8-positive, alpha-beta T cell

The strong expression of T-cell receptor components (CD3E, CD3D, TRBC2) and T-cell markers (CD2, CD6, IL2RG) confirms an alpha-beta T cell, excluding NK or B lineage. Cytotoxic effectors (GZMA, GZMK, IFNG, CCL5) and KLRB1/CD161, CD69, along with high CD8+ memory-pathway scores, support a CD8+ T cell, likely tissue-resident/effector-memory in lung parenchyma. The B-cell markers (MS4A1, CD79A) are likely ambient contamination.","CD8-positive, alpha-beta T cell","The strong expression of T-cell receptor components (CD3E, CD3D, TRBC2) and T-cell markers (CD2, CD6, IL2RG) confirms an alpha-beta T cell, excluding NK or B lineage. Cytotoxic effectors (GZMA, GZMK, IFNG, CCL5) and KLRB1/CD161, CD69, along with high CD8+ memory-pathway scores, support a CD8+ T cell, likely tissue-resident/effector-memory in lung parenchyma. The B-cell markers (MS4A1, CD79A) are likely ambient contamination.",0,0,2,0,2,0,2,0,2
143540,GGGCATCGTACCAGTT-1-HCATisStab7747200,B cell,"B cell

The expression profile strongly supports a B cell identity: CD79A/CD79B, MS4A1 (CD20), IGHD, IGHM, TCL1A, and LTB are canonical B cell markers. Pathway scoring ranks naive B cell program highest. Although immunoglobulin light chains and JCHAIN are present, the preservation of CD79 and MS4A1 alongside IgD/IgM argues against plasma cell identity. The T cell–associated genes (NKG7, GNLY) are likely background or contamination, as the dominant programs and markers are clearly B cell lineage.",B cell,"The expression profile strongly supports a B cell identity: CD79A/CD79B, MS4A1 (CD20), IGHD, IGHM, TCL1A, and LTB are canonical B cell markers. Pathway scoring ranks naive B cell program highest. Although immunoglobulin light chains and JCHAIN are present, the preservation of CD79 and MS4A1 alongside IgD/IgM argues against plasma cell identity. The T cell–associated genes (NKG7, GNLY) are likely background or contamination, as the dominant programs and markers are clearly B cell lineage.",1,1,4,1,4,1,4,1,4
30111,CTCGGAGAGCCAGAAC-SC156,B cell,"B cell

Expression of MS4A1, CD79A, PAX5, BANK1, IGHM, and IGKC confirms a B-cell identity. Pathway scores favor naive B cells over plasma cells, and absence of plasma-cell programs (e.g., XBP1, SDC1) rules out plasma cell differentiation.",B cell,"Expression of MS4A1, CD79A, PAX5, BANK1, IGHM, and IGKC confirms a B-cell identity. Pathway scores favor naive B cells over plasma cells, and absence of plasma-cell programs (e.g., XBP1, SDC1) rules out plasma cell differentiation.",1,1,4,1,4,1,4,1,4
149824,AAACGCACACCTTT-SC31D,B cell,"B cell

The gene expression profile is overwhelmingly B cell-specific: CD79A, MS4A1, CD37, VPREB3, TCL1A, BLK, and surface immunoglobulins IGHD/IGHM. Naive B cell pathway score is highest, supporting a naive/mature B cell identity rather than plasma cell. While HLA class II and LAPTM5 are shared with other immune cells, the combined signature confirms the stage-1 B cell annotation.",B cell,"The gene expression profile is overwhelmingly B cell-specific: CD79A, MS4A1, CD37, VPREB3, TCL1A, BLK, and surface immunoglobulins IGHD/IGHM. Naive B cell pathway score is highest, supporting a naive/mature B cell identity rather than plasma cell. While HLA class II and LAPTM5 are shared with other immune cells, the combined signature confirms the stage-1 B cell annotation.",1,1,4,1,4,1,4,1,4
283665,CAGAGAGCACTAAGTC-1-HCATisStab7659969,B cell,"B cell
The expression profile clearly identifies a mature B cell: high CD79A/CD79B, MS4A1 (CD20), BANK1, BLK, and VPREB3, with immunoglobulin transcripts and JCHAIN. Pathway scores favor naive and memory B cell programs over plasma cells, and plasma cells would lack CD20/CD79. Thus, the stage-1 annotation is correct.",B cell,"The expression profile clearly identifies a mature B cell: high CD79A/CD79B, MS4A1 (CD20), BANK1, BLK, and VPREB3, with immunoglobulin transcripts and JCHAIN. Pathway scores favor naive and memory B cell programs over plasma cells, and plasma cells would lack CD20/CD79. Thus, the stage-1 annotation is correct.",1,1,4,1,4,1,4,1,4
32685,CCCAATCGTCGATTGT_F00409,B cell,"B cell

The profile is unequivocally B-cell lineage, with CD20 (MS4A1), CD79A, BANK1, FCRL1/5, CXCR5, and BLK. Naive B-cell pathway score is highest, exceeding memory and plasma cell scores, and classic plasma cell markers are absent. Thus the original annotation stands as a mature B cell.",B cell,"The profile is unequivocally B-cell lineage, with CD20 (MS4A1), CD79A, BANK1, FCRL1/5, CXCR5, and BLK. Naive B-cell pathway score is highest, exceeding memory and plasma cell scores, and classic plasma cell markers are absent. Thus the original annotation stands as a mature B cell.",1,1,4,1,4,1,4,1,4
245582,ATCACGACAGGTGGAT_HD101,B cell,B cell,B cell,,1,1,4,1,4,1,4,1,4
261410,CATACTTGCCAAGT-SC14,B cell,"B cell

Expression of CD79A, MS4A1, SPIB, BLK, TCL1A, VPREB3, TNFRSF13C, and high IGHD/IGHM with dominant naive B-cell pathway score confirms a mature/naive B cell. Although immunoglobulin genes are expressed, the absence of plasma cell markers and lower plasma cell score rule out plasma cell identity.",B cell,"Expression of CD79A, MS4A1, SPIB, BLK, TCL1A, VPREB3, TNFRSF13C, and high IGHD/IGHM with dominant naive B-cell pathway score confirms a mature/naive B cell. Although immunoglobulin genes are expressed, the absence of plasma cell markers and lower plasma cell score rule out plasma cell identity.",1,1,4,1,4,1,4,1,4
144600,CAACCAAAGTACGTTC-1-HCATisStab7587205,B cell,B cell,B cell,,1,1,4,1,4,1,4,1,4
234906,ACTGAACCAAAGTCAA-SC56,B cell,"B cell

Strong B-lineage evidence: CD79A, MS4A1, BANK1, FCRL5, CD72, SLAMF1, IGHM, and immunoglobulin genes (IGKC, IGLC). Highest pathway score is naive B cells, with memory B cells also enriched. Lack of T-cell, macrophage, or dendritic cell dominance supports the original B cell annotation.",B cell,"Strong B-lineage evidence: CD79A, MS4A1, BANK1, FCRL5, CD72, SLAMF1, IGHM, and immunoglobulin genes (IGKC, IGLC). Highest pathway score is naive B cells, with memory B cells also enriched. Lack of T-cell, macrophage, or dendritic cell dominance supports the original B cell annotation.",1,1,4,1,4,1,4,1,4
177023,AGATTGCAGTCAAGCG-1-HCATisStab7659969,B cell,"B cell
Mature B cell identity is confirmed by MS4A1 (CD20), CD79A/B, VPREB3, IGLL5, BLK, and immunoglobulin transcripts (IGKC, IGHM, IGLC). Pathway scores favor naive/memory B cells over plasma cells, and the retained CD20/CD79 expression argues against plasma cell differentiation. Thus the stage-1 annotation is correct.",B cell,"Mature B cell identity is confirmed by MS4A1 (CD20), CD79A/B, VPREB3, IGLL5, BLK, and immunoglobulin transcripts (IGKC, IGHM, IGLC). Pathway scores favor naive/memory B cells over plasma cells, and the retained CD20/CD79 expression argues against plasma cell differentiation. Thus the stage-1 annotation is correct.",1,1,4,1,4,1,4,1,4
226495,GCCAAATGTGTTGGGA_SC24,CD1c-positive myeloid dendritic cell,"CD1c-positive myeloid dendritic cell

High HLA-DP/DQ/DR and CD74 with CD1E, FCGR2B, CCL17, AREG, and IL1R2 indicate a conventional type 2 dendritic cell (cDC2). The cDC2 pathway score is highest, and these markers align with the CD1c+ myeloid DC identity, confirming the stage-1 annotation. Monocyte/macrophage programs are lower, so no correction is needed.",CD1c-positive myeloid dendritic cell,"High HLA-DP/DQ/DR and CD74 with CD1E, FCGR2B, CCL17, AREG, and IL1R2 indicate a conventional type 2 dendritic cell (cDC2). The cDC2 pathway score is highest, and these markers align with the CD1c+ myeloid DC identity, confirming the stage-1 annotation. Monocyte/macrophage programs are lower, so no correction is needed.",1,1,4,1,4,1,4,1,4
251889,7239217_GACCTGGCACCAGATT,CD1c-positive myeloid dendritic cell,"CD1c-positive myeloid dendritic cell
The expression profile strongly matches CD1c+ cDC2: high HLA-DR genes, CD1C, CD1E, FCER1A, CLEC10A, and CCL17, with GPR183 and complement C1Q supporting myeloid DC identity. cDC2 pathway score is highest, exceeding DC3 and monocyte programs. No conflicting evidence for a different lineage.",CD1c-positive myeloid dendritic cell,"The expression profile strongly matches CD1c+ cDC2: high HLA-DR genes, CD1C, CD1E, FCER1A, CLEC10A, and CCL17, with GPR183 and complement C1Q supporting myeloid DC identity. cDC2 pathway score is highest, exceeding DC3 and monocyte programs. No conflicting evidence for a different lineage.",1,1,4,1,4,1,4,1,4
22375,TAGACCAGTGGACCTC_SC84,CD1c-positive myeloid dendritic cell,"alveolar macrophage
Expression of CD14, ITGAX, CD163, MRC1, C1QA, HLA-DR, LYZ, G0S2, and OLR1 is consistent with alveolar macrophages. Pathway scores favor monocyte-derived and resident alveolar macrophage programs over other leukocytes. G0S2 and tissue context support lung-resident macrophage identity, confirming the stage-1 annotation.",alveolar macrophage,"Expression of CD14, ITGAX, CD163, MRC1, C1QA, HLA-DR, LYZ, G0S2, and OLR1 is consistent with alveolar macrophages. Pathway scores favor monocyte-derived and resident alveolar macrophage programs over other leukocytes. G0S2 and tissue context support lung-resident macrophage identity, confirming the stage-1 annotation.",0,0,2,0,2,0,2,0,2
295943,ATCACAGAGTCTGTAC_SC142,CD1c-positive myeloid dendritic cell,"CD1c-positive myeloid dendritic cell

Expressed CD1E, FLT3, and abundant HLA class II genes (HLA-DRA/DPA1/DPB1/DQB1) support a CD1c+ dendritic cell identity. Highest pathway score for cDC2, plus DC3 enrichment, fits a CD1c+ myeloid DC profile rather than monocyte/macrophage. Minor macrophage-associated genes (CD163, C1QC, GPNMB) are consistent with cDC2/DC3 plasticity but do not override the dominant DC signature.",CD1c-positive myeloid dendritic cell,"Expressed CD1E, FLT3, and abundant HLA class II genes (HLA-DRA/DPA1/DPB1/DQB1) support a CD1c+ dendritic cell identity. Highest pathway score for cDC2, plus DC3 enrichment, fits a CD1c+ myeloid DC profile rather than monocyte/macrophage. Minor macrophage-associated genes (CD163, C1QC, GPNMB) are consistent with cDC2/DC3 plasticity but do not override the dominant DC signature.",1,1,4,1,4,1,4,1,4
155683,AAGCCGCAGACCGGAT_SC22,CD1c-positive myeloid dendritic cell,"alveolar macrophage

The expression profile (C1QA/B/C, VSIG4, RETN, CD14, MNDA, CLEC7A, HLA-DR) strongly supports a lung macrophage identity. The high C1Q and VSIG4 expression are classic for resident alveolar macrophages. Although monocyte and interstitial macrophage pathway scores are slightly higher, the overall transcriptomic signature and tissue context confirm alveolar macrophage, consistent with the stage-1 annotation.",alveolar macrophage,"The expression profile (C1QA/B/C, VSIG4, RETN, CD14, MNDA, CLEC7A, HLA-DR) strongly supports a lung macrophage identity. The high C1Q and VSIG4 expression are classic for resident alveolar macrophages. Although monocyte and interstitial macrophage pathway scores are slightly higher, the overall transcriptomic signature and tissue context confirm alveolar macrophage, consistent with the stage-1 annotation.",0,0,2,0,2,0,2,0,2
258696,CCTAGCTGTGCCTTGG_F01641,CD1c-positive myeloid dendritic cell,"alveolar macrophage
Expression of C1QA/B/C, CD163, MRC1, SPP1, HLA-DR, and inflammatory chemokines (CCL3, CCL4, CXCL8) strongly supports alveolar macrophage identity in lung parenchyma. Pathway scores favor monocyte-derived/resident alveolar macrophages, and the overall profile is most consistent with the alveolar macrophage annotation.",alveolar macrophage,"Expression of C1QA/B/C, CD163, MRC1, SPP1, HLA-DR, and inflammatory chemokines (CCL3, CCL4, CXCL8) strongly supports alveolar macrophage identity in lung parenchyma. Pathway scores favor monocyte-derived/resident alveolar macrophages, and the overall profile is most consistent with the alveolar macrophage annotation.",0,0,2,0,2,0,2,0,2
233724,ACGGGCTTCTCCTATA_F01639,CD1c-positive myeloid dendritic cell,"CD1c-positive myeloid dendritic cell

High MHC class II and CD1C/CD1A/CD1E expression, along with FCER1A, CLEC10A, and CD207, supports CD1c+ conventional dendritic cell identity. The cDC2 pathway score is highest, and although some monocyte/macrophage genes appear, the overall profile is more consistent with CD1c-positive myeloid dendritic cells than pDCs, monocytes, or alveolar macrophages.",CD1c-positive myeloid dendritic cell,"High MHC class II and CD1C/CD1A/CD1E expression, along with FCER1A, CLEC10A, and CD207, supports CD1c+ conventional dendritic cell identity. The cDC2 pathway score is highest, and although some monocyte/macrophage genes appear, the overall profile is more consistent with CD1c-positive myeloid dendritic cells than pDCs, monocytes, or alveolar macrophages.",1,1,4,1,4,1,4,1,4
53594,CCACTACGTGAGGGAG-1-HCATisStab7587202,CD1c-positive myeloid dendritic cell,"CD1c-positive myeloid dendritic cell
The profile strongly matches CD1c+ conventional dendritic cells (cDC2): high HLA class II genes, CD1C, CD1E, FCER1A, and CLEC10A, with the highest pathway score for cDC2. Some monocyte/macrophage-associated genes appear, but the canonical DC markers and pathway ranking support CD1c-positive myeloid dendritic cell.",CD1c-positive myeloid dendritic cell,"The profile strongly matches CD1c+ conventional dendritic cells (cDC2): high HLA class II genes, CD1C, CD1E, FCER1A, and CLEC10A, with the highest pathway score for cDC2. Some monocyte/macrophage-associated genes appear, but the canonical DC markers and pathway ranking support CD1c-positive myeloid dendritic cell.",1,1,4,1,4,1,4,1,4
148873,7185212_GATCGATGTGCAACGA,CD1c-positive myeloid dendritic cell,"classical monocyte
The expression profile is strongly enriched for classical monocyte markers (FCN1, S100A9, LYZ, IL1B, CXCL8, CCL2) with an inflammatory, circulating signature rather than differentiated alveolar macrophage markers. Despite slightly higher intermediate-monocyte pathway scores, the absence of non-classical markers (FCGR3A, MS4A7) and presence of canonical CD14+ monocyte genes support the original annotation.",classical monocyte,"The expression profile is strongly enriched for classical monocyte markers (FCN1, S100A9, LYZ, IL1B, CXCL8, CCL2) with an inflammatory, circulating signature rather than differentiated alveolar macrophage markers. Despite slightly higher intermediate-monocyte pathway scores, the absence of non-classical markers (FCGR3A, MS4A7) and presence of canonical CD14+ monocyte genes support the original annotation.",0,0,2,0,2,0,2,0,2
64240,GAAGCAGGTTCGGGCT_F02607,CD1c-positive myeloid dendritic cell,"natural killer cell
The cytotoxic NK cell core signature (GNLY, NKG7, GZMB, PRF1, KLRD1, CTSW, FGFBP2, CCL5) is unambiguous, and the top NK pathway score confirms this identity. The accompanying myeloid/macrophage genes (C1Q, LYZ, CD74, HLA-DRA) likely represent ambient RNA contamination or doublets rather than true co-expression. Thus, the stage-1 annotation is correct.",natural killer cell,"The cytotoxic NK cell core signature (GNLY, NKG7, GZMB, PRF1, KLRD1, CTSW, FGFBP2, CCL5) is unambiguous, and the top NK pathway score confirms this identity. The accompanying myeloid/macrophage genes (C1Q, LYZ, CD74, HLA-DRA) likely represent ambient RNA contamination or doublets rather than true co-expression. Thus, the stage-1 annotation is correct.",0,0,1,0,1,0,1,0,1
209736,CACCACTGTCTTTCAT_HD66,CD1c-positive myeloid dendritic cell,"alveolar macrophage

Expression of MARCO, CD68, CD14, APOE, APOC1, LYZ, and high HLA class II genes, plus the top pathway score for alveolar resident macrophage, confirm the stage-1 annotation. The profile is consistent with tissue-resident alveolar macrophages rather than monocytes, dendritic cells, or other lung cell types.",alveolar macrophage,"Expression of MARCO, CD68, CD14, APOE, APOC1, LYZ, and high HLA class II genes, plus the top pathway score for alveolar resident macrophage, confirm the stage-1 annotation. The profile is consistent with tissue-resident alveolar macrophages rather than monocytes, dendritic cells, or other lung cell types.",0,0,2,0,2,0,2,0,2
49874,CACCGTTCAGTTTCGA_SC84,CD1c-positive myeloid dendritic cell,"alveolar macrophage

Expression of APOE, C1QA/B/C, CD163, MRC1, TYROBP, MAFB, and high HLA class II genes is characteristic of tissue-resident alveolar macrophages in lung parenchyma. The top pathway score also supports alveolar resident macrophage identity over monocyte or dendritic cell alternatives.",alveolar macrophage,"Expression of APOE, C1QA/B/C, CD163, MRC1, TYROBP, MAFB, and high HLA class II genes is characteristic of tissue-resident alveolar macrophages in lung parenchyma. The top pathway score also supports alveolar resident macrophage identity over monocyte or dendritic cell alternatives.",0,0,2,0,2,0,2,0,2
253105,CCGTTCACAAGTACCT-1-HCATisStab7587205,CD1c-positive myeloid dendritic cell,"classical monocyte
The top TF-IDF genes are dominated by classical monocyte markers: FCN1, S100A8/9, LYZ, G0S2, IL1B, CXCL8, EREG, AREG, and TYROBP. Although cytotoxic/NK-associated genes (GNLY, NKG7, GZMB) appear, the overall profile strongly supports a myeloid identity, and stage-1 ""T cell"" is likely miscalled.",classical monocyte,"The top TF-IDF genes are dominated by classical monocyte markers: FCN1, S100A8/9, LYZ, G0S2, IL1B, CXCL8, EREG, AREG, and TYROBP. Although cytotoxic/NK-associated genes (GNLY, NKG7, GZMB) appear, the overall profile strongly supports a myeloid identity, and stage-1 ""T cell"" is likely miscalled.",0,0,2,0,2,0,2,0,2
119300,ATGAGGGTCAGTGCAT_F01394,CD1c-positive myeloid dendritic cell,"alveolar macrophage

The expression profile (C1QA/B/C, CD68, CD163, TREM2, LYZ, high MHC-II) and top pathway score for alveolar resident macrophage confirm the stage-1 annotation. The presence of CD74, TYROBP, and FCER1G further supports macrophage identity. No markers indicate dendritic cell, monocyte, or fibroblast lineage. Therefore, alveolar macrophage is the most accurate cell type.",alveolar macrophage,"The expression profile (C1QA/B/C, CD68, CD163, TREM2, LYZ, high MHC-II) and top pathway score for alveolar resident macrophage confirm the stage-1 annotation. The presence of CD74, TYROBP, and FCER1G further supports macrophage identity. No markers indicate dendritic cell, monocyte, or fibroblast lineage. Therefore, alveolar macrophage is the most accurate cell type.",0,0,2,0,2,0,2,0,2
14825,AGTGGGAAGCTCTCGG-1-HCATisStab7587211,CD1c-positive myeloid dendritic cell,"CD1c-positive myeloid dendritic cell

High expression of HLA-DR genes, CD74, FCER1A, CD1E, CLEC10A, and the cDC2 pathway score of 0.866 confirm a CD1c+ myeloid dendritic cell identity. While monocyte/macrophage-associated genes (CD14, C1Q, LYZ) and inflammatory chemokines appear, they are lower-ranked and likely reflect activation or ambient signal; the dominant program is cDC2, not classical monocyte or alveolar macrophage.",CD1c-positive myeloid dendritic cell,"High expression of HLA-DR genes, CD74, FCER1A, CD1E, CLEC10A, and the cDC2 pathway score of 0.866 confirm a CD1c+ myeloid dendritic cell identity. While monocyte/macrophage-associated genes (CD14, C1Q, LYZ) and inflammatory chemokines appear, they are lower-ranked and likely reflect activation or ambient signal; the dominant program is cDC2, not classical monocyte or alveolar macrophage.",1,1,4,1,4,1,4,1,4
165237,TGCAGATAGTCATACC_SC84,CD1c-positive myeloid dendritic cell,"alveolar macrophage

The high expression of C1QA/B/C, HLA-DR genes, LYZ, CD163, MS4A7, and inflammatory cytokines (CXCL8, CCL3, IL1B) is characteristic of activated alveolar macrophages in lung parenchyma. Complement component expression and lipid-associated markers strongly support alveolar identity over monocyte or interstitial macrophage classification.",alveolar macrophage,"The high expression of C1QA/B/C, HLA-DR genes, LYZ, CD163, MS4A7, and inflammatory cytokines (CXCL8, CCL3, IL1B) is characteristic of activated alveolar macrophages in lung parenchyma. Complement component expression and lipid-associated markers strongly support alveolar identity over monocyte or interstitial macrophage classification.",0,0,2,0,2,0,2,0,2
323468,ACGAGGAGTGATGCCC-1-HCATisStab7747199,CD1c-positive myeloid dendritic cell,"CD1c-positive myeloid dendritic cell

The expression profile is dominated by MHC class II genes (HLA-DRA, HLA-DPB1, HLA-DPA1, HLA-DQA1, HLA-DRB1) with CD74, CD83, CCR7, FCER1A, CST3, and GPR183, a signature characteristic of CD1c+ cDC2 cells. The cDC2 pathway score is highest, and there is no clear evidence for pDC (CLEC4C/IL3RA) or monocyte/macrophage identity (low CD14, S100A8/9, VCAN). This confirms the stage-1 annotation.",CD1c-positive myeloid dendritic cell,"The expression profile is dominated by MHC class II genes (HLA-DRA, HLA-DPB1, HLA-DPA1, HLA-DQA1, HLA-DRB1) with CD74, CD83, CCR7, FCER1A, CST3, and GPR183, a signature characteristic of CD1c+ cDC2 cells. The cDC2 pathway score is highest, and there is no clear evidence for pDC (CLEC4C/IL3RA) or monocyte/macrophage identity (low CD14, S100A8/9, VCAN). This confirms the stage-1 annotation.",1,1,4,1,4,1,4,1,4
248160,7239218_GAACATCAGTACATGA,CD1c-positive myeloid dendritic cell,"alveolar macrophage
The expression profile (LYZ, C1QA/B/C, TYROBP, CD74, HLA-DR, G0S2, MS4A6A) is highly characteristic of alveolar macrophages. Pathway scoring supports this identity, with monocyte-derived and resident alveolar macrophage programs most active. The cell is best classified as an alveolar macrophage from the given list.",alveolar macrophage,"The expression profile (LYZ, C1QA/B/C, TYROBP, CD74, HLA-DR, G0S2, MS4A6A) is highly characteristic of alveolar macrophages. Pathway scoring supports this identity, with monocyte-derived and resident alveolar macrophage programs most active. The cell is best classified as an alveolar macrophage from the given list.",0,0,2,0,2,0,2,0,2
181106,7239219_AACACGTCACCTCGGA,CD1c-positive myeloid dendritic cell,"CD1c-positive myeloid dendritic cell

The expression profile strongly matches a conventional CD1c+ (cDC2) dendritic cell: high MHC class II genes (HLA-DRA, HLA-DQB1), FCER1A, CLEC10A, CD74, and complement C1QA/B/C with TYROBP. Pathway scores rank DC3 and cDC2 highest. SFTPC likely reflects ambient contamination; surface and transcriptional evidence confirm the original annotation.",CD1c-positive myeloid dendritic cell,"The expression profile strongly matches a conventional CD1c+ (cDC2) dendritic cell: high MHC class II genes (HLA-DRA, HLA-DQB1), FCER1A, CLEC10A, CD74, and complement C1QA/B/C with TYROBP. Pathway scores rank DC3 and cDC2 highest. SFTPC likely reflects ambient contamination; surface and transcriptional evidence confirm the original annotation.",1,1,4,1,4,1,4,1,4
122975,CGTCTACTCGGAAATA-1-HCATisStab7587202,CD1c-positive myeloid dendritic cell,"CD1c-positive myeloid dendritic cell

High expression of CD1C, CLEC10A, HLA-DR genes, and GPR183 confirms a cDC2 identity. Inflammatory genes (LYZ, FCN1, CXCL8, IL1B) reflect activation or DC3-like plasticity, but the pathway score for cDC2 is highest and the surface/gene evidence supports CD1c+ myeloid dendritic cells over classical monocytes.",CD1c-positive myeloid dendritic cell,"High expression of CD1C, CLEC10A, HLA-DR genes, and GPR183 confirms a cDC2 identity. Inflammatory genes (LYZ, FCN1, CXCL8, IL1B) reflect activation or DC3-like plasticity, but the pathway score for cDC2 is highest and the surface/gene evidence supports CD1c+ myeloid dendritic cells over classical monocytes.",1,1,4,1,4,1,4,1,4
31748,AGCGTATTCGCTTAGA-1-HCATisStab7747197,"CD4-positive, alpha-beta T cell",T cell,T cell,,0,0,3,0,3,0,3,0,3
97151,ACACCGGAGAGTTGGC-1-HCATisStab7587202,"CD4-positive, alpha-beta T cell","CD4-positive, alpha-beta T cell

The gene expression profile (CD3D/E, TRAC, TRBC1/2, IL7R, CCR7, SELL, CD2) is clearly T-cell lineage. Pathway scoring ranks CD4+ T cells highest, followed by regulatory T cells, with lower CD8/NK scores. Expression of CCR7, IL7R, and SELL indicates a CD4+ T cell phenotype rather than a generic T cell.","CD4-positive, alpha-beta T cell","The gene expression profile (CD3D/E, TRAC, TRBC1/2, IL7R, CCR7, SELL, CD2) is clearly T-cell lineage. Pathway scoring ranks CD4+ T cells highest, followed by regulatory T cells, with lower CD8/NK scores. Expression of CCR7, IL7R, and SELL indicates a CD4+ T cell phenotype rather than a generic T cell.",1,1,4,1,4,1,4,1,4
226376,GCGCAGTCAATGGTCT-1-HCATisStab7587202,"CD4-positive, alpha-beta T cell","CD8-positive, alpha-beta T cell

Reasoning: Expression of TRAC, TRBC, CD3D/E, CD2, and TRAT1 confirms alpha-beta T cell identity. Cytotoxic/effector genes (GZMK, CCL5, IL32, KLRB1) and the dominant CD8+ TCM pathway score support CD8+ T cell status. Absence of CD4 or B cell markers and presence of activation genes (CD69, RGS1) fit an effector/memory CD8+ T cell.","CD8-positive, alpha-beta T cell","Reasoning: Expression of TRAC, TRBC, CD3D/E, CD2, and TRAT1 confirms alpha-beta T cell identity. Cytotoxic/effector genes (GZMK, CCL5, IL32, KLRB1) and the dominant CD8+ TCM pathway score support CD8+ T cell status. Absence of CD4 or B cell markers and presence of activation genes (CD69, RGS1) fit an effector/memory CD8+ T cell.",0,0,3,0,3,0,3,0,3
269623,TCAGGATCAGTAACGG_F02526,"CD4-positive, alpha-beta T cell","CD8-positive, alpha-beta T cell

Expression of canonical T-cell markers (CD3E, CD2, CD5) plus cytotoxic/effector genes (IFNG, TNF, GZMA, CCL5) and activation/tissue-residency features (CD69, CXCR6, PRDM1) confirms an activated/memory CD8+ αβ T cell. The highest pathway score for CD8+ tissue-resident memory T cells supports this identity. No evidence of NK-cell lineage (CD3 negative) or CD4+ polarization is present.","CD8-positive, alpha-beta T cell","Expression of canonical T-cell markers (CD3E, CD2, CD5) plus cytotoxic/effector genes (IFNG, TNF, GZMA, CCL5) and activation/tissue-residency features (CD69, CXCR6, PRDM1) confirms an activated/memory CD8+ αβ T cell. The highest pathway score for CD8+ tissue-resident memory T cells supports this identity. No evidence of NK-cell lineage (CD3 negative) or CD4+ polarization is present.",0,0,3,0,3,0,3,0,3
130497,CATATGGTCTAACCGA_F01513,"CD4-positive, alpha-beta T cell","CD4-positive, alpha-beta T cell

T cell identity is confirmed by CD3E, CD3D, CD2, LCK, and TRAT1. CD40LG and IL2 are canonical CD4+ T cell activation markers; CD69 and CXCR6 indicate tissue-resident activated state. The highest pathway score is Th1, consistent with CD4+ alpha-beta T cells, not CD8 or NK. The original annotation is supported.","CD4-positive, alpha-beta T cell","T cell identity is confirmed by CD3E, CD3D, CD2, LCK, and TRAT1. CD40LG and IL2 are canonical CD4+ T cell activation markers; CD69 and CXCR6 indicate tissue-resident activated state. The highest pathway score is Th1, consistent with CD4+ alpha-beta T cells, not CD8 or NK. The original annotation is supported.",1,1,4,1,4,1,4,1,4
299865,P3_7_TCTATTGAGGAGTCTG,"CD4-positive, alpha-beta T cell","CD8-positive, alpha-beta T cell

The profile strongly supports an alpha-beta T cell (TRAC, TRBC1/2, CD3D/E/G, LCK, CD2) with cytotoxic/effector features (GZMA, GZMH, CCL5, CCL4, XCL1). CD69 and CXCR3 suggest tissue-resident/activated status. CD40LG is minor, and Th1 pathway overlap reflects effector genes, but the overall evidence favors CD8+ rather than CD4+ identity.","CD8-positive, alpha-beta T cell","The profile strongly supports an alpha-beta T cell (TRAC, TRBC1/2, CD3D/E/G, LCK, CD2) with cytotoxic/effector features (GZMA, GZMH, CCL5, CCL4, XCL1). CD69 and CXCR3 suggest tissue-resident/activated status. CD40LG is minor, and Th1 pathway overlap reflects effector genes, but the overall evidence favors CD8+ rather than CD4+ identity.",0,0,3,0,3,0,3,0,3
278690,AGTGTCAGTGTCCTCT-1-HCATisStab7747197,"CD4-positive, alpha-beta T cell","CD4-positive, alpha-beta T cell
The profile shows canonical αβ T cell markers (TRAC, TRBC1/2, CD3D/E, CD2, CD7) and CD4-associated genes (CCR7, IL2RA, ICOS, TNFRSF4, TNFRSF18), with no CD8A/B or cytotoxic features. High Th1, Treg, and Th17 pathway scores support CD4+ helper/regulatory identity, consistent with the stage-1 annotation.","CD4-positive, alpha-beta T cell","The profile shows canonical αβ T cell markers (TRAC, TRBC1/2, CD3D/E, CD2, CD7) and CD4-associated genes (CCR7, IL2RA, ICOS, TNFRSF4, TNFRSF18), with no CD8A/B or cytotoxic features. High Th1, Treg, and Th17 pathway scores support CD4+ helper/regulatory identity, consistent with the stage-1 annotation.",1,1,4,1,4,1,4,1,4
80299,ATCATCTGTAGCGCTC-SC56,"CD4-positive, alpha-beta T cell","CD4-positive, alpha-beta T cell

Expression of IL7R, CD2, TRAT1, GPR171, and CD40LG supports CD4+ T cell identity. Pathway scores favor CD4-associated programs (Treg, Th17, Th1) over CD8/NK. Minor activation/effector markers (CD69, RGS1, KLRB1, GZMB) reflect an activated or memory subset but do not change the broad subtype.","CD4-positive, alpha-beta T cell","Expression of IL7R, CD2, TRAT1, GPR171, and CD40LG supports CD4+ T cell identity. Pathway scores favor CD4-associated programs (Treg, Th17, Th1) over CD8/NK. Minor activation/effector markers (CD69, RGS1, KLRB1, GZMB) reflect an activated or memory subset but do not change the broad subtype.",1,1,4,1,4,1,4,1,4
213014,ATTCTACAGACTTTCG-1-HCATisStab7747200,"CD4-positive, alpha-beta T cell","CD8-positive, alpha-beta T cell

Expression of T cell receptor (TRAC, TRBC1) and CD3 complex confirms an alpha-beta T cell. High cytotoxic/effector markers (NKG7, GNLY, CCL4, CCL5, CCL3) and pathway scores favoring CD8+ over CD4+ T cells support CD8 lineage. CD69/TNFRSF18 suggest activated or resident memory phenotype.","CD8-positive, alpha-beta T cell","Expression of T cell receptor (TRAC, TRBC1) and CD3 complex confirms an alpha-beta T cell. High cytotoxic/effector markers (NKG7, GNLY, CCL4, CCL5, CCL3) and pathway scores favoring CD8+ over CD4+ T cells support CD8 lineage. CD69/TNFRSF18 suggest activated or resident memory phenotype.",0,0,3,0,3,0,3,0,3
53617,ATCTACTCATTCCTCG-SC155,"CD4-positive, alpha-beta T cell","T cell

The expression profile is dominated by canonical pan-T cell markers (CD3D, CD3E, TRAC, TRBC1/2, CD2, CD7, IL7R, CCR7) without clear CD4 or CD8 lineage commitment. Pathway scores for CD4, CD8, and regulatory T cells are nearly equal, and NK-like genes are lower. Thus, the most accurate call from the provided list is generic T cell.",T cell,"The expression profile is dominated by canonical pan-T cell markers (CD3D, CD3E, TRAC, TRBC1/2, CD2, CD7, IL7R, CCR7) without clear CD4 or CD8 lineage commitment. Pathway scores for CD4, CD8, and regulatory T cells are nearly equal, and NK-like genes are lower. Thus, the most accurate call from the provided list is generic T cell.",0,0,3,0,3,0,3,0,3
236448,CGATCGGGTGTAACGG_HD101,"CD4-positive, alpha-beta T cell","CD8-positive, alpha-beta T cell

Strong expression of CD3E/CD3D/CD3G, TRBC2, CD2, LCK, ZAP70, and CD8A/CD8B confirms an alpha-beta T cell with CD8 co-receptor. Cytotoxic genes (GZMK, GZMA, GNLY, PRF1, NKG7) are consistent with activated/effector CD8 T cells, but CD3 and CD8 exclusivity rule out NK cell identity. Pathway scores favor CD8+ TRM/TCM states, all within CD8-positive alpha-beta T cell lineage.","CD8-positive, alpha-beta T cell","Strong expression of CD3E/CD3D/CD3G, TRBC2, CD2, LCK, ZAP70, and CD8A/CD8B confirms an alpha-beta T cell with CD8 co-receptor. Cytotoxic genes (GZMK, GZMA, GNLY, PRF1, NKG7) are consistent with activated/effector CD8 T cells, but CD3 and CD8 exclusivity rule out NK cell identity. Pathway scores favor CD8+ TRM/TCM states, all within CD8-positive alpha-beta T cell lineage.",0,0,3,0,3,0,3,0,3
104876,AAGGCAGCACGAAACG_F01853,"CD4-positive, alpha-beta T cell","CD8-positive, alpha-beta T cell

Expression of CD3E/CD3D/CD3G, TRBC2, LCK, CD2, and CD8A confirms an αβ T cell with CD8 lineage. Cytotoxic markers GZMA/GZMK, plus CXCR3, CTLA4, and IL7R are consistent with CD8+ T cell memory/effector states. Pathway scores favor CD8+ TCM/TRM programs. Therefore, the stage-1 annotation is correct.","CD8-positive, alpha-beta T cell","Expression of CD3E/CD3D/CD3G, TRBC2, LCK, CD2, and CD8A confirms an αβ T cell with CD8 lineage. Cytotoxic markers GZMA/GZMK, plus CXCR3, CTLA4, and IL7R are consistent with CD8+ T cell memory/effector states. Pathway scores favor CD8+ TCM/TRM programs. Therefore, the stage-1 annotation is correct.",0,0,3,0,3,0,3,0,3
258058,P2_2_TACACGAAGAGGACGG,"CD4-positive, alpha-beta T cell","CD4-positive, alpha-beta T cell

Strong T cell lineage markers (CD3E, CD3D, TRAC, TRBC1/2, CD2, LCK) with CD4-associated genes (IL7R, CD40LG, IL10) and Treg/Th17 pathway enrichment confirm helper CD4+ T cell identity, not CD8, NK, or B cell. KLRB1 and IL10 suggest an activated/regulatory subset, but the best match from the provided list remains CD4-positive, alpha-beta T cell.","CD4-positive, alpha-beta T cell","Strong T cell lineage markers (CD3E, CD3D, TRAC, TRBC1/2, CD2, LCK) with CD4-associated genes (IL7R, CD40LG, IL10) and Treg/Th17 pathway enrichment confirm helper CD4+ T cell identity, not CD8, NK, or B cell. KLRB1 and IL10 suggest an activated/regulatory subset, but the best match from the provided list remains CD4-positive, alpha-beta T cell.",1,1,4,1,4,1,4,1,4
278666,GCTCCTACAATCCGAT-1-HCATisStab7587202,"CD4-positive, alpha-beta T cell","CD4-positive, alpha-beta T cell

The expression profile strongly supports an activated/memory CD4+ αβ T cell, with T cell lineage markers (TRAC, TRBC1, CD3D/E), CD4-associated genes (CD40LG, TNFRSF4), and absence of CD8 markers. While Treg program scores highest, no Treg-specific marker such as FOXP3 appears among top genes, and the available option list does not include a Treg subtype. Thus the original annotation is confirmed.","CD4-positive, alpha-beta T cell","The expression profile strongly supports an activated/memory CD4+ αβ T cell, with T cell lineage markers (TRAC, TRBC1, CD3D/E), CD4-associated genes (CD40LG, TNFRSF4), and absence of CD8 markers. While Treg program scores highest, no Treg-specific marker such as FOXP3 appears among top genes, and the available option list does not include a Treg subtype. Thus the original annotation is confirmed.",1,1,4,1,4,1,4,1,4
190871,GGACATTAGCTAAACA-SC59,"CD4-positive, alpha-beta T cell","CD4-positive, alpha-beta T cell
Strong T cell lineage markers (CD2, IL7R, TRAT1, CD96) with CTLA4 and IL2RA indicate an activated/regulatory CD4+ T cell. Elevated Th17 and Treg pathway scores support CD4 lineage over CD8 or NK, confirming the stage-1 annotation.","CD4-positive, alpha-beta T cell","Strong T cell lineage markers (CD2, IL7R, TRAT1, CD96) with CTLA4 and IL2RA indicate an activated/regulatory CD4+ T cell. Elevated Th17 and Treg pathway scores support CD4 lineage over CD8 or NK, confirming the stage-1 annotation.",1,1,4,1,4,1,4,1,4
230780,P3_7_GGTGAAGTCTCACATT,"CD4-positive, alpha-beta T cell","CD4-positive, alpha-beta T cell

Expression of TRAC/TRBC, CD3D/CD3E, LCK/LAT confirms alpha-beta T cell. CD40LG, IL7R, and LTB support CD4+ helper identity, while lack of CD8A/B excludes CD8+ T cell. Cytotoxic effectors (GZMA/GZMK) and CXCR3/GZMK suggest an activated/memory Th1-like CD4+ compartment, not an NK or CD8 cell.","CD4-positive, alpha-beta T cell","Expression of TRAC/TRBC, CD3D/CD3E, LCK/LAT confirms alpha-beta T cell. CD40LG, IL7R, and LTB support CD4+ helper identity, while lack of CD8A/B excludes CD8+ T cell. Cytotoxic effectors (GZMA/GZMK) and CXCR3/GZMK suggest an activated/memory Th1-like CD4+ compartment, not an NK or CD8 cell.",1,1,4,1,4,1,4,1,4
146552,AAAGCAATCAACACTG_F02524,"CD4-positive, alpha-beta T cell","CD8-positive, alpha-beta T cell
Expression of CD3E/D/G, CD2, LCK, IL7R, and cytotoxic markers (GZMA, GNLY, NKG7, CCL5, CST7) confirms a CD8+ alpha-beta T cell identity. CD3 positivity excludes NK cell, and the top pathway score is CD8+ TCM.","CD8-positive, alpha-beta T cell","Expression of CD3E/D/G, CD2, LCK, IL7R, and cytotoxic markers (GZMA, GNLY, NKG7, CCL5, CST7) confirms a CD8+ alpha-beta T cell identity. CD3 positivity excludes NK cell, and the top pathway score is CD8+ TCM.",0,0,3,0,3,0,3,0,3
281718,CGAGAAGGTACCTACA-SC56,"CD4-positive, alpha-beta T cell","CD4-positive, alpha-beta T cell

The expression profile is clearly T-cell lineage (CD3D, TRAC, CD2, IL32, ITK, SH2D1A). The presence of IL2RA (CD25), IL7R, RGS1, BATF, and PRDM1, along with the highest regulatory T-cell pathway score and relatively low NK/CD8 scores, supports a CD4+ helper/regulatory T-cell phenotype rather than generic T cell or CD8+ T cell.","CD4-positive, alpha-beta T cell","The expression profile is clearly T-cell lineage (CD3D, TRAC, CD2, IL32, ITK, SH2D1A). The presence of IL2RA (CD25), IL7R, RGS1, BATF, and PRDM1, along with the highest regulatory T-cell pathway score and relatively low NK/CD8 scores, supports a CD4+ helper/regulatory T-cell phenotype rather than generic T cell or CD8+ T cell.",1,1,4,1,4,1,4,1,4
312865,CATATGGGTTAAGATG-SC56,"CD4-positive, alpha-beta T cell","CD8-positive, alpha-beta T cell

Expression of CD3D, CD247, IL7R, and PTPRC confirms a T cell lineage. High levels of PDCD1, CXCR6, CD69, PRDM1, IFNG, CCL4, and GPR171 indicate an activated/exhausted tissue-resident CD8+ T cell phenotype, consistent with lung parenchyma. Pathway scores support CD8+ T cell identity (TCM/TRM strongest); no NK or CD4-specific markers dominate. The original annotation is accurate.","CD8-positive, alpha-beta T cell","Expression of CD3D, CD247, IL7R, and PTPRC confirms a T cell lineage. High levels of PDCD1, CXCR6, CD69, PRDM1, IFNG, CCL4, and GPR171 indicate an activated/exhausted tissue-resident CD8+ T cell phenotype, consistent with lung parenchyma. Pathway scores support CD8+ T cell identity (TCM/TRM strongest); no NK or CD4-specific markers dominate. The original annotation is accurate.",0,0,3,0,3,0,3,0,3
146015,CTGTTTAGTAAACGCG_HD67,"CD4-positive, alpha-beta T cell","CD8-positive, alpha-beta T cell

The profile expresses T cell receptor components (CD3E, CD3D, CD247, TRBC2), CD2, and both CD8A/CD8B, confirming CD8+ alpha-beta T cells. High IL7R and CCL5 with PRF1 support memory/cytotoxic T cell identity. NK-associated genes (KLRC1, KLRD1) can be expressed by activated/memory CD8 T cells, but surface CD3 and CD8 exclude NK cells.","CD8-positive, alpha-beta T cell","The profile expresses T cell receptor components (CD3E, CD3D, CD247, TRBC2), CD2, and both CD8A/CD8B, confirming CD8+ alpha-beta T cells. High IL7R and CCL5 with PRF1 support memory/cytotoxic T cell identity. NK-associated genes (KLRC1, KLRD1) can be expressed by activated/memory CD8 T cells, but surface CD3 and CD8 exclude NK cells.",0,0,3,0,3,0,3,0,3
189979,AGAATAGGTGACAAAT_F00409,"CD8-positive, alpha-beta T cell","CD4-positive, alpha-beta T cell

Expression of CD3E, CD7, CD96, and IL7R confirms T cell identity, with no CD8/cytotoxic signature. Activation markers and Th17/Th1/Treg pathway enrichment indicate an activated CD4+ helper T cell, supporting the original annotation.","CD4-positive, alpha-beta T cell","Expression of CD3E, CD7, CD96, and IL7R confirms T cell identity, with no CD8/cytotoxic signature. Activation markers and Th17/Th1/Treg pathway enrichment indicate an activated CD4+ helper T cell, supporting the original annotation.",0,0,3,0,3,0,3,0,3
26516,GTACTTTAGGCTATCT-SC45,"CD8-positive, alpha-beta T cell","CD8-positive, alpha-beta T cell

The profile shows strong CD8A expression with cytotoxic effector genes (GZMK, NKG7, IFNG, CCL3/4/5) and alpha-beta TCR components (TRAC, TRBC1, CD3D/E), confirming CD8+ alpha-beta T cells. High CD8+ TRM and TCM pathway scores further support this annotation. Minor TRGC2 expression is outweighed by the dominant CD8alpha-beta signature.","CD8-positive, alpha-beta T cell","The profile shows strong CD8A expression with cytotoxic effector genes (GZMK, NKG7, IFNG, CCL3/4/5) and alpha-beta TCR components (TRAC, TRBC1, CD3D/E), confirming CD8+ alpha-beta T cells. High CD8+ TRM and TCM pathway scores further support this annotation. Minor TRGC2 expression is outweighed by the dominant CD8alpha-beta signature.",1,1,4,1,4,1,4,1,4
30489,CATTCGCTCACGACTA-1-HCATisStab7747197,"CD8-positive, alpha-beta T cell","CD8-positive, alpha-beta T cell

The profile shows TCR components (TRAC, TRBC2, CD3D/E/G) plus CD8A/CD8B, with cytotoxic effector molecules (GZMA/B/H/K/M, PRF1, GNLY, NKG7) and IFNG/CCL4/CCL5. This confirms an activated/cytotoxic CD8+ alpha-beta T cell; NK pathway score is elevated due to shared killing machinery, but TCR and CD8 expression definitively identify it as a T cell subtype.","CD8-positive, alpha-beta T cell","The profile shows TCR components (TRAC, TRBC2, CD3D/E/G) plus CD8A/CD8B, with cytotoxic effector molecules (GZMA/B/H/K/M, PRF1, GNLY, NKG7) and IFNG/CCL4/CCL5. This confirms an activated/cytotoxic CD8+ alpha-beta T cell; NK pathway score is elevated due to shared killing machinery, but TCR and CD8 expression definitively identify it as a T cell subtype.",1,1,4,1,4,1,4,1,4
102901,GTCTTCGGTGCTAGCC-SC59,"CD8-positive, alpha-beta T cell","CD8-positive, alpha-beta T cell

Expression of CD8A, CD3D/CD3E, TRAC/TRBC2, and cytotoxic effector genes (GZMK, GZMA, GZMM, CCL5, NKG7, CTSW) confirms a CD8+ alpha-beta T cell. Although NK cell pathway score is highest, the presence of TCR components and CD8 excludes an NK cell. Memory/activation markers (CD69, CXCR4, SH2D1A) support an effector/memory phenotype, but among listed options the CD8-positive alpha-beta T cell is most accurate.","CD8-positive, alpha-beta T cell","Expression of CD8A, CD3D/CD3E, TRAC/TRBC2, and cytotoxic effector genes (GZMK, GZMA, GZMM, CCL5, NKG7, CTSW) confirms a CD8+ alpha-beta T cell. Although NK cell pathway score is highest, the presence of TCR components and CD8 excludes an NK cell. Memory/activation markers (CD69, CXCR4, SH2D1A) support an effector/memory phenotype, but among listed options the CD8-positive alpha-beta T cell is most accurate.",1,1,4,1,4,1,4,1,4
185896,TTCCCAGGTGGTACAG_HD67,"CD8-positive, alpha-beta T cell","CD8-positive, alpha-beta T cell

Expression of CD3E, TRBC1/2, and CD247 confirms an alpha-beta T cell lineage, not NK cell. High cytotoxic effector genes (GZMA/B/H/K, PRF1, GNLY) and chemokines (CCL3/4/5, XCL1/2) support a CD8+ effector/memory phenotype. Elevated NK pathway score reflects shared innate/cytotoxic markers (NKG7, KLRD1, KLRB1), but TCR components define the correct subtype.","CD8-positive, alpha-beta T cell","Expression of CD3E, TRBC1/2, and CD247 confirms an alpha-beta T cell lineage, not NK cell. High cytotoxic effector genes (GZMA/B/H/K, PRF1, GNLY) and chemokines (CCL3/4/5, XCL1/2) support a CD8+ effector/memory phenotype. Elevated NK pathway score reflects shared innate/cytotoxic markers (NKG7, KLRD1, KLRB1), but TCR components define the correct subtype.",1,1,4,1,4,1,4,1,4
83578,AACTTTCGTCCGAATT-1-HCATisStab7659970,"CD8-positive, alpha-beta T cell","CD8-positive, alpha-beta T cell

The presence of T cell receptor components (TRAC, TRBC1/2, CD3E) and CD8A confirms an alpha-beta CD8+ T cell, ruling out NK cells despite a slightly higher NK pathway score. Cytotoxic effector genes (GZMA, GZMK, NKG7, IFNG, CCL4/5) and activation markers (CD69, RGS1) indicate an activated/effector memory phenotype, consistent with the stage-1 annotation.","CD8-positive, alpha-beta T cell","The presence of T cell receptor components (TRAC, TRBC1/2, CD3E) and CD8A confirms an alpha-beta CD8+ T cell, ruling out NK cells despite a slightly higher NK pathway score. Cytotoxic effector genes (GZMA, GZMK, NKG7, IFNG, CCL4/5) and activation markers (CD69, RGS1) indicate an activated/effector memory phenotype, consistent with the stage-1 annotation.",1,1,4,1,4,1,4,1,4
190067,CCGTGGAAGCTGTTCA-1-HCATisStab7747200,"CD8-positive, alpha-beta T cell","CD8-positive, alpha-beta T cell
Expression of TCR (TRAC, TRBC1/2) and CD3 confirms an alpha-beta T cell, excluding NK cell despite high GNLY/NKG7. Cytotoxic effector genes (GZMA/B/H/M, PRF1, NKG7) and chemokines (CCL5/4/3) with higher CD8+ TEM/TRM pathway scores than Th1 support an activated/effector CD8+ T cell identity.","CD8-positive, alpha-beta T cell","Expression of TCR (TRAC, TRBC1/2) and CD3 confirms an alpha-beta T cell, excluding NK cell despite high GNLY/NKG7. Cytotoxic effector genes (GZMA/B/H/M, PRF1, NKG7) and chemokines (CCL5/4/3) with higher CD8+ TEM/TRM pathway scores than Th1 support an activated/effector CD8+ T cell identity.",1,1,4,1,4,1,4,1,4
193287,P1_4_TCTCTAACAGATCCAT,"CD8-positive, alpha-beta T cell","CD8-positive, alpha-beta T cell

The expression of CD3D/CD3G/CD3E, TRAC/TRBC2, and cytotoxic effectors (GZMH, GZMB, PRF1, NKG7, GNLY) confirms a CD8+ alpha-beta T cell. Despite high NK-pathway scores, TCR expression and CD8-associated cytotoxic profile differentiate it from natural killer cells. The effector memory signature (CCL5, FGFBP2, KLRG1) supports an activated CD8+ T cell.","CD8-positive, alpha-beta T cell","The expression of CD3D/CD3G/CD3E, TRAC/TRBC2, and cytotoxic effectors (GZMH, GZMB, PRF1, NKG7, GNLY) confirms a CD8+ alpha-beta T cell. Despite high NK-pathway scores, TCR expression and CD8-associated cytotoxic profile differentiate it from natural killer cells. The effector memory signature (CCL5, FGFBP2, KLRG1) supports an activated CD8+ T cell.",1,1,4,1,4,1,4,1,4
266306,CATCCACAGGTGTTAA-1-HCATisStab7747200,"CD8-positive, alpha-beta T cell","CD8-positive, alpha-beta T cell

CD3D/CD3E/CD3G, TRAC, TRBC1, CD2, and CD247 confirm a T cell identity with TCR expression, ruling out NK cells despite high NKG7/GNLY/GZMK/PRF1. Cytotoxic effector molecules and the strong CD8+ TEM pathway score support an activated/effector memory CD8+ alpha-beta T cell in lung parenchyma.","CD8-positive, alpha-beta T cell","CD3D/CD3E/CD3G, TRAC, TRBC1, CD2, and CD247 confirm a T cell identity with TCR expression, ruling out NK cells despite high NKG7/GNLY/GZMK/PRF1. Cytotoxic effector molecules and the strong CD8+ TEM pathway score support an activated/effector memory CD8+ alpha-beta T cell in lung parenchyma.",1,1,4,1,4,1,4,1,4
38365,GCTTGAAGTTGTGGCC-1-HCATisStab7747197,"CD8-positive, alpha-beta T cell","CD8-positive, alpha-beta T cell

The profile shows canonical αβ T cell markers (TRAC, TRBC1/2, CD3D/E/G, CD8A/B) with cytotoxic effector molecules (GZMK, GZMA, GNLY, NKG7, IFNG-related) and chemokines (CCL5, CCL4). Highest pathway scores for CD8+ TRM and TCM further support this annotation. The minor TRGC2 signal may reflect contamination, but dominant TCR α/β chains confirm specificity.","CD8-positive, alpha-beta T cell","The profile shows canonical αβ T cell markers (TRAC, TRBC1/2, CD3D/E/G, CD8A/B) with cytotoxic effector molecules (GZMK, GZMA, GNLY, NKG7, IFNG-related) and chemokines (CCL5, CCL4). Highest pathway scores for CD8+ TRM and TCM further support this annotation. The minor TRGC2 signal may reflect contamination, but dominant TCR α/β chains confirm specificity.",1,1,4,1,4,1,4,1,4
202200,P1_4_GGCGACTTCTGTTGAG,"CD8-positive, alpha-beta T cell","CD8-positive, alpha-beta T cell

The profile shows CD3D, CD3G, and TRBC1/2 with CD8A/CD8B, confirming an alpha-beta T cell lineage, not an NK cell. Cytotoxic genes (GZMB, PRF1, GNLY, NKG7) and NK receptors indicate an activated/effector CD8+ T cell state.","CD8-positive, alpha-beta T cell","The profile shows CD3D, CD3G, and TRBC1/2 with CD8A/CD8B, confirming an alpha-beta T cell lineage, not an NK cell. Cytotoxic genes (GZMB, PRF1, GNLY, NKG7) and NK receptors indicate an activated/effector CD8+ T cell state.",1,1,4,1,4,1,4,1,4
257110,TTGGCAAAGCTCAACT_HD101,"CD8-positive, alpha-beta T cell","CD8-positive, alpha-beta T cell

Expression of CD3E/D/G, TRBC2, CD247, and CD8A/B confirms an alpha-beta T cell with CD8 co-receptor. Although cytotoxic effectors (GNLY, NKG7, PRF1, granzymes) are prominent and shared with NK cells, the presence of TCR components and CD3 complex excludes NK identity. The CD8+ effector/cytotoxic profile and high NK-like pathway score reflect activated CD8+ T cells, not NK cells.","CD8-positive, alpha-beta T cell","Expression of CD3E/D/G, TRBC2, CD247, and CD8A/B confirms an alpha-beta T cell with CD8 co-receptor. Although cytotoxic effectors (GNLY, NKG7, PRF1, granzymes) are prominent and shared with NK cells, the presence of TCR components and CD3 complex excludes NK identity. The CD8+ effector/cytotoxic profile and high NK-like pathway score reflect activated CD8+ T cells, not NK cells.",1,1,4,1,4,1,4,1,4
213366,AACGTTGGTTAAGACA-1-HCATisStab7587208,"CD8-positive, alpha-beta T cell","CD8-positive, alpha-beta T cell

Expression of TCR genes (TRAC, TRBC1/2), CD3D/E, and CD8A confirm an alpha-beta CD8 T cell. High cytotoxic/NK-associated transcripts (IFNG, GZMA/K/M, NKG7, GNLY, CCL5) reflect activated or effector/memory phenotype, not NK lineage due to TCR and CD3 co-expression.","CD8-positive, alpha-beta T cell","Expression of TCR genes (TRAC, TRBC1/2), CD3D/E, and CD8A confirm an alpha-beta CD8 T cell. High cytotoxic/NK-associated transcripts (IFNG, GZMA/K/M, NKG7, GNLY, CCL5) reflect activated or effector/memory phenotype, not NK lineage due to TCR and CD3 co-expression.",1,1,4,1,4,1,4,1,4
219818,CGTGTCTAGACGCTTT-1-HCATisStab7747197,"CD8-positive, alpha-beta T cell","CD8-positive, alpha-beta T cell

Strong co-expression of T cell receptor genes (TRAC, TRBC2, CD3D/E) and CD8A/CD8B confirms CD8+ αβ T cell identity. High levels of cytotoxic effectors (GNLY, NKG7, GZMs, PRF1) and chemokines indicate an activated/effector memory phenotype. Despite NK-related pathway enrichment, the presence of TCR and CD8 markers rules out natural killer cell.","CD8-positive, alpha-beta T cell","Strong co-expression of T cell receptor genes (TRAC, TRBC2, CD3D/E) and CD8A/CD8B confirms CD8+ αβ T cell identity. High levels of cytotoxic effectors (GNLY, NKG7, GZMs, PRF1) and chemokines indicate an activated/effector memory phenotype. Despite NK-related pathway enrichment, the presence of TCR and CD8 markers rules out natural killer cell.",1,1,4,1,4,1,4,1,4
224703,CACCTTGTCCAGAGGA-1-HCATisStab7747200,"CD8-positive, alpha-beta T cell","CD8-positive, alpha-beta T cell
TCR (TRAC, TRBC1/2, CD3D/E) confirms T cell identity. Highest pathway score for CD8+ T cells, with cytotoxic effector/TRM markers (NKG7, GNLY, GZMA, CCL5, CD69, KLRB1) supporting CD8 lineage over CD4 or NK.","CD8-positive, alpha-beta T cell","TCR (TRAC, TRBC1/2, CD3D/E) confirms T cell identity. Highest pathway score for CD8+ T cells, with cytotoxic effector/TRM markers (NKG7, GNLY, GZMA, CCL5, CD69, KLRB1) supporting CD8 lineage over CD4 or NK.",1,1,4,1,4,1,4,1,4
147333,GCTCCTAGTCTTGCGG_F00409,"CD8-positive, alpha-beta T cell","CD8-positive, alpha-beta T cell

CD3E and ZAP70 expression confirm T cell lineage, not NK cell identity. Cytotoxic effector molecules (GNLY, PRF1, CCL5) and killer lectin receptors (KLRG1, KLRD1, KLRC3) are consistent with an antigen-experienced CD8+ T cell; NK pathway enrichment reflects shared cytotoxic programs. Memory/activation markers (CD69, NR4A2, CCL4) support tissue-resident/effector memory phenotype.","CD8-positive, alpha-beta T cell","CD3E and ZAP70 expression confirm T cell lineage, not NK cell identity. Cytotoxic effector molecules (GNLY, PRF1, CCL5) and killer lectin receptors (KLRG1, KLRD1, KLRC3) are consistent with an antigen-experienced CD8+ T cell; NK pathway enrichment reflects shared cytotoxic programs. Memory/activation markers (CD69, NR4A2, CCL4) support tissue-resident/effector memory phenotype.",1,1,4,1,4,1,4,1,4
187875,CGACCTTAGCGATGAC-1-HCATisStab7747197,"CD8-positive, alpha-beta T cell","CD8-positive, alpha-beta T cell
The profile clearly shows T cell lineage via CD3D/E/G, TRAC, TRBC1/2, and lacks the definitive NK-cell absence of TCR. Cytotoxic effectors (GZMB, PRF1, GNLY, NKG7) confirm CD8+ cytotoxic T cells. The high NK pathway score reflects shared granzyme/perforin genes, but the alpha-beta TCR expression settles the identity.","CD8-positive, alpha-beta T cell","The profile clearly shows T cell lineage via CD3D/E/G, TRAC, TRBC1/2, and lacks the definitive NK-cell absence of TCR. Cytotoxic effectors (GZMB, PRF1, GNLY, NKG7) confirm CD8+ cytotoxic T cells. The high NK pathway score reflects shared granzyme/perforin genes, but the alpha-beta TCR expression settles the identity.",1,1,4,1,4,1,4,1,4
285939,GTCGTAAGTAGAAGGA-1-HCATisStab7587211,"CD8-positive, alpha-beta T cell","natural killer cell
Expression of GNLY, NKG7, KLRD1, KLRC1, XCL1/XCL2, KLRB1, granzymes (GZMB/GZMH/GZMM), CCL3/4/5, and IFNG strongly supports NK cell identity. Highest pathway scores for conventional and adaptive NK programs confirm this annotation.",natural killer cell,"Expression of GNLY, NKG7, KLRD1, KLRC1, XCL1/XCL2, KLRB1, granzymes (GZMB/GZMH/GZMM), CCL3/4/5, and IFNG strongly supports NK cell identity. Highest pathway scores for conventional and adaptive NK programs confirm this annotation.",0,0,2,0,2,0,2,0,2
157417,CAGCAGCAGGATGTAT-1-HCATisStab7747198,"CD8-positive, alpha-beta T cell","CD8-positive, alpha-beta T cell

The expression of CD3D/E/G, TRAC, TRBC1, and CD8A confirms a T cell, not an NK cell, despite high cytotoxic/NK-associated transcripts (GNLY, NKG7, PRF1, GZMs). This profile matches an activated CD8+ effector-memory T cell in lung parenchyma.","CD8-positive, alpha-beta T cell","The expression of CD3D/E/G, TRAC, TRBC1, and CD8A confirms a T cell, not an NK cell, despite high cytotoxic/NK-associated transcripts (GNLY, NKG7, PRF1, GZMs). This profile matches an activated CD8+ effector-memory T cell in lung parenchyma.",1,1,4,1,4,1,4,1,4
46842,P3_7_GAAATGACACACATGT,"CD8-positive, alpha-beta T cell","natural killer cell
The profile is dominated by canonical NK cell markers (GNLY, NKG7, GZMB, KLRD1, KLRC1/KLRC2, CTSW, CD7, CCL5, XCL1) and pathway scores strongly favor adaptive NKG2C+ and conventional CD56dim NK cells. TRDC/CD8A co-expression could suggest a T-like subset, but the overall evidence clearly supports natural killer cell identity.",natural killer cell,"The profile is dominated by canonical NK cell markers (GNLY, NKG7, GZMB, KLRD1, KLRC1/KLRC2, CTSW, CD7, CCL5, XCL1) and pathway scores strongly favor adaptive NKG2C+ and conventional CD56dim NK cells. TRDC/CD8A co-expression could suggest a T-like subset, but the overall evidence clearly supports natural killer cell identity.",0,0,2,0,2,0,2,0,2
34365,AACTCTTAGGCACATG_HD67,T cell,"CD8-positive, alpha-beta T cell

Expression of CD3E/D/G and CD8A/B with cytotoxic effectors (NKG7, GZMA, GZMH, GZMB, GZMK, CCL5) confirms CD8+ αβ T cell identity. Proliferation markers (MKI67, TOP2A, UBE2C) indicate an activated/expanding population. Although NK-cell genes overlap, CD3 and CD8 positivity exclude NK cells.","CD8-positive, alpha-beta T cell","Expression of CD3E/D/G and CD8A/B with cytotoxic effectors (NKG7, GZMA, GZMH, GZMB, GZMK, CCL5) confirms CD8+ αβ T cell identity. Proliferation markers (MKI67, TOP2A, UBE2C) indicate an activated/expanding population. Although NK-cell genes overlap, CD3 and CD8 positivity exclude NK cells.",0,0,3,0,3,0,3,0,3
44331,ACATGGTCAATCAGAA_HD67,T cell,"CD8-positive, alpha-beta T cell

Expression of CD3E/CD3G/CD3D and TRBC2 confirms an alpha-beta T cell identity, while CD8A/CD8B establish the CD8+ subset. Cytotoxic effectors (GZMB, GZMH, GZMA, PRF1) and NKG7/GNLY are consistent with activated/cytotoxic CD8+ T cells. Proliferation markers (MKI67, TYMS, RRM2) indicate a cycling population. Despite high NK pathway similarity, unambiguous CD3 and TCR expression excludes NK cell identity. The original annotation is confirmed.","CD8-positive, alpha-beta T cell","Expression of CD3E/CD3G/CD3D and TRBC2 confirms an alpha-beta T cell identity, while CD8A/CD8B establish the CD8+ subset. Cytotoxic effectors (GZMB, GZMH, GZMA, PRF1) and NKG7/GNLY are consistent with activated/cytotoxic CD8+ T cells. Proliferation markers (MKI67, TYMS, RRM2) indicate a cycling population. Despite high NK pathway similarity, unambiguous CD3 and TCR expression excludes NK cell identity. The original annotation is confirmed.",0,0,3,0,3,0,3,0,3
129469,AGAGCGAAGGCGACAT-1-HCATisStab7587202,T cell,"CD4-positive, alpha-beta T cell
Strong expression of CD3D/E, TRAC/TRBC, IL2RA, FOXP3, TNFRSF18, TNFRSF4, and ICOS confirms a CD4+ regulatory T cell phenotype, which is a subtype of CD4-positive alpha-beta T cells. Since Treg is not an option in the list, CD4-positive alpha-beta T cell is the most appropriate classification.","CD4-positive, alpha-beta T cell","Strong expression of CD3D/E, TRAC/TRBC, IL2RA, FOXP3, TNFRSF18, TNFRSF4, and ICOS confirms a CD4+ regulatory T cell phenotype, which is a subtype of CD4-positive alpha-beta T cells. Since Treg is not an option in the list, CD4-positive alpha-beta T cell is the most appropriate classification.",0,0,3,0,3,0,3,0,3
6146,P3_7_AAGGTTCAGATGTGTA,T cell,"CD8-positive, alpha-beta T cell

Gene evidence strongly supports a T cell lineage (TRAC, TRBC1/2, CD3D, CD3E, CD2), with effector/activated features including GZMA, CCL5, CXCR3, CD69, and RGS1. Pathway scores rank tissue-resident memory and CD8+ T cell programs higher than CD4+ or regulatory programs, and no NK-specific markers dominate. This confirms and refines the stage-1 “T cell” annotation to a CD8+ alpha-beta T cell.","CD8-positive, alpha-beta T cell","Gene evidence strongly supports a T cell lineage (TRAC, TRBC1/2, CD3D, CD3E, CD2), with effector/activated features including GZMA, CCL5, CXCR3, CD69, and RGS1. Pathway scores rank tissue-resident memory and CD8+ T cell programs higher than CD4+ or regulatory programs, and no NK-specific markers dominate. This confirms and refines the stage-1 “T cell” annotation to a CD8+ alpha-beta T cell.",0,0,3,0,3,0,3,0,3
240932,CCAGCGATCCATGAAC_HD67,T cell,"natural killer cell
The dominant expression of GNLY, NKG7, GZMB, PRF1, GZMA, GZMH, KIR3DL1/2, and CST7 is canonical for NK cells. Lower CD3/TRBC signals likely represent ambient T-cell contamination. Pathway scores favor conventional/adaptive NK identity over T-cell or ILC1 programs.",natural killer cell,"The dominant expression of GNLY, NKG7, GZMB, PRF1, GZMA, GZMH, KIR3DL1/2, and CST7 is canonical for NK cells. Lower CD3/TRBC signals likely represent ambient T-cell contamination. Pathway scores favor conventional/adaptive NK identity over T-cell or ILC1 programs.",0,0,2,0,2,0,2,0,2
101653,GATCGATCACAGACAG_HD67,T cell,"CD8-positive, alpha-beta T cell
Expression of CD3D/CD3E/CD3G, CD8A/CD8B, LCK, and ZAP70 confirms an alpha-beta T cell, not an NK cell (which lacks CD3 and CD8B). High NKG7, GZMB/GZMA/GZMH, PRF1, CCL5, and CST7 indicate an activated cytotoxic effector CD8+ T phenotype. The elevated NK pathway score reflects shared cytolytic machinery, but T-cell-specific markers and CD8B expression make CD8-positive, alpha-beta T cell the correct annotation.","CD8-positive, alpha-beta T cell","Expression of CD3D/CD3E/CD3G, CD8A/CD8B, LCK, and ZAP70 confirms an alpha-beta T cell, not an NK cell (which lacks CD3 and CD8B). High NKG7, GZMB/GZMA/GZMH, PRF1, CCL5, and CST7 indicate an activated cytotoxic effector CD8+ T phenotype. The elevated NK pathway score reflects shared cytolytic machinery, but T-cell-specific markers and CD8B expression make CD8-positive, alpha-beta T cell the correct annotation.",0,0,3,0,3,0,3,0,3
152769,GTTAAGCAGACTAGGC_HD67,T cell,"CD8-positive, alpha-beta T cell
Expression of CD3D/E, CD8A/B, and cytotoxic effectors (GZMA/B/H, PRF1, GNLY, NKG7, CCL5) confirms CD8+ αβ T cells, likely effector/cytotoxic subset. Despite high NK pathway score, CD3 and CD8 lineage markers exclude NK cells.","CD8-positive, alpha-beta T cell","Expression of CD3D/E, CD8A/B, and cytotoxic effectors (GZMA/B/H, PRF1, GNLY, NKG7, CCL5) confirms CD8+ αβ T cells, likely effector/cytotoxic subset. Despite high NK pathway score, CD3 and CD8 lineage markers exclude NK cells.",0,0,3,0,3,0,3,0,3
107821,TCGCGAGTCTCTGAGA_HD67,T cell,"CD8-positive, alpha-beta T cell

Dominant CD3E/CD3D, IL32, GZMA/GZMK, CCL5, CXCR3, and LTB clearly establish an activated/memory CD8+ T cell identity. The C1Q and HLA-DR signals likely reflect ambient macrophage contamination or activation-induced MHC-II expression, not a genuine myeloid lineage. Pathway scores favor CD8 effector/memory programs, supporting the stage-1 annotation.","CD8-positive, alpha-beta T cell","Dominant CD3E/CD3D, IL32, GZMA/GZMK, CCL5, CXCR3, and LTB clearly establish an activated/memory CD8+ T cell identity. The C1Q and HLA-DR signals likely reflect ambient macrophage contamination or activation-induced MHC-II expression, not a genuine myeloid lineage. Pathway scores favor CD8 effector/memory programs, supporting the stage-1 annotation.",0,0,3,0,3,0,3,0,3
236244,CGTCAGGGTACCGTAT_F01639,T cell,"CD4-positive, alpha-beta T cell

The expression profile is dominated by pan-T markers (CD3E, CD3D, CD3G, CD2, TRBC2, LCK) and CD4-associated features, with strong regulatory T cell signals including FOXP3, CTLA4, IL32, and BATF. The top pathway score is Treg, supporting the CD4+ T cell annotation.","CD4-positive, alpha-beta T cell","The expression profile is dominated by pan-T markers (CD3E, CD3D, CD3G, CD2, TRBC2, LCK) and CD4-associated features, with strong regulatory T cell signals including FOXP3, CTLA4, IL32, and BATF. The top pathway score is Treg, supporting the CD4+ T cell annotation.",0,0,3,0,3,0,3,0,3
173585,CGATGTAGTTGTCTTT_HD67,T cell,"CD8-positive, alpha-beta T cell

Expression of CD8A, CD8B, and CD3D/E/G confirms an alpha-beta T cell identity. The strong cytotoxic program (GZMA/B/H/K, PRF1, NKG7, CCL5, IL32) supports an activated/effector CD8+ T cell. Although NK pathway score is high, these genes are shared with cytotoxic T cells; CD8/CD3 co-expression excludes NK cells.","CD8-positive, alpha-beta T cell","Expression of CD8A, CD8B, and CD3D/E/G confirms an alpha-beta T cell identity. The strong cytotoxic program (GZMA/B/H/K, PRF1, NKG7, CCL5, IL32) supports an activated/effector CD8+ T cell. Although NK pathway score is high, these genes are shared with cytotoxic T cells; CD8/CD3 co-expression excludes NK cells.",0,0,3,0,3,0,3,0,3
317903,CTAACTTAGGATGGTC_HD67,T cell,"natural killer cell
The expression profile shows canonical NK markers (NKG7, KIR3DL1, KLRD1, GNLY, GZMB, PRF1, FGFBP2) and the highest pathway score for conventional CD56dim NK cells. KIR gene expression is decisive, making NK cell more appropriate than CD8+ T cell despite low CD3/TRBC2 signal.",natural killer cell,"The expression profile shows canonical NK markers (NKG7, KIR3DL1, KLRD1, GNLY, GZMB, PRF1, FGFBP2) and the highest pathway score for conventional CD56dim NK cells. KIR gene expression is decisive, making NK cell more appropriate than CD8+ T cell despite low CD3/TRBC2 signal.",0,0,2,0,2,0,2,0,2
209792,CCGGTAGCATGGGAAC_F02526,T cell,"CD8-positive, alpha-beta T cell

Strong expression of CD3E/CD3D/CD3G, CD2, LCK, and CD8A confirms an alpha-beta T cell, with CD8 lineage. Cytotoxic/activated genes (GZMA, NKG7, CCL5) and proliferation markers (MKI67, RRM2, TYMS) support an expanded/effector CD8+ T cell. Pathway scores favor CD8+ memory/effector states over NK or CD4+ alternatives.","CD8-positive, alpha-beta T cell","Strong expression of CD3E/CD3D/CD3G, CD2, LCK, and CD8A confirms an alpha-beta T cell, with CD8 lineage. Cytotoxic/activated genes (GZMA, NKG7, CCL5) and proliferation markers (MKI67, RRM2, TYMS) support an expanded/effector CD8+ T cell. Pathway scores favor CD8+ memory/effector states over NK or CD4+ alternatives.",0,0,3,0,3,0,3,0,3
268176,TGGCCAGCATAGAAAC_SC22,T cell,"CD4-positive, alpha-beta T cell

Strong T cell lineage markers (CD3D/E/G, TRAC, TRBC1/2, LCK, LTB, IL32, SIT1) confirm a T cell. Pathway scores favor CD4+ T cells and regulatory T cells over CD8+ T cells, with no CD8 markers evident. Proliferation genes indicate an activated/cycling state.","CD4-positive, alpha-beta T cell","Strong T cell lineage markers (CD3D/E/G, TRAC, TRBC1/2, LCK, LTB, IL32, SIT1) confirm a T cell. Pathway scores favor CD4+ T cells and regulatory T cells over CD8+ T cells, with no CD8 markers evident. Proliferation genes indicate an activated/cycling state.",0,0,3,0,3,0,3,0,3
130201,CGCTTCAGTACATGTC_F01365,T cell,"CD4-positive, alpha-beta T cell

Expression of T cell lineage genes (CD3E, ZAP70, LAT, LCK) with co-stimulatory CD28 and IL7R, plus lack of CD8A/CD8B, support a CD4+ alpha-beta T cell. Proliferation markers (MKI67, CENPF, ASPM, UBE2C) indicate activation. Pathway scores favoring Treg/Th17/Th1 programs are consistent with CD4+ polarization, not NK or CD8 T cells.","CD4-positive, alpha-beta T cell","Expression of T cell lineage genes (CD3E, ZAP70, LAT, LCK) with co-stimulatory CD28 and IL7R, plus lack of CD8A/CD8B, support a CD4+ alpha-beta T cell. Proliferation markers (MKI67, CENPF, ASPM, UBE2C) indicate activation. Pathway scores favoring Treg/Th17/Th1 programs are consistent with CD4+ polarization, not NK or CD8 T cells.",0,0,3,0,3,0,3,0,3
156910,GCACATATCCCTCTTT_HD67,T cell,"CD8-positive, alpha-beta T cell

Expression of CD8A/CD8B, CD3 complex, and TCR (TRBC2) confirms αβ T-cell lineage. Cytotoxic effectors (GZMB, GZMA, GZMH, PRF1, NKG7, GNLY, CCL5, CST7) and proliferation markers (MKI67, RRM2, TYMS) indicate an activated, expanding cytotoxic CD8+ T cell. NK-pathway score reflects shared cytotoxic molecules, not NK lineage due to CD3/TCR presence.","CD8-positive, alpha-beta T cell","Expression of CD8A/CD8B, CD3 complex, and TCR (TRBC2) confirms αβ T-cell lineage. Cytotoxic effectors (GZMB, GZMA, GZMH, PRF1, NKG7, GNLY, CCL5, CST7) and proliferation markers (MKI67, RRM2, TYMS) indicate an activated, expanding cytotoxic CD8+ T cell. NK-pathway score reflects shared cytotoxic molecules, not NK lineage due to CD3/TCR presence.",0,0,3,0,3,0,3,0,3
26379,GGGAGATTCTTACCGC_HD67,T cell,"CD8-positive, alpha-beta T cell

Expression of CD3E, CD3D, CD247, and CD8A confirms a CD8+ αβ T cell, not an NK cell. Cytotoxic transcripts (GZMA/B/H/M, PRF1, NKG7, GNLY) indicate an activated/effector phenotype, consistent with lung CD8+ T cells. Surfactant-like genes likely represent ambient contamination.","CD8-positive, alpha-beta T cell","Expression of CD3E, CD3D, CD247, and CD8A confirms a CD8+ αβ T cell, not an NK cell. Cytotoxic transcripts (GZMA/B/H/M, PRF1, NKG7, GNLY) indicate an activated/effector phenotype, consistent with lung CD8+ T cells. Surfactant-like genes likely represent ambient contamination.",0,0,3,0,3,0,3,0,3
134133,TGCCCTACAGTTAACC_F01365,T cell,"T cell

The expression profile shows canonical pan-T cell markers (CD3E, CD2, CD28, IL32, IL2RG) with strong proliferation signatures (MKI67, RRM2, TYMS, histones), consistent with cycling/activated T cells. While pathway scores hint at CD4 or regulatory programs, direct gene evidence does not clearly distinguish CD4 from CD8 subsets. Therefore, the most accurate annotation remains the broad T cell category.",T cell,"The expression profile shows canonical pan-T cell markers (CD3E, CD2, CD28, IL32, IL2RG) with strong proliferation signatures (MKI67, RRM2, TYMS, histones), consistent with cycling/activated T cells. While pathway scores hint at CD4 or regulatory programs, direct gene evidence does not clearly distinguish CD4 from CD8 subsets. Therefore, the most accurate annotation remains the broad T cell category.",1,1,4,1,4,1,4,1,4
265035,TCTTTCCAGCTCCTCT_HD67,T cell,"CD8-positive, alpha-beta T cell
The expression of CD3D/E/G, TRBC2, CD8A, and CD8B confirms an alpha-beta T cell lineage. High cytotoxic effector genes (GZMB, GZMA, PRF1, GNLY, NKG7) indicate an activated/effector CD8+ T cell. Despite elevated NK-pathway scores and KIR3DL1/KLRD1 expression, the presence of TCR and CD8 excludes a natural killer cell identity.","CD8-positive, alpha-beta T cell","The expression of CD3D/E/G, TRBC2, CD8A, and CD8B confirms an alpha-beta T cell lineage. High cytotoxic effector genes (GZMB, GZMA, PRF1, GNLY, NKG7) indicate an activated/effector CD8+ T cell. Despite elevated NK-pathway scores and KIR3DL1/KLRD1 expression, the presence of TCR and CD8 excludes a natural killer cell identity.",0,0,3,0,3,0,3,0,3
257974,CCACGGAGTGGTGTAG_F01403,T cell,"CD4-positive, alpha-beta T cell

The profile expresses canonical T cell genes (CD3E, CD3D, CD3G, CD2, LCK) and CD4-associated markers such as CD40LG, with no CD8 markers. IL17A, CTLA4, and LAG3 suggest an activated/helper phenotype (Th17/Treg-like), but the available lineage options support CD4-positive alpha-beta T cell as the best match.","CD4-positive, alpha-beta T cell","The profile expresses canonical T cell genes (CD3E, CD3D, CD3G, CD2, LCK) and CD4-associated markers such as CD40LG, with no CD8 markers. IL17A, CTLA4, and LAG3 suggest an activated/helper phenotype (Th17/Treg-like), but the available lineage options support CD4-positive alpha-beta T cell as the best match.",0,0,3,0,3,0,3,0,3
28858,TCTGAGATCTCATTCA_HD67,T cell,"CD8-positive, alpha-beta T cell

High expression of CD8A/CD8B, CD3E/D/G, and TRBC2 confirms an alpha-beta T cell lineage. Co-expression of cytotoxic effectors (GZMB, GZMA, PRF1, NKG7, GNLY) indicates activated/effector CD8+ T cells, not NK cells, given the presence of TCR/CD3 complex genes.","CD8-positive, alpha-beta T cell","High expression of CD8A/CD8B, CD3E/D/G, and TRBC2 confirms an alpha-beta T cell lineage. Co-expression of cytotoxic effectors (GZMB, GZMA, PRF1, NKG7, GNLY) indicates activated/effector CD8+ T cells, not NK cells, given the presence of TCR/CD3 complex genes.",0,0,3,0,3,0,3,0,3
227365,GATGCTATCCTTAATC_F01853,acinar cell,"club cell
Club cell identity is strongly supported by canonical markers SCGB1A1, SCGB3A1, SCGB3A2, SLPI, and BPIFB1, with the club-cell pathway score being the highest. Although goblet-cell markers (e.g., MUC5B) appear at low weight, the overall profile overwhelmingly matches club cell, not goblet cell. Thus, the stage-1 annotation is confirmed.",club cell,"Club cell identity is strongly supported by canonical markers SCGB1A1, SCGB3A1, SCGB3A2, SLPI, and BPIFB1, with the club-cell pathway score being the highest. Although goblet-cell markers (e.g., MUC5B) appear at low weight, the overall profile overwhelmingly matches club cell, not goblet cell. Thus, the stage-1 annotation is confirmed.",0,0,1,0,1,0,1,0,1
98762,ACTTGTTTCTGTTTGT_F02092,acinar cell,"bronchial goblet cell

Strong goblet cell program (highest pathway score) and expression of MUC5B, TFF3, AGR2, BPIFB1, WFDC2, SLPI, and LCN2 alongside SCGB1A1/SCGB3A1. Lung parenchyma context and goblet-associated markers outweigh the club cell label.",bronchial goblet cell,"Strong goblet cell program (highest pathway score) and expression of MUC5B, TFF3, AGR2, BPIFB1, WFDC2, SLPI, and LCN2 alongside SCGB1A1/SCGB3A1. Lung parenchyma context and goblet-associated markers outweigh the club cell label.",0,0,1,0,1,0,1,0,1
240436,GGCGTGTGTAGCGTCC-1-HCATisStab7659971,alveolar adventitial fibroblast,"alveolar adventitial fibroblast
The top TF-IDF genes (DCN, LUM, COL1A1, COL1A2, COL3A1, MGP, FBLN1, SFRP2) are hallmark fibroblast markers, with strong extracellular matrix and complement expression. Pathway scores are highest for alveolar fibroblast and adventitial fibroblast, and no epithelial, immune, or smooth muscle signatures appear. This confirms the alveolar adventitial fibroblast identity.",alveolar adventitial fibroblast,"The top TF-IDF genes (DCN, LUM, COL1A1, COL1A2, COL3A1, MGP, FBLN1, SFRP2) are hallmark fibroblast markers, with strong extracellular matrix and complement expression. Pathway scores are highest for alveolar fibroblast and adventitial fibroblast, and no epithelial, immune, or smooth muscle signatures appear. This confirms the alveolar adventitial fibroblast identity.",1,1,4,1,4,1,4,1,4
91082,AGAAGCGGTCTCGGAC_SC143,alveolar adventitial fibroblast,"alveolar adventitial fibroblast

The expression profile is strongly consistent with adventitial fibroblasts: PI16, MFAP5, and CFD are canonical markers, alongside extracellular matrix genes (DCN, COL1A1, COL3A1, FBN1, LUM, SPARC). This pattern in lung parenchyma matches alveolar adventitial fibroblast rather than alveolar type 1 fibroblast, myofibroblast, or other stromal/immune types.",alveolar adventitial fibroblast,"The expression profile is strongly consistent with adventitial fibroblasts: PI16, MFAP5, and CFD are canonical markers, alongside extracellular matrix genes (DCN, COL1A1, COL3A1, FBN1, LUM, SPARC). This pattern in lung parenchyma matches alveolar adventitial fibroblast rather than alveolar type 1 fibroblast, myofibroblast, or other stromal/immune types.",1,1,4,1,4,1,4,1,4
264666,CTCATTAGTCGCATAT_F02607,alveolar adventitial fibroblast,"alveolar type 1 fibroblast cell
The top genes (APOD, DCN, ADH1B, IGFBP7, CFD, FBLN1, LUM) and matrix markers strongly match alveolar type 1 fibroblast identity. Though the adventitial program score is marginally higher, the direct gene evidence and stage-1 reasoning support this classification.",alveolar type 1 fibroblast cell,"The top genes (APOD, DCN, ADH1B, IGFBP7, CFD, FBLN1, LUM) and matrix markers strongly match alveolar type 1 fibroblast identity. Though the adventitial program score is marginally higher, the direct gene evidence and stage-1 reasoning support this classification.",0,0,3,0,3,0,3,0,3
234487,ACGATGTCAGACAAAT-1-HCATisStab7659970,alveolar adventitial fibroblast,"alveolar adventitial fibroblast

The profile shows dominant ECM/fibroblast markers (DCN, LUM, COL1A2, COL3A1, MGP, SFRP2, FBLN1) with no epithelial, immune, or endothelial signatures. Pathway scores favor alveolar/adventitial fibroblast identity, and the gene set matches lung parenchymal adventitial fibroblasts. Stage-1 annotation is consistent.",alveolar adventitial fibroblast,"The profile shows dominant ECM/fibroblast markers (DCN, LUM, COL1A2, COL3A1, MGP, SFRP2, FBLN1) with no epithelial, immune, or endothelial signatures. Pathway scores favor alveolar/adventitial fibroblast identity, and the gene set matches lung parenchymal adventitial fibroblasts. Stage-1 annotation is consistent.",1,1,4,1,4,1,4,1,4
41833,TATTGGGTCGCAAGAG_SC143,alveolar adventitial fibroblast,"alveolar adventitial fibroblast
The profile shows strong fibroblast ECM markers (DCN, COL1A1/2/3, LUM, FBLN1, MFAP5, SFRP2) and highest pathway scores for alveolar fibroblast and adventitial fibroblast programs. This supports the stage-1 annotation of alveolar adventitial fibroblast.",alveolar adventitial fibroblast,"The profile shows strong fibroblast ECM markers (DCN, COL1A1/2/3, LUM, FBLN1, MFAP5, SFRP2) and highest pathway scores for alveolar fibroblast and adventitial fibroblast programs. This supports the stage-1 annotation of alveolar adventitial fibroblast.",1,1,4,1,4,1,4,1,4
261626,TGACTCCCATCCCACT_SC86,alveolar adventitial fibroblast,"alveolar adventitial fibroblast

Expression of DCN, FBLN1, SFRP2, MMP2, LEPR, and complement genes (C3, CFD, C1S) is characteristic of alveolar adventitial fibroblasts in lung parenchyma. Top pathway scores confirm fibroblast identity, with alveolar fibroblast program slightly leading over adventitial. No evidence of immune, epithelial, or vascular lineage commitment.",alveolar adventitial fibroblast,"Expression of DCN, FBLN1, SFRP2, MMP2, LEPR, and complement genes (C3, CFD, C1S) is characteristic of alveolar adventitial fibroblasts in lung parenchyma. Top pathway scores confirm fibroblast identity, with alveolar fibroblast program slightly leading over adventitial. No evidence of immune, epithelial, or vascular lineage commitment.",1,1,4,1,4,1,4,1,4
91964,CACACTCCAGTCTTCC-1-HCATisStab7659969,alveolar adventitial fibroblast,"alveolar adventitial fibroblast

The expression profile is dominated by collagen and ECM genes (COL1A1, COL1A2, COL3A1, DCN, LUM, SPARC) with adventitial fibroblast markers PLA2G2A, CCDC80, PTGDS, APOD, and HILPDA. Pathway scores and stage-1 reasoning support this subtype. Although the ""alveolar fibroblast"" program scored slightly higher, the specific adventitial markers and tissue context confirm the alveolar adventitial fibroblast identity.",alveolar adventitial fibroblast,"The expression profile is dominated by collagen and ECM genes (COL1A1, COL1A2, COL3A1, DCN, LUM, SPARC) with adventitial fibroblast markers PLA2G2A, CCDC80, PTGDS, APOD, and HILPDA. Pathway scores and stage-1 reasoning support this subtype. Although the ""alveolar fibroblast"" program scored slightly higher, the specific adventitial markers and tissue context confirm the alveolar adventitial fibroblast identity.",1,1,4,1,4,1,4,1,4
27916,GGGACAAGTCGCTGCA_SC143,alveolar adventitial fibroblast,"alveolar adventitial fibroblast

Expression of ECM and fibroblast markers (MGP, DCN, LUM, BGN, COL1A2, COL3A1, MFAP5, SFRP2, CFD, THY1) strongly supports an adventitial fibroblast identity, with the highest pathway score for alveolar fibroblast. Contractile markers are present but myofibroblast, smooth muscle, and pericyte scores are lower, favoring the original annotation.",alveolar adventitial fibroblast,"Expression of ECM and fibroblast markers (MGP, DCN, LUM, BGN, COL1A2, COL3A1, MFAP5, SFRP2, CFD, THY1) strongly supports an adventitial fibroblast identity, with the highest pathway score for alveolar fibroblast. Contractile markers are present but myofibroblast, smooth muscle, and pericyte scores are lower, favoring the original annotation.",1,1,4,1,4,1,4,1,4
302332,TTAACTCCAAGGTTTC-1-HCATisStab7587211,alveolar adventitial fibroblast,"alveolar adventitial fibroblast

The expression profile is dominated by extracellular matrix genes (DCN, LUM, COL1A1/2, COL3A1, FBLN1) and fibroblast markers (SFRP2, MFAP5, CFD), with top pathway scores for alveolar and adventitial fibroblast programs. This matches the alveolar adventitial fibroblast identity.",alveolar adventitial fibroblast,"The expression profile is dominated by extracellular matrix genes (DCN, LUM, COL1A1/2, COL3A1, FBLN1) and fibroblast markers (SFRP2, MFAP5, CFD), with top pathway scores for alveolar and adventitial fibroblast programs. This matches the alveolar adventitial fibroblast identity.",1,1,4,1,4,1,4,1,4
167647,GATTGGTGTCGCAACC_SC143,alveolar adventitial fibroblast,"alveolar adventitial fibroblast

The top TF-IDF genes (DCN, LUM, COL1A2, COL3A1, FBLN1, SPARCL1, MGP, TIMP1, SFRP2) and pathway scores strongly support an adventitial fibroblast identity in lung parenchyma. No myofibroblast contractile markers or pericyte/smooth-muscle genes dominate, so the stage-1 annotation is confirmed.",alveolar adventitial fibroblast,"The top TF-IDF genes (DCN, LUM, COL1A2, COL3A1, FBLN1, SPARCL1, MGP, TIMP1, SFRP2) and pathway scores strongly support an adventitial fibroblast identity in lung parenchyma. No myofibroblast contractile markers or pericyte/smooth-muscle genes dominate, so the stage-1 annotation is confirmed.",1,1,4,1,4,1,4,1,4
95212,CAAGTTGTCACATACG_F01851,alveolar adventitial fibroblast,"alveolar adventitial fibroblast
The gene expression profile (DCN, LUM, BGN, SFRP2, CFD, MGP, APOD, IGFBP7, complement components) strongly matches lung adventitial fibroblasts. Pathway scores align with alveolar/adventitial fibroblast programs over myofibroblast or pericyte identities, confirming the stage-1 annotation.",alveolar adventitial fibroblast,"The gene expression profile (DCN, LUM, BGN, SFRP2, CFD, MGP, APOD, IGFBP7, complement components) strongly matches lung adventitial fibroblasts. Pathway scores align with alveolar/adventitial fibroblast programs over myofibroblast or pericyte identities, confirming the stage-1 annotation.",1,1,4,1,4,1,4,1,4
124310,TGGCCAGAGCCTTGAT_F02613,alveolar adventitial fibroblast,"alveolar adventitial fibroblast

The gene expression profile (DCN, COL1A1/3A1, COL6A2, ELN, FBLN1/5, MGP, SFRP2) and complement components (C3, C7, C1S) are consistent with lung adventitial fibroblasts. Pathway scores rank adventitial fibroblast highest, slightly above alveolar fibroblast, supporting the stage-1 annotation.",alveolar adventitial fibroblast,"The gene expression profile (DCN, COL1A1/3A1, COL6A2, ELN, FBLN1/5, MGP, SFRP2) and complement components (C3, C7, C1S) are consistent with lung adventitial fibroblasts. Pathway scores rank adventitial fibroblast highest, slightly above alveolar fibroblast, supporting the stage-1 annotation.",1,1,4,1,4,1,4,1,4
256804,GGGTTTACAATTCTTC_SC143,alveolar adventitial fibroblast,"alveolar adventitial fibroblast

Top markers (DCN, COL1A2, COL3A1, LUM, MFAP5, PI16, IGFBP6/5, HTRA3, THY1) clearly identify a fibroblast. High pathway scores for both alveolar and adventitial fibroblast programs, with alveolar marginally higher, support a fibroblast positioned between these identities. The combined expression pattern is best captured by the listed “alveolar adventitial fibroblast” subtype, confirming the stage-1 annotation.",alveolar adventitial fibroblast,"Top markers (DCN, COL1A2, COL3A1, LUM, MFAP5, PI16, IGFBP6/5, HTRA3, THY1) clearly identify a fibroblast. High pathway scores for both alveolar and adventitial fibroblast programs, with alveolar marginally higher, support a fibroblast positioned between these identities. The combined expression pattern is best captured by the listed “alveolar adventitial fibroblast” subtype, confirming the stage-1 annotation.",1,1,4,1,4,1,4,1,4
247822,GTACTCCGTGGTCTCG-1-HCATisStab7747200,alveolar adventitial fibroblast,"alveolar adventitial fibroblast
Expression of ECM and fibroblast markers (MGP, DCN, LUM, FBLN1, COL1A1/2/3, BGN) plus complement factors (C7, C1R, C1S, CFD) and CCL19 supports adventitial fibroblast identity. Top pathway scores for alveolar and adventitial fibroblast confirm the combined subtype.",alveolar adventitial fibroblast,"Expression of ECM and fibroblast markers (MGP, DCN, LUM, FBLN1, COL1A1/2/3, BGN) plus complement factors (C7, C1R, C1S, CFD) and CCL19 supports adventitial fibroblast identity. Top pathway scores for alveolar and adventitial fibroblast confirm the combined subtype.",1,1,4,1,4,1,4,1,4
323068,7239217_CTCCTAGCATGGATGG,alveolar adventitial fibroblast,"alveolar type 1 fibroblast cell
Strong fibroblast signature (DCN, COL1A2, FBLN1, MFAP5) with alveolar-specific markers PLA2G2A, CXCL14, IGFBP6, and FGF7/SFRP2; lacks adventitial markers PI16, DPT, COL15A1 and epithelial/smooth muscle programs. TF-IDF and pathway scores support alveolar fibroblast identity over other subtypes.",alveolar type 1 fibroblast cell,"Strong fibroblast signature (DCN, COL1A2, FBLN1, MFAP5) with alveolar-specific markers PLA2G2A, CXCL14, IGFBP6, and FGF7/SFRP2; lacks adventitial markers PI16, DPT, COL15A1 and epithelial/smooth muscle programs. TF-IDF and pathway scores support alveolar fibroblast identity over other subtypes.",0,0,3,0,3,0,3,0,3
155315,CGTGTCTTCGCTCCTA_SC143,alveolar adventitial fibroblast,"alveolar adventitial fibroblast

High expression of DCN, COL1A1/3A1, and PI16, along with MFAP5 and CD248, is characteristic of adventitial fibroblasts in lung parenchyma. The PI16+ profile and ECM-rich signature support the stage-1 annotation; the alveolar adventitial fibroblast designation is the best fit from the provided list.",alveolar adventitial fibroblast,"High expression of DCN, COL1A1/3A1, and PI16, along with MFAP5 and CD248, is characteristic of adventitial fibroblasts in lung parenchyma. The PI16+ profile and ECM-rich signature support the stage-1 annotation; the alveolar adventitial fibroblast designation is the best fit from the provided list.",1,1,4,1,4,1,4,1,4
320631,CATCAAGTCCTCAGAA_SC143,alveolar adventitial fibroblast,"alveolar adventitial fibroblast
High expression of DCN, LUM, COL1A2, COL3A1, MGP, SPARCL1, and SFRP2 plus complement genes, with the top pathway score for adventitial fibroblasts, confirms the stage-1 annotation.",alveolar adventitial fibroblast,"High expression of DCN, LUM, COL1A2, COL3A1, MGP, SPARCL1, and SFRP2 plus complement genes, with the top pathway score for adventitial fibroblasts, confirms the stage-1 annotation.",1,1,4,1,4,1,4,1,4
152645,ACGTTCCAGTCAGGGT_SC143,alveolar adventitial fibroblast,"alveolar adventitial fibroblast
The top genes (DCN, LUM, COL1A2, COL3A1, FBLN1, SFRP2, MGP, CFD) and highest pathway score for adventitial fibroblast confirm a fibroblast identity. The lung parenchyma context and absence of airway-specific or contractile markers refine this to alveolar adventitial fibroblast rather than bronchus fibroblast or myofibroblast.",alveolar adventitial fibroblast,"The top genes (DCN, LUM, COL1A2, COL3A1, FBLN1, SFRP2, MGP, CFD) and highest pathway score for adventitial fibroblast confirm a fibroblast identity. The lung parenchyma context and absence of airway-specific or contractile markers refine this to alveolar adventitial fibroblast rather than bronchus fibroblast or myofibroblast.",1,1,4,1,4,1,4,1,4
93057,TGACGGCAGGCTACGA_F01851,alveolar adventitial fibroblast,"alveolar adventitial fibroblast

Expression of DCN, LUM, COL1A2, MFAP4/5, FBLN1, EFEMP1, OGN, PRELP confirms fibroblast identity. Alveolar fibroblast markers APOD, CFD, ADH1B, CLU, SFRP2, PI16 and high pathway scores for alveolar and adventitial fibroblast programs support this specific subtype. No epithelial, immune, or vascular endothelial markers dominate. The profile matches lung parenchymal adventitial fibroblasts.",alveolar adventitial fibroblast,"Expression of DCN, LUM, COL1A2, MFAP4/5, FBLN1, EFEMP1, OGN, PRELP confirms fibroblast identity. Alveolar fibroblast markers APOD, CFD, ADH1B, CLU, SFRP2, PI16 and high pathway scores for alveolar and adventitial fibroblast programs support this specific subtype. No epithelial, immune, or vascular endothelial markers dominate. The profile matches lung parenchymal adventitial fibroblasts.",1,1,4,1,4,1,4,1,4
115850,AGAGAATCATGACAAA_SC86,alveolar adventitial fibroblast,"alveolar type 1 fibroblast cell

The top genes (DCN, FBLN1, CFD, APOD, SFRP2, C3, COL1A2) are consistent with pulmonary fibroblast identity. Pathway scoring ranks ""Alveolar fibroblast"" highest (+0.8085) over ""Adventitial fibroblast"" (+0.7756), supporting correction of the stage-1 annotation to the alveolar fibroblast subtype.",alveolar type 1 fibroblast cell,"The top genes (DCN, FBLN1, CFD, APOD, SFRP2, C3, COL1A2) are consistent with pulmonary fibroblast identity. Pathway scoring ranks ""Alveolar fibroblast"" highest (+0.8085) over ""Adventitial fibroblast"" (+0.7756), supporting correction of the stage-1 annotation to the alveolar fibroblast subtype.",0,0,3,0,3,0,3,0,3
194358,GAACGGATCACTCCTG_F01394,alveolar macrophage,"alveolar macrophage

The expression profile is highly specific for alveolar macrophages, with high MARCO, CD68, C1QA/B/C, APOE, FABP4, LYZ, and HLA-DR genes. The alveolar resident macrophage pathway score is highest, supporting the stage-1 annotation.",alveolar macrophage,"The expression profile is highly specific for alveolar macrophages, with high MARCO, CD68, C1QA/B/C, APOE, FABP4, LYZ, and HLA-DR genes. The alveolar resident macrophage pathway score is highest, supporting the stage-1 annotation.",1,1,4,1,4,1,4,1,4
209271,TCAACGACACTGAAGG_F01394,alveolar macrophage,"alveolar macrophage

The top markers (APOE, APOC1, C1QA/B/C, FABP4, MARCO, CD68) and high HLA class II expression are classic for alveolar macrophages. Although interstitial macrophage pathway score is marginally higher, the direct gene evidence strongly supports alveolar macrophage identity.",alveolar macrophage,"The top markers (APOE, APOC1, C1QA/B/C, FABP4, MARCO, CD68) and high HLA class II expression are classic for alveolar macrophages. Although interstitial macrophage pathway score is marginally higher, the direct gene evidence strongly supports alveolar macrophage identity.",1,1,4,1,4,1,4,1,4
59952,TACAGGTAGTACTGTC_SC144,alveolar macrophage,"alveolar macrophage
The expression profile is characteristic of alveolar macrophages: high APOC1, C1QA/B, TYROBP, MSR1, CD68, and lipid-associated FABP4/LPL, plus HLA-DRA antigen presentation. Despite a slightly higher interstitial macrophage pathway score, the direct gene evidence—especially FABP4 and APOC1—supports resident alveolar identity over other macrophage subtypes in lung parenchyma.",alveolar macrophage,"The expression profile is characteristic of alveolar macrophages: high APOC1, C1QA/B, TYROBP, MSR1, CD68, and lipid-associated FABP4/LPL, plus HLA-DRA antigen presentation. Despite a slightly higher interstitial macrophage pathway score, the direct gene evidence—especially FABP4 and APOC1—supports resident alveolar identity over other macrophage subtypes in lung parenchyma.",1,1,4,1,4,1,4,1,4
252112,TCACACCTCGGACTGC_SC144,alveolar macrophage,"alveolar macrophage

The top genes (C1QB, C1QA, C1QC, MARCO, FABP4, APOE, CHIT1, MRC1, MSR1, APOC1) are classic alveolar macrophage markers, and the pathway score for alveolar resident macrophage is the highest. The stage-1 annotation is correct.",alveolar macrophage,"The top genes (C1QB, C1QA, C1QC, MARCO, FABP4, APOE, CHIT1, MRC1, MSR1, APOC1) are classic alveolar macrophage markers, and the pathway score for alveolar resident macrophage is the highest. The stage-1 annotation is correct.",1,1,4,1,4,1,4,1,4
220622,CCACTACAGGTGTTAA_F02611,alveolar macrophage,"alveolar macrophage
The top genes (C1QB/C1QA/C1QC, APOC1, APOE, FABP4, MARCO, CD68) and the highest pathway score for ""Alveolar Resident Macrophage"" confirm the stage-1 annotation. The profile is consistent with lung-resident alveolar macrophages, including phagocytic and antigen-presenting markers.",alveolar macrophage,"The top genes (C1QB/C1QA/C1QC, APOC1, APOE, FABP4, MARCO, CD68) and the highest pathway score for ""Alveolar Resident Macrophage"" confirm the stage-1 annotation. The profile is consistent with lung-resident alveolar macrophages, including phagocytic and antigen-presenting markers.",1,1,4,1,4,1,4,1,4
219832,GTGCGTGAGAAGTCTA_SC144,alveolar macrophage,"alveolar macrophage
Alveolar macrophage identity is strongly supported by high expression of MARCO, FABP4, APOE, C1QA/C, C1QB, APOC1, MRC1, and HLA-DR genes, plus the highest pathway score for Alveolar Resident Macrophage. This fits stage-1 annotation and distinguishes it from interstitial or monocyte-derived macrophages.",alveolar macrophage,"Alveolar macrophage identity is strongly supported by high expression of MARCO, FABP4, APOE, C1QA/C, C1QB, APOC1, MRC1, and HLA-DR genes, plus the highest pathway score for Alveolar Resident Macrophage. This fits stage-1 annotation and distinguishes it from interstitial or monocyte-derived macrophages.",1,1,4,1,4,1,4,1,4
216288,GGAATAAGTAGGCTGA_SC27,alveolar macrophage,"alveolar macrophage
CCL18, MARCO, CD68, APOE, C1QA/B/C, TYROBP, FCER1G, and metallothioneins are hallmark alveolar macrophage genes. Pathway scoring also identifies the alveolar resident macrophage program as most active, confirming the stage-1 annotation.",alveolar macrophage,"CCL18, MARCO, CD68, APOE, C1QA/B/C, TYROBP, FCER1G, and metallothioneins are hallmark alveolar macrophage genes. Pathway scoring also identifies the alveolar resident macrophage program as most active, confirming the stage-1 annotation.",1,1,4,1,4,1,4,1,4
62964,CGAGCACCATCTCCCA_SC29,alveolar macrophage,"alveolar macrophage
The expression profile is classic for alveolar macrophages: high APOC1, C1QA/B/C, CCL18, FABP4, MSR1, VSIG4, CD163, and CD74. Pathway scores are highest for interstitial and alveolar resident macrophages, with the gene set strongly favoring the alveolar subtype. The stage-1 annotation is therefore confirmed.",alveolar macrophage,"The expression profile is classic for alveolar macrophages: high APOC1, C1QA/B/C, CCL18, FABP4, MSR1, VSIG4, CD163, and CD74. Pathway scores are highest for interstitial and alveolar resident macrophages, with the gene set strongly favoring the alveolar subtype. The stage-1 annotation is therefore confirmed.",1,1,4,1,4,1,4,1,4
109670,GGGCACTCAATCAGAA_F01394,alveolar macrophage,"alveolar macrophage
The expression profile strongly supports alveolar macrophage identity: high MARCO, complement genes (C1QA/B/C), APOE, APOC1, FABP4, CCL18, and CD68, with robust HLA-DR and CD74. These are canonical alveolar macrophage markers. Although the interstitial macrophage program scored slightly higher in the LLM pathway analysis, the direct gene evidence is more definitive for alveolar macrophages, confirming the stage-1 annotation.",alveolar macrophage,"The expression profile strongly supports alveolar macrophage identity: high MARCO, complement genes (C1QA/B/C), APOE, APOC1, FABP4, CCL18, and CD68, with robust HLA-DR and CD74. These are canonical alveolar macrophage markers. Although the interstitial macrophage program scored slightly higher in the LLM pathway analysis, the direct gene evidence is more definitive for alveolar macrophages, confirming the stage-1 annotation.",1,1,4,1,4,1,4,1,4
48336,AGGTCATGGAATCC-SC31,alveolar macrophage,"alveolar macrophage
The expression profile strongly matches alveolar macrophages, with high MARCO, CCL18, APOE, APOC1, FABP4, and complement C1Q genes. The top pathway score is also ""Alveolar Resident Macrophage,"" confirming the stage-1 annotation without evidence for an alternative subtype.",alveolar macrophage,"The expression profile strongly matches alveolar macrophages, with high MARCO, CCL18, APOE, APOC1, FABP4, and complement C1Q genes. The top pathway score is also ""Alveolar Resident Macrophage,"" confirming the stage-1 annotation without evidence for an alternative subtype.",1,1,4,1,4,1,4,1,4
31798,TAAACCGGTCCTCTTG_SC18,alveolar macrophage,"alveolar macrophage

The gene expression profile (C1QA/C1QB, CCL18, APOC1, CD163, CD68-like markers) and highest pathway score for alveolar resident macrophage strongly confirm the stage-1 annotation as alveolar macrophage, a specialized lung-resident macrophage population.",alveolar macrophage,"The gene expression profile (C1QA/C1QB, CCL18, APOC1, CD163, CD68-like markers) and highest pathway score for alveolar resident macrophage strongly confirm the stage-1 annotation as alveolar macrophage, a specialized lung-resident macrophage population.",1,1,4,1,4,1,4,1,4
138463,CATCGCTAGATAGTCA_SC144,alveolar macrophage,"alveolar macrophage

The top genes (FABP4, MARCO, C1QA/B/C, APOE, MRC1, C1Q, APOC1) and highest pathway score for alveolar resident macrophage strongly confirm the stage-1 annotation. This profile is consistent with alveolar macrophages in lung parenchyma.",alveolar macrophage,"The top genes (FABP4, MARCO, C1QA/B/C, APOE, MRC1, C1Q, APOC1) and highest pathway score for alveolar resident macrophage strongly confirm the stage-1 annotation. This profile is consistent with alveolar macrophages in lung parenchyma.",1,1,4,1,4,1,4,1,4
164369,ATCATTCGTCCTGAAT_SC84,alveolar macrophage,"alveolar macrophage

The top genes (FABP4, MARCO, C1QA/B/C, APOE, MRC1, CD68-related markers) and highest pathway score for alveolar resident macrophage confirm the stage-1 annotation. HLA class II and lysosomal gene expression are consistent with mature alveolar macrophages in lung parenchyma. No evidence points to interstitial, monocyte-derived, or circulating subsets.",alveolar macrophage,"The top genes (FABP4, MARCO, C1QA/B/C, APOE, MRC1, CD68-related markers) and highest pathway score for alveolar resident macrophage confirm the stage-1 annotation. HLA class II and lysosomal gene expression are consistent with mature alveolar macrophages in lung parenchyma. No evidence points to interstitial, monocyte-derived, or circulating subsets.",1,1,4,1,4,1,4,1,4
46887,ACCCAAACAGTCAACT_SC144,alveolar macrophage,"alveolar macrophage
Expression of MARCO, CHIT1, FABP4, APOE, C1QA/B/C, and MRC1 strongly supports alveolar macrophage identity. Pathway scoring ranks alveolar resident macrophage highest, and MHC-II gene enrichment is consistent with this tissue-resident phagocyte.",alveolar macrophage,"Expression of MARCO, CHIT1, FABP4, APOE, C1QA/B/C, and MRC1 strongly supports alveolar macrophage identity. Pathway scoring ranks alveolar resident macrophage highest, and MHC-II gene enrichment is consistent with this tissue-resident phagocyte.",1,1,4,1,4,1,4,1,4
102774,AATCGGTGTTACCAGT_F01394,alveolar macrophage,"alveolar macrophage
The expression profile strongly matches alveolar macrophages: high FABP4, MARCO, CD68, VSIG4, C1QA/B/C, APOE, and MS4A4A, plus MHC class II genes. Pathway scoring ranks alveolar resident macrophage highest. No conflicting evidence suggests a different subtype.",alveolar macrophage,"The expression profile strongly matches alveolar macrophages: high FABP4, MARCO, CD68, VSIG4, C1QA/B/C, APOE, and MS4A4A, plus MHC class II genes. Pathway scoring ranks alveolar resident macrophage highest. No conflicting evidence suggests a different subtype.",1,1,4,1,4,1,4,1,4
261871,CGGACGTAGCTGGAAC_F01394,alveolar macrophage,"alveolar macrophage
The top markers (C1QA/B/C, APOE, APOC1, MARCO, CD68, VSIG4, CCL18) and highest pathway score for alveolar resident macrophage strongly support the stage-1 annotation. These genes are canonical for lung alveolar macrophages, and the expression profile is distinct from interstitial macrophages or monocytes.",alveolar macrophage,"The top markers (C1QA/B/C, APOE, APOC1, MARCO, CD68, VSIG4, CCL18) and highest pathway score for alveolar resident macrophage strongly support the stage-1 annotation. These genes are canonical for lung alveolar macrophages, and the expression profile is distinct from interstitial macrophages or monocytes.",1,1,4,1,4,1,4,1,4
28278,CACATTTGTGCAACTT_SC07,alveolar macrophage,"alveolar macrophage
The expression profile (C1QA/B/C, MARCO, VSIG4, CD68, APOC1, TYROBP, HLA class II) is canonical for alveolar macrophages. The highest pathway score for ""Alveolar Resident Macrophage"" and tissue context of lung parenchyma confirm this identity.",alveolar macrophage,"The expression profile (C1QA/B/C, MARCO, VSIG4, CD68, APOC1, TYROBP, HLA class II) is canonical for alveolar macrophages. The highest pathway score for ""Alveolar Resident Macrophage"" and tissue context of lung parenchyma confirm this identity.",1,1,4,1,4,1,4,1,4
208717,GTATTTCAGTCGGCAA_SC144,alveolar macrophage,"alveolar macrophage
The gene expression profile strongly matches alveolar macrophages, with high C1QA/C1QB/C1QC, APOC1/APOE, FABP4, MARCO, MRC1, and complement-related transcripts. Pathway scoring ranks alveolar resident macrophage highest, corroborating the stage-1 annotation. No conflicting evidence supports an alternative lung myeloid or structural cell type.",alveolar macrophage,"The gene expression profile strongly matches alveolar macrophages, with high C1QA/C1QB/C1QC, APOC1/APOE, FABP4, MARCO, MRC1, and complement-related transcripts. Pathway scoring ranks alveolar resident macrophage highest, corroborating the stage-1 annotation. No conflicting evidence supports an alternative lung myeloid or structural cell type.",1,1,4,1,4,1,4,1,4
143858,GTGTTAGGTACGTACT_SC144,alveolar macrophage,alveolar macrophage,alveolar macrophage,,1,1,4,1,4,1,4,1,4
14080,AATGACCGTATGGAAT_SC144,alveolar macrophage,"alveolar macrophage

The top TF-IDF genes (C1QB, C1QA, APOC1, APOE, MARCO, MRC1, MSR1, CHIT1) and highest pathway score for alveolar resident macrophage confirm the stage-1 annotation. MARCO and MRC1 are canonical alveolar macrophage markers, and the C1Q/APOE profile supports tissue-resident identity.",alveolar macrophage,"The top TF-IDF genes (C1QB, C1QA, APOC1, APOE, MARCO, MRC1, MSR1, CHIT1) and highest pathway score for alveolar resident macrophage confirm the stage-1 annotation. MARCO and MRC1 are canonical alveolar macrophage markers, and the C1Q/APOE profile supports tissue-resident identity.",1,1,4,1,4,1,4,1,4
146848,GTAACGTGTACCGGCT_SC27,alveolar type 1 fibroblast cell,"alveolar adventitial fibroblast

The expression profile strongly supports alveolar adventitial fibroblast: high ECM/fibroblast markers (DCN, LUM, COL1A1/3A1/6A2, BGN, MGP, SPARCL1, FBLN1) plus complement genes (C7, CFD, C1S). Pathway scores rank alveolar and adventitial fibroblast programs highest, and there is no strong myofibroblast or epithelial signature. Stage-1 annotation is confirmed.",alveolar adventitial fibroblast,"The expression profile strongly supports alveolar adventitial fibroblast: high ECM/fibroblast markers (DCN, LUM, COL1A1/3A1/6A2, BGN, MGP, SPARCL1, FBLN1) plus complement genes (C7, CFD, C1S). Pathway scores rank alveolar and adventitial fibroblast programs highest, and there is no strong myofibroblast or epithelial signature. Stage-1 annotation is confirmed.",0,0,3,0,3,0,3,0,3
318938,CAATGACAGCTGAAAT_SC86,alveolar type 1 fibroblast cell,"alveolar adventitial fibroblast

The profile is dominated by fibroblast markers (DCN, LUM, MFAP4, FBLN1, FN1) and TCF21, a key transcription factor for lung alveolar fibroblasts. Pathway scores are highest for alveolar and adventitial fibroblast programs, supporting the stage-1 annotation. No myofibroblast, pericyte, or epithelial markers are prominent.",alveolar adventitial fibroblast,"The profile is dominated by fibroblast markers (DCN, LUM, MFAP4, FBLN1, FN1) and TCF21, a key transcription factor for lung alveolar fibroblasts. Pathway scores are highest for alveolar and adventitial fibroblast programs, supporting the stage-1 annotation. No myofibroblast, pericyte, or epithelial markers are prominent.",0,0,3,0,3,0,3,0,3
180818,TTCTCCTAGCCCAGCT_HD68,alveolar type 1 fibroblast cell,"alveolar adventitial fibroblast
The gene expression profile (DCN, LUM, COL1A2, FN1, MFAP4, TCF21, ADH1B, MGP, CFD, PTGDS) and pathway scores strongly support a lung fibroblast identity with alveolar/adventitial characteristics. The tissue context and absence of airway/smooth muscle markers confirm this subtype.",alveolar adventitial fibroblast,"The gene expression profile (DCN, LUM, COL1A2, FN1, MFAP4, TCF21, ADH1B, MGP, CFD, PTGDS) and pathway scores strongly support a lung fibroblast identity with alveolar/adventitial characteristics. The tissue context and absence of airway/smooth muscle markers confirm this subtype.",0,0,3,0,3,0,3,0,3
162601,AAACGCTTCAGCTAGT_SC86,alveolar type 1 fibroblast cell,"alveolar adventitial fibroblast

Stage-1 annotation is confirmed. Top genes (DCN, LUM, MFAP4, FBLN1, TIMP3, A2M) and pathway scores strongly support a fibroblast identity. ADH1B, CA3, and C7 are consistent with alveolar adventitial fibroblasts. Alveolar fibroblast and adventitial fibroblast scores are both high, with the combined marker evidence favoring the alveolar adventitial subtype. No conflicting lineage markers indicate an alternative cell type.",alveolar adventitial fibroblast,"Stage-1 annotation is confirmed. Top genes (DCN, LUM, MFAP4, FBLN1, TIMP3, A2M) and pathway scores strongly support a fibroblast identity. ADH1B, CA3, and C7 are consistent with alveolar adventitial fibroblasts. Alveolar fibroblast and adventitial fibroblast scores are both high, with the combined marker evidence favoring the alveolar adventitial subtype. No conflicting lineage markers indicate an alternative cell type.",0,0,3,0,3,0,3,0,3
21995,TAGTTGGGTGTATGGG-1-HCATisStab7747198,alveolar type 1 fibroblast cell,"alveolar type 1 fibroblast cell
The expression profile (DCN, LUM, COL1A1/2/3, MFAP4, TCF21, FBLN1) strongly indicates lung fibroblasts. TCF21 is a specific marker of alveolar fibroblasts, and the highest pathway score is ""Alveolar fibroblast,"" exceeding adventitial fibroblast and myofibroblast scores. Therefore, the initial ""alveolar adventitial fibroblast"" label is corrected to the alveolar fibroblast subtype.",alveolar type 1 fibroblast cell,"The expression profile (DCN, LUM, COL1A1/2/3, MFAP4, TCF21, FBLN1) strongly indicates lung fibroblasts. TCF21 is a specific marker of alveolar fibroblasts, and the highest pathway score is ""Alveolar fibroblast,"" exceeding adventitial fibroblast and myofibroblast scores. Therefore, the initial ""alveolar adventitial fibroblast"" label is corrected to the alveolar fibroblast subtype.",1,1,4,1,4,1,4,1,4
191326,ATCATCTTCACTCTTA-1-HCATisStab7659971,alveolar type 1 fibroblast cell,"alveolar adventitial fibroblast

The expression profile—LUM, DCN, COL1A2, MFAP4, SPARCL1, FBLN1, PRELP, and TCF21—is consistent with lung fibroblasts supporting alveolar matrix. The highest pathway scores are alveolar and adventitial fibroblast programs, and the tissue context is lung parenchyma. These data confirm the stage-1 annotation without conflict.",alveolar adventitial fibroblast,"The expression profile—LUM, DCN, COL1A2, MFAP4, SPARCL1, FBLN1, PRELP, and TCF21—is consistent with lung fibroblasts supporting alveolar matrix. The highest pathway scores are alveolar and adventitial fibroblast programs, and the tissue context is lung parenchyma. These data confirm the stage-1 annotation without conflict.",0,0,3,0,3,0,3,0,3
164575,CTCATTATCCCGGATG-1-HCATisStab7747198,alveolar type 1 fibroblast cell,"alveolar adventitial fibroblast

The expression profile strongly supports the stage-1 annotation: high COL1A1, COL1A2, COL3A1, DCN, LUM, MGP, FBLN1, and EMILIN1 are characteristic of lung adventitial fibroblasts wrapped around alveolar structures and vessels. Pathway scores also rank alveolar and adventitial fibroblast programs highest. No epithelial, endothelial, immune, or smooth-muscle markers dominate, so the subtype is correctly identified as alveolar adventitial fibroblast.",alveolar adventitial fibroblast,"The expression profile strongly supports the stage-1 annotation: high COL1A1, COL1A2, COL3A1, DCN, LUM, MGP, FBLN1, and EMILIN1 are characteristic of lung adventitial fibroblasts wrapped around alveolar structures and vessels. Pathway scores also rank alveolar and adventitial fibroblast programs highest. No epithelial, endothelial, immune, or smooth-muscle markers dominate, so the subtype is correctly identified as alveolar adventitial fibroblast.",0,0,3,0,3,0,3,0,3
111713,P3_5_CGGGTCAAGGATGTAT,alveolar type 1 fibroblast cell,"alveolar type 1 fibroblast cell

Top genes (TCF21, GPC3, FMO2, INMT, CCN2) and the highest pathway score for alveolar fibroblast support an alveolar fibroblast identity. Adventitial markers such as PI16 and COL15A1 are absent, so the “adventitial” part of the stage-1 label is inaccurate. Thus, the correct subtype is alveolar type 1 fibroblast cell.",alveolar type 1 fibroblast cell,"Top genes (TCF21, GPC3, FMO2, INMT, CCN2) and the highest pathway score for alveolar fibroblast support an alveolar fibroblast identity. Adventitial markers such as PI16 and COL15A1 are absent, so the “adventitial” part of the stage-1 label is inaccurate. Thus, the correct subtype is alveolar type 1 fibroblast cell.",1,1,4,1,4,1,4,1,4
258539,GACCCTTCAAGACTGG_SC86,alveolar type 1 fibroblast cell,"alveolar adventitial fibroblast

Expression of A2M, ADH1B, C7, SCN7A alongside DCN, PDGFRA, and ECM genes supports adventitial identity, while alveolar fibroblast pathway score is highest. The combined profile matches alveolar adventitial fibroblast.",alveolar adventitial fibroblast,"Expression of A2M, ADH1B, C7, SCN7A alongside DCN, PDGFRA, and ECM genes supports adventitial identity, while alveolar fibroblast pathway score is highest. The combined profile matches alveolar adventitial fibroblast.",0,0,3,0,3,0,3,0,3
155245,AAGTACCCAAACTCGT_SC86,alveolar type 1 fibroblast cell,"alveolar adventitial fibroblast

DCN, LUM, COL1A2, TCF21, MFAP4, FBLN1, and SPARCL1 strongly support fibroblast identity. Complement genes (C7, C1S, C1R, CFD) and PTGDS are characteristic of adventitial fibroblasts in lung parenchyma. Pathway scores rank alveolar fibroblast programs highest, and the tissue context aligns with this subtype. Thus, the stage-1 annotation is confirmed.",alveolar adventitial fibroblast,"DCN, LUM, COL1A2, TCF21, MFAP4, FBLN1, and SPARCL1 strongly support fibroblast identity. Complement genes (C7, C1S, C1R, CFD) and PTGDS are characteristic of adventitial fibroblasts in lung parenchyma. Pathway scores rank alveolar fibroblast programs highest, and the tissue context aligns with this subtype. Thus, the stage-1 annotation is confirmed.",0,0,3,0,3,0,3,0,3
157895,CGAATGTTCTGGCGAC_SC24,alveolar type 1 fibroblast cell,"alveolar adventitial fibroblast

The expression profile—DCN, LUM, COL1A2, FBLN1/5, MFAP4, ELN, PDGFRA—is classic for lung fibroblasts. The high TF-IDF weights for PTGDS, A2M, C7, and complement factors further support an adventitial fibroblast identity in the lung parenchyma. Pathway scores rank alveolar and adventitial fibroblast programs highest, consistent with the stage-1 annotation.",alveolar adventitial fibroblast,"The expression profile—DCN, LUM, COL1A2, FBLN1/5, MFAP4, ELN, PDGFRA—is classic for lung fibroblasts. The high TF-IDF weights for PTGDS, A2M, C7, and complement factors further support an adventitial fibroblast identity in the lung parenchyma. Pathway scores rank alveolar and adventitial fibroblast programs highest, consistent with the stage-1 annotation.",0,0,3,0,3,0,3,0,3
182026,CACAGTATCTTCCTTC-1-HCATisStab7747199,alveolar type 1 fibroblast cell,"alveolar adventitial fibroblast

High ECM gene expression (COL1A1, COL1A2, COL3A1, DCN, LUM, MFAP4) combined with inflammatory mediators (IL6, CCL2, CXCL1/2/8) and A2M/MGP strongly matches adventitial fibroblasts in lung parenchyma. Pathway scores support fibroblast identity, with adventitial program among the top. The stage-1 annotation is confirmed.",alveolar adventitial fibroblast,"High ECM gene expression (COL1A1, COL1A2, COL3A1, DCN, LUM, MFAP4) combined with inflammatory mediators (IL6, CCL2, CXCL1/2/8) and A2M/MGP strongly matches adventitial fibroblasts in lung parenchyma. Pathway scores support fibroblast identity, with adventitial program among the top. The stage-1 annotation is confirmed.",0,0,3,0,3,0,3,0,3
268869,P3_5_CAGCCGAAGCAATCTC,alveolar type 1 fibroblast cell,"alveolar type 1 fibroblast cell

Gene evidence strongly supports alveolar fibroblast identity: DCN, LUM, COL1A2, MFAP4, TCF21, plus alveolar-specific markers GPC3, ADH1B, INMT. Alveolar fibroblast pathway score is highest, exceeding adventitial fibroblast. No adventitial markers such as PI16 or COL15A1 are prominent, and myofibroblast markers are absent. Thus “adventitial” is inaccurate; “alveolar type 1 fibroblast cell” best fits.",alveolar type 1 fibroblast cell,"Gene evidence strongly supports alveolar fibroblast identity: DCN, LUM, COL1A2, MFAP4, TCF21, plus alveolar-specific markers GPC3, ADH1B, INMT. Alveolar fibroblast pathway score is highest, exceeding adventitial fibroblast. No adventitial markers such as PI16 or COL15A1 are prominent, and myofibroblast markers are absent. Thus “adventitial” is inaccurate; “alveolar type 1 fibroblast cell” best fits.",1,1,4,1,4,1,4,1,4
55369,CACACTCAGTCGATAA_F02522,alveolar type 1 fibroblast cell,"alveolar type 1 fibroblast cell

The gene signature—DCN, LUM, COL1A2, PDGFRA—confirms fibroblast identity, while TCF21, ADH1B, SCN7A, GPC3, and FIBIN are specific to alveolar fibroblasts rather than adventitial fibroblasts. Although the adventitial pathway score was slightly higher due to shared ECM genes, the alveolar-specific markers and lung parenchyma context support the stage-1 annotation.",alveolar type 1 fibroblast cell,"The gene signature—DCN, LUM, COL1A2, PDGFRA—confirms fibroblast identity, while TCF21, ADH1B, SCN7A, GPC3, and FIBIN are specific to alveolar fibroblasts rather than adventitial fibroblasts. Although the adventitial pathway score was slightly higher due to shared ECM genes, the alveolar-specific markers and lung parenchyma context support the stage-1 annotation.",1,1,4,1,4,1,4,1,4
92302,P3_5_CAGAGAGCATAGGATA,alveolar type 1 fibroblast cell,"myofibroblast cell

The profile strongly expresses extracellular matrix genes (LUM, DCN, MFAP4, TIMP3) and CCN1/CCN2, with the highest pathway score for myofibroblast. This is more specific than the generic “fibroblast” annotation, and the absence of immune, epithelial, or endothelial markers confirms a mesenchymal origin.",myofibroblast cell,"The profile strongly expresses extracellular matrix genes (LUM, DCN, MFAP4, TIMP3) and CCN1/CCN2, with the highest pathway score for myofibroblast. This is more specific than the generic “fibroblast” annotation, and the absence of immune, epithelial, or endothelial markers confirms a mesenchymal origin.",0,0,2,0,2,0,2,0,2
160613,CCGTACTCACTTCGAA_F02607,alveolar type 1 fibroblast cell,"alveolar type 1 fibroblast cell

The expression profile shows canonical fibroblast markers (DCN, LUM, COL1A2, FN1) alongside alveolar fibroblast-specific genes such as ADH1B, GPC3, CA3, SCN7A, and TCF21. The strong alveolar fibroblast pathway score and the presence of these distinctive markers confirm the stage-1 annotation despite a slightly higher adventitial fibroblast program score.",alveolar type 1 fibroblast cell,"The expression profile shows canonical fibroblast markers (DCN, LUM, COL1A2, FN1) alongside alveolar fibroblast-specific genes such as ADH1B, GPC3, CA3, SCN7A, and TCF21. The strong alveolar fibroblast pathway score and the presence of these distinctive markers confirm the stage-1 annotation despite a slightly higher adventitial fibroblast program score.",1,1,4,1,4,1,4,1,4
29054,GTTAGACGTTGGCTAT_SC86,alveolar type 1 fibroblast cell,"alveolar type 1 fibroblast cell

Expression of DCN, LUM, COL1A2, ELN, PDGFRA confirms fibroblast identity, while SCN7A, A2M, TIMP3, C7, ADH1B, and PTGDS are characteristic of alveolar (type 1) fibroblasts rather than adventitial or bronchial fibroblasts. Pathway scores for adventitial fibroblasts are inflated by shared ECM genes, but the alveolar-specific markers strongly support the stage-1 annotation.",alveolar type 1 fibroblast cell,"Expression of DCN, LUM, COL1A2, ELN, PDGFRA confirms fibroblast identity, while SCN7A, A2M, TIMP3, C7, ADH1B, and PTGDS are characteristic of alveolar (type 1) fibroblasts rather than adventitial or bronchial fibroblasts. Pathway scores for adventitial fibroblasts are inflated by shared ECM genes, but the alveolar-specific markers strongly support the stage-1 annotation.",1,1,4,1,4,1,4,1,4
222942,TACTGCCTCCAACTGA_SC86,alveolar type 1 fibroblast cell,"alveolar adventitial fibroblast

The transcriptome is dominated by fibroblast markers (DCN, LUM, COL1A2, MFAP4, MGP) and specifically expresses A2M, ADH1B, SCN7A, and PRG4, which are characteristic of alveolar adventitial fibroblasts. Pathway scores support fibroblast identity with strong enrichment for alveolar, myofibroblast, and adventitial programs. No conflicting markers indicate an alternative subtype.",alveolar adventitial fibroblast,"The transcriptome is dominated by fibroblast markers (DCN, LUM, COL1A2, MFAP4, MGP) and specifically expresses A2M, ADH1B, SCN7A, and PRG4, which are characteristic of alveolar adventitial fibroblasts. Pathway scores support fibroblast identity with strong enrichment for alveolar, myofibroblast, and adventitial programs. No conflicting markers indicate an alternative subtype.",0,0,3,0,3,0,3,0,3
89461,P3_5_GGTGTTACATGCCACG,alveolar type 1 fibroblast cell,"alveolar type 1 fibroblast cell

The top markers (TCF21, GPC3, INMT, PTGDS, ADH1B) are canonical for alveolar fibroblasts, not adventitial fibroblasts. Pathway scoring also ranks ""Alveolar fibroblast"" highest. The ECM genes (DCN, LUM, MFAP4) are shared among fibroblast subtypes but do not indicate a strictly adventitial identity. Therefore, the stage-1 label ""adventitial"" is inaccurate, and this is best classified as",alveolar type 1 fibroblast cell,"The top markers (TCF21, GPC3, INMT, PTGDS, ADH1B) are canonical for alveolar fibroblasts, not adventitial fibroblasts. Pathway scoring also ranks ""Alveolar fibroblast"" highest. The ECM genes (DCN, LUM, MFAP4) are shared among fibroblast subtypes but do not indicate a strictly adventitial identity. Therefore, the stage-1 label ""adventitial"" is inaccurate, and this is best classified as",1,1,4,1,4,1,4,1,4
312372,P3_5_GCCTCTAAGTAATCCC,alveolar type 1 fibroblast cell,"alveolar adventitial fibroblast

The expression profile is dominated by fibroblast markers (MFAP4, LUM, DCN, COL1A2, SPARC) and alveolar fibroblast-specific genes (TCF21, GPC3, ADH1B, FIBIN). Pathway scores support a fibroblast identity with alveolar enrichment. The original annotation aligns with the gene evidence, so no correction is needed.",alveolar adventitial fibroblast,"The expression profile is dominated by fibroblast markers (MFAP4, LUM, DCN, COL1A2, SPARC) and alveolar fibroblast-specific genes (TCF21, GPC3, ADH1B, FIBIN). Pathway scores support a fibroblast identity with alveolar enrichment. The original annotation aligns with the gene evidence, so no correction is needed.",0,0,3,0,3,0,3,0,3
288746,TATCTCATCGGCTACG_HD101,bronchial goblet cell,"club cell
Top markers SCGB1A1 and SCGB3A1 are canonical club cell secretory products, with BPIFB1, SLPI, and WFDC2 supporting airway club identity. Although goblet-associated genes (MUC5B, MUC5AC, TFF3) and the goblet pathway score appear, their expression weights are much lower than club-specific markers, so the annotation remains club cell.",club cell,"Top markers SCGB1A1 and SCGB3A1 are canonical club cell secretory products, with BPIFB1, SLPI, and WFDC2 supporting airway club identity. Although goblet-associated genes (MUC5B, MUC5AC, TFF3) and the goblet pathway score appear, their expression weights are much lower than club-specific markers, so the annotation remains club cell.",0,0,3,0,3,0,3,0,3
86448,CTGAAACGTAGAGTGC_F02607,bronchial goblet cell,"bronchial goblet cell

The expression profile shows strong goblet cell features: high goblet pathway score, plus MUC5AC, MUC5B, TFF3, BPIFB1, AGR2, and FCGBP. Although SCGB1A1/SCGB3A1 are present, the combined evidence favors goblet over club identity, and the lung parenchyma context points to bronchial goblet cells.",bronchial goblet cell,"The expression profile shows strong goblet cell features: high goblet pathway score, plus MUC5AC, MUC5B, TFF3, BPIFB1, AGR2, and FCGBP. Although SCGB1A1/SCGB3A1 are present, the combined evidence favors goblet over club identity, and the lung parenchyma context points to bronchial goblet cells.",1,1,4,1,4,1,4,1,4
267836,CTAATGGGTTAGAACA-SC155,bronchial goblet cell,"club cell

The dominant expression of SCGB1A1, SCGB3A1, BPIFB1, SLPI, and WFDC2 confirms club cell identity. Although MUC5B and a high goblet-cell pathway score appear, the strongest and most specific markers are canonical club-cell secretory proteins, supporting the stage-1 annotation over a goblet or transitional subtype.",club cell,"The dominant expression of SCGB1A1, SCGB3A1, BPIFB1, SLPI, and WFDC2 confirms club cell identity. Although MUC5B and a high goblet-cell pathway score appear, the strongest and most specific markers are canonical club-cell secretory proteins, supporting the stage-1 annotation over a goblet or transitional subtype.",0,0,3,0,3,0,3,0,3
12854,P2_1_TTAGGCACAGTTTACG,bronchial goblet cell,"club cell

The dominant expression of SCGB1A1 (top TF-IDF gene) and SCGB3A1 firmly establishes club cell identity. Mucin genes (MUC5B, MUC5AC) are present but at much lower weights, likely reflecting a transitional or mucin-producing club cell state. The tissue context of lung parenchyma also favors club cells over goblet cells, which are more typical of conducting airways. Therefore, the stage-1 annotation is confirmed.",club cell,"The dominant expression of SCGB1A1 (top TF-IDF gene) and SCGB3A1 firmly establishes club cell identity. Mucin genes (MUC5B, MUC5AC) are present but at much lower weights, likely reflecting a transitional or mucin-producing club cell state. The tissue context of lung parenchyma also favors club cells over goblet cells, which are more typical of conducting airways. Therefore, the stage-1 annotation is confirmed.",0,0,3,0,3,0,3,0,3
73069,TACTTACCAACGCACC_F02524,bronchial goblet cell,"club cell

The top markers SCGB1A1 and SCGB3A1 are definitive club cell secretory proteins, with strong supportive expression of SLPI, BPIFB1, CYP2F1, and only low MUC5B. Although the goblet cell pathway score is slightly higher, the direct, highly specific gene evidence (especially the dominant TF-IDF weights) confirms the stage‑1 club cell annotation. The pattern is consistent with non-ciliated bronchiolar epithelial cells in lung parenchyma.",club cell,"The top markers SCGB1A1 and SCGB3A1 are definitive club cell secretory proteins, with strong supportive expression of SLPI, BPIFB1, CYP2F1, and only low MUC5B. Although the goblet cell pathway score is slightly higher, the direct, highly specific gene evidence (especially the dominant TF-IDF weights) confirms the stage‑1 club cell annotation. The pattern is consistent with non-ciliated bronchiolar epithelial cells in lung parenchyma.",0,0,3,0,3,0,3,0,3
191354,ACCCACTTCTCTAGGA_HD101,bronchial goblet cell,"club cell
Top markers SCGB1A1, SCGB3A1, BPIFB1, CYP2F1, and CXCL17 are canonical club cell secretory products. Although MUC5AC/MUC5B and TFF3 suggest some goblet-like activity, their weights are far lower, so the dominant identity is club cell.",club cell,"Top markers SCGB1A1, SCGB3A1, BPIFB1, CYP2F1, and CXCL17 are canonical club cell secretory products. Although MUC5AC/MUC5B and TFF3 suggest some goblet-like activity, their weights are far lower, so the dominant identity is club cell.",0,0,3,0,3,0,3,0,3
93330,ATGCGATGTTCACGGC_F02607,bronchial goblet cell,"club cell
The top markers (SCGB1A1, SCGB3A1, BPIFB1, SLPI, WFDC2, CYP2F1) are canonical club cell secretory products. Although goblet-cell pathway scores are marginally higher, the direct gene evidence strongly supports club cell identity, and the goblet-associated genes (MUC5B/MUC5AC) may reflect a transitional state.",club cell,"The top markers (SCGB1A1, SCGB3A1, BPIFB1, SLPI, WFDC2, CYP2F1) are canonical club cell secretory products. Although goblet-cell pathway scores are marginally higher, the direct gene evidence strongly supports club cell identity, and the goblet-associated genes (MUC5B/MUC5AC) may reflect a transitional state.",0,0,3,0,3,0,3,0,3
78406,CTCGTACAGCCGCCTA_F02526,bronchial goblet cell,"club cell

Top markers (SCGB1A1, SCGB3A1, BPIFB1, SLPI, WFDC2) are classic club cell genes, strongly supporting the stage-1 annotation. Although the goblet cell pathway score is highest, no defining goblet markers (e.g., MUC5AC, MUC5B, SPDEF) appear among the top genes. The profile is consistent with a canonical club cell rather than a goblet or other secretory subtype.",club cell,"Top markers (SCGB1A1, SCGB3A1, BPIFB1, SLPI, WFDC2) are classic club cell genes, strongly supporting the stage-1 annotation. Although the goblet cell pathway score is highest, no defining goblet markers (e.g., MUC5AC, MUC5B, SPDEF) appear among the top genes. The profile is consistent with a canonical club cell rather than a goblet or other secretory subtype.",0,0,3,0,3,0,3,0,3
205096,AGAGCTTTCAACACTG_F01394,bronchial goblet cell,"club cell
Top markers SCGB1A1, SCGB3A1, MSMB, and CYP2F1 are canonical club cell genes, with SCGB1A1 being the most highly specific transcript. While goblet-related genes (MUC5B, TFF3) appear and the goblet pathway score is elevated, the direct gene evidence overwhelmingly supports a club cell identity rather than a goblet cell.",club cell,"Top markers SCGB1A1, SCGB3A1, MSMB, and CYP2F1 are canonical club cell genes, with SCGB1A1 being the most highly specific transcript. While goblet-related genes (MUC5B, TFF3) appear and the goblet pathway score is elevated, the direct gene evidence overwhelmingly supports a club cell identity rather than a goblet cell.",0,0,3,0,3,0,3,0,3
284996,AGAGCGAAGGAGTCTG_F02528,bronchial goblet cell,"club cell
The dominant expression of SCGB1A1 and SCGB3A1, along with BPIFB1, MSMB, and SLPI, is definitive for club (Clara) cells. While MUC5AC/MUC5B and TFF3 contribute to a goblet-cell pathway score, their low TF-IDF weights make goblet identity less supported. Direct gene evidence therefore confirms the stage-1 annotation.",club cell,"The dominant expression of SCGB1A1 and SCGB3A1, along with BPIFB1, MSMB, and SLPI, is definitive for club (Clara) cells. While MUC5AC/MUC5B and TFF3 contribute to a goblet-cell pathway score, their low TF-IDF weights make goblet identity less supported. Direct gene evidence therefore confirms the stage-1 annotation.",0,0,3,0,3,0,3,0,3
325621,CTTAGGACACGCGAAA_F02607,bronchial goblet cell,"club cell
Dominant SCGB1A1, SCGB3A1, BPIFB1, MSMB, and SLPI are canonical club cell markers. MUC5AC/MUC5B are minimally expressed, making goblet cell less likely despite a slightly higher goblet pathway score.",club cell,"Dominant SCGB1A1, SCGB3A1, BPIFB1, MSMB, and SLPI are canonical club cell markers. MUC5AC/MUC5B are minimally expressed, making goblet cell less likely despite a slightly higher goblet pathway score.",0,0,3,0,3,0,3,0,3
43207,TCTGGAAAGGGTGTGT_F02526,bronchial goblet cell,"club cell

The most highly expressed and specific markers are SCGB3A1 and SCGB1A1, canonical club cell secretoglobins. Supporting genes (BPIFB1, SLPI, WFDC2) also align with club cell identity. Although the goblet cell pathway score is nominally higher, direct gene evidence confirms the stage-1 annotation.",club cell,"The most highly expressed and specific markers are SCGB3A1 and SCGB1A1, canonical club cell secretoglobins. Supporting genes (BPIFB1, SLPI, WFDC2) also align with club cell identity. Although the goblet cell pathway score is nominally higher, direct gene evidence confirms the stage-1 annotation.",0,0,3,0,3,0,3,0,3
115187,AAACGGGTCGGCCGAT_F02526,bronchial goblet cell,"club cell

The expression profile is overwhelmingly dominated by SCGB3A1 and SCGB1A1, the canonical club cell secretoglobins, with supporting markers BPIFB1, SLPI, and WFDC2. Low-level MUC5B/MUC5AC reflect secretory plasticity rather than goblet cell identity. The goblet pathway score is likely driven by these mucin genes, but the TF-IDF ranking confirms classic club cell identity.",club cell,"The expression profile is overwhelmingly dominated by SCGB3A1 and SCGB1A1, the canonical club cell secretoglobins, with supporting markers BPIFB1, SLPI, and WFDC2. Low-level MUC5B/MUC5AC reflect secretory plasticity rather than goblet cell identity. The goblet pathway score is likely driven by these mucin genes, but the TF-IDF ranking confirms classic club cell identity.",0,0,3,0,3,0,3,0,3
194226,GCAATCAGTGGAAAGA_F02528,bronchial goblet cell,"club cell

The top cell-specific genes, SCGB1A1 and SCGB3A1, are canonical club cell markers with much higher weights than any goblet-associated genes. MUC5AC/MUC5B co-expression suggests a transitional secretory state, but the dominant signal confirms club cell identity.",club cell,"The top cell-specific genes, SCGB1A1 and SCGB3A1, are canonical club cell markers with much higher weights than any goblet-associated genes. MUC5AC/MUC5B co-expression suggests a transitional secretory state, but the dominant signal confirms club cell identity.",0,0,3,0,3,0,3,0,3
52140,CATCGGGCATATACGC_HD66,bronchial goblet cell,"Club cell
The expression profile is dominated by SCGB1A1 and SCGB3A1, canonical club cell markers, with supporting secretory genes (BPIFB1, SLPI, WFDC2, LCN2). Low MUC5AC/MUC5B and AGR2 relative to goblet cells, and the presence of CYP2F1, further confirm club cell identity over goblet or other secretory lineages.",Club cell,"The expression profile is dominated by SCGB1A1 and SCGB3A1, canonical club cell markers, with supporting secretory genes (BPIFB1, SLPI, WFDC2, LCN2). Low MUC5AC/MUC5B and AGR2 relative to goblet cells, and the presence of CYP2F1, further confirm club cell identity over goblet or other secretory lineages.",0,0,3,0,3,0,3,0,3
268644,TTGGCAACAATCAGAA_HD66,bronchial goblet cell,"club cell
The top TF-IDF markers (SCGB1A1, SCGB3A1, BPIFB1, CYP2F1) are canonical club cell genes. Goblet-like mucins (MUC5B, MUC5AC, TFF3) are present but have much lower weights, suggesting a transitional/hybrid state rather than full goblet identity. Given the lung parenchyma context, club cell is the most appropriate subtype.",club cell,"The top TF-IDF markers (SCGB1A1, SCGB3A1, BPIFB1, CYP2F1) are canonical club cell genes. Goblet-like mucins (MUC5B, MUC5AC, TFF3) are present but have much lower weights, suggesting a transitional/hybrid state rather than full goblet identity. Given the lung parenchyma context, club cell is the most appropriate subtype.",0,0,3,0,3,0,3,0,3
241743,CTGAAGTAGTTAGGTA_F01394,bronchial goblet cell,"bronchial goblet cell

The stage-1 club cell annotation is inconsistent with the pathway scores, where goblet cell program is highest. While SCGB1A1/SCGB3A1 are present, the additional strong expression of MUC5B, TFF3, FCGBP, AGR2, ZG16B, and PIGR is characteristic of goblet cells. Given the lung parenchyma context, bronchial goblet cell is the most appropriate subtype.",bronchial goblet cell,"The stage-1 club cell annotation is inconsistent with the pathway scores, where goblet cell program is highest. While SCGB1A1/SCGB3A1 are present, the additional strong expression of MUC5B, TFF3, FCGBP, AGR2, ZG16B, and PIGR is characteristic of goblet cells. Given the lung parenchyma context, bronchial goblet cell is the most appropriate subtype.",1,1,4,1,4,1,4,1,4
129296,ATTGGACAGGGCATGT-SC45,bronchial goblet cell,"bronchial goblet cell

Top genes include club markers (SCGB1A1, SCGB3A1) but also strong goblet markers (MUC5AC, MUC5B, TFF3, AGR2, BPIFB1). The goblet cell pathway score is the highest, outweighing the canonical club cell program. Given lung parenchyma context, this secretory profile best matches a bronchial goblet cell rather than a club cell.",bronchial goblet cell,"Top genes include club markers (SCGB1A1, SCGB3A1) but also strong goblet markers (MUC5AC, MUC5B, TFF3, AGR2, BPIFB1). The goblet cell pathway score is the highest, outweighing the canonical club cell program. Given lung parenchyma context, this secretory profile best matches a bronchial goblet cell rather than a club cell.",1,1,4,1,4,1,4,1,4
309026,ACGCCAGAGCTAGCCC_F01853,bronchial goblet cell,"club cell

The expression profile is dominated by canonical club cell markers SCGB1A1 and SCGB3A1, with supporting airway secretory genes (BPIFB1, SLPI, WFDC2) and low MUC5AC relative to goblet cells. CYP2F1 further supports club cell identity. Although goblet pathway score is slightly elevated, direct gene evidence strongly favors club cell.",club cell,"The expression profile is dominated by canonical club cell markers SCGB1A1 and SCGB3A1, with supporting airway secretory genes (BPIFB1, SLPI, WFDC2) and low MUC5AC relative to goblet cells. CYP2F1 further supports club cell identity. Although goblet pathway score is slightly elevated, direct gene evidence strongly favors club cell.",0,0,3,0,3,0,3,0,3
271139,TGTATTCCATCACAAC_F01639,bronchial goblet cell,club cell,club cell,,0,0,3,0,3,0,3,0,3
107052,GCGAGAATCAAGATCC_F01639,bronchus fibroblast of lung,"alveolar type 1 fibroblast cell

The gene profile (TCF21, GPC3, ADH1B, FMO2) is characteristic of alveolar type 1 fibroblasts, not adventitial fibroblasts. Top markers are classical fibroblast genes, and pathway scores favor alveolar fibroblast identity over adventitial. Thus, the stage-1 annotation is corrected to the more specific alveolar type 1 fibroblast cell.",alveolar type 1 fibroblast cell,"The gene profile (TCF21, GPC3, ADH1B, FMO2) is characteristic of alveolar type 1 fibroblasts, not adventitial fibroblasts. Top markers are classical fibroblast genes, and pathway scores favor alveolar fibroblast identity over adventitial. Thus, the stage-1 annotation is corrected to the more specific alveolar type 1 fibroblast cell.",0,0,3,0,3,0,3,0,3
147496,CATGACAGTAATAGCA_F02617,bronchus fibroblast of lung,"alveolar adventitial fibroblast

The profile shows strong fibroblast identity with ECM genes (DCN, LUM, MGP, FBLN1) and high APOD, ADH1B, TCF21, plus adventitial markers CFD, PI16, DPT. Pathway scores are highest for alveolar fibroblast and adventitial fibroblast, supporting an alveolar/adventitial hybrid. No smooth muscle or myofibroblast markers are prominent. Thus the stage-1 annotation is correct.",alveolar adventitial fibroblast,"The profile shows strong fibroblast identity with ECM genes (DCN, LUM, MGP, FBLN1) and high APOD, ADH1B, TCF21, plus adventitial markers CFD, PI16, DPT. Pathway scores are highest for alveolar fibroblast and adventitial fibroblast, supporting an alveolar/adventitial hybrid. No smooth muscle or myofibroblast markers are prominent. Thus the stage-1 annotation is correct.",0,0,3,0,3,0,3,0,3
70832,CACGAATAGGTTGGAC_SC143,bronchus fibroblast of lung,"alveolar adventitial fibroblast

Expression strongly matches adventitial fibroblast identity: DCN, LUM, COL1A2, COL6A1/2/3, FBLN1, MGP, APOD, CFD, PTGDS, complement genes C1R/C1S/C7, A2M, MMP2, and TIMP1/3. TCF21 is present but lower, consistent with shared fibroblast lineage. The slightly higher “alveolar fibroblast” pathway score likely reflects overlapping ECM programs, but direct top marker evidence supports the stage-1 annotation.",alveolar adventitial fibroblast,"Expression strongly matches adventitial fibroblast identity: DCN, LUM, COL1A2, COL6A1/2/3, FBLN1, MGP, APOD, CFD, PTGDS, complement genes C1R/C1S/C7, A2M, MMP2, and TIMP1/3. TCF21 is present but lower, consistent with shared fibroblast lineage. The slightly higher “alveolar fibroblast” pathway score likely reflects overlapping ECM programs, but direct top marker evidence supports the stage-1 annotation.",0,0,3,0,3,0,3,0,3
227032,AAGTCGTGTCAAGCGA_SC86,bronchus fibroblast of lung,"alveolar type 1 fibroblast cell

The gene profile (DCN, LUM, COL1A1, COL3A1) confirms fibroblast identity, while alveolar-specific markers (ADH1B, C7, PTGDS, SPARCL1, MFAP4) and the highest pathway score for “Alveolar fibroblast” indicate an alveolar, not adventitial, fibroblast. Correcting the stage-1 label to the more precise subtype.",alveolar type 1 fibroblast cell,"The gene profile (DCN, LUM, COL1A1, COL3A1) confirms fibroblast identity, while alveolar-specific markers (ADH1B, C7, PTGDS, SPARCL1, MFAP4) and the highest pathway score for “Alveolar fibroblast” indicate an alveolar, not adventitial, fibroblast. Correcting the stage-1 label to the more precise subtype.",0,0,3,0,3,0,3,0,3
100747,CTTAACTAGCTGCGAA-1-HCATisStab7747197,bronchus fibroblast of lung,"alveolar adventitial fibroblast

The top markers (LUM, DCN, COL1A1/1A2/3A1, MGP, FBLN1, SPARC-related genes) confirm a fibroblast identity. Pathway scoring ranks adventitial fibroblast highest, above myofibroblast, pericyte, and smooth muscle programs. Given the lung parenchyma context, the most specific matching annotation is alveolar adventitial fibroblast.",alveolar adventitial fibroblast,"The top markers (LUM, DCN, COL1A1/1A2/3A1, MGP, FBLN1, SPARC-related genes) confirm a fibroblast identity. Pathway scoring ranks adventitial fibroblast highest, above myofibroblast, pericyte, and smooth muscle programs. Given the lung parenchyma context, the most specific matching annotation is alveolar adventitial fibroblast.",0,0,3,0,3,0,3,0,3
274883,TAGGCATCATCGGGTC_HD66,bronchus fibroblast of lung,"alveolar type 1 fibroblast cell
TCF21 expression and the top-ranked alveolar fibroblast pathway score indicate an alveolar (septal) fibroblast rather than an adventitial fibroblast. The extensive ECM genes (DCN, LUM, COL1A2) confirm fibroblast identity, while the absence of strong adventitial-specific markers supports refining the annotation.",alveolar type 1 fibroblast cell,"TCF21 expression and the top-ranked alveolar fibroblast pathway score indicate an alveolar (septal) fibroblast rather than an adventitial fibroblast. The extensive ECM genes (DCN, LUM, COL1A2) confirm fibroblast identity, while the absence of strong adventitial-specific markers supports refining the annotation.",0,0,3,0,3,0,3,0,3
136047,P3_5_GGGCACTGTGATAAAC,bronchus fibroblast of lung,"alveolar adventitial fibroblast

The profile is strongly fibroblastic (LUM, DCN, COL1A1/3, COL6A1-3, FBLN1, DPT, SPARCL1) with clear adventitial-specific markers including CCL19, CCL2, and complement genes C1S, C1R, and C7. ADH1B expression links it to alveolar-region fibroblasts, supporting the combined alveolar adventitial identity. No myofibroblast or smooth muscle markers are evident, confirming the stage-1 annotation.",alveolar adventitial fibroblast,"The profile is strongly fibroblastic (LUM, DCN, COL1A1/3, COL6A1-3, FBLN1, DPT, SPARCL1) with clear adventitial-specific markers including CCL19, CCL2, and complement genes C1S, C1R, and C7. ADH1B expression links it to alveolar-region fibroblasts, supporting the combined alveolar adventitial identity. No myofibroblast or smooth muscle markers are evident, confirming the stage-1 annotation.",0,0,3,0,3,0,3,0,3
279166,CAACTAGCATAGTAAG_HD66,bronchus fibroblast of lung,"alveolar adventitial fibroblast

The top genes (COL1A1, COL3A1, LUM, DCN, BGN, SPARC, FN1) are classic fibroblast/extracellular matrix markers consistent with lung parenchymal fibroblasts. Pathway scores favor alveolar and adventitial fibroblast programs. CTHRC1, POSTN, and FAP suggest some myofibroblast activation, but overall profile aligns best with alveolar adventitial fibroblast, confirming the stage-1 annotation.",alveolar adventitial fibroblast,"The top genes (COL1A1, COL3A1, LUM, DCN, BGN, SPARC, FN1) are classic fibroblast/extracellular matrix markers consistent with lung parenchymal fibroblasts. Pathway scores favor alveolar and adventitial fibroblast programs. CTHRC1, POSTN, and FAP suggest some myofibroblast activation, but overall profile aligns best with alveolar adventitial fibroblast, confirming the stage-1 annotation.",0,0,3,0,3,0,3,0,3
206886,TGTTCCGTCCTTAATC-1-HCATisStab7747197,bronchus fibroblast of lung,"alveolar adventitial fibroblast

Expression of matrix genes (MGP, LUM, DCN, COL1A1/1A2/3A1, FBLN1, SPARC) without epithelial/immune markers confirms fibroblast identity. PTGDS and CCL19 co-expression supports an alveolar adventitial fibroblast phenotype. Moderate ACTA2/TAGLN reflects perivascular context, but myofibroblast and smooth muscle pathway scores are lower. Stage-1 annotation is consistent.",alveolar adventitial fibroblast,"Expression of matrix genes (MGP, LUM, DCN, COL1A1/1A2/3A1, FBLN1, SPARC) without epithelial/immune markers confirms fibroblast identity. PTGDS and CCL19 co-expression supports an alveolar adventitial fibroblast phenotype. Moderate ACTA2/TAGLN reflects perivascular context, but myofibroblast and smooth muscle pathway scores are lower. Stage-1 annotation is consistent.",0,0,3,0,3,0,3,0,3
309407,TTGTAGGAGTTGAGAT_F02524,bronchus fibroblast of lung,"alveolar adventitial fibroblast

The top genes (DCN, LUM, COL1A2, COL3A1, PI16, CFD, APOD) are canonical fibroblast markers, and pathway scores are highest for alveolar and adventitial fibroblast programs. The combined expression profile aligns with alveolar adventitial fibroblasts in lung parenchyma, supporting the stage-1 annotation.",alveolar adventitial fibroblast,"The top genes (DCN, LUM, COL1A2, COL3A1, PI16, CFD, APOD) are canonical fibroblast markers, and pathway scores are highest for alveolar and adventitial fibroblast programs. The combined expression profile aligns with alveolar adventitial fibroblasts in lung parenchyma, supporting the stage-1 annotation.",0,0,3,0,3,0,3,0,3
282297,ACTGCTCAGGATGGTC-1-HCATisStab7747197,bronchus fibroblast of lung,"myofibroblast cell
Expression of ECM genes (LUM, DCN, COL1A1, COL3A1, MGP, FBLN1) confirms fibroblast lineage, but high myofibroblast pathway score and expression of ACTA2, TAGLN, and TPM2 indicate an activated myofibroblast phenotype rather than a generic fibroblast.",myofibroblast cell,"Expression of ECM genes (LUM, DCN, COL1A1, COL3A1, MGP, FBLN1) confirms fibroblast lineage, but high myofibroblast pathway score and expression of ACTA2, TAGLN, and TPM2 indicate an activated myofibroblast phenotype rather than a generic fibroblast.",0,0,2,0,2,0,2,0,2
9674,TTGGGATGTCGTCTCT_SC86,bronchus fibroblast of lung,"alveolar adventitial fibroblast

The expression profile strongly matches lung fibroblasts, with high levels of DCN, SFRP2, FBLN1, MGP, LUM, and COL6A2. Complement factors (CFD, C7, C3, C1S, C1R) and genes like APOD and ABI3BP support an adventitial fibroblast identity. Pathway scores for both alveolar and adventitial fibroblasts are highest, and the parenchymal context fits the alveolar adventitial subtype. No strong epithelial, endothelial, immune, or smooth muscle markers are present, so stage-1 annotation is correct.",alveolar adventitial fibroblast,"The expression profile strongly matches lung fibroblasts, with high levels of DCN, SFRP2, FBLN1, MGP, LUM, and COL6A2. Complement factors (CFD, C7, C3, C1S, C1R) and genes like APOD and ABI3BP support an adventitial fibroblast identity. Pathway scores for both alveolar and adventitial fibroblasts are highest, and the parenchymal context fits the alveolar adventitial subtype. No strong epithelial, endothelial, immune, or smooth muscle markers are present, so stage-1 annotation is correct.",0,0,3,0,3,0,3,0,3
135409,P3_5_CTGTGCTAGTCCTCCT,bronchus fibroblast of lung,"alveolar type 1 fibroblast cell

Expression of GPC3, TCF21, LUM, DCN, COL1A1/3A1, and MFAP4 supports alveolar lung fibroblast identity. The alveolar fibroblast pathway score (0.89) exceeds adventitial (0.76) and myofibroblast (0.73), favoring correction away from “alveolar adventitial fibroblast.” Among available options, “alveolar type 1 fibroblast cell” best matches the parenchymal alveolar fibroblast program.",alveolar type 1 fibroblast cell,"Expression of GPC3, TCF21, LUM, DCN, COL1A1/3A1, and MFAP4 supports alveolar lung fibroblast identity. The alveolar fibroblast pathway score (0.89) exceeds adventitial (0.76) and myofibroblast (0.73), favoring correction away from “alveolar adventitial fibroblast.” Among available options, “alveolar type 1 fibroblast cell” best matches the parenchymal alveolar fibroblast program.",0,0,3,0,3,0,3,0,3
54927,GAATCACCACACCGCA_SC143,bronchus fibroblast of lung,"alveolar adventitial fibroblast

The top genes (DCN, LUM, COL6A2, FBLN1, SPARCL1, APOD) and complement components (C1R, C1S, C7, CFD) are characteristic of alveolar adventitial fibroblasts. Highest pathway scores for alveolar and adventitial fibroblast programs support this subtype over myofibroblast or pericyte. The stage-1 annotation is confirmed.",alveolar adventitial fibroblast,"The top genes (DCN, LUM, COL6A2, FBLN1, SPARCL1, APOD) and complement components (C1R, C1S, C7, CFD) are characteristic of alveolar adventitial fibroblasts. Highest pathway scores for alveolar and adventitial fibroblast programs support this subtype over myofibroblast or pericyte. The stage-1 annotation is confirmed.",0,0,3,0,3,0,3,0,3
35933,AACCATGGTCGAGATG_F02607,bronchus fibroblast of lung,"alveolar adventitial fibroblast
The profile is dominated by fibroblast/ECM markers (DCN, LUM, COL1A2, COL3A1, FBLN1, MFAP4/5) combined with lung adventitial fibroblast markers (PI16, CFD, APOD, ADH1B, PTGDS, SPARCL1). Pathway scores support both alveolar and adventitial fibroblast identity; the gene evidence aligns best with the alveolar adventitial fibroblast subtype in lung parenchyma.",alveolar adventitial fibroblast,"The profile is dominated by fibroblast/ECM markers (DCN, LUM, COL1A2, COL3A1, FBLN1, MFAP4/5) combined with lung adventitial fibroblast markers (PI16, CFD, APOD, ADH1B, PTGDS, SPARCL1). Pathway scores support both alveolar and adventitial fibroblast identity; the gene evidence aligns best with the alveolar adventitial fibroblast subtype in lung parenchyma.",0,0,3,0,3,0,3,0,3
44446,ATCCATTAGCAGAAAG_SC86,bronchus fibroblast of lung,"alveolar adventitial fibroblast

The expression profile strongly supports this annotation: high DCN, LUM, COL1A1/2, COL3A1, COL6A1-3, FN1, and PDGFRA confirm fibroblast identity. Complement components C7, C1S, and C1R are characteristic of alveolar adventitial fibroblasts, and pathway scores rank alveolar fibroblast programs highest. The TF-IDF markers (A2M, CCL19, MGP, PTGDS) align with this lung fibroblast subtype. No evidence suggests an alternative lineage or a different fibroblast subtype.",alveolar adventitial fibroblast,"The expression profile strongly supports this annotation: high DCN, LUM, COL1A1/2, COL3A1, COL6A1-3, FN1, and PDGFRA confirm fibroblast identity. Complement components C7, C1S, and C1R are characteristic of alveolar adventitial fibroblasts, and pathway scores rank alveolar fibroblast programs highest. The TF-IDF markers (A2M, CCL19, MGP, PTGDS) align with this lung fibroblast subtype. No evidence suggests an alternative lineage or a different fibroblast subtype.",0,0,3,0,3,0,3,0,3
156689,CCTCCTCGTCTGTGTA_SC143,bronchus fibroblast of lung,"alveolar adventitial fibroblast
The expression profile (DCN, LUM, COL1A1/A2/A3, COL6, MGP, SFRP2, DPT, MFAP5, SPARCL1, PI16, THY1) strongly matches adventitial fibroblast identity in lung parenchyma. Pathway scores favor alveolar/adventitial fibroblast programs over myofibroblast or smooth muscle. Despite ACTA2/TAGLN presence, the overall signature is not myofibroblast-dominant. Tissue context and markers confirm the stage-1 annotation.",alveolar adventitial fibroblast,"The expression profile (DCN, LUM, COL1A1/A2/A3, COL6, MGP, SFRP2, DPT, MFAP5, SPARCL1, PI16, THY1) strongly matches adventitial fibroblast identity in lung parenchyma. Pathway scores favor alveolar/adventitial fibroblast programs over myofibroblast or smooth muscle. Despite ACTA2/TAGLN presence, the overall signature is not myofibroblast-dominant. Tissue context and markers confirm the stage-1 annotation.",0,0,3,0,3,0,3,0,3
294897,ACGGCCAGTAGCGTCC_F02607,bronchus fibroblast of lung,"alveolar adventitial fibroblast
Expression of DCN, LUM, COL1A2, PDGFRA, TCF21, MFAP4, FBLN1, and SFRP2 is characteristic of lung fibroblasts, with top pathway scores for alveolar and adventitial fibroblast programs. The high ECM-related signature and parenchymal context confirm the alveolar adventitial fibroblast subtype.",alveolar adventitial fibroblast,"Expression of DCN, LUM, COL1A2, PDGFRA, TCF21, MFAP4, FBLN1, and SFRP2 is characteristic of lung fibroblasts, with top pathway scores for alveolar and adventitial fibroblast programs. The high ECM-related signature and parenchymal context confirm the alveolar adventitial fibroblast subtype.",0,0,3,0,3,0,3,0,3
240371,CAGGTGCGTGTTAAGA_F02524,bronchus fibroblast of lung,"alveolar type 1 fibroblast cell

High expression of ECM genes (MGP, LUM, DCN, COL1A1/2) with TCF21/FGF7 alveolar fibroblast markers supports this subtype, despite slightly higher adventitial pathway score. Adventitial marker PI16 is absent, favoring alveolar fibroblast identity over adventitial.",alveolar type 1 fibroblast cell,"High expression of ECM genes (MGP, LUM, DCN, COL1A1/2) with TCF21/FGF7 alveolar fibroblast markers supports this subtype, despite slightly higher adventitial pathway score. Adventitial marker PI16 is absent, favoring alveolar fibroblast identity over adventitial.",0,0,3,0,3,0,3,0,3
261580,TGGCTGGGTTTACTCT_F02524,bronchus fibroblast of lung,"alveolar adventitial fibroblast

The profile shows canonical fibroblast markers (COL1A1, COL3A1, DCN, LUM, SPARC, FBLN1) with TCF21, an alveolar fibroblast marker, and highest pathway enrichment for alveolar fibroblast program. MFAP4 and PTGDS support alveolar adventitial identity. The absence of strong smooth muscle/pericyte markers and the overall expression pattern confirm the stage-1 annotation.",alveolar adventitial fibroblast,"The profile shows canonical fibroblast markers (COL1A1, COL3A1, DCN, LUM, SPARC, FBLN1) with TCF21, an alveolar fibroblast marker, and highest pathway enrichment for alveolar fibroblast program. MFAP4 and PTGDS support alveolar adventitial identity. The absence of strong smooth muscle/pericyte markers and the overall expression pattern confirm the stage-1 annotation.",0,0,3,0,3,0,3,0,3
272006,GTTTCTAGTTCCCTTG_F02607,brush cell of tracheobronchial tree,"respiratory tract hillock cell

The top markers (KRT7, KRT17, KRT19, KRT8, TACSTD2, CEACAM6, CLDN4, ELF3, SFN) strongly indicate a hillock cell, not an AT2 cell. Classic AT2 markers such as SFTPC, LAMP3, and ABCA3 are absent; only SFTPB appears. The combination of keratins and epithelial junction/secretory genes matches the distinctive hillock signature in lung airways.",respiratory tract hillock cell,"The top markers (KRT7, KRT17, KRT19, KRT8, TACSTD2, CEACAM6, CLDN4, ELF3, SFN) strongly indicate a hillock cell, not an AT2 cell. Classic AT2 markers such as SFTPC, LAMP3, and ABCA3 are absent; only SFTPB appears. The combination of keratins and epithelial junction/secretory genes matches the distinctive hillock signature in lung airways.",0,0,2,0,2,0,2,0,2
280104,AACCATGAGATGCGAC_F02522,brush cell of tracheobronchial tree,"pulmonary neuroendocrine cell
High expression of GRP, CALCA, CHGA, and SCG5 confirms neuroendocrine differentiation. The PNEC pathway score is highest, and the keratins/epithelial markers reflect the epithelial origin of these cells, not a basal cell identity. Ionocyte and tuft cell programs score lower and lack their defining genes.",pulmonary neuroendocrine cell,"High expression of GRP, CALCA, CHGA, and SCG5 confirms neuroendocrine differentiation. The PNEC pathway score is highest, and the keratins/epithelial markers reflect the epithelial origin of these cells, not a basal cell identity. Ionocyte and tuft cell programs score lower and lack their defining genes.",0,0,3,0,3,0,3,0,3
320062,AAAGATGGTAAATGTG_HD66,brush cell of tracheobronchial tree,"ionocyte
High expression of FOXI1, ASCL3, BSND, CLCNKB, and ATP6V1B1, along with strong V-ATPase and CFTR ionocyte pathway scores, confirms pulmonary ionocyte identity. The keratins reflect epithelial origin, not a basal-cell program.",ionocyte,"High expression of FOXI1, ASCL3, BSND, CLCNKB, and ATP6V1B1, along with strong V-ATPase and CFTR ionocyte pathway scores, confirms pulmonary ionocyte identity. The keratins reflect epithelial origin, not a basal-cell program.",0,0,3,0,3,0,3,0,3
64658,P1_3_CAAGTTGAGCCTCGTG,capillary endothelial cell,"capillary endothelial cell

Top specific markers (FCN3, CLDN5, TMEM100, RAMP2, CAVIN2, EGFL7) strongly define lung capillary endothelium, with CA4/GPIHBP1/SLC6A4 suggesting an aerocyte-like capillary subpopulation. Although arterial/venous pathway scores are slightly higher, direct gene evidence supports capillary endothelial cell identity over macrovascular or lymphatic endothelium.",capillary endothelial cell,"Top specific markers (FCN3, CLDN5, TMEM100, RAMP2, CAVIN2, EGFL7) strongly define lung capillary endothelium, with CA4/GPIHBP1/SLC6A4 suggesting an aerocyte-like capillary subpopulation. Although arterial/venous pathway scores are slightly higher, direct gene evidence supports capillary endothelial cell identity over macrovascular or lymphatic endothelium.",1,1,4,1,4,1,4,1,4
4820,TCGCGTTTCTGTACGA-SC59,capillary endothelial cell,"capillary endothelial cell

The expression profile is dominated by canonical lung capillary endothelial markers (FCN3, CA4, TMEM100, CLDN5, EGFL7, RAMP2, SLC6A4, PECAM1, VWF). These genes are highly specific for capillary endothelium, and the supportive pathway scores for general capillary (gCap) and aerocyte (aCap) subtypes further corroborate the stage-1 annotation.",capillary endothelial cell,"The expression profile is dominated by canonical lung capillary endothelial markers (FCN3, CA4, TMEM100, CLDN5, EGFL7, RAMP2, SLC6A4, PECAM1, VWF). These genes are highly specific for capillary endothelium, and the supportive pathway scores for general capillary (gCap) and aerocyte (aCap) subtypes further corroborate the stage-1 annotation.",1,1,4,1,4,1,4,1,4
104655,P3_6_CTCACACTCCGCTGTT,capillary endothelial cell,"capillary endothelial cell

Expression of pan-endothelial markers (CLDN5, CDH5, EGFL7) combined with capillary-specific genes such as CLEC14A, FCN3, CA4, and TMEM100 confirms lung capillary endothelial identity. Although arterial and venous pathway scores were marginally higher, the direct gene evidence—particularly FCN3 and CA4 (aerocyte capillary markers)—strongly supports capillary endothelium over arterial or venous subtypes.",capillary endothelial cell,"Expression of pan-endothelial markers (CLDN5, CDH5, EGFL7) combined with capillary-specific genes such as CLEC14A, FCN3, CA4, and TMEM100 confirms lung capillary endothelial identity. Although arterial and venous pathway scores were marginally higher, the direct gene evidence—particularly FCN3 and CA4 (aerocyte capillary markers)—strongly supports capillary endothelium over arterial or venous subtypes.",1,1,4,1,4,1,4,1,4
332475,P2_5_TCATTTGAGTGTCCAT,capillary endothelial cell,"capillary endothelial cell
High expression of CLDN5, EDNRB, IL1RL1, SOSTDC1, CA4, RAMP2, EMCN, AQP1, and CLEC14A is characteristic of lung capillary endothelium. Although venous pathway scoring is slightly elevated, the direct marker evidence strongly supports a capillary endothelial cell identity rather than arterial, venous, or lymphatic endothelium.",capillary endothelial cell,"High expression of CLDN5, EDNRB, IL1RL1, SOSTDC1, CA4, RAMP2, EMCN, AQP1, and CLEC14A is characteristic of lung capillary endothelium. Although venous pathway scoring is slightly elevated, the direct marker evidence strongly supports a capillary endothelial cell identity rather than arterial, venous, or lymphatic endothelium.",1,1,4,1,4,1,4,1,4
101319,CACATAGGTAGGCTGA_F02607,capillary endothelial cell,"capillary endothelial cell

The top genes (IL1RL1, CLDN5, PECAM1, EMCN, CA4, AQP1, EDNRB, RAMP2, EGFL7, CLEC14A) and highest pathway score for general capillary endothelial cells confirm the stage-1 annotation. No evidence points to arterial, venous, or lymphatic endothelium.",capillary endothelial cell,"The top genes (IL1RL1, CLDN5, PECAM1, EMCN, CA4, AQP1, EDNRB, RAMP2, EGFL7, CLEC14A) and highest pathway score for general capillary endothelial cells confirm the stage-1 annotation. No evidence points to arterial, venous, or lymphatic endothelium.",1,1,4,1,4,1,4,1,4
165482,AGTGGGAAGCCTCGTG_F02607,capillary endothelial cell,"capillary endothelial cell
The expression of FCN3, CLEC14A, TMEM100, CA4, SLC6A4, and PLLP strongly confirms lung capillary endothelial identity. Classical endothelial markers (PECAM1, VWF, CLDN5, ENG) support endothelial lineage, while the top-ranked genes and pathway scores favor capillary endothelium over arterial, venous, or lymphatic subtypes.",capillary endothelial cell,"The expression of FCN3, CLEC14A, TMEM100, CA4, SLC6A4, and PLLP strongly confirms lung capillary endothelial identity. Classical endothelial markers (PECAM1, VWF, CLDN5, ENG) support endothelial lineage, while the top-ranked genes and pathway scores favor capillary endothelium over arterial, venous, or lymphatic subtypes.",1,1,4,1,4,1,4,1,4
47514,P1_2_TCAATCTGTAAGTGTA,capillary endothelial cell,"capillary endothelial cell
Expression of endothelial markers (CLDN5, VWF, CDH5) and capillary-enriched genes (CLEC14A, TMEM100, FCN3, CA4, RAMP2) confirms lung capillary endothelium. Though pathway scores suggest partial arterial/venous activity, the top genes strongly support capillary identity.",capillary endothelial cell,"Expression of endothelial markers (CLDN5, VWF, CDH5) and capillary-enriched genes (CLEC14A, TMEM100, FCN3, CA4, RAMP2) confirms lung capillary endothelium. Though pathway scores suggest partial arterial/venous activity, the top genes strongly support capillary identity.",1,1,4,1,4,1,4,1,4
14718,CTAAGACGTTAGAACA_F02617,capillary endothelial cell,"capillary endothelial cell

The profile shows strong blood endothelial markers (CLDN5, TM4SF1, ICAM2, CAV1, CLEC14A) and a microvascular/capillary signature, including CLEC14A, TM4SF1, and SRPX. There are no clear arterial (GJA5, HEY1), venous (ACKR1, NR2F2), or lymphatic (LYVE1, PROX1) markers. Despite the LLM arterial score being slightly higher, direct gene evidence best supports the stage-1 capillary endothelial cell annotation.",capillary endothelial cell,"The profile shows strong blood endothelial markers (CLDN5, TM4SF1, ICAM2, CAV1, CLEC14A) and a microvascular/capillary signature, including CLEC14A, TM4SF1, and SRPX. There are no clear arterial (GJA5, HEY1), venous (ACKR1, NR2F2), or lymphatic (LYVE1, PROX1) markers. Despite the LLM arterial score being slightly higher, direct gene evidence best supports the stage-1 capillary endothelial cell annotation.",1,1,4,1,4,1,4,1,4
311851,GTGTGCGTCCACGTTC_HD70,capillary endothelial cell,"capillary endothelial cell

The expression profile shows strong endothelial markers (PECAM1, VWF, CDH5, CLDN5, ENG) combined with lung capillary-specific genes (FCN3, SLC6A4, TMEM100, CLEC3B, AQP1). Pathway scores favor capillary/general capillary over arterial, venous, or lymphatic identities. Thus, the stage-1 annotation is confirmed.",capillary endothelial cell,"The expression profile shows strong endothelial markers (PECAM1, VWF, CDH5, CLDN5, ENG) combined with lung capillary-specific genes (FCN3, SLC6A4, TMEM100, CLEC3B, AQP1). Pathway scores favor capillary/general capillary over arterial, venous, or lymphatic identities. Thus, the stage-1 annotation is confirmed.",1,1,4,1,4,1,4,1,4
91327,TTCTCCTCATTATCTC_HD68,capillary endothelial cell,"capillary endothelial cell
The expression profile is dominated by canonical lung capillary endothelial markers (FCN3, CLDN5, TMEM100, RAMP2, CA4, SLC6A4, CD300LG, PECAM1, VWF, EGFL7). This confirms the stage-1 annotation. Although the venous endothelial pathway score is slightly higher, classic venous markers (ACKR1, NR2F2) are absent, and the overall gene evidence strongly supports capillary endothelium rather than arterial, venous, or lymphatic endothelium.",capillary endothelial cell,"The expression profile is dominated by canonical lung capillary endothelial markers (FCN3, CLDN5, TMEM100, RAMP2, CA4, SLC6A4, CD300LG, PECAM1, VWF, EGFL7). This confirms the stage-1 annotation. Although the venous endothelial pathway score is slightly higher, classic venous markers (ACKR1, NR2F2) are absent, and the overall gene evidence strongly supports capillary endothelium rather than arterial, venous, or lymphatic endothelium.",1,1,4,1,4,1,4,1,4
6075,P2_2_TGCTACCGTTGAGGTG,capillary endothelial cell,"capillary endothelial cell

The evidence strongly confirms the stage-1 annotation. The top genes (CLDN5, CA4, TMEM100, RAMP2, EDNRB, AQP1, EMCN) are canonical capillary endothelial markers, with CA4 being highly specific to lung capillaries. The highest pathway score is for general capillary endothelial cells (gCap, +0.843), supporting this identity over arterial, venous, or lymphatic subtypes.",capillary endothelial cell,"The evidence strongly confirms the stage-1 annotation. The top genes (CLDN5, CA4, TMEM100, RAMP2, EDNRB, AQP1, EMCN) are canonical capillary endothelial markers, with CA4 being highly specific to lung capillaries. The highest pathway score is for general capillary endothelial cells (gCap, +0.843), supporting this identity over arterial, venous, or lymphatic subtypes.",1,1,4,1,4,1,4,1,4
43389,P2_2_AATCCAGAGGGCTTCC,capillary endothelial cell,"capillary endothelial cell
Strong endothelial signature with capillary-enriched markers including CA4, EDNRB, AQP1, EMCN, ICAM2, and CAVIN2, and absence of arterial (HEY1, GJA5), venous (ACKR1, NR2F2), or lymphatic (LYVE1, PDPN) markers. Pathway scores support both capillary and venous programs, but the direct gene evidence most robustly confirms the stage-1 capillary endothelial cell annotation.",capillary endothelial cell,"Strong endothelial signature with capillary-enriched markers including CA4, EDNRB, AQP1, EMCN, ICAM2, and CAVIN2, and absence of arterial (HEY1, GJA5), venous (ACKR1, NR2F2), or lymphatic (LYVE1, PDPN) markers. Pathway scores support both capillary and venous programs, but the direct gene evidence most robustly confirms the stage-1 capillary endothelial cell annotation.",1,1,4,1,4,1,4,1,4
324110,TAGGCATAGGATGCGT_HD68,capillary endothelial cell,"capillary endothelial cell
The gene expression profile is dominated by canonical endothelial markers (PECAM1, CDH5, CLDN5) and lung capillary-specific genes including CA4, IL1RL1, FCN3, SPARCL1, EGFL7, and TMEM100. These are well-established markers of pulmonary capillary endothelium. Pathway scores support a capillary/general capillary identity, with the slightly elevated venous score likely reflecting shared pan-endothelial features rather than true venous origin. Thus, the stage-1 annotation is confirmed.",capillary endothelial cell,"The gene expression profile is dominated by canonical endothelial markers (PECAM1, CDH5, CLDN5) and lung capillary-specific genes including CA4, IL1RL1, FCN3, SPARCL1, EGFL7, and TMEM100. These are well-established markers of pulmonary capillary endothelium. Pathway scores support a capillary/general capillary identity, with the slightly elevated venous score likely reflecting shared pan-endothelial features rather than true venous origin. Thus, the stage-1 annotation is confirmed.",1,1,4,1,4,1,4,1,4
74957,P2_7_GCGAGAACACACTGCG,capillary endothelial cell,"capillary endothelial cell

The profile shows strong endothelial markers (CLDN5, TMEM100, RAMP2) plus lung capillary-specific genes FCN3 and CA4, with an inflammatory/activated endothelial signature (CCL2, IL6, CXCL1, ICAM1, SERPINE1). While pathway scores also suggest arterial/venous programs, the direct capillary markers outweigh these minor overlaps, confirming the stage-1 annotation.",capillary endothelial cell,"The profile shows strong endothelial markers (CLDN5, TMEM100, RAMP2) plus lung capillary-specific genes FCN3 and CA4, with an inflammatory/activated endothelial signature (CCL2, IL6, CXCL1, ICAM1, SERPINE1). While pathway scores also suggest arterial/venous programs, the direct capillary markers outweigh these minor overlaps, confirming the stage-1 annotation.",1,1,4,1,4,1,4,1,4
142454,P2_5_AGTGAGGTCGGTTAAC,capillary endothelial cell,"capillary endothelial cell

The top genes (CLDN5, RAMP2, CA4, EDNRB, TMEM100, EMCN, AQP1, ICAM2, ESAM) are canonical capillary endothelial markers. The absence of arterial/venous markers (e.g., VWF, ACKR1, HEY1) argues against vein endothelial cell despite the high venous pathway score. The gCap pathway score is also high, and the stage-1 annotation aligns with this evidence.",capillary endothelial cell,"The top genes (CLDN5, RAMP2, CA4, EDNRB, TMEM100, EMCN, AQP1, ICAM2, ESAM) are canonical capillary endothelial markers. The absence of arterial/venous markers (e.g., VWF, ACKR1, HEY1) argues against vein endothelial cell despite the high venous pathway score. The gCap pathway score is also high, and the stage-1 annotation aligns with this evidence.",1,1,4,1,4,1,4,1,4
57589,P1_2_CGTCAGGTCTTAGAGC,capillary endothelial cell,"capillary endothelial cell
High expression of pan-endothelial markers (CLDN5, CDH5, EMCN, ROBO4, AQP1) combined with lung capillary-specific genes (CA4, SOSTDC1, EDNRB, HPGD, IL1RL1, TFPI2) confirms capillary endothelial identity. Mixed gCap/aCap marker expression and lack of exclusive arterial or venous markers support the general capillary endothelial cell annotation.",capillary endothelial cell,"High expression of pan-endothelial markers (CLDN5, CDH5, EMCN, ROBO4, AQP1) combined with lung capillary-specific genes (CA4, SOSTDC1, EDNRB, HPGD, IL1RL1, TFPI2) confirms capillary endothelial identity. Mixed gCap/aCap marker expression and lack of exclusive arterial or venous markers support the general capillary endothelial cell annotation.",1,1,4,1,4,1,4,1,4
164807,P1_3_CATCGGGCAGACGCTC,capillary endothelial cell,"capillary endothelial cell

The top expressed genes are classic capillary endothelial markers (TMEM100, CLDN5, RAMP2/3, CAVIN2, ESAM, PTPRB) and include gCap/aCap-associated genes (CA4, GPIHBP1, SLC6A4). Strong arterial markers (GJA5, HEY1) and venous markers (ACKR1, NR2F2) are absent, so the stage-1 capillary annotation is correct.",capillary endothelial cell,"The top expressed genes are classic capillary endothelial markers (TMEM100, CLDN5, RAMP2/3, CAVIN2, ESAM, PTPRB) and include gCap/aCap-associated genes (CA4, GPIHBP1, SLC6A4). Strong arterial markers (GJA5, HEY1) and venous markers (ACKR1, NR2F2) are absent, so the stage-1 capillary annotation is correct.",1,1,4,1,4,1,4,1,4
258763,GGCTCGACAGGCGATA_F01853,capillary endothelial cell,"capillary endothelial cell
The gene expression profile strongly supports a capillary endothelial identity, with specific markers including FCN3, SPARCL1, CLEC14A, TMEM100, and RGCC, alongside pan-endothelial markers (VWF, PECAM1, CDH5). Pathway scoring shows high activity for general capillary gCap (0.839) and vascular endothelial programs, but the enrichment of FCN3 and SPARCL1 distinguishes capillary from venous or arterial endothelium. Thus, the stage-1 annotation is confirmed.",capillary endothelial cell,"The gene expression profile strongly supports a capillary endothelial identity, with specific markers including FCN3, SPARCL1, CLEC14A, TMEM100, and RGCC, alongside pan-endothelial markers (VWF, PECAM1, CDH5). Pathway scoring shows high activity for general capillary gCap (0.839) and vascular endothelial programs, but the enrichment of FCN3 and SPARCL1 distinguishes capillary from venous or arterial endothelium. Thus, the stage-1 annotation is confirmed.",1,1,4,1,4,1,4,1,4
91722,GTGTGCGCAAGACACG_F02607,capillary endothelial cell,"capillary endothelial cell

Expression of CLDN5, PECAM1, CDH5, VWF, ESAM, ICAM2 confirms endothelial identity. Capillary-enriched markers CLEC14A, EGFL7, EMCN, CD34, and RAMP2, with high gCap pathway score and absence of lymphatic/arterial/venous-specific markers, support general capillary endothelial cell. The aCap score is lower, consistent with gCap rather than aerocyte identity.",capillary endothelial cell,"Expression of CLDN5, PECAM1, CDH5, VWF, ESAM, ICAM2 confirms endothelial identity. Capillary-enriched markers CLEC14A, EGFL7, EMCN, CD34, and RAMP2, with high gCap pathway score and absence of lymphatic/arterial/venous-specific markers, support general capillary endothelial cell. The aCap score is lower, consistent with gCap rather than aerocyte identity.",1,1,4,1,4,1,4,1,4
224942,P2_1_TCCCGATTCTGTCCGT,capillary endothelial cell,"capillary endothelial cell
The expression profile strongly matches lung capillary endothelium: high CLDN5, EDN1, FCN3, TMEM100, CA4, CAVIN2, RAMP2, EGFL7, VWF, PECAM1, and AQP1. FCN3 and CA4 are particularly specific to capillary endothelial subtypes. Although venous/arterial pathway scores are slightly elevated, the direct gene evidence overwhelmingly supports a capillary endothelial identity, confirming the stage-1 label.",capillary endothelial cell,"The expression profile strongly matches lung capillary endothelium: high CLDN5, EDN1, FCN3, TMEM100, CA4, CAVIN2, RAMP2, EGFL7, VWF, PECAM1, and AQP1. FCN3 and CA4 are particularly specific to capillary endothelial subtypes. Although venous/arterial pathway scores are slightly elevated, the direct gene evidence overwhelmingly supports a capillary endothelial identity, confirming the stage-1 label.",1,1,4,1,4,1,4,1,4
8536,P2_2_TCGGGACAGTATTGGA,classical monocyte,"classical monocyte
The expression profile (IL1B, S100A8/S100A9, LYZ, FCN1, CD14, APOBEC3A, CXCL8, CD300E) and highest pathway score for classical monocytes confirm the stage-1 annotation. No evidence suggests alveolar macrophage or dendritic cell identity.",classical monocyte,"The expression profile (IL1B, S100A8/S100A9, LYZ, FCN1, CD14, APOBEC3A, CXCL8, CD300E) and highest pathway score for classical monocytes confirm the stage-1 annotation. No evidence suggests alveolar macrophage or dendritic cell identity.",1,1,4,1,4,1,4,1,4
308929,CGACTTCCATGGTCAT_SC27,classical monocyte,"classical monocyte
The top genes (S100A8, S100A9, S100A12, FCN1, IL1R2, CD14, LYZ) and the highest pathway score for classical monocytes confirm the stage-1 annotation. These markers are definitive for CD14+ classical monocytes in lung parenchyma.",classical monocyte,"The top genes (S100A8, S100A9, S100A12, FCN1, IL1R2, CD14, LYZ) and the highest pathway score for classical monocytes confirm the stage-1 annotation. These markers are definitive for CD14+ classical monocytes in lung parenchyma.",1,1,4,1,4,1,4,1,4
100403,CTCTACGGTACCGTTA_SC27,classical monocyte,"classical monocyte
The expression profile strongly matches classical monocytes: high CD14, FCN1, S100A8/9, S100A12, IL1B, CCL2/3/4, and NLRP3, with the highest pathway score for CD14+ classical monocytes. Although CXCL10 and GBP1 suggest some interferon/inflammatory activation, the overall signature is definitive for classical monocytes rather than DCs, macrophages, or other leukocytes.",classical monocyte,"The expression profile strongly matches classical monocytes: high CD14, FCN1, S100A8/9, S100A12, IL1B, CCL2/3/4, and NLRP3, with the highest pathway score for CD14+ classical monocytes. Although CXCL10 and GBP1 suggest some interferon/inflammatory activation, the overall signature is definitive for classical monocytes rather than DCs, macrophages, or other leukocytes.",1,1,4,1,4,1,4,1,4
43502,GGTGAAGGTCGTCTTC-1-HCATisStab7587208,classical monocyte,"classical monocyte

The expression profile is strongly consistent with classical (CD14+) monocytes: high LYZ, S100A8/S100A9, FCN1, IL1B, CXCL8, and NLRP3. The highest pathway score is for classical monocytes, and the TF-IDF top genes support this identity over dendritic cells or macrophages.",classical monocyte,"The expression profile is strongly consistent with classical (CD14+) monocytes: high LYZ, S100A8/S100A9, FCN1, IL1B, CXCL8, and NLRP3. The highest pathway score is for classical monocytes, and the TF-IDF top genes support this identity over dendritic cells or macrophages.",1,1,4,1,4,1,4,1,4
26810,TAGTTGGCAACAACCT_HD67,classical monocyte,"classical monocyte

The expression profile strongly supports classical monocytes: high S100A8/S100A9/S100A12, LYZ, FCN1, CD14, IL1R2, MNDA, and MPEG1. Pathway scoring also ranks classical monocytes highest, with intermediate monocytes next but lower. Alveolar macrophage or dendritic cell programs are much weaker, confirming the stage-1 annotation.",classical monocyte,"The expression profile strongly supports classical monocytes: high S100A8/S100A9/S100A12, LYZ, FCN1, CD14, IL1R2, MNDA, and MPEG1. Pathway scoring also ranks classical monocytes highest, with intermediate monocytes next but lower. Alveolar macrophage or dendritic cell programs are much weaker, confirming the stage-1 annotation.",1,1,4,1,4,1,4,1,4
166873,CGGGCATAGGTGCCTC_SC144,classical monocyte,"classical monocyte
High expression of S100A8/9, FCN1, CD14, VCAN, CD300E, and NAMPT strongly matches classical monocyte identity rather than tissue-resident alveolar macrophages, which typically express PPARG, MRC1, and C1Q. The highest pathway score is ""Monocyte,"" further supporting this correction. The initial alveolar macrophage label is likely inaccurate for this profile.",classical monocyte,"High expression of S100A8/9, FCN1, CD14, VCAN, CD300E, and NAMPT strongly matches classical monocyte identity rather than tissue-resident alveolar macrophages, which typically express PPARG, MRC1, and C1Q. The highest pathway score is ""Monocyte,"" further supporting this correction. The initial alveolar macrophage label is likely inaccurate for this profile.",1,1,4,1,4,1,4,1,4
163056,CATGCCTTCAACCAAC_SC27,classical monocyte,"classical monocyte

The profile is dominated by canonical classical monocyte markers (S100A8/S100A9, S100A12, FCN1, CD14, IL1R2, MNDA, CD300E, RETN), with the highest pathway score for CD14+ classical monocytes. This pattern clearly distinguishes them from dendritic cells, macrophages, and other immune subsets.",classical monocyte,"The profile is dominated by canonical classical monocyte markers (S100A8/S100A9, S100A12, FCN1, CD14, IL1R2, MNDA, CD300E, RETN), with the highest pathway score for CD14+ classical monocytes. This pattern clearly distinguishes them from dendritic cells, macrophages, and other immune subsets.",1,1,4,1,4,1,4,1,4
132132,CGCAGGTTCGCGTGAC_SC142,classical monocyte,"alveolar macrophage
High expression of macrophage markers (MRC1, CD163, C1QA/B, VSIG4) combined with monocyte-associated genes (LYZ, S100A8/9, FCN1, CD14) and top pathway scores supports a monocyte-derived alveolar macrophage. This is consistent with the stage-1 annotation, so the best fit from the provided list is alveolar macrophage.",alveolar macrophage,"High expression of macrophage markers (MRC1, CD163, C1QA/B, VSIG4) combined with monocyte-associated genes (LYZ, S100A8/9, FCN1, CD14) and top pathway scores supports a monocyte-derived alveolar macrophage. This is consistent with the stage-1 annotation, so the best fit from the provided list is alveolar macrophage.",0,0,2,0,2,0,2,0,2
173670,CTCACACAGGGAACGG_F01641,classical monocyte,"classical monocyte

The gene expression profile strongly matches classical monocytes: high S100A8/S100A9/S100A12, LYZ, CD14, FCN1, MNDA, CXCL8, IL1B, and VCAN. The classical monocyte pathway score is the highest, and the TF-IDF markers align with CD14+ classical monocytes rather than macrophages, dendritic cells, or other leukocytes.",classical monocyte,"The gene expression profile strongly matches classical monocytes: high S100A8/S100A9/S100A12, LYZ, CD14, FCN1, MNDA, CXCL8, IL1B, and VCAN. The classical monocyte pathway score is the highest, and the TF-IDF markers align with CD14+ classical monocytes rather than macrophages, dendritic cells, or other leukocytes.",1,1,4,1,4,1,4,1,4
319471,AATCCAGGTTCCATGA_F02992,classical monocyte,Classical monocyte,Classical monocyte,,1,1,4,1,4,1,4,1,4
40727,CATGCCTGTTAAAGAC_F02992,classical monocyte,"Classical monocyte

The expression profile (S100A8, S100A9, FCN1, CD14, LYZ, TYROBP) and the highest pathway score for classical monocytes confirm the stage-1 annotation. Markers for alveolar macrophages or dendritic cells are comparatively low, favoring a classical monocyte identity.",Classical monocyte,"The expression profile (S100A8, S100A9, FCN1, CD14, LYZ, TYROBP) and the highest pathway score for classical monocytes confirm the stage-1 annotation. Markers for alveolar macrophages or dendritic cells are comparatively low, favoring a classical monocyte identity.",1,1,4,1,4,1,4,1,4
324481,TACGGGCAGGATTCGG_F01639,classical monocyte,"alveolar macrophage
The profile shows strong myeloid/macrophage markers (S100A8/9/12, LYZ, C1QB/C1QC, TYROBP, FCER1G, MS4A6A, ALOX15) with C1Q and ALOX15 specifically supporting alveolar macrophage identity. Epithelial signals (SCGB1A1, SFTPC) are likely ambient contamination. Pathway scores favor alveolar macrophage programs over other myeloid subtypes, confirming the stage-1 annotation.",alveolar macrophage,"The profile shows strong myeloid/macrophage markers (S100A8/9/12, LYZ, C1QB/C1QC, TYROBP, FCER1G, MS4A6A, ALOX15) with C1Q and ALOX15 specifically supporting alveolar macrophage identity. Epithelial signals (SCGB1A1, SFTPC) are likely ambient contamination. Pathway scores favor alveolar macrophage programs over other myeloid subtypes, confirming the stage-1 annotation.",0,0,2,0,2,0,2,0,2
169714,CTGATAGTCAAGATCC_F02528,classical monocyte,"classical monocyte
The top genes (S100A8, S100A9, S100A12, LYZ, FCN1, CD14, MNDA) and highest pathway score for CD14+ classical monocytes strongly support this identity. The stage-1 annotation is confirmed.",classical monocyte,"The top genes (S100A8, S100A9, S100A12, LYZ, FCN1, CD14, MNDA) and highest pathway score for CD14+ classical monocytes strongly support this identity. The stage-1 annotation is confirmed.",1,1,4,1,4,1,4,1,4
320950,TGAGCCGTCTTACCGC-1-HCATisStab7587208,classical monocyte,"classical monocyte

The expression profile strongly matches classical monocytes: high FCN1, S100A8/S100A9, LYZ, IL1B, CXCL8, and G0S2, with top pathway scores for CD14+ classical and intermediate monocytes. Although pro-inflammatory genes overlap with other myeloid cells, FCN1 and the S100 alarmins are hallmark classical monocyte markers. The stage-1 annotation is confirmed.",classical monocyte,"The expression profile strongly matches classical monocytes: high FCN1, S100A8/S100A9, LYZ, IL1B, CXCL8, and G0S2, with top pathway scores for CD14+ classical and intermediate monocytes. Although pro-inflammatory genes overlap with other myeloid cells, FCN1 and the S100 alarmins are hallmark classical monocyte markers. The stage-1 annotation is confirmed.",1,1,4,1,4,1,4,1,4
219654,7135919_CCCAATCTCCGTCAAA,classical monocyte,"classical monocyte
The expression profile—high S100A8/9, S100A12, FCN1, CD14, LYZ, and inflammatory chemokines/cytokines (CXCL8/2/3, IL1B)—is hallmark of classical CD14+ monocytes. Pathway scoring also ranks classical monocyte program highest, confirming the stage-1 annotation despite minor incidental epithelial genes (SCGB1A1, SFTPC) likely from ambient contamination.",classical monocyte,"The expression profile—high S100A8/9, S100A12, FCN1, CD14, LYZ, and inflammatory chemokines/cytokines (CXCL8/2/3, IL1B)—is hallmark of classical CD14+ monocytes. Pathway scoring also ranks classical monocyte program highest, confirming the stage-1 annotation despite minor incidental epithelial genes (SCGB1A1, SFTPC) likely from ambient contamination.",1,1,4,1,4,1,4,1,4
188663,GGAACTTTCAGAAATG-1-HCATisStab7587211,classical monocyte,"classical monocyte
The expression profile is dominated by S100A8/9/12, LYZ, FCN1, CD14, SELL, VCAN, IL1B, CXCL8, and CCL3/4, which are canonical markers of CD14+ classical monocytes. Absence of macrophage markers (APOE, C1Q, MARCO) rules out alveolar or lung macrophages. Pathway scores also highest for classical monocytes, confirming the stage-1 annotation.",classical monocyte,"The expression profile is dominated by S100A8/9/12, LYZ, FCN1, CD14, SELL, VCAN, IL1B, CXCL8, and CCL3/4, which are canonical markers of CD14+ classical monocytes. Absence of macrophage markers (APOE, C1Q, MARCO) rules out alveolar or lung macrophages. Pathway scores also highest for classical monocytes, confirming the stage-1 annotation.",1,1,4,1,4,1,4,1,4
95575,CGTTCTGGTTGATTCG_F02092,classical monocyte,"alveolar macrophage

The gene expression profile is dominated by classic alveolar macrophage markers (CD163, MRC1, CD14, LYZ, MS4A6A) and complement genes (C1QA/B/C, APOE), consistent with tissue-resident alveolar macrophages in lung parenchyma. High pathway scores for interstitial and alveolar resident macrophage programs further support this identity. No conflicting markers suggest an alternative cell type.",alveolar macrophage,"The gene expression profile is dominated by classic alveolar macrophage markers (CD163, MRC1, CD14, LYZ, MS4A6A) and complement genes (C1QA/B/C, APOE), consistent with tissue-resident alveolar macrophages in lung parenchyma. High pathway scores for interstitial and alveolar resident macrophage programs further support this identity. No conflicting markers suggest an alternative cell type.",0,0,2,0,2,0,2,0,2
198351,GTTCATTCATACTACG_SC24,classical monocyte,"classical monocyte

The top TF-IDF markers (S100A8, S100A9, S100A12, FCN1, CD14, CCR2, VCAN, MNDA) and the highest pathway score for the CD14+ classical monocyte program strongly confirm the stage-1 annotation.",classical monocyte,"The top TF-IDF markers (S100A8, S100A9, S100A12, FCN1, CD14, CCR2, VCAN, MNDA) and the highest pathway score for the CD14+ classical monocyte program strongly confirm the stage-1 annotation.",1,1,4,1,4,1,4,1,4
309538,AGTGAGGAGAACTGTA-1-HCATisStab7587205,classical monocyte,"classical monocyte
The expression profile strongly matches classical (CD14+) monocytes, with high levels of S100A8, S100A9, S100A12, FCN1, LYZ, CD14, and CD300E. Pathway scoring also ranks classical monocyte program highest, supporting the stage-1 annotation.",classical monocyte,"The expression profile strongly matches classical (CD14+) monocytes, with high levels of S100A8, S100A9, S100A12, FCN1, LYZ, CD14, and CD300E. Pathway scoring also ranks classical monocyte program highest, supporting the stage-1 annotation.",1,1,4,1,4,1,4,1,4
104427,ACGGAGAAGCGATGAC_F02992,classical monocyte,"classical monocyte

The expression profile (S100A8/S100A9, FCN1, CD14, LYZ, TYROBP, CST3, AIF1) and highest pathway score for CD14+ classical monocytes strongly support the stage-1 annotation. Despite similar scores for non-classical/intermediate monocytes, the canonical classical monocyte markers and CD14 dominance confirm this identity.",classical monocyte,"The expression profile (S100A8/S100A9, FCN1, CD14, LYZ, TYROBP, CST3, AIF1) and highest pathway score for CD14+ classical monocytes strongly support the stage-1 annotation. Despite similar scores for non-classical/intermediate monocytes, the canonical classical monocyte markers and CD14 dominance confirm this identity.",1,1,4,1,4,1,4,1,4
203797,GTCTTCGAGCGTCAAG-SC155,club cell,"club cell
SCGB1A1 and SCGB3A1 dominate expression, with supporting club markers BPIFB1, SLPI, and CYP2F1. The goblet pathway score is elevated due to some overlapping secretory genes (TFF3, MUC5AC), but the direct marker evidence unequivocally confirms club cell identity.",club cell,"SCGB1A1 and SCGB3A1 dominate expression, with supporting club markers BPIFB1, SLPI, and CYP2F1. The goblet pathway score is elevated due to some overlapping secretory genes (TFF3, MUC5AC), but the direct marker evidence unequivocally confirms club cell identity.",1,1,4,1,4,1,4,1,4
249433,ATCATCTAGCCAGTTT-SC156,club cell,"club cell
The top marker SCGB1A1 (club cell secretory protein) overwhelmingly defines this cell, with SCGB3A1 and BPIFB1 supporting club cell identity. Although a goblet-cell gene program appears enriched, MUC5AC and other goblet markers have relatively low weights (MUC5AC rank 8, weight 0.01 vs SCGB1A1 0.34). The expression profile is characteristic of bronchiolar club cells, not fully differentiated goblet cells.",club cell,"The top marker SCGB1A1 (club cell secretory protein) overwhelmingly defines this cell, with SCGB3A1 and BPIFB1 supporting club cell identity. Although a goblet-cell gene program appears enriched, MUC5AC and other goblet markers have relatively low weights (MUC5AC rank 8, weight 0.01 vs SCGB1A1 0.34). The expression profile is characteristic of bronchiolar club cells, not fully differentiated goblet cells.",1,1,4,1,4,1,4,1,4
150789,TTCTCCTCATCTACGA_F02611,club cell,"club cell
Top TF-IDF markers are SCGB1A1, SCGB3A1, SLPI, BPIFB1, and WFDC2, which are canonical club cell secretory proteins. Although goblet cell pathway score is slightly higher, the absence of MUC5AC/MUC5B and the dominant secretoglobin signature strongly support a club cell identity over a goblet or other airway epithelial subtype.",club cell,"Top TF-IDF markers are SCGB1A1, SCGB3A1, SLPI, BPIFB1, and WFDC2, which are canonical club cell secretory proteins. Although goblet cell pathway score is slightly higher, the absence of MUC5AC/MUC5B and the dominant secretoglobin signature strongly support a club cell identity over a goblet or other airway epithelial subtype.",1,1,4,1,4,1,4,1,4
3374,CCTATTAGTTACGCGC_F01394,club cell,"club cell

The top cell-specific genes are SCGB3A1 and SCGB1A1, canonical club-cell markers, with goblet-associated mucins (MUC5AC/MUC5B) expressed at much lower weights. The elevated goblet pathway score likely reflects shared secretory products (TFF3, SLPI, BPIFB1) rather than true goblet identity. This expression profile fits a transitional/secretory club cell more than a goblet cell.",club cell,"The top cell-specific genes are SCGB3A1 and SCGB1A1, canonical club-cell markers, with goblet-associated mucins (MUC5AC/MUC5B) expressed at much lower weights. The elevated goblet pathway score likely reflects shared secretory products (TFF3, SLPI, BPIFB1) rather than true goblet identity. This expression profile fits a transitional/secretory club cell more than a goblet cell.",1,1,4,1,4,1,4,1,4
333289,CCGGGATTCTTGCAAG_HD68,club cell,"club cell

The top genes SCGB1A1, SCGB3A1, BPIFB1, and SLPI strongly confirm club cell identity. Although goblet cell pathway scores are slightly higher due to mucin genes (MUC5AC/MUC5B) and TFF3, the dominant, highly specific club cell secretory markers outweigh this. The cell is best classified as a club cell, possibly with minor goblet-like transitional features.",club cell,"The top genes SCGB1A1, SCGB3A1, BPIFB1, and SLPI strongly confirm club cell identity. Although goblet cell pathway scores are slightly higher due to mucin genes (MUC5AC/MUC5B) and TFF3, the dominant, highly specific club cell secretory markers outweigh this. The cell is best classified as a club cell, possibly with minor goblet-like transitional features.",1,1,4,1,4,1,4,1,4
197128,CTAATGGGTGCCTGTG_F02611,club cell,"club cell
SCGB1A1 and SCGB3A1 are canonical club cell markers, with supportive expression of BPIFB1, SLPI, and WFDC2. The higher ""goblet cell"" pathway score is driven by minor mucous-associated genes (MUC5B, AGR2), but the dominant TF-IDF markers clearly denote club cell identity.",club cell,"SCGB1A1 and SCGB3A1 are canonical club cell markers, with supportive expression of BPIFB1, SLPI, and WFDC2. The higher ""goblet cell"" pathway score is driven by minor mucous-associated genes (MUC5B, AGR2), but the dominant TF-IDF markers clearly denote club cell identity.",1,1,4,1,4,1,4,1,4
175505,GCCTCTAAGCTACCGC_F02611,club cell,"club cell

Top markers SCGB1A1 and SCGB3A1 are definitive for club cells. SLPI, BPIFB1, and WFDC2 further support secretory club cell identity. Although goblet-related genes (TFF3, AGR2) and pathway scores appear, they are lower-confidence and may reflect a transitional or mixed secretory state, not a true goblet cell. Direct gene evidence outweighs the minor goblet signal.",club cell,"Top markers SCGB1A1 and SCGB3A1 are definitive for club cells. SLPI, BPIFB1, and WFDC2 further support secretory club cell identity. Although goblet-related genes (TFF3, AGR2) and pathway scores appear, they are lower-confidence and may reflect a transitional or mixed secretory state, not a true goblet cell. Direct gene evidence outweighs the minor goblet signal.",1,1,4,1,4,1,4,1,4
109288,CGTTAGAGTAAACGCG_F01607,club cell,"club cell

The top markers SCGB1A1 and SCGB3A1 are canonical club-cell secretory proteins, with far higher TF-IDF weights than goblet-associated MUC5B/MUC4. While goblet and transitional club programs are enriched, the dominant direct gene evidence supports a club cell identity.",club cell,"The top markers SCGB1A1 and SCGB3A1 are canonical club-cell secretory proteins, with far higher TF-IDF weights than goblet-associated MUC5B/MUC4. While goblet and transitional club programs are enriched, the dominant direct gene evidence supports a club cell identity.",1,1,4,1,4,1,4,1,4
214597,CATCGAACACAACTGT_F01851,club cell,"club cell

Top markers SCGB3A1, SCGB1A1, and CYP2F1 are canonical club-cell genes. Although goblet-cell pathway scores are slightly higher, the direct gene evidence is club-cell specific; goblet markers such as MUC5AC/MUC5B are absent.",club cell,"Top markers SCGB3A1, SCGB1A1, and CYP2F1 are canonical club-cell genes. Although goblet-cell pathway scores are slightly higher, the direct gene evidence is club-cell specific; goblet markers such as MUC5AC/MUC5B are absent.",1,1,4,1,4,1,4,1,4
287771,CACATTTAGCGGCTTC_HD101,club cell,"club cell

The top TF-IDF markers SCGB1A1 and SCGB3A1 are canonical club cell secretory proteins, with additional support from BPIFB1, SLPI, and MSMB. While the goblet pathway score is marginally higher, the direct gene evidence overwhelmingly supports a club cell identity; MUC5B and TFF3 may reflect a transitional or secretory phenotype rather than a true goblet cell.",club cell,"The top TF-IDF markers SCGB1A1 and SCGB3A1 are canonical club cell secretory proteins, with additional support from BPIFB1, SLPI, and MSMB. While the goblet pathway score is marginally higher, the direct gene evidence overwhelmingly supports a club cell identity; MUC5B and TFF3 may reflect a transitional or secretory phenotype rather than a true goblet cell.",1,1,4,1,4,1,4,1,4
264473,TCAGGTAGTCAGCTAT_F01851,club cell,"club cell

Evidence strongly supports club cell: SCGB1A1 and SCGB3A1 are the top-ranked genes, with club cell pathway scores highest (transitional/KRT8+ and canonical). Though some goblet markers (MUC5AC, TFF3) appear, the dominant secretory profile and gene weights fit club cell identity best.",club cell,"Evidence strongly supports club cell: SCGB1A1 and SCGB3A1 are the top-ranked genes, with club cell pathway scores highest (transitional/KRT8+ and canonical). Though some goblet markers (MUC5AC, TFF3) appear, the dominant secretory profile and gene weights fit club cell identity best.",1,1,4,1,4,1,4,1,4
76336,TAAGCGTCACCCATTC_SC18,club cell,"club cell

The dominant expression of SCGB1A1, SCGB3A1, BPIFB1, SLPI, and CYP2F1 is definitive for club cells. While modest levels of MUC5B, MUC5AC, TFF3, and AGR2 elevate the goblet cell pathway score, their much lower TF-IDF weights indicate minor goblet-like contamination rather than a true goblet identity. Thus, the stage-1 annotation is correct.",club cell,"The dominant expression of SCGB1A1, SCGB3A1, BPIFB1, SLPI, and CYP2F1 is definitive for club cells. While modest levels of MUC5B, MUC5AC, TFF3, and AGR2 elevate the goblet cell pathway score, their much lower TF-IDF weights indicate minor goblet-like contamination rather than a true goblet identity. Thus, the stage-1 annotation is correct.",1,1,4,1,4,1,4,1,4
80496,CAGCCGACATGGGAAC_F01851,club cell,"club cell
SCGB1A1 and SCGB3A1 dominate, with supportive club-cell markers CYP2F1, BPIFA1, SLPI, and WFDC2. The highest pathway score is transitional/KRT8+ club cell, and the absence of MUC5AC/MUC5B argues against goblet identity.",club cell,"SCGB1A1 and SCGB3A1 dominate, with supportive club-cell markers CYP2F1, BPIFA1, SLPI, and WFDC2. The highest pathway score is transitional/KRT8+ club cell, and the absence of MUC5AC/MUC5B argues against goblet identity.",1,1,4,1,4,1,4,1,4
257333,ACTGAACAGAATGTTG_F02611,club cell,"club cell

The dominant expression of SCGB1A1 and SCGB3A1, along with SLPI, BPIFB1, WFDC2, MSMB, and CXCL17, is a canonical club-cell secretory signature. Goblet-cell genes (MUC5AC/MUC5B) are low, and the pathway score for club cells supports this identity despite a slightly elevated goblet program.",club cell,"The dominant expression of SCGB1A1 and SCGB3A1, along with SLPI, BPIFB1, WFDC2, MSMB, and CXCL17, is a canonical club-cell secretory signature. Goblet-cell genes (MUC5AC/MUC5B) are low, and the pathway score for club cells supports this identity despite a slightly elevated goblet program.",1,1,4,1,4,1,4,1,4
311166,TGCGTGGCAGCCAATT_F02611,club cell,"club cell
Dominant expression of SCGB1A1 and SCGB3A1, with SLPI, BPIFB1, WFDC2, and BPIFA1, is canonical for lung club cells. Although the goblet-cell pathway score is slightly higher, classic goblet-defining mucins are absent, and the overall secretory gene profile supports club cell identity over goblet or other epithelial subtypes.",club cell,"Dominant expression of SCGB1A1 and SCGB3A1, with SLPI, BPIFB1, WFDC2, and BPIFA1, is canonical for lung club cells. Although the goblet-cell pathway score is slightly higher, classic goblet-defining mucins are absent, and the overall secretory gene profile supports club cell identity over goblet or other epithelial subtypes.",1,1,4,1,4,1,4,1,4
252885,GGACAGATCGTTGCCT_F01851,club cell,"club cell

Top markers SCGB3A1 and SCGB1A1 are definitive club-cell secretoglobins, strongly outweighing the higher goblet-cell pathway score. The supporting genes SLPI, BPIFB1, BPIFA1, and CYP2F1 are also canonical for lung club cells, while classic goblet-cell markers such as MUC5AC/MUC5B are absent. The annotation is therefore confirmed.",club cell,"Top markers SCGB3A1 and SCGB1A1 are definitive club-cell secretoglobins, strongly outweighing the higher goblet-cell pathway score. The supporting genes SLPI, BPIFB1, BPIFA1, and CYP2F1 are also canonical for lung club cells, while classic goblet-cell markers such as MUC5AC/MUC5B are absent. The annotation is therefore confirmed.",1,1,4,1,4,1,4,1,4
94259,CGTAGGCGTAGTACCT_HD68,club cell,"club cell
The top markers (SCGB3A1, SCGB1A1, SLPI, BPIFB1) are canonical club cell secretory products, and the highest pathway scores correspond to club cell programs. The cell is not a goblet cell despite some overlap. Thus, the stage-1 annotation is correct.",club cell,"The top markers (SCGB3A1, SCGB1A1, SLPI, BPIFB1) are canonical club cell secretory products, and the highest pathway scores correspond to club cell programs. The cell is not a goblet cell despite some overlap. Thus, the stage-1 annotation is correct.",1,1,4,1,4,1,4,1,4
275913,ACTTACTTCTTGTCAT_F02611,club cell,"club cell
The dominant expression of SCGB1A1, SCGB3A1, CYP2F1, and BPIFB1 strongly confirms canonical club cell identity. Goblet cell pathway score is slightly higher, but lack of MUC5AC/MUC5B expression and presence of classic club cell markers take precedence.",club cell,"The dominant expression of SCGB1A1, SCGB3A1, CYP2F1, and BPIFB1 strongly confirms canonical club cell identity. Goblet cell pathway score is slightly higher, but lack of MUC5AC/MUC5B expression and presence of classic club cell markers take precedence.",1,1,4,1,4,1,4,1,4
272834,GGCTCGACACCTATCC_HD68,club cell,"club cell
The cell is strongly defined by SCGB1A1 and SCGB3A1, canonical club cell markers with by far the highest TF-IDF weights. MUC5AC/MUC5B are present only at low levels, and goblet-like genes may reflect a transitional/secretory state rather than true goblet identity. In lung parenchyma, club cells are the expected secretory population.",club cell,"The cell is strongly defined by SCGB1A1 and SCGB3A1, canonical club cell markers with by far the highest TF-IDF weights. MUC5AC/MUC5B are present only at low levels, and goblet-like genes may reflect a transitional/secretory state rather than true goblet identity. In lung parenchyma, club cells are the expected secretory population.",1,1,4,1,4,1,4,1,4
34004,TCTTCGGGTTGGTAAA_HD101,club cell,"club cell

The dominant, highly specific secretoglobin expression of SCGB3A1 and SCGB1A1, supported by CYP2F1, BPIFB1, SLPI, and MSMB, confirms a club cell identity. Although some goblet-associated markers (MUC5AC, TFF3, FCGBP, AGR2) and a high goblet pathway score are present, the overwhelming club-specific signature and lung parenchyma context favor club cell over bronchial goblet cell.",club cell,"The dominant, highly specific secretoglobin expression of SCGB3A1 and SCGB1A1, supported by CYP2F1, BPIFB1, SLPI, and MSMB, confirms a club cell identity. Although some goblet-associated markers (MUC5AC, TFF3, FCGBP, AGR2) and a high goblet pathway score are present, the overwhelming club-specific signature and lung parenchyma context favor club cell over bronchial goblet cell.",1,1,4,1,4,1,4,1,4
93567,7239217_CGTGTCTCATTCTTAC,conventional dendritic cell,"conventional dendritic cell

The profile shows high MHC class II and dendritic cell markers with both cDC1 (CLEC9A, DNASE1L3, IDO1) and cDC2 (CCL17, AREG, GPR183) features, lacking pDC or macrophage identity. Pathway scores favor cDC1 and cDC2 over other categories, confirming a conventional dendritic cell population.",conventional dendritic cell,"The profile shows high MHC class II and dendritic cell markers with both cDC1 (CLEC9A, DNASE1L3, IDO1) and cDC2 (CCL17, AREG, GPR183) features, lacking pDC or macrophage identity. Pathway scores favor cDC1 and cDC2 over other categories, confirming a conventional dendritic cell population.",1,1,4,1,4,1,4,1,4
41127,CCGTACTAGAGGTTAT_F01607,conventional dendritic cell,"conventional dendritic cell

The expression profile—high MHC class II genes, CD74, CLEC9A, IRF8, and FLT3—clearly indicates a conventional dendritic cell. CLEC9A and IRF8 specifically point toward the cDC1 subset, and pathway scores are highest for cDC1/cDC2 programs. Thus the stage-1 annotation is confirmed.",conventional dendritic cell,"The expression profile—high MHC class II genes, CD74, CLEC9A, IRF8, and FLT3—clearly indicates a conventional dendritic cell. CLEC9A and IRF8 specifically point toward the cDC1 subset, and pathway scores are highest for cDC1/cDC2 programs. Thus the stage-1 annotation is confirmed.",1,1,4,1,4,1,4,1,4
46565,ATCGCCTTCCACTAGA_SC84,conventional dendritic cell,"conventional dendritic cell
High expression of MHC class II genes (HLA-DP, DQ, DR, CD74) along with CD83, CCR7, and top pathway scores for cDC1/cDC2 confirm conventional dendritic cell identity. Lower pDC and monocyte-derived DC scores, plus lack of specific cDC1/2 markers, support the generic conventional DC annotation.",conventional dendritic cell,"High expression of MHC class II genes (HLA-DP, DQ, DR, CD74) along with CD83, CCR7, and top pathway scores for cDC1/cDC2 confirm conventional dendritic cell identity. Lower pDC and monocyte-derived DC scores, plus lack of specific cDC1/2 markers, support the generic conventional DC annotation.",1,1,4,1,4,1,4,1,4
14111,TGAGAGGCAAGAGGCT-1-HCATisStab7747197,conventional dendritic cell,"conventional dendritic cell

High MHC-II and CD74 with CLEC9A, XCR1, IRF8, and DNASE1L3 strongly indicate a conventional dendritic cell, specifically cDC1-like. The highest pathway score is cDC1, exceeding cDC2, pDC, and monocyte-derived DC. No CD1c dominance or pDC markers (e.g., IL3RA, CLEC4C) appear, so this is not CD1c-positive myeloid DC or plasmacytoid DC.",conventional dendritic cell,"High MHC-II and CD74 with CLEC9A, XCR1, IRF8, and DNASE1L3 strongly indicate a conventional dendritic cell, specifically cDC1-like. The highest pathway score is cDC1, exceeding cDC2, pDC, and monocyte-derived DC. No CD1c dominance or pDC markers (e.g., IL3RA, CLEC4C) appear, so this is not CD1c-positive myeloid DC or plasmacytoid DC.",1,1,4,1,4,1,4,1,4
50253,7135920_TAAGTGCCAACGCACC,conventional dendritic cell,"conventional dendritic cell

Although CD1C, FCER1A, and high MHCII support CD1c+ cDC2 identity, strong CLEC9A and DNASE1L3 expression indicate cDC1 features. Co-expression of both cDC1 and cDC2 markers makes the specific “CD1c-positive” subtype too narrow; the most accurate available label is conventional dendritic cell.",conventional dendritic cell,"Although CD1C, FCER1A, and high MHCII support CD1c+ cDC2 identity, strong CLEC9A and DNASE1L3 expression indicate cDC1 features. Co-expression of both cDC1 and cDC2 markers makes the specific “CD1c-positive” subtype too narrow; the most accurate available label is conventional dendritic cell.",1,1,4,1,4,1,4,1,4
185650,CCGTTCAGTCTAACGT_F02528,conventional dendritic cell,"B cell

High expression of CD79A, MS4A1 (CD20), CD19, and FCRLA, together with abundant MHC class II genes (HLA-DRA, HLA-DPB1, etc.), strongly confirms a B cell identity. Pathway scores also favor naive and memory B cell programs. Minor dendritic cell markers (CLEC9A, CCL17) do not outweigh the dominant B cell signature.",B cell,"High expression of CD79A, MS4A1 (CD20), CD19, and FCRLA, together with abundant MHC class II genes (HLA-DRA, HLA-DPB1, etc.), strongly confirms a B cell identity. Pathway scores also favor naive and memory B cell programs. Minor dendritic cell markers (CLEC9A, CCL17) do not outweigh the dominant B cell signature.",0,0,1,0,1,0,1,0,1
269721,7239217_GTATTCTGTATATGGA,conventional dendritic cell,"conventional dendritic cell
The profile shows strong MHC class II expression (HLA-DP/DQ/DR), CD74, IRF8, and CLEC9A, which are hallmarks of conventional dendritic cells, particularly the cDC1 subset. The cDC1 pathway score is highest, supporting the stage-1 annotation. No conflicting markers suggest an alternative cell type.",conventional dendritic cell,"The profile shows strong MHC class II expression (HLA-DP/DQ/DR), CD74, IRF8, and CLEC9A, which are hallmarks of conventional dendritic cells, particularly the cDC1 subset. The cDC1 pathway score is highest, supporting the stage-1 annotation. No conflicting markers suggest an alternative cell type.",1,1,4,1,4,1,4,1,4
93616,P3_7_AGGGTGATCACCTTAT,conventional dendritic cell,"conventional dendritic cell
High HLA class II, IRF8, CLEC9A, WDFY4, and DNASE1L3 strongly support a conventional dendritic cell, specifically cDC1. Pathway scores favor cDC1 over cDC2, pDC, or macrophages. CD1c-positive cDC2 is not supported by the CLEC9A/XCR1 profile, so the broad conventional dendritic cell label is retained.",conventional dendritic cell,"High HLA class II, IRF8, CLEC9A, WDFY4, and DNASE1L3 strongly support a conventional dendritic cell, specifically cDC1. Pathway scores favor cDC1 over cDC2, pDC, or macrophages. CD1c-positive cDC2 is not supported by the CLEC9A/XCR1 profile, so the broad conventional dendritic cell label is retained.",1,1,4,1,4,1,4,1,4
297143,GCTGCAGAGCACGCCT_HD101,conventional dendritic cell,"conventional dendritic cell

High expression of CLEC9A, FLT3, IRF8, DNASE1L3, WDFY4, and MHC class II genes identifies a conventional dendritic cell, specifically the cDC1 subset. Pathway scores also rank cDC1 highest, confirming the stage-1 annotation.",conventional dendritic cell,"High expression of CLEC9A, FLT3, IRF8, DNASE1L3, WDFY4, and MHC class II genes identifies a conventional dendritic cell, specifically the cDC1 subset. Pathway scores also rank cDC1 highest, confirming the stage-1 annotation.",1,1,4,1,4,1,4,1,4
324075,TTAACTCAGAGTAAGG_F01607,conventional dendritic cell,"conventional dendritic cell
Line 2: The expression profile strongly indicates cDC1: CLEC9A, XCR1, IRF8, DNASE1L3, and S100B are canonical cDC1 markers, with MHC class II genes and CXCL9/IDO1 reflecting antigen presentation and activation. The slight cDC2 pathway score is driven by shared myeloid/MHCII genes, not cDC2-specific markers. Therefore, conventional dendritic cell is the best available label.",conventional dendritic cell,"Line 2: The expression profile strongly indicates cDC1: CLEC9A, XCR1, IRF8, DNASE1L3, and S100B are canonical cDC1 markers, with MHC class II genes and CXCL9/IDO1 reflecting antigen presentation and activation. The slight cDC2 pathway score is driven by shared myeloid/MHCII genes, not cDC2-specific markers. Therefore, conventional dendritic cell is the best available label.",1,1,4,1,4,1,4,1,4
198249,GCGAGAACAGATCTGT-1-HCATisStab7587202,conventional dendritic cell,conventional dendritic cell,conventional dendritic cell,,1,1,4,1,4,1,4,1,4
293306,CTACCCAGTGGTTTCA_F02524,conventional dendritic cell,"conventional dendritic cell

The profile robustly matches a conventional dendritic cell, with high MHC class II, CD74, and IRF8. CLEC9A and XCR1 positivity indicate the cDC1 (conventional type 1) subset, and the highest pathway score is cDC1. CCL17/CCL22/CCL19 are cDC-associated chemokines. It is not pDC (no high TCLLA/BST2) or monocyte-derived. Therefore, the stage-1 annotation is confirmed.",conventional dendritic cell,"The profile robustly matches a conventional dendritic cell, with high MHC class II, CD74, and IRF8. CLEC9A and XCR1 positivity indicate the cDC1 (conventional type 1) subset, and the highest pathway score is cDC1. CCL17/CCL22/CCL19 are cDC-associated chemokines. It is not pDC (no high TCLLA/BST2) or monocyte-derived. Therefore, the stage-1 annotation is confirmed.",1,1,4,1,4,1,4,1,4
55316,TAGCCGGGTCTCGTTC-1-HCATisStab7747197,conventional dendritic cell,"conventional dendritic cell

Expression is dominated by MHC class II genes and CD74, with DC markers CD83, IRF8, CST3, and CORO1A. Pathway scores strongly support conventional dendritic cell over pDC, monocyte-derived DC, or macrophage. Lack of definitive CD1C or CLEC9A enrichment prevents reliable subtyping into cDC2 or cDC1, so the broad conventional dendritic cell annotation is most appropriate.",conventional dendritic cell,"Expression is dominated by MHC class II genes and CD74, with DC markers CD83, IRF8, CST3, and CORO1A. Pathway scores strongly support conventional dendritic cell over pDC, monocyte-derived DC, or macrophage. Lack of definitive CD1C or CLEC9A enrichment prevents reliable subtyping into cDC2 or cDC1, so the broad conventional dendritic cell annotation is most appropriate.",1,1,4,1,4,1,4,1,4
253614,GGCCGATTCATGGTCA_F01607,conventional dendritic cell,"CD1c-positive myeloid dendritic cell

The profile shows high expression of CD1C, CD1E, CD1A, FCER1A, and strong MHC class II genes, with the cDC2 pathway score highest. This is consistent with a CD1c+ conventional dendritic cell. CLEC9A presence is unusual but does not override the dominant CD1c-driven signature.",CD1c-positive myeloid dendritic cell,"The profile shows high expression of CD1C, CD1E, CD1A, FCER1A, and strong MHC class II genes, with the cDC2 pathway score highest. This is consistent with a CD1c+ conventional dendritic cell. CLEC9A presence is unusual but does not override the dominant CD1c-driven signature.",0,0,3,0,3,0,3,0,3
40012,GTACGTAAGAGTGACC-1-HCATisStab7747197,conventional dendritic cell,"conventional dendritic cell

The gene profile shows high MHC class II and CD74, but CLEC9A, DNASE1L3, C1orf54, and S100B are canonical cDC1 markers, not CD1c+ cDC2. Therefore, the stage-1 label is corrected to conventional dendritic cell.",conventional dendritic cell,"The gene profile shows high MHC class II and CD74, but CLEC9A, DNASE1L3, C1orf54, and S100B are canonical cDC1 markers, not CD1c+ cDC2. Therefore, the stage-1 label is corrected to conventional dendritic cell.",1,1,4,1,4,1,4,1,4
287663,P3_7_CGAGCCACATGTAGTC,conventional dendritic cell,"conventional dendritic cell

The expression profile strongly supports a conventional dendritic cell, specifically the cDC1 subset, with high CLEC9A, IRF8, CLNK, and DNASE1L3 together with abundant MHC class II genes and CD74. Pathway scoring confirms cDC1 as the top active program, well above cDC2, pDC, and macrophage programs. Thus the stage-1 annotation is correct.",conventional dendritic cell,"The expression profile strongly supports a conventional dendritic cell, specifically the cDC1 subset, with high CLEC9A, IRF8, CLNK, and DNASE1L3 together with abundant MHC class II genes and CD74. Pathway scoring confirms cDC1 as the top active program, well above cDC2, pDC, and macrophage programs. Thus the stage-1 annotation is correct.",1,1,4,1,4,1,4,1,4
99172,CAGCTAACAGGTGGAT_F01639,conventional dendritic cell,"conventional dendritic cell
The top genes are enriched for MHC class II and cDC markers (CLEC9A, IRF8, DNASE1L3, CST3), and the highest pathway scores are cDC1/cDC2. This matches conventional dendritic cells rather than pDC or monocytes.",conventional dendritic cell,"The top genes are enriched for MHC class II and cDC markers (CLEC9A, IRF8, DNASE1L3, CST3), and the highest pathway scores are cDC1/cDC2. This matches conventional dendritic cells rather than pDC or monocytes.",1,1,4,1,4,1,4,1,4
29646,AAGACCTTCTGCGACG_F02611,conventional dendritic cell,"conventional dendritic cell
High expression of MHC class II genes, FLT3, IRF8, and CLEC9A confirms conventional dendritic cell identity. CLEC9A specifically marks the cDC1 subset, and pathway scores are highest for cDC1. This profile does not match pDC, monocyte, or macrophage programs.",conventional dendritic cell,"High expression of MHC class II genes, FLT3, IRF8, and CLEC9A confirms conventional dendritic cell identity. CLEC9A specifically marks the cDC1 subset, and pathway scores are highest for cDC1. This profile does not match pDC, monocyte, or macrophage programs.",1,1,4,1,4,1,4,1,4
262489,CTTAGGATCAGTTAGC_F01403,conventional dendritic cell,"conventional dendritic cell

High MHC class II (HLA-DRA/DP/DQ, CD74) and DC markers CLEC9A, CD1C, CD1E, CD207, IDO1, plus high cDC1 and cDC2 pathway scores, support a conventional dendritic cell. The mixed cDC1/cDC2 profile and absence of pDC-specific markers argue against plasmacytoid DC or exclusive CD1c-positive cDC2 assignment.",conventional dendritic cell,"High MHC class II (HLA-DRA/DP/DQ, CD74) and DC markers CLEC9A, CD1C, CD1E, CD207, IDO1, plus high cDC1 and cDC2 pathway scores, support a conventional dendritic cell. The mixed cDC1/cDC2 profile and absence of pDC-specific markers argue against plasmacytoid DC or exclusive CD1c-positive cDC2 assignment.",1,1,4,1,4,1,4,1,4
130955,TCAGGTAAGCCGGTAA_F01513,conventional dendritic cell,"conventional dendritic cell
Expression of CLEC9A, XCR1, IRF8, and WDFY4 strongly identifies a conventional type 1 dendritic cell (cDC1). High MHC-II and CD74 confirm dendritic cell identity. While the subtype is cDC1, the closest available option is conventional dendritic cell.",conventional dendritic cell,"Expression of CLEC9A, XCR1, IRF8, and WDFY4 strongly identifies a conventional type 1 dendritic cell (cDC1). High MHC-II and CD74 confirm dendritic cell identity. While the subtype is cDC1, the closest available option is conventional dendritic cell.",1,1,4,1,4,1,4,1,4
141383,GCATGCGAGATCCCAT_F02526,dendritic cell,"conventional dendritic cell

The expression of HLA-DRA/DPB1/DQA1, CD74, CCL17/CCL19/CCL22, FSCN1, LAMP3, CCR7, and CD83 indicates a mature conventional dendritic cell in lung parenchyma. The high cDC1 and cDC2 pathway scores, with lower pDC and monocyte-derived DC scores, support conventional DC identity over other antigen-presenting cells.",conventional dendritic cell,"The expression of HLA-DRA/DPB1/DQA1, CD74, CCL17/CCL19/CCL22, FSCN1, LAMP3, CCR7, and CD83 indicates a mature conventional dendritic cell in lung parenchyma. The high cDC1 and cDC2 pathway scores, with lower pDC and monocyte-derived DC scores, support conventional DC identity over other antigen-presenting cells.",0,0,3,0,3,0,3,0,3
321987,7239220_CGAGAAGGTTAAGAAC,dendritic cell,"CD1c-positive myeloid dendritic cell

High expression of HLA-DR/DP/DQ, CD74, FCER1A, CD1c-associated markers, plus CCL22, CCL17, CCR7, and FSCN1, with the highest pathway score for cDC2, confirms a CD1c+ conventional/myeloid dendritic cell identity.",CD1c-positive myeloid dendritic cell,"High expression of HLA-DR/DP/DQ, CD74, FCER1A, CD1c-associated markers, plus CCL22, CCL17, CCR7, and FSCN1, with the highest pathway score for cDC2, confirms a CD1c+ conventional/myeloid dendritic cell identity.",0,0,3,0,3,0,3,0,3
310396,TCTCATAGTACTCTCC_F01639,dendritic cell,"CD1c-positive myeloid dendritic cell

Strong MHC class II/CD74 and DC markers (FLT3, CCR7, FSCN1) confirm conventional dendritic cell identity. The highest cDC2 pathway score, together with CCL17, CCL22, IL7R, and AREG, points specifically to the CD1c+ myeloid (cDC2) subset rather than cDC1, pDC, or macrophage.",CD1c-positive myeloid dendritic cell,"Strong MHC class II/CD74 and DC markers (FLT3, CCR7, FSCN1) confirm conventional dendritic cell identity. The highest cDC2 pathway score, together with CCL17, CCL22, IL7R, and AREG, points specifically to the CD1c+ myeloid (cDC2) subset rather than cDC1, pDC, or macrophage.",0,0,3,0,3,0,3,0,3
75918,TACGGATCATTCCTCG-1-HCATisStab7587202,dendritic cell,"CD1c-positive myeloid dendritic cell
High expression of CD1C/CD1E, MHC class II genes, CCL17/CCL22, CCR7, FSCN1, and ID2, with the strongest pathway score for cDC2, confirms this as a CD1c+ conventional dendritic cell. The stage-1 annotation is accurate.",CD1c-positive myeloid dendritic cell,"High expression of CD1C/CD1E, MHC class II genes, CCL17/CCL22, CCR7, FSCN1, and ID2, with the strongest pathway score for cDC2, confirms this as a CD1c+ conventional dendritic cell. The stage-1 annotation is accurate.",0,0,3,0,3,0,3,0,3
190397,P2_7_TCTGAGACAGATAATG,dendritic cell,"CD1c-positive myeloid dendritic cell
The gene expression profile strongly matches CD1c+ cDC2 cells: high HLA-DR/DQ/DP, CD74, FCER1A, CCR7, CD83, GPR183, CCL17/CCL22, and FSCN1. The cDC2 pathway score is the highest, outweighing plasmacytoid or DC3 programs. The stage-1 annotation is confirmed.",CD1c-positive myeloid dendritic cell,"The gene expression profile strongly matches CD1c+ cDC2 cells: high HLA-DR/DQ/DP, CD74, FCER1A, CCR7, CD83, GPR183, CCL17/CCL22, and FSCN1. The cDC2 pathway score is the highest, outweighing plasmacytoid or DC3 programs. The stage-1 annotation is confirmed.",0,0,3,0,3,0,3,0,3
244992,TCTATGTGCATTTC-SC31D,dendritic cell,"CD1c-positive myeloid dendritic cell

High MHC class II (HLA-DR/DP/DQ, CD74), CD1E, CCL17/CCL22, CCR7, and GPR183, with the highest pathway score for cDC2, strongly support the CD1c+ myeloid dendritic cell identity. Low CLEC9A excludes cDC1/clDC2 lineages. This confirms the stage-1 annotation.",CD1c-positive myeloid dendritic cell,"High MHC class II (HLA-DR/DP/DQ, CD74), CD1E, CCL17/CCL22, CCR7, and GPR183, with the highest pathway score for cDC2, strongly support the CD1c+ myeloid dendritic cell identity. Low CLEC9A excludes cDC1/clDC2 lineages. This confirms the stage-1 annotation.",0,0,3,0,3,0,3,0,3
224743,AAATGCCTCGCGTAGC-1-HCATisStab7747200,dendritic cell,"CD1c-positive myeloid dendritic cell

Expression of MHC class II genes, CCL17/CCL22, CCR7, FSCN1, CD83, LAMP3, and IDO1 indicates a mature conventional myeloid dendritic cell with strong antigen presentation and T-cell chemoattractant activity. The profile best matches the CD1c-positive dendritic cell subset, consistent with the stage-1 annotation despite minor overlap with DC3/cDC2 features.",CD1c-positive myeloid dendritic cell,"Expression of MHC class II genes, CCL17/CCL22, CCR7, FSCN1, CD83, LAMP3, and IDO1 indicates a mature conventional myeloid dendritic cell with strong antigen presentation and T-cell chemoattractant activity. The profile best matches the CD1c-positive dendritic cell subset, consistent with the stage-1 annotation despite minor overlap with DC3/cDC2 features.",0,0,3,0,3,0,3,0,3
169074,TGGCTGGAGGCCCGTT_F02526,dendritic cell,CD1c-positive myeloid dendritic cell,CD1c-positive myeloid dendritic cell,,0,0,3,0,3,0,3,0,3
206474,GGTGATTGTTCTGACA_SC142,dendritic cell,"CD1c-positive myeloid dendritic cell
CCL17/CCL22 expression, strong HLA-DR and CD74, plus CCR7, GPR183, and IL7R support a cDC2 identity. Highest pathway score is cDC2, and the stage-1 annotation is consistent with this profile.",CD1c-positive myeloid dendritic cell,"CCL17/CCL22 expression, strong HLA-DR and CD74, plus CCR7, GPR183, and IL7R support a cDC2 identity. Highest pathway score is cDC2, and the stage-1 annotation is consistent with this profile.",0,0,3,0,3,0,3,0,3
55624,GTCGGGTGTCCTCTTG-1-HCATisStab7747200,dendritic cell,CD1c-positive myeloid dendritic cell,CD1c-positive myeloid dendritic cell,,0,0,3,0,3,0,3,0,3
18079,CATCGGGTCGTGGGAA-1-HCATisStab7587205,dendritic cell,"CD1c-positive myeloid dendritic cell
High expression of CD1C, HLA-DR genes, CCL17/CCL22, CCR7, FSCN1, and GPR183 indicates CD1c+ conventional dendritic cells, with the highest pathway score for cDC2. This confirms the stage-1 annotation.",CD1c-positive myeloid dendritic cell,"High expression of CD1C, HLA-DR genes, CCL17/CCL22, CCR7, FSCN1, and GPR183 indicates CD1c+ conventional dendritic cells, with the highest pathway score for cDC2. This confirms the stage-1 annotation.",0,0,3,0,3,0,3,0,3
70986,TCAGCTCAGAGAACAG-1-HCATisStab7747200,dendritic cell,"conventional dendritic cell

The profile shows high MHC class II components (HLA-DRA, HLA-DPB1, CD74) with classical conventional DC markers FSCN1, CCL22, CCL17, and maturation markers CCR7, CD83, BIRC3. Pathway scores highest for cDC1/cDC2, with low macrophage and pDC support. This confirms mature conventional dendritic cells rather than plasmacytoid DCs or macrophages.",conventional dendritic cell,"The profile shows high MHC class II components (HLA-DRA, HLA-DPB1, CD74) with classical conventional DC markers FSCN1, CCL22, CCL17, and maturation markers CCR7, CD83, BIRC3. Pathway scores highest for cDC1/cDC2, with low macrophage and pDC support. This confirms mature conventional dendritic cells rather than plasmacytoid DCs or macrophages.",0,0,3,0,3,0,3,0,3
92285,AGGCCGTCAACTGCTA_F01639,dendritic cell,"CD1c-positive myeloid dendritic cell

The gene expression profile (high MHC class II, CD74, FSCN1, LAMP3, CD83, CCR7, CCL17/19/22) is characteristic of mature conventional dendritic cells, with cDC2 pathway scoring highest among DC subsets. Absence of pDC markers (e.g., CLEC4C, IL3RA) rules out plasmacytoid DC. These features support the stage-1 annotation of a CD1c+ myeloid dendritic cell in lung parenchyma.",CD1c-positive myeloid dendritic cell,"The gene expression profile (high MHC class II, CD74, FSCN1, LAMP3, CD83, CCR7, CCL17/19/22) is characteristic of mature conventional dendritic cells, with cDC2 pathway scoring highest among DC subsets. Absence of pDC markers (e.g., CLEC4C, IL3RA) rules out plasmacytoid DC. These features support the stage-1 annotation of a CD1c+ myeloid dendritic cell in lung parenchyma.",0,0,3,0,3,0,3,0,3
294498,TTCTTAGTCCATGCTC_F01403,dendritic cell,"CD1c-positive myeloid dendritic cell

High expression of MHC class II genes, FLT3, CSF2RA, CD1E, CCR7, CCL17/CCL22, and the top pathway score for cDC2 confirm a conventional dendritic cell of the CD1c+ myeloid subset. The absence of plasmacytoid DC markers and the low macrophage/monocyte scores rule out alternative identities.",CD1c-positive myeloid dendritic cell,"High expression of MHC class II genes, FLT3, CSF2RA, CD1E, CCR7, CCL17/CCL22, and the top pathway score for cDC2 confirm a conventional dendritic cell of the CD1c+ myeloid subset. The absence of plasmacytoid DC markers and the low macrophage/monocyte scores rule out alternative identities.",0,0,3,0,3,0,3,0,3
277621,TTGTTCATCCTGTTGC_SC84,dendritic cell,"conventional dendritic cell
The profile strongly supports a conventional dendritic cell: high MHC class II, CD74, CCR7, FSCN1, CCL17/22, and GPR183, with cDC1/cDC2 pathway scores much higher than pDC or monocyte-derived DC. Despite a slight cDC2 score preference, CD1C is absent, so the more specific CD1c-positive myeloid DC label is not supported. The generic conventional dendritic cell annotation best fits.",conventional dendritic cell,"The profile strongly supports a conventional dendritic cell: high MHC class II, CD74, CCR7, FSCN1, CCL17/22, and GPR183, with cDC1/cDC2 pathway scores much higher than pDC or monocyte-derived DC. Despite a slight cDC2 score preference, CD1C is absent, so the more specific CD1c-positive myeloid DC label is not supported. The generic conventional dendritic cell annotation best fits.",0,0,3,0,3,0,3,0,3
68222,TGATTTCAGTGTGGCA_F01367,dendritic cell,"conventional dendritic cell
High MHC class II expression, CLEC9A, IRF8, and top cDC1 pathway score confirm a conventional dendritic cell identity, specifically the cDC1 subset. Absence of lineage markers excludes T/B cells and macrophages; CLEC9A argues against cDC2.",conventional dendritic cell,"High MHC class II expression, CLEC9A, IRF8, and top cDC1 pathway score confirm a conventional dendritic cell identity, specifically the cDC1 subset. Absence of lineage markers excludes T/B cells and macrophages; CLEC9A argues against cDC2.",0,0,3,0,3,0,3,0,3
262273,GCAATCACAGTAAGCG_F02509,dendritic cell,"conventional dendritic cell

CLEC9A, FLT3, high MHC class II, CCR7, and CCL17/CCL22 confirm a conventional dendritic cell rather than pDC, monocyte, or T/B/NK identity. Pathway scoring favors cDC1 over cDC2, but the provided list lacks a cDC1-specific label; conventional dendritic cell is the most accurate available term.",conventional dendritic cell,"CLEC9A, FLT3, high MHC class II, CCR7, and CCL17/CCL22 confirm a conventional dendritic cell rather than pDC, monocyte, or T/B/NK identity. Pathway scoring favors cDC1 over cDC2, but the provided list lacks a cDC1-specific label; conventional dendritic cell is the most accurate available term.",0,0,3,0,3,0,3,0,3
318541,TAAGTGCGTCTAGCGC_F02524,dendritic cell,"CD1c-positive myeloid dendritic cell

The expression profile strongly supports a conventional type 2 dendritic cell (cDC2/CD1c+ DC): high HLA-DR, CD1B, FSCN1, CCR7, LAMP3, and the DC-derived chemokines CCL17/CCL22. The top pathway score is cDC2, and the key markers distinguish it from plasmacytoid DC (no CLEC4C/IL3RA/IRF7) and monocyte/ macrophage lineages. The presence of CCR7/LAMP3 indicates a mature/migratory phenotype, but the lineage identity remains CD1c-positive myeloid dendritic cell.",CD1c-positive myeloid dendritic cell,"The expression profile strongly supports a conventional type 2 dendritic cell (cDC2/CD1c+ DC): high HLA-DR, CD1B, FSCN1, CCR7, LAMP3, and the DC-derived chemokines CCL17/CCL22. The top pathway score is cDC2, and the key markers distinguish it from plasmacytoid DC (no CLEC4C/IL3RA/IRF7) and monocyte/ macrophage lineages. The presence of CCR7/LAMP3 indicates a mature/migratory phenotype, but the lineage identity remains CD1c-positive myeloid dendritic cell.",0,0,3,0,3,0,3,0,3
269034,GTCCTCACATCTCCCA_F01851,dendritic cell,"CD1c-positive myeloid dendritic cell

The marker profile strongly supports a mature/activated CD1c+ cDC2: high HLA class II, CD74, CD83, LAMP3, CCR7, FSCN1, and DC chemokines CCL17/CCL19/CCL22. Pathway scores rank cDC2 highest, above DC3 and pDC, and the absence of strong monocyte/macrophage programs excludes those lineages. Thus the stage-1 annotation is confirmed.",CD1c-positive myeloid dendritic cell,"The marker profile strongly supports a mature/activated CD1c+ cDC2: high HLA class II, CD74, CD83, LAMP3, CCR7, FSCN1, and DC chemokines CCL17/CCL19/CCL22. Pathway scores rank cDC2 highest, above DC3 and pDC, and the absence of strong monocyte/macrophage programs excludes those lineages. Thus the stage-1 annotation is confirmed.",0,0,3,0,3,0,3,0,3
281894,GTGCAGCCAGGACCCT-1-HCATisStab7747200,dendritic cell,"CD1c-positive myeloid dendritic cell

The expression profile strongly supports a CD1c+ conventional dendritic cell (cDC2): high HLA-DR/CD74, CD1C, FSCN1, CCR7, LAMP3, and CCL17/19/22. Pathway scores rank cDC2 highest, with DC3 lower. The stage-1 annotation is correct.",CD1c-positive myeloid dendritic cell,"The expression profile strongly supports a CD1c+ conventional dendritic cell (cDC2): high HLA-DR/CD74, CD1C, FSCN1, CCR7, LAMP3, and CCL17/19/22. Pathway scores rank cDC2 highest, with DC3 lower. The stage-1 annotation is correct.",0,0,3,0,3,0,3,0,3
326322,TTGCGTCGTTTGCATG-1-HCATisStab7747197,elicited macrophage,"classical monocyte

Top genes (IL1B, CXCL8, CCL2–4, S100A8/9, LYZ, RETN) and highest classical monocyte pathway score strongly support CD14+ classical monocytes. Lack of alveolar macrophage markers and lower non-classical/DC scores make other lung myeloid subtypes unlikely.",classical monocyte,"Top genes (IL1B, CXCL8, CCL2–4, S100A8/9, LYZ, RETN) and highest classical monocyte pathway score strongly support CD14+ classical monocytes. Lack of alveolar macrophage markers and lower non-classical/DC scores make other lung myeloid subtypes unlikely.",0,0,2,0,2,0,2,0,2
45332,TGGTTAGCATCGACGC_F01692,elicited macrophage,"alveolar macrophage

Expression of CD68, CD163, MARCO, VSIG4, C1QA/B/C, APOE, APOC1, TYROBP, and FCER1G in lung parenchyma strongly supports alveolar macrophage identity. Highest pathway score for alveolar resident macrophage further confirms the stage-1 annotation.",alveolar macrophage,"Expression of CD68, CD163, MARCO, VSIG4, C1QA/B/C, APOE, APOC1, TYROBP, and FCER1G in lung parenchyma strongly supports alveolar macrophage identity. Highest pathway score for alveolar resident macrophage further confirms the stage-1 annotation.",0,0,3,0,3,0,3,0,3
209629,TTTGCGCTCGGCGGTT-SC155,elicited macrophage,"alveolar macrophage

Expression profile strongly supports alveolar macrophage: classic markers SPP1, CCL2, CCL20, CXCL8, IL1B, CTSD/CTSB, MRC1/CD163, and highest pathway scores for monocyte-derived and resident alveolar macrophage programs. No conflicting evidence suggests alternative lineage; the annotation is confirmed.",alveolar macrophage,"Expression profile strongly supports alveolar macrophage: classic markers SPP1, CCL2, CCL20, CXCL8, IL1B, CTSD/CTSB, MRC1/CD163, and highest pathway scores for monocyte-derived and resident alveolar macrophage programs. No conflicting evidence suggests alternative lineage; the annotation is confirmed.",0,0,3,0,3,0,3,0,3
322424,CAAGAAAAGAGGTTGC_F03045,elicited macrophage,"alveolar macrophage
Top genes (MARCO, CD68, VSIG4, C1QA/B/C, APOE, APOC1) are classic alveolar macrophage markers. Although interstitial macrophage pathway score is slightly higher, the combination of MARCO and VSIG4 strongly supports alveolar identity.",alveolar macrophage,"Top genes (MARCO, CD68, VSIG4, C1QA/B/C, APOE, APOC1) are classic alveolar macrophage markers. Although interstitial macrophage pathway score is slightly higher, the combination of MARCO and VSIG4 strongly supports alveolar identity.",0,0,3,0,3,0,3,0,3
194008,TACTTGTGTACCCAAT-SC155,elicited macrophage,"alveolar macrophage

Expression of SPP1, MRC1, MSR1, CD68, TYROBP, FCER1G, and LYZ strongly supports macrophage identity. Highest pathway scores for monocyte-derived and resident alveolar macrophage programs, plus chemokine production (CCL2, CCL7, CCL20) and tissue context of lung parenchyma, confirm the alveolar macrophage annotation.",alveolar macrophage,"Expression of SPP1, MRC1, MSR1, CD68, TYROBP, FCER1G, and LYZ strongly supports macrophage identity. Highest pathway scores for monocyte-derived and resident alveolar macrophage programs, plus chemokine production (CCL2, CCL7, CCL20) and tissue context of lung parenchyma, confirm the alveolar macrophage annotation.",0,0,3,0,3,0,3,0,3
214677,TTGACTTGTAGTACCT-1-HCATisStab7659970,elicited macrophage,"classical monocyte

Top genes (CCL3, IL1B, CXCL8, FCN1, LYZ, S100-family-related) and pathway scores strongly support classical monocyte identity. Highest program score for classical monocytes (0.803) and expression of CD14-associated markers confirm the stage-1 annotation.",classical monocyte,"Top genes (CCL3, IL1B, CXCL8, FCN1, LYZ, S100-family-related) and pathway scores strongly support classical monocyte identity. Highest program score for classical monocytes (0.803) and expression of CD14-associated markers confirm the stage-1 annotation.",0,0,2,0,2,0,2,0,2
278594,7239220_CTGGTCTCACATTCGA,elicited macrophage,"alveolar macrophage
SPP1, MARCO, MRC1, CD68, APOE, and lysosomal/immune markers confirm alveolar macrophage identity. Surfactant gene expression (SFTPC, SFTPA/B) is likely background from adjacent type 2 cells. Pathway scores further support alveolar macrophage over monocyte or other macrophage subtypes.",alveolar macrophage,"SPP1, MARCO, MRC1, CD68, APOE, and lysosomal/immune markers confirm alveolar macrophage identity. Surfactant gene expression (SFTPC, SFTPA/B) is likely background from adjacent type 2 cells. Pathway scores further support alveolar macrophage over monocyte or other macrophage subtypes.",0,0,3,0,3,0,3,0,3
275715,TCGTAGAAGTCTCCTC-1-HCATisStab7587202,elicited macrophage,"alveolar macrophage

High expression of macrophage markers (LYZ, CD68, CD74, FCGR2B, TYROBP) and alveolar macrophage-associated genes (SPP1, APOE, TREM2, MMP12, FBP1) support the annotation. The top pathway score is Alveolar Resident Macrophage, and the monocyte-derived alveolar macrophage score is also elevated, but the overall profile is most consistent with alveolar macrophage.",alveolar macrophage,"High expression of macrophage markers (LYZ, CD68, CD74, FCGR2B, TYROBP) and alveolar macrophage-associated genes (SPP1, APOE, TREM2, MMP12, FBP1) support the annotation. The top pathway score is Alveolar Resident Macrophage, and the monocyte-derived alveolar macrophage score is also elevated, but the overall profile is most consistent with alveolar macrophage.",0,0,3,0,3,0,3,0,3
172323,CCGTTCAGTCTGATTG_F02617,elicited macrophage,"alveolar macrophage

The expression profile strongly supports alveolar macrophage identity: high C1QA/B/C, MARCO, VSIG4, and CD74. These genes are hallmark alveolar macrophage markers, and the pathway score for alveolar resident macrophage is the highest. Although interstitial and monocyte-derived macrophage scores are also elevated, direct gene evidence and the top pathway score confirm the stage-1 annotation.",alveolar macrophage,"The expression profile strongly supports alveolar macrophage identity: high C1QA/B/C, MARCO, VSIG4, and CD74. These genes are hallmark alveolar macrophage markers, and the pathway score for alveolar resident macrophage is the highest. Although interstitial and monocyte-derived macrophage scores are also elevated, direct gene evidence and the top pathway score confirm the stage-1 annotation.",0,0,3,0,3,0,3,0,3
108800,GACCTGGAGAGCCCAA_F02730,elicited macrophage,"alveolar macrophage
The profile strongly supports alveolar macrophage identity: high expression of APOE, APOC1, complement genes C1QA/B/C, CD68, CD74, LYZ, TREM2, and CHIT1, with highest pathway score for alveolar resident macrophage. CD169/MARCO/MRC1/VSIG4 evidence also aligns. No conflicting marker suggests another listed subtype.",alveolar macrophage,"The profile strongly supports alveolar macrophage identity: high expression of APOE, APOC1, complement genes C1QA/B/C, CD68, CD74, LYZ, TREM2, and CHIT1, with highest pathway score for alveolar resident macrophage. CD169/MARCO/MRC1/VSIG4 evidence also aligns. No conflicting marker suggests another listed subtype.",0,0,3,0,3,0,3,0,3
268043,ATGAGGGAGTCATCCA_F01851,elicited macrophage,"alveolar macrophage
High expression of APOC1, C1QA/B/C, CD68, MCEMP1, and MHC class II genes plus high alveolar resident macrophage pathway score confirm tissue-resident alveolar macrophage identity.",alveolar macrophage,"High expression of APOC1, C1QA/B/C, CD68, MCEMP1, and MHC class II genes plus high alveolar resident macrophage pathway score confirm tissue-resident alveolar macrophage identity.",0,0,3,0,3,0,3,0,3
80681,7239218_AGTTGGTAGATGCGAC,elicited macrophage,"alveolar macrophage
High expression of C1QA/B/C, CD68, MRC1, FOLR2, HLA class II, and MS4A6A are classic markers of tissue-resident alveolar macrophages. The presence of SFTPC likely reflects surfactant uptake or ambient RNA, not epithelial identity. Pathway scores strongly support resident macrophage ontology, and no definitive interstitial macrophage markers override the alveolar phenotype.",alveolar macrophage,"High expression of C1QA/B/C, CD68, MRC1, FOLR2, HLA class II, and MS4A6A are classic markers of tissue-resident alveolar macrophages. The presence of SFTPC likely reflects surfactant uptake or ambient RNA, not epithelial identity. Pathway scores strongly support resident macrophage ontology, and no definitive interstitial macrophage markers override the alveolar phenotype.",0,0,3,0,3,0,3,0,3
301125,TTTACCAAGACTCTTG_SC142,elicited macrophage,"alveolar macrophage

The top genes (C1QB/C1QA, MARCO, MRC1, APOE, APOC1, CD68, VSIG4) and the highest pathway score for “Alveolar Resident Macrophage” confirm the stage-1 annotation. The minor similarity to interstitial macrophage is expected, but the MARCO, FABP4, and CHIT1 expression strongly supports alveolar identity.",alveolar macrophage,"The top genes (C1QB/C1QA, MARCO, MRC1, APOE, APOC1, CD68, VSIG4) and the highest pathway score for “Alveolar Resident Macrophage” confirm the stage-1 annotation. The minor similarity to interstitial macrophage is expected, but the MARCO, FABP4, and CHIT1 expression strongly supports alveolar identity.",0,0,3,0,3,0,3,0,3
286424,TTCGAAGTCAGCGACC-SC156,elicited macrophage,"classical monocyte
The gene signature (CD14, S100A8/9, IL1B, CXCL8, CCL3/20, CXCL1-3, SERPINB2, CD300E, IL1R2) and highest pathway score for classical monocytes strongly support this annotation. The TF-IDF top genes reflect an inflammatory, classical monocyte profile, not macrophage or dendritic cell identity.",classical monocyte,"The gene signature (CD14, S100A8/9, IL1B, CXCL8, CCL3/20, CXCL1-3, SERPINB2, CD300E, IL1R2) and highest pathway score for classical monocytes strongly support this annotation. The TF-IDF top genes reflect an inflammatory, classical monocyte profile, not macrophage or dendritic cell identity.",0,0,2,0,2,0,2,0,2
107994,TATGCCCAGCGACGTA_SC27,elicited macrophage,"elicited macrophage

The expression profile (SPP1, CCL2, CXCL8, IL1B, CCL3, GPNMB, HMOX1) indicates an inflammatory monocyte-derived macrophage, with the highest pathway score for monocyte-derived macrophage. Absence of alveolar macrophage markers (MARCO, C1QA, MRC1) rules out alveolar macrophage. ""Lung macrophage"" is too broad; ""elicited macrophage"" better reflects the recruited, activated state.",elicited macrophage,"The expression profile (SPP1, CCL2, CXCL8, IL1B, CCL3, GPNMB, HMOX1) indicates an inflammatory monocyte-derived macrophage, with the highest pathway score for monocyte-derived macrophage. Absence of alveolar macrophage markers (MARCO, C1QA, MRC1) rules out alveolar macrophage. ""Lung macrophage"" is too broad; ""elicited macrophage"" better reflects the recruited, activated state.",1,1,4,1,4,1,4,1,4
260479,AACCGCGCACTAGTAC_SC27,elicited macrophage,"alveolar macrophage

Expression of SPP1, CD68, C1QA/B/C, APOE, TYROBP, FCER1G, and high ferritin/HMOX1/LGALS3 is classic for alveolar macrophages. Pathway scoring also ranks alveolar resident macrophage highest, supporting the stage-1 annotation.",alveolar macrophage,"Expression of SPP1, CD68, C1QA/B/C, APOE, TYROBP, FCER1G, and high ferritin/HMOX1/LGALS3 is classic for alveolar macrophages. Pathway scoring also ranks alveolar resident macrophage highest, supporting the stage-1 annotation.",0,0,3,0,3,0,3,0,3
246822,GCTGGGTCAGTGGAGT-SC45,elicited macrophage,"alveolar macrophage

The gene profile—MARCO, CCL18, CD68, APOE, APOC1, and C1Q genes—strongly supports alveolar macrophage identity in lung parenchyma. Although interstitial macrophage pathway score is marginally higher, the tissue context and canonical alveolar macrophage markers override this minor discrepancy.",alveolar macrophage,"The gene profile—MARCO, CCL18, CD68, APOE, APOC1, and C1Q genes—strongly supports alveolar macrophage identity in lung parenchyma. Although interstitial macrophage pathway score is marginally higher, the tissue context and canonical alveolar macrophage markers override this minor discrepancy.",0,0,3,0,3,0,3,0,3
260593,TACTCCCTCACTGA-SC31,elicited macrophage,"alveolar macrophage
The gene profile (MARCO, CD163, CD300E, SPP1, FCER1G) and pathway scores strongly support a macrophage identity. The highest-scoring program is monocyte-derived alveolar macrophage, consistent with S100A8/A9 expression indicating recruitment. MARCO is a canonical alveolar macrophage marker, confirming the stage-1 annotation.",alveolar macrophage,"The gene profile (MARCO, CD163, CD300E, SPP1, FCER1G) and pathway scores strongly support a macrophage identity. The highest-scoring program is monocyte-derived alveolar macrophage, consistent with S100A8/A9 expression indicating recruitment. MARCO is a canonical alveolar macrophage marker, confirming the stage-1 annotation.",0,0,3,0,3,0,3,0,3
179442,CAGCAGCCAAGTAATG_F01607,elicited macrophage,"alveolar macrophage

The expression profile strongly supports alveolar macrophage identity: high C1QA/B/C, MARCO, APOE, APOC1, CD68, and MHC class II genes are classic alveolar macrophage markers. Pathway scores rank Alveolar Resident Macrophage highest, and the presence of MARCO and C1Q distinguishes this from monocytes or interstitial macrophages. Minor monocyte-associated genes (S100A8, FCN1) do not override the dominant resident alveolar macrophage program.",alveolar macrophage,"The expression profile strongly supports alveolar macrophage identity: high C1QA/B/C, MARCO, APOE, APOC1, CD68, and MHC class II genes are classic alveolar macrophage markers. Pathway scores rank Alveolar Resident Macrophage highest, and the presence of MARCO and C1Q distinguishes this from monocytes or interstitial macrophages. Minor monocyte-associated genes (S100A8, FCN1) do not override the dominant resident alveolar macrophage program.",0,0,3,0,3,0,3,0,3
205896,TGGTTAGCATAACCTG_HD67,elicited macrophage,"alveolar macrophage
The expression profile strongly matches alveolar macrophages: high C1QA/B/C, CD68, TYROBP, VSIG4, TREM2, APOE, and FBP1. Highest pathway score is for alveolar resident macrophage, and stage-1 annotation is supported.",alveolar macrophage,"The expression profile strongly matches alveolar macrophages: high C1QA/B/C, CD68, TYROBP, VSIG4, TREM2, APOE, and FBP1. Highest pathway score is for alveolar resident macrophage, and stage-1 annotation is supported.",0,0,3,0,3,0,3,0,3
255531,GTGCGGTTCGCTAGCG_F02617,endothelial cell of lymphatic vessel,"endothelial cell of lymphatic vessel

The top markers (CCL21, MMRN1, ANGPT2, PDPN, PROX1) and highest pathway score for quiescent lymphatic endothelium strongly support lymphatic endothelial identity. While some genes overlap with AT1 or blood vascular endothelium, the overall profile is most consistent with lung lymphatic endothelial cells.",endothelial cell of lymphatic vessel,"The top markers (CCL21, MMRN1, ANGPT2, PDPN, PROX1) and highest pathway score for quiescent lymphatic endothelium strongly support lymphatic endothelial identity. While some genes overlap with AT1 or blood vascular endothelium, the overall profile is most consistent with lung lymphatic endothelial cells.",1,1,4,1,4,1,4,1,4
319486,GCTCTGTGTCCAGTGC_F02617,endothelial cell of lymphatic vessel,"endothelial cell of lymphatic vessel

The top marker CCL21 is a canonical and highly specific lymphatic endothelial gene, with support from pathway scores (lymphatic quiescent score highest) and additional endothelial markers (CLDN5, ECSCR, CALCRL, RAMP2). The profile is distinct from blood vascular endothelial subtypes, confirming the stage-1 annotation.",endothelial cell of lymphatic vessel,"The top marker CCL21 is a canonical and highly specific lymphatic endothelial gene, with support from pathway scores (lymphatic quiescent score highest) and additional endothelial markers (CLDN5, ECSCR, CALCRL, RAMP2). The profile is distinct from blood vascular endothelial subtypes, confirming the stage-1 annotation.",1,1,4,1,4,1,4,1,4
59056,TAGTGCACAGAGTGTG_SC86,endothelial cell of lymphatic vessel,"endothelial cell of lymphatic vessel
The expression of PROX1, CCL21, NRP2, MGAT4C, and NR2F2, plus the top pathway score for quiescent lymphatic endothelium, confirms lymphatic endothelial identity. The stage-1 annotation is accurate.",endothelial cell of lymphatic vessel,"The expression of PROX1, CCL21, NRP2, MGAT4C, and NR2F2, plus the top pathway score for quiescent lymphatic endothelium, confirms lymphatic endothelial identity. The stage-1 annotation is accurate.",1,1,4,1,4,1,4,1,4
139756,AACTCTTGTAGCGTAG_F02524,endothelial cell of lymphatic vessel,"endothelial cell of lymphatic vessel

CCL21 is a definitive lymphatic endothelial marker, supported by PDPN and LYVE1 (LYVE1 not listed but implied by stage-1 reasoning). Pathway scores rank quiescent lymphatic endothelium highest. CLDN5, CAV1, VIM and other endothelial genes are consistent. Secretory genes like SCGBs/SFTPB likely represent ambient or doublet contamination rather than true identity.",endothelial cell of lymphatic vessel,"CCL21 is a definitive lymphatic endothelial marker, supported by PDPN and LYVE1 (LYVE1 not listed but implied by stage-1 reasoning). Pathway scores rank quiescent lymphatic endothelium highest. CLDN5, CAV1, VIM and other endothelial genes are consistent. Secretory genes like SCGBs/SFTPB likely represent ambient or doublet contamination rather than true identity.",1,1,4,1,4,1,4,1,4
226769,GTCACAACACCGGAAA_F01851,endothelial cell of lymphatic vessel,"endothelial cell of lymphatic vessel
CCL21, PROX1, PDPN, and FLT4 are canonical lymphatic endothelial markers, and the lymphatic quiescent pathway score is highest. Despite some overlapping blood endothelial markers, the gene evidence strongly supports lymphatic endothelial identity.",endothelial cell of lymphatic vessel,"CCL21, PROX1, PDPN, and FLT4 are canonical lymphatic endothelial markers, and the lymphatic quiescent pathway score is highest. Despite some overlapping blood endothelial markers, the gene evidence strongly supports lymphatic endothelial identity.",1,1,4,1,4,1,4,1,4
147900,AACTCCCAGAAAGTGG_F02607,endothelial cell of lymphatic vessel,"endothelial cell of lymphatic vessel

The expression profile is dominated by canonical lymphatic endothelial markers (PROX1, CCL21, PDPN, MMRN1) alongside general endothelial genes (ANGPT2, CLDN5, TIE1, EGFL7). The top pathway score is for quiescent lymphatic endothelial cells. This confirms the stage-1 annotation.",endothelial cell of lymphatic vessel,"The expression profile is dominated by canonical lymphatic endothelial markers (PROX1, CCL21, PDPN, MMRN1) alongside general endothelial genes (ANGPT2, CLDN5, TIE1, EGFL7). The top pathway score is for quiescent lymphatic endothelial cells. This confirms the stage-1 annotation.",1,1,4,1,4,1,4,1,4
280608,ACACTGAAGATCGATA_F02611,endothelial cell of lymphatic vessel,"endothelial cell of lymphatic vessel

CCL21 is the top marker and is highly specific for lymphatic endothelium, supported by PDPN and LYVE1 (LYVE1 not in top 30 but referenced). The highest pathway score is for quiescent lymphatic endothelial cells, and other vascular markers (CLDN5, EGFL7, GNG11) are consistent with endothelial identity. Thus the stage-1 annotation is confirmed.",endothelial cell of lymphatic vessel,"CCL21 is the top marker and is highly specific for lymphatic endothelium, supported by PDPN and LYVE1 (LYVE1 not in top 30 but referenced). The highest pathway score is for quiescent lymphatic endothelial cells, and other vascular markers (CLDN5, EGFL7, GNG11) are consistent with endothelial identity. Thus the stage-1 annotation is confirmed.",1,1,4,1,4,1,4,1,4
303395,P2_5_CGTCCATTCCACGCAG,endothelial cell of lymphatic vessel,"endothelial cell of lymphatic vessel

CCL21 is the strongest marker and is a defining gene for lymphatic endothelium. LYVE1, CAVIN2, and PDPN support lymphatic identity, and the top pathway score is ""lymphatic endothelial cell (quiescent)."" The co-expression of general endothelial genes (CLDN5, RAMP2) is consistent, but the specific lymphatic program dominates, confirming the stage-1 annotation.",endothelial cell of lymphatic vessel,"CCL21 is the strongest marker and is a defining gene for lymphatic endothelium. LYVE1, CAVIN2, and PDPN support lymphatic identity, and the top pathway score is ""lymphatic endothelial cell (quiescent)."" The co-expression of general endothelial genes (CLDN5, RAMP2) is consistent, but the specific lymphatic program dominates, confirming the stage-1 annotation.",1,1,4,1,4,1,4,1,4
76117,TGACTTTCAATTGCTG_F02617,endothelial cell of lymphatic vessel,club cell,club cell,,0,0,0,0,0,0,0,0,0
104690,ACGAGCCCAAGGGTCA-1-HCATisStab7747198,endothelial cell of lymphatic vessel,"endothelial cell of lymphatic vessel
Top markers CCL21, LYVE1, and PDPN are canonical lymphatic endothelial markers, and the pathway score for quiescent lymphatic endothelium is highest. This confirms the stage-1 annotation despite minor co-expression of blood endothelial genes.",endothelial cell of lymphatic vessel,"Top markers CCL21, LYVE1, and PDPN are canonical lymphatic endothelial markers, and the pathway score for quiescent lymphatic endothelium is highest. This confirms the stage-1 annotation despite minor co-expression of blood endothelial genes.",1,1,4,1,4,1,4,1,4
176127,ATTATCCGTCGCATAT_F02528,endothelial cell of lymphatic vessel,"endothelial cell of lymphatic vessel

The profile is dominated by CCL21, with prominent lymphatic-associated markers and the highest pathway score for quiescent lymphatic endothelium. Despite some shared blood vascular endothelial transcripts (CLDN5, ANGPT2, TIE1), the lymphatic identity is clear. The stage-1 annotation is appropriate.",endothelial cell of lymphatic vessel,"The profile is dominated by CCL21, with prominent lymphatic-associated markers and the highest pathway score for quiescent lymphatic endothelium. Despite some shared blood vascular endothelial transcripts (CLDN5, ANGPT2, TIE1), the lymphatic identity is clear. The stage-1 annotation is appropriate.",1,1,4,1,4,1,4,1,4
244782,AGATTGCTCCGTAGGC_F02522,endothelial cell of lymphatic vessel,"endothelial cell of lymphatic vessel

The expression profile is highly specific for lymphatic endothelium, with canonical markers CCL21, LYVE1, and PROX1, supported by MMRN1, TFF3, and APOD. The highest pathway score is for quiescent lymphatic endothelial cells, surpassing blood vascular endothelium and other lung cell programs. No alternative cell type in the list better matches this combination of markers, confirming the stage-1 annotation.",endothelial cell of lymphatic vessel,"The expression profile is highly specific for lymphatic endothelium, with canonical markers CCL21, LYVE1, and PROX1, supported by MMRN1, TFF3, and APOD. The highest pathway score is for quiescent lymphatic endothelial cells, surpassing blood vascular endothelium and other lung cell programs. No alternative cell type in the list better matches this combination of markers, confirming the stage-1 annotation.",1,1,4,1,4,1,4,1,4
105019,P2_2_TCTCTAATCTATCCTA,endothelial cell of lymphatic vessel,"endothelial cell of lymphatic vessel
The profile is dominated by lymphatic endothelial markers, especially CCL21 and PDPN, with PROX1 noted in reasoning. The highest pathway score is for quiescent lymphatic endothelial cells, outweighing the weaker blood vascular endothelial signal.",endothelial cell of lymphatic vessel,"The profile is dominated by lymphatic endothelial markers, especially CCL21 and PDPN, with PROX1 noted in reasoning. The highest pathway score is for quiescent lymphatic endothelial cells, outweighing the weaker blood vascular endothelial signal.",1,1,4,1,4,1,4,1,4
222020,GTAGGCCCATGCCTAA_F02617,endothelial cell of lymphatic vessel,"Endothelial cell of lymphatic vessel

CCL21 and LYVE1 are canonical lymphatic endothelial markers, with strong support from the lymphatic endothelial pathway score. Other endothelial genes (ECSCR, CLDN5) and lack of blood vascular specificity confirm lymphatic identity over BEC or alveolar type 1 cell.",Endothelial cell of lymphatic vessel,"CCL21 and LYVE1 are canonical lymphatic endothelial markers, with strong support from the lymphatic endothelial pathway score. Other endothelial genes (ECSCR, CLDN5) and lack of blood vascular specificity confirm lymphatic identity over BEC or alveolar type 1 cell.",1,1,4,1,4,1,4,1,4
94657,AAACCTGAGCCCAGCT_F02524,endothelial cell of lymphatic vessel,"Endothelial cell of lymphatic vessel

The expression profile is dominated by CCL21 and PDPN, canonical lymphatic endothelial markers, with PROX1 consistent with lymphatic identity. High pathway score for quiescent lymphatic endothelial cells further supports this. Although some general endothelial and blood vascular markers appear, the lymphatic-specific signals override them, confirming the stage-1 annotation.",Endothelial cell of lymphatic vessel,"The expression profile is dominated by CCL21 and PDPN, canonical lymphatic endothelial markers, with PROX1 consistent with lymphatic identity. High pathway score for quiescent lymphatic endothelial cells further supports this. Although some general endothelial and blood vascular markers appear, the lymphatic-specific signals override them, confirming the stage-1 annotation.",1,1,4,1,4,1,4,1,4
262359,GACTGCGAGAGCTTCT_F02522,endothelial cell of lymphatic vessel,"endothelial cell of lymphatic vessel

Dominant CCL21 expression is highly specific to lymphatic endothelium, supported by lymphatic pathway enrichment and co-expression of endothelial genes (MMRN1, RAMP2, CLDN5, NRP2). Despite some pan-endothelial markers, these data confirm lymphatic endothelial identity over vascular or other lung cell types.",endothelial cell of lymphatic vessel,"Dominant CCL21 expression is highly specific to lymphatic endothelium, supported by lymphatic pathway enrichment and co-expression of endothelial genes (MMRN1, RAMP2, CLDN5, NRP2). Despite some pan-endothelial markers, these data confirm lymphatic endothelial identity over vascular or other lung cell types.",1,1,4,1,4,1,4,1,4
155012,TCTATTGGTGATGTCT_F02607,endothelial cell of lymphatic vessel,"endothelial cell of lymphatic vessel

The dominant expression of CCL21, along with PDPN, MMRN1, and the highest pathway score for quiescent lymphatic endothelium, strongly confirms lymphatic endothelial identity. The profile is not consistent with blood vascular, capillary, arterial, or venous endothelial cells.",endothelial cell of lymphatic vessel,"The dominant expression of CCL21, along with PDPN, MMRN1, and the highest pathway score for quiescent lymphatic endothelium, strongly confirms lymphatic endothelial identity. The profile is not consistent with blood vascular, capillary, arterial, or venous endothelial cells.",1,1,4,1,4,1,4,1,4
121381,GCATGATCACATCCGG-SC155,endothelial cell of lymphatic vessel,"endothelial cell of lymphatic vessel

High expression of CCL21, LYVE1, and PROX1 are hallmarks of lymphatic endothelium. Top pathway scores also favor proliferating and quiescent lymphatic endothelial programs over blood vascular endothelial cells. The presence of pan-endothelial markers (CLDN5, EGFL7, KDR) is consistent, but the lymphatic-specific signature confirms the identity.",endothelial cell of lymphatic vessel,"High expression of CCL21, LYVE1, and PROX1 are hallmarks of lymphatic endothelium. Top pathway scores also favor proliferating and quiescent lymphatic endothelial programs over blood vascular endothelial cells. The presence of pan-endothelial markers (CLDN5, EGFL7, KDR) is consistent, but the lymphatic-specific signature confirms the identity.",1,1,4,1,4,1,4,1,4
282435,GACGCTCTCCTACC-SC31D,endothelial cell of lymphatic vessel,"endothelial cell of lymphatic vessel

CCL21, PROX1, LYVE1, and FLT4 are canonical lymphatic endothelial markers. The highest pathway scores are for lymphatic endothelial cell programs, and the overall profile matches lymphatic endothelium rather than blood vascular or other lung cell types.",endothelial cell of lymphatic vessel,"CCL21, PROX1, LYVE1, and FLT4 are canonical lymphatic endothelial markers. The highest pathway scores are for lymphatic endothelial cell programs, and the overall profile matches lymphatic endothelium rather than blood vascular or other lung cell types.",1,1,4,1,4,1,4,1,4
315885,GTAACGTTCATAACCG_F02730,endothelial cell of lymphatic vessel,"endothelial cell of lymphatic vessel

Top gene CCL21 is a canonical lymphatic endothelial chemokine, and supporting endothelial genes (CLDN5, ECSCR, MMRN1, GNG11) confirm vascular identity. The highest pathway score is “lymphatic endothelial cell (quiescent),” reinforcing the lymphatic endothelial annotation over blood vascular or other lung cell types.",endothelial cell of lymphatic vessel,"Top gene CCL21 is a canonical lymphatic endothelial chemokine, and supporting endothelial genes (CLDN5, ECSCR, MMRN1, GNG11) confirm vascular identity. The highest pathway score is “lymphatic endothelial cell (quiescent),” reinforcing the lymphatic endothelial annotation over blood vascular or other lung cell types.",1,1,4,1,4,1,4,1,4
320138,GCTGCAGAGCGATATA_F02092,epithelial cell of lower respiratory tract,"pulmonary alveolar type 2 cell

The top marker, SFTPB, is the canonical defining gene for alveolar type 2 (AT2) cells. Supporting evidence includes CYP4B1, CLU, and surfactant-related program activity. SCGB3A1, though often associated with club cells, is also expressed in AT2 cells. The combination of SFTPB with other AT2 markers strongly confirms the stage-1 annotation despite a slightly elevated club-cell pathway score.",pulmonary alveolar type 2 cell,"The top marker, SFTPB, is the canonical defining gene for alveolar type 2 (AT2) cells. Supporting evidence includes CYP4B1, CLU, and surfactant-related program activity. SCGB3A1, though often associated with club cells, is also expressed in AT2 cells. The combination of SFTPB with other AT2 markers strongly confirms the stage-1 annotation despite a slightly elevated club-cell pathway score.",0,0,1,0,1,0,1,0,1
206114,P1_2_TACACGAGTCAGAATA,epithelial cell of lower respiratory tract,"club cell
SCGB3A2, SCGB3A1, SLPI, CXCL17, and AGR3 strongly support a club/secretory airway identity, and the top pathway score is club-cell associated. Although SFTPB and SFTA2 appear, they can be expressed in club cells, and key AT2-specific markers such as SFTPC, LAMP3, and ABCA3 are absent. The annotation is therefore confirmed.",club cell,"SCGB3A2, SCGB3A1, SLPI, CXCL17, and AGR3 strongly support a club/secretory airway identity, and the top pathway score is club-cell associated. Although SFTPB and SFTA2 appear, they can be expressed in club cells, and key AT2-specific markers such as SFTPC, LAMP3, and ABCA3 are absent. The annotation is therefore confirmed.",0,0,3,0,3,0,3,0,3
241972,TCAGGATCAGTCAGAG_F02607,epithelial cell of lower respiratory tract,"club cell
SCGB1A1, SCGB3A1, SCGB3A2, SLPI, BPIFB1, and WFDC2 strongly support club cell identity. The canonical club cell pathway score is highest, and while goblet-cell-related transcripts are present, the overall secretory profile aligns with club cells rather than goblet cells.",club cell,"SCGB1A1, SCGB3A1, SCGB3A2, SLPI, BPIFB1, and WFDC2 strongly support club cell identity. The canonical club cell pathway score is highest, and while goblet-cell-related transcripts are present, the overall secretory profile aligns with club cells rather than goblet cells.",0,0,3,0,3,0,3,0,3
203849,CGCGGTAGTAAGGGAA_F02607,epithelial cell of lower respiratory tract,"club cell

Strong expression of SCGB1A1, SCGB3A2, SCGB3A1, and SLPI confirms classic club cell identity. While some goblet/secretory markers (MUC4, AGR2/3) are present, the dominance of secretoglobins and high club cell pathway score support the stage-1 annotation. Other cell types (goblet, ciliated, AT2) show lower relevance.",club cell,"Strong expression of SCGB1A1, SCGB3A2, SCGB3A1, and SLPI confirms classic club cell identity. While some goblet/secretory markers (MUC4, AGR2/3) are present, the dominance of secretoglobins and high club cell pathway score support the stage-1 annotation. Other cell types (goblet, ciliated, AT2) show lower relevance.",0,0,3,0,3,0,3,0,3
45723,CGTGTAACAGTCGTGC_F02617,epithelial cell of lower respiratory tract,"club cell

Top markers SCGB1A1, SCGB3A1, BPIFA1, SLPI, WFDC2, and CYP2F1 strongly support club cell identity. Highest pathway score is transitional/KRT8+ club cell; canonical club cell also elevated. Absence of goblet-specific mucins (MUC5AC/MUC5B) argues against goblet cell despite near-equal pathway score.",club cell,"Top markers SCGB1A1, SCGB3A1, BPIFA1, SLPI, WFDC2, and CYP2F1 strongly support club cell identity. Highest pathway score is transitional/KRT8+ club cell; canonical club cell also elevated. Absence of goblet-specific mucins (MUC5AC/MUC5B) argues against goblet cell despite near-equal pathway score.",0,0,3,0,3,0,3,0,3
242340,P2_7_CGCTTCAGTCTCTCTG,epithelial cell of lower respiratory tract,"Club cell

Top markers SCGB3A1 and SCGB1A1 are canonical club cell secretory proteins; supporting genes (BPIFB1, SLPI, WFDC2) also fit airway secretory epithelial identity. Although goblet cell program is similarly active, the strongest and most specific evidence points to club cell.",Club cell,"Top markers SCGB3A1 and SCGB1A1 are canonical club cell secretory proteins; supporting genes (BPIFB1, SLPI, WFDC2) also fit airway secretory epithelial identity. Although goblet cell program is similarly active, the strongest and most specific evidence points to club cell.",0,0,3,0,3,0,3,0,3
134492,TTTATGCGTTCCATGA-1-HCATisStab7747200,epithelial cell of lower respiratory tract,"club cell

The top markers definitively identify this cell as a club cell: SCGB1A1 (CCSP), SCGB3A1, SCGB3A2, and BPIFB1 are canonical club cell secretory products. While the goblet cell pathway score is slightly elevated, the absence of mucin genes (e.g., MUC5AC/MUC5B) and presence of SCGB-family genes strongly support the club cell identity. The transitional/KRT8+ club cell score further aligns with lung airway parenchyma. Thus, stage-1 annotation is confirmed.",club cell,"The top markers definitively identify this cell as a club cell: SCGB1A1 (CCSP), SCGB3A1, SCGB3A2, and BPIFB1 are canonical club cell secretory products. While the goblet cell pathway score is slightly elevated, the absence of mucin genes (e.g., MUC5AC/MUC5B) and presence of SCGB-family genes strongly support the club cell identity. The transitional/KRT8+ club cell score further aligns with lung airway parenchyma. Thus, stage-1 annotation is confirmed.",0,0,3,0,3,0,3,0,3
29574,ACTGTCCTCTCTAGGA_F02092,epithelial cell of lower respiratory tract,"club cell

The dominant expression of SCGB1A1, alongside SCGB3A1/SCGB3A2, SLPI, and BPIFB1, is a canonical club cell signature. While goblet cell pathway score is marginally higher, the top genes by TF-IDF weight heavily toward club cell identity, confirming the stage-1 annotation.",club cell,"The dominant expression of SCGB1A1, alongside SCGB3A1/SCGB3A2, SLPI, and BPIFB1, is a canonical club cell signature. While goblet cell pathway score is marginally higher, the top genes by TF-IDF weight heavily toward club cell identity, confirming the stage-1 annotation.",0,0,3,0,3,0,3,0,3
32074,P2_5_TCAGCTCGTGTCGCTG,epithelial cell of lower respiratory tract,"club cell
Dominant SCGB1A1 and SCGB3A1 expression, with BPIFB1, SLPI, PIGR, and CXCL17, confirms classic club cell identity despite some goblet-associated pathway activity (MUC5B, TFF3).",club cell,"Dominant SCGB1A1 and SCGB3A1 expression, with BPIFB1, SLPI, PIGR, and CXCL17, confirms classic club cell identity despite some goblet-associated pathway activity (MUC5B, TFF3).",0,0,3,0,3,0,3,0,3
312464,P2_7_AGGTCATGTTGCGTTA,epithelial cell of lower respiratory tract,"club cell

Dominant SCGB1A1 and SCGB3A1 expression, with BPIFB1, SLPI, and WFDC2, strongly confirms club cell identity. The relatively low MUC5B and lack of MUC5AC argue against goblet cell, despite a slightly higher goblet pathway score in this context.",club cell,"Dominant SCGB1A1 and SCGB3A1 expression, with BPIFB1, SLPI, and WFDC2, strongly confirms club cell identity. The relatively low MUC5B and lack of MUC5AC argue against goblet cell, despite a slightly higher goblet pathway score in this context.",0,0,3,0,3,0,3,0,3
44385,ACTGAACCATTCGACA_F02092,epithelial cell of lower respiratory tract,"club cell

The top TF-IDF markers (SCGB3A1, SCGB1A1, BPIFB1, SLPI, LTF, LCN2) are canonical club cell secretory proteins. Although the goblet pathway score is slightly higher, MUC5B is low-ranked and the overall profile is characteristic of bronchiolar club cells, not goblet cells. Stage-1 annotation is correct.",club cell,"The top TF-IDF markers (SCGB3A1, SCGB1A1, BPIFB1, SLPI, LTF, LCN2) are canonical club cell secretory proteins. Although the goblet pathway score is slightly higher, MUC5B is low-ranked and the overall profile is characteristic of bronchiolar club cells, not goblet cells. Stage-1 annotation is correct.",0,0,3,0,3,0,3,0,3
192377,GGAGCAATCAGCGACC_F02522,epithelial cell of lower respiratory tract,"club cell

Top markers SCGB1A1, SCGB3A1, SCGB3A2, BPIFB1, SLPI, and WFDC2 strongly support airway secretory club cell identity. Canonical club cell pathway score is highest, and goblet cell markers such as MUC5AC are absent. This confirms the stage-1 annotation.",club cell,"Top markers SCGB1A1, SCGB3A1, SCGB3A2, BPIFB1, SLPI, and WFDC2 strongly support airway secretory club cell identity. Canonical club cell pathway score is highest, and goblet cell markers such as MUC5AC are absent. This confirms the stage-1 annotation.",0,0,3,0,3,0,3,0,3
172485,TTTCCTCTCTCGTTTA_HD68,epithelial cell of lower respiratory tract,"club cell

The top markers SCGB1A1, SCGB3A2, and SCGB3A1 are canonical club-cell secretoglobins, with supporting expression of SLPI, WFDC2, and low SFTPB. Although goblet-cell pathway score is moderately high, the absence of goblet-specific mucin markers (MUC5AC/MUC5B) and presence of secretoglobin-dominant expression confirm club cell identity over goblet or other secretory types.",club cell,"The top markers SCGB1A1, SCGB3A2, and SCGB3A1 are canonical club-cell secretoglobins, with supporting expression of SLPI, WFDC2, and low SFTPB. Although goblet-cell pathway score is moderately high, the absence of goblet-specific mucin markers (MUC5AC/MUC5B) and presence of secretoglobin-dominant expression confirm club cell identity over goblet or other secretory types.",0,0,3,0,3,0,3,0,3
210270,AAAGTAGAGCCAGTTT_F02524,epithelial cell of lower respiratory tract,"club cell

The expression profile is dominated by club cell secretoglobins SCGB3A2 and SCGB3A1, with supporting airway secretory markers including SLPI, WFDC2, CEACAM6, and PIGR. The top pathway score is club cell transitional/KRT8+, and canonical club cell score is also high. Despite some alveolar type 2 markers, the overall pattern confirms the stage-1 annotation.",club cell,"The expression profile is dominated by club cell secretoglobins SCGB3A2 and SCGB3A1, with supporting airway secretory markers including SLPI, WFDC2, CEACAM6, and PIGR. The top pathway score is club cell transitional/KRT8+, and canonical club cell score is also high. Despite some alveolar type 2 markers, the overall pattern confirms the stage-1 annotation.",0,0,3,0,3,0,3,0,3
317469,GTCACGGAGGACAGAA_F02611,epithelial cell of lower respiratory tract,"club cell

The top markers SCGB1A1 and SCGB3A1 are canonical club cell genes, with supportive expression of BPIFB1, SLPI, and WFDC2. While MUC5B and goblet pathway scores are slightly elevated, the dominant secretory club cell signature confirms the stage-1 annotation.",club cell,"The top markers SCGB1A1 and SCGB3A1 are canonical club cell genes, with supportive expression of BPIFB1, SLPI, and WFDC2. While MUC5B and goblet pathway scores are slightly elevated, the dominant secretory club cell signature confirms the stage-1 annotation.",0,0,3,0,3,0,3,0,3
268437,CGCATAAGTATGGGAC_SC141,epithelial cell of lower respiratory tract,"club cell
Top markers SCGB1A1, SCGB3A1/3A2, BPIFB1, SLPI, and WFDC2 are canonical club cell genes. The highest pathway score is Club cell (canonical). No goblet-specific mucin genes (e.g., MUC5AC/MUC5B) are among top hits, and alveolar markers are low. Thus stage-1 annotation is confirmed.",club cell,"Top markers SCGB1A1, SCGB3A1/3A2, BPIFB1, SLPI, and WFDC2 are canonical club cell genes. The highest pathway score is Club cell (canonical). No goblet-specific mucin genes (e.g., MUC5AC/MUC5B) are among top hits, and alveolar markers are low. Thus stage-1 annotation is confirmed.",0,0,3,0,3,0,3,0,3
147016,TTAGGCAGTATCGCAT_F02617,epithelial cell of lower respiratory tract,"club cell

The top markers SCGB3A1 and SCGB1A1, alongside SLPI, BPIFB1, and CYP2F1, are definitive club cell secretory proteins. Although goblet-cell program score is elevated, the dominant expression profile and canonical/transitional club cell pathway scores confirm the stage-1 annotation. No conflicting evidence supports an alternative subtype.",club cell,"The top markers SCGB3A1 and SCGB1A1, alongside SLPI, BPIFB1, and CYP2F1, are definitive club cell secretory proteins. Although goblet-cell program score is elevated, the dominant expression profile and canonical/transitional club cell pathway scores confirm the stage-1 annotation. No conflicting evidence supports an alternative subtype.",0,0,3,0,3,0,3,0,3
319991,CTGCCATGTTCGGCTG_SC85,epithelial cell of lower respiratory tract,club cell,club cell,,0,0,3,0,3,0,3,0,3
196775,GAGGTGACAGTCGATT_HD70,epithelial cell of lower respiratory tract,club cell,club cell,,0,0,3,0,3,0,3,0,3
54289,P2_5_ACGAGGAGTCAGCTAT,epithelial cell of lower respiratory tract,"club cell
SCGB1A1 and SCGB3A1 are definitive club cell markers, with supporting BPIFB1, SLPI, and LCN2. No goblet-specific mucins (MUC5AC/MUC5B) appear in the top genes, so the goblet pathway score likely reflects shared secretory programs. Direct gene evidence outweighs this indirect score, confirming the stage-1 annotation.",club cell,"SCGB1A1 and SCGB3A1 are definitive club cell markers, with supporting BPIFB1, SLPI, and LCN2. No goblet-specific mucins (MUC5AC/MUC5B) appear in the top genes, so the goblet pathway score likely reflects shared secretory programs. Direct gene evidence outweighs this indirect score, confirming the stage-1 annotation.",0,0,3,0,3,0,3,0,3
144129,GTGAAGGTCGGTGTTA_F02617,fibroblast,"alveolar adventitial fibroblast
The profile expresses classic fibroblast markers (DCN, LUM, COL1A2, COL6A1/2, MGP, FBLN1, EFEMP1) combined with ADH1B, PTGDS, and complement genes (C1S, C1R, C3, C7), which specifically identify alveolar adventitial fibroblasts in lung parenchyma. While myofibroblast and alveolar fibroblast pathway scores are higher, the direct gene evidence strongly supports the stage-1 annotation.",alveolar adventitial fibroblast,"The profile expresses classic fibroblast markers (DCN, LUM, COL1A2, COL6A1/2, MGP, FBLN1, EFEMP1) combined with ADH1B, PTGDS, and complement genes (C1S, C1R, C3, C7), which specifically identify alveolar adventitial fibroblasts in lung parenchyma. While myofibroblast and alveolar fibroblast pathway scores are higher, the direct gene evidence strongly supports the stage-1 annotation.",0,0,3,0,3,0,3,0,3
327657,CTCAGAATCTGCCAGG-1-HCATisStab7587208,fibroblast,"alveolar adventitial fibroblast

The profile strongly matches a CCL19+ adventitial fibroblast: high CCL19, CXCL12, CCL2, and complement genes C1S/C1R/C3 alongside fibroblast ECM markers COL1A1, DCN, FBLN1, and SPARCL1. These immune-niche/adventitial features are more specific than generic alveolar fibroblast markers, and the tissue context is lung parenchyma. Thus the stage-1 annotation is confirmed.",alveolar adventitial fibroblast,"The profile strongly matches a CCL19+ adventitial fibroblast: high CCL19, CXCL12, CCL2, and complement genes C1S/C1R/C3 alongside fibroblast ECM markers COL1A1, DCN, FBLN1, and SPARCL1. These immune-niche/adventitial features are more specific than generic alveolar fibroblast markers, and the tissue context is lung parenchyma. Thus the stage-1 annotation is confirmed.",0,0,3,0,3,0,3,0,3
215807,GCAATCAGTAAACACA-1-HCATisStab7587208,fibroblast,"alveolar adventitial fibroblast
CCL19, CXCL12, complement genes (C1R, C1S, C3) and strong ECM/fibroblast markers (COL1A1, DCN, LUM, FBLN1) are hallmark of CCL19+ adventitial fibroblasts. Pathway scores favor alveolar and adventitial fibroblast programs, confirming the stage-1 annotation.",alveolar adventitial fibroblast,"CCL19, CXCL12, complement genes (C1R, C1S, C3) and strong ECM/fibroblast markers (COL1A1, DCN, LUM, FBLN1) are hallmark of CCL19+ adventitial fibroblasts. Pathway scores favor alveolar and adventitial fibroblast programs, confirming the stage-1 annotation.",0,0,3,0,3,0,3,0,3
23371,P1_4_GTAACGTTCTGGGCCA,fibroblast,alveolar adventitial fibroblast,alveolar adventitial fibroblast,,0,0,3,0,3,0,3,0,3
142350,GATCGTAAGTAGTGCG_F02617,fibroblast,"alveolar type 1 fibroblast cell

The expression profile is dominated by fibroblast/ECM markers (DCN, COL1A1/2/3A1, LUM, MGP) plus AT1-fibroblast-specific genes (RARRES1, PTGDS, APOE, ADH1B). Pathway scoring ranks ""Alveolar Fibroblasts"" highest, confirming the stage-1 annotation.",alveolar type 1 fibroblast cell,"The expression profile is dominated by fibroblast/ECM markers (DCN, COL1A1/2/3A1, LUM, MGP) plus AT1-fibroblast-specific genes (RARRES1, PTGDS, APOE, ADH1B). Pathway scoring ranks ""Alveolar Fibroblasts"" highest, confirming the stage-1 annotation.",0,0,3,0,3,0,3,0,3
75465,7239218_ATCATCTCATCAGTCA,fibroblast,"alveolar adventitial fibroblast

Broad fibroblast identity is confirmed by ECM genes (COL1A1, COL1A2, COL3A1, DCN, BGN, SPARC, FBLN1), but pathway scoring most strongly supports adventitial fibroblast over myofibroblast, pericyte, smooth muscle, or lipofibroblast. Additional markers such as CXCL12, IGFBP2/4, C3, C1R/C1S, and APOE are consistent with an alveolar adventitial fibroblast phenotype in lung parenchyma.",alveolar adventitial fibroblast,"Broad fibroblast identity is confirmed by ECM genes (COL1A1, COL1A2, COL3A1, DCN, BGN, SPARC, FBLN1), but pathway scoring most strongly supports adventitial fibroblast over myofibroblast, pericyte, smooth muscle, or lipofibroblast. Additional markers such as CXCL12, IGFBP2/4, C3, C1R/C1S, and APOE are consistent with an alveolar adventitial fibroblast phenotype in lung parenchyma.",0,0,3,0,3,0,3,0,3
231083,7239218_CAGAGAGTCCATGCTC,fibroblast,"alveolar adventitial fibroblast
The gene profile (COL1A1/3A1, DCN, LUM, BGN, FBLN1) confirms a collagen-producing fibroblast. The presence of CXCL12, ADH1B, C3, C1R/C1S, and APOE specifically matches the lung adventitial fibroblast signature, supporting the stage-1 annotation over other fibroblast subtypes.",alveolar adventitial fibroblast,"The gene profile (COL1A1/3A1, DCN, LUM, BGN, FBLN1) confirms a collagen-producing fibroblast. The presence of CXCL12, ADH1B, C3, C1R/C1S, and APOE specifically matches the lung adventitial fibroblast signature, supporting the stage-1 annotation over other fibroblast subtypes.",0,0,3,0,3,0,3,0,3
283376,TACTTACAGTCGAGTG_F02617,fibroblast,"alveolar type 1 fibroblast cell
Expression of DCN, COL1A1/3A1, LUM, APOE, PTGDS, ADH1B, and RARRES1, plus the highest pathway score for alveolar fibroblast and lower adventitial score, indicates an alveolar fibroblast rather than an adventitial fibroblast.",alveolar type 1 fibroblast cell,"Expression of DCN, COL1A1/3A1, LUM, APOE, PTGDS, ADH1B, and RARRES1, plus the highest pathway score for alveolar fibroblast and lower adventitial score, indicates an alveolar fibroblast rather than an adventitial fibroblast.",0,0,3,0,3,0,3,0,3
41585,7239218_GCCTCTACAGGAACGT,fibroblast,"alveolar adventitial fibroblast

The expression profile (COL1A1, COL1A2, COL3A1, DCN, LUM, FBLN1) and the top pathway score for adventitial fibroblasts support this subtype. CTHRC1 and myofibroblast markers are present but lower, and the lung parenchyma context favors alveolar adventitial fibroblasts over bronchus or generic fibroblasts.",alveolar adventitial fibroblast,"The expression profile (COL1A1, COL1A2, COL3A1, DCN, LUM, FBLN1) and the top pathway score for adventitial fibroblasts support this subtype. CTHRC1 and myofibroblast markers are present but lower, and the lung parenchyma context favors alveolar adventitial fibroblasts over bronchus or generic fibroblasts.",0,0,3,0,3,0,3,0,3
248998,7239217_TTGACTTTCGTGGGAA,fibroblast,"alveolar adventitial fibroblast

The profile is dominated by ECM/fibroblast markers (COL1A1, DCN, FBLN1, IGFBP4, CXCL12) and includes PLA2G2A, a highly specific top gene, with complement and metallothionein support. No epithelial, immune, endothelial, or smooth-muscle markers are present. Pathway scores favor fibroblast/pericyte programs, and the parenchymal context with adventitial/perivascular gene signatures confirms alveolar adventitial fibroblast over other listed fibroblast types.",alveolar adventitial fibroblast,"The profile is dominated by ECM/fibroblast markers (COL1A1, DCN, FBLN1, IGFBP4, CXCL12) and includes PLA2G2A, a highly specific top gene, with complement and metallothionein support. No epithelial, immune, endothelial, or smooth-muscle markers are present. Pathway scores favor fibroblast/pericyte programs, and the parenchymal context with adventitial/perivascular gene signatures confirms alveolar adventitial fibroblast over other listed fibroblast types.",0,0,3,0,3,0,3,0,3
163340,AGCGTATTCTTAGAGC-1-HCATisStab7659969,fibroblast,"Alveolar adventitial fibroblast

The expression profile—high COL1A1/2, COL3A1, COL6A1/2, DCN, LUM, BGN, MGP, TIMP1, FBLN1, and IGFBP4/6—is characteristic of lung fibroblast populations. Among the given subtypes, this ECM-rich, matrix-remodeling signature with supporting pathway scores best matches alveolar adventitial fibroblasts in lung parenchyma.",Alveolar adventitial fibroblast,"The expression profile—high COL1A1/2, COL3A1, COL6A1/2, DCN, LUM, BGN, MGP, TIMP1, FBLN1, and IGFBP4/6—is characteristic of lung fibroblast populations. Among the given subtypes, this ECM-rich, matrix-remodeling signature with supporting pathway scores best matches alveolar adventitial fibroblasts in lung parenchyma.",0,0,3,0,3,0,3,0,3
229740,CGAGCCAGTACATGTC-1-HCATisStab7587208,fibroblast,"alveolar adventitial fibroblast

The top genes (CCL19, PLA2G2A, PTGDS, DCN, COL1A1, COL3A1, CXCL12) are classic markers of lung adventitial fibroblasts, distinct from alveolar type 1/2 or myofibroblasts. Although the ""alveolar fibroblast"" pathway score is slightly higher, direct gene evidence and the original stage-1 label align best with alveolar adventitial fibroblast.",alveolar adventitial fibroblast,"The top genes (CCL19, PLA2G2A, PTGDS, DCN, COL1A1, COL3A1, CXCL12) are classic markers of lung adventitial fibroblasts, distinct from alveolar type 1/2 or myofibroblasts. Although the ""alveolar fibroblast"" pathway score is slightly higher, direct gene evidence and the original stage-1 label align best with alveolar adventitial fibroblast.",0,0,3,0,3,0,3,0,3
165624,TACTCATGTCATCGGC-1-HCATisStab7587208,fibroblast,"alveolar adventitial fibroblast

The expression profile strongly matches alveolar adventitial fibroblasts: high COL1A1/2/3, COL6A1/2, DCN, FBLN1, and C1S/C1R establish a fibroblast identity, while PLA2G2A, RARRES1, CCL19, and CXCL12 are specific hallmarks of adventitial fibroblasts in lung parenchyma. Although the ""Alveolar fibroblast"" pathway score is slightly higher, the direct gene evidence and stage-1 reasoning support the adventitial subtype.",alveolar adventitial fibroblast,"The expression profile strongly matches alveolar adventitial fibroblasts: high COL1A1/2/3, COL6A1/2, DCN, FBLN1, and C1S/C1R establish a fibroblast identity, while PLA2G2A, RARRES1, CCL19, and CXCL12 are specific hallmarks of adventitial fibroblasts in lung parenchyma. Although the ""Alveolar fibroblast"" pathway score is slightly higher, the direct gene evidence and stage-1 reasoning support the adventitial subtype.",0,0,3,0,3,0,3,0,3
203391,AGTGGGATCGAGCCCA-1-HCATisStab7587202,fibroblast,"alveolar adventitial fibroblast

Profile strongly matches alveolar adventitial fibroblasts: high PLA2G2A, CCL19, PTGDS, RARRES1, plus ECM genes (COL1A1, COL3A1, DCN, LUM, FBLN1) and complement/inflammatory mediators (C1S, C1R, C3, C7, CCL2, IL6). Pathway scores favor alveolar fibroblast identity, and the specific markers distinguish this from generic fibroblasts, myofibroblasts, or pericytes.",alveolar adventitial fibroblast,"Profile strongly matches alveolar adventitial fibroblasts: high PLA2G2A, CCL19, PTGDS, RARRES1, plus ECM genes (COL1A1, COL3A1, DCN, LUM, FBLN1) and complement/inflammatory mediators (C1S, C1R, C3, C7, CCL2, IL6). Pathway scores favor alveolar fibroblast identity, and the specific markers distinguish this from generic fibroblasts, myofibroblasts, or pericytes.",0,0,3,0,3,0,3,0,3
192510,AGTGGGAAGCCCGAAA-1-HCATisStab7587208,fibroblast,"alveolar adventitial fibroblast

The expression profile strongly matches adventitial fibroblasts: high COL1A1/COL1A2, DCN, FBLN1, CCL19, CXCL12, C1S/C1R, APOE, and PTGDS. The pathway scores favor alveolar/adventitial fibroblast programs over myofibroblast or pericyte. No epithelial, immune, or endothelial markers dominate. Thus the stage-1 annotation is supported.",alveolar adventitial fibroblast,"The expression profile strongly matches adventitial fibroblasts: high COL1A1/COL1A2, DCN, FBLN1, CCL19, CXCL12, C1S/C1R, APOE, and PTGDS. The pathway scores favor alveolar/adventitial fibroblast programs over myofibroblast or pericyte. No epithelial, immune, or endothelial markers dominate. Thus the stage-1 annotation is supported.",0,0,3,0,3,0,3,0,3
267123,P1_4_ACCAGTACAGTTAACC,fibroblast,"alveolar adventitial fibroblast

The expression profile strongly supports an adventitial fibroblast identity: high COL1A1, COL1A2, COL3A1, DCN, FBLN1, and complement genes (C7, C1S, C1R, C3) are characteristic of lung adventitial fibroblasts. PTGDS, FGF7, and HAS1 further align with this stromal subtype. Pathway scores also favor fibroblast programs over myofibroblast or pericyte identity, confirming the stage-1 annotation.",alveolar adventitial fibroblast,"The expression profile strongly supports an adventitial fibroblast identity: high COL1A1, COL1A2, COL3A1, DCN, FBLN1, and complement genes (C7, C1S, C1R, C3) are characteristic of lung adventitial fibroblasts. PTGDS, FGF7, and HAS1 further align with this stromal subtype. Pathway scores also favor fibroblast programs over myofibroblast or pericyte identity, confirming the stage-1 annotation.",0,0,3,0,3,0,3,0,3
245110,P1_4_GTGCAGCAGCCACTAT,fibroblast,"alveolar adventitial fibroblast

The profile strongly matches an alveolar adventitial fibroblast: high DCN, COL1A1/3A1, COL6A2, FBLN1, and MGP reflect fibroblast/ECM identity, while FGF7, HAS1, C7, C1S, and C3 mark alveolar-interstitial lung fibroblasts. Pathway scores support both alveolar and adventitial fibroblast programs; the combined signature confirms the stage-1 annotation.",alveolar adventitial fibroblast,"The profile strongly matches an alveolar adventitial fibroblast: high DCN, COL1A1/3A1, COL6A2, FBLN1, and MGP reflect fibroblast/ECM identity, while FGF7, HAS1, C7, C1S, and C3 mark alveolar-interstitial lung fibroblasts. Pathway scores support both alveolar and adventitial fibroblast programs; the combined signature confirms the stage-1 annotation.",0,0,3,0,3,0,3,0,3
302688,CACTCCAGTGTTCTTT-1-HCATisStab7587202,fibroblast,"alveolar adventitial fibroblast
The profile shows high expression of fibroblast markers (COL1A1, COL3A1, DCN, LUM, FBLN1, SPARCL1) alongside adventitial-fibroblast-enriched genes CCL19, CXCL12, PTGDS, and VCAM1. This pattern is most consistent with alveolar adventitial fibroblasts in lung parenchyma, not immune, epithelial, smooth muscle, or pericyte populations.",alveolar adventitial fibroblast,"The profile shows high expression of fibroblast markers (COL1A1, COL3A1, DCN, LUM, FBLN1, SPARCL1) alongside adventitial-fibroblast-enriched genes CCL19, CXCL12, PTGDS, and VCAM1. This pattern is most consistent with alveolar adventitial fibroblasts in lung parenchyma, not immune, epithelial, smooth muscle, or pericyte populations.",0,0,3,0,3,0,3,0,3
43434,P1_4_ATTGGACTCTTCGAGA,fibroblast,"alveolar type 1 fibroblast cell

The transcriptomic profile (DCN, COL1A1/2, COL3A1, LUM, FBLN1, DPT, MGP) confirms a fibroblast, but markers FGF7, HAS1, PTGDS, and C7, along with the highest pathway score for alveolar fibroblast, point to an alveolar fibroblast rather than adventitial or myofibroblast identity. The stage-1 label is therefore corrected.",alveolar type 1 fibroblast cell,"The transcriptomic profile (DCN, COL1A1/2, COL3A1, LUM, FBLN1, DPT, MGP) confirms a fibroblast, but markers FGF7, HAS1, PTGDS, and C7, along with the highest pathway score for alveolar fibroblast, point to an alveolar fibroblast rather than adventitial or myofibroblast identity. The stage-1 label is therefore corrected.",0,0,3,0,3,0,3,0,3
156538,TAGCGATGGATAAG-SC14,fibroblast,"Respiratory basal cell

The top markers (KRT5, KRT14, KRT6A, KRT16, S100A2, FABP5) and the dominant classical respiratory basal cell pathway score confirm the stage-1 annotation. Although immunoglobulin/immune-related transcripts appear in the TF-IDF list, they are likely ambient contamination and are inconsistent with the strong keratinocyte/basal epithelial profile. No other listed subtype better explains the combined basal keratin and progenitor marker expression.",Respiratory basal cell,"The top markers (KRT5, KRT14, KRT6A, KRT16, S100A2, FABP5) and the dominant classical respiratory basal cell pathway score confirm the stage-1 annotation. Although immunoglobulin/immune-related transcripts appear in the TF-IDF list, they are likely ambient contamination and are inconsistent with the strong keratinocyte/basal epithelial profile. No other listed subtype better explains the combined basal keratin and progenitor marker expression.",0,0,0,0,0,0,0,0,0
20963,P3_5_CTTACCGTCAGTACGT,hematopoietic stem cell,"plasma cell
The expression of immunoglobulin genes (IGLC2, IGHA1, IGLC3, IGLL1), JCHAIN, and MZB1 is definitive for antibody-secreting cells. High pathway scores for IgA plasma cell and plasmablast further confirm this identity. Thus, the stage-1 annotation is correct.",plasma cell,"The expression of immunoglobulin genes (IGLC2, IGHA1, IGLC3, IGLL1), JCHAIN, and MZB1 is definitive for antibody-secreting cells. High pathway scores for IgA plasma cell and plasmablast further confirm this identity. Thus, the stage-1 annotation is correct.",0,0,1,0,1,0,1,0,1
106172,CGACTTCGTGATGCCC-1-HCATisStab7587211,hematopoietic stem cell,"hematopoietic stem cell
Top genes (GATA2, GATA1, CA1, CDK6, PCLAF, STMN1, TYMS, SOX4) and highest pathway scores for short-term/long-term HSC and multipotent progenitor support a hematopoietic stem/progenitor identity; lung mast cell and endothelial programs are much lower.",hematopoietic stem cell,"Top genes (GATA2, GATA1, CA1, CDK6, PCLAF, STMN1, TYMS, SOX4) and highest pathway scores for short-term/long-term HSC and multipotent progenitor support a hematopoietic stem/progenitor identity; lung mast cell and endothelial programs are much lower.",1,1,4,1,4,1,4,1,4
332842,TACAGTGAGTGTCTCA-1-HCATisStab7587208,hematopoietic stem cell,"pulmonary neuroendocrine cell
AVP and CRHBP are canonical markers of pulmonary neuroendocrine cells (PNECs). SOX4 and CDK6 support neuroendocrine identity. The slightly higher tuft pathway score is outweighed by direct AVP expression, which is not typical of tuft/brush cells. Immune-related genes likely represent background or contamination.",pulmonary neuroendocrine cell,"AVP and CRHBP are canonical markers of pulmonary neuroendocrine cells (PNECs). SOX4 and CDK6 support neuroendocrine identity. The slightly higher tuft pathway score is outweighed by direct AVP expression, which is not typical of tuft/brush cells. Immune-related genes likely represent background or contamination.",0,0,0,0,0,0,0,0,0
69057,GGTGAAGCAATAGCAA_SC29,hematopoietic stem cell,"plasma cell
Expression of IGLC3, IGHA1, IGLC2, IGHA2, IGLL1, JCHAIN, PRDM1, and high plasmablast/IgA/IgG plasma cell pathway scores confirms an antibody-secreting plasma cell identity in lung parenchyma.",plasma cell,"Expression of IGLC3, IGHA1, IGLC2, IGHA2, IGLL1, JCHAIN, PRDM1, and high plasmablast/IgA/IgG plasma cell pathway scores confirms an antibody-secreting plasma cell identity in lung parenchyma.",0,0,1,0,1,0,1,0,1
147413,TACGGTAAGAGACTTA-1-HCATisStab7587208,hematopoietic stem cell,"hematopoietic stem cell
Stage-1 annotation confirmed: strong expression of HSC/progenitor markers (PRSS57, GATA2, SOX4, CDK6, HMGA1) and top pathway scores for short-term/long-term HSC and multipotent progenitor. Erythroid/B-cell priming genes reflect lineage promiscuity typical of HSCs, not a mature lung-resident cell type. No mature immune, epithelial, or stromal markers dominate.",hematopoietic stem cell,"Stage-1 annotation confirmed: strong expression of HSC/progenitor markers (PRSS57, GATA2, SOX4, CDK6, HMGA1) and top pathway scores for short-term/long-term HSC and multipotent progenitor. Erythroid/B-cell priming genes reflect lineage promiscuity typical of HSCs, not a mature lung-resident cell type. No mature immune, epithelial, or stromal markers dominate.",1,1,4,1,4,1,4,1,4
191482,ATCTGCCTCAGAGACG-1-HCATisStab7587205,hematopoietic stem cell,"plasmacytoid dendritic cell  
The profile is dominated by pDC markers (FCER1A, PLD4, SHD, XCL2, GZMB, JCHAIN, MZB1, CD7) and the highest pathway score is for pDC. IGHM/IGKC and MZB1 can be misleadingly expressed by pDCs as non-secretory immunoglobulin transcripts, so this is not a plasma cell.",plasmacytoid dendritic cell,"The profile is dominated by pDC markers (FCER1A, PLD4, SHD, XCL2, GZMB, JCHAIN, MZB1, CD7) and the highest pathway score is for pDC. IGHM/IGKC and MZB1 can be misleadingly expressed by pDCs as non-secretory immunoglobulin transcripts, so this is not a plasma cell.",0,0,1,0,1,0,1,0,1
125810,AGCTTGACAAGCTGGA_F02526,hematopoietic stem cell,"Plasma cell

The profile is unmistakably consistent with an antibody-secreting plasma cell: strong expression of immunoglobulin heavy and light chains (IGHG, IGHA, IGLC, IGKC), JCHAIN, MZB1, DERL3, TNFRSF17, and CD27. Pathway scores prioritize IgA and IgG plasma cell programs, and the presence of CD79A is consistent with a plasmablast/plasma cell stage. No other option matches this degree of plasma cell commitment.",Plasma cell,"The profile is unmistakably consistent with an antibody-secreting plasma cell: strong expression of immunoglobulin heavy and light chains (IGHG, IGHA, IGLC, IGKC), JCHAIN, MZB1, DERL3, TNFRSF17, and CD27. Pathway scores prioritize IgA and IgG plasma cell programs, and the presence of CD79A is consistent with a plasmablast/plasma cell stage. No other option matches this degree of plasma cell commitment.",0,0,1,0,1,0,1,0,1
100542,CCTTCGACAGAAGCAC-1-HCATisStab7747198,hematopoietic stem cell,"mast cell

Expression of FCER1A, GATA2, PRSS57, SPINK2, and SRGN strongly supports mast-cell identity. The high CXCL8, CD69, and AREG reflect activated mast cells in lung parenchyma. Basophil pathway score is slightly higher, but basophils are not an option and the gene profile (e.g., PRSS57, GATA2) fits mast cells in this tissue context.",mast cell,"Expression of FCER1A, GATA2, PRSS57, SPINK2, and SRGN strongly supports mast-cell identity. The high CXCL8, CD69, and AREG reflect activated mast cells in lung parenchyma. Basophil pathway score is slightly higher, but basophils are not an option and the gene profile (e.g., PRSS57, GATA2) fits mast cells in this tissue context.",0,0,1,0,1,0,1,0,1
332572,CTACACCAGGTAGCCA-1-HCATisStab7587211,hematopoietic stem cell,"mast cell
The expression profile (FCER1A, GATA2, PRSS57, CYTL1, SRGN) and activation markers (CXCL8, AREG, CD69, EREG) are hallmark mast cell signatures, with top pathway scores matching mast cell programs. Although basophil score is slightly higher, basophils are not an available option, and the tissue context and gene evidence strongly support a mast cell identity.",mast cell,"The expression profile (FCER1A, GATA2, PRSS57, CYTL1, SRGN) and activation markers (CXCL8, AREG, CD69, EREG) are hallmark mast cell signatures, with top pathway scores matching mast cell programs. Although basophil score is slightly higher, basophils are not an available option, and the tissue context and gene evidence strongly support a mast cell identity.",0,0,1,0,1,0,1,0,1
89801,TGACTAGTCAAACGGG_HD66,hematopoietic stem cell,"plasma cell

The expression profile is dominated by immunoglobulin genes (IGHG1, IGHG2, IGHA2, IGKC), JCHAIN, MZB1, and POU2AF1, which are canonical markers of antibody-secreting cells. Pathway scores strongly support plasmablast and IgA/IgG plasma cell programs. The stage-1 annotation is consistent with the evidence.",plasma cell,"The expression profile is dominated by immunoglobulin genes (IGHG1, IGHG2, IGHA2, IGKC), JCHAIN, MZB1, and POU2AF1, which are canonical markers of antibody-secreting cells. Pathway scores strongly support plasmablast and IgA/IgG plasma cell programs. The stage-1 annotation is consistent with the evidence.",0,0,1,0,1,0,1,0,1
207823,GCTGCAGAGCGAAGGG_F02524,hematopoietic stem cell,"pulmonary neuroendocrine cell

GRP is the top TF-IDF marker and is highly specific for pulmonary neuroendocrine cells, with supportive neuroendocrine genes including PCSK1N, SYT1, and CHGB. The PNEC pathway score is the highest. Immunoglobulin, plasma-cell, and neutrophil-related genes likely reflect ambient contamination or doublets rather than the defining identity.",pulmonary neuroendocrine cell,"GRP is the top TF-IDF marker and is highly specific for pulmonary neuroendocrine cells, with supportive neuroendocrine genes including PCSK1N, SYT1, and CHGB. The PNEC pathway score is the highest. Immunoglobulin, plasma-cell, and neutrophil-related genes likely reflect ambient contamination or doublets rather than the defining identity.",0,0,0,0,0,0,0,0,0
182834,AGATTGCCATACGCCG_SC24,hematopoietic stem cell,"Plasma cell

The expression profile is dominated by immunoglobulin genes (IGLC3, IGHG1, IGHG2, IGKC, IGHM) along with JCHAIN, MZB1, TNFRSF17, and CD79A, which are hallmarks of terminally differentiated antibody-secreting B cells. High pathway scores for plasmablast and IgA/IgG plasma cell programs further support this identity. The presence of CD27 and POU2AF1 also aligns with plasma cell maturation. No other cell type in the list matches this strong immunoglobulin signature.",Plasma cell,"The expression profile is dominated by immunoglobulin genes (IGLC3, IGHG1, IGHG2, IGKC, IGHM) along with JCHAIN, MZB1, TNFRSF17, and CD79A, which are hallmarks of terminally differentiated antibody-secreting B cells. High pathway scores for plasmablast and IgA/IgG plasma cell programs further support this identity. The presence of CD27 and POU2AF1 also aligns with plasma cell maturation. No other cell type in the list matches this strong immunoglobulin signature.",0,0,1,0,1,0,1,0,1
299715,GCTGGGTTCTTGCAAG-1-HCATisStab7587211,hematopoietic stem cell,"mast cell

The gene evidence (GATA1, GATA2, FCER1A, SRGN) and high expression of mast cell activation/chemokine genes (CXCL8, AREG, CD69, SELL, CXCR4) support the stage-1 annotation. Although basophil pathway scores are slightly higher, the tissue context and marker profile are consistent with lung mast cells, and basophils are not in the provided list.",mast cell,"The gene evidence (GATA1, GATA2, FCER1A, SRGN) and high expression of mast cell activation/chemokine genes (CXCL8, AREG, CD69, SELL, CXCR4) support the stage-1 annotation. Although basophil pathway scores are slightly higher, the tissue context and marker profile are consistent with lung mast cells, and basophils are not in the provided list.",0,0,1,0,1,0,1,0,1
98913,TGCGCAGAGATGAGAG-1-HCATisStab7587211,hematopoietic stem cell,"hematopoietic stem cell

Profile shows primitive hematopoietic markers (SPINK2, PRSS57, BAALC, CRHBP, RHEX, SELL) and cell-cycle/proliferation genes, with highest pathway scores for short-term/long-term HSC and multipotent progenitor. This supports the stage-1 annotation despite lung context.",hematopoietic stem cell,"Profile shows primitive hematopoietic markers (SPINK2, PRSS57, BAALC, CRHBP, RHEX, SELL) and cell-cycle/proliferation genes, with highest pathway scores for short-term/long-term HSC and multipotent progenitor. This supports the stage-1 annotation despite lung context.",1,1,4,1,4,1,4,1,4
87981,AAGCCGCCAGCGTTCG-1-HCATisStab7587211,hematopoietic stem cell,"mast cell

Expression of FCER1A, GATA2, PRSS57, SPINK2, and AREG strongly supports mast cell identity. Pathway scores for mast cell subtypes are high, and although basophil scoring is slightly higher, basophils are not in the provided cell list. The overall transcriptomic evidence confirms the stage-1 annotation of mast cell.",mast cell,"Expression of FCER1A, GATA2, PRSS57, SPINK2, and AREG strongly supports mast cell identity. Pathway scores for mast cell subtypes are high, and although basophil scoring is slightly higher, basophils are not in the provided cell list. The overall transcriptomic evidence confirms the stage-1 annotation of mast cell.",0,0,1,0,1,0,1,0,1
278088,TCAGGATCAGCTCCGA_SC10,hematopoietic stem cell,Plasma cell,Plasma cell,,0,0,1,0,1,0,1,0,1
253398,ACTGCTCAGTTAGCGG-1-HCATisStab7587211,hematopoietic stem cell,"pulmonary neuroendocrine cell

The direct gene evidence best supports PNEC: AVP, CRHBP, HTR1F, and GIHCG are known pulmonary neuroendocrine cell markers, alongside neuroendocrine/developmental genes such as SOX4 and HES1. Although the tuft cell pathway score was nominally higher, definitive lineage-specific markers for tuft cells (e.g., POU2F3, DCLK1, TRPM5) are absent, while the PNEC marker set is specific and compelling. The immune-related genes in the top list likely reflect an activated or stressed PNEC state rather than a different cell type.",pulmonary neuroendocrine cell,"The direct gene evidence best supports PNEC: AVP, CRHBP, HTR1F, and GIHCG are known pulmonary neuroendocrine cell markers, alongside neuroendocrine/developmental genes such as SOX4 and HES1. Although the tuft cell pathway score was nominally higher, definitive lineage-specific markers for tuft cells (e.g., POU2F3, DCLK1, TRPM5) are absent, while the PNEC marker set is specific and compelling. The immune-related genes in the top list likely reflect an activated or stressed PNEC state rather than a different cell type.",0,0,0,0,0,0,0,0,0
221924,TTTATGCCAGCGTTCG-1-HCATisStab7587205,hematopoietic stem cell,"mast cell

The expression profile retains canonical mast cell markers (FCER1A, GATA2, CPA3, CD69) and pathway scores are highest for mast cell subtypes, particularly MCTC and MCT. While some proliferative/activation genes appear, the overall signature is most consistent with mast cells rather than basophils or other immune cells.",mast cell,"The expression profile retains canonical mast cell markers (FCER1A, GATA2, CPA3, CD69) and pathway scores are highest for mast cell subtypes, particularly MCTC and MCT. While some proliferative/activation genes appear, the overall signature is most consistent with mast cells rather than basophils or other immune cells.",0,0,1,0,1,0,1,0,1
62236,CTCGTACAGAGCTTCT-1-HCATisStab7747197,hematopoietic stem cell,"hematopoietic stem cell

The profile shows multipotent stem/progenitor markers (GATA2, SOX4, HMGA1, CDK6) with lineage priming for erythroid (GATA1, KLF1, BCL11A) and B-lymphoid (IGLL1) fates, plus high proliferative activity (PCLAF, TYMS, HMGB2). Pathway scores rank short-term and long-term hematopoietic stem cell programs highest, supporting the stage-1 annotation.",hematopoietic stem cell,"The profile shows multipotent stem/progenitor markers (GATA2, SOX4, HMGA1, CDK6) with lineage priming for erythroid (GATA1, KLF1, BCL11A) and B-lymphoid (IGLL1) fates, plus high proliferative activity (PCLAF, TYMS, HMGB2). Pathway scores rank short-term and long-term hematopoietic stem cell programs highest, supporting the stage-1 annotation.",1,1,4,1,4,1,4,1,4
176537,AGCAGCCGTCCGAAGA-1-HCATisStab7587205,hematopoietic stem cell,"mast cell
The expression profile is most consistent with an activated mast cell: GATA2 is a mast-cell master transcription factor, and the cells show activation markers (CD69) and mast-cell-derived cytokines/chemokines (CXCL8, CXCL2, CXCL3, AREG). Pathway scores support mast-cell identity, with only marginally higher basophil scoring, but basophils are not an option and are rare in lung parenchyma. Thus the stage-1 annotation is confirmed.",mast cell,"The expression profile is most consistent with an activated mast cell: GATA2 is a mast-cell master transcription factor, and the cells show activation markers (CD69) and mast-cell-derived cytokines/chemokines (CXCL8, CXCL2, CXCL3, AREG). Pathway scores support mast-cell identity, with only marginally higher basophil scoring, but basophils are not an option and are rare in lung parenchyma. Thus the stage-1 annotation is confirmed.",0,0,1,0,1,0,1,0,1
5913,CACACTCGTTCGTCTC_F01851,ionocyte,"pulmonary neuroendocrine cell
The top markers (GRP, CHGA, CALCA, SCG2/5, SCGN) and the highest pathway score strongly confirm PNEC identity. Although some ionocyte genes (FOXI1, ATP6V1B1) appear, the dominant neuroendocrine program and rare-cell expression pattern support the stage-1 annotation.",pulmonary neuroendocrine cell,"The top markers (GRP, CHGA, CALCA, SCG2/5, SCGN) and the highest pathway score strongly confirm PNEC identity. Although some ionocyte genes (FOXI1, ATP6V1B1) appear, the dominant neuroendocrine program and rare-cell expression pattern support the stage-1 annotation.",0,0,3,0,3,0,3,0,3
325651,TTAACTCTCCGAAGAG_HD101,ionocyte,"ionocyte

The top markers (ASCL3, FOXI1, CLCNKB, ATP6V1B1/ATP6V1C2/ATP6V1G3, BSND) are canonical pulmonary ionocyte genes, encoding FOXI1/ASCL3 transcription factors, V-ATPase subunits, and chloride transport components. High pathway scores for V-ATPase- and CFTR-high ionocyte programs further confirm identity. The stage-1 annotation is correct.",ionocyte,"The top markers (ASCL3, FOXI1, CLCNKB, ATP6V1B1/ATP6V1C2/ATP6V1G3, BSND) are canonical pulmonary ionocyte genes, encoding FOXI1/ASCL3 transcription factors, V-ATPase subunits, and chloride transport components. High pathway scores for V-ATPase- and CFTR-high ionocyte programs further confirm identity. The stage-1 annotation is correct.",1,1,4,1,4,1,4,1,4
74927,GAGTCCGTCTGTCAAG_F01508,ionocyte,"pulmonary neuroendocrine cell
The profile is dominated by canonical PNEC markers (GRP, CHGA, CALCA, SCG5, SCG3, PCSK1N, CPE, ASCL1), with the highest PNEC pathway score. Co-expressed ionocyte/tuft genes are relatively weaker and do not override the strong neuroendocrine identity.",pulmonary neuroendocrine cell,"The profile is dominated by canonical PNEC markers (GRP, CHGA, CALCA, SCG5, SCG3, PCSK1N, CPE, ASCL1), with the highest PNEC pathway score. Co-expressed ionocyte/tuft genes are relatively weaker and do not override the strong neuroendocrine identity.",0,0,3,0,3,0,3,0,3
323204,CGTTGGGGTACTCGCG_F02617,ionocyte,"pulmonary neuroendocrine cell
The top gene GRP, along with CALCA, CHGA, CHGB, SCG2/5, PCSK1N, and SCGN, strongly indicates a pulmonary neuroendocrine cell. The highest pathway score is for PNEC. Minor ionocyte/tuft markers are present but secondary, likely reflecting rare cell contamination or shared low-level expression.",pulmonary neuroendocrine cell,"The top gene GRP, along with CALCA, CHGA, CHGB, SCG2/5, PCSK1N, and SCGN, strongly indicates a pulmonary neuroendocrine cell. The highest pathway score is for PNEC. Minor ionocyte/tuft markers are present but secondary, likely reflecting rare cell contamination or shared low-level expression.",0,0,3,0,3,0,3,0,3
54242,CCACCTACACCGTTGG_F02607,ionocyte,"club cell

The top pathway score is club cell, and key markers such as SCGB3A2, SLPI, BPIFA2, WFDC2, CEACAM6, TACSTD2, and KRT7 strongly indicate club/secretory airway lineage. Although SFTPB, SLC34A2, and SFTA2 suggest some AT2-like expression, the overall profile and top scoring program support correction to club cell.",club cell,"The top pathway score is club cell, and key markers such as SCGB3A2, SLPI, BPIFA2, WFDC2, CEACAM6, TACSTD2, and KRT7 strongly indicate club/secretory airway lineage. Although SFTPB, SLC34A2, and SFTA2 suggest some AT2-like expression, the overall profile and top scoring program support correction to club cell.",0,0,2,0,2,0,2,0,2
190415,P3_6_AGCTTGATCTGAAAGA,ionocyte,"pulmonary neuroendocrine cell
The expression profile is dominated by canonical pulmonary neuroendocrine markers: GRP, CALCA, CHGA, CHGB, SCG2, SCG5, PCSK1N, and CPE. The PNEC pathway score is highest, and the presence of ASCL3 and NPW further supports neuroendocrine identity. Despite some basal/keratin genes, the overall signature unequivocally confirms pulmonary neuroendocrine cells.",pulmonary neuroendocrine cell,"The expression profile is dominated by canonical pulmonary neuroendocrine markers: GRP, CALCA, CHGA, CHGB, SCG2, SCG5, PCSK1N, and CPE. The PNEC pathway score is highest, and the presence of ASCL3 and NPW further supports neuroendocrine identity. Despite some basal/keratin genes, the overall signature unequivocally confirms pulmonary neuroendocrine cells.",0,0,3,0,3,0,3,0,3
103781,ACGGGCTCACACATGT_F02611,ionocyte,"pulmonary neuroendocrine cell
The top gene GRP, along with CALCA, CHGA, CHGB/SCG2/SCG5, PCSK1N, and SCGN, are classic neuroendocrine markers. The PNEC pathway score is highest, confirming the stage-1 annotation.",pulmonary neuroendocrine cell,"The top gene GRP, along with CALCA, CHGA, CHGB/SCG2/SCG5, PCSK1N, and SCGN, are classic neuroendocrine markers. The PNEC pathway score is highest, confirming the stage-1 annotation.",0,0,3,0,3,0,3,0,3
181582,TCAGGATAGAGCTGGT-SC155,ionocyte,"respiratory basal cell
The dominant keratin signature (KRT5, KRT6A, KRT15, KRT17) plus S100A2, TACSTD2, and AQP3 is canonical for respiratory basal cells. Although FOXI1 and BSND hint at ionocyte activity, their lower specificity and the overwhelming basal-cell program confirm the original annotation.",respiratory basal cell,"The dominant keratin signature (KRT5, KRT6A, KRT15, KRT17) plus S100A2, TACSTD2, and AQP3 is canonical for respiratory basal cells. Although FOXI1 and BSND hint at ionocyte activity, their lower specificity and the overwhelming basal-cell program confirm the original annotation.",0,0,2,0,2,0,2,0,2
232875,ATCACGATCGGAATCT-SC45,ionocyte,"pulmonary neuroendocrine cell
GRP is the top cell-specific gene and a canonical marker of pulmonary neuroendocrine cells; CALCA, SCG5, CPE, ASCL3, and HES1 further support neuroendocrine identity. The PNEC pathway score is highest, and although some basal/epithelial genes appear, they do not outweigh the strong neuroendocrine signal.",pulmonary neuroendocrine cell,"GRP is the top cell-specific gene and a canonical marker of pulmonary neuroendocrine cells; CALCA, SCG5, CPE, ASCL3, and HES1 further support neuroendocrine identity. The PNEC pathway score is highest, and although some basal/epithelial genes appear, they do not outweigh the strong neuroendocrine signal.",0,0,3,0,3,0,3,0,3
267687,CCGTACTTCAGAGCTT_HD67,ionocyte,"ionocyte

The highest pathway score is pulmonary ionocyte, and the gene profile includes strong ionocyte markers (FOXI1, ASCL3, CLCNKB, BSND, ATP6V1G3, ATP6V1B1, FXYD2, SCNN1B). Although GRP and neuroendocrine genes are present, the combined evidence favors ionocyte over pulmonary neuroendocrine cell.",ionocyte,"The highest pathway score is pulmonary ionocyte, and the gene profile includes strong ionocyte markers (FOXI1, ASCL3, CLCNKB, BSND, ATP6V1G3, ATP6V1B1, FXYD2, SCNN1B). Although GRP and neuroendocrine genes are present, the combined evidence favors ionocyte over pulmonary neuroendocrine cell.",1,1,4,1,4,1,4,1,4
87822,TCAATCTAGCTGAACG_F02617,ionocyte,"ionocyte

The expression profile is dominated by ASCL3 and FOXI1, master regulators of pulmonary ionocytes, along with V-ATPase subunits (ATP6V1B1, ATP6V1G3, ATP6V0C) and chloride channels (CLCNKB, BSND). While some neuroendocrine markers appear, the ionocyte-specific transcription factor and ion-transport machinery signature is decisive.",ionocyte,"The expression profile is dominated by ASCL3 and FOXI1, master regulators of pulmonary ionocytes, along with V-ATPase subunits (ATP6V1B1, ATP6V1G3, ATP6V0C) and chloride channels (CLCNKB, BSND). While some neuroendocrine markers appear, the ionocyte-specific transcription factor and ion-transport machinery signature is decisive.",1,1,4,1,4,1,4,1,4
257477,GCAAACTCATCCCATC_F02617,ionocyte,"ionocyte

ASCL3 is the master transcriptional regulator of pulmonary ionocytes, and the high CFTR and V-ATPase pathway scores strongly support this identity. CLCNKB and ATP6V1G3 further indicate ionocyte-like solute/acid-base transport function. Although basal-epithelial keratins appear, the defining ASCL3/ionocyte program outweighs that signal.",ionocyte,"ASCL3 is the master transcriptional regulator of pulmonary ionocytes, and the high CFTR and V-ATPase pathway scores strongly support this identity. CLCNKB and ATP6V1G3 further indicate ionocyte-like solute/acid-base transport function. Although basal-epithelial keratins appear, the defining ASCL3/ionocyte program outweighs that signal.",1,1,4,1,4,1,4,1,4
119216,TCAGGATCATGGTCAT_HD67,ionocyte,"pulmonary neuroendocrine cell
Top markers (GRP, CALCA, CHGA, CHGB, SCG5, SCGN, PCSK1N, GHRL) strongly support neuroendocrine identity, and the PNEC pathway score is highest. Minor ionocyte/tuft-like signals (FOXI1, ASCL3) are consistent with shared developmental programs but do not override the dominant neuroendocrine profile.",pulmonary neuroendocrine cell,"Top markers (GRP, CALCA, CHGA, CHGB, SCG5, SCGN, PCSK1N, GHRL) strongly support neuroendocrine identity, and the PNEC pathway score is highest. Minor ionocyte/tuft-like signals (FOXI1, ASCL3) are consistent with shared developmental programs but do not override the dominant neuroendocrine profile.",0,0,3,0,3,0,3,0,3
51483,CACAGGCAGTGGTAGC_F02607,ionocyte,"ionocyte

The expression profile strongly matches pulmonary ionocytes: FOXI1, ASCL3, CLCNKB, BSND, V-ATPase subunits (ATP6V1B1, ATP6V1C2, ATP6V1G3), and SCNN1B/SCNN1G. Epithelial markers (KRT8/18/19, EPCAM, CD24) and high CFTR/V-ATPase pathway scores further support this identity. The stage-1 annotation is confirmed.",ionocyte,"The expression profile strongly matches pulmonary ionocytes: FOXI1, ASCL3, CLCNKB, BSND, V-ATPase subunits (ATP6V1B1, ATP6V1C2, ATP6V1G3), and SCNN1B/SCNN1G. Epithelial markers (KRT8/18/19, EPCAM, CD24) and high CFTR/V-ATPase pathway scores further support this identity. The stage-1 annotation is confirmed.",1,1,4,1,4,1,4,1,4
96646,GCAAACTGTGTGTGCC_F02528,ionocyte,"multiciliated columnar cell of tracheobronchial tree

The gene profile is dominated by cilia structural/assembly genes (DNAH5, DNAH12, CFAP43/144/157, HYDIN, ODAD1) and airway ciliated cell markers (SNTN, TPPP3, CDHR3, CAPS), with the highest pathway score for mature ciliated cells. This strongly indicates a multiciliated epithelial cell lining the conducting airways, best classified as a tracheobronchial multiciliated columnar cell.",multiciliated columnar cell of tracheobronchial tree,"The gene profile is dominated by cilia structural/assembly genes (DNAH5, DNAH12, CFAP43/144/157, HYDIN, ODAD1) and airway ciliated cell markers (SNTN, TPPP3, CDHR3, CAPS), with the highest pathway score for mature ciliated cells. This strongly indicates a multiciliated epithelial cell lining the conducting airways, best classified as a tracheobronchial multiciliated columnar cell.",0,0,2,0,2,0,2,0,2
5118,GACAGAGCAGATTGCT_F02611,ionocyte,"capillary endothelial cell

Top genes (SPARCL1, CLEC14A, CCL14, SRPX, IL33, CLEC3B, CLDN5, PECAM1) strongly mark lung general capillary endothelium. The pulmonary arterial program score is slightly higher, but direct gene evidence outweighs this, and no specific arterial or venous markers dominate. Thus the stage-1 annotation is correct.",capillary endothelial cell,"Top genes (SPARCL1, CLEC14A, CCL14, SRPX, IL33, CLEC3B, CLDN5, PECAM1) strongly mark lung general capillary endothelium. The pulmonary arterial program score is slightly higher, but direct gene evidence outweighs this, and no specific arterial or venous markers dominate. Thus the stage-1 annotation is correct.",0,0,0,0,0,0,0,0,0
298547,CAAGATCGTCGAAAGC_F02607,ionocyte,"ionocyte
Strong expression of ASCL3, FOXI1, and V-ATPase subunits (ATP6V1G3, ATP6V1B1, ATP6V0C) coupled with CLCNKB and BSND confirms pulmonary ionocyte identity. The top pathway score for V-ATPase-high ionocyte further supports this annotation.",ionocyte,"Strong expression of ASCL3, FOXI1, and V-ATPase subunits (ATP6V1G3, ATP6V1B1, ATP6V0C) coupled with CLCNKB and BSND confirms pulmonary ionocyte identity. The top pathway score for V-ATPase-high ionocyte further supports this annotation.",1,1,4,1,4,1,4,1,4
121997,CACCTTGCACAACTGT_F02524,ionocyte,"capillary endothelial cell

High endothelial markers (VWF, PECAM1, CLDN5, CLEC14A) plus lung capillary-specific genes (FCN3, RAMP2, CALCRL, TMEM100) confirm capillary endothelium. Although arterial/venous pathway scores are elevated, FCN3 and TMEM100 are definitive capillary/aerocyte markers, and no lymphatic or arterial-specific genes dominate.",capillary endothelial cell,"High endothelial markers (VWF, PECAM1, CLDN5, CLEC14A) plus lung capillary-specific genes (FCN3, RAMP2, CALCRL, TMEM100) confirm capillary endothelium. Although arterial/venous pathway scores are elevated, FCN3 and TMEM100 are definitive capillary/aerocyte markers, and no lymphatic or arterial-specific genes dominate.",0,0,0,0,0,0,0,0,0
72837,TTGACTTAGTACGTTC_F02617,ionocyte,"pulmonary neuroendocrine cell
The dominant marker GRP, with CALCA, CHGA, SCG5, and PCSK1N, strongly confirms neuroendocrine identity. Although FOXI1 and ATP6V1 subunits suggest some ionocyte-like expression, the overwhelming GRP signal and highest PNEC pathway score support pulmonary neuroendocrine cell.",pulmonary neuroendocrine cell,"The dominant marker GRP, with CALCA, CHGA, SCG5, and PCSK1N, strongly confirms neuroendocrine identity. Although FOXI1 and ATP6V1 subunits suggest some ionocyte-like expression, the overwhelming GRP signal and highest PNEC pathway score support pulmonary neuroendocrine cell.",0,0,3,0,3,0,3,0,3
219762,CAACTAGTCGAATCCA-SC156,ionocyte,"Pulmonary neuroendocrine cell
The top gene GRP is a canonical PNEC marker, supported by CALCA, CHGA, ASCL1, SCG2, SCG5, and CPE. The PNEC pathway score is highest, and the overall expression profile aligns with a pulmonary neuroendocrine identity despite minor overlapping ionocyte/tuft cell signatures.",Pulmonary neuroendocrine cell,"The top gene GRP is a canonical PNEC marker, supported by CALCA, CHGA, ASCL1, SCG2, SCG5, and CPE. The PNEC pathway score is highest, and the overall expression profile aligns with a pulmonary neuroendocrine identity despite minor overlapping ionocyte/tuft cell signatures.",0,0,3,0,3,0,3,0,3
94123,AACTCTTGTTCCACGG-SC59,lung macrophage,"alveolar macrophage

Expression of CD163, MRC1, APOE, C1QC, MS4A6A, and complement genes strongly supports tissue-resident alveolar macrophage identity. Pathogen-sensing and lipid-processing markers are consistent, and top pathway scores attribute either monocyte-derived or resident alveolar macrophage programs. No dendritic, monocyte, or stromal signature supersedes this assignment.",alveolar macrophage,"Expression of CD163, MRC1, APOE, C1QC, MS4A6A, and complement genes strongly supports tissue-resident alveolar macrophage identity. Pathogen-sensing and lipid-processing markers are consistent, and top pathway scores attribute either monocyte-derived or resident alveolar macrophage programs. No dendritic, monocyte, or stromal signature supersedes this assignment.",0,0,3,0,3,0,3,0,3
226035,AGCGGTCAGTGGGCTA_F02092,lung macrophage,"lung macrophage

The top genes (CD163, MRC1, CD14, LYVE1, STAB1, VCAN) and highest pathway score for “Interstitial Macrophage” indicate a lung interstitial macrophage population rather than resident alveolar macrophages. The lower C1QC/C1QB weighting and presence of inflammatory chemokines (CXCL2/3/8) further support this correction.",lung macrophage,"The top genes (CD163, MRC1, CD14, LYVE1, STAB1, VCAN) and highest pathway score for “Interstitial Macrophage” indicate a lung interstitial macrophage population rather than resident alveolar macrophages. The lower C1QC/C1QB weighting and presence of inflammatory chemokines (CXCL2/3/8) further support this correction.",1,1,4,1,4,1,4,1,4
147236,GTGCACGAGTCCTGCG_SC142,lung macrophage,"alveolar macrophage
The gene expression profile (MRC1, CD163, CD14, LYZ, F13A1, CCL17, IL1B, AREG) and tissue context support a macrophage identity. While monocyte pathway scores are slightly higher, the presence of mature macrophage markers and absence of classical monocyte markers (e.g., S100A8/9) confirm tissue-resident alveolar macrophage status.",alveolar macrophage,"The gene expression profile (MRC1, CD163, CD14, LYZ, F13A1, CCL17, IL1B, AREG) and tissue context support a macrophage identity. While monocyte pathway scores are slightly higher, the presence of mature macrophage markers and absence of classical monocyte markers (e.g., S100A8/9) confirm tissue-resident alveolar macrophage status.",0,0,3,0,3,0,3,0,3
257535,GAACTGTAGGTATAGT_SC142,lung macrophage,"lung macrophage

Expression of LYVE1, F13A1, MRC1, CD163, C1QA/B/C, and VSIG4, plus S100A4/TIMP1, with absence of alveolar-specific genes (PPARG, FABP4, APOE), indicates interstitial rather than alveolar macrophage identity. Highest pathway score is ""Interstitial Macrophage."" Thus, the profile best matches a general lung macrophage, not the stage-1 alveolar label.",lung macrophage,"Expression of LYVE1, F13A1, MRC1, CD163, C1QA/B/C, and VSIG4, plus S100A4/TIMP1, with absence of alveolar-specific genes (PPARG, FABP4, APOE), indicates interstitial rather than alveolar macrophage identity. Highest pathway score is ""Interstitial Macrophage."" Thus, the profile best matches a general lung macrophage, not the stage-1 alveolar label.",1,1,4,1,4,1,4,1,4
79092,GCAGCCAAGTGCGATG_HD66,lung macrophage,"alveolar macrophage

The gene profile strongly matches alveolar macrophage identity: high C1QA/B/C, F13A1, SELENOP, FOLR2, STAB1, MRC1, CD163, and CSF1R. Although the interstitial macrophage pathway score is slightly higher, the canonical marker set and tissue context support alveolar macrophage over other listed subtypes.",alveolar macrophage,"The gene profile strongly matches alveolar macrophage identity: high C1QA/B/C, F13A1, SELENOP, FOLR2, STAB1, MRC1, CD163, and CSF1R. Although the interstitial macrophage pathway score is slightly higher, the canonical marker set and tissue context support alveolar macrophage over other listed subtypes.",0,0,3,0,3,0,3,0,3
77100,GCATGTACATGCGCAC_HD67,lung macrophage,"lung macrophage

The top genes (C1QC/A/B, CD68, CD163, MRC1, CD14, F13A1) and highest pathway score for interstitial macrophage indicate a lung tissue macrophage population. The presence of F13A1 and CD14 argues against a purely alveolar identity, so ""lung macrophage"" is the most accurate available label.",lung macrophage,"The top genes (C1QC/A/B, CD68, CD163, MRC1, CD14, F13A1) and highest pathway score for interstitial macrophage indicate a lung tissue macrophage population. The presence of F13A1 and CD14 argues against a purely alveolar identity, so ""lung macrophage"" is the most accurate available label.",1,1,4,1,4,1,4,1,4
7854,GAGGGTACACGCGGTT_SC144,lung macrophage,"alveolar macrophage
The expression profile strongly supports alveolar macrophage identity: high MRC1, C1QB, LYZ, S100A8, FCER1G, TYROBP with inflammatory mediators (IL1B, CXCL8, CCL3). The top pathway score is monocyte-derived alveolar macrophage, and tissue context is lung parenchyma. This confirms the stage-1 annotation.",alveolar macrophage,"The expression profile strongly supports alveolar macrophage identity: high MRC1, C1QB, LYZ, S100A8, FCER1G, TYROBP with inflammatory mediators (IL1B, CXCL8, CCL3). The top pathway score is monocyte-derived alveolar macrophage, and tissue context is lung parenchyma. This confirms the stage-1 annotation.",0,0,3,0,3,0,3,0,3
303360,AACGTTGCATCGACGC-1-HCATisStab7587208,lung macrophage,"classical monocyte  
The expression profile strongly matches classical monocytes: high CD14, S100A8/A9, S100A12, FCN1, LYZ, CCL3/CCL4, with the highest pathway score for classical monocytes (0.83572). HLA-DR and CD74 presence supports myeloid antigen-presenting identity, but the overall signature is canonical for classical monocytes.",classical monocyte,"The expression profile strongly matches classical monocytes: high CD14, S100A8/A9, S100A12, FCN1, LYZ, CCL3/CCL4, with the highest pathway score for classical monocytes (0.83572). HLA-DR and CD74 presence supports myeloid antigen-presenting identity, but the overall signature is canonical for classical monocytes.",0,0,2,0,2,0,2,0,2
217929,GCCGATGAGCGCTGAA_SC142,lung macrophage,"alveolar macrophage

The profile is dominated by classic alveolar macrophage markers: MRC1, CD163, VSIG4, C1QA/B, CD14, and F13A1, with very high CCL17 expression—a known alveolar macrophage feature. Pathway scores and lung parenchyma context further support this identity over interstitial or monocyte-derived states.",alveolar macrophage,"The profile is dominated by classic alveolar macrophage markers: MRC1, CD163, VSIG4, C1QA/B, CD14, and F13A1, with very high CCL17 expression—a known alveolar macrophage feature. Pathway scores and lung parenchyma context further support this identity over interstitial or monocyte-derived states.",0,0,3,0,3,0,3,0,3
44504,ATGGGAGTCCAAACCA_SC144,lung macrophage,alveolar macrophage,alveolar macrophage,,0,0,3,0,3,0,3,0,3
286193,CCACAAATCTTCCACG_SC142,lung macrophage,"lung macrophage

The gene profile strongly supports the stage-1 annotation: CCL17, MRC1, CD163, F13A1, MS4A6A, and SPP1 are consistent with lung interstitial/tissue macrophages, not alveolar macrophages (which lack these and would express MARCO/APOE/PPARG) nor dendritic cells (no CD1C/CLEC9A). The HLA-DR and inflammatory cytokines reflect an activated tissue macrophage. Thus ""lung macrophage"" is the most accurate available subtype.",lung macrophage,"The gene profile strongly supports the stage-1 annotation: CCL17, MRC1, CD163, F13A1, MS4A6A, and SPP1 are consistent with lung interstitial/tissue macrophages, not alveolar macrophages (which lack these and would express MARCO/APOE/PPARG) nor dendritic cells (no CD1C/CLEC9A). The HLA-DR and inflammatory cytokines reflect an activated tissue macrophage. Thus ""lung macrophage"" is the most accurate available subtype.",1,1,4,1,4,1,4,1,4
9916,TCATTACCAAAGAATC_HD67,lung macrophage,"Alveolar macrophage
The expression profile strongly matches alveolar macrophage identity: high C1QA/B/C, CD68, CD163, VSIG4, CD74, HLA-DR, MS4A6A, TYROBP, and CCL24. These markers are canonical for resident alveolar macrophages, and the pathway score for alveolar resident macrophage is high, despite a slightly higher interstitial macrophage score. The combined gene evidence supports the initial annotation.",Alveolar macrophage,"The expression profile strongly matches alveolar macrophage identity: high C1QA/B/C, CD68, CD163, VSIG4, CD74, HLA-DR, MS4A6A, TYROBP, and CCL24. These markers are canonical for resident alveolar macrophages, and the pathway score for alveolar resident macrophage is high, despite a slightly higher interstitial macrophage score. The combined gene evidence supports the initial annotation.",0,0,3,0,3,0,3,0,3
62185,GAGATGGCAGCTGTAT_SC144,lung macrophage,"Alveolar macrophage

The gene expression (MRC1, CD163, F13A1, OLR1, CCL17, HLA-DRA) and top pathway score for monocyte-derived alveolar macrophages strongly support the stage-1 annotation. No other listed cell type fits this profile better.",Alveolar macrophage,"The gene expression (MRC1, CD163, F13A1, OLR1, CCL17, HLA-DRA) and top pathway score for monocyte-derived alveolar macrophages strongly support the stage-1 annotation. No other listed cell type fits this profile better.",0,0,3,0,3,0,3,0,3
268478,CACACAAAGGCTGGAT_SC142,lung macrophage,"alveolar macrophage

The expression profile (MRC1, CD163, VSIG4, C1QA/B/C, FCER1G, MS4A6A) strongly supports a tissue-resident macrophage identity in lung parenchyma. CCL17, AREG, and high HLA class II are consistent with alveolar macrophages. Pathway scores favor interstitial (0.754) slightly over alveolar resident (0.722), but gene markers and stage-1 annotation align best with alveolar macrophage. The ""lung macrophage"" option is more generic, so the specific subtype is chosen.",alveolar macrophage,"The expression profile (MRC1, CD163, VSIG4, C1QA/B/C, FCER1G, MS4A6A) strongly supports a tissue-resident macrophage identity in lung parenchyma. CCL17, AREG, and high HLA class II are consistent with alveolar macrophages. Pathway scores favor interstitial (0.754) slightly over alveolar resident (0.722), but gene markers and stage-1 annotation align best with alveolar macrophage. The ""lung macrophage"" option is more generic, so the specific subtype is chosen.",0,0,3,0,3,0,3,0,3
303733,CAGGTGCGTTGTGGAG_F01641,lung macrophage,"alveolar macrophage

High expression of C1QA/B/C, CD74, HLA-DRA, TYROBP, LYZ, and CTSB is a canonical resident alveolar macrophage signature. These complement and MHC-II-related genes dominate the top ranking, outweighing the modest CD163/F13A1 signal or the slightly higher interstitial macrophage pathway score. Therefore, the original annotation is confirmed.",alveolar macrophage,"High expression of C1QA/B/C, CD74, HLA-DRA, TYROBP, LYZ, and CTSB is a canonical resident alveolar macrophage signature. These complement and MHC-II-related genes dominate the top ranking, outweighing the modest CD163/F13A1 signal or the slightly higher interstitial macrophage pathway score. Therefore, the original annotation is confirmed.",0,0,3,0,3,0,3,0,3
283411,CACAGTAAGTACTTGC_HD68,lung macrophage,"lung macrophage

The profile shows strong tissue-resident macrophage markers (C1QA/B/C, FOLR2, CD163, MRC1, STAB1, F13A1) with high HLA-DR expression. The top pathway score is interstitial macrophage, not alveolar resident macrophage; alveolar stage-1 label is therefore not the best fit. Since interstitial macrophage is not an available option, the most accurate choice from the list is the broader lung macrophage.",lung macrophage,"The profile shows strong tissue-resident macrophage markers (C1QA/B/C, FOLR2, CD163, MRC1, STAB1, F13A1) with high HLA-DR expression. The top pathway score is interstitial macrophage, not alveolar resident macrophage; alveolar stage-1 label is therefore not the best fit. Since interstitial macrophage is not an available option, the most accurate choice from the list is the broader lung macrophage.",1,1,4,1,4,1,4,1,4
4681,GGATGTTGTTTGTTGG-SC59,lung macrophage,"lung macrophage

The gene profile (C1QA/B/C, CD163, FOLR2, STAB1, SELENOP, F13A1) and highest pathway score for interstitial macrophage indicate a resident macrophage identity, not specifically alveolar macrophage. Though “interstitial macrophage” is not an option, “lung macrophage” best matches the evidence.",lung macrophage,"The gene profile (C1QA/B/C, CD163, FOLR2, STAB1, SELENOP, F13A1) and highest pathway score for interstitial macrophage indicate a resident macrophage identity, not specifically alveolar macrophage. Though “interstitial macrophage” is not an option, “lung macrophage” best matches the evidence.",1,1,4,1,4,1,4,1,4
1994,P3_7_AACCATGCAGTACACT,lung macrophage,"lung macrophage
The profile shows strong interstitial macrophage markers (FOLR2, SELENOP, CCL13, CCL2, CD14, STAB1, MRC1) and lacks alveolar-specific markers like PPARG or MARCO. The interstitial macrophage pathway score also exceeds the alveolar score. Since ""interstitial macrophage"" is not an option, ""lung macrophage"" is the most accurate corrected annotation.",lung macrophage,"The profile shows strong interstitial macrophage markers (FOLR2, SELENOP, CCL13, CCL2, CD14, STAB1, MRC1) and lacks alveolar-specific markers like PPARG or MARCO. The interstitial macrophage pathway score also exceeds the alveolar score. Since ""interstitial macrophage"" is not an option, ""lung macrophage"" is the most accurate corrected annotation.",1,1,4,1,4,1,4,1,4
298084,CGACCTTTCGTTGCCT_F01641,lung macrophage,"lung macrophage

The gene profile and pathway scores indicate interstitial rather than alveolar identity: high LYVE1, FOLR2, STAB1, MS4A6A, and CD163, with interstitial macrophage pathway scoring highest. Classic alveolar markers like MARCO and APOE are not in the top genes, supporting correction to lung macrophage (interstitial-resident).",lung macrophage,"The gene profile and pathway scores indicate interstitial rather than alveolar identity: high LYVE1, FOLR2, STAB1, MS4A6A, and CD163, with interstitial macrophage pathway scoring highest. Classic alveolar markers like MARCO and APOE are not in the top genes, supporting correction to lung macrophage (interstitial-resident).",1,1,4,1,4,1,4,1,4
26735,ATTATCCGTCCTAGCG_F02992,lung macrophage,"alveolar macrophage

The profile shows strong expression of monocyte/macrophage markers (CD14, CD68, LYZ, FCER1G, SPI1) together with tissue-resident alveolar macrophage genes (MRC1, CD163, C1QA/C1QC, HMOX1). Although monocyte pathway scores are high, the presence of MRC1 and complement genes supports alveolar macrophage identity rather than circulating monocytes. The cell-type list includes alveolar macrophage, which best matches the evidence.",alveolar macrophage,"The profile shows strong expression of monocyte/macrophage markers (CD14, CD68, LYZ, FCER1G, SPI1) together with tissue-resident alveolar macrophage genes (MRC1, CD163, C1QA/C1QC, HMOX1). Although monocyte pathway scores are high, the presence of MRC1 and complement genes supports alveolar macrophage identity rather than circulating monocytes. The cell-type list includes alveolar macrophage, which best matches the evidence.",0,0,3,0,3,0,3,0,3
142227,P3_5_TACCTTACAAAGGAAG,lung pericyte,"alveolar type 1 fibroblast cell

The top genes are dominated by fibroblast markers (PDGFRB, DCN, BGN, COL1A2, SPARC, CALD1, MYL9, TPM2, IGFBP7). The presence of some AT1-associated genes (HIGD1B, EGFL6, PTN) does not override the strong mesenchymal signature. Therefore, the cell is not an epithelial pulmonary alveolar type 1 cell but rather a fibroblast subtype associated with the alveolar type 1 niche.",alveolar type 1 fibroblast cell,"The top genes are dominated by fibroblast markers (PDGFRB, DCN, BGN, COL1A2, SPARC, CALD1, MYL9, TPM2, IGFBP7). The presence of some AT1-associated genes (HIGD1B, EGFL6, PTN) does not override the strong mesenchymal signature. Therefore, the cell is not an epithelial pulmonary alveolar type 1 cell but rather a fibroblast subtype associated with the alveolar type 1 niche.",0,0,3,0,3,0,3,0,3
272685,P3_5_CGATCGGTCTAAGCCA,lung pericyte,"lung pericyte
The expression profile is definitive for pericytes: PDGFRB, RGS5, NOTCH3, GJA4, and pericyte-enriched metabolic genes (NDUFA4L2, COX4I2, HIGD1B). Contractile and ECM genes support but do not override this identity. Pathway scores align with pericyte/mural programs.",lung pericyte,"The expression profile is definitive for pericytes: PDGFRB, RGS5, NOTCH3, GJA4, and pericyte-enriched metabolic genes (NDUFA4L2, COX4I2, HIGD1B). Contractile and ECM genes support but do not override this identity. Pathway scores align with pericyte/mural programs.",1,1,4,1,4,1,4,1,4
173308,GTGACGCAGGTCGCCT_SC86,lung pericyte,"smooth muscle cell
The profile shows definitive smooth muscle markers (MYH11, CALD1, CARMN, TAGLN, SYNM) alongside mural markers (PDGFRB, MCAM, NOTCH3). The pericyte pathway score is highest, but the combination of CARMN, MYH11, and CALD1 strongly specifies contractile smooth muscle rather than pericyte. Consistent with stage-1 annotation.",smooth muscle cell,"The profile shows definitive smooth muscle markers (MYH11, CALD1, CARMN, TAGLN, SYNM) alongside mural markers (PDGFRB, MCAM, NOTCH3). The pericyte pathway score is highest, but the combination of CARMN, MYH11, and CALD1 strongly specifies contractile smooth muscle rather than pericyte. Consistent with stage-1 annotation.",0,0,1,0,1,0,1,0,1
34600,AGGTTACTCGTCTAAG_SC86,lung pericyte,"smooth muscle cell

Strong contractile/smooth muscle markers (MYH11, ACTA2, TAGLN, CALD1, TPM2, MYL9, SYNM) and pulmonary smooth muscle-associated genes (KCNK3, NDUFA4L2, COX4I2) confirm smooth muscle identity. PDGFRB/NOTCH3 are also compatible with smooth muscle; RGS5 absence makes pericyte less likely. Although pericyte pathway score is marginally higher, the direct gene evidence favors mature smooth muscle cell.",smooth muscle cell,"Strong contractile/smooth muscle markers (MYH11, ACTA2, TAGLN, CALD1, TPM2, MYL9, SYNM) and pulmonary smooth muscle-associated genes (KCNK3, NDUFA4L2, COX4I2) confirm smooth muscle identity. PDGFRB/NOTCH3 are also compatible with smooth muscle; RGS5 absence makes pericyte less likely. Although pericyte pathway score is marginally higher, the direct gene evidence favors mature smooth muscle cell.",0,0,1,0,1,0,1,0,1
45413,CTAGACAGTCTCAGAT_SC86,lung pericyte,"lung pericyte

The pericyte pathway score is highest, and top markers (PDGFRB, BGN, MCAM, SPARCL1, COL4A2, PTN, IGFBP7, EGFL6) strongly support lung pericyte identity. Although smooth muscle markers (ACTA2, MYL9, TAGLN, CALD1) are present, they are also expressed by pericytes. MYH11 is not among top-ranked TF-IDF genes, weakening the mature smooth muscle designation. Thus, the stage-1 annotation should be corrected to lung pericyte.",lung pericyte,"The pericyte pathway score is highest, and top markers (PDGFRB, BGN, MCAM, SPARCL1, COL4A2, PTN, IGFBP7, EGFL6) strongly support lung pericyte identity. Although smooth muscle markers (ACTA2, MYL9, TAGLN, CALD1) are present, they are also expressed by pericytes. MYH11 is not among top-ranked TF-IDF genes, weakening the mature smooth muscle designation. Thus, the stage-1 annotation should be corrected to lung pericyte.",1,1,4,1,4,1,4,1,4
160266,GCCTCTAAGGAGTCTG_F02524,lung pericyte,"alveolar type 1 fibroblast cell
The gene profile combines classic fibroblast markers (BGN, PDGFRB, TCF21, FOXF1, SPARC, CD248, CALD1) with AT1-associated genes (COX4I2, NDUFA4L2, HIGD1B, EGFL6). Pathway scores are highest for adventitial and alveolar fibroblasts, with AT1 lower. This mixed signature matches the annotated alveolar type 1 fibroblast cell, not a pure epithelial AT1 cell or generic fibroblast.",alveolar type 1 fibroblast cell,"The gene profile combines classic fibroblast markers (BGN, PDGFRB, TCF21, FOXF1, SPARC, CD248, CALD1) with AT1-associated genes (COX4I2, NDUFA4L2, HIGD1B, EGFL6). Pathway scores are highest for adventitial and alveolar fibroblasts, with AT1 lower. This mixed signature matches the annotated alveolar type 1 fibroblast cell, not a pure epithelial AT1 cell or generic fibroblast.",0,0,3,0,3,0,3,0,3
204991,P2_1_ACGATGTAGACCTAGG,lung pericyte,"alveolar type 1 fibroblast cell

Profile matches alveolar type 1 fibroblast identity: high TCF21, DCN, BGN, COL4A1, CRISPLD2, EGFL6, LAMC3, PTN and hypoxia-related genes (NDUFA4L2, COX4I2, HIGD1B). Lacks adventitial marker PI16 and myofibroblast markers ACTA2/TAGLN. Highest pathway score for alveolar fibroblasts; PDGFRB/CALD1 reflect perivascular-associated matrix fibroblasts but do not override core alveolar fibroblast signature.",alveolar type 1 fibroblast cell,"Profile matches alveolar type 1 fibroblast identity: high TCF21, DCN, BGN, COL4A1, CRISPLD2, EGFL6, LAMC3, PTN and hypoxia-related genes (NDUFA4L2, COX4I2, HIGD1B). Lacks adventitial marker PI16 and myofibroblast markers ACTA2/TAGLN. Highest pathway score for alveolar fibroblasts; PDGFRB/CALD1 reflect perivascular-associated matrix fibroblasts but do not override core alveolar fibroblast signature.",0,0,3,0,3,0,3,0,3
176309,TTACAGGTCTAGACCA_SC86,lung pericyte,"lung pericyte

Direct gene evidence strongly supports pericyte identity: PDGFRB, CSPG4, KCNK3, COX4I2, ANKRD62, RGN, and PTH1R are canonical pericyte markers. While smooth-muscle genes (CALD1, MYH11, TPM2, SYNM) appear and the smooth-muscle pathway score is slightly higher, pericyte-specific markers are more definitive, and mature smooth-muscle markers like MYH11 are less enriched. This confirms the stage-1 annotation.",lung pericyte,"Direct gene evidence strongly supports pericyte identity: PDGFRB, CSPG4, KCNK3, COX4I2, ANKRD62, RGN, and PTH1R are canonical pericyte markers. While smooth-muscle genes (CALD1, MYH11, TPM2, SYNM) appear and the smooth-muscle pathway score is slightly higher, pericyte-specific markers are more definitive, and mature smooth-muscle markers like MYH11 are less enriched. This confirms the stage-1 annotation.",1,1,4,1,4,1,4,1,4
11145,P3_5_AGGCCACGTCTAGCGC,lung pericyte,"lung pericyte

The profile strongly matches lung pericytes with high expression of PDGFRB, RGS5, NOTCH3, NDUFA4L2, COX4I2, HIGD1B, and EGFL6. Although fibroblast pathway scores are marginally higher, the pericyte-specific markers, particularly HIGD1B and COX4I2, are more discriminative. ECM genes such as BGN, DCN, and COL4A1 are shared with fibroblasts but the overall combination supports mature lung pericyte identity.",lung pericyte,"The profile strongly matches lung pericytes with high expression of PDGFRB, RGS5, NOTCH3, NDUFA4L2, COX4I2, HIGD1B, and EGFL6. Although fibroblast pathway scores are marginally higher, the pericyte-specific markers, particularly HIGD1B and COX4I2, are more discriminative. ECM genes such as BGN, DCN, and COL4A1 are shared with fibroblasts but the overall combination supports mature lung pericyte identity.",1,1,4,1,4,1,4,1,4
61531,P2_5_GGGAGATAGCGGATCA,lung pericyte,"lung pericyte

The profile strongly matches lung pericytes: high PDGFRB, COX4I2, HIGD1B, NDUFA4L2, GJA4, AGTR1, and KCNK3 are pericyte-specific markers, while contractile genes (CALD1, ACTA2, MYL9, TAGLN) reflect their perivascular smooth-muscle-like function. Despite a high smooth-muscle pathway score, the pericyte-defining markers dominate over fibroblast or smooth-muscle identity, supporting the stage-1 annotation.",lung pericyte,"The profile strongly matches lung pericytes: high PDGFRB, COX4I2, HIGD1B, NDUFA4L2, GJA4, AGTR1, and KCNK3 are pericyte-specific markers, while contractile genes (CALD1, ACTA2, MYL9, TAGLN) reflect their perivascular smooth-muscle-like function. Despite a high smooth-muscle pathway score, the pericyte-defining markers dominate over fibroblast or smooth-muscle identity, supporting the stage-1 annotation.",1,1,4,1,4,1,4,1,4
229505,CTCACACGTCACAAGG_F02611,lung pericyte,"endothelial cell of lymphatic vessel

The top gene, CCL21, is a canonical lymphatic endothelial marker, supported by co-expression of endothelial genes (CLDN5, MMRN1, EGFL7, ECSCR, RAMP2). The highest pathway score is for quiescent lymphatic endothelial cells. The additional extracellular matrix/fibroblast-like genes likely reflect low-level contamination or shared expression, but the endothelial program is clearly dominant.",endothelial cell of lymphatic vessel,"The top gene, CCL21, is a canonical lymphatic endothelial marker, supported by co-expression of endothelial genes (CLDN5, MMRN1, EGFL7, ECSCR, RAMP2). The highest pathway score is for quiescent lymphatic endothelial cells. The additional extracellular matrix/fibroblast-like genes likely reflect low-level contamination or shared expression, but the endothelial program is clearly dominant.",0,0,0,0,0,0,0,0,0
143498,P2_5_CAGAATCTCTTTAGTC,lung pericyte,"lung pericyte
The gene profile strongly supports lung pericytes: PDGFRB, COX4I2, HIGD1B, NDUFA4L2, KCNK3, PTN, and EGFL6 are canonical pericyte markers. Smooth-muscle-like genes (ACTA2, TAGLN, MYL9, LMOD1) are also expressed by pericytes. The high smooth muscle pathway score reflects their contractile phenotype, but the combination of pericyte-specific genes confirms the stage-1 annotation.",lung pericyte,"The gene profile strongly supports lung pericytes: PDGFRB, COX4I2, HIGD1B, NDUFA4L2, KCNK3, PTN, and EGFL6 are canonical pericyte markers. Smooth-muscle-like genes (ACTA2, TAGLN, MYL9, LMOD1) are also expressed by pericytes. The high smooth muscle pathway score reflects their contractile phenotype, but the combination of pericyte-specific genes confirms the stage-1 annotation.",1,1,4,1,4,1,4,1,4
38070,AAGTACCGTTGTCCCT_SC86,lung pericyte,"lung pericyte

The expression profile is dominated by canonical pericyte markers (PDGFRB, MCAM, CSPG4, NOTCH3, NDUFA4L2) along with contractile and basement-membrane genes. Although smooth muscle pathway scores are high, the presence of pericyte-specific markers and absence of mature smooth muscle specificity support the stage-1 annotation.",lung pericyte,"The expression profile is dominated by canonical pericyte markers (PDGFRB, MCAM, CSPG4, NOTCH3, NDUFA4L2) along with contractile and basement-membrane genes. Although smooth muscle pathway scores are high, the presence of pericyte-specific markers and absence of mature smooth muscle specificity support the stage-1 annotation.",1,1,4,1,4,1,4,1,4
228563,GTATTGGTCACTTGTT_SC86,lung pericyte,"lung pericyte

The top pathway score is pericyte, and canonical pericyte markers PDGFRB, CSPG4, and CDH19 are prominently expressed. Basement-membrane genes (LAMB1, LAMA2, COL4A2) and mural-cell genes support this identity. Although smooth muscle markers (CALD1, SYNM) appear, the overall signature and lung parenchyma context best match a pericyte rather than a generic smooth muscle cell.",lung pericyte,"The top pathway score is pericyte, and canonical pericyte markers PDGFRB, CSPG4, and CDH19 are prominently expressed. Basement-membrane genes (LAMB1, LAMA2, COL4A2) and mural-cell genes support this identity. Although smooth muscle markers (CALD1, SYNM) appear, the overall signature and lung parenchyma context best match a pericyte rather than a generic smooth muscle cell.",1,1,4,1,4,1,4,1,4
140240,CAGCAGCTCCGCTGTT-SC156,lung pericyte,myofibroblast cell,myofibroblast cell,,0,0,2,0,2,0,2,0,2
285471,TGCGGCAAGGAAGTAG_SC86,lung pericyte,"smooth muscle cell

The expression of MYH11, SYNM, CALD1, CARMN, TPM2, KCNK3, and ARHGAP42 strongly supports smooth muscle identity. Although PDGFRB, NOTCH3, MCAM, and CSPG4 indicate mural/pericyte overlap, the contractile smooth muscle genes dominate, and vascular smooth muscle pathway score is highest.",smooth muscle cell,"The expression of MYH11, SYNM, CALD1, CARMN, TPM2, KCNK3, and ARHGAP42 strongly supports smooth muscle identity. Although PDGFRB, NOTCH3, MCAM, and CSPG4 indicate mural/pericyte overlap, the contractile smooth muscle genes dominate, and vascular smooth muscle pathway score is highest.",0,0,1,0,1,0,1,0,1
279740,TCCATCGGTCGTATGT_SC86,lung pericyte,"lung pericyte

The top genes (PDGFRB, MCAM, CSPG4, NOTCH3, RGN) are canonical pericyte markers, and co-expression of smooth muscle/ECM genes (ACTA2, CALD1, TAGLN, BGN, DCN) is consistent with pericyte identity. The ""Smooth muscle cell"" pathway score is highest, but direct evidence from pericyte-specific genes outweighs this, and the stage-1 annotation fits the profile. No other listed cell type matches this combination as precisely.",lung pericyte,"The top genes (PDGFRB, MCAM, CSPG4, NOTCH3, RGN) are canonical pericyte markers, and co-expression of smooth muscle/ECM genes (ACTA2, CALD1, TAGLN, BGN, DCN) is consistent with pericyte identity. The ""Smooth muscle cell"" pathway score is highest, but direct evidence from pericyte-specific genes outweighs this, and the stage-1 annotation fits the profile. No other listed cell type matches this combination as precisely.",1,1,4,1,4,1,4,1,4
282064,P2_5_TGCTGCTCAGACGTAG,lung pericyte,"smooth muscle cell

The profile strongly expresses contractile smooth muscle markers (ACTA2, MYH11, TAGLN, CALD1, MYL9, TPM2, LMOD1, CARMN) alongside structural genes like PDGFRB, COL4A1, and SPARC. While pericyte pathway scores are slightly higher, the presence of CARMN and smooth muscle-specific contractile proteins, with absence of classic pericyte markers (e.g., RGS5, CSPG4), confirms smooth muscle identity. In lung parenchyma, this corresponds to vascular smooth muscle, so the generic ""smooth muscle cell"" label is appropriate.",smooth muscle cell,"The profile strongly expresses contractile smooth muscle markers (ACTA2, MYH11, TAGLN, CALD1, MYL9, TPM2, LMOD1, CARMN) alongside structural genes like PDGFRB, COL4A1, and SPARC. While pericyte pathway scores are slightly higher, the presence of CARMN and smooth muscle-specific contractile proteins, with absence of classic pericyte markers (e.g., RGS5, CSPG4), confirms smooth muscle identity. In lung parenchyma, this corresponds to vascular smooth muscle, so the generic ""smooth muscle cell"" label is appropriate.",0,0,1,0,1,0,1,0,1
248574,GCTCTGTTCGTTACGA_F02522,lung pericyte,"alveolar type 1 fibroblast cell
The gene expression profile—TCF21, GJA4, HIGD1B, COX4I2, NDUFA4L2, and SPARCL1—is highly specific for alveolar fibroblasts, with DCN/BGN/SPARC confirming fibroblast identity. The absence of immune, epithelial, or endothelial markers rules out other lineages. Despite slightly higher adventitial pathway score, the strong TCF21/GJA4 signal clearly indicates alveolar fibroblast, supporting the stage-1 annotation.",alveolar type 1 fibroblast cell,"The gene expression profile—TCF21, GJA4, HIGD1B, COX4I2, NDUFA4L2, and SPARCL1—is highly specific for alveolar fibroblasts, with DCN/BGN/SPARC confirming fibroblast identity. The absence of immune, epithelial, or endothelial markers rules out other lineages. Despite slightly higher adventitial pathway score, the strong TCF21/GJA4 signal clearly indicates alveolar fibroblast, supporting the stage-1 annotation.",0,0,3,0,3,0,3,0,3
26150,AGTGCCGCATTGTGCA_SC86,lung pericyte,"lung pericyte
The expression profile is characteristic of lung pericytes, with canonical markers PDGFRB, CSPG4, NOTCH3, MCAM, RGN, and pericyte-enriched mitochondrial genes COX4I2 and HIGD1B. Basement membrane components and smooth muscle/fibroblast-like pathway activity further support a pericyte identity. The stage-1 annotation is confirmed.",lung pericyte,"The expression profile is characteristic of lung pericytes, with canonical markers PDGFRB, CSPG4, NOTCH3, MCAM, RGN, and pericyte-enriched mitochondrial genes COX4I2 and HIGD1B. Basement membrane components and smooth muscle/fibroblast-like pathway activity further support a pericyte identity. The stage-1 annotation is confirmed.",1,1,4,1,4,1,4,1,4
210819,AGTAGTCAGCTACCTA-1-HCATisStab7747200,mast cell,"mast cell
The expression profile is dominated by canonical mast cell markers (TPSAB1/TPSB2, CPA3, MS4A2, FCER1A, KIT, HDC, HPGDS) and highest pathway scores for mast cell programs. These are definitive for mast cell identity in lung parenchyma.",mast cell,"The expression profile is dominated by canonical mast cell markers (TPSAB1/TPSB2, CPA3, MS4A2, FCER1A, KIT, HDC, HPGDS) and highest pathway scores for mast cell programs. These are definitive for mast cell identity in lung parenchyma.",1,1,4,1,4,1,4,1,4
123065,GTTACAGCATGTCTCC-1-HCATisStab7747198,mast cell,"mast cell
The expression profile is dominated by mast cell-specific markers including TPSAB1, TPSB2, CPA3, MS4A2, FCER1A, KIT, HDC, HPGDS, LTC4S, and GATA2. This is consistent with the stage-1 annotation, and no conflicting lineage evidence suggests another cell type.",mast cell,"The expression profile is dominated by mast cell-specific markers including TPSAB1, TPSB2, CPA3, MS4A2, FCER1A, KIT, HDC, HPGDS, LTC4S, and GATA2. This is consistent with the stage-1 annotation, and no conflicting lineage evidence suggests another cell type.",1,1,4,1,4,1,4,1,4
196560,P2_7_CGAATGTTCACGAAGG,mast cell,"mast cell
Top markers (TPSAB1, TPSB2, CPA3, MS4A2, KIT, FCER1A, HPGDS) are canonical mast cell genes, and mast cell pathway scores are highest. No conflicting evidence indicates another lineage.",mast cell,"Top markers (TPSAB1, TPSB2, CPA3, MS4A2, KIT, FCER1A, HPGDS) are canonical mast cell genes, and mast cell pathway scores are highest. No conflicting evidence indicates another lineage.",1,1,4,1,4,1,4,1,4
83218,P2_5_CAGGTGCAGGTGCAAC,mast cell,"mast cell

Top markers TPSB2, TPSAB1, CPA3, MS4A2, KIT, and HDC are definitive mast cell genes, and pathway scoring shows strongest enrichment for mast cell programs (MCT and MCTC). Stage-1 annotation is therefore confirmed.",mast cell,"Top markers TPSB2, TPSAB1, CPA3, MS4A2, KIT, and HDC are definitive mast cell genes, and pathway scoring shows strongest enrichment for mast cell programs (MCT and MCTC). Stage-1 annotation is therefore confirmed.",1,1,4,1,4,1,4,1,4
326362,P1_3_CATCCACGTTTCCACC,mast cell,"mast cell
The expression profile is dominated by canonical mast cell markers (TPSAB1, TPSB2, CPA3, MS4A2, FCER1A, KIT, HDC) and top pathway scores match mast cell subtypes, confirming the stage-1 annotation.",mast cell,"The expression profile is dominated by canonical mast cell markers (TPSAB1, TPSB2, CPA3, MS4A2, FCER1A, KIT, HDC) and top pathway scores match mast cell subtypes, confirming the stage-1 annotation.",1,1,4,1,4,1,4,1,4
294480,CTTACCGAGAGTCTGG-1-HCATisStab7659969,mast cell,"mast cell
The expression profile is dominated by canonical mast cell markers (TPSAB1, TPSB2, CPA3, CMA1, MS4A2, KIT, HPGDS) and the highest pathway scores are for mast cell subtypes. No evidence contradicts the stage-1 annotation, so mast cell is confirmed.",mast cell,"The expression profile is dominated by canonical mast cell markers (TPSAB1, TPSB2, CPA3, CMA1, MS4A2, KIT, HPGDS) and the highest pathway scores are for mast cell subtypes. No evidence contradicts the stage-1 annotation, so mast cell is confirmed.",1,1,4,1,4,1,4,1,4
151674,AGTGTCACATGCCTAA-1-HCATisStab7747197,mast cell,"mast cell
The expression profile is definitive for mast cells: high TPSAB1, TPSB2, CPA3, HDC, KIT, MS4A2, FCER1A, HPGDS, and LTC4S, with top pathway scores for MCT and MCTC subtypes. No conflicting lineage markers are present, confirming the stage-1 annotation.",mast cell,"The expression profile is definitive for mast cells: high TPSAB1, TPSB2, CPA3, HDC, KIT, MS4A2, FCER1A, HPGDS, and LTC4S, with top pathway scores for MCT and MCTC subtypes. No conflicting lineage markers are present, confirming the stage-1 annotation.",1,1,4,1,4,1,4,1,4
255331,P3_7_TTGCGTCCACAACTGT,mast cell,"mast cell
The expression profile is dominated by canonical mast cell markers: TPSAB1/TPSB2 (tryptases), CPA3, MS4A2/FCER1A (IgE receptor), HDC, HPGDS, and KIT. Pathway scores strongly favor mast cell programs, and the absence of basophil-specific markers confirms this identity. The stage-1 annotation is correct.",mast cell,"The expression profile is dominated by canonical mast cell markers: TPSAB1/TPSB2 (tryptases), CPA3, MS4A2/FCER1A (IgE receptor), HDC, HPGDS, and KIT. Pathway scores strongly favor mast cell programs, and the absence of basophil-specific markers confirms this identity. The stage-1 annotation is correct.",1,1,4,1,4,1,4,1,4
136538,ATGCGATTCACGAAGG-1-HCATisStab7747197,mast cell,"mast cell

The expression profile is definitive: mast cell–specific proteases (TPSAB1, TPSB2, CPA3), surface receptors (KIT, MS4A2, FCER1A), and mediators (HDC, IL13, IL5, HPGDS) are all highly enriched. Pathway scores strongly favor mast cell programs (MCT and MCTC). The stage-1 annotation is confirmed.",mast cell,"The expression profile is definitive: mast cell–specific proteases (TPSAB1, TPSB2, CPA3), surface receptors (KIT, MS4A2, FCER1A), and mediators (HDC, IL13, IL5, HPGDS) are all highly enriched. Pathway scores strongly favor mast cell programs (MCT and MCTC). The stage-1 annotation is confirmed.",1,1,4,1,4,1,4,1,4
151797,TGAGCCGCAAAGTCAA-1-HCATisStab7747198,mast cell,"mast cell
The top markers (TPSAB1, TPSB2, CPA3, KIT, MS4A2, FCER1A) and high mast-cell pathway scores confirm this identity. The slight MCT/MCTC overlap and minor stress-response genes do not contradict the canonical mast cell signature.",mast cell,"The top markers (TPSAB1, TPSB2, CPA3, KIT, MS4A2, FCER1A) and high mast-cell pathway scores confirm this identity. The slight MCT/MCTC overlap and minor stress-response genes do not contradict the canonical mast cell signature.",1,1,4,1,4,1,4,1,4
148408,GGGATGAAGGCCCTCA_F01403,mast cell,"mast cell

The top markers (TPSAB1, TPSB2, CPA3, MS4A2, KIT, HPGDS, LTC4S) and highest pathway scores for MCT/MCTC mast cells confirm the stage-1 annotation. The expression profile is classic for lung mast cells, with tryptase and FcεRI components highly enriched.",mast cell,"The top markers (TPSAB1, TPSB2, CPA3, MS4A2, KIT, HPGDS, LTC4S) and highest pathway scores for MCT/MCTC mast cells confirm the stage-1 annotation. The expression profile is classic for lung mast cells, with tryptase and FcεRI components highly enriched.",1,1,4,1,4,1,4,1,4
181681,P3_6_TTTGGTTTCTGGCGAC,mast cell,"mast cell
TPSB2, TPSAB1, CPA3, MS4A2, FCER1A, KIT, HDC, and HPGDS are canonical mast cell markers. Pathway scores strongly favor mast cells, with both MCT and MCTC subtypes active. The expression profile clearly confirms mast cell identity.",mast cell,"TPSB2, TPSAB1, CPA3, MS4A2, FCER1A, KIT, HDC, and HPGDS are canonical mast cell markers. Pathway scores strongly favor mast cells, with both MCT and MCTC subtypes active. The expression profile clearly confirms mast cell identity.",1,1,4,1,4,1,4,1,4
260159,AGCGGTCGTCGCCATG_F01367,mast cell,"mast cell

The expression profile is dominated by canonical mast cell markers including TPSAB1, TPSB2, TPSD1, CPA3, MS4A2, KIT, and SIGLEC6, with high pathway scores for both MCT and MCTC mast cell subtypes. Basophil scores are lower and lack the same mast cell-specific protease dominance. This confirms the stage-1 annotation.",mast cell,"The expression profile is dominated by canonical mast cell markers including TPSAB1, TPSB2, TPSD1, CPA3, MS4A2, KIT, and SIGLEC6, with high pathway scores for both MCT and MCTC mast cell subtypes. Basophil scores are lower and lack the same mast cell-specific protease dominance. This confirms the stage-1 annotation.",1,1,4,1,4,1,4,1,4
62576,P1_2_CAAGATCGTTTAGCTG,mast cell,"mast cell

The gene expression profile is definitive: TPSAB1, TPSB2, MS4A2, CPA3, HDC, FCER1A, and KIT are canonical mast cell markers. Pathway scores strongly favor mast cell programs (MCT/MCTC), and the tissue context is consistent. No other cell type in the list matches this marker combination.",mast cell,"The gene expression profile is definitive: TPSAB1, TPSB2, MS4A2, CPA3, HDC, FCER1A, and KIT are canonical mast cell markers. Pathway scores strongly favor mast cell programs (MCT/MCTC), and the tissue context is consistent. No other cell type in the list matches this marker combination.",1,1,4,1,4,1,4,1,4
31343,CAGCTGGCAGTGACAG_SC07,mast cell,"mast cell
Top genes (TPSB2, TPSAB1, CPA3, MS4A2, KIT, FCER1A, TPSD1, SLC18A2, LTC4S, SRGN) are canonical mast cell markers. Pathway scores for MCT and MCTC subtypes are highest, confirming mast cell identity despite minor baseline/basophil overlap.",mast cell,"Top genes (TPSB2, TPSAB1, CPA3, MS4A2, KIT, FCER1A, TPSD1, SLC18A2, LTC4S, SRGN) are canonical mast cell markers. Pathway scores for MCT and MCTC subtypes are highest, confirming mast cell identity despite minor baseline/basophil overlap.",1,1,4,1,4,1,4,1,4
191006,P2_5_AATCCAGGTAGGGTAC,mast cell,"mast cell
The expression profile strongly matches canonical mast cell markers (TPSB2/TPSAB1, CPA3, MS4A2, KIT, FCER1A, HDC, LTC4S, HPGDS) and mast cell pathway scores are highest. No conflicting evidence suggests a different cell type.",mast cell,"The expression profile strongly matches canonical mast cell markers (TPSB2/TPSAB1, CPA3, MS4A2, KIT, FCER1A, HDC, LTC4S, HPGDS) and mast cell pathway scores are highest. No conflicting evidence suggests a different cell type.",1,1,4,1,4,1,4,1,4
124568,TGATTTCAGCCCTAAT-1-HCATisStab7747200,mast cell,"mast cell
The gene expression profile is definitive: TPSAB1, TPSB2, CPA3, KIT, HDC, and MS4A2 are canonical mast cell markers. Pathway scoring also most strongly supports mast cell identity (both MCT and MCTC subtypes) over basophils or eosinophils. No conflicting lineage markers are present.",mast cell,"The gene expression profile is definitive: TPSAB1, TPSB2, CPA3, KIT, HDC, and MS4A2 are canonical mast cell markers. Pathway scoring also most strongly supports mast cell identity (both MCT and MCTC subtypes) over basophils or eosinophils. No conflicting lineage markers are present.",1,1,4,1,4,1,4,1,4
292013,CAGTCCTTCTCCCTGA-1-HCATisStab7747199,mast cell,"mast cell

The expression profile is definitive: TPSAB1/TPSB2 (tryptases), CPA3, MS4A2 (FcεRI beta), HDC, and KIT are canonical mast cell markers. Pathway scores strongly favor mast cell programs over basophils or other immune cells. Lung parenchyma is a known site for resident mast cells.",mast cell,"The expression profile is definitive: TPSAB1/TPSB2 (tryptases), CPA3, MS4A2 (FcεRI beta), HDC, and KIT are canonical mast cell markers. Pathway scores strongly favor mast cell programs over basophils or other immune cells. Lung parenchyma is a known site for resident mast cells.",1,1,4,1,4,1,4,1,4
58635,AGTGGGATCTTGCATT-1-HCATisStab7747198,mast cell,"mast cell
The expression profile is definitive for mast cells, with canonical markers TPSAB1, TPSB2, CPA3, HDC, MS4A2, KIT, and FCER1A. Pathway scores for both MCT and MCTC subtypes are highest, confirming the stage-1 annotation.",mast cell,"The expression profile is definitive for mast cells, with canonical markers TPSAB1, TPSB2, CPA3, HDC, MS4A2, KIT, and FCER1A. Pathway scores for both MCT and MCTC subtypes are highest, confirming the stage-1 annotation.",1,1,4,1,4,1,4,1,4
235944,GTTCGGGAGCCGGTAA-SC156,mast cell,"mast cell
The expression profile is definitive for mast cell identity, with canonical markers TPSAB1/TPSB2, CPA3, HPGDS, FCER1A/MS4A2, KIT, and HDC. Pathway scores rank mast cell programs highest. No feature conflicts with the Stage-1 annotation.",mast cell,"The expression profile is definitive for mast cell identity, with canonical markers TPSAB1/TPSB2, CPA3, HPGDS, FCER1A/MS4A2, KIT, and HDC. Pathway scores rank mast cell programs highest. No feature conflicts with the Stage-1 annotation.",1,1,4,1,4,1,4,1,4
59199,P1_4_GATCGCGAGTTCGCGC,mesothelial cell,"alveolar macrophage
The gene profile strongly supports alveolar macrophage identity: MARCO, FABP4, C1QA/B/C, and CCL18 are canonical alveolar macrophage markers. High HLA-DR and CD74 expression reflect antigen-presenting capacity. Although interstitial macrophage pathway score is marginally higher, direct gene evidence and lung parenchyma context favor alveolar resident macrophages over other subtypes.",alveolar macrophage,"The gene profile strongly supports alveolar macrophage identity: MARCO, FABP4, C1QA/B/C, and CCL18 are canonical alveolar macrophage markers. High HLA-DR and CD74 expression reflect antigen-presenting capacity. Although interstitial macrophage pathway score is marginally higher, direct gene evidence and lung parenchyma context favor alveolar resident macrophages over other subtypes.",0,0,0,0,0,0,0,0,0
38438,CGTCTACCAAGGCTCC_F02617,mesothelial cell,"mesothelial cell

Expression of canonical mesothelial markers (MSLN, UPK3B, PRG4, CALB2) along with mesothelial-associated HP, PLA2G2A, ITLN1, and complement genes strongly supports mesothelial identity. The highest pathway score is for canonical mesothelial cells, and ECM/fibroblast-like genes likely reflect mesothelial plasticity rather than true fibroblast origin.",mesothelial cell,"Expression of canonical mesothelial markers (MSLN, UPK3B, PRG4, CALB2) along with mesothelial-associated HP, PLA2G2A, ITLN1, and complement genes strongly supports mesothelial identity. The highest pathway score is for canonical mesothelial cells, and ECM/fibroblast-like genes likely reflect mesothelial plasticity rather than true fibroblast origin.",1,1,4,1,4,1,4,1,4
154931,CTCTGGTGTGTAAGTA_F02617,mesothelial cell,"mesothelial cell

The expression profile is strongly consistent with mesothelial cells: canonical mesothelial markers (PRG4, CALB2, UPK3B, ITLN1, HP, complement genes) are highly enriched, and the mesothelial pathway score is highest. Although some stromal/fibroblast genes appear, this likely reflects mesothelial plasticity/EMT rather than a distinct fibroblast identity.",mesothelial cell,"The expression profile is strongly consistent with mesothelial cells: canonical mesothelial markers (PRG4, CALB2, UPK3B, ITLN1, HP, complement genes) are highly enriched, and the mesothelial pathway score is highest. Although some stromal/fibroblast genes appear, this likely reflects mesothelial plasticity/EMT rather than a distinct fibroblast identity.",1,1,4,1,4,1,4,1,4
303732,TTAGGCAGTACTCTCC_F02617,mesothelial cell,"mesothelial cell

The top markers (HP, ITLN1, PLA2G2A, RARRES1, MSLN, CALB2, PRG4, TFPI2) and high canonical mesothelial pathway score strongly confirm mesothelial identity. The additional keratins, MGP, and CLU are consistent with pleural mesothelial cells in lung parenchyma, so the stage-1 annotation is correct.",mesothelial cell,"The top markers (HP, ITLN1, PLA2G2A, RARRES1, MSLN, CALB2, PRG4, TFPI2) and high canonical mesothelial pathway score strongly confirm mesothelial identity. The additional keratins, MGP, and CLU are consistent with pleural mesothelial cells in lung parenchyma, so the stage-1 annotation is correct.",1,1,4,1,4,1,4,1,4
58764,P1_2_TTTGGTTGTGAGGGTT,mesothelial cell,"mesothelial cell

The gene expression profile is highly consistent with mesothelial cells, featuring canonical markers CALB2, PRG4, ITLN1, UPK3B, UPK1B, ADIRF, and NNMT, alongside complement components (C3, C1S, C1R) and keratins. Pathway scoring also ranks canonical mesothelial program highest, confirming the stage-1 annotation.",mesothelial cell,"The gene expression profile is highly consistent with mesothelial cells, featuring canonical markers CALB2, PRG4, ITLN1, UPK3B, UPK1B, ADIRF, and NNMT, alongside complement components (C3, C1S, C1R) and keratins. Pathway scoring also ranks canonical mesothelial program highest, confirming the stage-1 annotation.",1,1,4,1,4,1,4,1,4
210242,TCGTAGACACATCCAA_F02617,mesothelial cell,"mesothelial cell
The expression profile is strongly consistent with mesothelial cells: PRG4, UPK3B, and RARRES1 are top specific markers, with additional support from ADH1B, ITLN1, CLU, and HP. The canonical mesothelial pathway score is the highest, exceeding fibroblast and alveolar type 1 programs. This confirms the original annotation.",mesothelial cell,"The expression profile is strongly consistent with mesothelial cells: PRG4, UPK3B, and RARRES1 are top specific markers, with additional support from ADH1B, ITLN1, CLU, and HP. The canonical mesothelial pathway score is the highest, exceeding fibroblast and alveolar type 1 programs. This confirms the original annotation.",1,1,4,1,4,1,4,1,4
98523,P1_4_CATGACATCGCATGGC,mesothelial cell,"mesothelial cell

The expression profile strongly matches lung surface mesothelial cells: canonical markers WT1, CALB2, ITLN1, PRG4, and PLA2G2A are present, with KRT8/18, complement components (C3, C1S, C1R), and matrix genes. The mesothelial pathway score is highest, confirming the stage-1 annotation.",mesothelial cell,"The expression profile strongly matches lung surface mesothelial cells: canonical markers WT1, CALB2, ITLN1, PRG4, and PLA2G2A are present, with KRT8/18, complement components (C3, C1S, C1R), and matrix genes. The mesothelial pathway score is highest, confirming the stage-1 annotation.",1,1,4,1,4,1,4,1,4
160778,P1_4_CGATGGCAGATGCCTT,mesothelial cell,"mesothelial cell

The profile strongly matches mesothelial identity: ITLN1, CALB2, PRG4, and PLA2G2A are canonical markers. High expression of CLU, PTGDS, and complement components (C3, C1S, C1R) further support this, while collagen expression also reflects the mesothelial mixed epithelial-mesenchymal phenotype. The top pathway score is canonical mesothelial, confirming the annotation despite elevated fibroblast-like genes.",mesothelial cell,"The profile strongly matches mesothelial identity: ITLN1, CALB2, PRG4, and PLA2G2A are canonical markers. High expression of CLU, PTGDS, and complement components (C3, C1S, C1R) further support this, while collagen expression also reflects the mesothelial mixed epithelial-mesenchymal phenotype. The top pathway score is canonical mesothelial, confirming the annotation despite elevated fibroblast-like genes.",1,1,4,1,4,1,4,1,4
214960,AAAGATGCATGTAGTC_F01366,mesothelial cell,"mesothelial cell
The expression profile strongly matches mesothelial cells, with canonical markers PRG4, CALB2, UPK3B, and ITLN1. Complement genes and acute-phase/ECM transcripts are typical of pleural mesothelium, and the mesothelial pathway score is highest.",mesothelial cell,"The expression profile strongly matches mesothelial cells, with canonical markers PRG4, CALB2, UPK3B, and ITLN1. Complement genes and acute-phase/ECM transcripts are typical of pleural mesothelium, and the mesothelial pathway score is highest.",1,1,4,1,4,1,4,1,4
331387,CTACGTCTCGATAGAA_F01365,mesothelial cell,"mesothelial cell
Top markers (PRG4, CALB2, C3, CFB, C1S, SERPING1, ITLN1) and the highest pathway score for canonical mesothelial cells confirm the stage-1 annotation. Overlap with fibroblast/AT1 scores is minor and does not outweigh the specific mesothelial signature.",mesothelial cell,"Top markers (PRG4, CALB2, C3, CFB, C1S, SERPING1, ITLN1) and the highest pathway score for canonical mesothelial cells confirm the stage-1 annotation. Overlap with fibroblast/AT1 scores is minor and does not outweigh the specific mesothelial signature.",1,1,4,1,4,1,4,1,4
144956,CCACGGAAGCGAAGGG_F02617,mesothelial cell,"mesothelial cell
The stage-1 annotation is confirmed by strong expression of canonical mesothelial markers (ITLN1, CALB2, UPK3B, WFDC2, PRG4) and the highest pathway score for mesothelial cells. Other markers like HP, PLA2G2A, and complement components are consistent with mesothelial identity in lung parenchyma. No evidence points to a different cell type.",mesothelial cell,"The stage-1 annotation is confirmed by strong expression of canonical mesothelial markers (ITLN1, CALB2, UPK3B, WFDC2, PRG4) and the highest pathway score for mesothelial cells. Other markers like HP, PLA2G2A, and complement components are consistent with mesothelial identity in lung parenchyma. No evidence points to a different cell type.",1,1,4,1,4,1,4,1,4
50145,TCACAAGGTGATAAAC-1-HCATisStab7659970,mesothelial cell,"Mesothelial cell
The expression profile strongly matches mesothelial cells, with canonical markers (MSLN, CALB2, UPK3B, ITLN1, PRG4, PTGIS) and top pathway score for mesothelial cells. Despite some overlap with fibroblast/EMT programs, the direct gene evidence confirms the stage-1 annotation.",Mesothelial cell,"The expression profile strongly matches mesothelial cells, with canonical markers (MSLN, CALB2, UPK3B, ITLN1, PRG4, PTGIS) and top pathway score for mesothelial cells. Despite some overlap with fibroblast/EMT programs, the direct gene evidence confirms the stage-1 annotation.",1,1,4,1,4,1,4,1,4
282993,P1_4_CATATGGAGTACACCT,mesothelial cell,"mesothelial cell

The gene expression profile is highly consistent with mesothelial cells: CALB2, PRG4, KRT8/18, CLU, RARRES2, PLA2G2A, ITLN1, and complement genes are all canonical mesothelial markers. Although the profile also shows fibroblast/ECM genes (COL1A1, COL3A1, SPARC) and EMT-related activity, canonical mesothelial pathway score is highest, supporting the stage-1 annotation.",mesothelial cell,"The gene expression profile is highly consistent with mesothelial cells: CALB2, PRG4, KRT8/18, CLU, RARRES2, PLA2G2A, ITLN1, and complement genes are all canonical mesothelial markers. Although the profile also shows fibroblast/ECM genes (COL1A1, COL3A1, SPARC) and EMT-related activity, canonical mesothelial pathway score is highest, supporting the stage-1 annotation.",1,1,4,1,4,1,4,1,4
254863,CTCGGAGTCCACGTGG_F02617,mesothelial cell,"pulmonary alveolar type 2 cell
The expression profile is dominated by surfactant genes SFTPB/SFTPC, NAPSA, and other AT2 markers. High AT2 mature/proliferative pathway scores support this identity, confirming the stage-1 annotation.",pulmonary alveolar type 2 cell,"The expression profile is dominated by surfactant genes SFTPB/SFTPC, NAPSA, and other AT2 markers. High AT2 mature/proliferative pathway scores support this identity, confirming the stage-1 annotation.",0,0,0,0,0,0,0,0,0
64644,7239217_GTCGTAACATGCAATC,mesothelial cell,"mesothelial cell
The top TF-IDF genes (PLA2G2A, ITLN1, PRG4, CALB2, KRT8/18/19, C3, CFB) and canonical mesothelial pathway score are highly consistent with mesothelial identity. The profile does not match alveolar epithelial, immune, or fibroblast subtypes.",mesothelial cell,"The top TF-IDF genes (PLA2G2A, ITLN1, PRG4, CALB2, KRT8/18/19, C3, CFB) and canonical mesothelial pathway score are highly consistent with mesothelial identity. The profile does not match alveolar epithelial, immune, or fibroblast subtypes.",1,1,4,1,4,1,4,1,4
102620,GGGTCTGTCTCCAACC_F02617,mesothelial cell,"mesothelial cell
The top specific genes (HP, CALB2, UPK3B, KRT19, WFDC2, PRG4, C3, CFB, SLPI) strongly indicate mesothelial identity rather than alveolar macrophage. Macrophage pathway scores are low and not decisive. Thus the stage-1 annotation is incorrect; this profile matches lung mesothelial cells.",mesothelial cell,"The top specific genes (HP, CALB2, UPK3B, KRT19, WFDC2, PRG4, C3, CFB, SLPI) strongly indicate mesothelial identity rather than alveolar macrophage. Macrophage pathway scores are low and not decisive. Thus the stage-1 annotation is incorrect; this profile matches lung mesothelial cells.",1,1,4,1,4,1,4,1,4
206814,ACCGTAACAATTGCTG_F02617,mesothelial cell,"mesothelial cell
The profile shows canonical mesothelial markers (MSLN, CALB2, UPK3B, ITLN1, PRG4, PDPN, KRT18/KRT19) and the top pathway score is for mesothelial cells. Despite minor overlap with fibroblast/EMT programs, the co-expression of complement components (C3, C1S, CFB) and SERPING1 strongly supports pleural mesothelial identity.",mesothelial cell,"The profile shows canonical mesothelial markers (MSLN, CALB2, UPK3B, ITLN1, PRG4, PDPN, KRT18/KRT19) and the top pathway score is for mesothelial cells. Despite minor overlap with fibroblast/EMT programs, the co-expression of complement components (C3, C1S, CFB) and SERPING1 strongly supports pleural mesothelial identity.",1,1,4,1,4,1,4,1,4
154547,7239217_GGCTCGATCCCTAATT,mesothelial cell,"mesothelial cell
The expression profile—including ITLN1, PRG4, CALB2, complement components (C3, C1R, C1S, CFB), and keratins (KRT8/18/19)—is highly characteristic of mesothelial cells. The canonical mesothelial pathway score is the strongest, confirming the stage-1 annotation.",mesothelial cell,"The expression profile—including ITLN1, PRG4, CALB2, complement components (C3, C1R, C1S, CFB), and keratins (KRT8/18/19)—is highly characteristic of mesothelial cells. The canonical mesothelial pathway score is the strongest, confirming the stage-1 annotation.",1,1,4,1,4,1,4,1,4
307309,TTTATGCAGACTGGGT_F02617,mesothelial cell,"mesothelial cell

The top markers (HP, CALB2, UPK3B, PRG4, ITLN1) and highest pathway score for canonical mesothelial cells strongly confirm the stage-1 annotation. While some genes overlap with fibroblasts or epithelial cells, the selective mesothelial signature and lung parenchyma context support this identity.",mesothelial cell,"The top markers (HP, CALB2, UPK3B, PRG4, ITLN1) and highest pathway score for canonical mesothelial cells strongly confirm the stage-1 annotation. While some genes overlap with fibroblasts or epithelial cells, the selective mesothelial signature and lung parenchyma context support this identity.",1,1,4,1,4,1,4,1,4
319450,CTTAACTAGAGTAAGG_F02617,mesothelial cell,"mesothelial cell
The expression profile is dominated by canonical mesothelial markers (HP, ITLN1, PLA2G2A, RARRES1, ADH1B, MSLN, CALB2, UPK3B), and the top pathway score is for mesothelial cells. The stage-1 annotation is consistent with this evidence, so it is confirmed.",mesothelial cell,"The expression profile is dominated by canonical mesothelial markers (HP, ITLN1, PLA2G2A, RARRES1, ADH1B, MSLN, CALB2, UPK3B), and the top pathway score is for mesothelial cells. The stage-1 annotation is consistent with this evidence, so it is confirmed.",1,1,4,1,4,1,4,1,4
177544,CCTTCGATCTGCTGTC_F02617,mucus secreting cell,"club cell

The profile is dominated by canonical club cell markers (SCGB1A1, SCGB3A1, SLPI, BPIFB1, CYP2F1) with highest pathway score for club cell (transitional/KRT8+). Goblet-related genes (MUC5AC, TFF3) are present but lower-ranked, insufficient to override the strong secretoglobin-based identity.",club cell,"The profile is dominated by canonical club cell markers (SCGB1A1, SCGB3A1, SLPI, BPIFB1, CYP2F1) with highest pathway score for club cell (transitional/KRT8+). Goblet-related genes (MUC5AC, TFF3) are present but lower-ranked, insufficient to override the strong secretoglobin-based identity.",0,0,1,0,1,0,1,0,1
62344,TGGGCGTCACGAAGCA_HD66,multiciliated columnar cell of tracheobronchial tree,"multiciliated columnar cell of tracheobronchial tree

The profile is dominated by cilia genes (FOXJ1, DNAH5, RSPH1, CFAPs, DYNLRB2, TMEM190, SNTN) and mature ciliated pathway scores, indicating a multiciliated airway epithelial cell. The more specific tracheobronchial columnar subtype better reflects the expression evidence than the broader stage-1 label.",multiciliated columnar cell of tracheobronchial tree,"The profile is dominated by cilia genes (FOXJ1, DNAH5, RSPH1, CFAPs, DYNLRB2, TMEM190, SNTN) and mature ciliated pathway scores, indicating a multiciliated airway epithelial cell. The more specific tracheobronchial columnar subtype better reflects the expression evidence than the broader stage-1 label.",1,1,4,1,4,1,4,1,4
320262,P3_6_AGGTCATCAATCGAAA,multiciliated columnar cell of tracheobronchial tree,"multiciliated columnar cell of tracheobronchial tree
Top genes are overwhelmingly cilia-related (CFAPs, DNAH5/12, RSPH1, DNAAF1, TPPP3, CIMIP1, SPMIP6) and the highest pathway score is proximal multiciliated columnar cell. CD24 and SLPI further support airway multiciliated columnar identity, confirming the stage-1 annotation.",multiciliated columnar cell of tracheobronchial tree,"Top genes are overwhelmingly cilia-related (CFAPs, DNAH5/12, RSPH1, DNAAF1, TPPP3, CIMIP1, SPMIP6) and the highest pathway score is proximal multiciliated columnar cell. CD24 and SLPI further support airway multiciliated columnar identity, confirming the stage-1 annotation.",1,1,4,1,4,1,4,1,4
233981,GATCGCGTCAGCATGT_F02617,multiciliated columnar cell of tracheobronchial tree,"multiciliated epithelial cell

Top genes are overwhelmingly cilia-associated (RSPH1, CFAP144, DYNLRB2, SNTN, ZMYND10-related), and the mature ciliated cell pathway score is highest. Lung parenchyma context fits a bronchiolar multiciliated epithelial cell, not a tracheobronchial subtype. The generic multiciliated epithelial cell label is most appropriate.",multiciliated epithelial cell,"Top genes are overwhelmingly cilia-associated (RSPH1, CFAP144, DYNLRB2, SNTN, ZMYND10-related), and the mature ciliated cell pathway score is highest. Lung parenchyma context fits a bronchiolar multiciliated epithelial cell, not a tracheobronchial subtype. The generic multiciliated epithelial cell label is most appropriate.",0,0,3,0,3,0,3,0,3
216974,TGGGATTCAGACTGCC_SC144,multiciliated columnar cell of tracheobronchial tree,"club cell

The dominant expression of SCGB1A1, SCGB3A1, BPIFB1, TFF3, and SLPI strongly confirms club cell identity. While ciliary and goblet pathway scores are relatively elevated, the corresponding gene weights are far lower, suggesting transitional features rather than a distinct cell type. Thus the stage-1 annotation is correct.",club cell,"The dominant expression of SCGB1A1, SCGB3A1, BPIFB1, TFF3, and SLPI strongly confirms club cell identity. While ciliary and goblet pathway scores are relatively elevated, the corresponding gene weights are far lower, suggesting transitional features rather than a distinct cell type. Thus the stage-1 annotation is correct.",0,0,2,0,2,0,2,0,2
182009,ACGTCCTAGAGTTGAT_SC141,multiciliated columnar cell of tracheobronchial tree,"club cell

The dominant expression of SCGB1A1, SCGB3A2, and SCGB3A1 is definitive for club (Clara) cells. Although cilia-related genes and a ciliated pathway score are present, likely reflecting ongoing differentiation or shared airway programs, the top TF-IDF markers overwhelmingly support a secretory club cell identity over a mature multiciliated cell.",club cell,"The dominant expression of SCGB1A1, SCGB3A2, and SCGB3A1 is definitive for club (Clara) cells. Although cilia-related genes and a ciliated pathway score are present, likely reflecting ongoing differentiation or shared airway programs, the top TF-IDF markers overwhelmingly support a secretory club cell identity over a mature multiciliated cell.",0,0,2,0,2,0,2,0,2
205205,CTCCTAGAGTGCCAGA_SC18,multiciliated columnar cell of tracheobronchial tree,"multiciliated epithelial cell

The top genes are overwhelmingly cilia-associated (e.g., CFAP144, DNAH5, RSPH1, SPAG17), and the mature ciliated cell pathway score is highest. This profile is characteristic of multiciliated epithelial cells; no evidence supports a more specific tracheobronchial columnar identity.",multiciliated epithelial cell,"The top genes are overwhelmingly cilia-associated (e.g., CFAP144, DNAH5, RSPH1, SPAG17), and the mature ciliated cell pathway score is highest. This profile is characteristic of multiciliated epithelial cells; no evidence supports a more specific tracheobronchial columnar identity.",0,0,3,0,3,0,3,0,3
195368,CGCGTTTGTTCCCGAG_F02611,multiciliated columnar cell of tracheobronchial tree,"Multiciliated columnar cell of tracheobronchial tree

The top genes are overwhelmingly cilia/flagella components (CFAP, DNAH, RSPH1, DYNLRB2) along with known multiciliated airway markers TPPP3, SNTN, and CAPS. The high pathway score for mature ciliated cells confirms this identity. This profile is most specifically consistent with a multiciliated columnar cell of the tracheobronchial tree, refining the broader stage-1 annotation.",Multiciliated columnar cell of tracheobronchial tree,"The top genes are overwhelmingly cilia/flagella components (CFAP, DNAH, RSPH1, DYNLRB2) along with known multiciliated airway markers TPPP3, SNTN, and CAPS. The high pathway score for mature ciliated cells confirms this identity. This profile is most specifically consistent with a multiciliated columnar cell of the tracheobronchial tree, refining the broader stage-1 annotation.",1,1,4,1,4,1,4,1,4
263162,ATGAGGGAGGAGCGAG_HD66,multiciliated columnar cell of tracheobronchial tree,"multiciliated columnar cell of tracheobronchial tree

Expression of motile cilia genes (FOXJ1, DNAH5, RSPH1, CFAP family, SNTN, TPPP3) confirms a multiciliated airway epithelial identity. Pathway scores strongly favor proximal multiciliated columnar cell over distal or other epithelial types, supporting the stage-1 annotation.",multiciliated columnar cell of tracheobronchial tree,"Expression of motile cilia genes (FOXJ1, DNAH5, RSPH1, CFAP family, SNTN, TPPP3) confirms a multiciliated airway epithelial identity. Pathway scores strongly favor proximal multiciliated columnar cell over distal or other epithelial types, supporting the stage-1 annotation.",1,1,4,1,4,1,4,1,4
170669,P3_6_AGCCTAACATACAGCT,multiciliated columnar cell of tracheobronchial tree,"multiciliated columnar cell of tracheobronchial tree

The gene expression profile (CFAP family, RSPH1, DNAAF1, TPPP3, SNTN) and high mature ciliated cell pathway score confirm a ciliated epithelial identity. The presence of tracheobronchial-specific markers and the columnar morphology associated with airway ciliated cells support refinement to the more precise subtype, multiciliated columnar cell of tracheobronchial tree.",multiciliated columnar cell of tracheobronchial tree,"The gene expression profile (CFAP family, RSPH1, DNAAF1, TPPP3, SNTN) and high mature ciliated cell pathway score confirm a ciliated epithelial identity. The presence of tracheobronchial-specific markers and the columnar morphology associated with airway ciliated cells support refinement to the more precise subtype, multiciliated columnar cell of tracheobronchial tree.",1,1,4,1,4,1,4,1,4
175861,CGAGGCTGTCGTTCAA_SC85,multiciliated columnar cell of tracheobronchial tree,"multiciliated columnar cell of tracheobronchial tree
Top genes are overwhelmingly cilia-related (RSPH1, DNAH5, DNAH7, CFAP family, SNTN, TPPP3), and pathway scores highest for proximal/distal multiciliated columnar cell programs. This confirms the stage-1 annotation; the transcriptional profile is characteristic of tracheobronchial multiciliated columnar epithelium.",multiciliated columnar cell of tracheobronchial tree,"Top genes are overwhelmingly cilia-related (RSPH1, DNAH5, DNAH7, CFAP family, SNTN, TPPP3), and pathway scores highest for proximal/distal multiciliated columnar cell programs. This confirms the stage-1 annotation; the transcriptional profile is characteristic of tracheobronchial multiciliated columnar epithelium.",1,1,4,1,4,1,4,1,4
117298,ACGCAGCTCCGTACAA_HD66,multiciliated columnar cell of tracheobronchial tree,"pulmonary alveolar type 2 cell

The top markers SFTPC, SFTPA1/2, SFTPB, SFTPD, NAPSA, SLC34A2, and LAMP3 are canonical AT2 genes. The AT2 mature pathway score is highest, and the profile matches surfactant production. The additional club-associated genes (SCGB3A2, SLPI) are also expressed by AT2 cells, but the overall evidence confirms the original annotation.",pulmonary alveolar type 2 cell,"The top markers SFTPC, SFTPA1/2, SFTPB, SFTPD, NAPSA, SLC34A2, and LAMP3 are canonical AT2 genes. The AT2 mature pathway score is highest, and the profile matches surfactant production. The additional club-associated genes (SCGB3A2, SLPI) are also expressed by AT2 cells, but the overall evidence confirms the original annotation.",0,0,1,0,1,0,1,0,1
102270,TCAATTCGTACTGACT_SC85,multiciliated columnar cell of tracheobronchial tree,"multiciliated epithelial cell
Stage-1 annotation confirmed. The expression profile is dominated by cilia-associated genes (FOXJ1, RSPH1, multiple CFAPs, TPPP3) with the highest pathway score for mature ciliated cells. Lower goblet/club scores and absence of immune or other lineage markers support this identity. No evidence uniquely specifies tracheobronchial columnar morphology, so the general multiciliated epithelial cell subtype is most appropriate.",multiciliated epithelial cell,"Stage-1 annotation confirmed. The expression profile is dominated by cilia-associated genes (FOXJ1, RSPH1, multiple CFAPs, TPPP3) with the highest pathway score for mature ciliated cells. Lower goblet/club scores and absence of immune or other lineage markers support this identity. No evidence uniquely specifies tracheobronchial columnar morphology, so the general multiciliated epithelial cell subtype is most appropriate.",0,0,3,0,3,0,3,0,3
111142,TCGGGACTCAGGAAGC_SC85,multiciliated columnar cell of tracheobronchial tree,"multiciliated columnar cell of tracheobronchial tree

Expression is dominated by cilia-related genes (DNAAF1, CFAP70, DNAH5/7/11/12, SPAG17, DRC3, etc.) and the top pathway score is for proximal multiciliated columnar cell. This confirms the stage-1 annotation; SFTPC is likely minor contamination or low-level noise.",multiciliated columnar cell of tracheobronchial tree,"Expression is dominated by cilia-related genes (DNAAF1, CFAP70, DNAH5/7/11/12, SPAG17, DRC3, etc.) and the top pathway score is for proximal multiciliated columnar cell. This confirms the stage-1 annotation; SFTPC is likely minor contamination or low-level noise.",1,1,4,1,4,1,4,1,4
78139,CTAATGGTCATTGCCC_HD66,multiciliated columnar cell of tracheobronchial tree,"multiciliated epithelial cell
The top genes are ciliary structural and motility markers (FOXJ1, RSPH1, DNAH12, CFAP family, SNTN, TPPP3), and the mature ciliated cell pathway score is dominant. This strongly confirms a multiciliated epithelial cell; no evidence points toward a more specific tracheobronchial subtype given the lung parenchyma context.",multiciliated epithelial cell,"The top genes are ciliary structural and motility markers (FOXJ1, RSPH1, DNAH12, CFAP family, SNTN, TPPP3), and the mature ciliated cell pathway score is dominant. This strongly confirms a multiciliated epithelial cell; no evidence points toward a more specific tracheobronchial subtype given the lung parenchyma context.",0,0,3,0,3,0,3,0,3
141500,CTGAAGTAGTTCGCAT_HD66,multiciliated columnar cell of tracheobronchial tree,"multiciliated columnar cell of tracheobronchial tree
The profile shows strong cilia-related gene expression (FOXJ1, RSPH1, DNAH12, DNAAF1, CFAPs, TPPP3, SNTN) and mature ciliated cell pathway enrichment, confirming a multiciliated epithelial identity. The tracheobronchial tree location and columnar morphology are best captured by the more specific subtype annotation.",multiciliated columnar cell of tracheobronchial tree,"The profile shows strong cilia-related gene expression (FOXJ1, RSPH1, DNAH12, DNAAF1, CFAPs, TPPP3, SNTN) and mature ciliated cell pathway enrichment, confirming a multiciliated epithelial identity. The tracheobronchial tree location and columnar morphology are best captured by the more specific subtype annotation.",1,1,4,1,4,1,4,1,4
270479,TGTCCCATCCCTAACC_F02611,multiciliated columnar cell of tracheobronchial tree,"club cell
The cell profile is dominated by canonical club cell markers SCGB1A1 and SCGB3A1, with supporting secretory genes (SLPI, BPIFB1, MSMB, WFDC2). Although some cilia-related genes appear, their TF-IDF weights are far lower than the top club markers. Pathway scores are secondary; direct gene evidence confirms the club cell annotation.",club cell,"The cell profile is dominated by canonical club cell markers SCGB1A1 and SCGB3A1, with supporting secretory genes (SLPI, BPIFB1, MSMB, WFDC2). Although some cilia-related genes appear, their TF-IDF weights are far lower than the top club markers. Pathway scores are secondary; direct gene evidence confirms the club cell annotation.",0,0,2,0,2,0,2,0,2
215393,TCACGGGTCATTGTGG_SC85,multiciliated columnar cell of tracheobronchial tree,"multiciliated epithelial cell

The gene expression profile strongly confirms a multiciliated epithelial cell: high levels of cilia-associated genes (CAPS, RSPH1, DNAAF1, DYNLRB2, CFAPs, TPPP3) and the top pathway score for mature ciliated cells. Given the lung parenchyma context, the generic ""multiciliated epithelial cell"" is more appropriate than the tracheobronchial-specific subtype. No conflicting evidence supports changing the annotation.",multiciliated epithelial cell,"The gene expression profile strongly confirms a multiciliated epithelial cell: high levels of cilia-associated genes (CAPS, RSPH1, DNAAF1, DYNLRB2, CFAPs, TPPP3) and the top pathway score for mature ciliated cells. Given the lung parenchyma context, the generic ""multiciliated epithelial cell"" is more appropriate than the tracheobronchial-specific subtype. No conflicting evidence supports changing the annotation.",0,0,3,0,3,0,3,0,3
174915,CCTATTAGTAGAAGGA_HD66,multiciliated columnar cell of tracheobronchial tree,"multiciliated columnar cell of tracheobronchial tree

Expression is dominated by cilia genes (FOXJ1, RSPH1, DNAH12, CFAPs, TEKT2/SNTN/TPPP3) and highest pathway score for proximal multiciliated columnar cells, confirming the original airway multiciliated identity.",multiciliated columnar cell of tracheobronchial tree,"Expression is dominated by cilia genes (FOXJ1, RSPH1, DNAH12, CFAPs, TEKT2/SNTN/TPPP3) and highest pathway score for proximal multiciliated columnar cells, confirming the original airway multiciliated identity.",1,1,4,1,4,1,4,1,4
182875,ATCTACTTCGCCGTGA_F02611,multiciliated columnar cell of tracheobronchial tree,"pulmonary alveolar type 2 cell

The expression profile is dominated by canonical AT2 markers (SFTPC, SFTPA1, SFTPA2, SFTPB, NAPSA, SLPI, WFDC2) and the highest pathway score is mature AT2. Although some club/secretory genes (SCGB1A1/3A1/3A2) appear, they are likely minor or transitional; the strong surfactant signaling confirms alveolar type 2 identity.",pulmonary alveolar type 2 cell,"The expression profile is dominated by canonical AT2 markers (SFTPC, SFTPA1, SFTPA2, SFTPB, NAPSA, SLPI, WFDC2) and the highest pathway score is mature AT2. Although some club/secretory genes (SCGB1A1/3A1/3A2) appear, they are likely minor or transitional; the strong surfactant signaling confirms alveolar type 2 identity.",0,0,1,0,1,0,1,0,1
208164,ATGTGTGAGTTCGATC_F02617,multiciliated columnar cell of tracheobronchial tree,"multiciliated columnar cell of tracheobronchial tree

The expression profile is dominated by ciliary genes (RSPH1, CFAP53, CFAP144, DYNLRB2, DNALI1, ZMYND10) and established multiciliated airway markers (SNTN, TPPP3, CAPS, AGR3, PCSK1N). Pathway scores highest for proximal and distal multiciliated columnar cells. This confirms the stage-1 annotation.",multiciliated columnar cell of tracheobronchial tree,"The expression profile is dominated by ciliary genes (RSPH1, CFAP53, CFAP144, DYNLRB2, DNALI1, ZMYND10) and established multiciliated airway markers (SNTN, TPPP3, CAPS, AGR3, PCSK1N). Pathway scores highest for proximal and distal multiciliated columnar cells. This confirms the stage-1 annotation.",1,1,4,1,4,1,4,1,4
239557,GTTACAGTCTTGACGA_F02611,multiciliated epithelial cell,"multiciliated columnar cell of tracheobronchial tree
The expression profile is dominated by cilia-associated genes (RSPH1, DNAH2, CFAP family, DYNLRB2, TPPP3, SNTN) and pathway scoring highest for proximal multiciliated columnar cell. This confirms the stage-1 annotation as the most specific matching subtype.",multiciliated columnar cell of tracheobronchial tree,"The expression profile is dominated by cilia-associated genes (RSPH1, DNAH2, CFAP family, DYNLRB2, TPPP3, SNTN) and pathway scoring highest for proximal multiciliated columnar cell. This confirms the stage-1 annotation as the most specific matching subtype.",0,0,3,0,3,0,3,0,3
117269,GACCAATAGGATGTAT_F01851,multiciliated epithelial cell,"multiciliated columnar cell of tracheobronchial tree

The gene profile strongly supports a multiciliated cell, with canonical markers FOXJ1, CCNO, ZMYND10, DNAH12, RSPH9/RSPH1, and numerous ciliary structural genes. The highest pathway score is ""Mature ciliated cell."" Given the airway specificity and the presence of a more precise subtype, ""multiciliated columnar cell of tracheobronchial tree"" best matches the evidence.",multiciliated columnar cell of tracheobronchial tree,"The gene profile strongly supports a multiciliated cell, with canonical markers FOXJ1, CCNO, ZMYND10, DNAH12, RSPH9/RSPH1, and numerous ciliary structural genes. The highest pathway score is ""Mature ciliated cell."" Given the airway specificity and the presence of a more precise subtype, ""multiciliated columnar cell of tracheobronchial tree"" best matches the evidence.",0,0,3,0,3,0,3,0,3
278252,TGAGCCGCAATGGTCT-SC59,multiciliated epithelial cell,"multiciliated columnar cell of tracheobronchial tree

The gene signature strongly indicates a mature multiciliated cell, with high expression of FOXJ1, CFAP, DNAAF, RSPH, DNAH, and other cilia-associated genes. The pathway analysis confirms the mature ciliated cell program. The airway context and columnar morphology of these cells make the tracheobronchial tree subtype the most specific match, refining the broader stage-1 annotation.",multiciliated columnar cell of tracheobronchial tree,"The gene signature strongly indicates a mature multiciliated cell, with high expression of FOXJ1, CFAP, DNAAF, RSPH, DNAH, and other cilia-associated genes. The pathway analysis confirms the mature ciliated cell program. The airway context and columnar morphology of these cells make the tracheobronchial tree subtype the most specific match, refining the broader stage-1 annotation.",0,0,3,0,3,0,3,0,3
173139,GTCCTCACAACGCACC_HD67,multiciliated epithelial cell,"multiciliated columnar cell of tracheobronchial tree

The gene expression profile is dominated by cilia-related genes (FOXJ1, RSPH1/9, DNAH12, CFAPs, CCNO, DEUP1, TUBB4B), confirming a multiciliated cell. Pathway scores strongly favor mature ciliated cell and deuterosomal programs. Among the listed cell types, the most precise annotation for this signature is a multiciliated columnar cell of the tracheobronchial tree, rather than a generic epithelial or lower-respiratory cell.",multiciliated columnar cell of tracheobronchial tree,"The gene expression profile is dominated by cilia-related genes (FOXJ1, RSPH1/9, DNAH12, CFAPs, CCNO, DEUP1, TUBB4B), confirming a multiciliated cell. Pathway scores strongly favor mature ciliated cell and deuterosomal programs. Among the listed cell types, the most precise annotation for this signature is a multiciliated columnar cell of the tracheobronchial tree, rather than a generic epithelial or lower-respiratory cell.",0,0,3,0,3,0,3,0,3
233937,TTTATGCCATCCCACT_SC07,multiciliated epithelial cell,"club cell

SCGB1A1, SCGB3A1, and SCGB3A2 are the dominant, most highly weighted markers and are definitive for club cells. Secondary ciliary genes are numerous but individually low-weighted, suggesting contamination or a minor mixed profile rather than a true multiciliated identity. Direct secretoglobin expression outweighs the higher ciliated pathway score.",club cell,"SCGB1A1, SCGB3A1, and SCGB3A2 are the dominant, most highly weighted markers and are definitive for club cells. Secondary ciliary genes are numerous but individually low-weighted, suggesting contamination or a minor mixed profile rather than a true multiciliated identity. Direct secretoglobin expression outweighs the higher ciliated pathway score.",0,0,2,0,2,0,2,0,2
19385,7185213_CATATTCGTCTGCGGT,multiciliated epithelial cell,"multiciliated columnar cell of tracheobronchial tree

The top genes are overwhelmingly cilia-associated (RSPH1, DNAH12, CFAP family, DRC3, ZMYND10, DNAAF1), and the highest pathway score is proximal multiciliated columnar cell. The stage-1 annotation is therefore confirmed.",multiciliated columnar cell of tracheobronchial tree,"The top genes are overwhelmingly cilia-associated (RSPH1, DNAH12, CFAP family, DRC3, ZMYND10, DNAAF1), and the highest pathway score is proximal multiciliated columnar cell. The stage-1 annotation is therefore confirmed.",0,0,3,0,3,0,3,0,3
153185,GCTGCTTCAAACCCAT_HD66,multiciliated epithelial cell,"club cell

The dominant, highly specific markers SCGB1A1 and SCGB3A1 are classic club-cell secretoglobins. Although cilia-related genes and the ciliated-cell pathway score are elevated, these likely reflect transitional or minor co-expression; the primary transcriptional identity is clearly that of a lung club cell.",club cell,"The dominant, highly specific markers SCGB1A1 and SCGB3A1 are classic club-cell secretoglobins. Although cilia-related genes and the ciliated-cell pathway score are elevated, these likely reflect transitional or minor co-expression; the primary transcriptional identity is clearly that of a lung club cell.",0,0,2,0,2,0,2,0,2
251722,AATCCAGGTTGGACCC_F02528,multiciliated epithelial cell,"club cell

Dominant expression of SCGB3A1 and SCGB1A1, along with SLPI and WFDC2, is definitive for club cells. While ciliary genes appear in the top list and the ciliated pathway score is high, their TF-IDF weights are much lower than the secretoglobins. The overall profile is consistent with club cell identity, possibly with some transitional/contaminating ciliated-cell signal.",club cell,"Dominant expression of SCGB3A1 and SCGB1A1, along with SLPI and WFDC2, is definitive for club cells. While ciliary genes appear in the top list and the ciliated pathway score is high, their TF-IDF weights are much lower than the secretoglobins. The overall profile is consistent with club cell identity, possibly with some transitional/contaminating ciliated-cell signal.",0,0,2,0,2,0,2,0,2
107741,TGGACGCAGCGTGAGT_HD67,multiciliated epithelial cell,"multiciliated epithelial cell

The top genes (FOXJ1, CDC20B, CCNO, RSPH1, DNAH12, CFAP family) are classic markers of multiciliated airway epithelium. Pathway scores strongly favor mature ciliated and deuterosomal programs over other respiratory cell types. This confirms the stage-1 annotation; no correction to a more tracheobronchial-specific subtype is warranted given the lung parenchyma context.",multiciliated epithelial cell,"The top genes (FOXJ1, CDC20B, CCNO, RSPH1, DNAH12, CFAP family) are classic markers of multiciliated airway epithelium. Pathway scores strongly favor mature ciliated and deuterosomal programs over other respiratory cell types. This confirms the stage-1 annotation; no correction to a more tracheobronchial-specific subtype is warranted given the lung parenchyma context.",1,1,4,1,4,1,4,1,4
315592,CTGCGGACAGATGAGC_F02611,multiciliated epithelial cell,"multiciliated columnar cell of tracheobronchial tree
Dominant expression of cilia-specific genes (CFAPs, RSPH1, DNAH12, CCNO, ZMYND10, SNTN, TPPP3) and highest pathway score for mature ciliated cell confirm multiciliated identity. The stage-1 label is correct in essence but less precise; in lung airways these are columnar ciliated cells of the tracheobronchial epithelium.",multiciliated columnar cell of tracheobronchial tree,"Dominant expression of cilia-specific genes (CFAPs, RSPH1, DNAH12, CCNO, ZMYND10, SNTN, TPPP3) and highest pathway score for mature ciliated cell confirm multiciliated identity. The stage-1 label is correct in essence but less precise; in lung airways these are columnar ciliated cells of the tracheobronchial epithelium.",0,0,3,0,3,0,3,0,3
21428,GGAGGATGTGGTCCCA_SC85,multiciliated epithelial cell,"multiciliated epithelial cell
Strong expression of multiciliogenesis and axonemal dynein genes (FOXJ1, RSPH1, DNAH12, CFAP family) with the highest pathway score for mature ciliated cells confirms a ciliated identity. Co-expression of SCGB1A1/SCGB3A1 indicates bronchiolar origin within lung parenchyma, consistent with a multiciliated epithelial cell rather than a tracheobronchial-specific type.",multiciliated epithelial cell,"Strong expression of multiciliogenesis and axonemal dynein genes (FOXJ1, RSPH1, DNAH12, CFAP family) with the highest pathway score for mature ciliated cells confirms a ciliated identity. Co-expression of SCGB1A1/SCGB3A1 indicates bronchiolar origin within lung parenchyma, consistent with a multiciliated epithelial cell rather than a tracheobronchial-specific type.",1,1,4,1,4,1,4,1,4
186749,CGCTGGAAGAGTACCG_HD67,multiciliated epithelial cell,"multiciliated columnar cell of tracheobronchial tree

The TF-IDF top genes are overwhelmingly cilia-associated (CDC20B, SPMIP6, CFAP144, HOATZ, TPPP3, DYNLRB2, DNAH11/12/5, LRRC46), and the highest pathway score is proximal multiciliated columnar cell (+0.947). This confirms the stage-1 annotation.",multiciliated columnar cell of tracheobronchial tree,"The TF-IDF top genes are overwhelmingly cilia-associated (CDC20B, SPMIP6, CFAP144, HOATZ, TPPP3, DYNLRB2, DNAH11/12/5, LRRC46), and the highest pathway score is proximal multiciliated columnar cell (+0.947). This confirms the stage-1 annotation.",0,0,3,0,3,0,3,0,3
8429,TCAGGATTCCGAATGT_SC27,multiciliated epithelial cell,"multiciliated columnar cell of tracheobronchial tree

Cilia/flagella genes (CFAP family, DNAAF1, RSPH1, CCNO, CDC20B, SNTN, TPPP3, TMEM190) strongly confirm a multiciliated airway epithelial identity. The expression profile is consistent with a mature, columnar multiciliated cell lining the tracheobronchial tree, refining the broader stage-1 label.",multiciliated columnar cell of tracheobronchial tree,"Cilia/flagella genes (CFAP family, DNAAF1, RSPH1, CCNO, CDC20B, SNTN, TPPP3, TMEM190) strongly confirm a multiciliated airway epithelial identity. The expression profile is consistent with a mature, columnar multiciliated cell lining the tracheobronchial tree, refining the broader stage-1 label.",0,0,3,0,3,0,3,0,3
262214,AGCAGCCTCTCGCTTG_F01394,multiciliated epithelial cell,"multiciliated columnar cell of tracheobronchial tree

Dominant ciliated-cell program (highest pathway score) and abundant cilia-specific genes (RSPH1, DNAH12, CFAPs) outweigh the club-cell markers. The presence of SCGB1A1/SCGB3A1 likely reflects a transitional or contaminating expression, but the overall profile confidently identifies a multiciliated airway epithelial cell.",multiciliated columnar cell of tracheobronchial tree,"Dominant ciliated-cell program (highest pathway score) and abundant cilia-specific genes (RSPH1, DNAH12, CFAPs) outweigh the club-cell markers. The presence of SCGB1A1/SCGB3A1 likely reflects a transitional or contaminating expression, but the overall profile confidently identifies a multiciliated airway epithelial cell.",0,0,3,0,3,0,3,0,3
274550,TAGGCATGTTCCGTCT_F02611,multiciliated epithelial cell,"club cell

SCGB1A1 and SCGB3A1 are canonical club cell markers, with SLPI, BPIFB1, and WFDC2 supporting an airway secretory phenotype. Although the goblet pathway score is slightly higher, no mucin genes (e.g., MUC5AC/MUC5B) appear among top markers, making goblet identity unlikely. The stage-1 club cell annotation is therefore correct.",club cell,"SCGB1A1 and SCGB3A1 are canonical club cell markers, with SLPI, BPIFB1, and WFDC2 supporting an airway secretory phenotype. Although the goblet pathway score is slightly higher, no mucin genes (e.g., MUC5AC/MUC5B) appear among top markers, making goblet identity unlikely. The stage-1 club cell annotation is therefore correct.",0,0,2,0,2,0,2,0,2
49078,ACTTTCACATTGAGCT_F01692,multiciliated epithelial cell,"multiciliated epithelial cell

Top markers and pathway scores overwhelmingly support a mature multiciliated epithelial identity (FOXJ1, RSPH1, DNAH12, numerous CFAP/DYN genes; mature ciliated cell score 0.96). SCGB1A1/SCGB3A1 signals are minor and likely contamination or low-level co-expression. In lung parenchyma, the generic multiciliated epithelial cell label is more appropriate than the tracheobronchial-specific subtype.",multiciliated epithelial cell,"Top markers and pathway scores overwhelmingly support a mature multiciliated epithelial identity (FOXJ1, RSPH1, DNAH12, numerous CFAP/DYN genes; mature ciliated cell score 0.96). SCGB1A1/SCGB3A1 signals are minor and likely contamination or low-level co-expression. In lung parenchyma, the generic multiciliated epithelial cell label is more appropriate than the tracheobronchial-specific subtype.",1,1,4,1,4,1,4,1,4
23736,GTCAAGTGTACGCACC_F01851,multiciliated epithelial cell,"multiciliated epithelial cell
The gene expression profile is dominated by canonical cilia-related genes (RSPH1, RSPH9, DYNLRB2, CCNO, CFAP family, TUBB4B) and the mature ciliated cell pathway score is highest, confirming a multiciliated airway epithelial identity. The stage-1 annotation is consistent with the evidence, so no correction is needed.",multiciliated epithelial cell,"The gene expression profile is dominated by canonical cilia-related genes (RSPH1, RSPH9, DYNLRB2, CCNO, CFAP family, TUBB4B) and the mature ciliated cell pathway score is highest, confirming a multiciliated airway epithelial identity. The stage-1 annotation is consistent with the evidence, so no correction is needed.",1,1,4,1,4,1,4,1,4
89805,TGCGTGGAGAGACTTA_F02509,multiciliated epithelial cell,"multiciliated columnar cell of tracheobronchial tree

The expression profile strongly supports a ciliated airway epithelial identity, with high levels of ciliary genes (DNAH5, RSPH1, CFAP144, HYDIN, CCDC78) and airway epithelial markers (KRT19, TACSTD2, CD24, SLPI). The top pathway score is ""mature ciliated cell,"" while club/goblet/basal scores are lower. Given the specific ciliated columnar morphology and tracheobronchial markers, the more precise subtype from the list is multiciliated columnar cell of tracheobronchial tree.",multiciliated columnar cell of tracheobronchial tree,"The expression profile strongly supports a ciliated airway epithelial identity, with high levels of ciliary genes (DNAH5, RSPH1, CFAP144, HYDIN, CCDC78) and airway epithelial markers (KRT19, TACSTD2, CD24, SLPI). The top pathway score is ""mature ciliated cell,"" while club/goblet/basal scores are lower. Given the specific ciliated columnar morphology and tracheobronchial markers, the more precise subtype from the list is multiciliated columnar cell of tracheobronchial tree.",0,0,3,0,3,0,3,0,3
296478,GCGCCAAAGTCATGCT_HD67,multiciliated epithelial cell,"multiciliated epithelial cell

The expression profile is overwhelmingly ciliary: genes such as RSPH1, RSPH9, DNAH12, CFAP family, TPPP3, CCNO, and TEKT2 are specific to motile cilia. Pathway scores rank mature ciliated cell highest, with deuterosomal secondary. No immune, stromal, or other epithelial markers are evident. The stage-1 annotation is directly supported, and the evidence does not distinguish a unique tracheobronchial vs. other airway subtype, so the broader term is retained.",multiciliated epithelial cell,"The expression profile is overwhelmingly ciliary: genes such as RSPH1, RSPH9, DNAH12, CFAP family, TPPP3, CCNO, and TEKT2 are specific to motile cilia. Pathway scores rank mature ciliated cell highest, with deuterosomal secondary. No immune, stromal, or other epithelial markers are evident. The stage-1 annotation is directly supported, and the evidence does not distinguish a unique tracheobronchial vs. other airway subtype, so the broader term is retained.",1,1,4,1,4,1,4,1,4
325546,ATTTCTGTCTGGTATG_HD67,multiciliated epithelial cell,"multiciliated epithelial cell

The top genes (CDC20B, RSPH1, RSPH9, CCNO, ZMYND10, DNAH12, DYNLRB2, CFAP-family) are canonical markers of motile cilia and multiciliated cell differentiation. The highest pathway score is ""Mature ciliated cell"" (+0.95), strongly supporting the stage-1 annotation. No conflicting lineage markers suggest a different bronchial subtype; the profile is diagnostic of a multiciliated epithelial cell in lung tissue.",multiciliated epithelial cell,"The top genes (CDC20B, RSPH1, RSPH9, CCNO, ZMYND10, DNAH12, DYNLRB2, CFAP-family) are canonical markers of motile cilia and multiciliated cell differentiation. The highest pathway score is ""Mature ciliated cell"" (+0.95), strongly supporting the stage-1 annotation. No conflicting lineage markers suggest a different bronchial subtype; the profile is diagnostic of a multiciliated epithelial cell in lung tissue.",1,1,4,1,4,1,4,1,4
69920,GTGTGGCAGTATGAGT_SC86,myofibroblast cell,"alveolar adventitial fibroblast

The profile is dominated by fibroblast markers (PDGFRA, DCN, COL1A2, LTBP2, PRELP, ASPN, ITGBL1, IGFBP5) and lacks classical smooth muscle/myofibroblast markers (ACTA2, TAGLN). Pathway scores align most closely with alveolar/adventitial fibroblast programs, supporting the stage-1 annotation.",alveolar adventitial fibroblast,"The profile is dominated by fibroblast markers (PDGFRA, DCN, COL1A2, LTBP2, PRELP, ASPN, ITGBL1, IGFBP5) and lacks classical smooth muscle/myofibroblast markers (ACTA2, TAGLN). Pathway scores align most closely with alveolar/adventitial fibroblast programs, supporting the stage-1 annotation.",0,0,2,0,2,0,2,0,2
147233,GCCGTGAGTGGCTAGA_SC86,myofibroblast cell,"myofibroblast cell

The profile combines ECM genes (DCN, ELN, COL1A2, PRELP) with contractile/myofibroblastic markers (MYLK, CALD1, LMCD1, CARMN) and PDGFRA. Myofibroblast pathway score is highest, and CARMN/MYLK/CALD1 argue against a purely adventitial fibroblast identity.",myofibroblast cell,"The profile combines ECM genes (DCN, ELN, COL1A2, PRELP) with contractile/myofibroblastic markers (MYLK, CALD1, LMCD1, CARMN) and PDGFRA. Myofibroblast pathway score is highest, and CARMN/MYLK/CALD1 argue against a purely adventitial fibroblast identity.",1,1,4,1,4,1,4,1,4
122583,ATCATGGAGGCTCAGA_F02522,myofibroblast cell,"myofibroblast cell
The profile shows dominant fibroblast/ECM markers (DCN, MGP, PDGFRA, BGN) plus contractile genes (CALD1, TAGLN, MYLK) and highest pathway score for myofibroblast. This indicates an activated matrix-producing fibroblast with contractile phenotype, better classified as myofibroblast cell than alveolar adventitial fibroblast.",myofibroblast cell,"The profile shows dominant fibroblast/ECM markers (DCN, MGP, PDGFRA, BGN) plus contractile genes (CALD1, TAGLN, MYLK) and highest pathway score for myofibroblast. This indicates an activated matrix-producing fibroblast with contractile phenotype, better classified as myofibroblast cell than alveolar adventitial fibroblast.",1,1,4,1,4,1,4,1,4
98340,AACCATGGTGTTTGTG_F02607,myofibroblast cell,"alveolar type 1 fibroblast cell

The top gene ADH1B is a specific marker for alveolar type 1 fibroblasts, supported by DCN, PRELP, BGN, and other ECM/matricellular genes. While MGP and adventitial pathway scores are present, the dominant ADH1B signature and overall fibroblast profile align with alveolar type 1 fibroblasts rather than adventitial fibroblasts.",alveolar type 1 fibroblast cell,"The top gene ADH1B is a specific marker for alveolar type 1 fibroblasts, supported by DCN, PRELP, BGN, and other ECM/matricellular genes. While MGP and adventitial pathway scores are present, the dominant ADH1B signature and overall fibroblast profile align with alveolar type 1 fibroblasts rather than adventitial fibroblasts.",0,0,2,0,2,0,2,0,2
107077,P2_5_ACCAGTACAGCGATCC,myofibroblast cell,"myofibroblast cell
The gene expression profile shows a strong myofibroblast signature with high ACTA2, TAGLN, CALD1, and DPT alongside extracellular matrix genes (DCN, LUM, BGN). The myofibroblast pathway score is highest (0.953), exceeding the alveolar/adventitial fibroblast scores, indicating this is an activated myofibroblast rather than a resting adventitial fibroblast.",myofibroblast cell,"The gene expression profile shows a strong myofibroblast signature with high ACTA2, TAGLN, CALD1, and DPT alongside extracellular matrix genes (DCN, LUM, BGN). The myofibroblast pathway score is highest (0.953), exceeding the alveolar/adventitial fibroblast scores, indicating this is an activated myofibroblast rather than a resting adventitial fibroblast.",1,1,4,1,4,1,4,1,4
218139,GTCTGTCGTGAGCAGT_SC86,myofibroblast cell,"myofibroblast cell

The profile shows a myofibroblast signature: high ACTA2, TAGLN, MYLK, CALD1, and CCN2 alongside fibroblast markers (DCN, PDGFRA, ASPN, PRELP). Myofibroblast pathway score is highest, and co-expression of smooth muscle and ECM genes is characteristic. Low MYH11 argues against mature smooth muscle, and the specific fibroblast-subtype identity is better fit by myofibroblast.",myofibroblast cell,"The profile shows a myofibroblast signature: high ACTA2, TAGLN, MYLK, CALD1, and CCN2 alongside fibroblast markers (DCN, PDGFRA, ASPN, PRELP). Myofibroblast pathway score is highest, and co-expression of smooth muscle and ECM genes is characteristic. Low MYH11 argues against mature smooth muscle, and the specific fibroblast-subtype identity is better fit by myofibroblast.",1,1,4,1,4,1,4,1,4
238522,P3_5_CATTCGCCAGAGTGTG,myofibroblast cell,"alveolar adventitial fibroblast

The expression profile is dominated by classical fibroblast ECM genes (DCN, LUM, COL1A1/2, COL3A1, BGN, ASPN, MGP, DPT, MFAP4, PRELP) with moderate contractile genes (ACTA2, TAGLN, CALD1), consistent with alveolar adventitial fibroblast. The high myofibroblast pathway score likely reflects shared matrix/contractile programs, but the overall top-gene evidence strongly supports fibroblast identity rather than a committed myofibroblast.",alveolar adventitial fibroblast,"The expression profile is dominated by classical fibroblast ECM genes (DCN, LUM, COL1A1/2, COL3A1, BGN, ASPN, MGP, DPT, MFAP4, PRELP) with moderate contractile genes (ACTA2, TAGLN, CALD1), consistent with alveolar adventitial fibroblast. The high myofibroblast pathway score likely reflects shared matrix/contractile programs, but the overall top-gene evidence strongly supports fibroblast identity rather than a committed myofibroblast.",0,0,2,0,2,0,2,0,2
167607,CTACATTTCGAAGCAG_SC86,myofibroblast cell,"alveolar adventitial fibroblast

The gene expression profile (PDGFRA, DCN, COL1A2, ELN, IGFBP5, LTBP2, ASPN) is characteristic of extracellular-matrix-producing fibroblasts in lung parenchyma. High CALD1 and SYNPO2 reflect cytoskeletal/contractile features but without strong ACTA2 or myofibroblast-specific markers. Although the myofibroblast pathway score was slightly higher, the overall evidence best matches alveolar adventitial fibroblasts rather than smooth muscle, pericyte, or inflammatory cell types.",alveolar adventitial fibroblast,"The gene expression profile (PDGFRA, DCN, COL1A2, ELN, IGFBP5, LTBP2, ASPN) is characteristic of extracellular-matrix-producing fibroblasts in lung parenchyma. High CALD1 and SYNPO2 reflect cytoskeletal/contractile features but without strong ACTA2 or myofibroblast-specific markers. Although the myofibroblast pathway score was slightly higher, the overall evidence best matches alveolar adventitial fibroblasts rather than smooth muscle, pericyte, or inflammatory cell types.",0,0,2,0,2,0,2,0,2
223235,TCACGCTCAGGTTCAT_SC86,myofibroblast cell,"alveolar adventitial fibroblast

Direct gene evidence (PDGFRA, COL1A1, DCN, ELN, LTBP2, ITGBL1, CCN1/2/5, THBS1) strongly supports adventitial fibroblast identity. These are established ECM/remodeling markers of this lung fibroblast subtype. The myofibroblast pathway score is slightly higher but lacks definitive myofibroblast markers (e.g., ACTA2, TAGLN) in the top genes, so this is likely overlapping ECM program activity rather than true myofibroblast differentiation. Thus, the stage-1 annotation is confirmed.",alveolar adventitial fibroblast,"Direct gene evidence (PDGFRA, COL1A1, DCN, ELN, LTBP2, ITGBL1, CCN1/2/5, THBS1) strongly supports adventitial fibroblast identity. These are established ECM/remodeling markers of this lung fibroblast subtype. The myofibroblast pathway score is slightly higher but lacks definitive myofibroblast markers (e.g., ACTA2, TAGLN) in the top genes, so this is likely overlapping ECM program activity rather than true myofibroblast differentiation. Thus, the stage-1 annotation is confirmed.",0,0,2,0,2,0,2,0,2
242075,P3_6_TCAACGAAGTGGTAGC,myofibroblast cell,"smooth muscle cell
The expression profile is dominated by canonical smooth muscle markers (ACTA2, TAGLN, DES, MYH11, CNN1, MYLK, ACTG2) with high pathway scores for airway and vascular smooth muscle. Although some fibroblast-like genes appear, they are secondary. In lung parenchyma, this pattern is consistent with a smooth muscle cell rather than a more specific airway or vascular subtype.",smooth muscle cell,"The expression profile is dominated by canonical smooth muscle markers (ACTA2, TAGLN, DES, MYH11, CNN1, MYLK, ACTG2) with high pathway scores for airway and vascular smooth muscle. Although some fibroblast-like genes appear, they are secondary. In lung parenchyma, this pattern is consistent with a smooth muscle cell rather than a more specific airway or vascular subtype.",0,0,1,0,1,0,1,0,1
300852,TCATTTGCAGACGCTC-1-HCATisStab7659971,myofibroblast cell,alveolar adventitial fibroblast,alveolar adventitial fibroblast,,0,0,2,0,2,0,2,0,2
242638,CTTTCGGCACAGACGA_SC86,myofibroblast cell,"myofibroblast cell
Top gene expression shows high ACTA2, TAGLN, MYLK, CALD1 combined with collagen/ECM markers such as DCN, COL, and IGFBP5, plus the top pathway score being myofibroblast. This indicates an activated contractile fibroblast/myofibroblast rather than a quiescent alveolar adventitial fibroblast or mature smooth muscle cell.",myofibroblast cell,"Top gene expression shows high ACTA2, TAGLN, MYLK, CALD1 combined with collagen/ECM markers such as DCN, COL, and IGFBP5, plus the top pathway score being myofibroblast. This indicates an activated contractile fibroblast/myofibroblast rather than a quiescent alveolar adventitial fibroblast or mature smooth muscle cell.",1,1,4,1,4,1,4,1,4
2589,TGGTTAGAGGTTACCT-1-HCATisStab7747198,myofibroblast cell,"smooth muscle cell
The profile expresses canonical smooth muscle markers (TAGLN, DES, ACTA2, MYH11, CNN1, MYL9, MYLK, CALD1, PLN) with highest pathway score for airway smooth muscle. Myofibroblast/pericyte scores are lower, and the presence of mature SMC markers (MYH11, CNN1) distinguishes it from myofibroblasts. The generic ""smooth muscle cell"" is appropriate in lung parenchyma.",smooth muscle cell,"The profile expresses canonical smooth muscle markers (TAGLN, DES, ACTA2, MYH11, CNN1, MYL9, MYLK, CALD1, PLN) with highest pathway score for airway smooth muscle. Myofibroblast/pericyte scores are lower, and the presence of mature SMC markers (MYH11, CNN1) distinguishes it from myofibroblasts. The generic ""smooth muscle cell"" is appropriate in lung parenchyma.",0,0,1,0,1,0,1,0,1
217953,CACATAGCAGGATTGG-1-HCATisStab7747198,myofibroblast cell,"tracheobronchial smooth muscle cell

The expression profile (TAGLN, DES, ACTA2, MYH11, CNN1, MYLK) strongly confirms smooth muscle identity. The highest pathway score is airway smooth muscle, with markers like ACTG2, TPM2, and RAMP1 supporting airway/tracheobronchial origin over vascular smooth muscle or myofibroblast. Thus, the stage-1 annotation is refined to tracheobronchial smooth muscle cell.",tracheobronchial smooth muscle cell,"The expression profile (TAGLN, DES, ACTA2, MYH11, CNN1, MYLK) strongly confirms smooth muscle identity. The highest pathway score is airway smooth muscle, with markers like ACTG2, TPM2, and RAMP1 supporting airway/tracheobronchial origin over vascular smooth muscle or myofibroblast. Thus, the stage-1 annotation is refined to tracheobronchial smooth muscle cell.",0,0,1,0,1,0,1,0,1
47971,TTTGATCTCATCTGTT_SC86,myofibroblast cell,"alveolar adventitial fibroblast

The expression profile—high DCN, PDGFRA, COL1A2, ELN, LTBP2, ASPN, IGFBP5, and CCN5—is consistent with lung alveolar adventitial fibroblasts. Lower-ranked smooth-muscle genes (TAGLN, CALD1) are shared mesenchymal markers rather than evidence of myofibroblast identity. Thus the stage-1 annotation is confirmed.",alveolar adventitial fibroblast,"The expression profile—high DCN, PDGFRA, COL1A2, ELN, LTBP2, ASPN, IGFBP5, and CCN5—is consistent with lung alveolar adventitial fibroblasts. Lower-ranked smooth-muscle genes (TAGLN, CALD1) are shared mesenchymal markers rather than evidence of myofibroblast identity. Thus the stage-1 annotation is confirmed.",0,0,2,0,2,0,2,0,2
205272,GGGCATCCAGGAATGC_F01853,myofibroblast cell,"smooth muscle cell
The profile shows mature smooth muscle markers: MYH11, LMOD1, MYLK, CALD1, ACTG2, ACTA2, TAGLN, TPM2. These are specific to smooth muscle, not myofibroblasts or fibroblasts. Matrix genes (DCN, BGN, COL1A2) are consistent with smooth muscle expression. Pathway scores favoring myofibroblast reflect shared contractile/ECM genes, but presence of MYH11/LMOD1 confirms smooth muscle identity.",smooth muscle cell,"The profile shows mature smooth muscle markers: MYH11, LMOD1, MYLK, CALD1, ACTG2, ACTA2, TAGLN, TPM2. These are specific to smooth muscle, not myofibroblasts or fibroblasts. Matrix genes (DCN, BGN, COL1A2) are consistent with smooth muscle expression. Pathway scores favoring myofibroblast reflect shared contractile/ECM genes, but presence of MYH11/LMOD1 confirms smooth muscle identity.",0,0,1,0,1,0,1,0,1
132032,GCTCCTAAGGAATGGA_F02522,myofibroblast cell,"alveolar adventitial fibroblast
The profile shows strong expression of ECM genes (DCN, PRELP, MGP) and fibroblast markers (PDGFRA, APOD, CFH, ADH1B). Contractile genes (TAGLN, ACTA2) are present but not dominant, consistent with adventitial fibroblasts that have myofibroblast-like features. The top TF-IDF genes and pathway scores support this identity over pure myofibroblast or smooth muscle cell.",alveolar adventitial fibroblast,"The profile shows strong expression of ECM genes (DCN, PRELP, MGP) and fibroblast markers (PDGFRA, APOD, CFH, ADH1B). Contractile genes (TAGLN, ACTA2) are present but not dominant, consistent with adventitial fibroblasts that have myofibroblast-like features. The top TF-IDF genes and pathway scores support this identity over pure myofibroblast or smooth muscle cell.",0,0,2,0,2,0,2,0,2
58099,CTCTGGTGTTCCCTTG_F02607,myofibroblast cell,"alveolar type 1 fibroblast cell

Stage-1 annotation is confirmed. Top markers ADH1B, CCN5, TCF21, DPT, MGP, DCN, PRELP, SPARCL1, and MFAP4 are highly characteristic of alveolar fibroblasts, not adventitial or bronchial fibroblasts. The strong alveolar fibroblast pathway score and matrix gene expression support this identity. Epithelial (AT1/AT2) scores are lower, and immune/vascular markers are absent, so the fibroblast subtype is correct.",alveolar type 1 fibroblast cell,"Stage-1 annotation is confirmed. Top markers ADH1B, CCN5, TCF21, DPT, MGP, DCN, PRELP, SPARCL1, and MFAP4 are highly characteristic of alveolar fibroblasts, not adventitial or bronchial fibroblasts. The strong alveolar fibroblast pathway score and matrix gene expression support this identity. Epithelial (AT1/AT2) scores are lower, and immune/vascular markers are absent, so the fibroblast subtype is correct.",0,0,2,0,2,0,2,0,2
230117,P3_5_GTAACGTTCGCTTAGA,myofibroblast cell,"myofibroblast cell
The combined expression of ECM genes (DCN, LUM, COL1A1/2, COL3A1, ASPN, DPT) with contractile genes (ACTA2, TAGLN, CALD1, TPM2) and the top myofibroblast pathway score indicate a myofibroblast phenotype. The lack of MYH11/DES makes smooth muscle less likely, and the heightened contractile program distinguishes this from typical alveolar adventitial fibroblasts.",myofibroblast cell,"The combined expression of ECM genes (DCN, LUM, COL1A1/2, COL3A1, ASPN, DPT) with contractile genes (ACTA2, TAGLN, CALD1, TPM2) and the top myofibroblast pathway score indicate a myofibroblast phenotype. The lack of MYH11/DES makes smooth muscle less likely, and the heightened contractile program distinguishes this from typical alveolar adventitial fibroblasts.",1,1,4,1,4,1,4,1,4
56230,TTAGGACGTTGATTGC_HD68,myofibroblast cell,"smooth muscle cell
High expression of TAGLN, ACTA2, MYL9, ACTG2, DES, and CALD1 confirms smooth muscle identity. Airway smooth muscle pathway scores highest, but in lung parenchyma the general ""smooth muscle cell"" is the most appropriate label from the provided list.",smooth muscle cell,"High expression of TAGLN, ACTA2, MYL9, ACTG2, DES, and CALD1 confirms smooth muscle identity. Airway smooth muscle pathway scores highest, but in lung parenchyma the general ""smooth muscle cell"" is the most appropriate label from the provided list.",0,0,1,0,1,0,1,0,1
90960,CACAGTAAGCTCTCGG_F01874,nasal mucosa goblet cell,"alveolar macrophage

The gene expression profile is dominated by canonical alveolar macrophage markers: APOE, CD68, C1QC, CCL18, CD163, TYROBP, and LGALS3. The highest pathway scores align with alveolar resident and interstitial macrophage programs, and the lung parenchyma context supports a tissue-resident alveolar macrophage identity. Despite minor contributions from monocyte-associated genes, the overall evidence firmly confirms the stage-1 annotation.",alveolar macrophage,"The gene expression profile is dominated by canonical alveolar macrophage markers: APOE, CD68, C1QC, CCL18, CD163, TYROBP, and LGALS3. The highest pathway scores align with alveolar resident and interstitial macrophage programs, and the lung parenchyma context supports a tissue-resident alveolar macrophage identity. Despite minor contributions from monocyte-associated genes, the overall evidence firmly confirms the stage-1 annotation.",0,0,0,0,0,0,0,0,0
76740,ACTGTCCGTAAGGGCT_F02617,nasal mucosa goblet cell,"club cell

The top TF-IDF genes are dominated by classic club cell markers SCGB3A2 and SCGB1A1, along with SLPI, SPINK1, WFDC2, and KLK11. Although SFTPB/SFTPC and an elevated AT2 pathway score suggest some surfactant-associated signal, the secretoglobin dominance and canonical club pathway support the original annotation.",club cell,"The top TF-IDF genes are dominated by classic club cell markers SCGB3A2 and SCGB1A1, along with SLPI, SPINK1, WFDC2, and KLK11. Although SFTPB/SFTPC and an elevated AT2 pathway score suggest some surfactant-associated signal, the secretoglobin dominance and canonical club pathway support the original annotation.",0,0,3,0,3,0,3,0,3
153992,ACACCCTCATGCGCAC_F02611,nasal mucosa goblet cell,"club cell
The gene expression profile is dominated by SCGB3A1, SCGB3A2, and SCGB1A1, canonical club cell markers, with additional support from SLPI and WFDC2. Pathway scores rank club cell programs highest, confirming the stage-1 annotation.",club cell,"The gene expression profile is dominated by SCGB3A1, SCGB3A2, and SCGB1A1, canonical club cell markers, with additional support from SLPI and WFDC2. Pathway scores rank club cell programs highest, confirming the stage-1 annotation.",0,0,3,0,3,0,3,0,3
133875,TACCTTAGTAAGAGGA_F02092,nasal mucosa goblet cell,"club cell

SCGB1A1 is overwhelmingly the top marker with ~8x the weight of the next gene, together with SCGB3A1/3A2 and SLPI—classic club cell identity. Surfactant protein signals are minor and likely reflect contamination or transitional state, while goblet cell score is only marginally higher despite MUC5B being low-ranked. Thus the stage-1 annotation is correct.",club cell,"SCGB1A1 is overwhelmingly the top marker with ~8x the weight of the next gene, together with SCGB3A1/3A2 and SLPI—classic club cell identity. Surfactant protein signals are minor and likely reflect contamination or transitional state, while goblet cell score is only marginally higher despite MUC5B being low-ranked. Thus the stage-1 annotation is correct.",0,0,3,0,3,0,3,0,3
307789,ATAAGAGGTCCAGTAT_F01874,nasal mucosa goblet cell,"alveolar macrophage

The top genes (APOE, APOC1, CD68, CCL18, C1QC, CTSD, LGALS3) are classic alveolar macrophage markers. The pathway scores align with resident alveolar macrophage identity (interstitial and alveolar programs both high). Stage-1 annotation is confirmed.",alveolar macrophage,"The top genes (APOE, APOC1, CD68, CCL18, C1QC, CTSD, LGALS3) are classic alveolar macrophage markers. The pathway scores align with resident alveolar macrophage identity (interstitial and alveolar programs both high). Stage-1 annotation is confirmed.",0,0,0,0,0,0,0,0,0
99425,7239219_TTTATGCCAGGTTTCA,nasal mucosa goblet cell,"club cell
Top TF-IDF genes are dominated by SCGB1A1, SCGB3A1, and SCGB3A2, which are canonical club cell markers. The highest pathway score is also the canonical club cell program, and surfactant genes like SFTPB/SFTPC appear at lower rank, likely minor contamination or transitional expression. Goblet cell score is lower, so the stage-1 annotation is correct.",club cell,"Top TF-IDF genes are dominated by SCGB1A1, SCGB3A1, and SCGB3A2, which are canonical club cell markers. The highest pathway score is also the canonical club cell program, and surfactant genes like SFTPB/SFTPC appear at lower rank, likely minor contamination or transitional expression. Goblet cell score is lower, so the stage-1 annotation is correct.",0,0,3,0,3,0,3,0,3
102896,GTATCTTAGTTCGCAT_F01851,nasal mucosa goblet cell,"club cell

SCGB1A1, SCGB3A2, and SCGB3A1 are canonical club cell secretory markers, with supporting SFTPB, SLPI, and WFDC2 expression. While the ciliated pathway score is nominally higher, the TF-IDF evidence strongly favors club cell identity in bronchiolar epithelium.",club cell,"SCGB1A1, SCGB3A2, and SCGB3A1 are canonical club cell secretory markers, with supporting SFTPB, SLPI, and WFDC2 expression. While the ciliated pathway score is nominally higher, the TF-IDF evidence strongly favors club cell identity in bronchiolar epithelium.",0,0,3,0,3,0,3,0,3
193274,CCATTCGAGCTAGGCA_F02613,nasal mucosa goblet cell,"epithelial cell of lower respiratory tract
The profile is unequivocally epithelial (KRT7/8/17/18/19, CLDN3/4/7, TACSTD2, CEACAM6, WFDC2) but lacks specific markers for AT1/AT2, club, goblet, ciliated, basal, hillock, or neuroendocrine subtypes. Pathway scores do not show decisive commitment to any mature airway/alveolar lineage. Thus the broad lower respiratory tract epithelial annotation is appropriate.",epithelial cell of lower respiratory tract,"The profile is unequivocally epithelial (KRT7/8/17/18/19, CLDN3/4/7, TACSTD2, CEACAM6, WFDC2) but lacks specific markers for AT1/AT2, club, goblet, ciliated, basal, hillock, or neuroendocrine subtypes. Pathway scores do not show decisive commitment to any mature airway/alveolar lineage. Thus the broad lower respiratory tract epithelial annotation is appropriate.",0,0,3,0,3,0,3,0,3
328914,TTGACTTTCTGCTTGC_F02617,nasal mucosa goblet cell,"club cell
The top markers SCGB1A1, SCGB3A1, SCGB3A2, BPIFB1, SLPI, and WFDC2 are canonical club cell secretory products. Although the goblet pathway score is marginally higher, there are no goblet-specific mucins (MUC5AC/MUC5B) or SPDEF, while the secretoglobin signature strongly confirms club cell identity.",club cell,"The top markers SCGB1A1, SCGB3A1, SCGB3A2, BPIFB1, SLPI, and WFDC2 are canonical club cell secretory products. Although the goblet pathway score is marginally higher, there are no goblet-specific mucins (MUC5AC/MUC5B) or SPDEF, while the secretoglobin signature strongly confirms club cell identity.",0,0,3,0,3,0,3,0,3
51898,CCAATCCAGAACTGTA_F01641,nasal mucosa goblet cell,"pulmonary alveolar type 2 cell

The top genes include SCGB3A2 and SCGB1A1 (club cell), but the broader profile is dominated by surfactant-associated markers (SFTPC, SFTPB, SFTPA1, SFTPA2), NAPSA, SLC34A2, and SFTA2—canonical alveolar type 2 genes. The highest pathway score is also AT2 (+0.80), exceeding club cell. Thus the stage-1 club cell label is incorrect; this is a pulmonary alveolar type 2 cell.",pulmonary alveolar type 2 cell,"The top genes include SCGB3A2 and SCGB1A1 (club cell), but the broader profile is dominated by surfactant-associated markers (SFTPC, SFTPB, SFTPA1, SFTPA2), NAPSA, SLC34A2, and SFTA2—canonical alveolar type 2 genes. The highest pathway score is also AT2 (+0.80), exceeding club cell. Thus the stage-1 club cell label is incorrect; this is a pulmonary alveolar type 2 cell.",0,0,1,0,1,0,1,0,1
65565,7239219_CATTCGCAGCCGCCTA,nasal mucosa goblet cell,"club cell

The top markers SCGB1A1, SCGB3A1, and SCGB3A2 are canonical club cell secretory proteins, with SFTPB and SLPI also consistent. Surfactant-related genes (SFTPC, SFTPA2) appear at low weights and may reflect a minor transitional or contamination signal, but the club cell pathway score is highest and the overall expression profile strongly supports club cell identity.",club cell,"The top markers SCGB1A1, SCGB3A1, and SCGB3A2 are canonical club cell secretory proteins, with SFTPB and SLPI also consistent. Surfactant-related genes (SFTPC, SFTPA2) appear at low weights and may reflect a minor transitional or contamination signal, but the club cell pathway score is highest and the overall expression profile strongly supports club cell identity.",0,0,3,0,3,0,3,0,3
194923,AACTGGTAGGGCTTCC_HD101,nasal mucosa goblet cell,"club cell
SCGB3A2 is the top cell-specific gene and a canonical club cell marker, with supporting expression of SCGB3A1, SFTA2, SLPI, WFDC2, and CXCL17. The highest pathway score is for the canonical club cell program, confirming the stage-1 annotation.",club cell,"SCGB3A2 is the top cell-specific gene and a canonical club cell marker, with supporting expression of SCGB3A1, SFTA2, SLPI, WFDC2, and CXCL17. The highest pathway score is for the canonical club cell program, confirming the stage-1 annotation.",0,0,3,0,3,0,3,0,3
294803,AGGGTGATCTCTAAGG_F02522,nasal mucosa goblet cell,"elicited macrophage

High expression of macrophage markers (C1QA/B/C, CSF1R, CD163, TYROBP) confirms a macrophage, but absence of alveolar macrophage genes (PPARG/APOE/MARCO) and presence of monocyte-derived inflammatory markers (FCN1, S100A8/9, LYZ) plus CXCL9/CXCL11 point to an elicited/inflammatory macrophage, not a resident lung macrophage.",elicited macrophage,"High expression of macrophage markers (C1QA/B/C, CSF1R, CD163, TYROBP) confirms a macrophage, but absence of alveolar macrophage genes (PPARG/APOE/MARCO) and presence of monocyte-derived inflammatory markers (FCN1, S100A8/9, LYZ) plus CXCL9/CXCL11 point to an elicited/inflammatory macrophage, not a resident lung macrophage.",0,0,0,0,0,0,0,0,0
26550,TTATGCTCAGGATTGG_F02617,nasal mucosa goblet cell,"bronchial goblet cell
The expression profile (SLPI, SCGB3A1, BPIFA1, WFDC2, AGR2, KRT19) and high MUC5AC/MUC5B goblet cell pathway scores confirm bronchial goblet cell identity. This is most consistent with the stage-1 annotation among the listed subtypes.",bronchial goblet cell,"The expression profile (SLPI, SCGB3A1, BPIFA1, WFDC2, AGR2, KRT19) and high MUC5AC/MUC5B goblet cell pathway scores confirm bronchial goblet cell identity. This is most consistent with the stage-1 annotation among the listed subtypes.",0,0,3,0,3,0,3,0,3
131755,GTTCGGGTCGGTTCGG_F02617,nasal mucosa goblet cell,"club cell
The top markers (SCGB3A2, SCGB3A1, SCGB1A1) are canonical club cell secretoglobins, with supportive expression of SLPI, WFDC2, and BPIFB1. The highest pathway scores are club cell programs, reinforcing this identity. Although some genes overlap with alveolar or goblet signatures, the dominant and specific expression profile confirms the stage-1 annotation.",club cell,"The top markers (SCGB3A2, SCGB3A1, SCGB1A1) are canonical club cell secretoglobins, with supportive expression of SLPI, WFDC2, and BPIFB1. The highest pathway scores are club cell programs, reinforcing this identity. Although some genes overlap with alveolar or goblet signatures, the dominant and specific expression profile confirms the stage-1 annotation.",0,0,3,0,3,0,3,0,3
262780,CATGCCTCAAGCTGGA_F01394,nasal mucosa goblet cell,"club cell
Top TF-IDF markers (SCGB1A1, SCGB3A1, SLPI, BPIFB1, WFDC2) are canonical club cell markers, strongly outweighing minor goblet-associated genes like MUC5AC/MUC5B. The pathway scores are nearly tied, but direct gene expression supports the stage-1 annotation.",club cell,"Top TF-IDF markers (SCGB1A1, SCGB3A1, SLPI, BPIFB1, WFDC2) are canonical club cell markers, strongly outweighing minor goblet-associated genes like MUC5AC/MUC5B. The pathway scores are nearly tied, but direct gene expression supports the stage-1 annotation.",0,0,3,0,3,0,3,0,3
125989,GTTCGGGGTTCAGACT_F01851,nasal mucosa goblet cell,"club cell

The top markers (SCGB3A2, SCGB1A1, SCGB3A1, SLPI, SFTPB) are canonical club cell secretory proteins. While ciliary genes (CFAP, RSPH1, DNAAF1) appear, they are lower-ranked, and club cell pathway scores remain strong. The profile does not match goblet, AT2, or fully differentiated ciliated cells.",club cell,"The top markers (SCGB3A2, SCGB1A1, SCGB3A1, SLPI, SFTPB) are canonical club cell secretory proteins. While ciliary genes (CFAP, RSPH1, DNAAF1) appear, they are lower-ranked, and club cell pathway scores remain strong. The profile does not match goblet, AT2, or fully differentiated ciliated cells.",0,0,3,0,3,0,3,0,3
22178,ACGGGCTTCGGTCCGA_F02607,nasal mucosa goblet cell,"club cell

The top markers SCGB1A1, SCGB3A2, and SCGB3A1 are canonical club cell secretory proteins, with highest pathway score for canonical club cell identity. Lower SFTPB, MGP, and HOPX reflect minor mixed alveolar/epithelial signal, but dominant secretoglobin expression confirms the stage-1 annotation.",club cell,"The top markers SCGB1A1, SCGB3A2, and SCGB3A1 are canonical club cell secretory proteins, with highest pathway score for canonical club cell identity. Lower SFTPB, MGP, and HOPX reflect minor mixed alveolar/epithelial signal, but dominant secretoglobin expression confirms the stage-1 annotation.",0,0,3,0,3,0,3,0,3
284539,AGCATACTCCTGTACC_F02611,nasal mucosa goblet cell,"club cell

Dominant expression of SCGB1A1, SCGB3A1, SCGB3A2, SLPI, WFDC2, and BPIFB1 is canonical for lung club cells. Although the ciliated-cell pathway score is high, individual ciliary genes have far lower TF-IDF weights and do not override the strong secretoglobin signature. No goblet, AT2, or neuroendocrine markers dominate. The stage-1 annotation is confirmed.",club cell,"Dominant expression of SCGB1A1, SCGB3A1, SCGB3A2, SLPI, WFDC2, and BPIFB1 is canonical for lung club cells. Although the ciliated-cell pathway score is high, individual ciliary genes have far lower TF-IDF weights and do not override the strong secretoglobin signature. No goblet, AT2, or neuroendocrine markers dominate. The stage-1 annotation is confirmed.",0,0,3,0,3,0,3,0,3
69406,ACGGCCATCGTGGTCG_F02528,nasal mucosa goblet cell,"pulmonary neuroendocrine cell

GRP is the top marker with by far the highest weight, and CALCA, CHGA, SCG5, and CPE support neuroendocrine identity. The PNEC pathway score is highest. Surfactant/secretoglobin genes are minor and likely represent ambient or low-level expression, not epithelial lineage.",pulmonary neuroendocrine cell,"GRP is the top marker with by far the highest weight, and CALCA, CHGA, SCG5, and CPE support neuroendocrine identity. The PNEC pathway score is highest. Surfactant/secretoglobin genes are minor and likely represent ambient or low-level expression, not epithelial lineage.",0,0,2,0,2,0,2,0,2
169332,AGGGTGAGTTCCACGG_F02607,natural killer cell,"natural killer cell

Top genes (NKG7, GNLY, PRF1, GZMB, GZMH, GZMA, KLRD1, KIR2DL4, KIR2DL1, KLRF1, FGFBP2, CTSW, CLIC3) strongly support natural killer cell identity. Pathway scores show highest enrichment for adaptive NKG2C+ and conventional CD56dim NK programs, with only partial overlap with CD8+ T/ILC1 markers. The minor T-cell-related signals (CD3E, TRBC1, CD247) likely reflect NK/T shared transcripts or contamination, but the overall profile is unequivocally NK cell.",natural killer cell,"Top genes (NKG7, GNLY, PRF1, GZMB, GZMH, GZMA, KLRD1, KIR2DL4, KIR2DL1, KLRF1, FGFBP2, CTSW, CLIC3) strongly support natural killer cell identity. Pathway scores show highest enrichment for adaptive NKG2C+ and conventional CD56dim NK programs, with only partial overlap with CD8+ T/ILC1 markers. The minor T-cell-related signals (CD3E, TRBC1, CD247) likely reflect NK/T shared transcripts or contamination, but the overall profile is unequivocally NK cell.",1,1,4,1,4,1,4,1,4
180463,P1_4_AGCGTCGTCTGGGCCA,natural killer cell,"natural killer cell
The top genes (GNLY, NKG7, GZMB, PRF1, KLRD1, KLRF1, KLRC1, FCGR3A) and high pathway scores for conventional CD56dim NK cells confirm the stage-1 annotation. No other cell type in the list matches this cytotoxic NK receptor and granule profile.",natural killer cell,"The top genes (GNLY, NKG7, GZMB, PRF1, KLRD1, KLRF1, KLRC1, FCGR3A) and high pathway scores for conventional CD56dim NK cells confirm the stage-1 annotation. No other cell type in the list matches this cytotoxic NK receptor and granule profile.",1,1,4,1,4,1,4,1,4
309589,P1_4_CCTCAGTAGAAACCAT,natural killer cell,"natural killer cell

The gene expression profile is strongly NK-specific: GNLY, NKG7, PRF1, GZMB/GZMH/GZMA, KLRD1, KLRF1, FGFBP2, and FCGR3A (CD16) are canonical cytotoxic NK markers. The top pathway scores for CD56dim and adaptive NK cells further support this identity over CD8+ T cells or ILC1s. Stage-1 annotation is therefore confirmed.",natural killer cell,"The gene expression profile is strongly NK-specific: GNLY, NKG7, PRF1, GZMB/GZMH/GZMA, KLRD1, KLRF1, FGFBP2, and FCGR3A (CD16) are canonical cytotoxic NK markers. The top pathway scores for CD56dim and adaptive NK cells further support this identity over CD8+ T cells or ILC1s. Stage-1 annotation is therefore confirmed.",1,1,4,1,4,1,4,1,4
254666,GTCGGGTCAGCTGCAC_HD66,natural killer cell,"natural killer cell
The top genes (NKG7, GNLY, GZMA, GZMB, PRF1, KLRD1, KLRF1, FGFBP2, IFNG) are canonical NK cell markers. Pathway scoring most strongly matches conventional CD56dim NK cells. TRBC1 presence likely reflects minor contamination or T-cell overlap, but overall evidence confirms the NK cell annotation.",natural killer cell,"The top genes (NKG7, GNLY, GZMA, GZMB, PRF1, KLRD1, KLRF1, FGFBP2, IFNG) are canonical NK cell markers. Pathway scoring most strongly matches conventional CD56dim NK cells. TRBC1 presence likely reflects minor contamination or T-cell overlap, but overall evidence confirms the NK cell annotation.",1,1,4,1,4,1,4,1,4
229805,GGCGTGTAGTTAGGTA_F01639,natural killer cell,"CD8-positive, alpha-beta T cell

Expression of CD3E/D/G, TRBC2, CD8 co-receptors, cytotoxic effectors (GZMA/B/K, NKG7, GNLY), and effector cytokines (IFNG, TNF, CCL4/5) confirms a CD8+ alpha-beta T cell. TCR and CD3 expression exclude NK cells. The top pathway scores for CD8+ TRM/TCM are consistent with this annotation.","CD8-positive, alpha-beta T cell","Expression of CD3E/D/G, TRBC2, CD8 co-receptors, cytotoxic effectors (GZMA/B/K, NKG7, GNLY), and effector cytokines (IFNG, TNF, CCL4/5) confirms a CD8+ alpha-beta T cell. TCR and CD3 expression exclude NK cells. The top pathway scores for CD8+ TRM/TCM are consistent with this annotation.",0,0,2,0,2,0,2,0,2
303503,CTAAGACTCTGTCTCG-1-HCATisStab7587202,natural killer cell,"natural killer cell
The expression profile is dominated by cytotoxic/NK markers: GNLY, NKG7, PRF1, GZMB, GZMA, KLRD1, KLRF1, XCL1/XCL2, SPON2, and FGFBP2. Pathway scores rank NKG2C+ adaptive NK and CD56dim conventional NK programs highest, further supporting NK identity. The stage-1 annotation is correct.",natural killer cell,"The expression profile is dominated by cytotoxic/NK markers: GNLY, NKG7, PRF1, GZMB, GZMA, KLRD1, KLRF1, XCL1/XCL2, SPON2, and FGFBP2. Pathway scores rank NKG2C+ adaptive NK and CD56dim conventional NK programs highest, further supporting NK identity. The stage-1 annotation is correct.",1,1,4,1,4,1,4,1,4
113946,GTTAAGCTCTTCGGTC-SC56,natural killer cell,"natural killer cell
The expression profile is dominated by canonical NK cell markers (GZMB, GNLY, PRF1, NKG7, KLRD1, KLRF1, FGFBP2, S1PR5) and CD16 (FCGR3A), with highest pathway scores for conventional and adaptive NK cells. CD8+ T-cell overlap is noted but insufficient to override the NK-specific signature.",natural killer cell,"The expression profile is dominated by canonical NK cell markers (GZMB, GNLY, PRF1, NKG7, KLRD1, KLRF1, FGFBP2, S1PR5) and CD16 (FCGR3A), with highest pathway scores for conventional and adaptive NK cells. CD8+ T-cell overlap is noted but insufficient to override the NK-specific signature.",1,1,4,1,4,1,4,1,4
123934,P3_6_GATCGCGGTATAGGGC,natural killer cell,"Natural killer cell

The expression profile is dominated by canonical NK cell cytotoxic markers and receptors: GNLY, NKG7, PRF1, GZMB, GZMH, GZMA, KLRD1, KLRF1, and FGFBP2. Pathway scoring also ranks conventional NK cells highest. Low-level TRDC/TRBC1 signals may reflect minor contamination or adaptive-like NK cells, but overall evidence clearly supports a natural killer cell identity.",Natural killer cell,"The expression profile is dominated by canonical NK cell cytotoxic markers and receptors: GNLY, NKG7, PRF1, GZMB, GZMH, GZMA, KLRD1, KLRF1, and FGFBP2. Pathway scoring also ranks conventional NK cells highest. Low-level TRDC/TRBC1 signals may reflect minor contamination or adaptive-like NK cells, but overall evidence clearly supports a natural killer cell identity.",1,1,4,1,4,1,4,1,4
162593,GTCTCGTAGAGCTGGT-SC56,natural killer cell,"natural killer cell
The expression profile is dominated by canonical NK cell markers, including GZMB, GNLY, PRF1, NKG7, KLRD1, KLRF1, KIR2DL1, and KIR3DX1. Pathway scores also rank adaptive and conventional NK programs highest, supporting the stage-1 annotation. Minor CD8+ T-cell overlap is expected but does not override the strong NK-specific signal.",natural killer cell,"The expression profile is dominated by canonical NK cell markers, including GZMB, GNLY, PRF1, NKG7, KLRD1, KLRF1, KIR2DL1, and KIR3DX1. Pathway scores also rank adaptive and conventional NK programs highest, supporting the stage-1 annotation. Minor CD8+ T-cell overlap is expected but does not override the strong NK-specific signal.",1,1,4,1,4,1,4,1,4
293037,GTCTTCGGTGCTGTAT-1-HCATisStab7747198,natural killer cell,"natural killer cell

The top genes (GNLY, NKG7, PRF1, GZMB, KLRD1, KLRF1, KLRC2, S1PR5) are canonical NK-cell markers, and pathway scores favor NKG2C+ adaptive and CD56dim conventional NK cells. The profile is not consistent with T cells, ILC1s, or tissue-resident NK cells despite partial overlap. Therefore, the original annotation is correct.",natural killer cell,"The top genes (GNLY, NKG7, PRF1, GZMB, KLRD1, KLRF1, KLRC2, S1PR5) are canonical NK-cell markers, and pathway scores favor NKG2C+ adaptive and CD56dim conventional NK cells. The profile is not consistent with T cells, ILC1s, or tissue-resident NK cells despite partial overlap. Therefore, the original annotation is correct.",1,1,4,1,4,1,4,1,4
122766,P3_5_CCTCTGAAGAGTACCG,natural killer cell,"natural killer cell
The expression profile is dominated by NK cell markers (GNLY, NKG7, GZMB, PRF1, KLRB1, KLRD1, KLRF1, NCR3, KIR2DL1) and cytotoxic granule components. The absence of CD4/CD8 T-cell markers and presence of FCGR3A, TRDC, and NK-associated programs confirm NK identity over T cells or ILC1s. The stage-1 annotation is correct.",natural killer cell,"The expression profile is dominated by NK cell markers (GNLY, NKG7, GZMB, PRF1, KLRB1, KLRD1, KLRF1, NCR3, KIR2DL1) and cytotoxic granule components. The absence of CD4/CD8 T-cell markers and presence of FCGR3A, TRDC, and NK-associated programs confirm NK identity over T cells or ILC1s. The stage-1 annotation is correct.",1,1,4,1,4,1,4,1,4
246628,TTCGAAGCAGCTATTG-1-HCATisStab7747197,natural killer cell,"Natural killer cell
The expression profile is dominated by canonical NK cell cytotoxic markers (GNLY, NKG7, PRF1, GZMB, GZMA, KLRD1, KLRF1, FCGR3A) and NK-associated chemokines (CCL3, CCL4, XCL1/2). Pathway scores strongly favor adaptive/conventional NK cells. TRDC/TRBC1 signals are weak and likely minor T-cell contamination, not sufficient to overturn the NK assignment.",Natural killer cell,"The expression profile is dominated by canonical NK cell cytotoxic markers (GNLY, NKG7, PRF1, GZMB, GZMA, KLRD1, KLRF1, FCGR3A) and NK-associated chemokines (CCL3, CCL4, XCL1/2). Pathway scores strongly favor adaptive/conventional NK cells. TRDC/TRBC1 signals are weak and likely minor T-cell contamination, not sufficient to overturn the NK assignment.",1,1,4,1,4,1,4,1,4
40529,GACCAATAGTGTGAAT-1-HCATisStab7587211,natural killer cell,"natural killer cell
Expression of GNLY, NKG7, GZMB, GZMA, PRF1, and KLRF1/KLRD1 confirms cytotoxic NK identity. High NK-cell pathway scores (adaptive and conventional) and strong CCL3/CCL4/IFNG support this over CD8+ T cells or ILC1s.",natural killer cell,"Expression of GNLY, NKG7, GZMB, GZMA, PRF1, and KLRF1/KLRD1 confirms cytotoxic NK identity. High NK-cell pathway scores (adaptive and conventional) and strong CCL3/CCL4/IFNG support this over CD8+ T cells or ILC1s.",1,1,4,1,4,1,4,1,4
145738,CACAAACTCTGCCCTA_F02522,natural killer cell,"natural killer cell
The top genes (GNLY, NKG7, GZMB, PRF1, KLRD1, KLRF1, FGFBP2, SH2D1B) strongly support NK cell identity, with high scores for adaptive and conventional NK programs. TRBC1 is low and likely minor contamination; no definitive CD8+ T-cell or ILC1 program dominates.",natural killer cell,"The top genes (GNLY, NKG7, GZMB, PRF1, KLRD1, KLRF1, FGFBP2, SH2D1B) strongly support NK cell identity, with high scores for adaptive and conventional NK programs. TRBC1 is low and likely minor contamination; no definitive CD8+ T-cell or ILC1 program dominates.",1,1,4,1,4,1,4,1,4
283235,GTGCATAAGACCTAGG-1-HCATisStab7587211,natural killer cell,"natural killer cell
The gene expression profile is dominated by canonical NK cell markers (GNLY, NKG7, PRF1, GZMA/B/H/M, KLRD1, KLRF1, FGFBP2) with no CD3 or TCR genes, and the pathway scores favor adaptive/conventional NK cells. This confirms the stage-1 annotation as natural killer cell.",natural killer cell,"The gene expression profile is dominated by canonical NK cell markers (GNLY, NKG7, PRF1, GZMA/B/H/M, KLRD1, KLRF1, FGFBP2) with no CD3 or TCR genes, and the pathway scores favor adaptive/conventional NK cells. This confirms the stage-1 annotation as natural killer cell.",1,1,4,1,4,1,4,1,4
196189,CCGTTCATCGTCTGCT-1-HCATisStab7587211,natural killer cell,"natural killer cell
The expression profile is highly consistent with NK cells, dominated by GNLY, NKG7, PRF1, granzymes, KLRD1, KLRF1, and FGFBP2, plus CCL3/CCL4 and IFNG indicating activation. TRDC and XCL1/XCL2 further support the NK/innate lymphoid lineage. No clear T-cell receptor or CD8/CD4 program outweighs these markers.",natural killer cell,"The expression profile is highly consistent with NK cells, dominated by GNLY, NKG7, PRF1, granzymes, KLRD1, KLRF1, and FGFBP2, plus CCL3/CCL4 and IFNG indicating activation. TRDC and XCL1/XCL2 further support the NK/innate lymphoid lineage. No clear T-cell receptor or CD8/CD4 program outweighs these markers.",1,1,4,1,4,1,4,1,4
178127,GTTCTCGGTAAGCACG-1-HCATisStab7587208,natural killer cell,"natural killer cell
The expression profile is dominated by NK-defining cytotoxic genes (GNLY, NKG7, PRF1, GZMB, GZMA, CST7, CTSW) and NK receptors (KLRD1, KLRF1, NCR3, KLRG1, CD160, FCGR3A). Highest pathway scores for conventional and adaptive NK cells strongly support this identity. Minor TRDC/TRBC1 signals are insufficient to override the canonical NK signature.",natural killer cell,"The expression profile is dominated by NK-defining cytotoxic genes (GNLY, NKG7, PRF1, GZMB, GZMA, CST7, CTSW) and NK receptors (KLRD1, KLRF1, NCR3, KLRG1, CD160, FCGR3A). Highest pathway scores for conventional and adaptive NK cells strongly support this identity. Minor TRDC/TRBC1 signals are insufficient to override the canonical NK signature.",1,1,4,1,4,1,4,1,4
280596,CATCAGAAGCTGAACG_F02522,natural killer cell,"natural killer cell
High expression of NKG7, GNLY, FGFBP2, PRF1, GZMB, GZMA, KLRD1, and CCL4/CCL5, with top pathway scores for conventional and adaptive NK cells, robustly confirms NK identity; minimal confusion with CD8+ T or ILC1.",natural killer cell,"High expression of NKG7, GNLY, FGFBP2, PRF1, GZMB, GZMA, KLRD1, and CCL4/CCL5, with top pathway scores for conventional and adaptive NK cells, robustly confirms NK identity; minimal confusion with CD8+ T or ILC1.",1,1,4,1,4,1,4,1,4
111794,CTAGTGACACTGAAGG-1-HCATisStab7747200,natural killer cell,"Natural killer cell

The top markers (GNLY, NKG7, PRF1, GZMB, GZMA, GZMH, KLRD1, KLRF1, NCR3, FCGR3A, CTSW, CCL5, CCL3/4) are canonical NK/cytotoxic genes, and the highest pathway scores are for conventional and adaptive NK programs. This strongly confirms the stage-1 annotation; no other listed cell type fits this cytotoxic NK expression profile.",Natural killer cell,"The top markers (GNLY, NKG7, PRF1, GZMB, GZMA, GZMH, KLRD1, KLRF1, NCR3, FCGR3A, CTSW, CCL5, CCL3/4) are canonical NK/cytotoxic genes, and the highest pathway scores are for conventional and adaptive NK programs. This strongly confirms the stage-1 annotation; no other listed cell type fits this cytotoxic NK expression profile.",1,1,4,1,4,1,4,1,4
102385,P2_1_GAGCAGAAGTGGAGTC,natural killer cell,"natural killer cell
The top markers (NKG7, GNLY, GZMB, PRF1, FCGR3A, KLRD1, KIR2DL3, KLRF1) and cytotoxic/chemokine expression profile strongly support NK cell identity. Pathway scores are highest for adaptive NKG2C+ and conventional CD56dim NK subsets, confirming the stage-1 annotation.",natural killer cell,"The top markers (NKG7, GNLY, GZMB, PRF1, FCGR3A, KLRD1, KIR2DL3, KLRF1) and cytotoxic/chemokine expression profile strongly support NK cell identity. Pathway scores are highest for adaptive NKG2C+ and conventional CD56dim NK subsets, confirming the stage-1 annotation.",1,1,4,1,4,1,4,1,4
204669,CTCGGGAGTATAGGGC_F02526,non-classical monocyte,"non-classical monocyte

The pathway scores favor non-classical monocytes (0.781) over classical (0.617), and the profile includes FCGR3A (CD16), LST1, TYROBP, AIF1, and CFD, which are characteristic of non-classical monocytes. While FCN1 and APOBEC3A are expressed, the overall signature—particularly CD16 and the stress response—supports correction to non-classical monocyte.",non-classical monocyte,"The pathway scores favor non-classical monocytes (0.781) over classical (0.617), and the profile includes FCGR3A (CD16), LST1, TYROBP, AIF1, and CFD, which are characteristic of non-classical monocytes. While FCN1 and APOBEC3A are expressed, the overall signature—particularly CD16 and the stress response—supports correction to non-classical monocyte.",1,1,4,1,4,1,4,1,4
107886,TTTACTGTCGAGAACG_F01365,non-classical monocyte,"classical monocyte

Expression of S100A8/S100A9/S100A12, FCN1, CD14, VCAN, SELL, NCF1, and MNDA strongly matches classical CD14+ monocytes. Highest pathway score is for classical monocytes, with lower scores for intermediate/non-classical monocytes and dendritic cells. No clear alveolar macrophage or DC signature.",classical monocyte,"Expression of S100A8/S100A9/S100A12, FCN1, CD14, VCAN, SELL, NCF1, and MNDA strongly matches classical CD14+ monocytes. Highest pathway score is for classical monocytes, with lower scores for intermediate/non-classical monocytes and dendritic cells. No clear alveolar macrophage or DC signature.",0,0,3,0,3,0,3,0,3
201601,TTGTAGGTCATCACCC_HD101,non-classical monocyte,"classical monocyte

The top markers (CD14, FCN1, CSF1R, SPI1, S100A4, LILRB/A, TYROBP) strongly support classical monocyte identity. FCGR3A expression elevates intermediate/non-classical pathway scores, but the presence of CD14 and FCN1 excludes non-classical",classical monocyte,"The top markers (CD14, FCN1, CSF1R, SPI1, S100A4, LILRB/A, TYROBP) strongly support classical monocyte identity. FCGR3A expression elevates intermediate/non-classical pathway scores, but the presence of CD14 and FCN1 excludes non-classical",0,0,3,0,3,0,3,0,3
65900,CGAGCACCAGCTGTAT-SC59,non-classical monocyte,Classical monocyte,Classical monocyte,,0,0,3,0,3,0,3,0,3
58923,AGACGTTAGCCTATGT_F02524,non-classical monocyte,"alveolar macrophage

High expression of C1QA/B/C, CD68, TYROBP, LYZ, and HLA-D genes confirms a tissue-resident macrophage identity. In lung parenchyma, this profile is most consistent with alveolar macrophages, specialized for immune surveillance. Despite a moderately strong interstitial macrophage pathway score, that subtype is not among the options, and the overall evidence supports the stage-1 annotation.",alveolar macrophage,"High expression of C1QA/B/C, CD68, TYROBP, LYZ, and HLA-D genes confirms a tissue-resident macrophage identity. In lung parenchyma, this profile is most consistent with alveolar macrophages, specialized for immune surveillance. Despite a moderately strong interstitial macrophage pathway score, that subtype is not among the options, and the overall evidence supports the stage-1 annotation.",0,0,2,0,2,0,2,0,2
8550,TTATGCTGTCTGCCAG_HD67,non-classical monocyte,"alveolar macrophage
Expression of APOE, C1QC/C1QA/C1QB, CD68, CD163, MRC1, TREM2, ACP5, and CCL18/CCL17 is characteristic of alveolar macrophages. High HLA class II and CD74 reflect antigen-presenting activity. Pathway scores highest for alveolar resident macrophage, confirming the stage-1 annotation.",alveolar macrophage,"Expression of APOE, C1QC/C1QA/C1QB, CD68, CD163, MRC1, TREM2, ACP5, and CCL18/CCL17 is characteristic of alveolar macrophages. High HLA class II and CD74 reflect antigen-presenting activity. Pathway scores highest for alveolar resident macrophage, confirming the stage-1 annotation.",0,0,2,0,2,0,2,0,2
142625,CCTTCGATCTGTCCGT_F01639,non-classical monocyte,"classical monocyte
The expression profile is dominated by FCN1, S100A9, LILRA5, APOBEC3A, and LILRB2, which are canonical classical monocyte markers. The high monocyte subset pathway scores and absence of dendritic- or macrophage-specific programs support this annotation. FCGR3A/CD16 presence is consistent with some maturing/intermediate monocytes, but FCN1 as the top gene confirms classical monocyte identity.",classical monocyte,"The expression profile is dominated by FCN1, S100A9, LILRA5, APOBEC3A, and LILRB2, which are canonical classical monocyte markers. The high monocyte subset pathway scores and absence of dendritic- or macrophage-specific programs support this annotation. FCGR3A/CD16 presence is consistent with some maturing/intermediate monocytes, but FCN1 as the top gene confirms classical monocyte identity.",0,0,3,0,3,0,3,0,3
89305,P3_7_CGTTCTGCAAGCGTAG,non-classical monocyte,"non-classical monocyte
The pathway scores rank non-classical monocytes (CD16+) highest, and key markers FCGR3A, MS4A7, LST1, and AIF1 support this identity. While FCN1 and classical markers appear, the overall evidence favors the CD16+ non-classical monocyte subtype over classical monocytes.",non-classical monocyte,"The pathway scores rank non-classical monocytes (CD16+) highest, and key markers FCGR3A, MS4A7, LST1, and AIF1 support this identity. While FCN1 and classical markers appear, the overall evidence favors the CD16+ non-classical monocyte subtype over classical monocytes.",1,1,4,1,4,1,4,1,4
231036,GACGTTAGTACTTCTT_F01367,non-classical monocyte,"CD1c-positive myeloid dendritic cell

The expression profile shows canonical CD1c+ cDC2 markers: CD1C, CLEC10A, FCER1A, and high HLA-DR genes. Pathway scoring highest for cDC2 further supports this identity. Monocyte/macrophage-associated genes (LYZ, S100A4) are present but less definitive than the DC-specific markers, confirming the stage-1 annotation.",CD1c-positive myeloid dendritic cell,"The expression profile shows canonical CD1c+ cDC2 markers: CD1C, CLEC10A, FCER1A, and high HLA-DR genes. Pathway scoring highest for cDC2 further supports this identity. Monocyte/macrophage-associated genes (LYZ, S100A4) are present but less definitive than the DC-specific markers, confirming the stage-1 annotation.",0,0,2,0,2,0,2,0,2
309461,GTTCGGGGTAACGACG_F01874,non-classical monocyte,"alveolar macrophage
Expression of FABP4, MARCO, CD68, C1QA/B/C, CCL18, APOE, MRC1, and lysosomal genes, plus the top pathway score for alveolar resident macrophage, confirm this identity. Surfactant genes (SFTPC, SFTPB) likely reflect phagocytosed material or ambient contamination, not epithelial origin.",alveolar macrophage,"Expression of FABP4, MARCO, CD68, C1QA/B/C, CCL18, APOE, MRC1, and lysosomal genes, plus the top pathway score for alveolar resident macrophage, confirm this identity. Surfactant genes (SFTPC, SFTPB) likely reflect phagocytosed material or ambient contamination, not epithelial origin.",0,0,2,0,2,0,2,0,2
190082,GCCAACGGTCAGTCGC_SC142,non-classical monocyte,"alveolar macrophage

The expression profile is most consistent with alveolar macrophages, with high FABP4, SPP1, MMP9, C1QA/B/C, APOE, CD68, and TREM2, plus top pathway scores for alveolar resident macrophage identity. These markers distinguish them from monocytes, dendritic cells, and interstitial or elicited macrophage populations.",alveolar macrophage,"The expression profile is most consistent with alveolar macrophages, with high FABP4, SPP1, MMP9, C1QA/B/C, APOE, CD68, and TREM2, plus top pathway scores for alveolar resident macrophage identity. These markers distinguish them from monocytes, dendritic cells, and interstitial or elicited macrophage populations.",0,0,2,0,2,0,2,0,2
95099,TGAGAGGGTTACGACT_F01851,non-classical monocyte,"alveolar macrophage

The profile is dominated by classic alveolar macrophage markers (C1QA/B/C, AIF1, TYROBP, FCER1G, CD74, HLA-DR), with strong pathway scores for monocyte-derived and resident alveolar macrophages. GNLY/NKG7/CCL5 may reflect minor contamination or activation, but the overall myeloid identity and lung parenchyma context support the stage-1 annotation.",alveolar macrophage,"The profile is dominated by classic alveolar macrophage markers (C1QA/B/C, AIF1, TYROBP, FCER1G, CD74, HLA-DR), with strong pathway scores for monocyte-derived and resident alveolar macrophages. GNLY/NKG7/CCL5 may reflect minor contamination or activation, but the overall myeloid identity and lung parenchyma context support the stage-1 annotation.",0,0,2,0,2,0,2,0,2
105101,TGTGGTACAGCTGTAT_F01639,non-classical monocyte,"classical monocyte

The profile is dominated by canonical classical monocyte markers: S100A8/S100A9/S100A12, FCN1, CD14, CSF3R, LYZ, VCAN, and NAMPT. Pathway scoring also ranks classical monocytes highest, with intermediate and non-classical monocytes lower. This confirms the stage-1 annotation; no evidence suggests macrophage, dendritic, or other lung cell identity.",classical monocyte,"The profile is dominated by canonical classical monocyte markers: S100A8/S100A9/S100A12, FCN1, CD14, CSF3R, LYZ, VCAN, and NAMPT. Pathway scoring also ranks classical monocytes highest, with intermediate and non-classical monocytes lower. This confirms the stage-1 annotation; no evidence suggests macrophage, dendritic, or other lung cell identity.",0,0,3,0,3,0,3,0,3
2306,GGTGTTAGTAGTACGG_SC84,non-classical monocyte,Classical monocyte,Classical monocyte,,0,0,3,0,3,0,3,0,3
151693,7239219_GGGAGATTCCAGAGGA,non-classical monocyte,"alveolar macrophage

Expression of resident macrophage markers (C1QA/B, VSIG4, MS4A6A) alongside myeloid/antigen-presentation genes (LYZ, CD74, HLA-DRA) supports alveolar macrophage identity. Monocyte-like signals (S100A8/9, FCN1) may reflect activation/recruitment, but VSIG4 and C1Q strongly indicate tissue-resident alveolar lineage. SFTPC is likely contamination.",alveolar macrophage,"Expression of resident macrophage markers (C1QA/B, VSIG4, MS4A6A) alongside myeloid/antigen-presentation genes (LYZ, CD74, HLA-DRA) supports alveolar macrophage identity. Monocyte-like signals (S100A8/9, FCN1) may reflect activation/recruitment, but VSIG4 and C1Q strongly indicate tissue-resident alveolar lineage. SFTPC is likely contamination.",0,0,2,0,2,0,2,0,2
235610,CGAGCACCAAAGTGCG_F01874,non-classical monocyte,"classical monocyte

The expression profile is dominated by canonical classical monocyte markers S100A8, S100A9, FCN1, LYZ, and VCAN, with high CD14-pathway scores. C1Q and CD163 also appear but do not outweigh the classical monocyte signature. Thus the stage-1 annotation is confirmed.",classical monocyte,"The expression profile is dominated by canonical classical monocyte markers S100A8, S100A9, FCN1, LYZ, and VCAN, with high CD14-pathway scores. C1Q and CD163 also appear but do not outweigh the classical monocyte signature. Thus the stage-1 annotation is confirmed.",0,0,3,0,3,0,3,0,3
49987,AAAGCAACAACGATCT_F01394,non-classical monocyte,"alveolar macrophage
The expression profile (C1QA/B/C, CD68, TYROBP, AIF1, FCER1G, VSIR, CD74) is characteristic of tissue-resident alveolar macrophages. The pathway scores strongly support alveolar resident macrophage identity, and the lung parenchyma context with no DC-specific markers confirms the stage-1 annotation.",alveolar macrophage,"The expression profile (C1QA/B/C, CD68, TYROBP, AIF1, FCER1G, VSIR, CD74) is characteristic of tissue-resident alveolar macrophages. The pathway scores strongly support alveolar resident macrophage identity, and the lung parenchyma context with no DC-specific markers confirms the stage-1 annotation.",0,0,2,0,2,0,2,0,2
213564,CTAGAGTGTGGCTCCA_F01394,non-classical monocyte,"alveolar macrophage
The top markers (FABP4, C1QA/B/C, TREM2, CD36, CD68, APOC1) are classic for lung-resident alveolar macrophages. While interstitial macrophage pathway score is slightly higher, the strong FABP4 and C1Q expression confirms an alveolar resident identity rather than monocyte-derived or interstitial origin.",alveolar macrophage,"The top markers (FABP4, C1QA/B/C, TREM2, CD36, CD68, APOC1) are classic for lung-resident alveolar macrophages. While interstitial macrophage pathway score is slightly higher, the strong FABP4 and C1Q expression confirms an alveolar resident identity rather than monocyte-derived or interstitial origin.",0,0,2,0,2,0,2,0,2
178151,7135920_CAGTAACAGGCGTACA,non-classical monocyte,"club cell

SCGB1A1 is the top specific marker, with SCGB3A1/SCGB3A2 supporting a club cell identity. The highest pathway score is also the transitional/KRT8+ club cell program. Many downstream immune-related genes likely reflect background contamination or doublets, but the dominant secretoglobin profile and pathway evidence confirm the original annotation.",club cell,"SCGB1A1 is the top specific marker, with SCGB3A1/SCGB3A2 supporting a club cell identity. The highest pathway score is also the transitional/KRT8+ club cell program. Many downstream immune-related genes likely reflect background contamination or doublets, but the dominant secretoglobin profile and pathway evidence confirm the original annotation.",0,0,0,0,0,0,0,0,0
141430,TCACGAACAAGGTTCT_F01394,non-classical monocyte,"classical monocyte
The expression profile (S100A8/S100A9, FCN1, LYZ, TYROBP, FCER1G, AIF1, C1Q genes) and the highest pathway score for classical monocytes confirm the stage-1 annotation. Classical CD14+ monocytes are distinguished from alveolar macrophages and dendritic cells by high FCN1 and S100A8/9 expression.",classical monocyte,"The expression profile (S100A8/S100A9, FCN1, LYZ, TYROBP, FCER1G, AIF1, C1Q genes) and the highest pathway score for classical monocytes confirm the stage-1 annotation. Classical CD14+ monocytes are distinguished from alveolar macrophages and dendritic cells by high FCN1 and S100A8/9 expression.",0,0,3,0,3,0,3,0,3
208306,CCGTACTCAGGTGCCT_F01365,plasma cell,"Plasma cell

The expression profile is dominated by immunoglobulin genes (IGHG1, IGHA1, IGHM, IGKC, IGLC), JCHAIN, MZB1, TNFRSF17, CD27, CD38, XBP1, and IRF4, with high pathway scores for IgA/IgG plasma cell and plasmablast programs. This confirms the stage-1 annotation.",Plasma cell,"The expression profile is dominated by immunoglobulin genes (IGHG1, IGHA1, IGHM, IGKC, IGLC), JCHAIN, MZB1, TNFRSF17, CD27, CD38, XBP1, and IRF4, with high pathway scores for IgA/IgG plasma cell and plasmablast programs. This confirms the stage-1 annotation.",1,1,4,1,4,1,4,1,4
212828,AAATGCCGTTCAGTAC_SC18,plasma cell,"Plasma cell
The gene expression profile is dominated by immunoglobulin genes (IGKC, IGHA1, IGHG1, IGHM, JCHAIN, IGLC3) and plasma cell-specific markers (MZB1, PRDM1, TNFRSF17), with high pathway scores for IgA and IgG plasma cells. This unambiguously confirms antibody-secreting plasma cells in lung parenchyma.",Plasma cell,"The gene expression profile is dominated by immunoglobulin genes (IGKC, IGHA1, IGHG1, IGHM, JCHAIN, IGLC3) and plasma cell-specific markers (MZB1, PRDM1, TNFRSF17), with high pathway scores for IgA and IgG plasma cells. This unambiguously confirms antibody-secreting plasma cells in lung parenchyma.",1,1,4,1,4,1,4,1,4
269896,AGTCTTTCAAGCCGTC-SC156,plasma cell,"plasma cell
The expression profile is dominated by immunoglobulin genes (IGKC, IGHM, IGHA1, IGHG1, IGHG3) and JCHAIN, along with MZB1, all hallmark markers of antibody-secreting plasma cells. High pathway scores for IgA and IgG plasma cell programs further support this identity. The stage-1 annotation is accurate.",plasma cell,"The expression profile is dominated by immunoglobulin genes (IGKC, IGHM, IGHA1, IGHG1, IGHG3) and JCHAIN, along with MZB1, all hallmark markers of antibody-secreting plasma cells. High pathway scores for IgA and IgG plasma cell programs further support this identity. The stage-1 annotation is accurate.",1,1,4,1,4,1,4,1,4
137019,TGACGGCAGGCGCTCT_HD67,plasma cell,"plasma cell

The expression profile—dominated by JCHAIN, MZB1, IGHG2/3, IGHA1/2, IGLC2/3, IGKC, TNFRSF17, CD79A, and XBP1—is definitive for antibody-secreting plasma cells. High plasmablast and IgA/IgG plasma cell pathway scores further confirm this identity. The stage-1 annotation is correct.",plasma cell,"The expression profile—dominated by JCHAIN, MZB1, IGHG2/3, IGHA1/2, IGLC2/3, IGKC, TNFRSF17, CD79A, and XBP1—is definitive for antibody-secreting plasma cells. High plasmablast and IgA/IgG plasma cell pathway scores further confirm this identity. The stage-1 annotation is correct.",1,1,4,1,4,1,4,1,4
157878,TACTTACCACCATCCT_F01365,plasma cell,"plasma cell
Dominant immunoglobulin gene expression (IGHA2, IGLC3, IGHG1, IGKC) plus canonical plasma cell markers MZB1, TNFRSF17, CD27, FCRL5, XBP1, IRF4, and SDC1 confirm antibody-secreting plasma cells. Highest pathway scores for IgA/IgG plasma cell programs further support this annotation.",plasma cell,"Dominant immunoglobulin gene expression (IGHA2, IGLC3, IGHG1, IGKC) plus canonical plasma cell markers MZB1, TNFRSF17, CD27, FCRL5, XBP1, IRF4, and SDC1 confirm antibody-secreting plasma cells. Highest pathway scores for IgA/IgG plasma cell programs further support this annotation.",1,1,4,1,4,1,4,1,4
32145,TTTCCAGACTAGAC-SC14,plasma cell,"plasma cell
The expression profile is dominated by immunoglobulin genes (IGKC, IGLC, IGHG, IGHA, IGHM) and canonical plasma cell markers MZB1, JCHAIN, XBP1, TNFRSF17, and FCRL5. High IgA/IgG plasma cell pathway scores further confirm a mature antibody-secreting plasma cell identity in lung parenchyma.",plasma cell,"The expression profile is dominated by immunoglobulin genes (IGKC, IGLC, IGHG, IGHA, IGHM) and canonical plasma cell markers MZB1, JCHAIN, XBP1, TNFRSF17, and FCRL5. High IgA/IgG plasma cell pathway scores further confirm a mature antibody-secreting plasma cell identity in lung parenchyma.",1,1,4,1,4,1,4,1,4
320949,ACTTGTTAGGACCACA-1-HCATisStab7587208,plasma cell,"plasma cell
The expression profile is dominated by immunoglobulin genes (IGKC, IGLC2, IGHA1, IGHG1) and canonical plasma cell markers (JCHAIN, MZB1, TNFRSF17, CD38, XBP1, DERL3), with high plasmablast and IgA/IgG plasma cell pathway scores. This confirms the stage-1 annotation.",plasma cell,"The expression profile is dominated by immunoglobulin genes (IGKC, IGLC2, IGHA1, IGHG1) and canonical plasma cell markers (JCHAIN, MZB1, TNFRSF17, CD38, XBP1, DERL3), with high plasmablast and IgA/IgG plasma cell pathway scores. This confirms the stage-1 annotation.",1,1,4,1,4,1,4,1,4
261476,ATCCACCTCATGTGGT_F01367,plasma cell,"plasma cell
The expression profile is dominated by immunoglobulin genes (JCHAIN, IGHA1/2, IGKC, IGHG1, IGLC) and canonical plasma cell markers (MZB1, XBP1, IRF4, TNFRSF17/FCRL5, SLAMF7). Pathway scores strongly favor IgA/IgG plasma cell programs. The stage-1 annotation is accurate; no correction needed.",plasma cell,"The expression profile is dominated by immunoglobulin genes (JCHAIN, IGHA1/2, IGKC, IGHG1, IGLC) and canonical plasma cell markers (MZB1, XBP1, IRF4, TNFRSF17/FCRL5, SLAMF7). Pathway scores strongly favor IgA/IgG plasma cell programs. The stage-1 annotation is accurate; no correction needed.",1,1,4,1,4,1,4,1,4
90834,AGTGTCATCCGTTGTC_F01641,plasma cell,"plasma cell

Expression is dominated by immunoglobulin genes (IGHG1-3, IGHM, IGHA1/2, IGKC, IGLC2/3, JCHAIN) plus canonical plasma cell markers MZB1, XBP1, TNFRSF17, CD38, CD27, and POU2AF1. The high plasmablast/IgA/IgG pathway scores and strong plasma cell-specific TF-IDF weights confirm terminally differentiated antibody-secreting B cells. CD79A is low, consistent with downregulated B-cell program in plasma cells.",plasma cell,"Expression is dominated by immunoglobulin genes (IGHG1-3, IGHM, IGHA1/2, IGKC, IGLC2/3, JCHAIN) plus canonical plasma cell markers MZB1, XBP1, TNFRSF17, CD38, CD27, and POU2AF1. The high plasmablast/IgA/IgG pathway scores and strong plasma cell-specific TF-IDF weights confirm terminally differentiated antibody-secreting B cells. CD79A is low, consistent with downregulated B-cell program in plasma cells.",1,1,4,1,4,1,4,1,4
45203,P3_7_GTTCATTCACGCGAAA,plasma cell,"Plasma cell
The expression profile is dominated by immunoglobulin heavy and light chains (IGHG, IGHA, IGLC, IGKC) and JCHAIN, with plasma cell markers MZB1, CD79A, TNFRSF17, and XBP1. Pathway scores for IgA and IgG plasma cells are highest. This confirms the stage-1 annotation of a plasma cell.",Plasma cell,"The expression profile is dominated by immunoglobulin heavy and light chains (IGHG, IGHA, IGLC, IGKC) and JCHAIN, with plasma cell markers MZB1, CD79A, TNFRSF17, and XBP1. Pathway scores for IgA and IgG plasma cells are highest. This confirms the stage-1 annotation of a plasma cell.",1,1,4,1,4,1,4,1,4
132510,TTGACTTCACCGATAT_F01365,plasma cell,"plasma cell
The expression profile is dominated by immunoglobulin genes (IGHG2, IGHA1, IGKC, IGLC2) and canonical plasma cell markers (MZB1, JCHAIN, XBP1, TNFRSF17, CD38, CD27). High plasmablast and IgA/IgG plasma cell pathway scores further confirm antibody-secreting identity.",plasma cell,"The expression profile is dominated by immunoglobulin genes (IGHG2, IGHA1, IGKC, IGLC2) and canonical plasma cell markers (MZB1, JCHAIN, XBP1, TNFRSF17, CD38, CD27). High plasmablast and IgA/IgG plasma cell pathway scores further confirm antibody-secreting identity.",1,1,4,1,4,1,4,1,4
237963,CTGGTCTGTGGTACAG_SC18,plasma cell,"plasma cell
The expression profile is dominated by immunoglobulin genes (IGKC, IGHM, IGLC3, IGHG1, IGHA1) and canonical plasma cell markers (JCHAIN, MZB1, TNFRSF17, FCRL5, DERL3). Pathway scores are highest for IgA and IgG plasma cell programs, confirming the stage-1 annotation as a plasma cell in lung parenchyma.",plasma cell,"The expression profile is dominated by immunoglobulin genes (IGKC, IGHM, IGLC3, IGHG1, IGHA1) and canonical plasma cell markers (JCHAIN, MZB1, TNFRSF17, FCRL5, DERL3). Pathway scores are highest for IgA and IgG plasma cell programs, confirming the stage-1 annotation as a plasma cell in lung parenchyma.",1,1,4,1,4,1,4,1,4
325725,AGAGCTTGTCGATTGT_F01366,plasma cell,"plasma cell

The expression profile is definitive for plasma cells: high immunoglobulin genes (JCHAIN, IGHA1/2, IGHG1, IGLC2/3, IGKC), plus PRDM1, IRF4, MZB1, TNFRSF17, CD27, FCRL5, DERL3, and FKBP11. Pathway scores strongly favor plasmablast and IgA/IgG plasma cell programs. The stage-1 annotation is confirmed.",plasma cell,"The expression profile is definitive for plasma cells: high immunoglobulin genes (JCHAIN, IGHA1/2, IGHG1, IGLC2/3, IGKC), plus PRDM1, IRF4, MZB1, TNFRSF17, CD27, FCRL5, DERL3, and FKBP11. Pathway scores strongly favor plasmablast and IgA/IgG plasma cell programs. The stage-1 annotation is confirmed.",1,1,4,1,4,1,4,1,4
319376,AGGTCCGTCTCCGGTT_SC18,plasma cell,"plasma cell
The expression profile is dominated by immunoglobulin genes (IGKC, IGHM, IGHA1, IGHG1-4), JCHAIN, and key plasma cell markers MZB1 and TNFRSF17. Pathway scores strongly favor IgA and IgG plasma cell programs. This confirms the stage-1 annotation.",plasma cell,"The expression profile is dominated by immunoglobulin genes (IGKC, IGHM, IGHA1, IGHG1-4), JCHAIN, and key plasma cell markers MZB1 and TNFRSF17. Pathway scores strongly favor IgA and IgG plasma cell programs. This confirms the stage-1 annotation.",1,1,4,1,4,1,4,1,4
314820,TCCGATCAGGAAAGGT_SC84,plasma cell,"plasma cell
The expression profile is dominated by immunoglobulin genes (IGKC, IGLC2, IGHM, IGHG, IGHA), JCHAIN, and canonical plasma cell markers MZB1, XBP1, PRDM1, TNFRSF17, and CD38. Pathway scores for plasmablast and IgA/IgG plasma cell programs are highest. This confirms the stage-1 annotation.",plasma cell,"The expression profile is dominated by immunoglobulin genes (IGKC, IGLC2, IGHM, IGHG, IGHA), JCHAIN, and canonical plasma cell markers MZB1, XBP1, PRDM1, TNFRSF17, and CD38. Pathway scores for plasmablast and IgA/IgG plasma cell programs are highest. This confirms the stage-1 annotation.",1,1,4,1,4,1,4,1,4
244773,GCGAGAATCTTGTACT_SC18,plasma cell,"plasma cell

The dominant expression of immunoglobulin genes (IGKC, IGHM, IGHG, IGHA, IGLC), JCHAIN, MZB1, and FCRL5 definitively identifies antibody-secreting plasma cells. High IgA and IgG plasma cell pathway scores further confirm the stage-1 annotation; no other listed cell type matches this profile.",plasma cell,"The dominant expression of immunoglobulin genes (IGKC, IGHM, IGHG, IGHA, IGLC), JCHAIN, MZB1, and FCRL5 definitively identifies antibody-secreting plasma cells. High IgA and IgG plasma cell pathway scores further confirm the stage-1 annotation; no other listed cell type matches this profile.",1,1,4,1,4,1,4,1,4
211693,TGCCAAAGTAAGGGCT-1-HCATisStab7747198,plasma cell,"plasma cell
The gene expression profile is dominated by immunoglobulin genes (IGKC, IGLC, IGHA, IGHG, IGHM) and canonical plasma cell markers (JCHAIN, MZB1, TNFRSF17, DERL3, FKBP11). Pathway scores strongly support IgA and IgG plasma cell programs. This confirms the stage-1 annotation.",plasma cell,"The gene expression profile is dominated by immunoglobulin genes (IGKC, IGLC, IGHA, IGHG, IGHM) and canonical plasma cell markers (JCHAIN, MZB1, TNFRSF17, DERL3, FKBP11). Pathway scores strongly support IgA and IgG plasma cell programs. This confirms the stage-1 annotation.",1,1,4,1,4,1,4,1,4
235774,ACCCACTTCTTGAGGT_SC07,plasma cell,"plasma cell
The expression profile is dominated by immunoglobulin genes (IGKC, IGHG1, IGHM, IGHA1/2, IGLC2), JCHAIN, and classic plasma cell markers (MZB1, PRDM1, XBP1, TNFRSF17, CD27, CD38), with high plasmablast/IgA/IgG pathway scores. This confirms the stage-1 annotation.",plasma cell,"The expression profile is dominated by immunoglobulin genes (IGKC, IGHG1, IGHM, IGHA1/2, IGLC2), JCHAIN, and classic plasma cell markers (MZB1, PRDM1, XBP1, TNFRSF17, CD27, CD38), with high plasmablast/IgA/IgG pathway scores. This confirms the stage-1 annotation.",1,1,4,1,4,1,4,1,4
34452,GAACGGAAGTGCGATG_F01366,plasma cell,"plasma cell
The expression profile is dominated by immunoglobulin genes (IGHG1, IGHA1, IGKC, IGHM, IGLC2) and canonical plasma cell markers including MZB1, TNFRSF17, PRDM1, CD38, XBP1, IRF4, and SLAMF7. JCHAIN and MZB1 are highly expressed, consistent with terminally differentiated antibody-secreting B cells. Pathway scores for plasmablast and IgA/IgG plasma cell programs confirm the annotation. No conflicting evidence supports an alternative cell type.",plasma cell,"The expression profile is dominated by immunoglobulin genes (IGHG1, IGHA1, IGKC, IGHM, IGLC2) and canonical plasma cell markers including MZB1, TNFRSF17, PRDM1, CD38, XBP1, IRF4, and SLAMF7. JCHAIN and MZB1 are highly expressed, consistent with terminally differentiated antibody-secreting B cells. Pathway scores for plasmablast and IgA/IgG plasma cell programs confirm the annotation. No conflicting evidence supports an alternative cell type.",1,1,4,1,4,1,4,1,4
174278,TGCCAAATCATGTAGC_F01394,plasma cell,"plasma cell
Top genes (JCHAIN, IGHG2/3, IGHA1/2, IGLC, IGKC, MZB1, TNFRSF17, TNFRSF13B, DERL3, FKBP11) and highest plasmablast/IgA/IgG plasma cell pathway scores strongly confirm plasma cell identity.",plasma cell,"Top genes (JCHAIN, IGHG2/3, IGHA1/2, IGLC, IGKC, MZB1, TNFRSF17, TNFRSF13B, DERL3, FKBP11) and highest plasmablast/IgA/IgG plasma cell pathway scores strongly confirm plasma cell identity.",1,1,4,1,4,1,4,1,4
103470,P3_7_GCGACCACAAGCCCAC,plasmacytoid dendritic cell,"plasmacytoid dendritic cell
The profile is unequivocally pDC: high expression of LILRA4, CLEC4C, TCF4, IRF7, IRF8, SPIB, BCL11A, and TCL1A, with JCHAIN/MZB1 also consistent. The top pathway score is quiescent pDC, and the TF-IDF ranking is dominated by pDC-specific markers. This confirms the stage-1 annotation.",plasmacytoid dendritic cell,"The profile is unequivocally pDC: high expression of LILRA4, CLEC4C, TCF4, IRF7, IRF8, SPIB, BCL11A, and TCL1A, with JCHAIN/MZB1 also consistent. The top pathway score is quiescent pDC, and the TF-IDF ranking is dominated by pDC-specific markers. This confirms the stage-1 annotation.",1,1,4,1,4,1,4,1,4
44790,CATGGCGGTTTGTTTC_F02611,plasmacytoid dendritic cell,"plasmacytoid dendritic cell

LILRA4, GZMB, IRF7, TCL1A, DNTT, SPIB, DERL3, PLD4, and SHD are canonical plasmacytoid dendritic cell markers. Pathway scores support pDC identity over conventional DCs, monocytes, or plasma cells despite JCHAIN/MZB1 co-expression. This confirms the stage-1 annotation.",plasmacytoid dendritic cell,"LILRA4, GZMB, IRF7, TCL1A, DNTT, SPIB, DERL3, PLD4, and SHD are canonical plasmacytoid dendritic cell markers. Pathway scores support pDC identity over conventional DCs, monocytes, or plasma cells despite JCHAIN/MZB1 co-expression. This confirms the stage-1 annotation.",1,1,4,1,4,1,4,1,4
82741,CGTGTAACATACTCTT_F01639,plasmacytoid dendritic cell,"CD1c-positive myeloid dendritic cell

The gene profile strongly supports a CD1c+ cDC2 identity: MHC",CD1c-positive myeloid dendritic cell,The gene profile strongly supports a CD1c+ cDC2 identity: MHC,0,0,3,0,3,0,3,0,3
258692,ATCGAGTTCCAGAAGG_F01607,plasmacytoid dendritic cell,"plasmacytoid dendritic cell

The gene expression profile is definitive for pDCs: LILRA4, CLEC4C, GZMB, JCHAIN, TCF4, IRF7, and IRF8 are canonical markers. The highest pathway score is pDC (quiescent), and the top genes align with known pDC biology. The stage-1 annotation is correct.",plasmacytoid dendritic cell,"The gene expression profile is definitive for pDCs: LILRA4, CLEC4C, GZMB, JCHAIN, TCF4, IRF7, and IRF8 are canonical markers. The highest pathway score is pDC (quiescent), and the top genes align with known pDC biology. The stage-1 annotation is correct.",1,1,4,1,4,1,4,1,4
318501,P2_7_TCGTAGATCGTTGACA,plasmacytoid dendritic cell,"plasmacytoid dendritic cell
The profile matches pDC identity with canonical markers and top genes including LILRA4, CLEC4C, GZMB, IRF7, TCL1A, PLD4, GPR183, and JCHAIN. Highest pathway score for pDC (quiescent and activated) supports this annotation. No conflicting evidence suggests another cell type.",plasmacytoid dendritic cell,"The profile matches pDC identity with canonical markers and top genes including LILRA4, CLEC4C, GZMB, IRF7, TCL1A, PLD4, GPR183, and JCHAIN. Highest pathway score for pDC (quiescent and activated) supports this annotation. No conflicting evidence suggests another cell type.",1,1,4,1,4,1,4,1,4
329653,ATAGACCCAATAGAGT_F01366,plasmacytoid dendritic cell,"plasmacytoid dendritic cell

Expression of LILRA4, GPR183, JCHAIN, PLD4, TCL1A, and IRF4, plus the highest pDC pathway score, strongly confirm plasmacytoid dendritic cell identity. Other DC or immune lineages are lower scoring.",plasmacytoid dendritic cell,"Expression of LILRA4, GPR183, JCHAIN, PLD4, TCL1A, and IRF4, plus the highest pDC pathway score, strongly confirm plasmacytoid dendritic cell identity. Other DC or immune lineages are lower scoring.",1,1,4,1,4,1,4,1,4
34589,7119453_TATCAGGCAGACAAAT,plasmacytoid dendritic cell,"plasmacytoid dendritic cell
The top genes (GZMB, LILRA4, LILRB4, IL3RA, IRF7, TCL1A, GPR183) and the highest pathway score for pDC confirm the annotation. JCHAIN and MZB1 are present but do not outweigh the canonical pDC markers.",plasmacytoid dendritic cell,"The top genes (GZMB, LILRA4, LILRB4, IL3RA, IRF7, TCL1A, GPR183) and the highest pathway score for pDC confirm the annotation. JCHAIN and MZB1 are present but do not outweigh the canonical pDC markers.",1,1,4,1,4,1,4,1,4
284026,P1_2_ACTGTCCTCAGTTTGG,plasmacytoid dendritic cell,"plasmacytoid dendritic cell

The profile is dominated by canonical pDC markers LILRA4, PLD4, IRF7, IRF8, SPIB, and TCF4, with high GZMB and JCHAIN also typical of pDCs. Pathway scoring strongly favors quiescent pDC, and the TF-IDF top genes match pDC identity. Although JCHAIN/MZB1/IGKC hint at plasma cells, the absence of a dominant plasma-cell program and presence of pDC-specific transcription factors confirm the stage-1 annotation.",plasmacytoid dendritic cell,"The profile is dominated by canonical pDC markers LILRA4, PLD4, IRF7, IRF8, SPIB, and TCF4, with high GZMB and JCHAIN also typical of pDCs. Pathway scoring strongly favors quiescent pDC, and the TF-IDF top genes match pDC identity. Although JCHAIN/MZB1/IGKC hint at plasma cells, the absence of a dominant plasma-cell program and presence of pDC-specific transcription factors confirm the stage-1 annotation.",1,1,4,1,4,1,4,1,4
241542,P3_7_GGACATTAGAGAGCTC,plasmacytoid dendritic cell,"plasmacytoid dendritic cell

The profile is classic for pDC: high expression of LILRA4, CLEC4C, TCF4, IRF7, IRF8, SPIB, GZMB, TCL1A, PLD4, SCT, and PTGDS. Pathway scoring also ranks quiescent pDC highest. JCHAIN/MZB1/IGKC are known in pDC and likely reflect immunoglobulin-related transcripts, not plasma cell contamination. The top TF-IDF genes confirm the stage-1 annotation.",plasmacytoid dendritic cell,"The profile is classic for pDC: high expression of LILRA4, CLEC4C, TCF4, IRF7, IRF8, SPIB, GZMB, TCL1A, PLD4, SCT, and PTGDS. Pathway scoring also ranks quiescent pDC highest. JCHAIN/MZB1/IGKC are known in pDC and likely reflect immunoglobulin-related transcripts, not plasma cell contamination. The top TF-IDF genes confirm the stage-1 annotation.",1,1,4,1,4,1,4,1,4
177673,CTGCGGAGTATAGGTA-1-HCATisStab7587205,plasmacytoid dendritic cell,"plasmacytoid dendritic cell

The profile shows canonical pDC markers (LILRA4, IRF7, IRF8, SPIB, PLD4, GZMB, JCHAIN) and the strongest pathway score for quiescent pDC. B-cell transcripts (MS4A1, CD79A) are likely ambient contamination or background, but the dominant lineage-specific program confirms a plasmacytoid dendritic cell.",plasmacytoid dendritic cell,"The profile shows canonical pDC markers (LILRA4, IRF7, IRF8, SPIB, PLD4, GZMB, JCHAIN) and the strongest pathway score for quiescent pDC. B-cell transcripts (MS4A1, CD79A) are likely ambient contamination or background, but the dominant lineage-specific program confirms a plasmacytoid dendritic cell.",1,1,4,1,4,1,4,1,4
160770,P2_5_TTCGGTCCATGGGAAC,plasmacytoid dendritic cell,"Plasma cell

The expression of immunoglobulin genes (IGLC2, IGHG1, IGHG2, IGLC3, IGHA1), JCHAIN, and MZB1 strongly confirms a terminally differentiated antibody-secreting cell. High pathway scores for plasmablast and IgA/IgG plasma cell programs further support this identity. No conflicting markers suggest an alternative cell type.",Plasma cell,"The expression of immunoglobulin genes (IGLC2, IGHG1, IGHG2, IGLC3, IGHA1), JCHAIN, and MZB1 strongly confirms a terminally differentiated antibody-secreting cell. High pathway scores for plasmablast and IgA/IgG plasma cell programs further support this identity. No conflicting markers suggest an alternative cell type.",0,0,1,0,1,0,1,0,1
175402,P3_7_AGCGTATCACGGCTAC,plasmacytoid dendritic cell,"plasmacytoid dendritic cell
Expression of LILRA4, CLEC4C, TCF4, IRF7, IRF8, SPIB, GZMB, JCHAIN, TCL1A, and PLD4 is highly specific for plasmacytoid dendritic cells. Pathway scoring also ranks pDC (quiescent) highest. No contradictory lineage markers are present.",plasmacytoid dendritic cell,"Expression of LILRA4, CLEC4C, TCF4, IRF7, IRF8, SPIB, GZMB, JCHAIN, TCL1A, and PLD4 is highly specific for plasmacytoid dendritic cells. Pathway scoring also ranks pDC (quiescent) highest. No contradictory lineage markers are present.",1,1,4,1,4,1,4,1,4
268481,P3_7_GACGTTACAAAGAATC,plasmacytoid dendritic cell,"plasma cell

The expression profile is dominated by immunoglobulin genes (IGLC2, IGKC, IGHG, IGHA), JCHAIN, MZB1, CD27, and XBP1, which are definitive markers of antibody-secreting plasma cells. Pathway scores for plasmablast and IgA/IgG plasma cell programs are highest, confirming the stage-1 annotation.",plasma cell,"The expression profile is dominated by immunoglobulin genes (IGLC2, IGKC, IGHG, IGHA), JCHAIN, MZB1, CD27, and XBP1, which are definitive markers of antibody-secreting plasma cells. Pathway scores for plasmablast and IgA/IgG plasma cell programs are highest, confirming the stage-1 annotation.",0,0,1,0,1,0,1,0,1
94831,CGGCTAGGTTTAGGAA_F02524,plasmacytoid dendritic cell,"plasmacytoid dendritic cell
The transcriptome strongly matches pDC identity: expression of LILRA4, CLEC4C, TLR9, TCF4, IRF7, IRF8, SPIB, GZMB, and JCHAIN, with highest pathway score for pDC (quiescent). No conflicting evidence for another cell type.",plasmacytoid dendritic cell,"The transcriptome strongly matches pDC identity: expression of LILRA4, CLEC4C, TLR9, TCF4, IRF7, IRF8, SPIB, GZMB, and JCHAIN, with highest pathway score for pDC (quiescent). No conflicting evidence for another cell type.",1,1,4,1,4,1,4,1,4
27491,GCGACCAGTACTCGCG-1-HCATisStab7587205,plasmacytoid dendritic cell,plasmacytoid dendritic cell,plasmacytoid dendritic cell,,1,1,4,1,4,1,4,1,4
201879,P3_7_ACAGCTACAATAGCGG,plasmacytoid dendritic cell,"plasmacytoid dendritic cell

The expression profile strongly confirms pDC identity: pDC-specific markers LILRA4, CLEC4C, TCF4, IRF7, IRF8, SPIB, PLD4, and GZMB are highly enriched, and the pDC quiescent pathway score is highest. Although JCHAIN, MZB1, and IGKC appear, these are known in pDC/plasmacytoid context and do not override core dendritic markers.",plasmacytoid dendritic cell,"The expression profile strongly confirms pDC identity: pDC-specific markers LILRA4, CLEC4C, TCF4, IRF7, IRF8, SPIB, PLD4, and GZMB are highly enriched, and the pDC quiescent pathway score is highest. Although JCHAIN, MZB1, and IGKC appear, these are known in pDC/plasmacytoid context and do not override core dendritic markers.",1,1,4,1,4,1,4,1,4
331625,GATCTAGGTTAAGACA_F01367,plasmacytoid dendritic cell,"plasmacytoid dendritic cell

Canonical pDC markers LILRA4, TCF4, JCHAIN, PTGDS, and PLD4 dominate, with strong antigen-presentation and DC activation genes (HLA-DQA1, CD74, GPR183, IRF4). Although cDC2 pathway score is marginally higher, the specific pDC-defining gene expression is conclusive.",plasmacytoid dendritic cell,"Canonical pDC markers LILRA4, TCF4, JCHAIN, PTGDS, and PLD4 dominate, with strong antigen-presentation and DC activation genes (HLA-DQA1, CD74, GPR183, IRF4). Although cDC2 pathway score is marginally higher, the specific pDC-defining gene expression is conclusive.",1,1,4,1,4,1,4,1,4
25096,P2_5_ACAGCCGCAAGACACG,plasmacytoid dendritic cell,"plasmacytoid dendritic cell
LILRA4, LILRB4, PLD4, TCL1A, IRF7, and GZMB are canonical pDC markers, and the pDC quiescent pathway score is highest. These strongly outweigh incidental plasma-cell–associated genes (JCHAIN, MZB1) and confirm the stage-1 annotation.",plasmacytoid dendritic cell,"LILRA4, LILRB4, PLD4, TCL1A, IRF7, and GZMB are canonical pDC markers, and the pDC quiescent pathway score is highest. These strongly outweigh incidental plasma-cell–associated genes (JCHAIN, MZB1) and confirm the stage-1 annotation.",1,1,4,1,4,1,4,1,4
145698,P2_5_CTCAGAACAGATGAGC,plasmacytoid dendritic cell,"Plasmacytoid dendritic cell

The profile is highly specific for pDCs: canonical markers include LILRA4, CLEC4C-related signature genes, TCL1A, PLD4, IRF7, SPIB, and IRF8. JCHAIN, GZMB, CXCR3, GPR183, and DNASE1L3 further support pDC identity. The pDC quiescent pathway score is the top program, and stage-1 annotation is consistent with the direct gene evidence. No conflicting markers suggest an alternative cell type from the list.",Plasmacytoid dendritic cell,"The profile is highly specific for pDCs: canonical markers include LILRA4, CLEC4C-related signature genes, TCL1A, PLD4, IRF7, SPIB, and IRF8. JCHAIN, GZMB, CXCR3, GPR183, and DNASE1L3 further support pDC identity. The pDC quiescent pathway score is the top program, and stage-1 annotation is consistent with the direct gene evidence. No conflicting markers suggest an alternative cell type from the list.",1,1,4,1,4,1,4,1,4
26390,TACGGATTCCTCGCAT_HD66,plasmacytoid dendritic cell,"plasmacytoid dendritic cell

Strong pDC-specific markers dominate: CLEC4C, LILRA4, IRF7, PLD4, GZMB, PTGDS, plus high HLA-DR. Shared B-cell features (JCHAIN, MS4A1, CD79A) support B-cell lineage affinity but specificity of CLEC4C/LILRA4 confirms plasmacytoid dendritic cell identity.",plasmacytoid dendritic cell,"Strong pDC-specific markers dominate: CLEC4C, LILRA4, IRF7, PLD4, GZMB, PTGDS, plus high HLA-DR. Shared B-cell features (JCHAIN, MS4A1, CD79A) support B-cell lineage affinity but specificity of CLEC4C/LILRA4 confirms plasmacytoid dendritic cell identity.",1,1,4,1,4,1,4,1,4
87045,AGTGGGATCAAGGCTT_SC18,pulmonary alveolar epithelial cell,"club cell
The profile is dominated by SCGB1A1, SCGB3A2, SCGB3A1, and SLPI, which are canonical club cell markers. Surfactant gene expression is relatively low, and the alveolar type 2 pathway score is only slightly higher but not supported by strong AT2-specific gene evidence. The transitional club cell and goblet cell scores are also lower, confirming a conventional club cell identity.",club cell,"The profile is dominated by SCGB1A1, SCGB3A2, SCGB3A1, and SLPI, which are canonical club cell markers. Surfactant gene expression is relatively low, and the alveolar type 2 pathway score is only slightly higher but not supported by strong AT2-specific gene evidence. The transitional club cell and goblet cell scores are also lower, confirming a conventional club cell identity.",0,0,3,0,3,0,3,0,3
169984,CTTGGCTTCCTCAATT_SC18,pulmonary alveolar epithelial cell,"pulmonary alveolar type 2 cell

The expression profile is overwhelmingly consistent with alveolar type 2 (AT2) cells, including high SFTPA1/A2, SFTPB, SFTPC, SFTPD, NAPSA, SLC34A2, and HOPX. The top TF-IDF genes and the dominant AT2 mature pathway score (+0.69) support this. Minor club cell genes (SLPI, SCGB3A2) are present but not sufficient to override the canonical AT2 signature. Therefore, the stage-1 annotation is confirmed.",pulmonary alveolar type 2 cell,"The expression profile is overwhelmingly consistent with alveolar type 2 (AT2) cells, including high SFTPA1/A2, SFTPB, SFTPC, SFTPD, NAPSA, SLC34A2, and HOPX. The top TF-IDF genes and the dominant AT2 mature pathway score (+0.69) support this. Minor club cell genes (SLPI, SCGB3A2) are present but not sufficient to override the canonical AT2 signature. Therefore, the stage-1 annotation is confirmed.",0,0,1,0,1,0,1,0,1
294352,GTCACAACAAATACAG_SC18,pulmonary alveolar epithelial cell,club cell,club cell,,0,0,3,0,3,0,3,0,3
139169,GTCCTCATCCAAACTG_HD66,pulmonary alveolar epithelial cell,"pulmonary alveolar type 2 cell
The profile shows canonical AT2 markers: SFTPC, SFTPB, SFTPA1/2, SFTPD, NAPSA, SLC34A2, and SFTA2. These surfactant-associated genes are highly specific to alveolar type 2 cells. The higher club-cell pathway score is driven by shared secretory genes (e.g., SCGB3A2, SLPI, WFDC2), but the definitive surfactant program confirms AT2 identity.",pulmonary alveolar type 2 cell,"The profile shows canonical AT2 markers: SFTPC, SFTPB, SFTPA1/2, SFTPD, NAPSA, SLC34A2, and SFTA2. These surfactant-associated genes are highly specific to alveolar type 2 cells. The higher club-cell pathway score is driven by shared secretory genes (e.g., SCGB3A2, SLPI, WFDC2), but the definitive surfactant program confirms AT2 identity.",0,0,1,0,1,0,1,0,1
206922,CAACTAGTCTGAGTGT_HD67,pulmonary alveolar epithelial cell,"club cell
Top markers (SCGB3A2, SCGB1A1, SLPI) are canonical club cell secretoglobins, and club cell pathway scores are highest. Minor AT2-like surfactant gene expression (SFTPB, SFTPA2) may reflect transitional club cell state, but the overall profile confirms club cell identity.",club cell,"Top markers (SCGB3A2, SCGB1A1, SLPI) are canonical club cell secretoglobins, and club cell pathway scores are highest. Minor AT2-like surfactant gene expression (SFTPB, SFTPA2) may reflect transitional club cell state, but the overall profile confirms club cell identity.",0,0,3,0,3,0,3,0,3
1715,AGTGGGAGTGCCTGTG_SC20,pulmonary alveolar epithelial cell,"pulmonary alveolar type 2 cell

The top genes strongly support alveolar type 2 cells: SFTPB, SFTPC, SFTA2, SLC34A2, CYP4B1, MS4A15, and HOPX are canonical AT2 markers. Additional genes like CLDN18, LMO7, and GPRC5A are also consistent with AT2 identity. The high AT2 mature pathway score and lower club/AT1 scores further confirm the stage-1 annotation.",pulmonary alveolar type 2 cell,"The top genes strongly support alveolar type 2 cells: SFTPB, SFTPC, SFTA2, SLC34A2, CYP4B1, MS4A15, and HOPX are canonical AT2 markers. Additional genes like CLDN18, LMO7, and GPRC5A are also consistent with AT2 identity. The high AT2 mature pathway score and lower club/AT1 scores further confirm the stage-1 annotation.",0,0,1,0,1,0,1,0,1
226207,CGTTAGACACGAAGCA_HD101,pulmonary alveolar epithelial cell,"pulmonary alveolar type 2 cell

Dominant expression of SFTPB, SFTPC, and NAPSA confirms alveolar type 2 identity. Co-expression of AT1 markers (AGER, HOPX, RTKN2, CAV1) reflects transitional intermediate states, while the absence of SCGB1A1/SCGB3A2 argues against club cell identity despite pathway scores. Thus stage-1 annotation is correct.",pulmonary alveolar type 2 cell,"Dominant expression of SFTPB, SFTPC, and NAPSA confirms alveolar type 2 identity. Co-expression of AT1 markers (AGER, HOPX, RTKN2, CAV1) reflects transitional intermediate states, while the absence of SCGB1A1/SCGB3A2 argues against club cell identity despite pathway scores. Thus stage-1 annotation is correct.",0,0,1,0,1,0,1,0,1
282100,P3_6_CATGACACACGAGAGT,pulmonary alveolar epithelial cell,"club cell
The top markers (SCGB3A2, SCGB3A1, SLPI, WFDC2, PIGR, CXCL17, CEACAM6, AGR3) are classic club cell genes. The Club cell pathway score is highest, exceeding AT2 mature score. Surfactant expression is present but lower, and the overall profile is more consistent with a pulmonary club cell than an alveolar type 2 cell.",club cell,"The top markers (SCGB3A2, SCGB3A1, SLPI, WFDC2, PIGR, CXCL17, CEACAM6, AGR3) are classic club cell genes. The Club cell pathway score is highest, exceeding AT2 mature score. Surfactant expression is present but lower, and the overall profile is more consistent with a pulmonary club cell than an alveolar type 2 cell.",0,0,3,0,3,0,3,0,3
251195,P3_6_TAAACCGGTGCGAAAC,pulmonary alveolar epithelial cell,"pulmonary alveolar type 2 cell
The top cell-specific genes (SFTPC, SFTPA1/2, SFTPB, SFTPD, NAPSA, SLC34A2, SFTA2/3) and highest pathway score (AT2 mature) are classic hallmarks of alveolar type 2 cells. The Stage-1 annotation is confirmed.",pulmonary alveolar type 2 cell,"The top cell-specific genes (SFTPC, SFTPA1/2, SFTPB, SFTPD, NAPSA, SLC34A2, SFTA2/3) and highest pathway score (AT2 mature) are classic hallmarks of alveolar type 2 cells. The Stage-1 annotation is confirmed.",0,0,1,0,1,0,1,0,1
133930,GACGGCTGTTTGTGTG_F02617,pulmonary alveolar epithelial cell,"club cell
Top markers SLPI, SCGB3A2, and CYP4B1 are classic club cell genes, and the club cell pathway score is highest. SFTPB, NAPSA, and SLC34A2 suggest some AT2 overlap, but the dominant expression profile aligns with club cell identity.",club cell,"Top markers SLPI, SCGB3A2, and CYP4B1 are classic club cell genes, and the club cell pathway score is highest. SFTPB, NAPSA, and SLC34A2 suggest some AT2 overlap, but the dominant expression profile aligns with club cell identity.",0,0,3,0,3,0,3,0,3
80988,GATGCTAAGTATCGAA_F02522,pulmonary alveolar epithelial cell,"club cell
The top TF-IDF markers (SCGB3A2, SLPI, CYP4B1, CEACAM6) strongly indicate club cell identity. While SFTPB and AGER appear, their lower specificity and the dominant club cell pathway scores (transitional/KRT8+ and canonical) support the original annotation. The minor alveolar signal is likely ambient contamination rather than true AT2 identity.",club cell,"The top TF-IDF markers (SCGB3A2, SLPI, CYP4B1, CEACAM6) strongly indicate club cell identity. While SFTPB and AGER appear, their lower specificity and the dominant club cell pathway scores (transitional/KRT8+ and canonical) support the original annotation. The minor alveolar signal is likely ambient contamination rather than true AT2 identity.",0,0,3,0,3,0,3,0,3
89292,P3_6_TGAGAGGCAATCTGCA,pulmonary alveolar epithelial cell,"Pulmonary alveolar type 2 cell
Strong expression of SFTPC, SFTPB, SFTPA1/A2, SFTPD, NAPSA, SLC34A2, and HOPX is definitive for alveolar type 2 cells. The AT2 mature pathway score is highest, and other AT1/immune scores are lower. The stage-1 annotation is therefore confirmed.",Pulmonary alveolar type 2 cell,"Strong expression of SFTPC, SFTPB, SFTPA1/A2, SFTPD, NAPSA, SLC34A2, and HOPX is definitive for alveolar type 2 cells. The AT2 mature pathway score is highest, and other AT1/immune scores are lower. The stage-1 annotation is therefore confirmed.",0,0,1,0,1,0,1,0,1
312386,GCGAGAACACGAAGCA_F02617,pulmonary alveolar epithelial cell,"pulmonary alveolar type 2 cell

Top markers include SCGB3A2/SLPI, but the broader profile—SFTPB, SFTPA2, NAPSA, AQP5, FOLR1, HOPX—strongly indicates alveolar type 2 identity. AT2 pathway score is highest, surpassing canonical club cell score, so stage-1 club annotation is corrected to pulmonary alveolar type 2 cell.",pulmonary alveolar type 2 cell,"Top markers include SCGB3A2/SLPI, but the broader profile—SFTPB, SFTPA2, NAPSA, AQP5, FOLR1, HOPX—strongly indicates alveolar type 2 identity. AT2 pathway score is highest, surpassing canonical club cell score, so stage-1 club annotation is corrected to pulmonary alveolar type 2 cell.",0,0,1,0,1,0,1,0,1
113711,GACAGAGCATTGTGCA_HD67,pulmonary alveolar epithelial cell,"club cell

Top TF-IDF genes are SCGB3A2 and SLPI, canonical club cell markers, and the club cell pathway score is highest, exceeding AT2 mature. Surfactant-related genes (SFTPB, SFTPA1/2) are present but lower, suggesting minor AT2 contamination or shared expression. The stage-1 AT2 annotation is therefore corrected to club cell.",club cell,"Top TF-IDF genes are SCGB3A2 and SLPI, canonical club cell markers, and the club cell pathway score is highest, exceeding AT2 mature. Surfactant-related genes (SFTPB, SFTPA1/2) are present but lower, suggesting minor AT2 contamination or shared expression. The stage-1 AT2 annotation is therefore corrected to club cell.",0,0,3,0,3,0,3,0,3
11834,TCGGTAATCTCGGACG_F02607,pulmonary alveolar epithelial cell,"Pulmonary alveolar type 2 cell

The top genes include strong AT2 markers (SFTPB, SFTPC, SFTPD, NAPSA, SLC34A2, HOPX), and the AT2 pathway score is the highest. Although SCGB3A2/SLPI suggest club-cell features, the overall profile—especially surfactant proteins—confirms a type 2 pneumocyte identity, correcting the stage-1 label.",Pulmonary alveolar type 2 cell,"The top genes include strong AT2 markers (SFTPB, SFTPC, SFTPD, NAPSA, SLC34A2, HOPX), and the AT2 pathway score is the highest. Although SCGB3A2/SLPI suggest club-cell features, the overall profile—especially surfactant proteins—confirms a type 2 pneumocyte identity, correcting the stage-1 label.",0,0,1,0,1,0,1,0,1
232826,GGAGCAATCACCTCGT_SC22,pulmonary alveolar epithelial cell,"pulmonary alveolar type 2 cell
The expression profile is dominated by classic AT2 markers (SFTPC, SFTPB, SFTPA1/2, SFTPD, NAPSA, SLC34A2, SFTA2/3), and the AT2 mature pathway score is highest. Minor club-cell-like signals (SCGB3A2, SCGB3A1) are known to be present in AT2 cells as well, but do not override the surfactant program.",pulmonary alveolar type 2 cell,"The expression profile is dominated by classic AT2 markers (SFTPC, SFTPB, SFTPA1/2, SFTPD, NAPSA, SLC34A2, SFTA2/3), and the AT2 mature pathway score is highest. Minor club-cell-like signals (SCGB3A2, SCGB3A1) are known to be present in AT2 cells as well, but do not override the surfactant program.",0,0,1,0,1,0,1,0,1
226129,CTCGTACGTACCTACA_F01851,pulmonary alveolar epithelial cell,"club cell
The expression profile is dominated by canonical club cell markers SCGB3A2, SCGB3A1, SCGB1A1, SLPI, WFDC2, and CYP4B1, with supporting bronchiolar secretory genes (SFTPB, CXCL17, PIGR). Pathway scores also rank club cell programs highest, confirming the stage-1 annotation.",club cell,"The expression profile is dominated by canonical club cell markers SCGB3A2, SCGB3A1, SCGB1A1, SLPI, WFDC2, and CYP4B1, with supporting bronchiolar secretory genes (SFTPB, CXCL17, PIGR). Pathway scores also rank club cell programs highest, confirming the stage-1 annotation.",0,0,3,0,3,0,3,0,3
174801,P3_6_AGTGTCAGTCATCCCT,pulmonary alveolar epithelial cell,"club cell
The expression profile is dominated by SCGB3A2, SCGB3A1, and SCGB1A1, classic club cell secretory markers, with additional support from SLPI, CXCL17, and PIGR. While AT2 scores are slightly elevated, the canonical club cell markers are decisive and directly confirm the stage-1 annotation.",club cell,"The expression profile is dominated by SCGB3A2, SCGB3A1, and SCGB1A1, classic club cell secretory markers, with additional support from SLPI, CXCL17, and PIGR. While AT2 scores are slightly elevated, the canonical club cell markers are decisive and directly confirm the stage-1 annotation.",0,0,3,0,3,0,3,0,3
260043,AGAGTGGCACATGACT_F01157,pulmonary alveolar epithelial cell,"pulmonary alveolar type 2 cell

Dominant expression of SFTPC, SFTPB, SFTPA1/2, NAPSA, SLC34A2, NKX2-1, and HOPX confirms AT2 identity. Highest pathway score is mature AT2; co-expression of some club markers (SLPI, SCGB3A2) is minor and does not override the strong surfactant program.",pulmonary alveolar type 2 cell,"Dominant expression of SFTPC, SFTPB, SFTPA1/2, NAPSA, SLC34A2, NKX2-1, and HOPX confirms AT2 identity. Highest pathway score is mature AT2; co-expression of some club markers (SLPI, SCGB3A2) is minor and does not override the strong surfactant program.",0,0,1,0,1,0,1,0,1
174561,AGGGAGTAGAGCTATA_HD66,pulmonary alveolar epithelial cell,"club cell

The dominant expression of SCGB3A2 and SCGB3A1, along with SLPI, WFDC2, SFTPB, and NKX2-1, strongly supports club cell identity in lung parenchyma. Canonical club cell pathway score is highest, confirming the stage-1 annotation.",club cell,"The dominant expression of SCGB3A2 and SCGB3A1, along with SLPI, WFDC2, SFTPB, and NKX2-1, strongly supports club cell identity in lung parenchyma. Canonical club cell pathway score is highest, confirming the stage-1 annotation.",0,0,3,0,3,0,3,0,3
256343,GTCGTTCTCCAATGCA_SC85,pulmonary alveolar type 1 cell,"pulmonary alveolar type 1 cell

AGER, HOPX, EMP2, CAV1, and CLDN18 are canonical AT1 markers, with the strongest pathway score for AT1. Lower SFTPC/ITLN2 argues against AT2 identity. The profile matches lung parenchymal alveolar type 1 epithelium.",pulmonary alveolar type 1 cell,"AGER, HOPX, EMP2, CAV1, and CLDN18 are canonical AT1 markers, with the strongest pathway score for AT1. Lower SFTPC/ITLN2 argues against AT2 identity. The profile matches lung parenchymal alveolar type 1 epithelium.",1,1,4,1,4,1,4,1,4
134285,CTCGAAACACTGTTAG_F02522,pulmonary alveolar type 1 cell,"pulmonary alveolar type 1 cell
The marker profile is dominated by AT1-specific genes (AGER, CAV1, HOPX, CYP4B1, RNASE1, UPK3B, AQP4) and the AT1 pathway score is highest, outweighing the AT2 markers. Thus the initial AT2 annotation should be corrected to AT1.",pulmonary alveolar type 1 cell,"The marker profile is dominated by AT1-specific genes (AGER, CAV1, HOPX, CYP4B1, RNASE1, UPK3B, AQP4) and the AT1 pathway score is highest, outweighing the AT2 markers. Thus the initial AT2 annotation should be corrected to AT1.",1,1,4,1,4,1,4,1,4
231784,CAAGAAAAGCGAGAAA-SC155,pulmonary alveolar type 1 cell,"pulmonary alveolar type 1 cell

Top markers HOPX and AGER, along with CAV1, EMP2, SFTA2, ITLN2, and RBP2, are canonical AT1 cell genes. The highest pathway score is for pulmonary alveolar type 1 cell, confirming the stage-1 annotation.",pulmonary alveolar type 1 cell,"Top markers HOPX and AGER, along with CAV1, EMP2, SFTA2, ITLN2, and RBP2, are canonical AT1 cell genes. The highest pathway score is for pulmonary alveolar type 1 cell, confirming the stage-1 annotation.",1,1,4,1,4,1,4,1,4
130473,CCTTACGAGTCAATAG_F02522,pulmonary alveolar type 1 cell,"pulmonary alveolar type 2 cell

The expression profile is dominated by canonical AT2 markers (SFTPB, SFTPC, NAPSA, SLC34A2, FOLR1, SFTA2) and the AT2 mature pathway score is highest. Although AGER and HOPX (AT1-associated) appear, the overall evidence strongly supports AT2 identity over AT1 or other lung epithelial subtypes.",pulmonary alveolar type 2 cell,"The expression profile is dominated by canonical AT2 markers (SFTPB, SFTPC, NAPSA, SLC34A2, FOLR1, SFTA2) and the AT2 mature pathway score is highest. Although AGER and HOPX (AT1-associated) appear, the overall evidence strongly supports AT2 identity over AT1 or other lung epithelial subtypes.",0,0,2,0,2,0,2,0,2
284552,TAGGAGGCAAGCGGAT_SC85,pulmonary alveolar type 1 cell,"pulmonary alveolar type 1 cell

The top TF-IDF genes (AGER, EMP2, CAV1, HOPX, AQP4, CLIC5) are canonical AT1 markers, and the AT1 pathway score is highest. Some additional genes (KRT7, KRT19, CLDN18) reflect epithelial identity but do not override the strong AT1 signal.",pulmonary alveolar type 1 cell,"The top TF-IDF genes (AGER, EMP2, CAV1, HOPX, AQP4, CLIC5) are canonical AT1 markers, and the AT1 pathway score is highest. Some additional genes (KRT7, KRT19, CLDN18) reflect epithelial identity but do not override the strong AT1 signal.",1,1,4,1,4,1,4,1,4
241976,CAACGATAGCCTTCTC_SC85,pulmonary alveolar type 1 cell,"pulmonary alveolar type 2 cell

The profile is dominated by canonical AT2 markers including SFTPC, SFTPA1/SFTPA2, SFTPB, ADIRF, SFTA1P, SFTA2, and LMO7, with the AT2 mature pathway score highest. Although AGER, HOPX, and SCGB1A1 appear, they are weaker and likely reflect minor contamination or activation. The overall pattern confirms the stage-1 annotation.",pulmonary alveolar type 2 cell,"The profile is dominated by canonical AT2 markers including SFTPC, SFTPA1/SFTPA2, SFTPB, ADIRF, SFTA1P, SFTA2, and LMO7, with the AT2 mature pathway score highest. Although AGER, HOPX, and SCGB1A1 appear, they are weaker and likely reflect minor contamination or activation. The overall pattern confirms the stage-1 annotation.",0,0,2,0,2,0,2,0,2
41342,CAGCGACGTGCTCTTC_F01607,pulmonary alveolar type 1 cell,"pulmonary alveolar type 1 cell

Strong expression of AGER, CAV1, EMP2, HOPX, RTKN2, and AQP4 are canonical AT1 markers. The highest pathway score is for AT1, outpacing AT2 and other lung cell programs. Minor AT2/secretoglobin signals (SFTPB, CLDN18) reflect normal transitional overlap but do not override the dominant AT1 signature.",pulmonary alveolar type 1 cell,"Strong expression of AGER, CAV1, EMP2, HOPX, RTKN2, and AQP4 are canonical AT1 markers. The highest pathway score is for AT1, outpacing AT2 and other lung cell programs. Minor AT2/secretoglobin signals (SFTPB, CLDN18) reflect normal transitional overlap but do not override the dominant AT1 signature.",1,1,4,1,4,1,4,1,4
62284,CCTTACGGTCCATGAT_HD66,pulmonary alveolar type 1 cell,"pulmonary alveolar type 1 cell
HOPX and AGER are canonical AT1 markers and top-ranked, with supporting genes RTKN2, AQP4, CLIC3, CAV1. SFTPB/NAPSA are present at lower levels and likely minor AT2 contamination. The strong AT1-specific signature outweighs the slightly higher AT2 pathway score.",pulmonary alveolar type 1 cell,"HOPX and AGER are canonical AT1 markers and top-ranked, with supporting genes RTKN2, AQP4, CLIC3, CAV1. SFTPB/NAPSA are present at lower levels and likely minor AT2 contamination. The strong AT1-specific signature outweighs the slightly higher AT2 pathway score.",1,1,4,1,4,1,4,1,4
332120,ACTGATGGTGCAGGTA_F02607,pulmonary alveolar type 1 cell,"pulmonary alveolar type 1 cell

The dominant expression of canonical AT1 markers (AGER, HOPX, CAV1/CAV2) and the highest AT1 pathway score strongly support AT1 identity. Weaker detection of AT2-associated genes (SFTPB, NAPSA, FOLR1) likely reflects ambient contamination or transitional expression, but the profile is clearly classified as alveolar type 1 rather than type 2 or other lung cell types.",pulmonary alveolar type 1 cell,"The dominant expression of canonical AT1 markers (AGER, HOPX, CAV1/CAV2) and the highest AT1 pathway score strongly support AT1 identity. Weaker detection of AT2-associated genes (SFTPB, NAPSA, FOLR1) likely reflects ambient contamination or transitional expression, but the profile is clearly classified as alveolar type 1 rather than type 2 or other lung cell types.",1,1,4,1,4,1,4,1,4
20288,GTGCATATCATGTCCC_SC07,pulmonary alveolar type 1 cell,"pulmonary alveolar epithelial cell
The expression profile shows co-activation of AT1 markers (AGER, HOPX, CLIC5, CAV1) and AT2 markers (SFTPB, SFTA2, CEACAM6, TACSTD2), with both pathway scores strongly positive. This mixed alveolar epithelial signature is not consistent with a pure AT1 or AT2 identity, so the general pulmonary alveolar epithelial cell annotation is confirmed.",pulmonary alveolar epithelial cell,"The expression profile shows co-activation of AT1 markers (AGER, HOPX, CLIC5, CAV1) and AT2 markers (SFTPB, SFTA2, CEACAM6, TACSTD2), with both pathway scores strongly positive. This mixed alveolar epithelial signature is not consistent with a pure AT1 or AT2 identity, so the general pulmonary alveolar epithelial cell annotation is confirmed.",0,0,1,0,1,0,1,0,1
191564,TTTGGTTGTTCGTGAT_F02522,pulmonary alveolar type 1 cell,"pulmonary alveolar epithelial cell

The expression profile co-expresses AT1 markers (AGER, HOPX, CAV1, RNASE1, EMP2) and AT2 markers (SFTPB, NAPSA, CEACAM6, SFTA2), with high pathway scores for both programs. This indicates a general alveolar epithelial identity rather than a committed mature subtype. Therefore, the stage-1 annotation is appropriate.",pulmonary alveolar epithelial cell,"The expression profile co-expresses AT1 markers (AGER, HOPX, CAV1, RNASE1, EMP2) and AT2 markers (SFTPB, NAPSA, CEACAM6, SFTA2), with high pathway scores for both programs. This indicates a general alveolar epithelial identity rather than a committed mature subtype. Therefore, the stage-1 annotation is appropriate.",0,0,1,0,1,0,1,0,1
139605,GCGAGAATCGGGAGTA_F02526,pulmonary alveolar type 1 cell,"pulmonary alveolar type 1 cell
The top genes (AGER, HOPX, AQP4, CLIC5, CAV1, RTKN2, EMP2) are canonical AT1 markers, and the AT1 pathway score is highest. Surfactant genes (SFTPB, NAPSA, SFTA2) are lower-ranked and likely ambient contamination from AT2 cells. The profile is consistent with pulmonary alveolar type 1 cell.",pulmonary alveolar type 1 cell,"The top genes (AGER, HOPX, AQP4, CLIC5, CAV1, RTKN2, EMP2) are canonical AT1 markers, and the AT1 pathway score is highest. Surfactant genes (SFTPB, NAPSA, SFTA2) are lower-ranked and likely ambient contamination from AT2 cells. The profile is consistent with pulmonary alveolar type 1 cell.",1,1,4,1,4,1,4,1,4
211504,TGGCGCAGTCAGATAA_HD66,pulmonary alveolar type 1 cell,"pulmonary alveolar type 2 cell

The top marker SFTPB, along with NAPSA, SUSD2, LMO7, and CLDN18, strongly supports AT2 identity. The AT2 mature pathway score is highest. AGER, CAV1, and AQP4 presence may indicate minor AT1 contamination or transitional cells, but the dominant surfactant gene program confirms the stage-1 annotation.",pulmonary alveolar type 2 cell,"The top marker SFTPB, along with NAPSA, SUSD2, LMO7, and CLDN18, strongly supports AT2 identity. The AT2 mature pathway score is highest. AGER, CAV1, and AQP4 presence may indicate minor AT1 contamination or transitional cells, but the dominant surfactant gene program confirms the stage-1 annotation.",0,0,2,0,2,0,2,0,2
267158,P3_6_TACTCGCAGCCTCGTG,pulmonary alveolar type 1 cell,"pulmonary alveolar type 1 cell

AGER is the top signature gene and is a canonical AT1 marker, supported by HOPX, CAV1, EMP2, RTKN2, and CLIC5. The highest pathway score is for AT1 cells, and expression of keratins and epithelial genes is consistent with the alveolar epithelial lineage rather than other lung cell types. Thus the stage-1 annotation is correct.",pulmonary alveolar type 1 cell,"AGER is the top signature gene and is a canonical AT1 marker, supported by HOPX, CAV1, EMP2, RTKN2, and CLIC5. The highest pathway score is for AT1 cells, and expression of keratins and epithelial genes is consistent with the alveolar epithelial lineage rather than other lung cell types. Thus the stage-1 annotation is correct.",1,1,4,1,4,1,4,1,4
177517,P3_6_GCTGCGATCCTATGTT,pulmonary alveolar type 1 cell,"pulmonary alveolar type 1 cell

Expression of AGER, HOPX, CAV1/CAV2, and KRT7/KRT8 strongly supports AT1 identity. Top pathway score also matches pulmonary alveolar type 1 cell. Minor secondary AT2 signal is insufficient to override the dominant AT1 markers.",pulmonary alveolar type 1 cell,"Expression of AGER, HOPX, CAV1/CAV2, and KRT7/KRT8 strongly supports AT1 identity. Top pathway score also matches pulmonary alveolar type 1 cell. Minor secondary AT2 signal is insufficient to override the dominant AT1 markers.",1,1,4,1,4,1,4,1,4
97862,ATCTGCCTCCGCAAGC_F02611,pulmonary alveolar type 1 cell,"pulmonary alveolar type 1 cell

The profile is dominated by canonical AT1 markers (AGER, HOPX, CAV1, RTKN2, CLIC3, EMP2) with the highest pathway score for AT1. Minor AT2-associated signals (SFTPB, NAPSA, SFTA2) are present but lack SFTPC, and AT1-specific genes outweigh them, confirming the stage-1 annotation.",pulmonary alveolar type 1 cell,"The profile is dominated by canonical AT1 markers (AGER, HOPX, CAV1, RTKN2, CLIC3, EMP2) with the highest pathway score for AT1. Minor AT2-associated signals (SFTPB, NAPSA, SFTA2) are present but lack SFTPC, and AT1-specific genes outweigh them, confirming the stage-1 annotation.",1,1,4,1,4,1,4,1,4
177797,TACTTGTTCGTACGGC-SC156,pulmonary alveolar type 1 cell,"pulmonary alveolar epithelial cell

The expression profile mixes canonical AT1 markers (AGER, HOPX, CAV1/2, EMP2, ADIRF, CLIC5) with AT2 markers (SFTPB, SFTA2, CTSE). Pathway scores for AT1 and AT2 are nearly identical, indicating a shared alveolar epithelial program rather than a committed AT1 identity. Thus, the initial AT1 annotation is better corrected to the broader alveolar epithelial category.",pulmonary alveolar epithelial cell,"The expression profile mixes canonical AT1 markers (AGER, HOPX, CAV1/2, EMP2, ADIRF, CLIC5) with AT2 markers (SFTPB, SFTA2, CTSE). Pathway scores for AT1 and AT2 are nearly identical, indicating a shared alveolar epithelial program rather than a committed AT1 identity. Thus, the initial AT1 annotation is better corrected to the broader alveolar epithelial category.",0,0,1,0,1,0,1,0,1
332099,CGCTTCAAGGTGCACA-SC156,pulmonary alveolar type 1 cell,"pulmonary alveolar type 1 cell

The top markers (AGER, HOPX, EMP2, CAV1, RTKN2) are canonical AT1-specific genes, and the AT1 pathway score is highest. Minor AT2-associated signals (SFTPB, SFTA2) likely reflect ambient contamination or technical bleed, but the strong AT1 TF-IDF profile supports the original annotation.",pulmonary alveolar type 1 cell,"The top markers (AGER, HOPX, EMP2, CAV1, RTKN2) are canonical AT1-specific genes, and the AT1 pathway score is highest. Minor AT2-associated signals (SFTPB, SFTA2) likely reflect ambient contamination or technical bleed, but the strong AT1 TF-IDF profile supports the original annotation.",1,1,4,1,4,1,4,1,4
198910,GGATGTTTCAACACCA-SC156,pulmonary alveolar type 1 cell,"pulmonary alveolar type 1 cell
Classic AT1 markers AGER, HOPX, CAV1/CAV2, EMP2, CLIC5, and ADIRF dominate the top genes, and the AT1 pathway score is the highest. The presence of some low-ranked AT2-associated genes (e.g., SFTA2, CEACAM6) is insufficient to shift the annotation. Thus, the stage-1 identity is confirmed.",pulmonary alveolar type 1 cell,"Classic AT1 markers AGER, HOPX, CAV1/CAV2, EMP2, CLIC5, and ADIRF dominate the top genes, and the AT1 pathway score is the highest. The presence of some low-ranked AT2-associated genes (e.g., SFTA2, CEACAM6) is insufficient to shift the annotation. Thus, the stage-1 identity is confirmed.",1,1,4,1,4,1,4,1,4
46853,GTGTTAGTCGCCTGTT_F02617,pulmonary alveolar type 1 cell,"pulmonary alveolar type 1 cell
The top specific markers (AGER, CAV1, HOPX, EMP2, KRT7, GPRC5A, ADIRF) are canonical AT1 genes, and pathway scoring favors AT1 over AT2. Low-level SFTPB/SFTA2 likely reflect minor contamination from adjacent AT2 cells rather than a mixed identity.",pulmonary alveolar type 1 cell,"The top specific markers (AGER, CAV1, HOPX, EMP2, KRT7, GPRC5A, ADIRF) are canonical AT1 genes, and pathway scoring favors AT1 over AT2. Low-level SFTPB/SFTA2 likely reflect minor contamination from adjacent AT2 cells rather than a mixed identity.",1,1,4,1,4,1,4,1,4
319901,7239220_CAAGAAACAAACCCAT,pulmonary alveolar type 2 cell,"pulmonary alveolar type 2 cell

The expression profile is dominated by canonical AT2 markers (SFTPC, SFTPA1/2, SFTPB, SFTPD, NAPSA, ABCA3), and the AT2 mature pathway score is highest. Club cell genes are present but secondary; overall evidence strongly confirms the stage-1 annotation.",pulmonary alveolar type 2 cell,"The expression profile is dominated by canonical AT2 markers (SFTPC, SFTPA1/2, SFTPB, SFTPD, NAPSA, ABCA3), and the AT2 mature pathway score is highest. Club cell genes are present but secondary; overall evidence strongly confirms the stage-1 annotation.",1,1,4,1,4,1,4,1,4
166835,ACTGAGTTCTAACGGT_SC18,pulmonary alveolar type 2 cell,"pulmonary alveolar type 2 cell

Top markers SFTPC, SFTPA1/A2, SFTPB, SFTPD, NAPSA, SLC34A2, HOPX, LAMP3, and SFTA2 are canonical AT2 genes. AT2 mature pathway score is highest, confirming surfactant-producing alveolar epithelium. The minor impurities (SLPI, SCGB3A2, PGC) likely reflect low-level contamination or cellular heterogeneity, but the overall profile robustly supports pulmonary alveolar type 2 cell identity.",pulmonary alveolar type 2 cell,"Top markers SFTPC, SFTPA1/A2, SFTPB, SFTPD, NAPSA, SLC34A2, HOPX, LAMP3, and SFTA2 are canonical AT2 genes. AT2 mature pathway score is highest, confirming surfactant-producing alveolar epithelium. The minor impurities (SLPI, SCGB3A2, PGC) likely reflect low-level contamination or cellular heterogeneity, but the overall profile robustly supports pulmonary alveolar type 2 cell identity.",1,1,4,1,4,1,4,1,4
320892,TACTTACTCCCTCTCC_SC141,pulmonary alveolar type 2 cell,"pulmonary alveolar type 2 cell
The profile is dominated by canonical AT2 markers (SFTPC, SFTPA1/2, SFTPB, SFTPD, NAPSA, ABCA3, SLC34A2, LAMP3) and has the highest pathway score for mature AT2. No conflicting evidence suggests another cell type.",pulmonary alveolar type 2 cell,"The profile is dominated by canonical AT2 markers (SFTPC, SFTPA1/2, SFTPB, SFTPD, NAPSA, ABCA3, SLC34A2, LAMP3) and has the highest pathway score for mature AT2. No conflicting evidence suggests another cell type.",1,1,4,1,4,1,4,1,4
115732,CAGATCACATTAACCG_F02522,pulmonary alveolar type 2 cell,"pulmonary alveolar type 2 cell
Expression of canonical AT2 markers (SFTPC, SFTPA1/2, SFTPB, NAPSA, ABCA3, SLC34A2, SFTA2, LAMP3) and the dominant AT2 mature pathway score confirm the annotation. Minor club cell signals (SCGB3A2, SLPI) reflect known plasticity but do not override the strong surfactant-associated program.",pulmonary alveolar type 2 cell,"Expression of canonical AT2 markers (SFTPC, SFTPA1/2, SFTPB, NAPSA, ABCA3, SLC34A2, SFTA2, LAMP3) and the dominant AT2 mature pathway score confirm the annotation. Minor club cell signals (SCGB3A2, SLPI) reflect known plasticity but do not override the strong surfactant-associated program.",1,1,4,1,4,1,4,1,4
250205,TTATGCTAGCGTCAAG_F02611,pulmonary alveolar type 2 cell,"pulmonary alveolar type 2 cell
The cell's top markers (SFTPC, SFTPA1/A2, SFTPB, SFTPD, NAPSA, SFTA2/3, SLC34A2) are classic AT2 signatures. The highest pathway score is mature AT2, supporting the original annotation. The Club cell score is secondary and insufficient to override the dominant surfactant-producing profile.",pulmonary alveolar type 2 cell,"The cell's top markers (SFTPC, SFTPA1/A2, SFTPB, SFTPD, NAPSA, SFTA2/3, SLC34A2) are classic AT2 signatures. The highest pathway score is mature AT2, supporting the original annotation. The Club cell score is secondary and insufficient to override the dominant surfactant-producing profile.",1,1,4,1,4,1,4,1,4
298874,GCACTCTGTTAAGAAC-1-HCATisStab7747197,pulmonary alveolar type 2 cell,"pulmonary alveolar type 2 cell
The expression profile clearly matches AT2 cells, with canonical markers SFTPC, SFTPA1/2, SFTPB, SFTPD, ABCA3, NAPSA, and LAMP3. The AT2 mature pathway score is highest, confirming the stage-1 annotation.",pulmonary alveolar type 2 cell,"The expression profile clearly matches AT2 cells, with canonical markers SFTPC, SFTPA1/2, SFTPB, SFTPD, ABCA3, NAPSA, and LAMP3. The AT2 mature pathway score is highest, confirming the stage-1 annotation.",1,1,4,1,4,1,4,1,4
149662,AGCCTAATCCAACCAA-1-HCATisStab7587208,pulmonary alveolar type 2 cell,"pulmonary alveolar type 2 cell
The profile is dominated by canonical AT2 markers SFTPC, SFTPA1/A2, SFTPB, SFTPD, NAPSA, SLC34A2, and SFTA2, with the highest pathway score for mature AT2. While some genes (SLPI, SCGB3A2) appear in club cells, the overall evidence is definitive for pulmonary alveolar type 2 cells.",pulmonary alveolar type 2 cell,"The profile is dominated by canonical AT2 markers SFTPC, SFTPA1/A2, SFTPB, SFTPD, NAPSA, SLC34A2, and SFTA2, with the highest pathway score for mature AT2. While some genes (SLPI, SCGB3A2) appear in club cells, the overall evidence is definitive for pulmonary alveolar type 2 cells.",1,1,4,1,4,1,4,1,4
179632,GCTCTGTCATTGGGCC_F01851,pulmonary alveolar type 2 cell,"pulmonary alveolar type 2 cell
The expression profile is dominated by canonical AT2 markers (SFTPC, SFTPA1, SFTPB, SFTPD, NAPSA, SLC34A2, LPCAT1, HOPX), and the AT2 mature pathway score is highest. This confirms the stage-1 annotation with no conflicting evidence.",pulmonary alveolar type 2 cell,"The expression profile is dominated by canonical AT2 markers (SFTPC, SFTPA1, SFTPB, SFTPD, NAPSA, SLC34A2, LPCAT1, HOPX), and the AT2 mature pathway score is highest. This confirms the stage-1 annotation with no conflicting evidence.",1,1,4,1,4,1,4,1,4
102193,GGCCGATAGTTCGATC_F01607,pulmonary alveolar type 2 cell,"pulmonary alveolar type 2 cell
Top markers SFTPC, SFTPB, SFTPA1/A2, NAPSA, SLC34A2, and SFTA2 are highly specific for alveolar type 2 cells. The AT2 mature pathway score is the highest, confirming this identity over other lung epithelial or immune populations.",pulmonary alveolar type 2 cell,"Top markers SFTPC, SFTPB, SFTPA1/A2, NAPSA, SLC34A2, and SFTA2 are highly specific for alveolar type 2 cells. The AT2 mature pathway score is the highest, confirming this identity over other lung epithelial or immune populations.",1,1,4,1,4,1,4,1,4
139817,TCACGAACAGACAAGC_SC10,pulmonary alveolar type 2 cell,"pulmonary alveolar type 2 cell

The expression profile is classic for AT2 cells: SFTPC, SFTPA1/A2, SFTPB, SFTPD, ABCA3, LPCAT1, NAPSA, HOPX, and SFTA2/A3. High mature AT2 pathway score and surfactant production confirm the annotation. Although SLPI, PIGR, and MUC1 overlap with club/airway cells, the dominance of surfactant genes and AT2-specific programs firmly support this identity.",pulmonary alveolar type 2 cell,"The expression profile is classic for AT2 cells: SFTPC, SFTPA1/A2, SFTPB, SFTPD, ABCA3, LPCAT1, NAPSA, HOPX, and SFTA2/A3. High mature AT2 pathway score and surfactant production confirm the annotation. Although SLPI, PIGR, and MUC1 overlap with club/airway cells, the dominance of surfactant genes and AT2-specific programs firmly support this identity.",1,1,4,1,4,1,4,1,4
296867,ACTGATGCAGCACACC_SC85,pulmonary alveolar type 2 cell,"pulmonary alveolar type 2 cell

The stage-1 annotation is confirmed. Top TF-IDF genes include canonical AT2 markers: SFTPC, SFTPA1/A2, SFTPB/D, NAPSA, ABCA3, LAMP3, SLC34A2, and LPCAT1. The highest pathway score is ""AT2 mature,"" supporting a mature alveolar type 2 identity. Other scores (club, AT1) are lower and reflect shared lung epithelial programs, not conflicting identity.",pulmonary alveolar type 2 cell,"The stage-1 annotation is confirmed. Top TF-IDF genes include canonical AT2 markers: SFTPC, SFTPA1/A2, SFTPB/D, NAPSA, ABCA3, LAMP3, SLC34A2, and LPCAT1. The highest pathway score is ""AT2 mature,"" supporting a mature alveolar type 2 identity. Other scores (club, AT1) are lower and reflect shared lung epithelial programs, not conflicting identity.",1,1,4,1,4,1,4,1,4
108662,TTCGGTCGTTCCTCCA_F02611,pulmonary alveolar type 2 cell,"pulmonary alveolar type 2 cell

The expression profile is dominated by canonical AT2 markers (SFTPC, SFTPA1/2, SFTPB, NAPSA, SLC34A2, ABCA3, LAMP3, SFTPD) and has the highest pathway score for mature AT2 program. This strongly confirms the stage-1 annotation.",pulmonary alveolar type 2 cell,"The expression profile is dominated by canonical AT2 markers (SFTPC, SFTPA1/2, SFTPB, NAPSA, SLC34A2, ABCA3, LAMP3, SFTPD) and has the highest pathway score for mature AT2 program. This strongly confirms the stage-1 annotation.",1,1,4,1,4,1,4,1,4
114629,GATCAGTAGACTCTTG_SC141,pulmonary alveolar type 2 cell,"pulmonary alveolar type 2 cell

The dominant expression of SFTPC, SFTPA1/A2, SFTPB, SFTPD, NAPSA, SLC34A2, and ABCA3 strongly confirms mature alveolar type 2 cell identity. The AT2 mature pathway score is highest, and the profile matches canonical surfactant-producing AT2 cells in lung parenchyma.",pulmonary alveolar type 2 cell,"The dominant expression of SFTPC, SFTPA1/A2, SFTPB, SFTPD, NAPSA, SLC34A2, and ABCA3 strongly confirms mature alveolar type 2 cell identity. The AT2 mature pathway score is highest, and the profile matches canonical surfactant-producing AT2 cells in lung parenchyma.",1,1,4,1,4,1,4,1,4
78343,CTCAGAACATGTAGTC_F01851,pulmonary alveolar type 2 cell,"pulmonary alveolar type 2 cell
SFTPC, SFTPA1, SFTPB, SFTPA2, NAPSA, SLC34A2, and LAMP3 are canonical AT2 markers. The AT2 mature pathway score is highest, and the minor club-cell–like signals (SCGB3A2, SLPI) do not outweigh the dominant surfactant program.",pulmonary alveolar type 2 cell,"SFTPC, SFTPA1, SFTPB, SFTPA2, NAPSA, SLC34A2, and LAMP3 are canonical AT2 markers. The AT2 mature pathway score is highest, and the minor club-cell–like signals (SCGB3A2, SLPI) do not outweigh the dominant surfactant program.",1,1,4,1,4,1,4,1,4
186087,CATATTCGTTCGGGCT_F01851,pulmonary alveolar type 2 cell,"pulmonary alveolar type 2 cell
The expression profile is definitive for AT2 cells: high levels of SFTPC, SFTPA1, SFTPB, and AT2 markers (NAPSA, ABCA3-related LAMP3, SLC34A2, HOPX). The AT2 mature pathway score is highest, and club cell activation is only partial. Thus, stage-1 annotation is confirmed.",pulmonary alveolar type 2 cell,"The expression profile is definitive for AT2 cells: high levels of SFTPC, SFTPA1, SFTPB, and AT2 markers (NAPSA, ABCA3-related LAMP3, SLC34A2, HOPX). The AT2 mature pathway score is highest, and club cell activation is only partial. Thus, stage-1 annotation is confirmed.",1,1,4,1,4,1,4,1,4
327106,AAAGTAGAGAGGACGG_SC10,pulmonary alveolar type 2 cell,"pulmonary alveolar type 2 cell

The profile is dominated by canonical AT2 markers including SFTPC, SFTPA1/A2, SFTPB, SFTPD, ABCA3, NAPSA, LPCAT1, and SLC34A2. Pathway scoring also identifies mature AT2 as the most active program. The minor presence of club/AT1-related genes is consistent with normal transitional or contaminating signals, but the direct surfactant gene evidence firmly confirms pulmonary alveolar type 2 cell identity.",pulmonary alveolar type 2 cell,"The profile is dominated by canonical AT2 markers including SFTPC, SFTPA1/A2, SFTPB, SFTPD, ABCA3, NAPSA, LPCAT1, and SLC34A2. Pathway scoring also identifies mature AT2 as the most active program. The minor presence of club/AT1-related genes is consistent with normal transitional or contaminating signals, but the direct surfactant gene evidence firmly confirms pulmonary alveolar type 2 cell identity.",1,1,4,1,4,1,4,1,4
295575,CACAGGCAGCTCTCGG-SC56,pulmonary alveolar type 2 cell,"pulmonary alveolar type 2 cell

The top markers (SFTPC, SFTPA1/A2, SFTPB/D, NAPSA) are canonical surfactant proteins specific to alveolar type 2 cells. The highest pathway score is AT2 mature, and other AT2 markers like SLC34A2 and SFTA2 further support this identity. No evidence points to another cell type.",pulmonary alveolar type 2 cell,"The top markers (SFTPC, SFTPA1/A2, SFTPB/D, NAPSA) are canonical surfactant proteins specific to alveolar type 2 cells. The highest pathway score is AT2 mature, and other AT2 markers like SLC34A2 and SFTA2 further support this identity. No evidence points to another cell type.",1,1,4,1,4,1,4,1,4
128446,TCAACGAGTATCGCAT_F02528,pulmonary alveolar type 2 cell,"pulmonary alveolar type 2 cell
The strong expression of surfactant genes (SFTPC, SFTPB, SFTPA1/A2, SFTPD) plus AT2 markers NAPSA, SLC34A2, LAMP3, and SFTA2/SFTA3 confirms the alveolar type 2 identity. The pathway scores also show highest enrichment for mature AT2 program.",pulmonary alveolar type 2 cell,"The strong expression of surfactant genes (SFTPC, SFTPB, SFTPA1/A2, SFTPD) plus AT2 markers NAPSA, SLC34A2, LAMP3, and SFTA2/SFTA3 confirms the alveolar type 2 identity. The pathway scores also show highest enrichment for mature AT2 program.",1,1,4,1,4,1,4,1,4
303123,ACCTTTAGTAGTAGTA_HD67,pulmonary alveolar type 2 cell,"club cell
The dominant markers (SCGB3A2, SLPI, SCGB3A1, WFDC2, CYP4B1) are canonical club cell genes. Although some surfactant genes (SFTPA/B) appear, the absence of SFTPC and the overwhelming specificity of SCGB3A2 support club cell identity over alveolar type 2 cell.",club cell,"The dominant markers (SCGB3A2, SLPI, SCGB3A1, WFDC2, CYP4B1) are canonical club cell genes. Although some surfactant genes (SFTPA/B) appear, the absence of SFTPC and the overwhelming specificity of SCGB3A2 support club cell identity over alveolar type 2 cell.",0,0,1,0,1,0,1,0,1
95027,7185212_GTTCGGGGTTACTGAC,pulmonary alveolar type 2 cell,"pulmonary alveolar type 2 cell

Expression profile is dominated by canonical AT2 markers: SFTPC, SFTPA1/A2/B/D, NAPSA, ABCA3, and SLC34A2. The mature AT2 pathway score is highest, and the TF-IDF gene list strongly supports alveolar type 2 identity. No conflicting lineage markers are present.",pulmonary alveolar type 2 cell,"Expression profile is dominated by canonical AT2 markers: SFTPC, SFTPA1/A2/B/D, NAPSA, ABCA3, and SLC34A2. The mature AT2 pathway score is highest, and the TF-IDF gene list strongly supports alveolar type 2 identity. No conflicting lineage markers are present.",1,1,4,1,4,1,4,1,4
196057,P1_3_GTATTCTAGCAGGTCA,pulmonary artery endothelial cell,"capillary endothelial cell

The top genes strongly support capillary identity: FCN3, CLEC14A, TMEM100, EDN1, and RAMP2 are established lung capillary endothelial markers. Although arterial/venous pathway scores are slightly higher, these reflect shared endothelial programs, while the capillary-specific markers are decisive. The stage-1 annotation is confirmed.",capillary endothelial cell,"The top genes strongly support capillary identity: FCN3, CLEC14A, TMEM100, EDN1, and RAMP2 are established lung capillary endothelial markers. Although arterial/venous pathway scores are slightly higher, these reflect shared endothelial programs, while the capillary-specific markers are decisive. The stage-1 annotation is confirmed.",0,0,2,0,2,0,2,0,2
84905,TGGCCAGGTTACCAGT_F02522,pulmonary artery endothelial cell,"Capillary endothelial cell

The top markers (FCN3, CLEC3B, SPARCL1, TIMP3) are highly specific to lung capillary endothelium, and co-expression of VWF, PECAM1, CLDN5, and EGFL7 confirms an endothelial identity. Although pathway scores also favor arterial/venous programs, the gene-level evidence decisively matches capillary endothelial cells rather than other vascular or lymphatic subtypes.",Capillary endothelial cell,"The top markers (FCN3, CLEC3B, SPARCL1, TIMP3) are highly specific to lung capillary endothelium, and co-expression of VWF, PECAM1, CLDN5, and EGFL7 confirms an endothelial identity. Although pathway scores also favor arterial/venous programs, the gene-level evidence decisively matches capillary endothelial cells rather than other vascular or lymphatic subtypes.",0,0,2,0,2,0,2,0,2
83056,P1_3_AAAGATGGTTAAGATG,pulmonary artery endothelial cell,"pulmonary artery endothelial cell

The expression profile strongly supports an arterial endothelial identity. Key arterial markers include GJA5 (connexin-40), HEY1, DKK2, and EDN1, which are not characteristic of general capillary or venous endothelium. Additionally, the top pathway score is pulmonary arterial endothelial cell, outranking capillary and venous programs. While many detected genes (CLDN5, CLEC14A, RAMP2, PTPRB) are pan-endothelial, the arterial-specific markers refine the annotation beyond the stage-1 capillary label.",pulmonary artery endothelial cell,"The expression profile strongly supports an arterial endothelial identity. Key arterial markers include GJA5 (connexin-40), HEY1, DKK2, and EDN1, which are not characteristic of general capillary or venous endothelium. Additionally, the top pathway score is pulmonary arterial endothelial cell, outranking capillary and venous programs. While many detected genes (CLDN5, CLEC14A, RAMP2, PTPRB) are pan-endothelial, the arterial-specific markers refine the annotation beyond the stage-1 capillary label.",1,1,4,1,4,1,4,1,4
212712,GTATCTTAGATCTGCT_F01366,pulmonary artery endothelial cell,"pulmonary artery endothelial cell  
The expression profile strongly supports arterial endothelial identity, with classic endothelial markers (VWF, PECAM1, CLDN5) and arterial-specific genes (SOX17, CXCL12, KLF2, EDN1). Highest pathway score corresponds to pulmonary artery endothelium, and the absence of capillary-, venous-, or lymphatic-specific signatures confirms this subtype.",pulmonary artery endothelial cell,"The expression profile strongly supports arterial endothelial identity, with classic endothelial markers (VWF, PECAM1, CLDN5) and arterial-specific genes (SOX17, CXCL12, KLF2, EDN1). Highest pathway score corresponds to pulmonary artery endothelium, and the absence of capillary-, venous-, or lymphatic-specific signatures confirms this subtype.",1,1,4,1,4,1,4,1,4
225499,P1_4_GAACGGAGTGAGGGTT,pulmonary artery endothelial cell,"capillary endothelial cell

The top genes (TM4SF1, CLDN5, CLEC14A, ECSCR, RAMP2, CAVIN2, SOX17, PLAT) and pathway scores strongly support capillary endothelium. Despite stress-related metallothionein and inflammatory genes, the identity remains consistent with lung capillary endothelial cells.",capillary endothelial cell,"The top genes (TM4SF1, CLDN5, CLEC14A, ECSCR, RAMP2, CAVIN2, SOX17, PLAT) and pathway scores strongly support capillary endothelium. Despite stress-related metallothionein and inflammatory genes, the identity remains consistent with lung capillary endothelial cells.",0,0,2,0,2,0,2,0,2
20561,TTCTCAAAGTAGCGGT_F02528,pulmonary artery endothelial cell,"capillary endothelial cell
The expression profile strongly matches lung capillary endothelium: FCN3, SPARCL1, CLEC14A, TMEM100, RAMP2, CLEC3B, and RNASE1 are established capillary-enriched markers. Although the arterial endothelial pathway score is marginally higher, the direct gene evidence for capillary identity is more specific and convincing. Therefore, the stage-1 annotation is confirmed.",capillary endothelial cell,"The expression profile strongly matches lung capillary endothelium: FCN3, SPARCL1, CLEC14A, TMEM100, RAMP2, CLEC3B, and RNASE1 are established capillary-enriched markers. Although the arterial endothelial pathway score is marginally higher, the direct gene evidence for capillary identity is more specific and convincing. Therefore, the stage-1 annotation is confirmed.",0,0,2,0,2,0,2,0,2
331362,GTTGCTCCAACAGTGG_SC144,pulmonary artery endothelial cell,"pulmonary artery endothelial cell

The top genes include EFNB2 and HEY1, well-established arterial endothelial markers, alongside general endothelial genes such as VWF, CLDN5, PTPRB, and EGFL7. Pathway scores are highest for pulmonary venous/arterial programs, while capillary programs (especially aCap) are lower. The absence of capillary subtype markers and presence of arterial-specific genes support correction from capillary endothelial cell to pulmonary artery endothelial cell.",pulmonary artery endothelial cell,"The top genes include EFNB2 and HEY1, well-established arterial endothelial markers, alongside general endothelial genes such as VWF, CLDN5, PTPRB, and EGFL7. Pathway scores are highest for pulmonary venous/arterial programs, while capillary programs (especially aCap) are lower. The absence of capillary subtype markers and presence of arterial-specific genes support correction from capillary endothelial cell to pulmonary artery endothelial cell.",1,1,4,1,4,1,4,1,4
224629,GACACGCAGAAGATTC_F01639,pulmonary artery endothelial cell,"capillary endothelial cell

Expression of canonical endothelial markers (PECAM1, CDH5, VWF) plus lung capillary-enriched genes (CALCRL, AQP1, TMEM100, RAMP2, MGP) confirms capillary endothelium. Absence of lymphatic (LYVE1, PROX1) and large-vessel-specific markers, with high capillary pathway scores, supports the stage-1 annotation despite slightly elevated arterial program score.",capillary endothelial cell,"Expression of canonical endothelial markers (PECAM1, CDH5, VWF) plus lung capillary-enriched genes (CALCRL, AQP1, TMEM100, RAMP2, MGP) confirms capillary endothelium. Absence of lymphatic (LYVE1, PROX1) and large-vessel-specific markers, with high capillary pathway scores, supports the stage-1 annotation despite slightly elevated arterial program score.",0,0,2,0,2,0,2,0,2
194225,AGAGTGGAGGTAGCCA_F02607,pulmonary artery endothelial cell,"capillary endothelial cell

Expression of PECAM1, VWF, CLDN5, CLEC14A, TMEM100, and lung capillary-enriched genes such as IGFBP3, SPARCL1, and MGP strongly supports capillary endothelium. The aCap score is low and gCap/arterial scores are compatible with general capillary identity.",capillary endothelial cell,"Expression of PECAM1, VWF, CLDN5, CLEC14A, TMEM100, and lung capillary-enriched genes such as IGFBP3, SPARCL1, and MGP strongly supports capillary endothelium. The aCap score is low and gCap/arterial scores are compatible with general capillary identity.",0,0,2,0,2,0,2,0,2
146044,CGGTTAACACCTCGTT_F02092,pulmonary artery endothelial cell,"capillary endothelial cell
The gene expression profile is highly consistent with lung capillary endothelium, showing classic endothelial markers (PTPRB, CLDN5, VWF) combined with capillary-enriched genes (SPARCL1, CALCRL, TMEM100, IL33, IGFBP3). Despite slightly higher pathway scores for arterial/venous endothelial programs, the direct marker evidence strongly supports capillary identity, confirming the stage-1 annotation.",capillary endothelial cell,"The gene expression profile is highly consistent with lung capillary endothelium, showing classic endothelial markers (PTPRB, CLDN5, VWF) combined with capillary-enriched genes (SPARCL1, CALCRL, TMEM100, IL33, IGFBP3). Despite slightly higher pathway scores for arterial/venous endothelial programs, the direct marker evidence strongly supports capillary identity, confirming the stage-1 annotation.",0,0,2,0,2,0,2,0,2
317095,GACCTGGAGGCCGAAT_F01157,pulmonary artery endothelial cell,"capillary endothelial cell

The expression profile shows canonical endothelial markers (VWF, PECAM1, CLDN5, TEK) plus capillary-specific genes (SPARCL1, TMEM100, CLEC14A, MMRN2, GPIHBP1, A2M), characteristic of lung general capillary endothelium. The high arterial/venous pathway scores reflect shared endothelial programs, but the direct gene evidence confirms the capillary endothelial cell annotation.",capillary endothelial cell,"The expression profile shows canonical endothelial markers (VWF, PECAM1, CLDN5, TEK) plus capillary-specific genes (SPARCL1, TMEM100, CLEC14A, MMRN2, GPIHBP1, A2M), characteristic of lung general capillary endothelium. The high arterial/venous pathway scores reflect shared endothelial programs, but the direct gene evidence confirms the capillary endothelial cell annotation.",0,0,2,0,2,0,2,0,2
302611,TGGGAAGTCGTGGACC_SC27,pulmonary artery endothelial cell,"vein endothelial cell

The strongest evidence is ACKR1, a canonical venous endothelial marker, and the top pathway score was for pulmonary venous endothelial cell. Although capillary markers (FCN3, TM4SF1, CLDN5) appear, they are lower-ranked, making the overall profile more consistent with a venous endothelial identity.",vein endothelial cell,"The strongest evidence is ACKR1, a canonical venous endothelial marker, and the top pathway score was for pulmonary venous endothelial cell. Although capillary markers (FCN3, TM4SF1, CLDN5) appear, they are lower-ranked, making the overall profile more consistent with a venous endothelial identity.",0,0,2,0,2,0,2,0,2
287702,TCTCATAGTACCTACA_F02607,pulmonary artery endothelial cell,"capillary endothelial cell
The expression profile strongly supports lung capillary endothelium, with high endothelial markers (CLEC14A, PECAM1, VWF, CLDN5) and specific microvascular/capillary markers (MMRN2, TMEM100, RAMP2, CLEC3B, CALCRL). Pathway scores favoring arterial/venous are not sufficient to override the direct capillary-defining gene evidence. Thus, the stage-1 annotation is confirmed.",capillary endothelial cell,"The expression profile strongly supports lung capillary endothelium, with high endothelial markers (CLEC14A, PECAM1, VWF, CLDN5) and specific microvascular/capillary markers (MMRN2, TMEM100, RAMP2, CLEC3B, CALCRL). Pathway scores favoring arterial/venous are not sufficient to override the direct capillary-defining gene evidence. Thus, the stage-1 annotation is confirmed.",0,0,2,0,2,0,2,0,2
273056,CGTGTCTTCTAGCACA_F02607,pulmonary artery endothelial cell,"capillary endothelial cell
Expression of CLDN5, PECAM1, VWF, RAMP2, CLEC14A, SPARCL1, IL33, and IGFBP3 confirms lung capillary endothelium, with high pathway scores for arterial and general capillary programs. No lymphatic, arterial-specific, or epithelial markers dominate.",capillary endothelial cell,"Expression of CLDN5, PECAM1, VWF, RAMP2, CLEC14A, SPARCL1, IL33, and IGFBP3 confirms lung capillary endothelium, with high pathway scores for arterial and general capillary programs. No lymphatic, arterial-specific, or epithelial markers dominate.",0,0,2,0,2,0,2,0,2
186407,TCTTTCCGTGAAGGCT_F02611,pulmonary artery endothelial cell,"capillary endothelial cell

The expression profile is enriched for capillary endothelial markers (CLDN5, IGFBP3, SPARCL1, IL33, CLEC3B, DLL4) and lacks clear arterial (GJA5, HEY1) or venous (NR2F2, ACKR1) signatures. While the pathway scores slightly favor arterial/venous programs, the direct gene evidence overwhelmingly supports a lung capillary endothelial identity. Thus, the stage-1 annotation is confirmed.",capillary endothelial cell,"The expression profile is enriched for capillary endothelial markers (CLDN5, IGFBP3, SPARCL1, IL33, CLEC3B, DLL4) and lacks clear arterial (GJA5, HEY1) or venous (NR2F2, ACKR1) signatures. While the pathway scores slightly favor arterial/venous programs, the direct gene evidence overwhelmingly supports a lung capillary endothelial identity. Thus, the stage-1 annotation is confirmed.",0,0,2,0,2,0,2,0,2
261156,P1_2_GATTCAGTCAGTTCGA,pulmonary artery endothelial cell,"capillary endothelial cell

The gene signature is highly specific for lung capillary endothelium, with canonical markers including CLDN5, CLEC14A, MMRN2, TMEM100, EDN1, RAMP2, HEY1, CAVIN2, and DEPP1. Absence of lymphatic and large-vessel markers supports capillary identity. Pathway scores for arterial/venous subtypes are not decisively enriched, while gCap/aCap programs are present, collectively confirming the original annotation.",capillary endothelial cell,"The gene signature is highly specific for lung capillary endothelium, with canonical markers including CLDN5, CLEC14A, MMRN2, TMEM100, EDN1, RAMP2, HEY1, CAVIN2, and DEPP1. Absence of lymphatic and large-vessel markers supports capillary identity. Pathway scores for arterial/venous subtypes are not decisively enriched, while gCap/aCap programs are present, collectively confirming the original annotation.",0,0,2,0,2,0,2,0,2
262887,CTCCATGAGCGAAACC_SC144,pulmonary artery endothelial cell,"capillary endothelial cell

Strong pan-endothelial (CLDN5, VWF, PTPRB, CLEC14A) plus canonical lung capillary markers (SPARCL1, FCN3, TMEM100, BTNL9) confirm capillary identity. The high gCap pathway score and absence of arterial-specific markers support this over pulmonary arterial or venous endothelial subtypes.",capillary endothelial cell,"Strong pan-endothelial (CLDN5, VWF, PTPRB, CLEC14A) plus canonical lung capillary markers (SPARCL1, FCN3, TMEM100, BTNL9) confirm capillary identity. The high gCap pathway score and absence of arterial-specific markers support this over pulmonary arterial or venous endothelial subtypes.",0,0,2,0,2,0,2,0,2
89063,CGTGTCTAGATCCTGT_F01851,pulmonary artery endothelial cell,"capillary endothelial cell

The gene signature strongly supports capillary endothelium: CLEC14A, PLVAP, RNASE1, EGFL7, and RAMP2 are well-established capillary markers, with VWF, CLDN5, and PTPRB confirming overall endothelial identity. Although arterial pathway scores are slightly higher, the absence of definitive arterial markers (e.g., GJA5/HEY1) and the presence of multiple capillary-enriched genes favor the original annotation. The stage-1 label is therefore confirmed.",capillary endothelial cell,"The gene signature strongly supports capillary endothelium: CLEC14A, PLVAP, RNASE1, EGFL7, and RAMP2 are well-established capillary markers, with VWF, CLDN5, and PTPRB confirming overall endothelial identity. Although arterial pathway scores are slightly higher, the absence of definitive arterial markers (e.g., GJA5/HEY1) and the presence of multiple capillary-enriched genes favor the original annotation. The stage-1 label is therefore confirmed.",0,0,2,0,2,0,2,0,2
264009,CGCTGGACAGTGGGAT-SC56,pulmonary artery endothelial cell,"pulmonary artery endothelial cell

The expression profile shows strong arterial endothelial markers (SOX17, HEY1, BMX, CLDN5, EPAS1, RAMP2) and the highest pathway score for pulmonary artery endothelial cells, supporting the stage-1 annotation.",pulmonary artery endothelial cell,"The expression profile shows strong arterial endothelial markers (SOX17, HEY1, BMX, CLDN5, EPAS1, RAMP2) and the highest pathway score for pulmonary artery endothelial cells, supporting the stage-1 annotation.",1,1,4,1,4,1,4,1,4
159218,CGTCTACAGAGGGCTT_F02528,pulmonary artery endothelial cell,"pulmonary artery endothelial cell

The profile is clearly endothelial (VWF, PECAM1, CLDN5, PTPRB, CLEC14A) with arterial-leaning markers such as HEY1, EDN1, and TMEM100. Pathway scoring also ranks pulmonary arterial endothelial cells highest, above capillary and venous programs. The presence of AQP1 and general endothelial genes explains the initial capillary label, but the combined evidence supports correction to pulmonary artery endothelial cell.",pulmonary artery endothelial cell,"The profile is clearly endothelial (VWF, PECAM1, CLDN5, PTPRB, CLEC14A) with arterial-leaning markers such as HEY1, EDN1, and TMEM100. Pathway scoring also ranks pulmonary arterial endothelial cells highest, above capillary and venous programs. The presence of AQP1 and general endothelial genes explains the initial capillary label, but the combined evidence supports correction to pulmonary artery endothelial cell.",1,1,4,1,4,1,4,1,4
124559,ATTCTACCAGTGAGTG_SC27,pulmonary neuroendocrine cell,"pulmonary neuroendocrine cell
High expression of GRP, ASCL1, CHGA, SCGN, PCSK1N, and NPY, plus the highest pathway score for pulmonary neuroendocrine cells, confirms this identity despite accompanying epithelial/secretory genes.",pulmonary neuroendocrine cell,"High expression of GRP, ASCL1, CHGA, SCGN, PCSK1N, and NPY, plus the highest pathway score for pulmonary neuroendocrine cells, confirms this identity despite accompanying epithelial/secretory genes.",1,1,4,1,4,1,4,1,4
310076,ACGATACGTGACAAAT_F02617,pulmonary neuroendocrine cell,"pulmonary neuroendocrine cell
Top genes (GRP, CHGA, SCGN, SCG3, PCSK1N, CPLX2, GHRL) are classic neuroendocrine markers, and the PNEC pathway score is highest. Immunoglobulin/neutrophil transcripts likely reflect ambient contamination, not a mixed identity.",pulmonary neuroendocrine cell,"Top genes (GRP, CHGA, SCGN, SCG3, PCSK1N, CPLX2, GHRL) are classic neuroendocrine markers, and the PNEC pathway score is highest. Immunoglobulin/neutrophil transcripts likely reflect ambient contamination, not a mixed identity.",1,1,4,1,4,1,4,1,4
188709,AATCGGTAGACGCTTT_F01607,pulmonary neuroendocrine cell,"pulmonary neuroendocrine cell

The expression profile is dominated by canonical PNEC markers—GRP, CHGA, CALCA, ASCL3, GHRL, and secretogranins (SCG3/SCG5/SCGN)—with the highest pathway score for pulmonary neuroendocrine cells. Although ionocyte genes (FOXI1, ATP6V1B1) appear, the overall weight and specificity of neuroendocrine markers confirm the stage-1 annotation.",pulmonary neuroendocrine cell,"The expression profile is dominated by canonical PNEC markers—GRP, CHGA, CALCA, ASCL3, GHRL, and secretogranins (SCG3/SCG5/SCGN)—with the highest pathway score for pulmonary neuroendocrine cells. Although ionocyte genes (FOXI1, ATP6V1B1) appear, the overall weight and specificity of neuroendocrine markers confirm the stage-1 annotation.",1,1,4,1,4,1,4,1,4
315762,GCGCCAAAGAAGGTTT_HD67,pulmonary neuroendocrine cell,"pulmonary neuroendocrine cell

Top markers GRP, CALCA, CHGA, CHGB, SCG3/5, SCGN, PCSK1N, and GHRL are classic pulmonary neuroendocrine cell (PNEC) products. The PNEC pathway score is highest, and GRP is a highly specific PNEC marker. Although FOXI1/FXYD2 hint at ionocyte-like activity, the overall expression profile overwhelmingly supports PNEC identity.",pulmonary neuroendocrine cell,"Top markers GRP, CALCA, CHGA, CHGB, SCG3/5, SCGN, PCSK1N, and GHRL are classic pulmonary neuroendocrine cell (PNEC) products. The PNEC pathway score is highest, and GRP is a highly specific PNEC marker. Although FOXI1/FXYD2 hint at ionocyte-like activity, the overall expression profile overwhelmingly supports PNEC identity.",1,1,4,1,4,1,4,1,4
85331,TCGCGAGAGGGTTCCC_HD67,pulmonary neuroendocrine cell,"pulmonary neuroendocrine cell

GRP is the top marker with exceptionally high weight and is highly specific to pulmonary neuroendocrine cells, supported by CALCA, CHGA, SCGN, PCSK1N, and SCG5. Although ionocyte-related genes (FOXI1, CLCNKB, BSND, ASCL3) appear, the dominant neuroendocrine program and highest pathway score confirm the stage-1 annotation.",pulmonary neuroendocrine cell,"GRP is the top marker with exceptionally high weight and is highly specific to pulmonary neuroendocrine cells, supported by CALCA, CHGA, SCGN, PCSK1N, and SCG5. Although ionocyte-related genes (FOXI1, CLCNKB, BSND, ASCL3) appear, the dominant neuroendocrine program and highest pathway score confirm the stage-1 annotation.",1,1,4,1,4,1,4,1,4
35784,P1_2_CCTTCCCCAACGATGG,pulmonary neuroendocrine cell,"plasma cell
The profile is dominated by immunoglobulin genes (IGLC2, IGHG1/2/3/4), JCHAIN, and MZB1, which are definitive markers of antibody-secreting plasma cells. Pathway scores strongly support IgA/IgG plasma cell programs. Neuroendocrine genes (GRP, CHGA, CALCA) may reflect contamination but do not override the dominant immunoglobulin signature, confirming the stage-1 annotation.",plasma cell,"The profile is dominated by immunoglobulin genes (IGLC2, IGHG1/2/3/4), JCHAIN, and MZB1, which are definitive markers of antibody-secreting plasma cells. Pathway scores strongly support IgA/IgG plasma cell programs. Neuroendocrine genes (GRP, CHGA, CALCA) may reflect contamination but do not override the dominant immunoglobulin signature, confirming the stage-1 annotation.",0,0,0,0,0,0,0,0,0
272781,GGCTGGTAGCTTATCG_SC27,pulmonary neuroendocrine cell,"pulmonary neuroendocrine cell
GRP, ASCL1, CHGA, SCGN, PCSK1N, NPY, and DLK1 are canonical pulmonary neuroendocrine cell markers. The PNEC pathway score is the highest, and stage-1 annotation aligns with this evidence.",pulmonary neuroendocrine cell,"GRP, ASCL1, CHGA, SCGN, PCSK1N, NPY, and DLK1 are canonical pulmonary neuroendocrine cell markers. The PNEC pathway score is the highest, and stage-1 annotation aligns with this evidence.",1,1,4,1,4,1,4,1,4
299302,CTCGAGGCAGTAAGCG-SC56,pulmonary neuroendocrine cell,"pulmonary neuroendocrine cell
The gene profile is dominated by classic neuroendocrine markers (GRP, CALCA, CHGA, CHGB, SCG2/3/5, PCSK1N, CPE, SCGN, ASCL1/3), and the PNEC pathway score is highest. This confirms the stage-1 annotation.",pulmonary neuroendocrine cell,"The gene profile is dominated by classic neuroendocrine markers (GRP, CALCA, CHGA, CHGB, SCG2/3/5, PCSK1N, CPE, SCGN, ASCL1/3), and the PNEC pathway score is highest. This confirms the stage-1 annotation.",1,1,4,1,4,1,4,1,4
287217,ACGATACCACAAGACG_F01692,pulmonary neuroendocrine cell,"plasma cell
The transcriptome is overwhelmingly dominated by immunoglobulin genes (IGHG, IGHA, IGLC, IGKC) and canonical plasma cell markers (MZB1, TNFRSF17, JCHAIN, CD27, XBP1). Pathway scores strongly favor IgG/IgA plasma cell programs. The additional neuroendocrine genes (GRP, CHGA, CALCA) are likely background or a minor off-target signal, not sufficient to override the definitive plasma cell identity.",plasma cell,"The transcriptome is overwhelmingly dominated by immunoglobulin genes (IGHG, IGHA, IGLC, IGKC) and canonical plasma cell markers (MZB1, TNFRSF17, JCHAIN, CD27, XBP1). Pathway scores strongly favor IgG/IgA plasma cell programs. The additional neuroendocrine genes (GRP, CHGA, CALCA) are likely background or a minor off-target signal, not sufficient to override the definitive plasma cell identity.",0,0,0,0,0,0,0,0,0
84872,P3_6_GCCTCTATCCGCATCT,pulmonary neuroendocrine cell,"pulmonary neuroendocrine cell
The expression profile is dominated by classic neuroendocrine markers (GRP, CALCA, CHGA, CHGB, SCG5, SCGN, PCSK1N, ASCL1) and the PNEC pathway score is by far the highest. This confirms the stage-1 annotation.",pulmonary neuroendocrine cell,"The expression profile is dominated by classic neuroendocrine markers (GRP, CALCA, CHGA, CHGB, SCG5, SCGN, PCSK1N, ASCL1) and the PNEC pathway score is by far the highest. This confirms the stage-1 annotation.",1,1,4,1,4,1,4,1,4
77121,CGGACTGTCGAACTGT-SC155,pulmonary neuroendocrine cell,"pulmonary neuroendocrine cell

The expression profile is dominated by canonical pulmonary neuroendocrine markers (GRP, CALCA, CHGA, CHGB, SCG2/3/5, PCSK1N, ASCL1/3, SCGN), and the PNEC pathway score is highest. Immunoglobulin transcripts likely reflect ambient/contamination signal rather than B/plasma identity. The annotation is therefore confirmed.",pulmonary neuroendocrine cell,"The expression profile is dominated by canonical pulmonary neuroendocrine markers (GRP, CALCA, CHGA, CHGB, SCG2/3/5, PCSK1N, ASCL1/3, SCGN), and the PNEC pathway score is highest. Immunoglobulin transcripts likely reflect ambient/contamination signal rather than B/plasma identity. The annotation is therefore confirmed.",1,1,4,1,4,1,4,1,4
262592,TCAGATGAGACGCTTT_F01692,pulmonary neuroendocrine cell,"pulmonary neuroendocrine cell
GRP is a canonical marker of pulmonary neuroendocrine cells, with supporting neuroendocrine genes (CHGA, CALCA, SCG5, SCG3, PCSK1N, SCGN). The PNEC pathway score is highest, and ionocyte/tuft cell scores are lower and likely reflect partial shared programs or minor contamination.",pulmonary neuroendocrine cell,"GRP is a canonical marker of pulmonary neuroendocrine cells, with supporting neuroendocrine genes (CHGA, CALCA, SCG5, SCG3, PCSK1N, SCGN). The PNEC pathway score is highest, and ionocyte/tuft cell scores are lower and likely reflect partial shared programs or minor contamination.",1,1,4,1,4,1,4,1,4
71729,TTGCGTCTCGGTCCGA_F02617,pulmonary neuroendocrine cell,"pulmonary neuroendocrine cell

The top marker GRP is a hallmark of pulmonary neuroendocrine cells (PNECs), supported by ASCL3, CHGA, SCGN, PCSK1N, and SCG3. The PNEC pathway score is highest, confirming the stage-1 annotation.",pulmonary neuroendocrine cell,"The top marker GRP is a hallmark of pulmonary neuroendocrine cells (PNECs), supported by ASCL3, CHGA, SCGN, PCSK1N, and SCG3. The PNEC pathway score is highest, confirming the stage-1 annotation.",1,1,4,1,4,1,4,1,4
93532,CAGCGACCAAGTCTAC-SC56,pulmonary neuroendocrine cell,"pulmonary neuroendocrine cell
The top cell-specific genes (GRP, CHGA, CALCA, ASCL1, SCG2, PCSK1N) are canonical neuroendocrine markers, and the PNEC pathway score is highest. Despite some basal/epithelial genes, the overall profile robustly confirms pulmonary neuroendocrine cell identity.",pulmonary neuroendocrine cell,"The top cell-specific genes (GRP, CHGA, CALCA, ASCL1, SCG2, PCSK1N) are canonical neuroendocrine markers, and the PNEC pathway score is highest. Despite some basal/epithelial genes, the overall profile robustly confirms pulmonary neuroendocrine cell identity.",1,1,4,1,4,1,4,1,4
190913,CGTCAGGTCCGCTGTT-SC59,pulmonary neuroendocrine cell,"pulmonary neuroendocrine cell

The top genes (GRP, CALCA, CHGA, CHGB, GHRL, SCGN, PCSK1N, ASCL1) are canonical neuroendocrine markers, and the PNEC pathway score is the highest (+0.92), confirming the stage-1 annotation.",pulmonary neuroendocrine cell,"The top genes (GRP, CALCA, CHGA, CHGB, GHRL, SCGN, PCSK1N, ASCL1) are canonical neuroendocrine markers, and the PNEC pathway score is the highest (+0.92), confirming the stage-1 annotation.",1,1,4,1,4,1,4,1,4
286389,CCACCTACAGGTTTCA_F02611,pulmonary neuroendocrine cell,"pulmonary neuroendocrine cell

The profile shows canonical PNEC markers TFF3, CALCA, GRP, ASCL1, and PCSK1N, with the highest pathway score for pulmonary neuroendocrine cells. Immune-related genes likely reflect ambient contamination, but the dominant, rare, and cell-specific expression supports the stage-1 annotation.",pulmonary neuroendocrine cell,"The profile shows canonical PNEC markers TFF3, CALCA, GRP, ASCL1, and PCSK1N, with the highest pathway score for pulmonary neuroendocrine cells. Immune-related genes likely reflect ambient contamination, but the dominant, rare, and cell-specific expression supports the stage-1 annotation.",1,1,4,1,4,1,4,1,4
60494,P1_2_GTACGTACACTAGTAC,pulmonary neuroendocrine cell,"club cell

Top markers (SCGB1A1, SCGB3A2, SCGB3A1, SLPI, TFF3) and highest pathway scores strongly support club cell identity. The canonical club cell program scores highest, and no alternative cell type from the list surpasses it.",club cell,"Top markers (SCGB1A1, SCGB3A2, SCGB3A1, SLPI, TFF3) and highest pathway scores strongly support club cell identity. The canonical club cell program scores highest, and no alternative cell type from the list surpasses it.",0,0,2,0,2,0,2,0,2
281419,TTTACTGTCGTGGTCG-SC56,pulmonary neuroendocrine cell,"pulmonary neuroendocrine cell

The expression profile is dominated by classic pulmonary neuroendocrine markers (GRP, CALCA, CHGA, CHGB, PCSK1N, SCG5, SCGN, ASCL1) and the PNEC pathway score is highest. This confirms the stage-1 annotation.",pulmonary neuroendocrine cell,"The expression profile is dominated by classic pulmonary neuroendocrine markers (GRP, CALCA, CHGA, CHGB, PCSK1N, SCG5, SCGN, ASCL1) and the PNEC pathway score is highest. This confirms the stage-1 annotation.",1,1,4,1,4,1,4,1,4
108922,TCGCGTTGTCGTTGTA_HD67,pulmonary neuroendocrine cell,"Pulmonary neuroendocrine cell

The expression profile is dominated by neuroendocrine markers (GRP, CALCA, CHGA, PCSK1N, SCG5, SCGN, SCG3, GHRL), and the PNEC pathway score is the highest. This strongly confirms the stage-1 annotation.",Pulmonary neuroendocrine cell,"The expression profile is dominated by neuroendocrine markers (GRP, CALCA, CHGA, PCSK1N, SCG5, SCGN, SCG3, GHRL), and the PNEC pathway score is the highest. This strongly confirms the stage-1 annotation.",1,1,4,1,4,1,4,1,4
53935,TGGATCACACCGTGAC_SC141,respiratory basal cell,"respiratory basal cell

The top markers (KRT17, KRT19, KRT15, S100A2, GPRC5A, TACSTD2) strongly align with a basal cell identity. Pathway scores also favor respiratory basal cell, particularly the secretory-differentiating state. Despite some alveolar genes (SFTPB, SFTPC, NKX2-1) appearing at lower ranks, the overall expression profile and top basal markers support the original annotation.",respiratory basal cell,"The top markers (KRT17, KRT19, KRT15, S100A2, GPRC5A, TACSTD2) strongly align with a basal cell identity. Pathway scores also favor respiratory basal cell, particularly the secretory-differentiating state. Despite some alveolar genes (SFTPB, SFTPC, NKX2-1) appearing at lower ranks, the overall expression profile and top basal markers support the original annotation.",1,1,4,1,4,1,4,1,4
174120,AAACGGGGTCATGCAT_SC24,respiratory basal cell,"respiratory basal cell
The profile is dominated by canonical basal epithelial markers (KRT5, KRT17, KRT15, S100A2, TACSTD2, HOPX) with the highest pathway score for classical respiratory basal cells. Minor expression of SFTPB and club/AT2-associated genes suggests slight transitional or contaminating signal, but it does not override the definitive basal cell identity.",respiratory basal cell,"The profile is dominated by canonical basal epithelial markers (KRT5, KRT17, KRT15, S100A2, TACSTD2, HOPX) with the highest pathway score for classical respiratory basal cells. Minor expression of SFTPB and club/AT2-associated genes suggests slight transitional or contaminating signal, but it does not override the definitive basal cell identity.",1,1,4,1,4,1,4,1,4
9454,P2_1_GGAGCAACATCTATGG,respiratory basal cell,"respiratory basal cell

The TF-IDF profile is dominated by canonical basal cell markers (KRT5, KRT15, KRT17, S100A2, NGFR, TACSTD2) with supporting expression of CLU and SFN. Pathway scores rank classical respiratory basal cell highest, followed by secretory-differentiating basal, consistent with this identity. The presence of some club/AT2 markers is minor and reflects normal heterogeneity or differentiation priming, not a shift to a different major cell type.",respiratory basal cell,"The TF-IDF profile is dominated by canonical basal cell markers (KRT5, KRT15, KRT17, S100A2, NGFR, TACSTD2) with supporting expression of CLU and SFN. Pathway scores rank classical respiratory basal cell highest, followed by secretory-differentiating basal, consistent with this identity. The presence of some club/AT2 markers is minor and reflects normal heterogeneity or differentiation priming, not a shift to a different major cell type.",1,1,4,1,4,1,4,1,4
94532,ACTGAGTGTAAGGATT_F01607,respiratory basal cell,"respiratory basal cell

The expression profile strongly fits a respiratory basal cell, with multiple canonical basal markers (KRT17, KRT5/15, S100A2, TACSTD2, CLDN4). The highest pathway score is secretory-differentiating basal cell, explaining co-expression of secretory/AT2-like genes such as SCGB3A1, CYP4B1, and SFTPB. This represents a transitional basal state rather than a fully committed club or AT2 cell.",respiratory basal cell,"The expression profile strongly fits a respiratory basal cell, with multiple canonical basal markers (KRT17, KRT5/15, S100A2, TACSTD2, CLDN4). The highest pathway score is secretory-differentiating basal cell, explaining co-expression of secretory/AT2-like genes such as SCGB3A1, CYP4B1, and SFTPB. This represents a transitional basal state rather than a fully committed club or AT2 cell.",1,1,4,1,4,1,4,1,4
123865,CTGTGCTAGAAGGACA_HD67,respiratory basal cell,"respiratory basal cell
The expression profile is dominated by canonical basal cell markers KRT5, KRT15, KRT17, TP63, and S100A2, with supporting pathway scores. The additional presence of secretory-differentiating markers (SCGB3A1, SLPI, AQP3) and minor SFTPB suggests a basal cell subset, but classical basal identity remains the most appropriate annotation.",respiratory basal cell,"The expression profile is dominated by canonical basal cell markers KRT5, KRT15, KRT17, TP63, and S100A2, with supporting pathway scores. The additional presence of secretory-differentiating markers (SCGB3A1, SLPI, AQP3) and minor SFTPB suggests a basal cell subset, but classical basal identity remains the most appropriate annotation.",1,1,4,1,4,1,4,1,4
188670,TACTTGTTCTGTACGA_SC24,respiratory basal cell,"pulmonary alveolar type 2 cell

The expression of canonical AT2 markers SFTPB, SFTA2, SLC34A2, and CYP4B1 is decisive. The AT2 mature pathway score is highest, and the profile indicates surfactant-producing alveolar epithelium. Keratin and stress genes (KRT17, S100A2, MTs) are likely contextual noise; they do not outweigh the strong functional AT2 signature.",pulmonary alveolar type 2 cell,"The expression of canonical AT2 markers SFTPB, SFTA2, SLC34A2, and CYP4B1 is decisive. The AT2 mature pathway score is highest, and the profile indicates surfactant-producing alveolar epithelium. Keratin and stress genes (KRT17, S100A2, MTs) are likely contextual noise; they do not outweigh the strong functional AT2 signature.",0,0,1,0,1,0,1,0,1
193035,P1_2_TCTCATACAGACGCCT,respiratory basal cell,"respiratory basal cell

The top genes (KRT17, KRT13, KRT6A, KRT19, S100A2, S100P, LY6D, TACSTD2, CLDN4, ELF3) are classic markers of respiratory basal epithelial cells. Pathway scores also strongly favor respiratory basal cell programs, confirming the stage-1 annotation.",respiratory basal cell,"The top genes (KRT17, KRT13, KRT6A, KRT19, S100A2, S100P, LY6D, TACSTD2, CLDN4, ELF3) are classic markers of respiratory basal epithelial cells. Pathway scores also strongly favor respiratory basal cell programs, confirming the stage-1 annotation.",1,1,4,1,4,1,4,1,4
281900,ACCAGTAAGAACAACT_F02522,respiratory basal cell,"club cell

The top markers SCGB1A1, SCGB3A1, SLPI, and BPIFB1 are canonical club cell secretory proteins. Pathway scores also rank club cell programs highest, especially the transitional/KRT8+ subtype. Goblet cell score is lower, and alveolar/ciliated programs are weak, supporting club cell identity over other epithelial or immune types.",club cell,"The top markers SCGB1A1, SCGB3A1, SLPI, and BPIFB1 are canonical club cell secretory proteins. Pathway scores also rank club cell programs highest, especially the transitional/KRT8+ subtype. Goblet cell score is lower, and alveolar/ciliated programs are weak, supporting club cell identity over other epithelial or immune types.",0,0,2,0,2,0,2,0,2
209399,P2_5_GGTGTTAGTAGCCTAT,respiratory basal cell,respiratory basal cell,respiratory basal cell,,1,1,4,1,4,1,4,1,4
259796,GTCTTCGCATTCTCAT_SC20,respiratory basal cell,"pulmonary alveolar type 2 cell

Surfactant genes SFTPB, SFTPC, SFTPA2, and SFTA3 are definitive for AT2 identity, with SFTPC largely exclusive to alveolar type 2 cells. The mature AT2 pathway score is high, and CLU, CAV1, and HOPX reflect AT2/AT1 overlap or transition states. SCGB/KRT signals are lower-level epithelial markers but do not override the surfactant program. Therefore, the stage-1 annotation is confirmed.",pulmonary alveolar type 2 cell,"Surfactant genes SFTPB, SFTPC, SFTPA2, and SFTA3 are definitive for AT2 identity, with SFTPC largely exclusive to alveolar type 2 cells. The mature AT2 pathway score is high, and CLU, CAV1, and HOPX reflect AT2/AT1 overlap or transition states. SCGB/KRT signals are lower-level epithelial markers but do not override the surfactant program. Therefore, the stage-1 annotation is confirmed.",0,0,1,0,1,0,1,0,1
56,P3_6_AAGACCTGTATCACCA,respiratory basal cell,"club cell
Top genes (SCGB3A1, SCGB1A1, SLPI, BPIFB1) are canonical club cell markers, and the pathway score for transitional/KRT8+ club cells is highest. No goblet-specific mucins (MUC5AC/B) or basal markers (KRT5/14, TP63) are present, confirming the stage-1 annotation.",club cell,"Top genes (SCGB3A1, SCGB1A1, SLPI, BPIFB1) are canonical club cell markers, and the pathway score for transitional/KRT8+ club cells is highest. No goblet-specific mucins (MUC5AC/B) or basal markers (KRT5/14, TP63) are present, confirming the stage-1 annotation.",0,0,2,0,2,0,2,0,2
167754,P2_1_GGACGTCTCCAAACAC,respiratory basal cell,"respiratory basal cell
Top TF-IDF genes (KRT17, KRT5, KRT15, S100A2, NGFR, SFN, TACSTD2, ALDH3A1, CDH3) are canonical respiratory basal cell markers. Pathway analysis shows the strongest activation for respiratory basal cell classical and secretory-differentiating programs, surpassing club and AT2 scores. No conflicting lineage markers. Stage-1 annotation is confirmed.",respiratory basal cell,"Top TF-IDF genes (KRT17, KRT5, KRT15, S100A2, NGFR, SFN, TACSTD2, ALDH3A1, CDH3) are canonical respiratory basal cell markers. Pathway analysis shows the strongest activation for respiratory basal cell classical and secretory-differentiating programs, surpassing club and AT2 scores. No conflicting lineage markers. Stage-1 annotation is confirmed.",1,1,4,1,4,1,4,1,4
150868,TGACTAGAGCGTCAAG_F01607,respiratory basal cell,"respiratory basal cell

The expression profile is highly specific for airway basal progenitor cells, with canonical markers KRT5, KRT15, KRT17, S100A2, AQP3, and IL33 dominating the top TF-IDF genes. Pathway scores also rank classical and secretory-differentiating respiratory basal cell programs highest, confirming the original annotation.",respiratory basal cell,"The expression profile is highly specific for airway basal progenitor cells, with canonical markers KRT5, KRT15, KRT17, S100A2, AQP3, and IL33 dominating the top TF-IDF genes. Pathway scores also rank classical and secretory-differentiating respiratory basal cell programs highest, confirming the original annotation.",1,1,4,1,4,1,4,1,4
38642,P3_6_TCTTCGGTCTCGGACG,respiratory basal cell,"pulmonary neuroendocrine cell
The top genes include classic neuroendocrine markers GRP, SCG2, PCSK1N, CPE, DLK2, DLL1, and SYT8, which are characteristic of pulmonary neuroendocrine cells. While keratins (KRT5/15/17) are present, the rare, highly specific neuroendocrine profile outweighs basal cell markers. Thus, the stage-1 annotation is corrected to pulmonary neuroendocrine cell.",pulmonary neuroendocrine cell,"The top genes include classic neuroendocrine markers GRP, SCG2, PCSK1N, CPE, DLK2, DLL1, and SYT8, which are characteristic of pulmonary neuroendocrine cells. While keratins (KRT5/15/17) are present, the rare, highly specific neuroendocrine profile outweighs basal cell markers. Thus, the stage-1 annotation is corrected to pulmonary neuroendocrine cell.",0,0,2,0,2,0,2,0,2
102294,GAACATCGTCGAGATG_F02526,respiratory basal cell,"respiratory basal cell

The top TF-IDF genes show canonical basal cell markers (KRT5, KRT17, KRT15, AQP3, SERPINB3, S100A2, TACSTD2), strongly supporting the respiratory basal cell identity. Though the club cell pathway score is marginally higher, classic club markers (SCGB1A1/3A2) are absent, and the overall gene profile is dominated by basal/ squamous-differentiation programs.",respiratory basal cell,"The top TF-IDF genes show canonical basal cell markers (KRT5, KRT17, KRT15, AQP3, SERPINB3, S100A2, TACSTD2), strongly supporting the respiratory basal cell identity. Though the club cell pathway score is marginally higher, classic club markers (SCGB1A1/3A2) are absent, and the overall gene profile is dominated by basal/ squamous-differentiation programs.",1,1,4,1,4,1,4,1,4
155620,ATCTGCCCATGAACCT_HD66,respiratory basal cell,"Respiratory basal cell

The top markers (KRT17, KRT5, KRT15, S100A2, AQP3, TACSTD2) and highest pathway score for classical respiratory basal cells strongly support the stage-1 annotation. Club-cell genes are present but secondary, and no alveolar, goblet, or hillock-specific markers dominate the profile.",Respiratory basal cell,"The top markers (KRT17, KRT5, KRT15, S100A2, AQP3, TACSTD2) and highest pathway score for classical respiratory basal cells strongly support the stage-1 annotation. Club-cell genes are present but secondary, and no alveolar, goblet, or hillock-specific markers dominate the profile.",1,1,4,1,4,1,4,1,4
281735,P2_7_CTCGGGACAAATTGCC,respiratory basal cell,"respiratory basal cell

The expression profile—KRT17, KRT5, KRT15, S100A2, ALDH3A1, SFN, TACSTD2—is classic for airway basal cells. Pathway scores also rank classical and secretory-differentiating respiratory basal cell programs highest. While some markers overlap with club or alveolar cells, the dominance of basal keratins and TP63-related features confirms the stage-1 annotation.",respiratory basal cell,"The expression profile—KRT17, KRT5, KRT15, S100A2, ALDH3A1, SFN, TACSTD2—is classic for airway basal cells. Pathway scores also rank classical and secretory-differentiating respiratory basal cell programs highest. While some markers overlap with club or alveolar cells, the dominance of basal keratins and TP63-related features confirms the stage-1 annotation.",1,1,4,1,4,1,4,1,4
125341,AGAGTGGGTCCTGCTT_F02526,respiratory basal cell,"respiratory basal cell

Strong basal markers (KRT5, KRT15, KRT17, S100A2, AQP3, TACSTD2) and the highest pathway score for classical respiratory basal cell confirm the stage-1 annotation. Minor secretory/ionocyte-related genes likely reflect biological heterogeneity or transitional states, but do not outweigh the core basal-cell program.",respiratory basal cell,"Strong basal markers (KRT5, KRT15, KRT17, S100A2, AQP3, TACSTD2) and the highest pathway score for classical respiratory basal cell confirm the stage-1 annotation. Minor secretory/ionocyte-related genes likely reflect biological heterogeneity or transitional states, but do not outweigh the core basal-cell program.",1,1,4,1,4,1,4,1,4
84160,CACACAATCAGGATCT-SC155,respiratory basal cell,"pulmonary alveolar type 1 cell

AGER and HOPX are canonical, highly specific markers of alveolar type 1 cells, and the strongest pathway score matches this identity. Supporting markers (EMP2, IGFBP7, WNT7A) and lung parenchyma context further confirm the annotation. Occasional immune-related transcripts likely represent ambient contamination, not a different cell type.",pulmonary alveolar type 1 cell,"AGER and HOPX are canonical, highly specific markers of alveolar type 1 cells, and the strongest pathway score matches this identity. Supporting markers (EMP2, IGFBP7, WNT7A) and lung parenchyma context further confirm the annotation. Occasional immune-related transcripts likely represent ambient contamination, not a different cell type.",0,0,1,0,1,0,1,0,1
179134,ACGGGCTTCCGAGCCA_HD67,respiratory basal cell,"club cell
The expression profile is dominated by canonical club cell markers (SCGB1A1, SCGB3A1, BPIFB1, SLPI, WFDC2, CYP2F1). While goblet-associated genes (MUC5AC, MUC5B, TFF3) and a high goblet pathway score indicate some plasticity, the overall signature and top TF-IDF weights clearly support a club/secretory airway epithelial identity.",club cell,"The expression profile is dominated by canonical club cell markers (SCGB1A1, SCGB3A1, BPIFB1, SLPI, WFDC2, CYP2F1). While goblet-associated genes (MUC5AC, MUC5B, TFF3) and a high goblet pathway score indicate some plasticity, the overall signature and top TF-IDF weights clearly support a club/secretory airway epithelial identity.",0,0,2,0,2,0,2,0,2
298514,P1_2_CGAGAAGCATGTAAGA,respiratory tract hillock cell,"respiratory basal cell
The expression profile strongly matches respiratory basal cells, with high levels of canonical markers KRT5, KRT14, KRT6A, KRT16, KRT17, S100A2, and RHCG. The pathway scores also rank classical respiratory basal cell program highest, supporting the stage-1 annotation.",respiratory basal cell,"The expression profile strongly matches respiratory basal cells, with high levels of canonical markers KRT5, KRT14, KRT6A, KRT16, KRT17, S100A2, and RHCG. The pathway scores also rank classical respiratory basal cell program highest, supporting the stage-1 annotation.",0,0,3,0,3,0,3,0,3
222111,P1_3_TGGTTAGAGAAACCAT,respiratory tract hillock cell,"respiratory basal cell
Dominant expression of KRT5, KRT14, KRT6A/B, KRT16, KRT17, S100A2, SPRR2D/3, IVL, CSTA, and TACSTD2 is classic for airway basal cells. The highest pathway scores are respiratory basal cell programs, supporting the stage-1 annotation. Minor club/AT2 scores reflect slight lineage plasticity but do not override the clear basal epithelial identity.",respiratory basal cell,"Dominant expression of KRT5, KRT14, KRT6A/B, KRT16, KRT17, S100A2, SPRR2D/3, IVL, CSTA, and TACSTD2 is classic for airway basal cells. The highest pathway scores are respiratory basal cell programs, supporting the stage-1 annotation. Minor club/AT2 scores reflect slight lineage plasticity but do not override the clear basal epithelial identity.",0,0,3,0,3,0,3,0,3
173785,P1_4_GGGCATCAGACCTTTG,respiratory tract hillock cell,"Respiratory basal cell

The top markers (KRT5, KRT6A/B, KRT14, KRT16, KRT17, S100A2, RHCG, TP63-associated genes) classically define respiratory basal cells. Pathway analysis also strongly favors the classical basal cell program over club or AT2 identities. The stage-1 annotation is therefore correct.",Respiratory basal cell,"The top markers (KRT5, KRT6A/B, KRT14, KRT16, KRT17, S100A2, RHCG, TP63-associated genes) classically define respiratory basal cells. Pathway analysis also strongly favors the classical basal cell program over club or AT2 identities. The stage-1 annotation is therefore correct.",0,0,3,0,3,0,3,0,3
189327,P1_4_ACACCAAGTGCTAGCC,respiratory tract hillock cell,"respiratory basal cell

The top TF-IDF genes (KRT5, KRT14, KRT6A, KRT16, S100A2, RHCG, LY6D) are canonical markers of respiratory basal cells. Pathway scores strongly favor classical respiratory basal cell over club or AT2 lineages. The minor presence of KRT13/SPRR genes reflects normal basal-to-squamous differentiation, not a distinct hillock identity. Stage-1 annotation is confirmed.",respiratory basal cell,"The top TF-IDF genes (KRT5, KRT14, KRT6A, KRT16, S100A2, RHCG, LY6D) are canonical markers of respiratory basal cells. Pathway scores strongly favor classical respiratory basal cell over club or AT2 lineages. The minor presence of KRT13/SPRR genes reflects normal basal-to-squamous differentiation, not a distinct hillock identity. Stage-1 annotation is confirmed.",0,0,3,0,3,0,3,0,3
244233,P1_3_ACACCAAGTGCTAGCC,respiratory tract hillock cell,"respiratory basal cell
Gene expression is classic for respiratory basal cells: KRT5, KRT14, KRT6A, KRT16, KRT17, S100A2, and PERP. Basal-cell pathway scores are highest, and expression profile fits the airway basal stem/progenitor compartment of lung parenchyma rather than club, AT2, or goblet cells.",respiratory basal cell,"Gene expression is classic for respiratory basal cells: KRT5, KRT14, KRT6A, KRT16, KRT17, S100A2, and PERP. Basal-cell pathway scores are highest, and expression profile fits the airway basal stem/progenitor compartment of lung parenchyma rather than club, AT2, or goblet cells.",0,0,3,0,3,0,3,0,3
155303,P1_3_GTACTTTAGCGGATCA,respiratory tract hillock cell,"respiratory basal cell
The expression profile is dominated by classic basal epithelial markers (KRT5, KRT14, KRT6A, KRT16, KRT17, S100A2, RHCG, SPRRs) and the highest pathway score is for classical respiratory basal cells. This confirms the stage-1 annotation.",respiratory basal cell,"The expression profile is dominated by classic basal epithelial markers (KRT5, KRT14, KRT6A, KRT16, KRT17, S100A2, RHCG, SPRRs) and the highest pathway score is for classical respiratory basal cells. This confirms the stage-1 annotation.",0,0,3,0,3,0,3,0,3
269537,GCGGGTTGTAGAAGGA_F01494,respiratory tract hillock cell,"pulmonary alveolar type 2 cell

The specific expression of SFTPB and RAB38 confirms surfactant-producing alveolar type 2 cells. Keratins and S100 genes support an epithelial identity, while the highest AT2 proliferative pathway score reinforces this annotation despite minor HOPX expression.",pulmonary alveolar type 2 cell,"The specific expression of SFTPB and RAB38 confirms surfactant-producing alveolar type 2 cells. Keratins and S100 genes support an epithelial identity, while the highest AT2 proliferative pathway score reinforces this annotation despite minor HOPX expression.",0,0,1,0,1,0,1,0,1
10976,P1_3_GGGCATCAGACCTTTG,respiratory tract hillock cell,"respiratory basal cell
The top markers (KRT5, KRT14, KRT6A, KRT16, KRT17, S100A2, SPRR2D/A, TP63-associated genes) strongly confirm basal cell identity. Pathway scores also favor respiratory basal cell programs over club or AT2. No evidence shifts toward hillock, goblet, or other lung epithelial subtypes.",respiratory basal cell,"The top markers (KRT5, KRT14, KRT6A, KRT16, KRT17, S100A2, SPRR2D/A, TP63-associated genes) strongly confirm basal cell identity. Pathway scores also favor respiratory basal cell programs over club or AT2. No evidence shifts toward hillock, goblet, or other lung epithelial subtypes.",0,0,3,0,3,0,3,0,3
154124,P1_4_TGGTTAGAGAAACCAT,respiratory tract hillock cell,"respiratory basal cell

The expression profile strongly matches respiratory basal cells, with high levels of KRT5, KRT14, KRT6A, KRT17, S100A2, and RHCG. The classical respiratory basal cell pathway score is the highest, and the top TF-IDF genes are canonical basal markers. While some differentiating or secretory genes appear, the overall signature is unequivocally basal, not club, goblet, or hillock.",respiratory basal cell,"The expression profile strongly matches respiratory basal cells, with high levels of KRT5, KRT14, KRT6A, KRT17, S100A2, and RHCG. The classical respiratory basal cell pathway score is the highest, and the top TF-IDF genes are canonical basal markers. While some differentiating or secretory genes appear, the overall signature is unequivocally basal, not club, goblet, or hillock.",0,0,3,0,3,0,3,0,3
309325,P1_4_GTACTTTAGCGGATCA,respiratory tract hillock cell,"respiratory basal cell

The top markers (KRT5, KRT14, KRT6A, KRT16, KRT17, S100A2, SPRR3, TACSTD2, CSTA) and the highest pathway score for classical respiratory basal cell confirm the stage-1 annotation. The profile fits basal epithelial progenitor identity in lung parenchyma, not club, goblet, or alveolar cells.",respiratory basal cell,"The top markers (KRT5, KRT14, KRT6A, KRT16, KRT17, S100A2, SPRR3, TACSTD2, CSTA) and the highest pathway score for classical respiratory basal cell confirm the stage-1 annotation. The profile fits basal epithelial progenitor identity in lung parenchyma, not club, goblet, or alveolar cells.",0,0,3,0,3,0,3,0,3
232146,P1_2_ACACCAAGTGCTAGCC,respiratory tract hillock cell,"respiratory basal cell

The top genes (KRT5, KRT14, KRT6A, KRT17, S100A2, LY6D) and pathway scores strongly match classical respiratory basal cell identity. Expression of squamous-associated genes (SPRR2D, SERPINB5, TACSTD2) and KRT6A/KRT16 further support this, while secretory/AT2 scores are lower.",respiratory basal cell,"The top genes (KRT5, KRT14, KRT6A, KRT17, S100A2, LY6D) and pathway scores strongly match classical respiratory basal cell identity. Expression of squamous-associated genes (SPRR2D, SERPINB5, TACSTD2) and KRT6A/KRT16 further support this, while secretory/AT2 scores are lower.",0,0,3,0,3,0,3,0,3
267602,P1_3_CGAGAAGCATGTAAGA,respiratory tract hillock cell,"respiratory basal cell

The TF-IDF top genes (KRT5, KRT14, KRT6A, KRT16, KRT17, S100A2, RHCG) are canonical markers of respiratory basal cells. Classical and secretory-differentiating basal cell pathway scores are highest, reinforcing the subtype over club, AT2, or other airway epithelia.",respiratory basal cell,"The TF-IDF top genes (KRT5, KRT14, KRT6A, KRT16, KRT17, S100A2, RHCG) are canonical markers of respiratory basal cells. Classical and secretory-differentiating basal cell pathway scores are highest, reinforcing the subtype over club, AT2, or other airway epithelia.",0,0,3,0,3,0,3,0,3
79986,P1_2_GTACTTTAGCGGATCA,respiratory tract hillock cell,"respiratory tract hillock cell

The gene expression profile (KRT13, KRT4, RHCG, SPRR3, SPRR2D, SERPINB3, S100A8/9, CSTA, TACSTD2) and top TF-IDF markers (KRT6A, KRT16, S100A2) are hallmark features of airway hillock cells. Pathway scores strongly support KRT13+ hillock and S100A7+ squamous-differentiating hillock identity. No evidence conflicts with this annotation.",respiratory tract hillock cell,"The gene expression profile (KRT13, KRT4, RHCG, SPRR3, SPRR2D, SERPINB3, S100A8/9, CSTA, TACSTD2) and top TF-IDF markers (KRT6A, KRT16, S100A2) are hallmark features of airway hillock cells. Pathway scores strongly support KRT13+ hillock and S100A7+ squamous-differentiating hillock identity. No evidence conflicts with this annotation.",1,1,4,1,4,1,4,1,4
183729,CATGGCGCAGTCGATT_F02509,respiratory tract hillock cell,"pulmonary alveolar type 2 cell

Strong expression of AT2-specific markers (SFTPB, NAPSA, SLC34A2) plus GPRC5A, CEACAM6, HOPX, and OCIAD2 confirms surfactant-producing alveolar type 2 identity. Keratins and S100A2 reflect epithelial character. Pathway scores support AT2 programs, despite slight club cell enrichment, but direct gene evidence is decisive.",pulmonary alveolar type 2 cell,"Strong expression of AT2-specific markers (SFTPB, NAPSA, SLC34A2) plus GPRC5A, CEACAM6, HOPX, and OCIAD2 confirms surfactant-producing alveolar type 2 identity. Keratins and S100A2 reflect epithelial character. Pathway scores support AT2 programs, despite slight club cell enrichment, but direct gene evidence is decisive.",0,0,1,0,1,0,1,0,1
24354,P1_2_GGGCATCAGACCTTTG,respiratory tract hillock cell,"respiratory basal cell
The expression profile—basal keratins (KRT5, KRT6A, KRT14, KRT17), S100A2, RHCG, SPRRs, and S100A8/A9—is a classic respiratory basal cell signature. Highest pathway scores for classical and secretory-differentiating basal cell programs confirm the stage-1 annotation.",respiratory basal cell,"The expression profile—basal keratins (KRT5, KRT6A, KRT14, KRT17), S100A2, RHCG, SPRRs, and S100A8/A9—is a classic respiratory basal cell signature. Highest pathway scores for classical and secretory-differentiating basal cell programs confirm the stage-1 annotation.",0,0,3,0,3,0,3,0,3
105205,P1_2_TGGTTAGAGAAACCAT,respiratory tract hillock cell,"respiratory basal cell

The TF-IDF top genes (KRT5, KRT14, KRT6A, KRT16, KRT17, S100A2, RHCG, PERP, TACSTD2) are hallmark markers of respiratory basal cells. Pathway scoring also most strongly supports the classical respiratory basal cell program, with the secretory-differentiating subprogram lower. Club and AT2 programs are weaker. The stage-1 annotation is confirmed.",respiratory basal cell,"The TF-IDF top genes (KRT5, KRT14, KRT6A, KRT16, KRT17, S100A2, RHCG, PERP, TACSTD2) are hallmark markers of respiratory basal cells. Pathway scoring also most strongly supports the classical respiratory basal cell program, with the secretory-differentiating subprogram lower. Club and AT2 programs are weaker. The stage-1 annotation is confirmed.",0,0,3,0,3,0,3,0,3
187728,P1_4_CGAGAAGCATGTAAGA,respiratory tract hillock cell,"respiratory basal cell

The top markers are canonical basal keratins (KRT5, KRT6A, KRT14, KRT16, KRT17) and squamous/basal-associated genes (S100A2, SPRR2D, CSTA, PERP, TACSTD2). Pathway scores also rank classical respiratory basal cell highest, supporting the stage-1 annotation.",respiratory basal cell,"The top markers are canonical basal keratins (KRT5, KRT6A, KRT14, KRT16, KRT17) and squamous/basal-associated genes (S100A2, SPRR2D, CSTA, PERP, TACSTD2). Pathway scores also rank classical respiratory basal cell highest, supporting the stage-1 annotation.",0,0,3,0,3,0,3,0,3
274890,GTCTGTCTCGAGATGG_SC86,smooth muscle cell,"smooth muscle cell
The expression profile is dominated by canonical smooth muscle markers (ACTA2, TAGLN, MYH11, DES, CALD1, MYL9) with highest pathway scores for airway and vascular smooth muscle. This confirms the smooth muscle phenotype; the broad ""smooth muscle cell"" label is appropriate for lung parenchyma rather than a tracheobronchial-specific subtype.",smooth muscle cell,"The expression profile is dominated by canonical smooth muscle markers (ACTA2, TAGLN, MYH11, DES, CALD1, MYL9) with highest pathway scores for airway and vascular smooth muscle. This confirms the smooth muscle phenotype; the broad ""smooth muscle cell"" label is appropriate for lung parenchyma rather than a tracheobronchial-specific subtype.",1,1,4,1,4,1,4,1,4
254399,TCATGTTGTATCGATC_SC86,smooth muscle cell,"smooth muscle cell
Expression of canonical smooth muscle markers (ACTA2, TAGLN, MYH11, DES, MYL9, LMOD1, CALD1) and highest vascular smooth muscle pathway score confirm the stage-1 annotation. While pericyte markers overlap, the strong contractile gene signature distinguishes this as a smooth muscle cell rather than a pericyte or myofibroblast in lung parenchyma.",smooth muscle cell,"Expression of canonical smooth muscle markers (ACTA2, TAGLN, MYH11, DES, MYL9, LMOD1, CALD1) and highest vascular smooth muscle pathway score confirm the stage-1 annotation. While pericyte markers overlap, the strong contractile gene signature distinguishes this as a smooth muscle cell rather than a pericyte or myofibroblast in lung parenchyma.",1,1,4,1,4,1,4,1,4
211534,CTAAGACAGTACCGGA-1-HCATisStab7587202,smooth muscle cell,"smooth muscle cell
The profile shows canonical smooth muscle markers (TAGLN, ACTA2, MYH11, DES, CNN1, MYL9) with top pathway scores for airway and vascular smooth muscle. No clear distinction between airway vs. vascular subtype is evident, so the general smooth muscle cell annotation is confirmed.",smooth muscle cell,"The profile shows canonical smooth muscle markers (TAGLN, ACTA2, MYH11, DES, CNN1, MYL9) with top pathway scores for airway and vascular smooth muscle. No clear distinction between airway vs. vascular subtype is evident, so the general smooth muscle cell annotation is confirmed.",1,1,4,1,4,1,4,1,4
329467,GTCACAAGTTCTGGTA_F01367,smooth muscle cell,"smooth muscle cell

The profile shows canonical smooth muscle markers (ACTA2, MYH11, TAGLN, DES, MYL9, PLN, CALD1) with supporting heat-shock and immediate-early genes. Airway and vascular smooth muscle pathway scores are nearly equal, but in lung parenchyma the generic smooth muscle identity is most appropriate. RGS5 indicates pericyte overlap, yet strong smooth muscle markers outweigh pericyte/myofibroblast interpretations.",smooth muscle cell,"The profile shows canonical smooth muscle markers (ACTA2, MYH11, TAGLN, DES, MYL9, PLN, CALD1) with supporting heat-shock and immediate-early genes. Airway and vascular smooth muscle pathway scores are nearly equal, but in lung parenchyma the generic smooth muscle identity is most appropriate. RGS5 indicates pericyte overlap, yet strong smooth muscle markers outweigh pericyte/myofibroblast interpretations.",1,1,4,1,4,1,4,1,4
257960,GGGTTATGTCCGCAGT_SC86,smooth muscle cell,"smooth muscle cell

The expression profile is dominated by canonical smooth muscle contractile markers (TAGLN, ACTA2, MYH11, TPM2, MYL9, CALD1, LMOD1, DES, ACTG2), with high pathway scores for both airway and vascular smooth muscle. While pericyte/myofibroblast markers are present (MCAM, PDGFRB), MYH11 and LMOD1 confirm differentiated smooth muscle. Given lung parenchyma context and lack of specific airway localization, the general ""smooth muscle cell"" annotation is most appropriate.",smooth muscle cell,"The expression profile is dominated by canonical smooth muscle contractile markers (TAGLN, ACTA2, MYH11, TPM2, MYL9, CALD1, LMOD1, DES, ACTG2), with high pathway scores for both airway and vascular smooth muscle. While pericyte/myofibroblast markers are present (MCAM, PDGFRB), MYH11 and LMOD1 confirm differentiated smooth muscle. Given lung parenchyma context and lack of specific airway localization, the general ""smooth muscle cell"" annotation is most appropriate.",1,1,4,1,4,1,4,1,4
59024,AACCTTTAGCATCGAG_SC86,smooth muscle cell,smooth muscle cell,smooth muscle cell,,1,1,4,1,4,1,4,1,4
163310,TATCAGGCACTTGAGT_SC143,smooth muscle cell,"tracheobronchial smooth muscle cell
The profile shows strong expression of smooth muscle contractile machinery (ACTA2, MYH11, TAGLN, TPM2, LMOD1, PLN) and highest pathway enrichment for airway smooth muscle. This refines the broader stage-1 annotation to the airway-specific subtype in lung parenchyma.",tracheobronchial smooth muscle cell,"The profile shows strong expression of smooth muscle contractile machinery (ACTA2, MYH11, TAGLN, TPM2, LMOD1, PLN) and highest pathway enrichment for airway smooth muscle. This refines the broader stage-1 annotation to the airway-specific subtype in lung parenchyma.",0,0,2,0,2,0,2,0,2
86891,GCTTGGGCAGGACTTT_SC86,smooth muscle cell,"smooth muscle cell
Expression of canonical contractile smooth muscle markers (TAGLN, ACTA2, MYH11, MYL9, DES, CNN1, LMOD1, MYLK) and top pathway scores for airway/vascular smooth muscle confirm the stage-1 annotation. Pericyte/myofibroblast programs are lower, and mature markers like MYH11 and LMOD1 argue against those alternatives. Generic ""smooth muscle cell"" is preferred over tracheobronchial subtype for lung parenchyma context.",smooth muscle cell,"Expression of canonical contractile smooth muscle markers (TAGLN, ACTA2, MYH11, MYL9, DES, CNN1, LMOD1, MYLK) and top pathway scores for airway/vascular smooth muscle confirm the stage-1 annotation. Pericyte/myofibroblast programs are lower, and mature markers like MYH11 and LMOD1 argue against those alternatives. Generic ""smooth muscle cell"" is preferred over tracheobronchial subtype for lung parenchyma context.",1,1,4,1,4,1,4,1,4
286515,TGTGGTAAGCCCAGCT-1-HCATisStab7747197,smooth muscle cell,"smooth muscle cell

The expression profile is dominated by canonical smooth muscle markers (TAGLN, ACTA2, MYH11, DES, CNN1, MYL9, CALD1), and pathway scores are highest for airway and vascular smooth muscle programs. While a more specific smooth muscle subtype is possible, the tissue context and overlapping marker expression do not clearly distinguish tracheobronchial versus vascular smooth muscle. Therefore, the generic smooth muscle cell annotation is most appropriate.",smooth muscle cell,"The expression profile is dominated by canonical smooth muscle markers (TAGLN, ACTA2, MYH11, DES, CNN1, MYL9, CALD1), and pathway scores are highest for airway and vascular smooth muscle programs. While a more specific smooth muscle subtype is possible, the tissue context and overlapping marker expression do not clearly distinguish tracheobronchial versus vascular smooth muscle. Therefore, the generic smooth muscle cell annotation is most appropriate.",1,1,4,1,4,1,4,1,4
199072,AGATAGATCTGAATGC_SC86,smooth muscle cell,"smooth muscle cell
The expression profile is dominated by canonical smooth muscle markers (TAGLN, ACTA2, MYH11, DES, CALD1, LMOD1, MYL9, ACTG2), with top pathway scores for vascular and airway smooth muscle. Pericyte and myofibroblast programs are lower, and MCAM alone is insufficient to reclassify this as a pericyte. Without decisive airway-specific or vascular-specific markers, the broad “smooth muscle cell” annotation is most appropriate.",smooth muscle cell,"The expression profile is dominated by canonical smooth muscle markers (TAGLN, ACTA2, MYH11, DES, CALD1, LMOD1, MYL9, ACTG2), with top pathway scores for vascular and airway smooth muscle. Pericyte and myofibroblast programs are lower, and MCAM alone is insufficient to reclassify this as a pericyte. Without decisive airway-specific or vascular-specific markers, the broad “smooth muscle cell” annotation is most appropriate.",1,1,4,1,4,1,4,1,4
33445,CTTTGCGCACAAGCCC-1-HCATisStab7747199,smooth muscle cell,"tracheobronchial smooth muscle cell

The expression profile (TAGLN, ACTA2, MYH11, CNN1, DES, MYLK, PLN) confirms smooth muscle identity. Pathway scoring ranks airway smooth muscle highest (0.877), above vascular smooth muscle, pericyte, and myofibroblast. This refines the generic stage-1 annotation to the more specific tracheobronchial smooth muscle cell subtype, consistent with lung parenchyma.",tracheobronchial smooth muscle cell,"The expression profile (TAGLN, ACTA2, MYH11, CNN1, DES, MYLK, PLN) confirms smooth muscle identity. Pathway scoring ranks airway smooth muscle highest (0.877), above vascular smooth muscle, pericyte, and myofibroblast. This refines the generic stage-1 annotation to the more specific tracheobronchial smooth muscle cell subtype, consistent with lung parenchyma.",0,0,2,0,2,0,2,0,2
323135,ATGATCGCACTTCAAG_SC86,smooth muscle cell,"smooth muscle cell
The expression profile is dominated by canonical smooth muscle markers (ACTA2, TAGLN, MYH11, MYL9, CNN1, DES, LMOD1) with high pathway scores for both vascular and airway smooth muscle programs. This confirms the stage-1 annotation of a contractile smooth muscle cell in lung parenchyma, without clear evidence for a more specific tracheobronchial-only identity.",smooth muscle cell,"The expression profile is dominated by canonical smooth muscle markers (ACTA2, TAGLN, MYH11, MYL9, CNN1, DES, LMOD1) with high pathway scores for both vascular and airway smooth muscle programs. This confirms the stage-1 annotation of a contractile smooth muscle cell in lung parenchyma, without clear evidence for a more specific tracheobronchial-only identity.",1,1,4,1,4,1,4,1,4
88372,TACTTGTGTCTAACGT_F02526,smooth muscle cell,"tracheobronchial smooth muscle cell

Canonical smooth muscle markers (ACTA2, TAGLN, CNN1, MYH11, DES, ACTG2, CALD1) confirm identity. Highest pathway score is airway smooth muscle, and lung context points to tracheobronchial smooth muscle over vascular smooth muscle, pericytes, or myofibroblasts.",tracheobronchial smooth muscle cell,"Canonical smooth muscle markers (ACTA2, TAGLN, CNN1, MYH11, DES, ACTG2, CALD1) confirm identity. Highest pathway score is airway smooth muscle, and lung context points to tracheobronchial smooth muscle over vascular smooth muscle, pericytes, or myofibroblasts.",0,0,2,0,2,0,2,0,2
297638,GATTCGAAGTGGTGAC_SC86,smooth muscle cell,"smooth muscle cell
Expression of canonical contractile smooth muscle markers (TAGLN, ACTA2, MYH11, MYL9, CALD1, DES, CNN1, LMOD1) and top pathway scores for airway/vascular smooth muscle confirm the stage-1 annotation. No evidence distinguishes airway vs vascular origin, so the general ""smooth muscle cell"" type is most appropriate.",smooth muscle cell,"Expression of canonical contractile smooth muscle markers (TAGLN, ACTA2, MYH11, MYL9, CALD1, DES, CNN1, LMOD1) and top pathway scores for airway/vascular smooth muscle confirm the stage-1 annotation. No evidence distinguishes airway vs vascular origin, so the general ""smooth muscle cell"" type is most appropriate.",1,1,4,1,4,1,4,1,4
278641,TACTTGTAGCAGCCTC-1-HCATisStab7659969,smooth muscle cell,"tracheobronchial smooth muscle cell

The top markers (TAGLN, ACTA2, MYH11, MYLK, CNN1, DES) confirm smooth muscle identity. Pathway scoring ranks airway smooth muscle highest, ahead of vascular smooth muscle and myofibroblast. Given the lung parenchyma context and airway-associated program, the most specific subtype is tracheobronchial smooth muscle cell.",tracheobronchial smooth muscle cell,"The top markers (TAGLN, ACTA2, MYH11, MYLK, CNN1, DES) confirm smooth muscle identity. Pathway scoring ranks airway smooth muscle highest, ahead of vascular smooth muscle and myofibroblast. Given the lung parenchyma context and airway-associated program, the most specific subtype is tracheobronchial smooth muscle cell.",0,0,2,0,2,0,2,0,2
98211,AAGAACATCCAGTACA_SC86,smooth muscle cell,"smooth muscle cell
The profile shows strong expression of canonical contractile smooth muscle genes (ACTA2, TAGLN, MYH11, LMOD1, CNN1, DES, MYL9, CALD1, PLN), supporting a smooth muscle identity. Both vascular and airway smooth muscle pathway scores are high, and the TF-IDF markers reflect SMC more than pericyte or fibroblast. Given the lung parenchyma context and available categories, the most appropriate label is generic smooth muscle cell rather than a more specific airway subtype.",smooth muscle cell,"The profile shows strong expression of canonical contractile smooth muscle genes (ACTA2, TAGLN, MYH11, LMOD1, CNN1, DES, MYL9, CALD1, PLN), supporting a smooth muscle identity. Both vascular and airway smooth muscle pathway scores are high, and the TF-IDF markers reflect SMC more than pericyte or fibroblast. Given the lung parenchyma context and available categories, the most appropriate label is generic smooth muscle cell rather than a more specific airway subtype.",1,1,4,1,4,1,4,1,4
118520,CGACCTTAGACAGGCT-1-HCATisStab7747198,smooth muscle cell,"smooth muscle cell
High expression of canonical smooth muscle contractile genes (TAGLN, ACTA2, DES, MYH11, CNN1, MYL9, MYLK) and highest pathway score for airway smooth muscle confirm the stage-1 annotation. Given lung parenchyma context, the generic ""smooth muscle cell"" is most appropriate rather than tracheobronchial-specific subtype.",smooth muscle cell,"High expression of canonical smooth muscle contractile genes (TAGLN, ACTA2, DES, MYH11, CNN1, MYL9, MYLK) and highest pathway score for airway smooth muscle confirm the stage-1 annotation. Given lung parenchyma context, the generic ""smooth muscle cell"" is most appropriate rather than tracheobronchial-specific subtype.",1,1,4,1,4,1,4,1,4
319029,CAAGTTGGTATTCGTG-1-HCATisStab7747197,smooth muscle cell,"smooth muscle cell
Evidence strongly supports smooth muscle identity: canonical markers (TAGLN, ACTA2, MYH11, CNN1, MYLK, PLN, DES) are top-ranked, and smooth muscle pathway scores (airway and vascular) are highest. No conflicting markers indicate myofibroblast, pericyte, or fibroblast, despite some overlap. The lung parenchyma context and lack of tracheobronchial-specific features make the general ""smooth muscle cell"" label most appropriate.",smooth muscle cell,"Evidence strongly supports smooth muscle identity: canonical markers (TAGLN, ACTA2, MYH11, CNN1, MYLK, PLN, DES) are top-ranked, and smooth muscle pathway scores (airway and vascular) are highest. No conflicting markers indicate myofibroblast, pericyte, or fibroblast, despite some overlap. The lung parenchyma context and lack of tracheobronchial-specific features make the general ""smooth muscle cell"" label most appropriate.",1,1,4,1,4,1,4,1,4
135265,CCTCACAGTCCATAGT_SC86,smooth muscle cell,"smooth muscle cell

The expression profile is dominated by contractile smooth muscle genes (MYH11, ACTA2, TAGLN, LMOD1, DES, ACTG2, MYL9) and regulators (CALD1, PDGFRB). Despite slightly higher pericyte pathway scores, the strong MYH11 and LMOD1 expression is more characteristic of smooth muscle cells than pericytes in lung parenchyma.",smooth muscle cell,"The expression profile is dominated by contractile smooth muscle genes (MYH11, ACTA2, TAGLN, LMOD1, DES, ACTG2, MYL9) and regulators (CALD1, PDGFRB). Despite slightly higher pericyte pathway scores, the strong MYH11 and LMOD1 expression is more characteristic of smooth muscle cells than pericytes in lung parenchyma.",1,1,4,1,4,1,4,1,4
316312,GTTCTCGGTTTGACAC_F02526,smooth muscle cell,"tracheobronchial smooth muscle cell

The expression profile strongly supports smooth muscle identity, with canonical contractile markers ACTA2, TAGLN, MYH11, CNN1, DES, MYL9, CALD1, and MYLK. Pathway scoring ranks airway smooth muscle highest, exceeding both vascular smooth muscle and pericyte/myofibroblast programs. This indicates tracheobronchial (airway) smooth muscle rather than a generic or vascular smooth muscle cell.",tracheobronchial smooth muscle cell,"The expression profile strongly supports smooth muscle identity, with canonical contractile markers ACTA2, TAGLN, MYH11, CNN1, DES, MYL9, CALD1, and MYLK. Pathway scoring ranks airway smooth muscle highest, exceeding both vascular smooth muscle and pericyte/myofibroblast programs. This indicates tracheobronchial (airway) smooth muscle rather than a generic or vascular smooth muscle cell.",0,0,2,0,2,0,2,0,2
237670,P3_5_CCTAGCTTCTTCGGTC,stromal cell,"smooth muscle cell
Top genes (TAGLN, ACTA2, MYH11, DES, CNN1, MYL9, CALD1, MYLK) are canonical smooth muscle contractile markers. Pathway scores also rank airway and vascular smooth muscle programs highest, consistent with lung parenchymal smooth muscle. The generic ""smooth muscle cell"" label best fits this expression profile.",smooth muscle cell,"Top genes (TAGLN, ACTA2, MYH11, DES, CNN1, MYL9, CALD1, MYLK) are canonical smooth muscle contractile markers. Pathway scores also rank airway and vascular smooth muscle programs highest, consistent with lung parenchymal smooth muscle. The generic ""smooth muscle cell"" label best fits this expression profile.",0,0,2,0,2,0,2,0,2
169089,TACTCGCCACACTGCG-1-HCATisStab7747197,stromal cell,"tracheobronchial smooth muscle cell

The top genes (DES, TAGLN, ACTA2, MYH11, CNN1) are canonical smooth muscle markers, and the highest pathway score is for Airway smooth muscle. This supports a tracheobronchial smooth muscle identity, refining the stage-1 ""smooth muscle cell"" annotation.",tracheobronchial smooth muscle cell,"The top genes (DES, TAGLN, ACTA2, MYH11, CNN1) are canonical smooth muscle markers, and the highest pathway score is for Airway smooth muscle. This supports a tracheobronchial smooth muscle identity, refining the stage-1 ""smooth muscle cell"" annotation.",0,0,2,0,2,0,2,0,2
107334,GCATACAAGGGTCGAT-1-HCATisStab7747198,stromal cell,"tracheobronchial smooth muscle cell

Expression of classic smooth muscle markers (DES, TAGLN, ACTA2, ACTG2, MYL9, MYH11, CNN1, MYLK) and the highest pathway enrichment for airway smooth muscle support a smooth muscle identity. The airway-specific pathway score exceeds vascular smooth muscle, indicating tracheobronchial smooth muscle cell is the most accurate subtype.",tracheobronchial smooth muscle cell,"Expression of classic smooth muscle markers (DES, TAGLN, ACTA2, ACTG2, MYL9, MYH11, CNN1, MYLK) and the highest pathway enrichment for airway smooth muscle support a smooth muscle identity. The airway-specific pathway score exceeds vascular smooth muscle, indicating tracheobronchial smooth muscle cell is the most accurate subtype.",0,0,2,0,2,0,2,0,2
313886,AGATTGCTCCGTAGGC-1-HCATisStab7747198,stromal cell,"tracheobronchial smooth muscle cell
The expression profile is dominated by canonical smooth muscle markers (TAGLN, ACTA2, DES, MYH11, CNN1, MYL9, CALD1). Pathway scores rank airway smooth muscle as the most active program, exceeding vascular smooth muscle, myofibroblast, and pericyte signatures. This supports a more specific airway/tracheobronchial smooth muscle identity in lung parenchyma rather than the broader smooth muscle cell label.",tracheobronchial smooth muscle cell,"The expression profile is dominated by canonical smooth muscle markers (TAGLN, ACTA2, DES, MYH11, CNN1, MYL9, CALD1). Pathway scores rank airway smooth muscle as the most active program, exceeding vascular smooth muscle, myofibroblast, and pericyte signatures. This supports a more specific airway/tracheobronchial smooth muscle identity in lung parenchyma rather than the broader smooth muscle cell label.",0,0,2,0,2,0,2,0,2
268232,AACGTTGAGTTGAGAT-1-HCATisStab7659969,stromal cell,"myofibroblast cell
The gene expression profile shows classic contractile markers (ACTA2, TAGLN, DES, CNN1, MYLK, CALD1) but also myofibroblast-associated genes (CCN2, CCN1, TIMP1, IGFBP7, LGALS1), with the strongest pathway score being myofibroblast. This better matches myofibroblast identity than mature smooth muscle.",myofibroblast cell,"The gene expression profile shows classic contractile markers (ACTA2, TAGLN, DES, CNN1, MYLK, CALD1) but also myofibroblast-associated genes (CCN2, CCN1, TIMP1, IGFBP7, LGALS1), with the strongest pathway score being myofibroblast. This better matches myofibroblast identity than mature smooth muscle.",0,0,1,0,1,0,1,0,1
67357,CTACACCTCGTGTAGT-1-HCATisStab7747197,stromal cell,"smooth muscle cell

The expression profile is dominated by canonical smooth muscle markers (TAGLN, DES, ACTA2, MYL9, CNN1, MYLK, SYNPO2) with strong contractile activity. Pathway scores favor smooth muscle over myofibroblast, pericyte, or fibroblast. Without decisive markers distinguishing airway vs. vascular smooth muscle—and given the lung parenchyma context—the generic ""smooth muscle cell"" annotation is most accurate.",smooth muscle cell,"The expression profile is dominated by canonical smooth muscle markers (TAGLN, DES, ACTA2, MYL9, CNN1, MYLK, SYNPO2) with strong contractile activity. Pathway scores favor smooth muscle over myofibroblast, pericyte, or fibroblast. Without decisive markers distinguishing airway vs. vascular smooth muscle—and given the lung parenchyma context—the generic ""smooth muscle cell"" annotation is most accurate.",0,0,2,0,2,0,2,0,2
325560,TCGGGACCAATGGAAT_F02611,stromal cell,"smooth muscle cell
The expression profile shows canonical smooth muscle markers (TAGLN, ACTA2, DES, MYH11, CNN1, MYL9, TPM2, PLN) with high airway and vascular smooth muscle pathway scores. This is consistent with a general smooth muscle cell identity in lung parenchyma; no evidence points to a distinct subtype like tracheobronchial smooth muscle or myofibroblast.",smooth muscle cell,"The expression profile shows canonical smooth muscle markers (TAGLN, ACTA2, DES, MYH11, CNN1, MYL9, TPM2, PLN) with high airway and vascular smooth muscle pathway scores. This is consistent with a general smooth muscle cell identity in lung parenchyma; no evidence points to a distinct subtype like tracheobronchial smooth muscle or myofibroblast.",0,0,2,0,2,0,2,0,2
259465,AACTCTTTCACGATGT_F00409,stromal cell,smooth muscle cell,smooth muscle cell,,0,0,2,0,2,0,2,0,2
87771,CTAGTGATCCACGAAT_HD67,stromal cell,"smooth muscle cell
The top genes (ACTA2, TAGLN, MYH11, DES, CNN1, LMOD1, ACTG2, CALD1) and highest pathway scores confirm contractile smooth muscle identity. Airway and vascular smooth muscle scores are both high, and tissue context is lung parenchyma, so the generic ""smooth muscle cell"" subtype is most appropriate rather than tracheobronchial-specific smooth muscle.",smooth muscle cell,"The top genes (ACTA2, TAGLN, MYH11, DES, CNN1, LMOD1, ACTG2, CALD1) and highest pathway scores confirm contractile smooth muscle identity. Airway and vascular smooth muscle scores are both high, and tissue context is lung parenchyma, so the generic ""smooth muscle cell"" subtype is most appropriate rather than tracheobronchial-specific smooth muscle.",0,0,2,0,2,0,2,0,2
219700,CATCAAGCATTCCTCG-1-HCATisStab7747199,stromal cell,"smooth muscle cell
Expression of TAGLN, DES, ACTA2, MYH11, CNN1, MYLK, CALD1, and SMTN is canonical for smooth muscle. Highest pathway score is airway smooth muscle, but in lung parenchyma the general smooth muscle cell designation is appropriate and more accurate than tracheobronchial-specific subtypes.",smooth muscle cell,"Expression of TAGLN, DES, ACTA2, MYH11, CNN1, MYLK, CALD1, and SMTN is canonical for smooth muscle. Highest pathway score is airway smooth muscle, but in lung parenchyma the general smooth muscle cell designation is appropriate and more accurate than tracheobronchial-specific subtypes.",0,0,2,0,2,0,2,0,2
198593,ACTATCTGTCGTCTTC-1-HCATisStab7747197,stromal cell,"smooth muscle cell

The expression profile is dominated by canonical contractile smooth muscle markers (DES, TAGLN, ACTA2, MYL9, CNN1, MYLK, MYH11) with top pathway support for smooth muscle programs. While airway smooth muscle scores highest, the generic lung parenchyma context and lack of definitive tracheobronchial-specific evidence favor the broader ""smooth muscle cell"" annotation over ""tracheobronchial smooth muscle cell.""",smooth muscle cell,"The expression profile is dominated by canonical contractile smooth muscle markers (DES, TAGLN, ACTA2, MYL9, CNN1, MYLK, MYH11) with top pathway support for smooth muscle programs. While airway smooth muscle scores highest, the generic lung parenchyma context and lack of definitive tracheobronchial-specific evidence favor the broader ""smooth muscle cell"" annotation over ""tracheobronchial smooth muscle cell.""",0,0,2,0,2,0,2,0,2
312326,CACCACTTCACGCATA-1-HCATisStab7659971,stromal cell,"smooth muscle cell

The top genes—ACTA2, TAGLN, MYH11, CNN1, DES, MYL9, CALD1, PLN, MYLK—form a canonical mature smooth muscle contractile signature. Although the myofibroblast pathway score is slightly higher, the presence of MYH11, CNN1, and DES distinguishes smooth muscle cells from myofibroblasts or fibroblasts. Given lung parenchyma context, the generic smooth muscle cell annotation is more appropriate than tracheobronchial-specific smooth muscle.",smooth muscle cell,"The top genes—ACTA2, TAGLN, MYH11, CNN1, DES, MYL9, CALD1, PLN, MYLK—form a canonical mature smooth muscle contractile signature. Although the myofibroblast pathway score is slightly higher, the presence of MYH11, CNN1, and DES distinguishes smooth muscle cells from myofibroblasts or fibroblasts. Given lung parenchyma context, the generic smooth muscle cell annotation is more appropriate than tracheobronchial-specific smooth muscle.",0,0,2,0,2,0,2,0,2
296717,CCGTACTGTCAGAAGC-1-HCATisStab7659971,stromal cell,"smooth muscle cell

The expression profile is dominated by canonical contractile smooth muscle markers (ACTA2, TAGLN, MYH11, CNN1, DES, CALD1, MYL9, ACTG2), with high airway and vascular smooth muscle pathway scores. In lung parenchyma, this pattern best fits a general smooth muscle cell identity rather than a tracheobronchial-specific subtype.",smooth muscle cell,"The expression profile is dominated by canonical contractile smooth muscle markers (ACTA2, TAGLN, MYH11, CNN1, DES, CALD1, MYL9, ACTG2), with high airway and vascular smooth muscle pathway scores. In lung parenchyma, this pattern best fits a general smooth muscle cell identity rather than a tracheobronchial-specific subtype.",0,0,2,0,2,0,2,0,2
56375,GACACGCAGGTCATCT_HD67,stromal cell,"smooth muscle cell

Expression of TAGLN, ACTA2, MYH11, DES, CNN1, LMOD1, and TPM1/2 strongly confirms smooth muscle identity. Pathway scores favor airway/vascular smooth muscle over pericyte or fibroblast programs. In lung parenchyma, generic smooth muscle cell best matches the profile.",smooth muscle cell,"Expression of TAGLN, ACTA2, MYH11, DES, CNN1, LMOD1, and TPM1/2 strongly confirms smooth muscle identity. Pathway scores favor airway/vascular smooth muscle over pericyte or fibroblast programs. In lung parenchyma, generic smooth muscle cell best matches the profile.",0,0,2,0,2,0,2,0,2
14264,P3_5_TTGGCAAGTTCGGCAC,stromal cell,"smooth muscle cell
The expression profile is dominated by contractile and cytoskeletal smooth muscle markers (TAGLN, ACTA2, MYH11, CNN1, MYLK, MYL9, DES, LMOD1, PLN, SLN). Pathway scores support both airway and vascular smooth muscle programs. In lung parenchyma, this is best classified as a generic smooth muscle cell.",smooth muscle cell,"The expression profile is dominated by contractile and cytoskeletal smooth muscle markers (TAGLN, ACTA2, MYH11, CNN1, MYLK, MYL9, DES, LMOD1, PLN, SLN). Pathway scores support both airway and vascular smooth muscle programs. In lung parenchyma, this is best classified as a generic smooth muscle cell.",0,0,2,0,2,0,2,0,2
251405,AGTGAGGAGCTGATAA-1-HCATisStab7659969,stromal cell,"smooth muscle cell

Classic smooth muscle markers (TAGLN, ACTA2, DES, MYH11, CNN1, MYLK, CALD1) are definitive. Pathway scores show highest activity for airway smooth muscle but also vascular smooth muscle and pericyte programs. The general ""smooth muscle cell"" label best fits the lung parenchyma context without over-specifying to tracheobronchial or vascular subtype.",smooth muscle cell,"Classic smooth muscle markers (TAGLN, ACTA2, DES, MYH11, CNN1, MYLK, CALD1) are definitive. Pathway scores show highest activity for airway smooth muscle but also vascular smooth muscle and pericyte programs. The general ""smooth muscle cell"" label best fits the lung parenchyma context without over-specifying to tracheobronchial or vascular subtype.",0,0,2,0,2,0,2,0,2
185206,AGCGGTCTCGTTACAG-1-HCATisStab7747197,stromal cell,"smooth muscle cell

The expression profile shows classic contractile smooth muscle markers (ACTA2, TAGLN, DES, MYH11, CNN1, MYLK, TPM2) with highest pathway enrichment for airway smooth muscle. In lung parenchyma, this indicates a general smooth muscle cell identity rather than a tracheobronchial-specific subtype, which is listed separately.",smooth muscle cell,"The expression profile shows classic contractile smooth muscle markers (ACTA2, TAGLN, DES, MYH11, CNN1, MYLK, TPM2) with highest pathway enrichment for airway smooth muscle. In lung parenchyma, this indicates a general smooth muscle cell identity rather than a tracheobronchial-specific subtype, which is listed separately.",0,0,2,0,2,0,2,0,2
33258,P3_5_GACTGCGGTTCCGGCA,stromal cell,"smooth muscle cell

The expression profile is dominated by canonical smooth muscle markers (TAGLN, ACTA2, MYH11, DES, CNN1, MYLK, LMOD1), and pathway scores strongly support smooth muscle identity, with both airway and vascular smooth muscle programs highly active. This confirms the stage-1 annotation without evidence for a more specific tracheobronchial vs. vascular subtype, so the general smooth muscle cell label is most appropriate.",smooth muscle cell,"The expression profile is dominated by canonical smooth muscle markers (TAGLN, ACTA2, MYH11, DES, CNN1, MYLK, LMOD1), and pathway scores strongly support smooth muscle identity, with both airway and vascular smooth muscle programs highly active. This confirms the stage-1 annotation without evidence for a more specific tracheobronchial vs. vascular subtype, so the general smooth muscle cell label is most appropriate.",0,0,2,0,2,0,2,0,2
314177,AAGGCAGAGGACATTA_F01365,stromal cell,"smooth muscle cell
The strong expression of canonical smooth muscle markers—MYH11, PLN, DES, ACTG2, CNN1, TAGLN, and ACTA2—confirms the stage-1 annotation. Although myofibroblast pathway scores are slightly higher, MYH11 and PLN are specific to smooth muscle rather than myofibroblasts. Collagen/ECM gene expression overlaps with fibroblast programs but does not override the definitive smooth muscle contractile signature.",smooth muscle cell,"The strong expression of canonical smooth muscle markers—MYH11, PLN, DES, ACTG2, CNN1, TAGLN, and ACTA2—confirms the stage-1 annotation. Although myofibroblast pathway scores are slightly higher, MYH11 and PLN are specific to smooth muscle rather than myofibroblasts. Collagen/ECM gene expression overlaps with fibroblast programs but does not override the definitive smooth muscle contractile signature.",0,0,2,0,2,0,2,0,2
211553,TGGGAAGAGATTACCC-1-HCATisStab7747198,stromal cell,"smooth muscle cell
Expression of DES, ACTA2, MYH11, TAGLN, CNN1, MYL9, and SMTN strongly confirms mature smooth muscle identity. Pathway scores favor airway smooth muscle, but markers do not distinguish airway vs vascular subtype, and the generic annotation is appropriate.",smooth muscle cell,"Expression of DES, ACTA2, MYH11, TAGLN, CNN1, MYL9, and SMTN strongly confirms mature smooth muscle identity. Pathway scores favor airway smooth muscle, but markers do not distinguish airway vs vascular subtype, and the generic annotation is appropriate.",0,0,2,0,2,0,2,0,2
260293,GGTATTGAGAACAACT_F01607,tracheobronchial goblet cell,"bronchial goblet cell

Despite strong SCGB1A1/SCGB3A1 expression (club markers), the highest pathway score is goblet cell, and MUC5AC, MUC5B, TFF3, BPIFB1, AGR2, and FCGBP indicate mucus-producing goblet identity. The lung airway context supports bronchial goblet cell over club cell.",bronchial goblet cell,"Despite strong SCGB1A1/SCGB3A1 expression (club markers), the highest pathway score is goblet cell, and MUC5AC, MUC5B, TFF3, BPIFB1, AGR2, and FCGBP indicate mucus-producing goblet identity. The lung airway context supports bronchial goblet cell over club cell.",0,0,3,0,3,0,3,0,3
328221,CCCTCCTGTCAAACTC-SC45,tracheobronchial goblet cell,"club cell
The top TF-IDF markers SCGB1A1, SCGB3A1, BPIFB1, and SLPI are canonical club cell genes, strongly outweighing the modest goblet pathway signal driven by low-level MUC5AC. Thus the stage-1 annotation is correct.",club cell,"The top TF-IDF markers SCGB1A1, SCGB3A1, BPIFB1, and SLPI are canonical club cell genes, strongly outweighing the modest goblet pathway signal driven by low-level MUC5AC. Thus the stage-1 annotation is correct.",0,0,3,0,3,0,3,0,3
159776,TAGTGGTCACACATGT_HD67,tracheobronchial goblet cell,"club cell
Top markers SCGB1A1, SCGB3A1, BPIFB1, SLPI, and CYP2F1 are canonical club cell secretory genes. Despite goblet-associated transcripts (MUC5B, MUC5AC, TFF3) appearing lower-ranked, the dominant SCGB expression confirms club cell identity. The goblet pathway score reflects shared secretory program activity, not a lineage switch.",club cell,"Top markers SCGB1A1, SCGB3A1, BPIFB1, SLPI, and CYP2F1 are canonical club cell secretory genes. Despite goblet-associated transcripts (MUC5B, MUC5AC, TFF3) appearing lower-ranked, the dominant SCGB expression confirms club cell identity. The goblet pathway score reflects shared secretory program activity, not a lineage switch.",0,0,3,0,3,0,3,0,3
98306,AACCGCGTCTGCTGCT_HD67,tracheobronchial goblet cell,"club cell

The top two markers, SCGB1A1 and SCGB3A1, are highly specific and dominant club cell genes, with TF-IDF weights far exceeding other markers. Although goblet cell pathway score is slightly higher and MUC5AC is present, the overall expression profile—secretory bronchiolar genes like BPIFB1, SLPI, and WFDC2—supports club cell identity in lung parenchyma.",club cell,"The top two markers, SCGB1A1 and SCGB3A1, are highly specific and dominant club cell genes, with TF-IDF weights far exceeding other markers. Although goblet cell pathway score is slightly higher and MUC5AC is present, the overall expression profile—secretory bronchiolar genes like BPIFB1, SLPI, and WFDC2—supports club cell identity in lung parenchyma.",0,0,3,0,3,0,3,0,3
174274,CTCGTACGTACCGTAT_SC18,tracheobronchial goblet cell,"club cell
Dominant expression of SCGB3A1 and SCGB1A1 (secretoglobins) is the classic hallmark of club cells. Supporting genes include SLPI, WFDC2, BPIFB1, and MSMB. Although goblet-cell pathway scores appear high, key goblet markers like MUC5AC/SPDEF are absent, and MUC5B is low-ranked. Thus the stage-1 annotation is confirmed.",club cell,"Dominant expression of SCGB3A1 and SCGB1A1 (secretoglobins) is the classic hallmark of club cells. Supporting genes include SLPI, WFDC2, BPIFB1, and MSMB. Although goblet-cell pathway scores appear high, key goblet markers like MUC5AC/SPDEF are absent, and MUC5B is low-ranked. Thus the stage-1 annotation is confirmed.",0,0,3,0,3,0,3,0,3
24837,CAGATCACATCTCCCA-SC155,tracheobronchial goblet cell,"club cell

The top TF-IDF markers are canonical club cell genes (SCGB1A1, SCGB3A2, SCGB3A1, CYP2F1), strongly supporting the stage-1 annotation. Although a goblet cell pathway score is slightly higher, this is driven by shared secretory/immunomodulatory genes (AGR2/3, WFDC2, TSPAN8, PIGR) rather than goblet-specific mucins. The dominant secretoglobin expression confirms a club cell identity.",club cell,"The top TF-IDF markers are canonical club cell genes (SCGB1A1, SCGB3A2, SCGB3A1, CYP2F1), strongly supporting the stage-1 annotation. Although a goblet cell pathway score is slightly higher, this is driven by shared secretory/immunomodulatory genes (AGR2/3, WFDC2, TSPAN8, PIGR) rather than goblet-specific mucins. The dominant secretoglobin expression confirms a club cell identity.",0,0,3,0,3,0,3,0,3
53105,TTGCCGTCAACGATCT_F02092,tracheobronchial goblet cell,"club cell
The dominant markers SCGB1A1 and SCGB3A1 with BPIFB1 and SLPI are canonical club cell secretory products. Despite a slightly higher goblet pathway score, the enormous expression weight of club-specific genes and absence of hallmark goblet mucin overdrive support the original annotation.",club cell,"The dominant markers SCGB1A1 and SCGB3A1 with BPIFB1 and SLPI are canonical club cell secretory products. Despite a slightly higher goblet pathway score, the enormous expression weight of club-specific genes and absence of hallmark goblet mucin overdrive support the original annotation.",0,0,3,0,3,0,3,0,3
290290,CTTCTCTGTATGAATG-SC45,tracheobronchial goblet cell,"club cell
The expression profile is dominated by SCGB1A1, SCGB3A1, BPIFB1, and SLPI, classic club cell secretory markers. Though goblet-cell pathway scores are elevated, mucin genes (MUC5B, TFF3) appear at low ranks, indicating a club cell identity rather than goblet cell differentiation.",club cell,"The expression profile is dominated by SCGB1A1, SCGB3A1, BPIFB1, and SLPI, classic club cell secretory markers. Though goblet-cell pathway scores are elevated, mucin genes (MUC5B, TFF3) appear at low ranks, indicating a club cell identity rather than goblet cell differentiation.",0,0,3,0,3,0,3,0,3
272244,TAAGAGACAAGAGGCT_F02528,tracheobronchial goblet cell,"club cell
Dominant SCGB1A1 and SCGB3A1 expression, along with SLPI, BPIFB1, and WFDC2, is a canonical club cell signature. Although goblet pathway scores are slightly higher and MUC5AC/MUC5B are present, these are secondary features; the overwhelming secretoglobin profile supports club cell identity rather than a true goblet cell.",club cell,"Dominant SCGB1A1 and SCGB3A1 expression, along with SLPI, BPIFB1, and WFDC2, is a canonical club cell signature. Although goblet pathway scores are slightly higher and MUC5AC/MUC5B are present, these are secondary features; the overwhelming secretoglobin profile supports club cell identity rather than a true goblet cell.",0,0,3,0,3,0,3,0,3
259798,AGTAGTCAGCCTATGT_SC20,tracheobronchial goblet cell,"club cell
The dominant expression of SCGB1A1, SCGB3A1, SCGB3A2, SLPI, BPIFB1, and CYP2F1 is canonical for lung club cells. Although the goblet cell pathway score is slightly higher, the top specific genes lack typical goblet markers like MUC5AC/MUC5B, confirming the stage-1 annotation is correct.",club cell,"The dominant expression of SCGB1A1, SCGB3A1, SCGB3A2, SLPI, BPIFB1, and CYP2F1 is canonical for lung club cells. Although the goblet cell pathway score is slightly higher, the top specific genes lack typical goblet markers like MUC5AC/MUC5B, confirming the stage-1 annotation is correct.",0,0,3,0,3,0,3,0,3
330455,AATGGCTTCATGCAGT_SC85,tracheobronchial goblet cell,"club cell
The top genes SCGB1A1 and SCGB3A1 are canonical, highly specific club/Clara cell markers, with SCGB1A1 dominating by TF-IDF weight. Additional secretory genes (BPIFB1, SLPI, WFDC2, MSMB) support club identity. Although the goblet-cell pathway score is slightly higher due to expression of MUC5AC and related genes, the dominant and rare-cell-specific markers indicate a club cell, not a committed goblet cell. Minor goblet-like gene expression may reflect plasticity or contamination.",club cell,"The top genes SCGB1A1 and SCGB3A1 are canonical, highly specific club/Clara cell markers, with SCGB1A1 dominating by TF-IDF weight. Additional secretory genes (BPIFB1, SLPI, WFDC2, MSMB) support club identity. Although the goblet-cell pathway score is slightly higher due to expression of MUC5AC and related genes, the dominant and rare-cell-specific markers indicate a club cell, not a committed goblet cell. Minor goblet-like gene expression may reflect plasticity or contamination.",0,0,3,0,3,0,3,0,3
115424,GCTGCAGAGCCCAACC_F01851,tracheobronchial goblet cell,"club cell
SCGB1A1 and SCGB3A1 dominate with extremely high TF-IDF weights, which are canonical club cell markers. Additional support comes from SLPI, WFDC2, and BPIFB1. Though goblet-cell pathway scores are elevated, the absence of strong MUC5AC and comparatively low MUC5B expression argues against a goblet cell identity. The stage-1 annotation is therefore correct.",club cell,"SCGB1A1 and SCGB3A1 dominate with extremely high TF-IDF weights, which are canonical club cell markers. Additional support comes from SLPI, WFDC2, and BPIFB1. Though goblet-cell pathway scores are elevated, the absence of strong MUC5AC and comparatively low MUC5B expression argues against a goblet cell identity. The stage-1 annotation is therefore correct.",0,0,3,0,3,0,3,0,3
248704,CGGAGTCGTCATGCAT-1-HCATisStab7659971,tracheobronchial smooth muscle cell,"smooth muscle cell

Classic smooth muscle markers (ACTA2, TAGLN, MYH11, CNN1, MYL9, PLN, ACTG2, CALD1) strongly confirm the annotation. While myofibroblast/fibroblast programs partially overlap, expression of MYH11, CNN1, and PLN is specific to mature smooth muscle. The profile does not distinguish airway versus vascular smooth muscle, so the generic subtype is most appropriate.",smooth muscle cell,"Classic smooth muscle markers (ACTA2, TAGLN, MYH11, CNN1, MYL9, PLN, ACTG2, CALD1) strongly confirm the annotation. While myofibroblast/fibroblast programs partially overlap, expression of MYH11, CNN1, and PLN is specific to mature smooth muscle. The profile does not distinguish airway versus vascular smooth muscle, so the generic subtype is most appropriate.",0,0,2,0,2,0,2,0,2
60899,TTCGGTCAGTGTAGAT_SC86,tracheobronchial smooth muscle cell,"smooth muscle cell

The top genes are canonical smooth muscle markers, including TPM2, TAGLN, DES, ACTA2, MYH11, MYL9, CALD1, and LMOD1. Pathway scores rank airway and vascular smooth muscle programs highest, supporting smooth muscle identity over myofibroblast or pericyte. The stage-1 annotation is confirmed; no evidence indicates a more specific tracheobronchial subtype.",smooth muscle cell,"The top genes are canonical smooth muscle markers, including TPM2, TAGLN, DES, ACTA2, MYH11, MYL9, CALD1, and LMOD1. Pathway scores rank airway and vascular smooth muscle programs highest, supporting smooth muscle identity over myofibroblast or pericyte. The stage-1 annotation is confirmed; no evidence indicates a more specific tracheobronchial subtype.",0,0,2,0,2,0,2,0,2
283564,AAGAACACACACGGAA_SC86,tracheobronchial smooth muscle cell,"smooth muscle cell
Dominant expression of canonical smooth muscle markers (MYH11, ACTA2, TAGLN, CALD1, DES, LMOD1, MYL9) and highest pathway scores for airway/vascular smooth muscle confirm the stage-1 annotation. Myofibroblast and pericyte programs are lower, and no definitive subtype-specific marker resolves airway versus vascular origin, so the general smooth muscle cell label is most appropriate.",smooth muscle cell,"Dominant expression of canonical smooth muscle markers (MYH11, ACTA2, TAGLN, CALD1, DES, LMOD1, MYL9) and highest pathway scores for airway/vascular smooth muscle confirm the stage-1 annotation. Myofibroblast and pericyte programs are lower, and no definitive subtype-specific marker resolves airway versus vascular origin, so the general smooth muscle cell label is most appropriate.",0,0,2,0,2,0,2,0,2
327567,GTTCATTCACCCATGG_F02524,tracheobronchial smooth muscle cell,"smooth muscle cell
Canonical smooth muscle markers (TAGLN, ACTA2, MYL9, MYH11, DES, CALD1) dominate, and airway smooth muscle pathway scores are highest. In lung parenchyma, this profile confirms a smooth muscle cell, not a tracheobronchial or pericyte subtype.",smooth muscle cell,"Canonical smooth muscle markers (TAGLN, ACTA2, MYL9, MYH11, DES, CALD1) dominate, and airway smooth muscle pathway scores are highest. In lung parenchyma, this profile confirms a smooth muscle cell, not a tracheobronchial or pericyte subtype.",0,0,2,0,2,0,2,0,2
173891,CGATCGGCAATGACCT_HD68,tracheobronchial smooth muscle cell,"smooth muscle cell

The expression profile is dominated by canonical smooth muscle markers (TAGLN, ACTA2, MYL9, MYH11, CNN1, DES, CALD1, TPM1/2) and shows high pathway scores for airway and vascular smooth muscle. Given the lung parenchyma context, the generic ""smooth muscle cell"" is more appropriate than a tracheobronchial-specific subtype, which would be expected in the conducting airways.",smooth muscle cell,"The expression profile is dominated by canonical smooth muscle markers (TAGLN, ACTA2, MYL9, MYH11, CNN1, DES, CALD1, TPM1/2) and shows high pathway scores for airway and vascular smooth muscle. Given the lung parenchyma context, the generic ""smooth muscle cell"" is more appropriate than a tracheobronchial-specific subtype, which would be expected in the conducting airways.",0,0,2,0,2,0,2,0,2
132192,P3_5_TCGAGGCCACTTACGA,tracheobronchial smooth muscle cell,"smooth muscle cell

The expression profile is dominated by canonical smooth muscle markers (ACTA2, TAGLN, MYH11, CNN1, CALD1, MYL9, ACTG2), with the highest pathway score for airway smooth muscle. Although pericyte and myofibroblast programs are also enriched, the strong contractile gene signature confirms a smooth muscle identity. In lung parenchyma, this corresponds best to the general smooth muscle cell category.",smooth muscle cell,"The expression profile is dominated by canonical smooth muscle markers (ACTA2, TAGLN, MYH11, CNN1, CALD1, MYL9, ACTG2), with the highest pathway score for airway smooth muscle. Although pericyte and myofibroblast programs are also enriched, the strong contractile gene signature confirms a smooth muscle identity. In lung parenchyma, this corresponds best to the general smooth muscle cell category.",0,0,2,0,2,0,2,0,2
236747,P2_2_AGTGGGACAAGCGAGT,tracheobronchial smooth muscle cell,tracheobronchial smooth muscle cell,tracheobronchial smooth muscle cell,,1,1,4,1,4,1,4,1,4
235158,TTGACTTTCAGTTAGC-SC156,tracheobronchial smooth muscle cell,"alveolar macrophage

The profile is dominated by canonical alveolar macrophage markers (APOC1, FTL, LYZ, TYROBP, HLA-DRA, C1QA, FABP4, ALOX5AP) and the alveolar macrophage pathway score is the highest. Mesenchymal/endothelial transcripts (DES, CLDN5, DCN, MGP) are likely ambient contamination or phagocytosed material, not evidence of an alternative identity.",alveolar macrophage,"The profile is dominated by canonical alveolar macrophage markers (APOC1, FTL, LYZ, TYROBP, HLA-DRA, C1QA, FABP4, ALOX5AP) and the alveolar macrophage pathway score is the highest. Mesenchymal/endothelial transcripts (DES, CLDN5, DCN, MGP) are likely ambient contamination or phagocytosed material, not evidence of an alternative identity.",0,0,0,0,0,0,0,0,0
87167,CGCTTCAGTCATATGC_F02522,tracheobronchial smooth muscle cell,"smooth muscle cell

The top TF-IDF genes (TAGLN, ACTA2, TPM2, PPP1R14A, MYL9, LMOD1, CALD1) are canonical smooth muscle markers, and the airway smooth muscle pathway score is highest. While pericyte/myofibroblast scores are notable, the strong expression of mature SMC genes like LMOD1 and CALD1 confirms a smooth muscle identity. Given the lung parenchyma context, the generic term is more appropriate than tracheobronchial smooth muscle cell.",smooth muscle cell,"The top TF-IDF genes (TAGLN, ACTA2, TPM2, PPP1R14A, MYL9, LMOD1, CALD1) are canonical smooth muscle markers, and the airway smooth muscle pathway score is highest. While pericyte/myofibroblast scores are notable, the strong expression of mature SMC genes like LMOD1 and CALD1 confirms a smooth muscle identity. Given the lung parenchyma context, the generic term is more appropriate than tracheobronchial smooth muscle cell.",0,0,2,0,2,0,2,0,2
221107,TAAGCGTGTCGCGGTT_SC143,tracheobronchial smooth muscle cell,"Tracheobronchial smooth muscle cell

The top genes (TAGLN, ACTA2, MYH11, CNN1, LMOD1, MYL9, PLN) confirm a contractile smooth muscle identity. Airway smooth muscle pathway score is highest, and the tissue context of lung parenchyma supports tracheobronchial smooth muscle over generic smooth muscle.",Tracheobronchial smooth muscle cell,"The top genes (TAGLN, ACTA2, MYH11, CNN1, LMOD1, MYL9, PLN) confirm a contractile smooth muscle identity. Airway smooth muscle pathway score is highest, and the tissue context of lung parenchyma supports tracheobronchial smooth muscle over generic smooth muscle.",1,1,4,1,4,1,4,1,4
198297,GGGACTCAGTGACCTT_SC86,tracheobronchial smooth muscle cell,"smooth muscle cell
The top markers—ACTA2, TAGLN, MYH11, DES, CNN1, MYLK, ACTG2, and PLN—are canonical smooth muscle genes, not myofibroblast or pericyte-defining. The high myofibroblast pathway score reflects overlapping contractile programs, but MYH11/DES/CNN1 expression confirms smooth muscle identity. In lung parenchyma, generic smooth muscle cell is more appropriate than tracheobronchial-specific.",smooth muscle cell,"The top markers—ACTA2, TAGLN, MYH11, DES, CNN1, MYLK, ACTG2, and PLN—are canonical smooth muscle genes, not myofibroblast or pericyte-defining. The high myofibroblast pathway score reflects overlapping contractile programs, but MYH11/DES/CNN1 expression confirms smooth muscle identity. In lung parenchyma, generic smooth muscle cell is more appropriate than tracheobronchial-specific.",0,0,2,0,2,0,2,0,2
200715,P3_5_GACAGAGGTGTGAATA,tracheobronchial smooth muscle cell,"smooth muscle cell

The profile shows a classic smooth muscle signature including ACTA2, TAGLN, MYH11, CNN1, DES, and CALD1, with strong pathway scores for airway and vascular smooth muscle. The absence of immune, epithelial, and endothelial markers supports this identity. While myofibroblast and pericyte programs are somewhat active, the expression of MYH11 and DES is more definitive for smooth muscle. Therefore, the stage-1 annotation is confirmed.",smooth muscle cell,"The profile shows a classic smooth muscle signature including ACTA2, TAGLN, MYH11, CNN1, DES, and CALD1, with strong pathway scores for airway and vascular smooth muscle. The absence of immune, epithelial, and endothelial markers supports this identity. While myofibroblast and pericyte programs are somewhat active, the expression of MYH11 and DES is more definitive for smooth muscle. Therefore, the stage-1 annotation is confirmed.",0,0,2,0,2,0,2,0,2
245653,AAGGAGCAGCCAGTTT-SC155,tracheobronchial smooth muscle cell,"smooth muscle cell
Expression of canonical contractile smooth muscle genes (ACTA2, MYH11, DES, TAGLN, MYL9, CALD1, TPM2, ACTG2, PLN) and top pathway scores for airway/vascular smooth muscle confirm a smooth muscle identity. In lung parenchyma, this corresponds to general smooth muscle cells rather than tracheobronchial-specific or other stromal types.",smooth muscle cell,"Expression of canonical contractile smooth muscle genes (ACTA2, MYH11, DES, TAGLN, MYL9, CALD1, TPM2, ACTG2, PLN) and top pathway scores for airway/vascular smooth muscle confirm a smooth muscle identity. In lung parenchyma, this corresponds to general smooth muscle cells rather than tracheobronchial-specific or other stromal types.",0,0,2,0,2,0,2,0,2
249276,TGTCCACAGCGCCTCA_SC141,tracheobronchial smooth muscle cell,"smooth muscle cell
The profile shows canonical smooth muscle markers (ACTA2, TAGLN, MYH11, CNN1, DES, LMOD1, PLN, CALD1) and highest pathway score for airway smooth muscle. This confirms a contractile smooth muscle cell; the more specific tracheobronchial subtype is not required given lung parenchyma context.",smooth muscle cell,"The profile shows canonical smooth muscle markers (ACTA2, TAGLN, MYH11, CNN1, DES, LMOD1, PLN, CALD1) and highest pathway score for airway smooth muscle. This confirms a contractile smooth muscle cell; the more specific tracheobronchial subtype is not required given lung parenchyma context.",0,0,2,0,2,0,2,0,2
275401,GCGCAGTTCACCAGGC_F02522,tracheobronchial smooth muscle cell,"tracheobronchial smooth muscle cell

Canonical smooth muscle markers (ACTA2, TAGLN, MYH11, CNN1, DES, CALD1, MYL9, ACTG2) and the highest pathway score for airway smooth muscle support this specific subtype over generic smooth muscle cell or pericyte.",tracheobronchial smooth muscle cell,"Canonical smooth muscle markers (ACTA2, TAGLN, MYH11, CNN1, DES, CALD1, MYL9, ACTG2) and the highest pathway score for airway smooth muscle support this specific subtype over generic smooth muscle cell or pericyte.",1,1,4,1,4,1,4,1,4
185883,GGAGATGGTAAGGCTG_SC86,tracheobronchial smooth muscle cell,"smooth muscle cell
The expression profile is dominated by canonical contractile smooth muscle markers (ACTA2, MYH11, TAGLN, DES, CNN1, LMOD1, MYLK, TPM2) with highest pathway scores for airway and vascular smooth muscle. In lung parenchyma, this pattern confirms a smooth muscle identity, and the generic ""smooth muscle cell"" is more appropriate than tracheobronchial-specific annotation.",smooth muscle cell,"The expression profile is dominated by canonical contractile smooth muscle markers (ACTA2, MYH11, TAGLN, DES, CNN1, LMOD1, MYLK, TPM2) with highest pathway scores for airway and vascular smooth muscle. In lung parenchyma, this pattern confirms a smooth muscle identity, and the generic ""smooth muscle cell"" is more appropriate than tracheobronchial-specific annotation.",0,0,2,0,2,0,2,0,2
171683,CATACAGAGAATCGAT_SC143,tracheobronchial smooth muscle cell,"lung pericyte

The expression profile strongly supports a pericyte identity: high HIGD1B, COX4I2, NDUFA4L2, PDGFRB, MCAM, EGFL6, and PTN are canonical pericyte markers, combined with contractile and basement-membrane genes. Although smooth-muscle and fibroblast programs are active, the pericyte-specific gene enrichment is more discriminative than the broader smooth muscle score, confirming the stage-1 annotation.",lung pericyte,"The expression profile strongly supports a pericyte identity: high HIGD1B, COX4I2, NDUFA4L2, PDGFRB, MCAM, EGFL6, and PTN are canonical pericyte markers, combined with contractile and basement-membrane genes. Although smooth-muscle and fibroblast programs are active, the pericyte-specific gene enrichment is more discriminative than the broader smooth muscle score, confirming the stage-1 annotation.",0,0,1,0,1,0,1,0,1
92815,GCAGTTATCAGGCAAG-SC156,tracheobronchial smooth muscle cell,"smooth muscle cell

Expression of canonical smooth muscle markers (ACTA2, TAGLN, DES, MYH11, CNN1, MYLK, TPM2) robustly confirms the stage-1 annotation. Highest pathway score for airway smooth muscle fits lung parenchymal smooth muscle, but the list's tracheobronchial subtype is site-specific and not conclusively supported by the evidence. Thus, the general ""smooth muscle cell"" label is retained.",smooth muscle cell,"Expression of canonical smooth muscle markers (ACTA2, TAGLN, DES, MYH11, CNN1, MYLK, TPM2) robustly confirms the stage-1 annotation. Highest pathway score for airway smooth muscle fits lung parenchymal smooth muscle, but the list's tracheobronchial subtype is site-specific and not conclusively supported by the evidence. Thus, the general ""smooth muscle cell"" label is retained.",0,0,2,0,2,0,2,0,2
180539,ATCACGAAGGACCACA_F02617,tracheobronchial smooth muscle cell,"tracheobronchial smooth muscle cell
The expression profile is dominated by canonical smooth muscle markers (ACTA2, TAGLN, MYH11, MYL9, CALD1, LMOD1, TPM1/2), and the highest pathway score corresponds to airway smooth muscle. This refines the generic smooth muscle cell annotation to a tracheobronchial smooth muscle cell identity.",tracheobronchial smooth muscle cell,"The expression profile is dominated by canonical smooth muscle markers (ACTA2, TAGLN, MYH11, MYL9, CALD1, LMOD1, TPM1/2), and the highest pathway score corresponds to airway smooth muscle. This refines the generic smooth muscle cell annotation to a tracheobronchial smooth muscle cell identity.",1,1,4,1,4,1,4,1,4
272635,ACGTAGTAGTCCCAAT_SC86,tracheobronchial smooth muscle cell,"smooth muscle cell

The expression profile is dominated by canonical smooth muscle markers (TAGLN, ACTA2, MYH11, MYL9, CALD1, LMOD1, DES, ACTG2) with high pathway scores for vascular and airway smooth muscle. This confirms mature smooth muscle identity in lung parenchyma, rather than a more specific tracheobronchial subtype or myofibroblast/pericyte.",smooth muscle cell,"The expression profile is dominated by canonical smooth muscle markers (TAGLN, ACTA2, MYH11, MYL9, CALD1, LMOD1, DES, ACTG2) with high pathway scores for vascular and airway smooth muscle. This confirms mature smooth muscle identity in lung parenchyma, rather than a more specific tracheobronchial subtype or myofibroblast/pericyte.",0,0,2,0,2,0,2,0,2
81450,7185212_TGACTTTAGTGGACGT,vein endothelial cell,"capillary endothelial cell

The top markers (ACKR1, PLVAP, EMCN, ECSCR, RAMP2) and the high gCap pathway score strongly support capillary endothelium. The slightly higher venous pathway score is likely due to shared pan-endothelial and venule-associated genes, but direct marker evidence favors capillary over vein, artery, or lymphatic identity.",capillary endothelial cell,"The top markers (ACKR1, PLVAP, EMCN, ECSCR, RAMP2) and the high gCap pathway score strongly support capillary endothelium. The slightly higher venous pathway score is likely due to shared pan-endothelial and venule-associated genes, but direct marker evidence favors capillary over vein, artery, or lymphatic identity.",0,0,2,0,2,0,2,0,2
70756,CGGCTAGAGGTGATAT_HD68,vein endothelial cell,"capillary endothelial cell

The expression profile shows classic endothelial markers (VWF, PECAM1, CLDN5) combined with lung capillary-enriched genes FCN3, CA4, SLC6A4, TMEM100, EGFL7, and RAMP3. These are specific to capillary endothelium, not artery, vein, or lymphatic endothelium. The high pulmonary venous pathway score likely reflects shared pan-endothelial genes, but the direct gene evidence confirms capillary identity.",capillary endothelial cell,"The expression profile shows classic endothelial markers (VWF, PECAM1, CLDN5) combined with lung capillary-enriched genes FCN3, CA4, SLC6A4, TMEM100, EGFL7, and RAMP3. These are specific to capillary endothelium, not artery, vein, or lymphatic endothelium. The high pulmonary venous pathway score likely reflects shared pan-endothelial genes, but the direct gene evidence confirms capillary identity.",0,0,2,0,2,0,2,0,2
49926,TTTATGCCACTCAGGC_F02617,vein endothelial cell,"capillary endothelial cell

Expression of FCN3, PTGDS, CLU, RNASE1, CLDN5, VWF, RAMP2, and PLVAP strongly supports lung capillary endothelium. These are well-established capillary markers, with FCN3 being particularly specific for lung general capillaries. ACKR1 is also expressed in venous/capillary cells but does not outweigh the direct capillary gene evidence.",capillary endothelial cell,"Expression of FCN3, PTGDS, CLU, RNASE1, CLDN5, VWF, RAMP2, and PLVAP strongly supports lung capillary endothelium. These are well-established capillary markers, with FCN3 being particularly specific for lung general capillaries. ACKR1 is also expressed in venous/capillary cells but does not outweigh the direct capillary gene evidence.",0,0,2,0,2,0,2,0,2
308248,P2_7_GATCGATGTTAGTGGG,vein endothelial cell,"capillary endothelial cell

The profile strongly expresses canonical lung capillary markers FCN3, TMEM100, RAMP3, AQP1, CLDN5, and VWF. Although ACKR1 and SELE are also high, contributing to a venous-like program, FCN3 is a definitive general capillary (gCap) signature. Pathway scores for venous and capillary are nearly equal, but the combined capillary-specific markers resolve the identity as capillary endothelium rather than vein, artery, or lymphatic.",capillary endothelial cell,"The profile strongly expresses canonical lung capillary markers FCN3, TMEM100, RAMP3, AQP1, CLDN5, and VWF. Although ACKR1 and SELE are also high, contributing to a venous-like program, FCN3 is a definitive general capillary (gCap) signature. Pathway scores for venous and capillary are nearly equal, but the combined capillary-specific markers resolve the identity as capillary endothelium rather than vein, artery, or lymphatic.",0,0,2,0,2,0,2,0,2
216603,ACGAGGAAGGCTACGA_F02522,vein endothelial cell,"capillary endothelial cell

Expression of canonical endothelial markers (PECAM1, VWF, CLDN5) combined with lung capillary-specific genes (FCN3, ACKR1, CCL14, CCL23, SLC6A4, SPARCL1, EGFL7) confirms capillary endothelium. The high gCap pathway score and absence of arterial/lymphatic-specific signatures support this annotation.",capillary endothelial cell,"Expression of canonical endothelial markers (PECAM1, VWF, CLDN5) combined with lung capillary-specific genes (FCN3, ACKR1, CCL14, CCL23, SLC6A4, SPARCL1, EGFL7) confirms capillary endothelium. The high gCap pathway score and absence of arterial/lymphatic-specific signatures support this annotation.",0,0,2,0,2,0,2,0,2
228111,ACGCCGAAGTGAACAT_F02528,vein endothelial cell,"vein endothelial cell

The expression profile includes strong venous endothelial markers such as ACKR1, CLU, RAMP3, SPARCL1, SLCO2A1, and PTGDS, and the pulmonary venous endothelial pathway score is the highest. Although capillary markers like FCN3, PRSS23, and CCL23 are present, the direct gene evidence and pathway scores favor a venous endothelial identity.",vein endothelial cell,"The expression profile includes strong venous endothelial markers such as ACKR1, CLU, RAMP3, SPARCL1, SLCO2A1, and PTGDS, and the pulmonary venous endothelial pathway score is the highest. Although capillary markers like FCN3, PRSS23, and CCL23 are present, the direct gene evidence and pathway scores favor a venous endothelial identity.",1,1,4,1,4,1,4,1,4
120455,P2_1_AACTCTTGTGACGGTA,vein endothelial cell,"capillary endothelial cell
The gene expression profile is dominated by canonical endothelial markers (VWF, CLDN5, PTPRB) plus ACKR1, which is highly specific for lung capillary endothelium. Additional support from IGFBP7, SPARCL1, TM4SF1, and RAMP2 aligns with capillary identity. Although the venous endothelial pathway score is slightly higher, the direct gene evidence strongly confirms capillary endothelial cell over arterial, venous, or lymphatic subtypes.",capillary endothelial cell,"The gene expression profile is dominated by canonical endothelial markers (VWF, CLDN5, PTPRB) plus ACKR1, which is highly specific for lung capillary endothelium. Additional support from IGFBP7, SPARCL1, TM4SF1, and RAMP2 aligns with capillary identity. Although the venous endothelial pathway score is slightly higher, the direct gene evidence strongly confirms capillary endothelial cell over arterial, venous, or lymphatic subtypes.",0,0,2,0,2,0,2,0,2
320647,CTCGGAGTCCACGTTC_F02524,vein endothelial cell,"vein endothelial cell

Top marker ACKR1 is a canonical venous endothelial gene, and pathway scoring favors the pulmonary venous program over capillary, arterial, or lymphatic. Additional endothelial markers (VWF, PLVAP, ENG, IGFBP7) confirm the lineage, but the venous-specific expression and higher venous pathway score correct the initial capillary annotation.",vein endothelial cell,"Top marker ACKR1 is a canonical venous endothelial gene, and pathway scoring favors the pulmonary venous program over capillary, arterial, or lymphatic. Additional endothelial markers (VWF, PLVAP, ENG, IGFBP7) confirm the lineage, but the venous-specific expression and higher venous pathway score correct the initial capillary annotation.",1,1,4,1,4,1,4,1,4
327399,CATACTTCACCTCAGG_SC144,vein endothelial cell,"capillary endothelial cell
High expression of pan-endothelial markers (VWF, ACKR1, CLDN5, PTPRB) combined with lung capillary-specific genes (SPARCL1, C7, CLU, TIMP3) confirms capillary identity. Although a venous endothelial program scores slightly higher, the top TF-IDF genes are classic capillary markers, supporting the stage-1 annotation.",capillary endothelial cell,"High expression of pan-endothelial markers (VWF, ACKR1, CLDN5, PTPRB) combined with lung capillary-specific genes (SPARCL1, C7, CLU, TIMP3) confirms capillary identity. Although a venous endothelial program scores slightly higher, the top TF-IDF genes are classic capillary markers, supporting the stage-1 annotation.",0,0,2,0,2,0,2,0,2
157596,ATTATCCTCAGCTGGC-SC156,vein endothelial cell,"vein endothelial cell

The expression profile is dominated by ACKR1, CCL2, IL6, CLU, and other markers consistent with activated venous/venular endothelium. Pathway scoring places pulmonary venous endothelial cell highest, above general capillary (gCap) and arteriole programs. Although FCN3 and RAMP3 hint at capillary character, the overall gene weights and pathway activity support a vein endothelial identity over capillary endothelial cell.",vein endothelial cell,"The expression profile is dominated by ACKR1, CCL2, IL6, CLU, and other markers consistent with activated venous/venular endothelium. Pathway scoring places pulmonary venous endothelial cell highest, above general capillary (gCap) and arteriole programs. Although FCN3 and RAMP3 hint at capillary character, the overall gene weights and pathway activity support a vein endothelial identity over capillary endothelial cell.",1,1,4,1,4,1,4,1,4
89079,CGTGTCTGTACGCTGC_F02617,vein endothelial cell,"vein endothelial cell
The gene expression profile is clearly endothelial (VWF, PECAM1, CLDN5, ENG) with strong venous markers ACKR1, CCL23, and CLU, and lacks arterial (GJA5, HEY1) or lymphatic (PROX1, PDPN) identity. Pathway scores rank pulmonary vein endothelial cells highest, confirming the stage-1 annotation.",vein endothelial cell,"The gene expression profile is clearly endothelial (VWF, PECAM1, CLDN5, ENG) with strong venous markers ACKR1, CCL23, and CLU, and lacks arterial (GJA5, HEY1) or lymphatic (PROX1, PDPN) identity. Pathway scores rank pulmonary vein endothelial cells highest, confirming the stage-1 annotation.",1,1,4,1,4,1,4,1,4
245218,CCTCTAGAGTGATCGG_SC144,vein endothelial cell,"vein endothelial cell

The expression profile includes ACKR1 and VIPR1, classic venous endothelial markers, and the pulmonary venous endothelial pathway score is the highest. Capillary-specific genes are less prominent in the top TF-IDF list, so the minor inaccuracy in the stage-1 annotation is best corrected to venous endothelium.",vein endothelial cell,"The expression profile includes ACKR1 and VIPR1, classic venous endothelial markers, and the pulmonary venous endothelial pathway score is the highest. Capillary-specific genes are less prominent in the top TF-IDF list, so the minor inaccuracy in the stage-1 annotation is best corrected to venous endothelium.",1,1,4,1,4,1,4,1,4
114970,GCCTCTATCAAGCCTA_HD67,vein endothelial cell,"capillary endothelial cell
The top TF-IDF genes strongly support capillary identity, including SPARCL1, MGP, FCN3, CLEC14A, and RAMP2. While pathway scores for pulmonary venous/arterial endothelium are slightly higher, they reflect shared pan-endothelial programs. The capillary-specific markers are decisive, so the stage-1 annotation is confirmed.",capillary endothelial cell,"The top TF-IDF genes strongly support capillary identity, including SPARCL1, MGP, FCN3, CLEC14A, and RAMP2. While pathway scores for pulmonary venous/arterial endothelium are slightly higher, they reflect shared pan-endothelial programs. The capillary-specific markers are decisive, so the stage-1 annotation is confirmed.",0,0,2,0,2,0,2,0,2
286973,TTAGGACTCGTCCAGG_SC27,vein endothelial cell,"vein endothelial cell

The profile strongly supports a venous endothelial identity: high expression of VWF, PECAM1, ECSCR, CD93, and CLEC14A with ACKR1, CLU, VCAM1, and SPARCL1. Pathway scoring ranks pulmonary vein endothelial cells highest, followed by post-capillary venule endothelial cells, confirming the stage-1 annotation. The minor arterial/capillary signals are lower and insufficient to change classification.",vein endothelial cell,"The profile strongly supports a venous endothelial identity: high expression of VWF, PECAM1, ECSCR, CD93, and CLEC14A with ACKR1, CLU, VCAM1, and SPARCL1. Pathway scoring ranks pulmonary vein endothelial cells highest, followed by post-capillary venule endothelial cells, confirming the stage-1 annotation. The minor arterial/capillary signals are lower and insufficient to change classification.",1,1,4,1,4,1,4,1,4
156991,AGCATACCAAGTTCTG_F02617,vein endothelial cell,"capillary endothelial cell

The profile shows strong endothelial markers (VWF, PECAM1, CLDN5, ACKR1, RAMP2/3) together with capillary-specific genes (RNASE1, PRSS23, CLU, TIMP3, SPARCL1), consistent with lung general capillary endothelium. Though venous endothelial pathway score was slightly higher, the direct gene evidence and stage-1 reasoning support capillary endothelial cell.",capillary endothelial cell,"The profile shows strong endothelial markers (VWF, PECAM1, CLDN5, ACKR1, RAMP2/3) together with capillary-specific genes (RNASE1, PRSS23, CLU, TIMP3, SPARCL1), consistent with lung general capillary endothelium. Though venous endothelial pathway score was slightly higher, the direct gene evidence and stage-1 reasoning support capillary endothelial cell.",0,0,2,0,2,0,2,0,2
66534,ATGTGTGAGCGTTGCC_SC20,vein endothelial cell,"pulmonary alveolar type 2 cell

Stage-1 annotation is confirmed. The cell shows high expression of canonical AT2 markers SFTPC, SFTPB, SFTPA1, SFTPA2, SFTPD, NAPSA, and SLC34A2, with the highest pathway score for ""AT2 mature."" Although some club/secretory markers appear, the dominant surfactant-associated program and TF-IDF weights unequivocally support alveolar type 2 identity.",pulmonary alveolar type 2 cell,"Stage-1 annotation is confirmed. The cell shows high expression of canonical AT2 markers SFTPC, SFTPB, SFTPA1, SFTPA2, SFTPD, NAPSA, and SLC34A2, with the highest pathway score for ""AT2 mature."" Although some club/secretory markers appear, the dominant surfactant-associated program and TF-IDF weights unequivocally support alveolar type 2 identity.",0,0,0,0,0,0,0,0,0
332793,P3_7_TCTCATAAGCCCGAAA,vein endothelial cell,"vein endothelial cell

The top markers (ACKR1, FCN3, CLU, EDN1, VWF, RAMP2) strongly align with venous/venular endothelium, and pathway scores favor pulmonary vein and post-capillary venule endothelial programs. Lack of arterial (HEY1/GJA5), capillary (EDNRB), or lymphatic (LYVE1/PROX1) markers supports the stage-1 annotation.",vein endothelial cell,"The top markers (ACKR1, FCN3, CLU, EDN1, VWF, RAMP2) strongly align with venous/venular endothelium, and pathway scores favor pulmonary vein and post-capillary venule endothelial programs. Lack of arterial (HEY1/GJA5), capillary (EDNRB), or lymphatic (LYVE1/PROX1) markers supports the stage-1 annotation.",1,1,4,1,4,1,4,1,4
59369,CTGCGGATCTGGTTCC_F01366,vein endothelial cell,"vein endothelial cell

High expression of ACKR1, CCL14, CLU, and SPARCL1, plus the top pathway score for pulmonary venous endothelial cells, indicates venous identity rather than capillary. Although endothelial markers (VWF, CLDN5, AQP1) are shared, the venous-specific signature outweighs the initial capillary annotation.",vein endothelial cell,"High expression of ACKR1, CCL14, CLU, and SPARCL1, plus the top pathway score for pulmonary venous endothelial cells, indicates venous identity rather than capillary. Although endothelial markers (VWF, CLDN5, AQP1) are shared, the venous-specific signature outweighs the initial capillary annotation.",1,1,4,1,4,1,4,1,4
306092,TTGACTTCATCCCATC_F02522,vein endothelial cell,"vein endothelial cell

The expression profile includes pan-endothelial markers and strong venous-biased genes (ACKR1, CCL14, CLU, SPARCL1, SLCO2A1, RAMP3), with the highest pathway score for pulmonary venous endothelium. Although capillary markers FCN3 and CLEC3B are present, the overall evidence better supports a pulmonary venous/vein endothelial identity.",vein endothelial cell,"The expression profile includes pan-endothelial markers and strong venous-biased genes (ACKR1, CCL14, CLU, SPARCL1, SLCO2A1, RAMP3), with the highest pathway score for pulmonary venous endothelium. Although capillary markers FCN3 and CLEC3B are present, the overall evidence better supports a pulmonary venous/vein endothelial identity.",1,1,4,1,4,1,4,1,4
294952,GTAACTGTCCTGCAGG_F02607,vein endothelial cell,"capillary endothelial cell
Top gene FCN3 is a highly specific marker of lung capillary endothelium, supported by VWF, PECAM1, CLDN5, PLVAP, TEK, and CLEC14A. Although pathway scores show venous/gCap overlap, the overall profile, especially FCN3 and RAMP2, affirms capillary identity, confirming the stage-1 label.",capillary endothelial cell,"Top gene FCN3 is a highly specific marker of lung capillary endothelium, supported by VWF, PECAM1, CLDN5, PLVAP, TEK, and CLEC14A. Although pathway scores show venous/gCap overlap, the overall profile, especially FCN3 and RAMP2, affirms capillary identity, confirming the stage-1 label.",0,0,2,0,2,0,2,0,2
