provider,input_tokens,output_tokens,total_tokens,cached_input_tokens,reasoning_tokens,audio_input_tokens,audio_output_tokens,backend,model,recorded_at_unix,step,phase,cell_idx,cell_barcode,sample_pos,result_index
deepseek,617,235,852,0,176,,,DeepSeekBackend,deepseek-v4-flash,1783929609.3946154,stage1_annotation,annotation,143540.0,GGGCATCGTACCAGTT-1-HCATisStab7747200,,
deepseek,624,239,863,0,158,,,DeepSeekBackend,deepseek-v4-flash,1783929609.8261344,stage1_annotation,annotation,43935.0,GATTCGATCACTAGCA_SC84,,
deepseek,621,328,949,0,268,,,DeepSeekBackend,deepseek-v4-flash,1783929610.9861174,stage1_annotation,annotation,144600.0,CAACCAAAGTACGTTC-1-HCATisStab7587205,,
deepseek,621,338,959,0,268,,,DeepSeekBackend,deepseek-v4-flash,1783929611.2354143,stage1_annotation,annotation,324748.0,CATATGGAGGGATACC-1-HCATisStab7587202,,
deepseek,619,388,1007,0,337,,,DeepSeekBackend,deepseek-v4-flash,1783929611.403885,stage1_annotation,annotation,220560.0,TTGTAGGAGACCCACC-1-HCATisStab7747200,,
deepseek,623,458,1081,0,417,,,DeepSeekBackend,deepseek-v4-flash,1783929611.8671088,stage1_annotation,annotation,245582.0,ATCACGACAGGTGGAT_HD101,,
deepseek,620,412,1032,0,353,,,DeepSeekBackend,deepseek-v4-flash,1783929611.9871454,stage1_annotation,annotation,256405.0,CGGAGAATCAACTACG_SC84,,
deepseek,619,480,1099,0,426,,,DeepSeekBackend,deepseek-v4-flash,1783929612.0463393,stage1_annotation,annotation,177023.0,AGATTGCAGTCAAGCG-1-HCATisStab7659969,,
deepseek,626,471,1097,0,410,,,DeepSeekBackend,deepseek-v4-flash,1783929612.1700113,stage1_annotation,annotation,173572.0,CTGAAACTCAGCACAT_HD66,,
deepseek,624,481,1105,0,400,,,DeepSeekBackend,deepseek-v4-flash,1783929612.405308,stage1_annotation,annotation,261410.0,CATACTTGCCAAGT-SC14,,
deepseek,623,556,1179,0,499,,,DeepSeekBackend,deepseek-v4-flash,1783929612.974158,stage1_annotation,annotation,234906.0,ACTGAACCAAAGTCAA-SC56,,
deepseek,624,543,1167,0,467,,,DeepSeekBackend,deepseek-v4-flash,1783929612.9801302,stage1_annotation,annotation,32685.0,CCCAATCGTCGATTGT_F00409,,
deepseek,621,511,1132,0,430,,,DeepSeekBackend,deepseek-v4-flash,1783929613.1495266,stage1_annotation,annotation,68963.0,GTACTCCGTAAACCTC-1-HCATisStab7587205,,
deepseek,620,542,1162,0,463,,,DeepSeekBackend,deepseek-v4-flash,1783929613.767244,stage1_annotation,annotation,241162.0,TAGGCATAGTCAAGGC-1-HCATisStab7587211,,
deepseek,620,640,1260,0,557,,,DeepSeekBackend,deepseek-v4-flash,1783929614.1877725,stage1_annotation,annotation,149824.0,AAACGCACACCTTT-SC31D,,
deepseek,622,362,984,0,285,,,DeepSeekBackend,deepseek-v4-flash,1783929614.3749716,stage1_annotation,annotation,226495.0,GCCAAATGTGTTGGGA_SC24,,
deepseek,619,617,1236,0,563,,,DeepSeekBackend,deepseek-v4-flash,1783929614.6869967,stage1_annotation,annotation,283665.0,CAGAGAGCACTAAGTC-1-HCATisStab7659969,,
deepseek,621,696,1317,0,647,,,DeepSeekBackend,deepseek-v4-flash,1783929615.2976484,stage1_annotation,annotation,31310.0,TCGAGGCGTCATTAGC-1-HCATisStab7659971,,
deepseek,621,272,893,0,219,,,DeepSeekBackend,deepseek-v4-flash,1783929615.3739896,stage1_annotation,annotation,155683.0,AAGCCGCAGACCGGAT_SC22,,
deepseek,622,317,939,0,229,,,DeepSeekBackend,deepseek-v4-flash,1783929615.4371715,stage1_annotation,annotation,22375.0,TAGACCAGTGGACCTC_SC84,,
deepseek,625,463,1088,0,411,,,DeepSeekBackend,deepseek-v4-flash,1783929615.7668712,stage1_annotation,annotation,251889.0,7239217_GACCTGGCACCAGATT,,
deepseek,616,353,969,0,268,,,DeepSeekBackend,deepseek-v4-flash,1783929616.0366576,stage1_annotation,annotation,258696.0,CCTAGCTGTGCCTTGG_F01641,,
deepseek,622,864,1486,0,803,,,DeepSeekBackend,deepseek-v4-flash,1783929616.3817048,stage1_annotation,annotation,254691.0,AAGTGAATCTTAGGAC_SC84,,
deepseek,622,864,1486,0,859,,,DeepSeekBackend,deepseek-v4-flash,1783929616.5071986,stage1_annotation,annotation,30111.0,CTCGGAGAGCCAGAAC-SC156,,
deepseek,625,288,913,0,229,,,DeepSeekBackend,deepseek-v4-flash,1783929616.603934,stage1_annotation,annotation,49874.0,CACCGTTCAGTTTCGA_SC84,,
deepseek,621,341,962,0,269,,,DeepSeekBackend,deepseek-v4-flash,1783929616.7793157,stage1_annotation,annotation,233724.0,ACGGGCTTCTCCTATA_F01639,,
deepseek,626,403,1029,0,334,,,DeepSeekBackend,deepseek-v4-flash,1783929617.1588552,stage1_annotation,annotation,53594.0,CCACTACGTGAGGGAG-1-HCATisStab7587202,,
deepseek,626,302,928,0,257,,,DeepSeekBackend,deepseek-v4-flash,1783929617.2259572,stage1_annotation,annotation,209736.0,CACCACTGTCTTTCAT_HD66,,
deepseek,622,431,1053,0,364,,,DeepSeekBackend,deepseek-v4-flash,1783929617.7099905,stage1_annotation,annotation,64240.0,GAAGCAGGTTCGGGCT_F02607,,
deepseek,622,916,1538,0,838,,,DeepSeekBackend,deepseek-v4-flash,1783929617.926607,stage1_annotation,annotation,279232.0,CAAGAAACATCGTCGG_HD67,,
deepseek,627,319,946,0,235,,,DeepSeekBackend,deepseek-v4-flash,1783929618.1376433,stage1_annotation,annotation,119300.0,ATGAGGGTCAGTGCAT_F01394,,
deepseek,619,502,1121,0,431,,,DeepSeekBackend,deepseek-v4-flash,1783929618.333679,stage1_annotation,annotation,295943.0,ATCACAGAGTCTGTAC_SC142,,
deepseek,626,484,1110,0,479,,,DeepSeekBackend,deepseek-v4-flash,1783929618.3565035,stage1_annotation,annotation,148873.0,7185212_GATCGATGTGCAACGA,,
deepseek,623,361,984,0,272,,,DeepSeekBackend,deepseek-v4-flash,1783929618.9522326,stage1_annotation,annotation,14825.0,AGTGGGAAGCTCTCGG-1-HCATisStab7587211,,
deepseek,625,394,1019,0,311,,,DeepSeekBackend,deepseek-v4-flash,1783929620.3708808,stage1_annotation,annotation,122975.0,CGTCTACTCGGAAATA-1-HCATisStab7587202,,
deepseek,622,432,1054,0,370,,,DeepSeekBackend,deepseek-v4-flash,1783929620.3779285,stage1_annotation,annotation,248160.0,7239218_GAACATCAGTACATGA,,
deepseek,627,534,1161,0,464,,,DeepSeekBackend,deepseek-v4-flash,1783929621.139001,stage1_annotation,annotation,323468.0,ACGAGGAGTGATGCCC-1-HCATisStab7747199,,
deepseek,628,406,1034,0,310,,,DeepSeekBackend,deepseek-v4-flash,1783929621.1815069,stage1_annotation,annotation,226376.0,GCGCAGTCAATGGTCT-1-HCATisStab7587202,,
deepseek,622,565,1187,0,521,,,DeepSeekBackend,deepseek-v4-flash,1783929623.884848,stage1_annotation,annotation,31748.0,AGCGTATTCGCTTAGA-1-HCATisStab7747197,,
deepseek,623,632,1255,0,551,,,DeepSeekBackend,deepseek-v4-flash,1783929623.9661672,stage1_annotation,annotation,269623.0,TCAGGATCAGTAACGG_F02526,,
deepseek,622,594,1216,0,520,,,DeepSeekBackend,deepseek-v4-flash,1783929624.4456167,stage1_annotation,annotation,130497.0,CATATGGTCTAACCGA_F01513,,
deepseek,617,624,1241,0,546,,,DeepSeekBackend,deepseek-v4-flash,1783929626.6114187,stage1_annotation,annotation,104876.0,AAGGCAGCACGAAACG_F01853,,
deepseek,624,889,1513,0,840,,,DeepSeekBackend,deepseek-v4-flash,1783929626.6445653,stage1_annotation,annotation,181106.0,7239219_AACACGTCACCTCGGA,,
deepseek,620,667,1287,0,607,,,DeepSeekBackend,deepseek-v4-flash,1783929627.1600997,stage1_annotation,annotation,236448.0,CGATCGGGTGTAACGG_HD101,,
deepseek,624,474,1098,0,407,,,DeepSeekBackend,deepseek-v4-flash,1783929627.2057521,stage1_annotation,annotation,146552.0,AAAGCAATCAACACTG_F02524,,
deepseek,627,538,1165,0,462,,,DeepSeekBackend,deepseek-v4-flash,1783929627.2333653,stage1_annotation,annotation,230780.0,P3_7_GGTGAAGTCTCACATT,,
deepseek,625,947,1572,0,862,,,DeepSeekBackend,deepseek-v4-flash,1783929627.8098273,stage1_annotation,annotation,299865.0,P3_7_TCTATTGAGGAGTCTG,,
deepseek,624,271,895,0,215,,,DeepSeekBackend,deepseek-v4-flash,1783929628.0352643,stage1_annotation,annotation,189979.0,AGAATAGGTGACAAAT_F00409,,
deepseek,623,1278,1901,0,1193,,,DeepSeekBackend,deepseek-v4-flash,1783929629.8422265,stage1_annotation,annotation,165237.0,TGCAGATAGTCATACC_SC84,,
deepseek,620,299,919,0,251,,,DeepSeekBackend,deepseek-v4-flash,1783929630.158975,stage1_annotation,annotation,26516.0,GTACTTTAGGCTATCT-SC45,,
deepseek,622,1054,1676,0,973,,,DeepSeekBackend,deepseek-v4-flash,1783929630.3402977,stage1_annotation,annotation,278690.0,AGTGTCAGTGTCCTCT-1-HCATisStab7747197,,
deepseek,624,605,1229,0,513,,,DeepSeekBackend,deepseek-v4-flash,1783929631.1271017,stage1_annotation,annotation,312865.0,CATATGGGTTAAGATG-SC56,,
deepseek,619,284,903,0,242,,,DeepSeekBackend,deepseek-v4-flash,1783929631.519523,stage1_annotation,annotation,190067.0,CCGTGGAAGCTGTTCA-1-HCATisStab7747200,,
deepseek,622,445,1067,0,398,,,DeepSeekBackend,deepseek-v4-flash,1783929632.6142254,stage1_annotation,annotation,30489.0,CATTCGCTCACGACTA-1-HCATisStab7747197,,
deepseek,628,422,1050,0,353,,,DeepSeekBackend,deepseek-v4-flash,1783929632.637666,stage1_annotation,annotation,185896.0,TTCCCAGGTGGTACAG_HD67,,
deepseek,621,1061,1682,0,972,,,DeepSeekBackend,deepseek-v4-flash,1783929633.5237827,stage1_annotation,annotation,190871.0,GGACATTAGCTAAACA-SC59,,
deepseek,621,821,1442,0,731,,,DeepSeekBackend,deepseek-v4-flash,1783929633.713577,stage1_annotation,annotation,146015.0,CTGTTTAGTAAACGCG_HD67,,
deepseek,623,1272,1895,0,1180,,,DeepSeekBackend,deepseek-v4-flash,1783929634.0375443,stage1_annotation,annotation,53617.0,ATCTACTCATTCCTCG-SC155,,
deepseek,622,291,913,0,219,,,DeepSeekBackend,deepseek-v4-flash,1783929634.0717306,stage1_annotation,annotation,266306.0,CATCCACAGGTGTTAA-1-HCATisStab7747200,,
deepseek,618,1640,2258,0,1559,,,DeepSeekBackend,deepseek-v4-flash,1783929634.5111017,stage1_annotation,annotation,253105.0,CCGTTCACAAGTACCT-1-HCATisStab7587205,,
deepseek,627,621,1248,0,559,,,DeepSeekBackend,deepseek-v4-flash,1783929634.549854,stage1_annotation,annotation,83578.0,AACTTTCGTCCGAATT-1-HCATisStab7659970,,
deepseek,618,1345,1963,0,1295,,,DeepSeekBackend,deepseek-v4-flash,1783929634.845589,stage1_annotation,annotation,213014.0,ATTCTACAGACTTTCG-1-HCATisStab7747200,,
deepseek,626,345,971,0,305,,,DeepSeekBackend,deepseek-v4-flash,1783929635.7767057,stage1_annotation,annotation,257110.0,TTGGCAAAGCTCAACT_HD101,,
deepseek,621,396,1017,0,326,,,DeepSeekBackend,deepseek-v4-flash,1783929637.0237918,stage1_annotation,annotation,219818.0,CGTGTCTAGACGCTTT-1-HCATisStab7747197,,
deepseek,623,790,1413,0,715,,,DeepSeekBackend,deepseek-v4-flash,1783929637.144122,stage1_annotation,annotation,193287.0,P1_4_TCTCTAACAGATCCAT,,
deepseek,621,628,1249,0,566,,,DeepSeekBackend,deepseek-v4-flash,1783929637.561764,stage1_annotation,annotation,202200.0,P1_4_GGCGACTTCTGTTGAG,,
deepseek,624,840,1464,0,731,,,DeepSeekBackend,deepseek-v4-flash,1783929638.0786924,stage1_annotation,annotation,102901.0,GTCTTCGGTGCTAGCC-SC59,,
deepseek,622,323,945,0,272,,,DeepSeekBackend,deepseek-v4-flash,1783929638.4417374,stage1_annotation,annotation,157417.0,CAGCAGCAGGATGTAT-1-HCATisStab7747198,,
deepseek,618,346,964,0,282,,,DeepSeekBackend,deepseek-v4-flash,1783929638.4873934,stage1_annotation,annotation,187875.0,CGACCTTAGCGATGAC-1-HCATisStab7747197,,
deepseek,621,273,894,0,202,,,DeepSeekBackend,deepseek-v4-flash,1783929638.6093342,stage1_annotation,annotation,46842.0,P3_7_GAAATGACACACATGT,,
deepseek,622,470,1092,0,397,,,DeepSeekBackend,deepseek-v4-flash,1783929639.694062,stage1_annotation,annotation,285939.0,GTCGTAAGTAGAAGGA-1-HCATisStab7587211,,
deepseek,624,410,1034,0,359,,,DeepSeekBackend,deepseek-v4-flash,1783929640.393424,stage1_annotation,annotation,44331.0,ACATGGTCAATCAGAA_HD67,,
deepseek,622,663,1285,0,595,,,DeepSeekBackend,deepseek-v4-flash,1783929641.378349,stage1_annotation,annotation,147333.0,GCTCCTAGTCTTGCGG_F00409,,
deepseek,622,345,967,0,289,,,DeepSeekBackend,deepseek-v4-flash,1783929641.5936356,stage1_annotation,annotation,240932.0,CCAGCGATCCATGAAC_HD67,,
deepseek,622,329,951,0,286,,,DeepSeekBackend,deepseek-v4-flash,1783929641.9554374,stage1_annotation,annotation,101653.0,GATCGATCACAGACAG_HD67,,
deepseek,622,299,921,0,250,,,DeepSeekBackend,deepseek-v4-flash,1783929642.18225,stage1_annotation,annotation,152769.0,GTTAAGCAGACTAGGC_HD67,,
deepseek,619,1636,2255,0,1573,,,DeepSeekBackend,deepseek-v4-flash,1783929642.299253,stage1_annotation,annotation,281718.0,CGAGAAGGTACCTACA-SC56,,
deepseek,620,997,1617,0,934,,,DeepSeekBackend,deepseek-v4-flash,1783929643.0065625,stage1_annotation,annotation,213366.0,AACGTTGGTTAAGACA-1-HCATisStab7587208,,
deepseek,625,331,956,0,254,,,DeepSeekBackend,deepseek-v4-flash,1783929643.6488612,stage1_annotation,annotation,317903.0,CTAACTTAGGATGGTC_HD67,,
deepseek,624,476,1100,0,416,,,DeepSeekBackend,deepseek-v4-flash,1783929644.3744712,stage1_annotation,annotation,236244.0,CGTCAGGGTACCGTAT_F01639,,
deepseek,621,376,997,0,330,,,DeepSeekBackend,deepseek-v4-flash,1783929645.1742222,stage1_annotation,annotation,209792.0,CCGGTAGCATGGGAAC_F02526,,
deepseek,624,546,1170,0,495,,,DeepSeekBackend,deepseek-v4-flash,1783929645.3027077,stage1_annotation,annotation,107821.0,TCGCGAGTCTCTGAGA_HD67,,
deepseek,622,254,876,0,209,,,DeepSeekBackend,deepseek-v4-flash,1783929645.6205783,stage1_annotation,annotation,26379.0,GGGAGATTCTTACCGC_HD67,,
deepseek,620,576,1196,0,495,,,DeepSeekBackend,deepseek-v4-flash,1783929646.0870194,stage1_annotation,annotation,173585.0,CGATGTAGTTGTCTTT_HD67,,
deepseek,622,770,1392,0,711,,,DeepSeekBackend,deepseek-v4-flash,1783929646.3259027,stage1_annotation,annotation,6146.0,P3_7_AAGGTTCAGATGTGTA,,
deepseek,625,325,950,0,268,,,DeepSeekBackend,deepseek-v4-flash,1783929647.1773524,stage1_annotation,annotation,265035.0,TCTTTCCAGCTCCTCT_HD67,,
deepseek,625,2330,2955,0,2247,,,DeepSeekBackend,deepseek-v4-flash,1783929647.1901932,stage1_annotation,annotation,278666.0,GCTCCTACAATCCGAT-1-HCATisStab7587202,,
deepseek,622,1450,2072,0,1379,,,DeepSeekBackend,deepseek-v4-flash,1783929648.076424,stage1_annotation,annotation,38365.0,GCTTGAAGTTGTGGCC-1-HCATisStab7747197,,
deepseek,620,1053,1673,0,1002,,,DeepSeekBackend,deepseek-v4-flash,1783929648.1267858,stage1_annotation,annotation,129469.0,AGAGCGAAGGCGACAT-1-HCATisStab7587202,,
deepseek,626,246,872,0,179,,,DeepSeekBackend,deepseek-v4-flash,1783929649.223176,stage1_annotation,annotation,98762.0,ACTTGTTTCTGTTTGT_F02092,,
deepseek,619,598,1217,0,556,,,DeepSeekBackend,deepseek-v4-flash,1783929649.258773,stage1_annotation,annotation,268176.0,TGGCCAGCATAGAAAC_SC22,,
deepseek,629,324,953,0,267,,,DeepSeekBackend,deepseek-v4-flash,1783929649.3544447,stage1_annotation,annotation,227365.0,GATGCTATCCTTAATC_F01853,,
deepseek,627,693,1320,0,636,,,DeepSeekBackend,deepseek-v4-flash,1783929649.9699266,stage1_annotation,annotation,134133.0,TGCCCTACAGTTAACC_F01365,,
deepseek,618,394,1012,0,306,,,DeepSeekBackend,deepseek-v4-flash,1783929650.437648,stage1_annotation,annotation,264666.0,CTCATTAGTCGCATAT_F02607,,
deepseek,623,2671,3294,0,2618,,,DeepSeekBackend,deepseek-v4-flash,1783929650.6195052,stage1_annotation,annotation,80299.0,ATCATCTGTAGCGCTC-SC56,,
deepseek,625,729,1354,0,659,,,DeepSeekBackend,deepseek-v4-flash,1783929651.8107355,stage1_annotation,annotation,257974.0,CCACGGAGTGGTGTAG_F01403,,
deepseek,621,807,1428,0,743,,,DeepSeekBackend,deepseek-v4-flash,1783929651.9696043,stage1_annotation,annotation,156910.0,GCACATATCCCTCTTT_HD67,,
deepseek,618,685,1303,0,604,,,DeepSeekBackend,deepseek-v4-flash,1783929653.8567832,stage1_annotation,annotation,91082.0,AGAAGCGGTCTCGGAC_SC143,,
deepseek,625,798,1423,0,748,,,DeepSeekBackend,deepseek-v4-flash,1783929654.3619947,stage1_annotation,annotation,28858.0,TCTGAGATCTCATTCA_HD67,,
deepseek,623,2940,3563,0,2860,,,DeepSeekBackend,deepseek-v4-flash,1783929654.853489,stage1_annotation,annotation,258058.0,P2_2_TACACGAAGAGGACGG,,
deepseek,620,711,1331,0,659,,,DeepSeekBackend,deepseek-v4-flash,1783929655.2781785,stage1_annotation,annotation,234487.0,ACGATGTCAGACAAAT-1-HCATisStab7659970,,
deepseek,620,608,1228,0,524,,,DeepSeekBackend,deepseek-v4-flash,1783929655.885921,stage1_annotation,annotation,167647.0,GATTGGTGTCGCAACC_SC143,,
deepseek,613,682,1295,0,614,,,DeepSeekBackend,deepseek-v4-flash,1783929657.9289215,stage1_annotation,annotation,124310.0,TGGCCAGAGCCTTGAT_F02613,,
deepseek,623,803,1426,0,749,,,DeepSeekBackend,deepseek-v4-flash,1783929658.1247635,stage1_annotation,annotation,302332.0,TTAACTCCAAGGTTTC-1-HCATisStab7587211,,
deepseek,619,2179,2798,0,2132,,,DeepSeekBackend,deepseek-v4-flash,1783929658.1829267,stage1_annotation,annotation,224703.0,CACCTTGTCCAGAGGA-1-HCATisStab7747200,,
deepseek,621,838,1459,0,781,,,DeepSeekBackend,deepseek-v4-flash,1783929658.238305,stage1_annotation,annotation,27916.0,GGGACAAGTCGCTGCA_SC143,,
deepseek,621,1375,1996,0,1300,,,DeepSeekBackend,deepseek-v4-flash,1783929658.3818603,stage1_annotation,annotation,130201.0,CGCTTCAGTACATGTC_F01365,,
deepseek,616,736,1352,0,637,,,DeepSeekBackend,deepseek-v4-flash,1783929658.4263563,stage1_annotation,annotation,256804.0,GGGTTTACAATTCTTC_SC143,,
deepseek,614,954,1568,0,883,,,DeepSeekBackend,deepseek-v4-flash,1783929658.4714942,stage1_annotation,annotation,261626.0,TGACTCCCATCCCACT_SC86,,
deepseek,622,993,1615,0,903,,,DeepSeekBackend,deepseek-v4-flash,1783929658.7051523,stage1_annotation,annotation,41833.0,TATTGGGTCGCAAGAG_SC143,,
deepseek,621,1301,1922,0,1246,,,DeepSeekBackend,deepseek-v4-flash,1783929658.740884,stage1_annotation,annotation,240436.0,GGCGTGTGTAGCGTCC-1-HCATisStab7659971,,
deepseek,624,679,1303,0,616,,,DeepSeekBackend,deepseek-v4-flash,1783929659.0297117,stage1_annotation,annotation,247822.0,GTACTCCGTGGTCTCG-1-HCATisStab7747200,,
deepseek,617,499,1116,0,442,,,DeepSeekBackend,deepseek-v4-flash,1783929659.5320482,stage1_annotation,annotation,320631.0,CATCAAGTCCTCAGAA_SC143,,
deepseek,617,559,1176,0,506,,,DeepSeekBackend,deepseek-v4-flash,1783929659.998274,stage1_annotation,annotation,155315.0,CGTGTCTTCGCTCCTA_SC143,,
deepseek,613,990,1603,0,923,,,DeepSeekBackend,deepseek-v4-flash,1783929660.3819566,stage1_annotation,annotation,95212.0,CAAGTTGTCACATACG_F01851,,
deepseek,615,487,1102,0,437,,,DeepSeekBackend,deepseek-v4-flash,1783929660.490265,stage1_annotation,annotation,93057.0,TGACGGCAGGCTACGA_F01851,,
deepseek,620,429,1049,0,375,,,DeepSeekBackend,deepseek-v4-flash,1783929660.5760527,stage1_annotation,annotation,115850.0,AGAGAATCATGACAAA_SC86,,
deepseek,624,2220,2844,0,2136,,,DeepSeekBackend,deepseek-v4-flash,1783929661.8437486,stage1_annotation,annotation,34365.0,AACTCTTAGGCACATG_HD67,,
deepseek,628,397,1025,0,341,,,DeepSeekBackend,deepseek-v4-flash,1783929662.2619586,stage1_annotation,annotation,194358.0,GAACGGATCACTCCTG_F01394,,
deepseek,625,341,966,0,269,,,DeepSeekBackend,deepseek-v4-flash,1783929662.376429,stage1_annotation,annotation,109670.0,GGGCACTCAATCAGAA_F01394,,
deepseek,622,387,1009,0,321,,,DeepSeekBackend,deepseek-v4-flash,1783929662.5923917,stage1_annotation,annotation,59952.0,TACAGGTAGTACTGTC_SC144,,
deepseek,626,403,1029,0,320,,,DeepSeekBackend,deepseek-v4-flash,1783929662.618212,stage1_annotation,annotation,252112.0,TCACACCTCGGACTGC_SC144,,
deepseek,625,368,993,0,297,,,DeepSeekBackend,deepseek-v4-flash,1783929662.6877074,stage1_annotation,annotation,209271.0,TCAACGACACTGAAGG_F01394,,
deepseek,623,280,903,0,218,,,DeepSeekBackend,deepseek-v4-flash,1783929662.7767394,stage1_annotation,annotation,31798.0,TAAACCGGTCCTCTTG_SC18,,
deepseek,624,1377,2001,0,1295,,,DeepSeekBackend,deepseek-v4-flash,1783929663.197143,stage1_annotation,annotation,91964.0,CACACTCCAGTCTTCC-1-HCATisStab7659969,,
deepseek,626,454,1080,0,449,,,DeepSeekBackend,deepseek-v4-flash,1783929663.4304461,stage1_annotation,annotation,220622.0,CCACTACAGGTGTTAA_F02611,,
deepseek,625,456,1081,0,405,,,DeepSeekBackend,deepseek-v4-flash,1783929663.4939766,stage1_annotation,annotation,219832.0,GTGCGTGAGAAGTCTA_SC144,,
deepseek,618,402,1020,0,336,,,DeepSeekBackend,deepseek-v4-flash,1783929663.4972794,stage1_annotation,annotation,48336.0,AGGTCATGGAATCC-SC31,,
deepseek,622,460,1082,0,380,,,DeepSeekBackend,deepseek-v4-flash,1783929663.5823276,stage1_annotation,annotation,216288.0,GGAATAAGTAGGCTGA_SC27,,
deepseek,624,315,939,0,310,,,DeepSeekBackend,deepseek-v4-flash,1783929664.039839,stage1_annotation,annotation,164369.0,ATCATTCGTCCTGAAT_SC84,,
deepseek,626,321,947,0,255,,,DeepSeekBackend,deepseek-v4-flash,1783929664.1251252,stage1_annotation,annotation,46887.0,ACCCAAACAGTCAACT_SC144,,
deepseek,623,398,1021,0,334,,,DeepSeekBackend,deepseek-v4-flash,1783929664.5138843,stage1_annotation,annotation,138463.0,CATCGCTAGATAGTCA_SC144,,
deepseek,625,349,974,0,301,,,DeepSeekBackend,deepseek-v4-flash,1783929664.5964522,stage1_annotation,annotation,102774.0,AATCGGTGTTACCAGT_F01394,,
deepseek,625,4096,4721,0,4096,,,DeepSeekBackend,deepseek-v4-flash,1783929665.7014415,stage1_annotation,annotation,97151.0,ACACCGGAGAGTTGGC-1-HCATisStab7587202,,
deepseek,626,248,874,0,177,,,DeepSeekBackend,deepseek-v4-flash,1783929665.823161,stage1_annotation,annotation,208717.0,GTATTTCAGTCGGCAA_SC144,,
deepseek,625,367,992,0,296,,,DeepSeekBackend,deepseek-v4-flash,1783929665.8622134,stage1_annotation,annotation,28278.0,CACATTTGTGCAACTT_SC07,,
deepseek,626,424,1050,0,326,,,DeepSeekBackend,deepseek-v4-flash,1783929666.42301,stage1_annotation,annotation,261871.0,CGGACGTAGCTGGAAC_F01394,,
deepseek,626,372,998,0,284,,,DeepSeekBackend,deepseek-v4-flash,1783929666.9501038,stage1_annotation,annotation,14080.0,AATGACCGTATGGAAT_SC144,,
deepseek,617,1175,1792,0,1100,,,DeepSeekBackend,deepseek-v4-flash,1783929667.3866045,stage1_annotation,annotation,152645.0,ACGTTCCAGTCAGGGT_SC143,,
deepseek,616,419,1035,0,348,,,DeepSeekBackend,deepseek-v4-flash,1783929668.1379905,stage1_annotation,annotation,162601.0,AAACGCTTCAGCTAGT_SC86,,
deepseek,615,487,1102,0,419,,,DeepSeekBackend,deepseek-v4-flash,1783929668.157076,stage1_annotation,annotation,318938.0,CAATGACAGCTGAAAT_SC86,,
deepseek,620,524,1144,0,470,,,DeepSeekBackend,deepseek-v4-flash,1783929668.2751524,stage1_annotation,annotation,143858.0,GTGTTAGGTACGTACT_SC144,,
deepseek,624,622,1246,0,567,,,DeepSeekBackend,deepseek-v4-flash,1783929669.4905956,stage1_annotation,annotation,164575.0,CTCATTATCCCGGATG-1-HCATisStab7747198,,
deepseek,623,956,1579,0,951,,,DeepSeekBackend,deepseek-v4-flash,1783929669.6259975,stage1_annotation,annotation,62964.0,CGAGCACCATCTCCCA_SC29,,
deepseek,613,623,1236,0,543,,,DeepSeekBackend,deepseek-v4-flash,1783929670.930786,stage1_annotation,annotation,155245.0,AAGTACCCAAACTCGT_SC86,,
deepseek,623,757,1380,0,686,,,DeepSeekBackend,deepseek-v4-flash,1783929671.7885153,stage1_annotation,annotation,21995.0,TAGTTGGGTGTATGGG-1-HCATisStab7747198,,
deepseek,619,791,1410,0,703,,,DeepSeekBackend,deepseek-v4-flash,1783929672.4911947,stage1_annotation,annotation,111713.0,P3_5_CGGGTCAAGGATGTAT,,
deepseek,628,226,854,0,186,,,DeepSeekBackend,deepseek-v4-flash,1783929672.9357417,stage1_annotation,annotation,288746.0,TATCTCATCGGCTACG_HD101,,
deepseek,622,946,1568,0,885,,,DeepSeekBackend,deepseek-v4-flash,1783929673.1845386,stage1_annotation,annotation,191326.0,ATCATCTTCACTCTTA-1-HCATisStab7659971,,
deepseek,622,845,1467,0,776,,,DeepSeekBackend,deepseek-v4-flash,1783929673.1991534,stage1_annotation,annotation,258539.0,GACCCTTCAAGACTGG_SC86,,
deepseek,618,398,1016,0,337,,,DeepSeekBackend,deepseek-v4-flash,1783929673.7358696,stage1_annotation,annotation,312372.0,P3_5_GCCTCTAAGTAATCCC,,
deepseek,615,576,1191,0,505,,,DeepSeekBackend,deepseek-v4-flash,1783929674.0089839,stage1_annotation,annotation,222942.0,TACTGCCTCCAACTGA_SC86,,
deepseek,618,740,1358,0,687,,,DeepSeekBackend,deepseek-v4-flash,1783929674.2169857,stage1_annotation,annotation,182026.0,CACAGTATCTTCCTTC-1-HCATisStab7747199,,
deepseek,615,774,1389,0,712,,,DeepSeekBackend,deepseek-v4-flash,1783929674.4364846,stage1_annotation,annotation,268869.0,P3_5_CAGCCGAAGCAATCTC,,
deepseek,618,534,1152,0,489,,,DeepSeekBackend,deepseek-v4-flash,1783929674.5331843,stage1_annotation,annotation,89461.0,P3_5_GGTGTTACATGCCACG,,
deepseek,629,318,947,0,258,,,DeepSeekBackend,deepseek-v4-flash,1783929674.812374,stage1_annotation,annotation,86448.0,CTGAAACGTAGAGTGC_F02607,,
deepseek,621,1247,1868,0,1180,,,DeepSeekBackend,deepseek-v4-flash,1783929674.911426,stage1_annotation,annotation,146848.0,GTAACGTGTACCGGCT_SC27,,
deepseek,618,1292,1910,0,1237,,,DeepSeekBackend,deepseek-v4-flash,1783929675.345868,stage1_annotation,annotation,180818.0,TTCTCCTAGCCCAGCT_HD68,,
deepseek,619,963,1582,0,901,,,DeepSeekBackend,deepseek-v4-flash,1783929675.6678782,stage1_annotation,annotation,55369.0,CACACTCAGTCGATAA_F02522,,
deepseek,625,282,907,0,226,,,DeepSeekBackend,deepseek-v4-flash,1783929675.962771,stage1_annotation,annotation,73069.0,TACTTACCAACGCACC_F02524,,
deepseek,627,299,926,0,243,,,DeepSeekBackend,deepseek-v4-flash,1783929675.9812458,stage1_annotation,annotation,12854.0,P2_1_TTAGGCACAGTTTACG,,
deepseek,623,351,974,0,309,,,DeepSeekBackend,deepseek-v4-flash,1783929676.1313767,stage1_annotation,annotation,267836.0,CTAATGGGTTAGAACA-SC155,,
deepseek,628,254,882,0,196,,,DeepSeekBackend,deepseek-v4-flash,1783929676.382707,stage1_annotation,annotation,191354.0,ACCCACTTCTCTAGGA_HD101,,
deepseek,624,214,838,0,156,,,DeepSeekBackend,deepseek-v4-flash,1783929676.6139653,stage1_annotation,annotation,78406.0,CTCGTACAGCCGCCTA_F02526,,
deepseek,627,281,908,0,241,,,DeepSeekBackend,deepseek-v4-flash,1783929676.630249,stage1_annotation,annotation,93330.0,ATGCGATGTTCACGGC_F02607,,
deepseek,628,221,849,0,169,,,DeepSeekBackend,deepseek-v4-flash,1783929676.7549274,stage1_annotation,annotation,205096.0,AGAGCTTTCAACACTG_F01394,,
deepseek,619,1040,1659,0,956,,,DeepSeekBackend,deepseek-v4-flash,1783929677.664731,stage1_annotation,annotation,92302.0,P3_5_CAGAGAGCATAGGATA,,
deepseek,627,292,919,0,239,,,DeepSeekBackend,deepseek-v4-flash,1783929677.840139,stage1_annotation,annotation,325621.0,CTTAGGACACGCGAAA_F02607,,
deepseek,628,254,882,0,188,,,DeepSeekBackend,deepseek-v4-flash,1783929677.919917,stage1_annotation,annotation,194226.0,GCAATCAGTGGAAAGA_F02528,,
deepseek,627,279,906,0,208,,,DeepSeekBackend,deepseek-v4-flash,1783929678.1971655,stage1_annotation,annotation,115187.0,AAACGGGTCGGCCGAT_F02526,,
deepseek,628,237,865,0,182,,,DeepSeekBackend,deepseek-v4-flash,1783929678.2359638,stage1_annotation,annotation,52140.0,CATCGGGCATATACGC_HD66,,
deepseek,622,1038,1660,0,936,,,DeepSeekBackend,deepseek-v4-flash,1783929678.417857,stage1_annotation,annotation,160613.0,CCGTACTCACTTCGAA_F02607,,
deepseek,628,377,1005,0,318,,,DeepSeekBackend,deepseek-v4-flash,1783929678.422153,stage1_annotation,annotation,284996.0,AGAGCGAAGGAGTCTG_F02528,,
deepseek,616,1000,1616,0,932,,,DeepSeekBackend,deepseek-v4-flash,1783929678.5967658,stage1_annotation,annotation,29054.0,GTTAGACGTTGGCTAT_SC86,,
deepseek,629,229,858,0,170,,,DeepSeekBackend,deepseek-v4-flash,1783929678.8407948,stage1_annotation,annotation,129296.0,ATTGGACAGGGCATGT-SC45,,
deepseek,628,347,975,0,285,,,DeepSeekBackend,deepseek-v4-flash,1783929679.8988283,stage1_annotation,annotation,241743.0,CTGAAGTAGTTAGGTA_F01394,,
deepseek,626,329,955,0,259,,,DeepSeekBackend,deepseek-v4-flash,1783929680.0896962,stage1_annotation,annotation,271139.0,TGTATTCCATCACAAC_F01639,,
deepseek,617,1503,2120,0,1449,,,DeepSeekBackend,deepseek-v4-flash,1783929680.1100223,stage1_annotation,annotation,157895.0,CGAATGTTCTGGCGAC_SC24,,
deepseek,626,397,1023,0,343,,,DeepSeekBackend,deepseek-v4-flash,1783929680.287626,stage1_annotation,annotation,268644.0,TTGGCAACAATCAGAA_HD66,,
deepseek,627,506,1133,0,454,,,DeepSeekBackend,deepseek-v4-flash,1783929680.3274028,stage1_annotation,annotation,43207.0,TCTGGAAAGGGTGTGT_F02526,,
deepseek,629,401,1030,0,326,,,DeepSeekBackend,deepseek-v4-flash,1783929681.0719047,stage1_annotation,annotation,309026.0,ACGCCAGAGCTAGCCC_F01853,,
deepseek,624,403,1027,0,328,,,DeepSeekBackend,deepseek-v4-flash,1783929682.7705972,stage1_annotation,annotation,279166.0,CAACTAGCATAGTAAG_HD66,,
deepseek,620,418,1038,0,332,,,DeepSeekBackend,deepseek-v4-flash,1783929683.1266868,stage1_annotation,annotation,206886.0,TGTTCCGTCCTTAATC-1-HCATisStab7747197,,
deepseek,619,605,1224,0,542,,,DeepSeekBackend,deepseek-v4-flash,1783929683.7412887,stage1_annotation,annotation,227032.0,AAGTCGTGTCAAGCGA_SC86,,
deepseek,618,682,1300,0,627,,,DeepSeekBackend,deepseek-v4-flash,1783929683.813851,stage1_annotation,annotation,107052.0,GCGAGAATCAAGATCC_F01639,,
deepseek,616,465,1081,0,388,,,DeepSeekBackend,deepseek-v4-flash,1783929684.010829,stage1_annotation,annotation,9674.0,TTGGGATGTCGTCTCT_SC86,,
deepseek,620,562,1182,0,479,,,DeepSeekBackend,deepseek-v4-flash,1783929684.236889,stage1_annotation,annotation,136047.0,P3_5_GGGCACTGTGATAAAC,,
deepseek,617,573,1190,0,497,,,DeepSeekBackend,deepseek-v4-flash,1783929684.266078,stage1_annotation,annotation,274883.0,TAGGCATCATCGGGTC_HD66,,
deepseek,618,734,1352,0,675,,,DeepSeekBackend,deepseek-v4-flash,1783929684.285373,stage1_annotation,annotation,70832.0,CACGAATAGGTTGGAC_SC143,,
deepseek,617,649,1266,0,549,,,DeepSeekBackend,deepseek-v4-flash,1783929685.0959404,stage1_annotation,annotation,282297.0,ACTGCTCAGGATGGTC-1-HCATisStab7747197,,
deepseek,618,744,1362,0,689,,,DeepSeekBackend,deepseek-v4-flash,1783929685.1092565,stage1_annotation,annotation,100747.0,CTTAACTAGCTGCGAA-1-HCATisStab7747197,,
deepseek,615,440,1055,0,383,,,DeepSeekBackend,deepseek-v4-flash,1783929685.3157485,stage1_annotation,annotation,35933.0,AACCATGGTCGAGATG_F02607,,
deepseek,616,511,1127,0,451,,,DeepSeekBackend,deepseek-v4-flash,1783929685.7442603,stage1_annotation,annotation,54927.0,GAATCACCACACCGCA_SC143,,
deepseek,617,504,1121,0,449,,,DeepSeekBackend,deepseek-v4-flash,1783929685.90489,stage1_annotation,annotation,156689.0,CCTCCTCGTCTGTGTA_SC143,,
deepseek,618,918,1536,0,879,,,DeepSeekBackend,deepseek-v4-flash,1783929686.1738594,stage1_annotation,annotation,147496.0,CATGACAGTAATAGCA_F02617,,
deepseek,626,216,842,0,175,,,DeepSeekBackend,deepseek-v4-flash,1783929686.3310344,stage1_annotation,annotation,272006.0,GTTTCTAGTTCCCTTG_F02607,,
deepseek,613,781,1394,0,773,,,DeepSeekBackend,deepseek-v4-flash,1783929686.5410068,stage1_annotation,annotation,309407.0,TTGTAGGAGTTGAGAT_F02524,,
deepseek,623,305,928,0,246,,,DeepSeekBackend,deepseek-v4-flash,1783929687.1468806,stage1_annotation,annotation,280104.0,AACCATGAGATGCGAC_F02522,,
deepseek,617,726,1343,0,663,,,DeepSeekBackend,deepseek-v4-flash,1783929687.8059034,stage1_annotation,annotation,135409.0,P3_5_CTGTGCTAGTCCTCCT,,
deepseek,621,376,997,0,314,,,DeepSeekBackend,deepseek-v4-flash,1783929688.4211102,stage1_annotation,annotation,64658.0,P1_3_CAAGTTGAGCCTCGTG,,
deepseek,620,387,1007,0,325,,,DeepSeekBackend,deepseek-v4-flash,1783929688.99837,stage1_annotation,annotation,4820.0,TCGCGTTTCTGTACGA-SC59,,
deepseek,621,425,1046,0,379,,,DeepSeekBackend,deepseek-v4-flash,1783929689.0125465,stage1_annotation,annotation,320062.0,AAAGATGGTAAATGTG_HD66,,
deepseek,616,822,1438,0,769,,,DeepSeekBackend,deepseek-v4-flash,1783929689.3466237,stage1_annotation,annotation,294897.0,ACGGCCAGTAGCGTCC_F02607,,
deepseek,619,710,1329,0,659,,,DeepSeekBackend,deepseek-v4-flash,1783929690.3324916,stage1_annotation,annotation,261580.0,TGGCTGGGTTTACTCT_F02524,,
deepseek,619,333,952,0,288,,,DeepSeekBackend,deepseek-v4-flash,1783929690.8715174,stage1_annotation,annotation,6075.0,P2_2_TGCTACCGTTGAGGTG,,
deepseek,618,576,1194,0,533,,,DeepSeekBackend,deepseek-v4-flash,1783929691.1679144,stage1_annotation,annotation,165482.0,AGTGGGAAGCCTCGTG_F02607,,
deepseek,616,833,1449,0,749,,,DeepSeekBackend,deepseek-v4-flash,1783929692.0939164,stage1_annotation,annotation,240371.0,CAGGTGCGTGTTAAGA_F02524,,
deepseek,619,614,1233,0,538,,,DeepSeekBackend,deepseek-v4-flash,1783929692.4422724,stage1_annotation,annotation,47514.0,P1_2_TCAATCTGTAAGTGTA,,
deepseek,630,574,1204,0,520,,,DeepSeekBackend,deepseek-v4-flash,1783929692.6195118,stage1_annotation,annotation,14718.0,CTAAGACGTTAGAACA_F02617,,
deepseek,618,1378,1996,0,1326,,,DeepSeekBackend,deepseek-v4-flash,1783929693.3681703,stage1_annotation,annotation,44446.0,ATCCATTAGCAGAAAG_SC86,,
deepseek,617,329,946,0,257,,,DeepSeekBackend,deepseek-v4-flash,1783929693.4368348,stage1_annotation,annotation,57589.0,P1_2_CGTCAGGTCTTAGAGC,,
deepseek,616,679,1295,0,629,,,DeepSeekBackend,deepseek-v4-flash,1783929693.6607533,stage1_annotation,annotation,311851.0,GTGTGCGTCCACGTTC_HD70,,
deepseek,619,572,1191,0,502,,,DeepSeekBackend,deepseek-v4-flash,1783929693.8688931,stage1_annotation,annotation,43389.0,P2_2_AATCCAGAGGGCTTCC,,
deepseek,621,602,1223,0,515,,,DeepSeekBackend,deepseek-v4-flash,1783929694.6472116,stage1_annotation,annotation,324110.0,TAGGCATAGGATGCGT_HD68,,
deepseek,620,819,1439,0,766,,,DeepSeekBackend,deepseek-v4-flash,1783929694.7074912,stage1_annotation,annotation,332475.0,P2_5_TCATTTGAGTGTCCAT,,
deepseek,619,517,1136,0,453,,,DeepSeekBackend,deepseek-v4-flash,1783929694.7620382,stage1_annotation,annotation,142454.0,P2_5_AGTGAGGTCGGTTAAC,,
deepseek,623,238,861,0,192,,,DeepSeekBackend,deepseek-v4-flash,1783929694.901216,stage1_annotation,annotation,8536.0,P2_2_TCGGGACAGTATTGGA,,
deepseek,621,777,1398,0,728,,,DeepSeekBackend,deepseek-v4-flash,1783929695.3461583,stage1_annotation,annotation,101319.0,CACATAGGTAGGCTGA_F02607,,
deepseek,624,444,1068,0,439,,,DeepSeekBackend,deepseek-v4-flash,1783929695.6183243,stage1_annotation,annotation,91722.0,GTGTGCGCAAGACACG_F02607,,
deepseek,621,358,979,0,296,,,DeepSeekBackend,deepseek-v4-flash,1783929696.6227577,stage1_annotation,annotation,100403.0,CTCTACGGTACCGTTA_SC27,,
deepseek,624,420,1044,0,344,,,DeepSeekBackend,deepseek-v4-flash,1783929696.6809843,stage1_annotation,annotation,308929.0,CGACTTCCATGGTCAT_SC27,,
deepseek,626,269,895,0,196,,,DeepSeekBackend,deepseek-v4-flash,1783929696.8560605,stage1_annotation,annotation,43502.0,GGTGAAGGTCGTCTTC-1-HCATisStab7587208,,
deepseek,620,505,1125,0,453,,,DeepSeekBackend,deepseek-v4-flash,1783929697.0340044,stage1_annotation,annotation,224942.0,P2_1_TCCCGATTCTGTCCGT,,
deepseek,623,250,873,0,245,,,DeepSeekBackend,deepseek-v4-flash,1783929697.0569916,stage1_annotation,annotation,163056.0,CATGCCTTCAACCAAC_SC27,,
deepseek,627,353,980,0,297,,,DeepSeekBackend,deepseek-v4-flash,1783929697.1169963,stage1_annotation,annotation,26810.0,TAGTTGGCAACAACCT_HD67,,
deepseek,618,746,1364,0,684,,,DeepSeekBackend,deepseek-v4-flash,1783929698.133753,stage1_annotation,annotation,258763.0,GGCTCGACAGGCGATA_F01853,,
deepseek,627,311,938,0,237,,,DeepSeekBackend,deepseek-v4-flash,1783929698.704862,stage1_annotation,annotation,173670.0,CTCACACAGGGAACGG_F01641,,
deepseek,631,262,893,0,190,,,DeepSeekBackend,deepseek-v4-flash,1783929698.8563795,stage1_annotation,annotation,169714.0,CTGATAGTCAAGATCC_F02528,,
deepseek,624,366,990,0,307,,,DeepSeekBackend,deepseek-v4-flash,1783929698.877838,stage1_annotation,annotation,319471.0,AATCCAGGTTCCATGA_F02992,,
deepseek,624,395,1019,0,337,,,DeepSeekBackend,deepseek-v4-flash,1783929699.241895,stage1_annotation,annotation,324481.0,TACGGGCAGGATTCGG_F01639,,
deepseek,626,428,1054,0,367,,,DeepSeekBackend,deepseek-v4-flash,1783929699.5557475,stage1_annotation,annotation,40727.0,CATGCCTGTTAAAGAC_F02992,,
deepseek,620,925,1545,0,872,,,DeepSeekBackend,deepseek-v4-flash,1783929699.644666,stage1_annotation,annotation,164807.0,P1_3_CATCGGGCAGACGCTC,,
deepseek,626,280,906,0,215,,,DeepSeekBackend,deepseek-v4-flash,1783929700.213379,stage1_annotation,annotation,198351.0,GTTCATTCATACTACG_SC24,,
deepseek,623,4096,4719,0,4096,,,DeepSeekBackend,deepseek-v4-flash,1783929700.4751892,stage1_annotation,annotation,323068.0,7239217_CTCCTAGCATGGATGG,,
deepseek,624,320,944,0,264,,,DeepSeekBackend,deepseek-v4-flash,1783929700.7358818,stage1_annotation,annotation,309538.0,AGTGAGGAGAACTGTA-1-HCATisStab7587205,,
deepseek,625,566,1191,0,492,,,DeepSeekBackend,deepseek-v4-flash,1783929700.7845762,stage1_annotation,annotation,132132.0,CGCAGGTTCGCGTGAC_SC142,,
deepseek,618,325,943,0,263,,,DeepSeekBackend,deepseek-v4-flash,1783929700.8787591,stage1_annotation,annotation,95575.0,CGTTCTGGTTGATTCG_F02092,,
deepseek,626,189,815,0,139,,,DeepSeekBackend,deepseek-v4-flash,1783929701.375835,stage1_annotation,annotation,203797.0,GTCTTCGAGCGTCAAG-SC155,,
deepseek,622,473,1095,0,417,,,DeepSeekBackend,deepseek-v4-flash,1783929701.4436471,stage1_annotation,annotation,320950.0,TGAGCCGTCTTACCGC-1-HCATisStab7587208,,
deepseek,626,260,886,0,205,,,DeepSeekBackend,deepseek-v4-flash,1783929702.0379539,stage1_annotation,annotation,3374.0,CCTATTAGTTACGCGC_F01394,,
deepseek,626,236,862,0,165,,,DeepSeekBackend,deepseek-v4-flash,1783929702.1961935,stage1_annotation,annotation,249433.0,ATCATCTAGCCAGTTT-SC156,,
deepseek,628,342,970,0,288,,,DeepSeekBackend,deepseek-v4-flash,1783929702.607539,stage1_annotation,annotation,150789.0,TTCTCCTCATCTACGA_F02611,,
deepseek,629,400,1029,0,337,,,DeepSeekBackend,deepseek-v4-flash,1783929702.8707383,stage1_annotation,annotation,104427.0,ACGGAGAAGCGATGAC_F02992,,
deepseek,622,184,806,0,140,,,DeepSeekBackend,deepseek-v4-flash,1783929703.3728366,stage1_annotation,annotation,214597.0,CATCGAACACAACTGT_F01851,,
deepseek,621,1584,2205,0,1579,,,DeepSeekBackend,deepseek-v4-flash,1783929703.4851213,stage1_annotation,annotation,91327.0,TTCTCCTCATTATCTC_HD68,,
deepseek,627,206,833,0,148,,,DeepSeekBackend,deepseek-v4-flash,1783929703.5284302,stage1_annotation,annotation,287771.0,CACATTTAGCGGCTTC_HD101,,
deepseek,625,313,938,0,246,,,DeepSeekBackend,deepseek-v4-flash,1783929703.5561144,stage1_annotation,annotation,197128.0,CTAATGGGTGCCTGTG_F02611,,
deepseek,626,322,948,0,274,,,DeepSeekBackend,deepseek-v4-flash,1783929703.574311,stage1_annotation,annotation,333289.0,CCGGGATTCTTGCAAG_HD68,,
deepseek,628,289,917,0,236,,,DeepSeekBackend,deepseek-v4-flash,1783929703.6244342,stage1_annotation,annotation,175505.0,GCCTCTAAGCTACCGC_F02611,,
deepseek,630,275,905,0,229,,,DeepSeekBackend,deepseek-v4-flash,1783929704.508203,stage1_annotation,annotation,264473.0,TCAGGTAGTCAGCTAT_F01851,,
deepseek,627,233,860,0,170,,,DeepSeekBackend,deepseek-v4-flash,1783929704.6929731,stage1_annotation,annotation,80496.0,CAGCCGACATGGGAAC_F01851,,
deepseek,659,369,1028,512,317,,,DeepSeekBackend,deepseek-v4-flash,1783929704.9221363,stage1_annotation,annotation,323068.0,7239217_CTCCTAGCATGGATGG,,
deepseek,625,697,1322,0,614,,,DeepSeekBackend,deepseek-v4-flash,1783929704.926273,stage1_annotation,annotation,219654.0,7135919_CCCAATCTCCGTCAAA,,
deepseek,627,214,841,0,153,,,DeepSeekBackend,deepseek-v4-flash,1783929705.1584797,stage1_annotation,annotation,257333.0,ACTGAACAGAATGTTG_F02611,,
deepseek,627,180,807,0,125,,,DeepSeekBackend,deepseek-v4-flash,1783929705.2563777,stage1_annotation,annotation,311166.0,TGCGTGGCAGCCAATT_F02611,,
deepseek,627,1094,1721,0,1029,,,DeepSeekBackend,deepseek-v4-flash,1783929705.2857149,stage1_annotation,annotation,166873.0,CGGGCATAGGTGCCTC_SC144,,
deepseek,625,355,980,0,308,,,DeepSeekBackend,deepseek-v4-flash,1783929705.7780223,stage1_annotation,annotation,76336.0,TAAGCGTCACCCATTC_SC18,,
deepseek,623,428,1051,0,360,,,DeepSeekBackend,deepseek-v4-flash,1783929705.8749073,stage1_annotation,annotation,109288.0,CGTTAGAGTAAACGCG_F01607,,
deepseek,625,234,859,0,185,,,DeepSeekBackend,deepseek-v4-flash,1783929706.099464,stage1_annotation,annotation,252885.0,GGACAGATCGTTGCCT_F01851,,
deepseek,661,3665,4326,512,3572,,,DeepSeekBackend,deepseek-v4-flash,1783929706.2165103,stage1_annotation,annotation,97151.0,ACACCGGAGAGTTGGC-1-HCATisStab7587202,,
deepseek,628,211,839,0,208,,,DeepSeekBackend,deepseek-v4-flash,1783929706.2535298,stage1_annotation,annotation,34004.0,TCTTCGGGTTGGTAAA_HD101,,
deepseek,630,202,832,0,152,,,DeepSeekBackend,deepseek-v4-flash,1783929706.3022082,stage1_annotation,annotation,94259.0,CGTAGGCGTAGTACCT_HD68,,
deepseek,627,256,883,0,206,,,DeepSeekBackend,deepseek-v4-flash,1783929706.9382157,stage1_annotation,annotation,272834.0,GGCTCGACACCTATCC_HD68,,
deepseek,626,306,932,0,256,,,DeepSeekBackend,deepseek-v4-flash,1783929707.1196067,stage1_annotation,annotation,275913.0,ACTTACTTCTTGTCAT_F02611,,
deepseek,623,944,1567,0,939,,,DeepSeekBackend,deepseek-v4-flash,1783929707.789252,stage1_annotation,annotation,188663.0,GGAACTTTCAGAAATG-1-HCATisStab7587211,,
deepseek,624,303,927,0,228,,,DeepSeekBackend,deepseek-v4-flash,1783929708.6026638,stage1_annotation,annotation,14111.0,TGAGAGGCAAGAGGCT-1-HCATisStab7747197,,
deepseek,625,255,880,0,202,,,DeepSeekBackend,deepseek-v4-flash,1783929709.4104347,stage1_annotation,annotation,55316.0,TAGCCGGGTCTCGTTC-1-HCATisStab7747197,,
deepseek,623,357,980,0,285,,,DeepSeekBackend,deepseek-v4-flash,1783929709.5224686,stage1_annotation,annotation,297143.0,GCTGCAGAGCACGCCT_HD101,,
deepseek,624,268,892,0,201,,,DeepSeekBackend,deepseek-v4-flash,1783929709.7386942,stage1_annotation,annotation,40012.0,GTACGTAAGAGTGACC-1-HCATisStab7747197,,
deepseek,624,573,1197,0,481,,,DeepSeekBackend,deepseek-v4-flash,1783929710.239521,stage1_annotation,annotation,93567.0,7239217_CGTGTCTCATTCTTAC,,
deepseek,623,382,1005,0,377,,,DeepSeekBackend,deepseek-v4-flash,1783929710.2686293,stage1_annotation,annotation,324075.0,TTAACTCAGAGTAAGG_F01607,,
deepseek,625,319,944,0,230,,,DeepSeekBackend,deepseek-v4-flash,1783929710.9063072,stage1_annotation,annotation,287663.0,P3_7_CGAGCCACATGTAGTC,,
deepseek,623,522,1145,0,453,,,DeepSeekBackend,deepseek-v4-flash,1783929711.3291686,stage1_annotation,annotation,269721.0,7239217_GTATTCTGTATATGGA,,
deepseek,623,357,980,0,299,,,DeepSeekBackend,deepseek-v4-flash,1783929711.434915,stage1_annotation,annotation,99172.0,CAGCTAACAGGTGGAT_F01639,,
deepseek,624,618,1242,0,543,,,DeepSeekBackend,deepseek-v4-flash,1783929711.597842,stage1_annotation,annotation,46565.0,ATCGCCTTCCACTAGA_SC84,,
deepseek,619,2494,3113,0,2408,,,DeepSeekBackend,deepseek-v4-flash,1783929712.0428238,stage1_annotation,annotation,104655.0,P3_6_CTCACACTCCGCTGTT,,
deepseek,624,794,1418,0,695,,,DeepSeekBackend,deepseek-v4-flash,1783929712.100938,stage1_annotation,annotation,41127.0,CCGTACTAGAGGTTAT_F01607,,
deepseek,628,324,952,0,247,,,DeepSeekBackend,deepseek-v4-flash,1783929712.1678839,stage1_annotation,annotation,29646.0,AAGACCTTCTGCGACG_F02611,,
deepseek,625,642,1267,0,554,,,DeepSeekBackend,deepseek-v4-flash,1783929712.3991163,stage1_annotation,annotation,185650.0,CCGTTCAGTCTAACGT_F02528,,
deepseek,623,707,1330,0,651,,,DeepSeekBackend,deepseek-v4-flash,1783929713.0959866,stage1_annotation,annotation,93616.0,P3_7_AGGGTGATCACCTTAT,,
deepseek,624,625,1249,0,550,,,DeepSeekBackend,deepseek-v4-flash,1783929713.2013307,stage1_annotation,annotation,198249.0,GCGAGAACAGATCTGT-1-HCATisStab7587202,,
deepseek,626,675,1301,0,616,,,DeepSeekBackend,deepseek-v4-flash,1783929713.4861891,stage1_annotation,annotation,293306.0,CTACCCAGTGGTTTCA_F02524,,
deepseek,625,398,1023,0,312,,,DeepSeekBackend,deepseek-v4-flash,1783929714.4823945,stage1_annotation,annotation,130955.0,TCAGGTAAGCCGGTAA_F01513,,
deepseek,622,513,1135,0,446,,,DeepSeekBackend,deepseek-v4-flash,1783929716.7275524,stage1_annotation,annotation,244992.0,TCTATGTGCATTTC-SC31D,,
deepseek,624,401,1025,0,311,,,DeepSeekBackend,deepseek-v4-flash,1783929717.0482605,stage1_annotation,annotation,70986.0,TCAGCTCAGAGAACAG-1-HCATisStab7747200,,
deepseek,622,663,1285,0,588,,,DeepSeekBackend,deepseek-v4-flash,1783929717.4404383,stage1_annotation,annotation,75918.0,TACGGATCATTCCTCG-1-HCATisStab7587202,,
deepseek,623,443,1066,0,368,,,DeepSeekBackend,deepseek-v4-flash,1783929717.4582934,stage1_annotation,annotation,18079.0,CATCGGGTCGTGGGAA-1-HCATisStab7587205,,
deepseek,623,519,1142,0,441,,,DeepSeekBackend,deepseek-v4-flash,1783929717.566386,stage1_annotation,annotation,224743.0,AAATGCCTCGCGTAGC-1-HCATisStab7747200,,
deepseek,627,810,1437,0,730,,,DeepSeekBackend,deepseek-v4-flash,1783929718.6535301,stage1_annotation,annotation,310396.0,TCTCATAGTACTCTCC_F01639,,
deepseek,623,625,1248,0,552,,,DeepSeekBackend,deepseek-v4-flash,1783929718.7873583,stage1_annotation,annotation,169074.0,TGGCTGGAGGCCCGTT_F02526,,
deepseek,627,834,1461,0,763,,,DeepSeekBackend,deepseek-v4-flash,1783929718.8009024,stage1_annotation,annotation,141383.0,GCATGCGAGATCCCAT_F02526,,
deepseek,626,926,1552,0,847,,,DeepSeekBackend,deepseek-v4-flash,1783929718.885635,stage1_annotation,annotation,262489.0,CTTAGGATCAGTTAGC_F01403,,
deepseek,627,631,1258,0,542,,,DeepSeekBackend,deepseek-v4-flash,1783929719.0274596,stage1_annotation,annotation,55624.0,GTCGGGTGTCCTCTTG-1-HCATisStab7747200,,
deepseek,623,402,1025,0,334,,,DeepSeekBackend,deepseek-v4-flash,1783929719.382917,stage1_annotation,annotation,68222.0,TGATTTCAGTGTGGCA_F01367,,
deepseek,627,1278,1905,0,1213,,,DeepSeekBackend,deepseek-v4-flash,1783929719.6661575,stage1_annotation,annotation,50253.0,7135920_TAAGTGCCAACGCACC,,
deepseek,623,739,1362,0,636,,,DeepSeekBackend,deepseek-v4-flash,1783929720.128237,stage1_annotation,annotation,206474.0,GGTGATTGTTCTGACA_SC142,,
deepseek,626,640,1266,0,569,,,DeepSeekBackend,deepseek-v4-flash,1783929720.152762,stage1_annotation,annotation,294498.0,TTCTTAGTCCATGCTC_F01403,,
deepseek,625,1207,1832,0,1129,,,DeepSeekBackend,deepseek-v4-flash,1783929720.6481087,stage1_annotation,annotation,253614.0,GGCCGATTCATGGTCA_F01607,,
deepseek,625,713,1338,0,653,,,DeepSeekBackend,deepseek-v4-flash,1783929720.6673048,stage1_annotation,annotation,92285.0,AGGCCGTCAACTGCTA_F01639,,
deepseek,627,313,940,0,237,,,DeepSeekBackend,deepseek-v4-flash,1783929720.7190702,stage1_annotation,annotation,318541.0,TAAGTGCGTCTAGCGC_F02524,,
deepseek,619,2842,3461,0,2837,,,DeepSeekBackend,deepseek-v4-flash,1783929721.3171246,stage1_annotation,annotation,74957.0,P2_7_GCGAGAACACACTGCG,,
deepseek,622,144,766,0,97,,,DeepSeekBackend,deepseek-v4-flash,1783929721.392232,stage1_annotation,annotation,278594.0,7239220_CTGGTCTCACATTCGA,,
deepseek,622,243,865,0,168,,,DeepSeekBackend,deepseek-v4-flash,1783929721.5396183,stage1_annotation,annotation,322424.0,CAAGAAAAGAGGTTGC_F03045,,
deepseek,623,529,1152,0,466,,,DeepSeekBackend,deepseek-v4-flash,1783929722.563912,stage1_annotation,annotation,262273.0,GCAATCACAGTAAGCG_F02509,,
deepseek,623,521,1144,0,459,,,DeepSeekBackend,deepseek-v4-flash,1783929722.8879416,stage1_annotation,annotation,269034.0,GTCCTCACATCTCCCA_F01851,,
deepseek,624,367,991,0,300,,,DeepSeekBackend,deepseek-v4-flash,1783929723.0392761,stage1_annotation,annotation,194008.0,TACTTGTGTACCCAAT-SC155,,
deepseek,620,423,1043,0,364,,,DeepSeekBackend,deepseek-v4-flash,1783929723.4323893,stage1_annotation,annotation,209629.0,TTTGCGCTCGGCGGTT-SC155,,
deepseek,624,231,855,0,159,,,DeepSeekBackend,deepseek-v4-flash,1783929723.447686,stage1_annotation,annotation,301125.0,TTTACCAAGACTCTTG_SC142,,
deepseek,627,295,922,0,219,,,DeepSeekBackend,deepseek-v4-flash,1783929723.611377,stage1_annotation,annotation,172323.0,CCGTTCAGTCTGATTG_F02617,,
deepseek,621,474,1095,0,407,,,DeepSeekBackend,deepseek-v4-flash,1783929723.6163545,stage1_annotation,annotation,45332.0,TGGTTAGCATCGACGC_F01692,,
deepseek,622,993,1615,0,899,,,DeepSeekBackend,deepseek-v4-flash,1783929724.0870373,stage1_annotation,annotation,277621.0,TTGTTCATCCTGTTGC_SC84,,
deepseek,625,345,970,0,258,,,DeepSeekBackend,deepseek-v4-flash,1783929724.2622938,stage1_annotation,annotation,108800.0,GACCTGGAGAGCCCAA_F02730,,
deepseek,622,520,1142,0,431,,,DeepSeekBackend,deepseek-v4-flash,1783929724.5293589,stage1_annotation,annotation,214677.0,TTGACTTGTAGTACCT-1-HCATisStab7659970,,
deepseek,625,703,1328,0,628,,,DeepSeekBackend,deepseek-v4-flash,1783929724.5495176,stage1_annotation,annotation,326322.0,TTGCGTCGTTTGCATG-1-HCATisStab7747197,,
deepseek,622,303,925,0,200,,,DeepSeekBackend,deepseek-v4-flash,1783929724.8421872,stage1_annotation,annotation,260479.0,AACCGCGCACTAGTAC_SC27,,
deepseek,624,521,1145,0,446,,,DeepSeekBackend,deepseek-v4-flash,1783929725.3121629,stage1_annotation,annotation,275715.0,TCGTAGAAGTCTCCTC-1-HCATisStab7587202,,
deepseek,627,444,1071,0,357,,,DeepSeekBackend,deepseek-v4-flash,1783929725.5921516,stage1_annotation,annotation,268043.0,ATGAGGGAGTCATCCA_F01851,,
deepseek,616,317,933,0,249,,,DeepSeekBackend,deepseek-v4-flash,1783929725.732919,stage1_annotation,annotation,246822.0,GCTGGGTCAGTGGAGT-SC45,,
deepseek,623,286,909,0,233,,,DeepSeekBackend,deepseek-v4-flash,1783929726.1570456,stage1_annotation,annotation,260593.0,TACTCCCTCACTGA-SC31,,
deepseek,623,454,1077,0,388,,,DeepSeekBackend,deepseek-v4-flash,1783929726.3770254,stage1_annotation,annotation,107994.0,TATGCCCAGCGACGTA_SC27,,
deepseek,621,427,1048,0,345,,,DeepSeekBackend,deepseek-v4-flash,1783929726.6406326,stage1_annotation,annotation,286424.0,TTCGAAGTCAGCGACC-SC156,,
deepseek,625,681,1306,0,602,,,DeepSeekBackend,deepseek-v4-flash,1783929727.3822663,stage1_annotation,annotation,80681.0,7239218_AGTTGGTAGATGCGAC,,
deepseek,627,346,973,0,287,,,DeepSeekBackend,deepseek-v4-flash,1783929727.5855303,stage1_annotation,annotation,319486.0,GCTCTGTGTCCAGTGC_F02617,,
deepseek,630,382,1012,0,339,,,DeepSeekBackend,deepseek-v4-flash,1783929728.2883308,stage1_annotation,annotation,139756.0,AACTCTTGTAGCGTAG_F02524,,
deepseek,623,1633,2256,0,1542,,,DeepSeekBackend,deepseek-v4-flash,1783929728.5345051,stage1_annotation,annotation,190397.0,P2_7_TCTGAGACAGATAATG,,
deepseek,628,475,1103,0,428,,,DeepSeekBackend,deepseek-v4-flash,1783929728.631758,stage1_annotation,annotation,255531.0,GTGCGGTTCGCTAGCG_F02617,,
deepseek,629,256,885,0,195,,,DeepSeekBackend,deepseek-v4-flash,1783929728.6771102,stage1_annotation,annotation,76117.0,TGACTTTCAATTGCTG_F02617,,
deepseek,622,465,1087,0,460,,,DeepSeekBackend,deepseek-v4-flash,1783929728.7568092,stage1_annotation,annotation,205896.0,TGGTTAGCATAACCTG_HD67,,
deepseek,625,499,1124,0,443,,,DeepSeekBackend,deepseek-v4-flash,1783929728.7673736,stage1_annotation,annotation,179442.0,CAGCAGCCAAGTAATG_F01607,,
deepseek,626,400,1026,0,349,,,DeepSeekBackend,deepseek-v4-flash,1783929729.0589035,stage1_annotation,annotation,147900.0,AACTCCCAGAAAGTGG_F02607,,
deepseek,625,326,951,0,268,,,DeepSeekBackend,deepseek-v4-flash,1783929729.1421542,stage1_annotation,annotation,104690.0,ACGAGCCCAAGGGTCA-1-HCATisStab7747198,,
deepseek,621,1726,2347,0,1646,,,DeepSeekBackend,deepseek-v4-flash,1783929729.4507651,stage1_annotation,annotation,321987.0,7239220_CGAGAAGGTTAAGAAC,,
deepseek,626,301,927,0,243,,,DeepSeekBackend,deepseek-v4-flash,1783929729.562489,stage1_annotation,annotation,244782.0,AGATTGCTCCGTAGGC_F02522,,
deepseek,626,215,841,0,165,,,DeepSeekBackend,deepseek-v4-flash,1783929729.604281,stage1_annotation,annotation,222020.0,GTAGGCCCATGCCTAA_F02617,,
deepseek,629,427,1056,0,369,,,DeepSeekBackend,deepseek-v4-flash,1783929729.857678,stage1_annotation,annotation,280608.0,ACACTGAAGATCGATA_F02611,,
deepseek,625,517,1142,0,510,,,DeepSeekBackend,deepseek-v4-flash,1783929730.2248363,stage1_annotation,annotation,226769.0,GTCACAACACCGGAAA_F01851,,
deepseek,628,225,853,0,179,,,DeepSeekBackend,deepseek-v4-flash,1783929730.2836914,stage1_annotation,annotation,262359.0,GACTGCGAGAGCTTCT_F02522,,
deepseek,624,557,1181,0,505,,,DeepSeekBackend,deepseek-v4-flash,1783929730.358529,stage1_annotation,annotation,303395.0,P2_5_CGTCCATTCCACGCAG,,
deepseek,627,222,849,0,185,,,DeepSeekBackend,deepseek-v4-flash,1783929731.4923275,stage1_annotation,annotation,315885.0,GTAACGTTCATAACCG_F02730,,
deepseek,629,231,860,0,189,,,DeepSeekBackend,deepseek-v4-flash,1783929731.514332,stage1_annotation,annotation,320138.0,GCTGCAGAGCGATATA_F02092,,
deepseek,627,594,1221,0,540,,,DeepSeekBackend,deepseek-v4-flash,1783929731.7209785,stage1_annotation,annotation,176127.0,ATTATCCGTCGCATAT_F02528,,
deepseek,622,560,1182,0,515,,,DeepSeekBackend,deepseek-v4-flash,1783929732.2404144,stage1_annotation,annotation,105019.0,P2_2_TCTCTAATCTATCCTA,,
deepseek,632,302,934,0,250,,,DeepSeekBackend,deepseek-v4-flash,1783929732.570625,stage1_annotation,annotation,241972.0,TCAGGATCAGTCAGAG_F02607,,
deepseek,631,276,907,0,215,,,DeepSeekBackend,deepseek-v4-flash,1783929732.825188,stage1_annotation,annotation,134492.0,TTTATGCGTTCCATGA-1-HCATisStab7747200,,
deepseek,630,235,865,0,173,,,DeepSeekBackend,deepseek-v4-flash,1783929733.036151,stage1_annotation,annotation,29574.0,ACTGTCCTCTCTAGGA_F02092,,
deepseek,625,375,1000,0,311,,,DeepSeekBackend,deepseek-v4-flash,1783929733.0718331,stage1_annotation,annotation,282435.0,GACGCTCTCCTACC-SC31D,,
deepseek,629,221,850,0,177,,,DeepSeekBackend,deepseek-v4-flash,1783929733.1379755,stage1_annotation,annotation,32074.0,P2_5_TCAGCTCGTGTCGCTG,,
deepseek,626,508,1134,0,455,,,DeepSeekBackend,deepseek-v4-flash,1783929733.221267,stage1_annotation,annotation,94657.0,AAACCTGAGCCCAGCT_F02524,,
deepseek,625,272,897,0,210,,,DeepSeekBackend,deepseek-v4-flash,1783929733.5878756,stage1_annotation,annotation,44385.0,ACTGAACCATTCGACA_F02092,,
deepseek,629,381,1010,0,307,,,DeepSeekBackend,deepseek-v4-flash,1783929734.0492089,stage1_annotation,annotation,242340.0,P2_7_CGCTTCAGTCTCTCTG,,
deepseek,627,315,942,0,259,,,DeepSeekBackend,deepseek-v4-flash,1783929734.0559905,stage1_annotation,annotation,312464.0,P2_7_AGGTCATGTTGCGTTA,,
deepseek,630,433,1063,0,377,,,DeepSeekBackend,deepseek-v4-flash,1783929734.0824652,stage1_annotation,annotation,45723.0,CGTGTAACAGTCGTGC_F02617,,
deepseek,623,1546,2169,0,1471,,,DeepSeekBackend,deepseek-v4-flash,1783929734.0945108,stage1_annotation,annotation,281894.0,GTGCAGCCAGGACCCT-1-HCATisStab7747200,,
deepseek,629,247,876,0,168,,,DeepSeekBackend,deepseek-v4-flash,1783929734.4875467,stage1_annotation,annotation,172485.0,TTTCCTCTCTCGTTTA_HD68,,
deepseek,624,529,1153,0,477,,,DeepSeekBackend,deepseek-v4-flash,1783929734.8673835,stage1_annotation,annotation,206114.0,P1_2_TACACGAGTCAGAATA,,
deepseek,626,275,901,0,209,,,DeepSeekBackend,deepseek-v4-flash,1783929734.9646795,stage1_annotation,annotation,210270.0,AAAGTAGAGCCAGTTT_F02524,,
deepseek,628,548,1176,0,480,,,DeepSeekBackend,deepseek-v4-flash,1783929734.9792602,stage1_annotation,annotation,203849.0,CGCGGTAGTAAGGGAA_F02607,,
deepseek,628,164,792,0,112,,,DeepSeekBackend,deepseek-v4-flash,1783929735.4058855,stage1_annotation,annotation,54289.0,P2_5_ACGAGGAGTCAGCTAT,,
deepseek,629,362,991,0,305,,,DeepSeekBackend,deepseek-v4-flash,1783929735.6513834,stage1_annotation,annotation,192377.0,GGAGCAATCAGCGACC_F02522,,
deepseek,629,279,908,0,231,,,DeepSeekBackend,deepseek-v4-flash,1783929736.3754587,stage1_annotation,annotation,147016.0,TTAGGCAGTATCGCAT_F02617,,
deepseek,629,381,1010,0,334,,,DeepSeekBackend,deepseek-v4-flash,1783929736.6897428,stage1_annotation,annotation,268437.0,CGCATAAGTATGGGAC_SC141,,
deepseek,626,322,948,0,256,,,DeepSeekBackend,deepseek-v4-flash,1783929736.7684035,stage1_annotation,annotation,319991.0,CTGCCATGTTCGGCTG_SC85,,
deepseek,627,313,940,0,244,,,DeepSeekBackend,deepseek-v4-flash,1783929736.908465,stage1_annotation,annotation,196775.0,GAGGTGACAGTCGATT_HD70,,
deepseek,628,802,1430,0,724,,,DeepSeekBackend,deepseek-v4-flash,1783929736.93928,stage1_annotation,annotation,155012.0,TCTATTGGTGATGTCT_F02607,,
deepseek,627,417,1044,0,365,,,DeepSeekBackend,deepseek-v4-flash,1783929737.0092926,stage1_annotation,annotation,317469.0,GTCACGGAGGACAGAA_F02611,,
deepseek,627,1324,1951,0,1258,,,DeepSeekBackend,deepseek-v4-flash,1783929737.1131597,stage1_annotation,annotation,59056.0,TAGTGCACAGAGTGTG_SC86,,
deepseek,624,811,1435,0,755,,,DeepSeekBackend,deepseek-v4-flash,1783929737.4999633,stage1_annotation,annotation,121381.0,GCATGATCACATCCGG-SC155,,
deepseek,623,295,918,0,215,,,DeepSeekBackend,deepseek-v4-flash,1783929738.254429,stage1_annotation,annotation,283376.0,TACTTACAGTCGAGTG_F02617,,
deepseek,621,400,1021,0,354,,,DeepSeekBackend,deepseek-v4-flash,1783929738.768923,stage1_annotation,annotation,142350.0,GATCGTAAGTAGTGCG_F02617,,
deepseek,624,603,1227,0,543,,,DeepSeekBackend,deepseek-v4-flash,1783929739.735381,stage1_annotation,annotation,144129.0,GTGAAGGTCGGTGTTA_F02617,,
deepseek,626,578,1204,0,529,,,DeepSeekBackend,deepseek-v4-flash,1783929739.8502219,stage1_annotation,annotation,75465.0,7239218_ATCATCTCATCAGTCA,,
deepseek,626,453,1079,0,391,,,DeepSeekBackend,deepseek-v4-flash,1783929739.9469116,stage1_annotation,annotation,41585.0,7239218_GCCTCTACAGGAACGT,,
deepseek,629,365,994,0,311,,,DeepSeekBackend,deepseek-v4-flash,1783929740.4826908,stage1_annotation,annotation,192510.0,AGTGGGAAGCCCGAAA-1-HCATisStab7587208,,
deepseek,625,305,930,0,256,,,DeepSeekBackend,deepseek-v4-flash,1783929740.9695067,stage1_annotation,annotation,156538.0,TAGCGATGGATAAG-SC14,,
deepseek,628,401,1029,0,327,,,DeepSeekBackend,deepseek-v4-flash,1783929741.4425933,stage1_annotation,annotation,302688.0,CACTCCAGTGTTCTTT-1-HCATisStab7587202,,
deepseek,623,256,879,0,216,,,DeepSeekBackend,deepseek-v4-flash,1783929741.5328414,stage1_annotation,annotation,20963.0,P3_5_CTTACCGTCAGTACGT,,
deepseek,625,586,1211,0,512,,,DeepSeekBackend,deepseek-v4-flash,1783929741.9605064,stage1_annotation,annotation,163340.0,AGCGTATTCTTAGAGC-1-HCATisStab7659969,,
deepseek,624,725,1349,0,637,,,DeepSeekBackend,deepseek-v4-flash,1783929742.0625973,stage1_annotation,annotation,23371.0,P1_4_GTAACGTTCTGGGCCA,,
deepseek,629,513,1142,0,458,,,DeepSeekBackend,deepseek-v4-flash,1783929742.3010757,stage1_annotation,annotation,203391.0,AGTGGGATCGAGCCCA-1-HCATisStab7587202,,
deepseek,624,811,1435,0,743,,,DeepSeekBackend,deepseek-v4-flash,1783929742.3866603,stage1_annotation,annotation,231083.0,7239218_CAGAGAGTCCATGCTC,,
deepseek,629,526,1155,0,453,,,DeepSeekBackend,deepseek-v4-flash,1783929742.71224,stage1_annotation,annotation,165624.0,TACTCATGTCATCGGC-1-HCATisStab7587208,,
deepseek,627,733,1360,0,672,,,DeepSeekBackend,deepseek-v4-flash,1783929743.4186058,stage1_annotation,annotation,229740.0,CGAGCCAGTACATGTC-1-HCATisStab7587208,,
deepseek,624,219,843,0,173,,,DeepSeekBackend,deepseek-v4-flash,1783929743.8681285,stage1_annotation,annotation,125810.0,AGCTTGACAAGCTGGA_F02526,,
deepseek,623,392,1015,0,350,,,DeepSeekBackend,deepseek-v4-flash,1783929744.5232627,stage1_annotation,annotation,69057.0,GGTGAAGCAATAGCAA_SC29,,
deepseek,624,808,1432,0,803,,,DeepSeekBackend,deepseek-v4-flash,1783929745.2545974,stage1_annotation,annotation,248998.0,7239217_TTGACTTTCGTGGGAA,,
deepseek,624,262,886,0,199,,,DeepSeekBackend,deepseek-v4-flash,1783929745.7838182,stage1_annotation,annotation,89801.0,TGACTAGTCAAACGGG_HD66,,
deepseek,620,426,1046,0,351,,,DeepSeekBackend,deepseek-v4-flash,1783929745.798476,stage1_annotation,annotation,191482.0,ATCTGCCTCAGAGACG-1-HCATisStab7587205,,
deepseek,624,271,895,0,212,,,DeepSeekBackend,deepseek-v4-flash,1783929745.839011,stage1_annotation,annotation,182834.0,AGATTGCCATACGCCG_SC24,,
deepseek,624,861,1485,0,794,,,DeepSeekBackend,deepseek-v4-flash,1783929745.9530401,stage1_annotation,annotation,43434.0,P1_4_ATTGGACTCTTCGAGA,,
deepseek,625,1196,1821,0,1191,,,DeepSeekBackend,deepseek-v4-flash,1783929745.9912393,stage1_annotation,annotation,327657.0,CTCAGAATCTGCCAGG-1-HCATisStab7587208,,
deepseek,625,316,941,0,244,,,DeepSeekBackend,deepseek-v4-flash,1783929746.3929737,stage1_annotation,annotation,207823.0,GCTGCAGAGCGAAGGG_F02524,,
deepseek,621,948,1569,0,889,,,DeepSeekBackend,deepseek-v4-flash,1783929746.4514296,stage1_annotation,annotation,245110.0,P1_4_GTGCAGCAGCCACTAT,,
deepseek,623,396,1019,0,343,,,DeepSeekBackend,deepseek-v4-flash,1783929746.611653,stage1_annotation,annotation,100542.0,CCTTCGACAGAAGCAC-1-HCATisStab7747198,,
deepseek,623,427,1050,0,357,,,DeepSeekBackend,deepseek-v4-flash,1783929746.9356604,stage1_annotation,annotation,332572.0,CTACACCAGGTAGCCA-1-HCATisStab7587211,,
deepseek,626,272,898,0,192,,,DeepSeekBackend,deepseek-v4-flash,1783929747.7397656,stage1_annotation,annotation,278088.0,TCAGGATCAGCTCCGA_SC10,,
deepseek,623,401,1024,0,343,,,DeepSeekBackend,deepseek-v4-flash,1783929747.9382832,stage1_annotation,annotation,98913.0,TGCGCAGAGATGAGAG-1-HCATisStab7587211,,
deepseek,617,176,793,0,134,,,DeepSeekBackend,deepseek-v4-flash,1783929748.3183763,stage1_annotation,annotation,74927.0,GAGTCCGTCTGTCAAG_F01508,,
deepseek,630,238,868,0,188,,,DeepSeekBackend,deepseek-v4-flash,1783929749.0402694,stage1_annotation,annotation,323204.0,CGTTGGGGTACTCGCG_F02617,,
deepseek,624,1214,1838,0,1147,,,DeepSeekBackend,deepseek-v4-flash,1783929749.0898423,stage1_annotation,annotation,267123.0,P1_4_ACCAGTACAGTTAACC,,
deepseek,627,1477,2104,0,1414,,,DeepSeekBackend,deepseek-v4-flash,1783929749.122684,stage1_annotation,annotation,215807.0,GCAATCAGTAAACACA-1-HCATisStab7587208,,
deepseek,625,195,820,0,132,,,DeepSeekBackend,deepseek-v4-flash,1783929749.439857,stage1_annotation,annotation,103781.0,ACGGGCTCACACATGT_F02611,,
deepseek,627,312,939,0,259,,,DeepSeekBackend,deepseek-v4-flash,1783929750.0901644,stage1_annotation,annotation,54242.0,CCACCTACACCGTTGG_F02607,,
deepseek,623,319,942,0,273,,,DeepSeekBackend,deepseek-v4-flash,1783929750.3882153,stage1_annotation,annotation,190415.0,P3_6_AGCTTGATCTGAAAGA,,
deepseek,623,351,974,0,301,,,DeepSeekBackend,deepseek-v4-flash,1783929750.4843225,stage1_annotation,annotation,176537.0,AGCAGCCGTCCGAAGA-1-HCATisStab7587205,,
deepseek,623,181,804,0,129,,,DeepSeekBackend,deepseek-v4-flash,1783929750.7004728,stage1_annotation,annotation,267687.0,CCGTACTTCAGAGCTT_HD67,,
deepseek,621,227,848,0,221,,,DeepSeekBackend,deepseek-v4-flash,1783929750.7355404,stage1_annotation,annotation,232875.0,ATCACGATCGGAATCT-SC45,,
deepseek,623,518,1141,0,457,,,DeepSeekBackend,deepseek-v4-flash,1783929751.2617042,stage1_annotation,annotation,5913.0,CACACTCGTTCGTCTC_F01851,,
deepseek,627,521,1148,0,513,,,DeepSeekBackend,deepseek-v4-flash,1783929751.9338639,stage1_annotation,annotation,325651.0,TTAACTCTCCGAAGAG_HD101,,
deepseek,623,240,863,0,204,,,DeepSeekBackend,deepseek-v4-flash,1783929751.995274,stage1_annotation,annotation,119216.0,TCAGGATCATGGTCAT_HD67,,
deepseek,620,298,918,0,234,,,DeepSeekBackend,deepseek-v4-flash,1783929752.778452,stage1_annotation,annotation,257477.0,GCAAACTCATCCCATC_F02617,,
deepseek,624,234,858,0,188,,,DeepSeekBackend,deepseek-v4-flash,1783929753.5958953,stage1_annotation,annotation,72837.0,TTGACTTAGTACGTTC_F02617,,
deepseek,623,262,885,0,223,,,DeepSeekBackend,deepseek-v4-flash,1783929754.3410032,stage1_annotation,annotation,219762.0,CAACTAGTCGAATCCA-SC156,,
deepseek,622,354,976,0,284,,,DeepSeekBackend,deepseek-v4-flash,1783929754.9052448,stage1_annotation,annotation,121997.0,CACCTTGCACAACTGT_F02524,,
deepseek,622,473,1095,0,407,,,DeepSeekBackend,deepseek-v4-flash,1783929754.9171755,stage1_annotation,annotation,51483.0,CACAGGCAGTGGTAGC_F02607,,
deepseek,622,320,942,0,267,,,DeepSeekBackend,deepseek-v4-flash,1783929755.5058615,stage1_annotation,annotation,94123.0,AACTCTTGTTCCACGG-SC59,,
deepseek,623,1141,1764,0,1080,,,DeepSeekBackend,deepseek-v4-flash,1783929756.3581607,stage1_annotation,annotation,87981.0,AAGCCGCCAGCGTTCG-1-HCATisStab7587211,,
deepseek,626,476,1102,0,431,,,DeepSeekBackend,deepseek-v4-flash,1783929757.0790942,stage1_annotation,annotation,226035.0,AGCGGTCAGTGGGCTA_F02092,,
deepseek,621,401,1022,0,316,,,DeepSeekBackend,deepseek-v4-flash,1783929757.096441,stage1_annotation,annotation,147236.0,GTGCACGAGTCCTGCG_SC142,,
deepseek,625,758,1383,0,678,,,DeepSeekBackend,deepseek-v4-flash,1783929757.5943644,stage1_annotation,annotation,87822.0,TCAATCTAGCTGAACG_F02617,,
deepseek,622,320,942,0,238,,,DeepSeekBackend,deepseek-v4-flash,1783929757.8503807,stage1_annotation,annotation,79092.0,GCAGCCAAGTGCGATG_HD66,,
deepseek,625,527,1152,0,466,,,DeepSeekBackend,deepseek-v4-flash,1783929758.852739,stage1_annotation,annotation,257535.0,GAACTGTAGGTATAGT_SC142,,
deepseek,626,266,892,0,261,,,DeepSeekBackend,deepseek-v4-flash,1783929758.8837402,stage1_annotation,annotation,303360.0,AACGTTGCATCGACGC-1-HCATisStab7587208,,
deepseek,623,1709,2332,0,1704,,,DeepSeekBackend,deepseek-v4-flash,1783929759.2722952,stage1_annotation,annotation,147413.0,TACGGTAAGAGACTTA-1-HCATisStab7587208,,
deepseek,626,399,1025,0,319,,,DeepSeekBackend,deepseek-v4-flash,1783929759.4130619,stage1_annotation,annotation,77100.0,GCATGTACATGCGCAC_HD67,,
deepseek,620,442,1062,0,358,,,DeepSeekBackend,deepseek-v4-flash,1783929760.3412998,stage1_annotation,annotation,7854.0,GAGGGTACACGCGGTT_SC144,,
deepseek,625,1380,2005,0,1312,,,DeepSeekBackend,deepseek-v4-flash,1783929762.5236719,stage1_annotation,annotation,62236.0,CTCGTACAGAGCTTCT-1-HCATisStab7747197,,
deepseek,629,495,1124,0,418,,,DeepSeekBackend,deepseek-v4-flash,1783929762.7280455,stage1_annotation,annotation,9916.0,TCATTACCAAAGAATC_HD67,,
deepseek,624,360,984,0,285,,,DeepSeekBackend,deepseek-v4-flash,1783929762.7462945,stage1_annotation,annotation,303733.0,CAGGTGCGTTGTGGAG_F01641,,
deepseek,624,1035,1659,0,966,,,DeepSeekBackend,deepseek-v4-flash,1783929762.879215,stage1_annotation,annotation,96646.0,GCAAACTGTGTGTGCC_F02528,,
deepseek,623,387,1010,0,320,,,DeepSeekBackend,deepseek-v4-flash,1783929763.267497,stage1_annotation,annotation,4681.0,GGATGTTGTTTGTTGG-SC59,,
deepseek,626,367,993,0,297,,,DeepSeekBackend,deepseek-v4-flash,1783929763.439169,stage1_annotation,annotation,283411.0,CACAGTAAGTACTTGC_HD68,,
deepseek,624,292,916,0,219,,,DeepSeekBackend,deepseek-v4-flash,1783929763.734459,stage1_annotation,annotation,1994.0,P3_7_AACCATGCAGTACACT,,
deepseek,625,1694,2319,0,1616,,,DeepSeekBackend,deepseek-v4-flash,1783929764.9014852,stage1_annotation,annotation,221924.0,TTTATGCCAGCGTTCG-1-HCATisStab7587205,,
deepseek,626,787,1413,0,731,,,DeepSeekBackend,deepseek-v4-flash,1783929765.3844094,stage1_annotation,annotation,217929.0,GCCGATGAGCGCTGAA_SC142,,
deepseek,620,327,947,0,322,,,DeepSeekBackend,deepseek-v4-flash,1783929766.314164,stage1_annotation,annotation,298084.0,CGACCTTTCGTTGCCT_F01641,,
deepseek,617,430,1047,0,365,,,DeepSeekBackend,deepseek-v4-flash,1783929767.3685808,stage1_annotation,annotation,173308.0,GTGACGCAGGTCGCCT_SC86,,
deepseek,628,415,1043,0,340,,,DeepSeekBackend,deepseek-v4-flash,1783929767.6556327,stage1_annotation,annotation,26735.0,ATTATCCGTCCTAGCG_F02992,,
deepseek,621,958,1579,0,880,,,DeepSeekBackend,deepseek-v4-flash,1783929768.053366,stage1_annotation,annotation,62185.0,GAGATGGCAGCTGTAT_SC144,,
deepseek,624,2465,3089,0,2385,,,DeepSeekBackend,deepseek-v4-flash,1783929768.0577068,stage1_annotation,annotation,106172.0,CGACTTCGTGATGCCC-1-HCATisStab7587211,,
deepseek,624,1036,1660,0,1028,,,DeepSeekBackend,deepseek-v4-flash,1783929768.5266209,stage1_annotation,annotation,44504.0,ATGGGAGTCCAAACCA_SC144,,
deepseek,624,1000,1624,0,995,,,DeepSeekBackend,deepseek-v4-flash,1783929770.19372,stage1_annotation,annotation,268478.0,CACACAAAGGCTGGAT_SC142,,
deepseek,619,704,1323,0,639,,,DeepSeekBackend,deepseek-v4-flash,1783929770.4624722,stage1_annotation,annotation,45413.0,CTAGACAGTCTCAGAT_SC86,,
deepseek,623,2508,3131,0,2438,,,DeepSeekBackend,deepseek-v4-flash,1783929770.4891238,stage1_annotation,annotation,299715.0,GCTGGGTTCTTGCAAG-1-HCATisStab7587211,,
deepseek,627,199,826,0,149,,,DeepSeekBackend,deepseek-v4-flash,1783929770.893049,stage1_annotation,annotation,229505.0,CTCACACGTCACAAGG_F02611,,
deepseek,625,2735,3360,0,2667,,,DeepSeekBackend,deepseek-v4-flash,1783929771.5097597,stage1_annotation,annotation,332842.0,TACAGTGAGTGTCTCA-1-HCATisStab7587208,,
deepseek,626,1936,2562,0,1849,,,DeepSeekBackend,deepseek-v4-flash,1783929771.7129834,stage1_annotation,annotation,5118.0,GACAGAGCAGATTGCT_F02611,,
deepseek,630,2019,2649,0,1945,,,DeepSeekBackend,deepseek-v4-flash,1783929772.2804732,stage1_annotation,annotation,298547.0,CAAGATCGTCGAAAGC_F02607,,
deepseek,623,1400,2023,0,1320,,,DeepSeekBackend,deepseek-v4-flash,1783929772.7733026,stage1_annotation,annotation,286193.0,CCACAAATCTTCCACG_SC142,,
deepseek,618,864,1482,0,859,,,DeepSeekBackend,deepseek-v4-flash,1783929774.5430312,stage1_annotation,annotation,176309.0,TTACAGGTCTAGACCA_SC86,,
deepseek,619,1172,1791,0,1113,,,DeepSeekBackend,deepseek-v4-flash,1783929775.4353805,stage1_annotation,annotation,34600.0,AGGTTACTCGTCTAAG_SC86,,
deepseek,625,188,813,0,128,,,DeepSeekBackend,deepseek-v4-flash,1783929775.5213263,stage1_annotation,annotation,210819.0,AGTAGTCAGCTACCTA-1-HCATisStab7747200,,
deepseek,624,2362,2986,0,2273,,,DeepSeekBackend,deepseek-v4-flash,1783929775.539226,stage1_annotation,annotation,181582.0,TCAGGATAGAGCTGGT-SC155,,
deepseek,619,1323,1942,0,1279,,,DeepSeekBackend,deepseek-v4-flash,1783929776.0259748,stage1_annotation,annotation,272685.0,P3_5_CGATCGGTCTAAGCCA,,
deepseek,621,1038,1659,0,963,,,DeepSeekBackend,deepseek-v4-flash,1783929776.0637772,stage1_annotation,annotation,160266.0,GCCTCTAAGGAGTCTG_F02524,,
deepseek,617,1200,1817,0,1125,,,DeepSeekBackend,deepseek-v4-flash,1783929776.1407998,stage1_annotation,annotation,142227.0,P3_5_TACCTTACAAAGGAAG,,
deepseek,618,601,1219,0,553,,,DeepSeekBackend,deepseek-v4-flash,1783929777.1813753,stage1_annotation,annotation,285471.0,TGCGGCAAGGAAGTAG_SC86,,
deepseek,623,216,839,0,165,,,DeepSeekBackend,deepseek-v4-flash,1783929777.19636,stage1_annotation,annotation,123065.0,GTTACAGCATGTCTCC-1-HCATisStab7747198,,
deepseek,623,2758,3381,0,2704,,,DeepSeekBackend,deepseek-v4-flash,1783929777.798072,stage1_annotation,annotation,253398.0,ACTGCTCAGTTAGCGG-1-HCATisStab7587211,,
deepseek,627,184,811,0,123,,,DeepSeekBackend,deepseek-v4-flash,1783929777.9143646,stage1_annotation,annotation,196560.0,P2_7_CGAATGTTCACGAAGG,,
deepseek,625,609,1234,0,604,,,DeepSeekBackend,deepseek-v4-flash,1783929777.9591742,stage1_annotation,annotation,282064.0,P2_5_TGCTGCTCAGACGTAG,,
deepseek,627,144,771,0,140,,,DeepSeekBackend,deepseek-v4-flash,1783929778.023803,stage1_annotation,annotation,294480.0,CTTACCGAGAGTCTGG-1-HCATisStab7659969,,
deepseek,622,222,844,0,161,,,DeepSeekBackend,deepseek-v4-flash,1783929778.1483626,stage1_annotation,annotation,326362.0,P1_3_CATCCACGTTTCCACC,,
deepseek,622,197,819,0,135,,,DeepSeekBackend,deepseek-v4-flash,1783929778.4646564,stage1_annotation,annotation,151674.0,AGTGTCACATGCCTAA-1-HCATisStab7747197,,
deepseek,615,744,1359,0,739,,,DeepSeekBackend,deepseek-v4-flash,1783929778.5932143,stage1_annotation,annotation,279740.0,TCCATCGGTCGTATGT_SC86,,
deepseek,624,1046,1670,0,956,,,DeepSeekBackend,deepseek-v4-flash,1783929778.643966,stage1_annotation,annotation,143498.0,P2_5_CAGAATCTCTTTAGTC,,
deepseek,621,268,889,0,231,,,DeepSeekBackend,deepseek-v4-flash,1783929778.730177,stage1_annotation,annotation,83218.0,P2_5_CAGGTGCAGGTGCAAC,,
deepseek,618,845,1463,0,782,,,DeepSeekBackend,deepseek-v4-flash,1783929779.2441752,stage1_annotation,annotation,228563.0,GTATTGGTCACTTGTT_SC86,,
deepseek,624,308,932,0,248,,,DeepSeekBackend,deepseek-v4-flash,1783929779.596806,stage1_annotation,annotation,255331.0,P3_7_TTGCGTCCACAACTGT,,
deepseek,627,215,842,0,171,,,DeepSeekBackend,deepseek-v4-flash,1783929780.0079076,stage1_annotation,annotation,136538.0,ATGCGATTCACGAAGG-1-HCATisStab7747197,,
deepseek,624,151,775,0,105,,,DeepSeekBackend,deepseek-v4-flash,1783929780.0245292,stage1_annotation,annotation,260159.0,AGCGGTCGTCGCCATG_F01367,,
deepseek,624,225,849,0,176,,,DeepSeekBackend,deepseek-v4-flash,1783929780.032766,stage1_annotation,annotation,151797.0,TGAGCCGCAAAGTCAA-1-HCATisStab7747198,,
deepseek,625,176,801,0,129,,,DeepSeekBackend,deepseek-v4-flash,1783929780.1732686,stage1_annotation,annotation,181681.0,P3_6_TTTGGTTTCTGGCGAC,,
deepseek,625,1247,1872,0,1148,,,DeepSeekBackend,deepseek-v4-flash,1783929780.1900427,stage1_annotation,annotation,204991.0,P2_1_ACGATGTAGACCTAGG,,
deepseek,626,140,766,0,136,,,DeepSeekBackend,deepseek-v4-flash,1783929780.5938544,stage1_annotation,annotation,292013.0,CAGTCCTTCTCCCTGA-1-HCATisStab7747199,,
deepseek,618,848,1466,0,798,,,DeepSeekBackend,deepseek-v4-flash,1783929780.70094,stage1_annotation,annotation,26150.0,AGTGCCGCATTGTGCA_SC86,,
deepseek,627,179,806,0,134,,,DeepSeekBackend,deepseek-v4-flash,1783929780.722236,stage1_annotation,annotation,31343.0,CAGCTGGCAGTGACAG_SC07,,
deepseek,625,159,784,0,123,,,DeepSeekBackend,deepseek-v4-flash,1783929780.8729002,stage1_annotation,annotation,124568.0,TGATTTCAGCCCTAAT-1-HCATisStab7747200,,
deepseek,625,241,866,0,188,,,DeepSeekBackend,deepseek-v4-flash,1783929780.954088,stage1_annotation,annotation,62576.0,P1_2_CAAGATCGTTTAGCTG,,
deepseek,627,172,799,0,126,,,DeepSeekBackend,deepseek-v4-flash,1783929781.0039291,stage1_annotation,annotation,191006.0,P2_5_AATCCAGGTAGGGTAC,,
deepseek,623,182,805,0,108,,,DeepSeekBackend,deepseek-v4-flash,1783929781.1843503,stage1_annotation,annotation,58635.0,AGTGGGATCTTGCATT-1-HCATisStab7747198,,
deepseek,623,1051,1674,0,1009,,,DeepSeekBackend,deepseek-v4-flash,1783929781.19883,stage1_annotation,annotation,140240.0,CAGCAGCTCCGCTGTT-SC156,,
deepseek,622,239,861,0,167,,,DeepSeekBackend,deepseek-v4-flash,1783929781.214232,stage1_annotation,annotation,148408.0,GGGATGAAGGCCCTCA_F01403,,
deepseek,619,898,1517,0,813,,,DeepSeekBackend,deepseek-v4-flash,1783929781.6913369,stage1_annotation,annotation,248574.0,GCTCTGTTCGTTACGA_F02522,,
deepseek,625,220,845,0,162,,,DeepSeekBackend,deepseek-v4-flash,1783929781.8167858,stage1_annotation,annotation,235944.0,GTTCGGGAGCCGGTAA-SC156,,
deepseek,618,1315,1933,0,1230,,,DeepSeekBackend,deepseek-v4-flash,1783929782.5155137,stage1_annotation,annotation,38070.0,AAGTACCGTTGTCCCT_SC86,,
deepseek,625,1487,2112,0,1424,,,DeepSeekBackend,deepseek-v4-flash,1783929783.5396254,stage1_annotation,annotation,61531.0,P2_5_GGGAGATAGCGGATCA,,
deepseek,626,362,988,0,295,,,DeepSeekBackend,deepseek-v4-flash,1783929783.92714,stage1_annotation,annotation,59199.0,P1_4_GATCGCGAGTTCGCGC,,
deepseek,626,375,1001,0,309,,,DeepSeekBackend,deepseek-v4-flash,1783929784.6260395,stage1_annotation,annotation,303732.0,TTAGGCAGTACTCTCC_F02617,,
deepseek,620,263,883,0,201,,,DeepSeekBackend,deepseek-v4-flash,1783929784.714174,stage1_annotation,annotation,254863.0,CTCGGAGTCCACGTGG_F02617,,
deepseek,625,422,1047,0,358,,,DeepSeekBackend,deepseek-v4-flash,1783929785.2051485,stage1_annotation,annotation,210242.0,TCGTAGACACATCCAA_F02617,,
deepseek,624,377,1001,0,328,,,DeepSeekBackend,deepseek-v4-flash,1783929785.363045,stage1_annotation,annotation,64644.0,7239217_GTCGTAACATGCAATC,,
deepseek,624,354,978,0,286,,,DeepSeekBackend,deepseek-v4-flash,1783929785.871714,stage1_annotation,annotation,102620.0,GGGTCTGTCTCCAACC_F02617,,
deepseek,625,524,1149,0,420,,,DeepSeekBackend,deepseek-v4-flash,1783929785.902313,stage1_annotation,annotation,38438.0,CGTCTACCAAGGCTCC_F02617,,
deepseek,625,575,1200,0,502,,,DeepSeekBackend,deepseek-v4-flash,1783929786.387475,stage1_annotation,annotation,58764.0,P1_2_TTTGGTTGTGAGGGTT,,
deepseek,626,502,1128,0,396,,,DeepSeekBackend,deepseek-v4-flash,1783929786.5905452,stage1_annotation,annotation,144956.0,CCACGGAAGCGAAGGG_F02617,,
deepseek,625,551,1176,0,476,,,DeepSeekBackend,deepseek-v4-flash,1783929787.061836,stage1_annotation,annotation,214960.0,AAAGATGCATGTAGTC_F01366,,
deepseek,625,308,933,0,243,,,DeepSeekBackend,deepseek-v4-flash,1783929787.157388,stage1_annotation,annotation,307309.0,TTTATGCAGACTGGGT_F02617,,
deepseek,626,498,1124,0,451,,,DeepSeekBackend,deepseek-v4-flash,1783929787.4011037,stage1_annotation,annotation,206814.0,ACCGTAACAATTGCTG_F02617,,
deepseek,630,212,842,0,145,,,DeepSeekBackend,deepseek-v4-flash,1783929787.7349455,stage1_annotation,annotation,177544.0,CCTTCGATCTGCTGTC_F02617,,
deepseek,622,691,1313,0,618,,,DeepSeekBackend,deepseek-v4-flash,1783929787.9764683,stage1_annotation,annotation,154931.0,CTCTGGTGTGTAAGTA_F02617,,
deepseek,622,679,1301,0,674,,,DeepSeekBackend,deepseek-v4-flash,1783929788.6650372,stage1_annotation,annotation,160778.0,P1_4_CGATGGCAGATGCCTT,,
deepseek,625,235,860,0,196,,,DeepSeekBackend,deepseek-v4-flash,1783929788.6921885,stage1_annotation,annotation,216974.0,TGGGATTCAGACTGCC_SC144,,
deepseek,623,617,1240,0,539,,,DeepSeekBackend,deepseek-v4-flash,1783929789.1833634,stage1_annotation,annotation,282993.0,P1_4_CATATGGAGTACACCT,,
deepseek,626,487,1113,0,400,,,DeepSeekBackend,deepseek-v4-flash,1783929789.401814,stage1_annotation,annotation,319450.0,CTTAACTAGAGTAAGG_F02617,,
deepseek,632,407,1039,0,402,,,DeepSeekBackend,deepseek-v4-flash,1783929789.4158154,stage1_annotation,annotation,62344.0,TGGGCGTCACGAAGCA_HD66,,
deepseek,628,309,937,0,242,,,DeepSeekBackend,deepseek-v4-flash,1783929789.8754082,stage1_annotation,annotation,182009.0,ACGTCCTAGAGTTGAT_SC141,,
deepseek,625,198,823,0,144,,,DeepSeekBackend,deepseek-v4-flash,1783929790.0672019,stage1_annotation,annotation,117298.0,ACGCAGCTCCGTACAA_HD66,,
deepseek,624,342,966,0,299,,,DeepSeekBackend,deepseek-v4-flash,1783929790.1730876,stage1_annotation,annotation,205205.0,CTCCTAGAGTGCCAGA_SC18,,
deepseek,624,862,1486,0,805,,,DeepSeekBackend,deepseek-v4-flash,1783929790.7176197,stage1_annotation,annotation,50145.0,TCACAAGGTGATAAAC-1-HCATisStab7659970,,
deepseek,623,169,792,0,105,,,DeepSeekBackend,deepseek-v4-flash,1783929791.1447706,stage1_annotation,annotation,111142.0,TCGGGACTCAGGAAGC_SC85,,
deepseek,632,153,785,0,114,,,DeepSeekBackend,deepseek-v4-flash,1783929791.725245,stage1_annotation,annotation,270479.0,TGTCCCATCCCTAACC_F02611,,
deepseek,622,793,1415,0,788,,,DeepSeekBackend,deepseek-v4-flash,1783929791.8485842,stage1_annotation,annotation,154547.0,7239217_GGCTCGATCCCTAATT,,
deepseek,618,2508,3126,0,2413,,,DeepSeekBackend,deepseek-v4-flash,1783929793.35678,stage1_annotation,annotation,11145.0,P3_5_AGGCCACGTCTAGCGC,,
deepseek,627,267,894,0,210,,,DeepSeekBackend,deepseek-v4-flash,1783929793.395589,stage1_annotation,annotation,182875.0,ATCTACTTCGCCGTGA_F02611,,
deepseek,627,680,1307,0,622,,,DeepSeekBackend,deepseek-v4-flash,1783929793.6879728,stage1_annotation,annotation,170669.0,P3_6_AGCCTAACATACAGCT,,
deepseek,630,507,1137,0,460,,,DeepSeekBackend,deepseek-v4-flash,1783929794.5089343,stage1_annotation,annotation,78139.0,CTAATGGTCATTGCCC_HD66,,
deepseek,632,495,1127,0,453,,,DeepSeekBackend,deepseek-v4-flash,1783929795.0763102,stage1_annotation,annotation,141500.0,CTGAAGTAGTTCGCAT_HD66,,
deepseek,629,1299,1928,0,1248,,,DeepSeekBackend,deepseek-v4-flash,1783929795.545125,stage1_annotation,annotation,331387.0,CTACGTCTCGATAGAA_F01365,,
deepseek,632,768,1400,0,698,,,DeepSeekBackend,deepseek-v4-flash,1783929795.6157053,stage1_annotation,annotation,263162.0,ATGAGGGAGGAGCGAG_HD66,,
deepseek,623,910,1533,0,845,,,DeepSeekBackend,deepseek-v4-flash,1783929796.0312374,stage1_annotation,annotation,195368.0,CGCGTTTGTTCCCGAG_F02611,,
deepseek,625,381,1006,0,319,,,DeepSeekBackend,deepseek-v4-flash,1783929796.3141832,stage1_annotation,annotation,278252.0,TGAGCCGCAATGGTCT-SC59,,
deepseek,627,262,889,0,206,,,DeepSeekBackend,deepseek-v4-flash,1783929796.4029584,stage1_annotation,annotation,233937.0,TTTATGCCATCCCACT_SC07,,
deepseek,624,1495,2119,0,1409,,,DeepSeekBackend,deepseek-v4-flash,1783929796.6373575,stage1_annotation,annotation,98523.0,P1_4_CATGACATCGCATGGC,,
deepseek,625,662,1287,0,591,,,DeepSeekBackend,deepseek-v4-flash,1783929796.7005963,stage1_annotation,annotation,215393.0,TCACGGGTCATTGTGG_SC85,,
deepseek,633,265,898,0,217,,,DeepSeekBackend,deepseek-v4-flash,1783929796.9003851,stage1_annotation,annotation,153185.0,GCTGCTTCAAACCCAT_HD66,,
deepseek,626,1130,1756,0,1082,,,DeepSeekBackend,deepseek-v4-flash,1783929797.4851375,stage1_annotation,annotation,320262.0,P3_6_AGGTCATCAATCGAAA,,
deepseek,627,385,1012,0,318,,,DeepSeekBackend,deepseek-v4-flash,1783929797.6336422,stage1_annotation,annotation,19385.0,7185213_CATATTCGTCTGCGGT,,
deepseek,631,276,907,0,217,,,DeepSeekBackend,deepseek-v4-flash,1783929798.0379515,stage1_annotation,annotation,251722.0,AATCCAGGTTGGACCC_F02528,,
deepseek,626,671,1297,0,617,,,DeepSeekBackend,deepseek-v4-flash,1783929798.3944,stage1_annotation,annotation,208164.0,ATGTGTGAGTTCGATC_F02617,,
deepseek,633,176,809,0,113,,,DeepSeekBackend,deepseek-v4-flash,1783929798.8498297,stage1_annotation,annotation,262214.0,AGCAGCCTCTCGCTTG_F01394,,
deepseek,625,280,905,0,222,,,DeepSeekBackend,deepseek-v4-flash,1783929798.8637679,stage1_annotation,annotation,21428.0,GGAGGATGTGGTCCCA_SC85,,
deepseek,633,626,1259,0,566,,,DeepSeekBackend,deepseek-v4-flash,1783929798.8916464,stage1_annotation,annotation,173139.0,GTCCTCACAACGCACC_HD67,,
deepseek,635,196,831,0,107,,,DeepSeekBackend,deepseek-v4-flash,1783929799.4295266,stage1_annotation,annotation,49078.0,ACTTTCACATTGAGCT_F01692,,
deepseek,633,841,1474,0,786,,,DeepSeekBackend,deepseek-v4-flash,1783929799.826642,stage1_annotation,annotation,239557.0,GTTACAGTCTTGACGA_F02611,,
deepseek,631,280,911,0,219,,,DeepSeekBackend,deepseek-v4-flash,1783929799.9861822,stage1_annotation,annotation,274550.0,TAGGCATGTTCCGTCT_F02611,,
deepseek,620,1300,1920,0,1206,,,DeepSeekBackend,deepseek-v4-flash,1783929802.018029,stage1_annotation,annotation,102270.0,TCAATTCGTACTGACT_SC85,,
deepseek,633,432,1065,0,363,,,DeepSeekBackend,deepseek-v4-flash,1783929803.6751537,stage1_annotation,annotation,325546.0,ATTTCTGTCTGGTATG_HD67,,
deepseek,615,457,1072,0,395,,,DeepSeekBackend,deepseek-v4-flash,1783929804.4986668,stage1_annotation,annotation,238522.0,P3_5_CATTCGCCAGAGTGTG,,
deepseek,628,1577,2205,0,1572,,,DeepSeekBackend,deepseek-v4-flash,1783929804.5471864,stage1_annotation,annotation,233981.0,GATCGCGTCAGCATGT_F02617,,
deepseek,620,681,1301,0,632,,,DeepSeekBackend,deepseek-v4-flash,1783929805.305811,stage1_annotation,annotation,69920.0,GTGTGGCAGTATGAGT_SC86,,
deepseek,629,866,1495,0,782,,,DeepSeekBackend,deepseek-v4-flash,1783929805.3816705,stage1_annotation,annotation,315592.0,CTGCGGACAGATGAGC_F02611,,
deepseek,625,1713,2338,0,1663,,,DeepSeekBackend,deepseek-v4-flash,1783929806.3556027,stage1_annotation,annotation,175861.0,CGAGGCTGTCGTTCAA_SC85,,
deepseek,630,868,1498,0,814,,,DeepSeekBackend,deepseek-v4-flash,1783929806.3706594,stage1_annotation,annotation,23736.0,GTCAAGTGTACGCACC_F01851,,
deepseek,630,986,1616,0,941,,,DeepSeekBackend,deepseek-v4-flash,1783929807.362949,stage1_annotation,annotation,186749.0,CGCTGGAAGAGTACCG_HD67,,
deepseek,620,281,901,0,236,,,DeepSeekBackend,deepseek-v4-flash,1783929807.7202177,stage1_annotation,annotation,300852.0,TCATTTGCAGACGCTC-1-HCATisStab7659971,,
deepseek,615,871,1486,0,865,,,DeepSeekBackend,deepseek-v4-flash,1783929808.3157017,stage1_annotation,annotation,218139.0,GTCTGTCGTGAGCAGT_SC86,,
deepseek,618,945,1563,0,893,,,DeepSeekBackend,deepseek-v4-flash,1783929808.5263193,stage1_annotation,annotation,122583.0,ATCATGGAGGCTCAGA_F02522,,
deepseek,626,1081,1707,0,1019,,,DeepSeekBackend,deepseek-v4-flash,1783929808.9432244,stage1_annotation,annotation,296478.0,GCGCCAAAGTCATGCT_HD67,,
deepseek,631,1596,2227,0,1503,,,DeepSeekBackend,deepseek-v4-flash,1783929808.9469264,stage1_annotation,annotation,117269.0,GACCAATAGGATGTAT_F01851,,
deepseek,615,300,915,0,247,,,DeepSeekBackend,deepseek-v4-flash,1783929809.0854928,stage1_annotation,annotation,2589.0,TGGTTAGAGGTTACCT-1-HCATisStab7747198,,
deepseek,628,515,1143,0,430,,,DeepSeekBackend,deepseek-v4-flash,1783929809.3671386,stage1_annotation,annotation,223235.0,TCACGCTCAGGTTCAT_SC86,,
deepseek,618,1084,1702,0,1030,,,DeepSeekBackend,deepseek-v4-flash,1783929809.9676602,stage1_annotation,annotation,98340.0,AACCATGGTGTTTGTG_F02607,,
deepseek,633,1417,2050,0,1355,,,DeepSeekBackend,deepseek-v4-flash,1783929810.5041285,stage1_annotation,annotation,107741.0,TGGACGCAGCGTGAGT_HD67,,
deepseek,618,1092,1710,0,1033,,,DeepSeekBackend,deepseek-v4-flash,1783929810.7506816,stage1_annotation,annotation,107077.0,P2_5_ACCAGTACAGCGATCC,,
deepseek,616,421,1037,0,364,,,DeepSeekBackend,deepseek-v4-flash,1783929810.7646751,stage1_annotation,annotation,217953.0,CACATAGCAGGATTGG-1-HCATisStab7747198,,
deepseek,621,1185,1806,0,1111,,,DeepSeekBackend,deepseek-v4-flash,1783929810.9276538,stage1_annotation,annotation,147233.0,GCCGTGAGTGGCTAGA_SC86,,
deepseek,618,634,1252,0,563,,,DeepSeekBackend,deepseek-v4-flash,1783929810.9790478,stage1_annotation,annotation,242075.0,P3_6_TCAACGAAGTGGTAGC,,
deepseek,616,245,861,0,189,,,DeepSeekBackend,deepseek-v4-flash,1783929812.1613212,stage1_annotation,annotation,90960.0,CACAGTAAGCTCTCGG_F01874,,
deepseek,622,1059,1681,0,991,,,DeepSeekBackend,deepseek-v4-flash,1783929812.7118468,stage1_annotation,annotation,167607.0,CTACATTTCGAAGCAG_SC86,,
deepseek,631,259,890,0,211,,,DeepSeekBackend,deepseek-v4-flash,1783929812.8071396,stage1_annotation,annotation,153992.0,ACACCCTCATGCGCAC_F02611,,
deepseek,620,1396,2016,0,1338,,,DeepSeekBackend,deepseek-v4-flash,1783929813.1203377,stage1_annotation,annotation,89805.0,TGCGTGGAGAGACTTA_F02509,,
deepseek,618,537,1155,0,466,,,DeepSeekBackend,deepseek-v4-flash,1783929813.314796,stage1_annotation,annotation,132032.0,GCTCCTAAGGAATGGA_F02522,,
deepseek,629,326,955,0,276,,,DeepSeekBackend,deepseek-v4-flash,1783929813.3330147,stage1_annotation,annotation,76740.0,ACTGTCCGTAAGGGCT_F02617,,
deepseek,616,464,1080,0,392,,,DeepSeekBackend,deepseek-v4-flash,1783929813.590045,stage1_annotation,annotation,230117.0,P3_5_GTAACGTTCGCTTAGA,,
deepseek,618,599,1217,0,519,,,DeepSeekBackend,deepseek-v4-flash,1783929813.8472536,stage1_annotation,annotation,205272.0,GGGCATCCAGGAATGC_F01853,,
deepseek,624,280,904,0,223,,,DeepSeekBackend,deepseek-v4-flash,1783929813.8595111,stage1_annotation,annotation,102896.0,GTATCTTAGTTCGCAT_F01851,,
deepseek,625,347,972,0,265,,,DeepSeekBackend,deepseek-v4-flash,1783929813.8997931,stage1_annotation,annotation,133875.0,TACCTTAGTAAGAGGA_F02092,,
deepseek,631,258,889,0,255,,,DeepSeekBackend,deepseek-v4-flash,1783929814.0830166,stage1_annotation,annotation,328914.0,TTGACTTTCTGCTTGC_F02617,,
deepseek,616,879,1495,0,816,,,DeepSeekBackend,deepseek-v4-flash,1783929814.4521637,stage1_annotation,annotation,47971.0,TTTGATCTCATCTGTT_SC86,,
deepseek,628,320,948,0,254,,,DeepSeekBackend,deepseek-v4-flash,1783929814.541539,stage1_annotation,annotation,99425.0,7239219_TTTATGCCAGGTTTCA,,
deepseek,616,372,988,0,307,,,DeepSeekBackend,deepseek-v4-flash,1783929814.5840786,stage1_annotation,annotation,307789.0,ATAAGAGGTCCAGTAT_F01874,,
deepseek,627,231,858,0,164,,,DeepSeekBackend,deepseek-v4-flash,1783929815.361805,stage1_annotation,annotation,65565.0,7239219_CATTCGCAGCCGCCTA,,
deepseek,621,635,1256,0,584,,,DeepSeekBackend,deepseek-v4-flash,1783929815.4591713,stage1_annotation,annotation,58099.0,CTCTGGTGTTCCCTTG_F02607,,
deepseek,628,172,800,0,136,,,DeepSeekBackend,deepseek-v4-flash,1783929815.9869866,stage1_annotation,annotation,262780.0,CATGCCTCAAGCTGGA_F01394,,
deepseek,614,1047,1661,0,996,,,DeepSeekBackend,deepseek-v4-flash,1783929816.1062667,stage1_annotation,annotation,242638.0,CTTTCGGCACAGACGA_SC86,,
deepseek,629,250,879,0,187,,,DeepSeekBackend,deepseek-v4-flash,1783929816.1417232,stage1_annotation,annotation,194923.0,AACTGGTAGGGCTTCC_HD101,,
deepseek,621,653,1274,0,603,,,DeepSeekBackend,deepseek-v4-flash,1783929816.1975293,stage1_annotation,annotation,56230.0,TTAGGACGTTGATTGC_HD68,,
deepseek,630,269,899,0,199,,,DeepSeekBackend,deepseek-v4-flash,1783929816.6708636,stage1_annotation,annotation,26550.0,TTATGCTCAGGATTGG_F02617,,
deepseek,628,248,876,0,178,,,DeepSeekBackend,deepseek-v4-flash,1783929816.8240857,stage1_annotation,annotation,131755.0,GTTCGGGTCGGTTCGG_F02617,,
deepseek,629,241,870,0,186,,,DeepSeekBackend,deepseek-v4-flash,1783929817.0091865,stage1_annotation,annotation,284539.0,AGCATACTCCTGTACC_F02611,,
deepseek,631,285,916,0,223,,,DeepSeekBackend,deepseek-v4-flash,1783929817.3754277,stage1_annotation,annotation,22178.0,ACGGGCTTCGGTCCGA_F02607,,
deepseek,623,280,903,0,227,,,DeepSeekBackend,deepseek-v4-flash,1783929817.4028804,stage1_annotation,annotation,69406.0,ACGGCCATCGTGGTCG_F02528,,
deepseek,631,283,914,0,224,,,DeepSeekBackend,deepseek-v4-flash,1783929817.498795,stage1_annotation,annotation,125989.0,GTTCGGGGTTCAGACT_F01851,,
deepseek,619,230,849,0,226,,,DeepSeekBackend,deepseek-v4-flash,1783929817.5115163,stage1_annotation,annotation,180463.0,P1_4_AGCGTCGTCTGGGCCA,,
deepseek,627,2464,3091,0,2382,,,DeepSeekBackend,deepseek-v4-flash,1783929817.6353238,stage1_annotation,annotation,174915.0,CCTATTAGTAGAAGGA_HD66,,
deepseek,625,363,988,0,295,,,DeepSeekBackend,deepseek-v4-flash,1783929817.9506025,stage1_annotation,annotation,294803.0,AGGGTGATCTCTAAGG_F02522,,
deepseek,632,536,1168,0,460,,,DeepSeekBackend,deepseek-v4-flash,1783929818.24276,stage1_annotation,annotation,51898.0,CCAATCCAGAACTGTA_F01641,,
deepseek,626,220,846,0,180,,,DeepSeekBackend,deepseek-v4-flash,1783929818.274146,stage1_annotation,annotation,254666.0,GTCGGGTCAGCTGCAC_HD66,,
deepseek,629,673,1302,0,592,,,DeepSeekBackend,deepseek-v4-flash,1783929818.3906212,stage1_annotation,annotation,193274.0,CCATTCGAGCTAGGCA_F02613,,
deepseek,620,332,952,0,267,,,DeepSeekBackend,deepseek-v4-flash,1783929818.3991678,stage1_annotation,annotation,309589.0,P1_4_CCTCAGTAGAAACCAT,,
deepseek,622,408,1030,0,355,,,DeepSeekBackend,deepseek-v4-flash,1783929819.465866,stage1_annotation,annotation,169332.0,AGGGTGAGTTCCACGG_F02607,,
deepseek,618,298,916,0,240,,,DeepSeekBackend,deepseek-v4-flash,1783929819.7272816,stage1_annotation,annotation,162593.0,GTCTCGTAGAGCTGGT-SC56,,
deepseek,619,297,916,0,236,,,DeepSeekBackend,deepseek-v4-flash,1783929820.0633004,stage1_annotation,annotation,122766.0,P3_5_CCTCTGAAGAGTACCG,,
deepseek,619,363,982,0,308,,,DeepSeekBackend,deepseek-v4-flash,1783929820.3228972,stage1_annotation,annotation,303503.0,CTAAGACTCTGTCTCG-1-HCATisStab7587202,,
deepseek,620,304,924,0,300,,,DeepSeekBackend,deepseek-v4-flash,1783929820.7264433,stage1_annotation,annotation,293037.0,GTCTTCGGTGCTGTAT-1-HCATisStab7747198,,
deepseek,619,343,962,0,289,,,DeepSeekBackend,deepseek-v4-flash,1783929821.037006,stage1_annotation,annotation,246628.0,TTCGAAGCAGCTATTG-1-HCATisStab7747197,,
deepseek,622,299,921,0,244,,,DeepSeekBackend,deepseek-v4-flash,1783929821.040887,stage1_annotation,annotation,196189.0,CCGTTCATCGTCTGCT-1-HCATisStab7587211,,
deepseek,619,382,1001,0,313,,,DeepSeekBackend,deepseek-v4-flash,1783929821.0551722,stage1_annotation,annotation,123934.0,P3_6_GATCGCGGTATAGGGC,,
deepseek,619,377,996,0,326,,,DeepSeekBackend,deepseek-v4-flash,1783929821.4701698,stage1_annotation,annotation,283235.0,GTGCATAAGACCTAGG-1-HCATisStab7587211,,
deepseek,625,342,967,0,273,,,DeepSeekBackend,deepseek-v4-flash,1783929821.622386,stage1_annotation,annotation,40529.0,GACCAATAGTGTGAAT-1-HCATisStab7587211,,
deepseek,622,331,953,0,272,,,DeepSeekBackend,deepseek-v4-flash,1783929821.7995682,stage1_annotation,annotation,145738.0,CACAAACTCTGCCCTA_F02522,,
deepseek,618,331,949,0,272,,,DeepSeekBackend,deepseek-v4-flash,1783929822.053213,stage1_annotation,annotation,102385.0,P2_1_GAGCAGAAGTGGAGTC,,
deepseek,619,554,1173,0,501,,,DeepSeekBackend,deepseek-v4-flash,1783929822.3116758,stage1_annotation,annotation,113946.0,GTTAAGCTCTTCGGTC-SC56,,
deepseek,621,419,1040,0,354,,,DeepSeekBackend,deepseek-v4-flash,1783929823.345619,stage1_annotation,annotation,178127.0,GTTCTCGGTAAGCACG-1-HCATisStab7587208,,
deepseek,627,282,909,0,237,,,DeepSeekBackend,deepseek-v4-flash,1783929824.3480392,stage1_annotation,annotation,190082.0,GCCAACGGTCAGTCGC_SC142,,
deepseek,623,384,1007,0,339,,,DeepSeekBackend,deepseek-v4-flash,1783929824.4308152,stage1_annotation,annotation,58923.0,AGACGTTAGCCTATGT_F02524,,
deepseek,625,366,991,0,279,,,DeepSeekBackend,deepseek-v4-flash,1783929824.6109889,stage1_annotation,annotation,8550.0,TTATGCTGTCTGCCAG_HD67,,
deepseek,626,429,1055,0,320,,,DeepSeekBackend,deepseek-v4-flash,1783929824.6287503,stage1_annotation,annotation,201601.0,TTGTAGGTCATCACCC_HD101,,
deepseek,625,268,893,0,202,,,DeepSeekBackend,deepseek-v4-flash,1783929824.6454515,stage1_annotation,annotation,95099.0,TGAGAGGGTTACGACT_F01851,,
deepseek,620,563,1183,0,497,,,DeepSeekBackend,deepseek-v4-flash,1783929824.8546908,stage1_annotation,annotation,111794.0,CTAGTGACACTGAAGG-1-HCATisStab7747200,,
deepseek,626,521,1147,0,516,,,DeepSeekBackend,deepseek-v4-flash,1783929824.8582084,stage1_annotation,annotation,107886.0,TTTACTGTCGAGAACG_F01365,,
deepseek,622,589,1211,0,516,,,DeepSeekBackend,deepseek-v4-flash,1783929825.7539513,stage1_annotation,annotation,65900.0,CGAGCACCAGCTGTAT-SC59,,
deepseek,624,421,1045,0,349,,,DeepSeekBackend,deepseek-v4-flash,1783929825.9438188,stage1_annotation,annotation,309461.0,GTTCGGGGTAACGACG_F01874,,
deepseek,624,460,1084,0,409,,,DeepSeekBackend,deepseek-v4-flash,1783929826.0898836,stage1_annotation,annotation,231036.0,GACGTTAGTACTTCTT_F01367,,
deepseek,620,415,1035,0,348,,,DeepSeekBackend,deepseek-v4-flash,1783929826.1623251,stage1_annotation,annotation,89305.0,P3_7_CGTTCTGCAAGCGTAG,,
deepseek,621,387,1008,0,317,,,DeepSeekBackend,deepseek-v4-flash,1783929826.165739,stage1_annotation,annotation,151693.0,7239219_GGGAGATTCCAGAGGA,,
deepseek,625,801,1426,0,731,,,DeepSeekBackend,deepseek-v4-flash,1783929826.5496092,stage1_annotation,annotation,280596.0,CATCAGAAGCTGAACG_F02522,,
deepseek,622,470,1092,0,408,,,DeepSeekBackend,deepseek-v4-flash,1783929826.705801,stage1_annotation,annotation,142625.0,CCTTCGATCTGTCCGT_F01639,,
deepseek,624,278,902,0,222,,,DeepSeekBackend,deepseek-v4-flash,1783929826.7677426,stage1_annotation,annotation,235610.0,CGAGCACCAAAGTGCG_F01874,,
deepseek,617,428,1045,0,352,,,DeepSeekBackend,deepseek-v4-flash,1783929826.92693,stage1_annotation,annotation,105101.0,TGTGGTACAGCTGTAT_F01639,,
deepseek,621,172,793,0,132,,,DeepSeekBackend,deepseek-v4-flash,1783929827.10655,stage1_annotation,annotation,212828.0,AAATGCCGTTCAGTAC_SC18,,
deepseek,624,465,1089,0,411,,,DeepSeekBackend,deepseek-v4-flash,1783929827.2171717,stage1_annotation,annotation,2306.0,GGTGTTAGTAGTACGG_SC84,,
deepseek,623,195,818,0,150,,,DeepSeekBackend,deepseek-v4-flash,1783929827.751632,stage1_annotation,annotation,269896.0,AGTCTTTCAAGCCGTC-SC156,,
deepseek,619,274,893,0,200,,,DeepSeekBackend,deepseek-v4-flash,1783929828.0312107,stage1_annotation,annotation,208306.0,CCGTACTCAGGTGCCT_F01365,,
deepseek,630,385,1015,0,329,,,DeepSeekBackend,deepseek-v4-flash,1783929828.2602644,stage1_annotation,annotation,213564.0,CTAGAGTGTGGCTCCA_F01394,,
deepseek,621,179,800,0,114,,,DeepSeekBackend,deepseek-v4-flash,1783929828.4010267,stage1_annotation,annotation,137019.0,TGACGGCAGGCGCTCT_HD67,,
deepseek,621,205,826,0,147,,,DeepSeekBackend,deepseek-v4-flash,1783929828.4532716,stage1_annotation,annotation,157878.0,TACTTACCACCATCCT_F01365,,
deepseek,623,171,794,0,103,,,DeepSeekBackend,deepseek-v4-flash,1783929828.5584755,stage1_annotation,annotation,261476.0,ATCCACCTCATGTGGT_F01367,,
deepseek,624,184,808,0,119,,,DeepSeekBackend,deepseek-v4-flash,1783929828.6356683,stage1_annotation,annotation,320949.0,ACTTGTTAGGACCACA-1-HCATisStab7587208,,
deepseek,624,237,861,0,187,,,DeepSeekBackend,deepseek-v4-flash,1783929828.66752,stage1_annotation,annotation,32145.0,TTTCCAGACTAGAC-SC14,,
deepseek,625,877,1502,0,807,,,DeepSeekBackend,deepseek-v4-flash,1783929828.7859862,stage1_annotation,annotation,204669.0,CTCGGGAGTATAGGGC_F02526,,
deepseek,619,197,816,0,144,,,DeepSeekBackend,deepseek-v4-flash,1783929828.9554763,stage1_annotation,annotation,90834.0,AGTGTCATCCGTTGTC_F01641,,
deepseek,629,431,1060,0,367,,,DeepSeekBackend,deepseek-v4-flash,1783929829.1128936,stage1_annotation,annotation,49987.0,AAAGCAACAACGATCT_F01394,,
deepseek,619,213,832,0,149,,,DeepSeekBackend,deepseek-v4-flash,1783929829.3183377,stage1_annotation,annotation,132510.0,TTGACTTCACCGATAT_F01365,,
deepseek,631,402,1033,0,341,,,DeepSeekBackend,deepseek-v4-flash,1783929829.3417659,stage1_annotation,annotation,141430.0,TCACGAACAAGGTTCT_F01394,,
deepseek,626,215,841,0,145,,,DeepSeekBackend,deepseek-v4-flash,1783929829.4025059,stage1_annotation,annotation,45203.0,P3_7_GTTCATTCACGCGAAA,,
deepseek,620,196,816,0,125,,,DeepSeekBackend,deepseek-v4-flash,1783929829.5228705,stage1_annotation,annotation,237963.0,CTGGTCTGTGGTACAG_SC18,,
deepseek,618,162,780,0,110,,,DeepSeekBackend,deepseek-v4-flash,1783929829.6586225,stage1_annotation,annotation,319376.0,AGGTCCGTCTCCGGTT_SC18,,
deepseek,621,193,814,0,125,,,DeepSeekBackend,deepseek-v4-flash,1783929830.0389187,stage1_annotation,annotation,314820.0,TCCGATCAGGAAAGGT_SC84,,
deepseek,621,349,970,0,314,,,DeepSeekBackend,deepseek-v4-flash,1783929830.829747,stage1_annotation,annotation,325725.0,AGAGCTTGTCGATTGT_F01366,,
deepseek,625,198,823,0,127,,,DeepSeekBackend,deepseek-v4-flash,1783929830.8828347,stage1_annotation,annotation,235774.0,ACCCACTTCTTGAGGT_SC07,,
deepseek,621,287,908,0,223,,,DeepSeekBackend,deepseek-v4-flash,1783929831.4957097,stage1_annotation,annotation,244773.0,GCGAGAATCTTGTACT_SC18,,
deepseek,619,226,845,0,174,,,DeepSeekBackend,deepseek-v4-flash,1783929831.6321943,stage1_annotation,annotation,174278.0,TGCCAAATCATGTAGC_F01394,,
deepseek,616,259,875,0,195,,,DeepSeekBackend,deepseek-v4-flash,1783929831.6434906,stage1_annotation,annotation,34452.0,GAACGGAAGTGCGATG_F01366,,
deepseek,626,315,941,0,237,,,DeepSeekBackend,deepseek-v4-flash,1783929831.9849029,stage1_annotation,annotation,211693.0,TGCCAAAGTAAGGGCT-1-HCATisStab7747198,,
deepseek,622,235,857,0,189,,,DeepSeekBackend,deepseek-v4-flash,1783929833.0739956,stage1_annotation,annotation,160770.0,P2_5_TTCGGTCCATGGGAAC,,
deepseek,625,1492,2117,0,1398,,,DeepSeekBackend,deepseek-v4-flash,1783929833.1628625,stage1_annotation,annotation,229805.0,GGCGTGTAGTTAGGTA_F01639,,
deepseek,622,189,811,0,130,,,DeepSeekBackend,deepseek-v4-flash,1783929833.4020228,stage1_annotation,annotation,268481.0,P3_7_GACGTTACAAAGAATC,,
deepseek,616,377,993,0,331,,,DeepSeekBackend,deepseek-v4-flash,1783929833.5553956,stage1_annotation,annotation,284026.0,P1_2_ACTGTCCTCAGTTTGG,,
deepseek,626,470,1096,0,391,,,DeepSeekBackend,deepseek-v4-flash,1783929834.4330957,stage1_annotation,annotation,82741.0,CGTGTAACATACTCTT_F01639,,
deepseek,628,967,1595,0,964,,,DeepSeekBackend,deepseek-v4-flash,1783929834.938772,stage1_annotation,annotation,178151.0,7135920_CAGTAACAGGCGTACA,,
deepseek,629,256,885,0,194,,,DeepSeekBackend,deepseek-v4-flash,1783929836.7390738,stage1_annotation,annotation,87045.0,AGTGGGATCAAGGCTT_SC18,,
deepseek,627,400,1027,0,333,,,DeepSeekBackend,deepseek-v4-flash,1783929837.8013113,stage1_annotation,annotation,26390.0,TACGGATTCCTCGCAT_HD66,,
deepseek,626,306,932,0,251,,,DeepSeekBackend,deepseek-v4-flash,1783929838.2094479,stage1_annotation,annotation,169984.0,CTTGGCTTCCTCAATT_SC18,,
deepseek,616,879,1495,0,811,,,DeepSeekBackend,deepseek-v4-flash,1783929838.429493,stage1_annotation,annotation,318501.0,P2_7_TCGTAGATCGTTGACA,,
deepseek,627,378,1005,0,309,,,DeepSeekBackend,deepseek-v4-flash,1783929839.034373,stage1_annotation,annotation,294352.0,GTCACAACAAATACAG_SC18,,
deepseek,623,933,1556,0,877,,,DeepSeekBackend,deepseek-v4-flash,1783929839.0475433,stage1_annotation,annotation,44790.0,CATGGCGGTTTGTTTC_F02611,,
deepseek,621,903,1524,0,843,,,DeepSeekBackend,deepseek-v4-flash,1783929839.0591664,stage1_annotation,annotation,329653.0,ATAGACCCAATAGAGT_F01366,,
deepseek,619,904,1523,0,836,,,DeepSeekBackend,deepseek-v4-flash,1783929839.224862,stage1_annotation,annotation,241542.0,P3_7_GGACATTAGAGAGCTC,,
deepseek,628,241,869,0,187,,,DeepSeekBackend,deepseek-v4-flash,1783929840.5921645,stage1_annotation,annotation,206922.0,CAACTAGTCTGAGTGT_HD67,,
deepseek,620,4096,4716,0,4096,,,DeepSeekBackend,deepseek-v4-flash,1783929840.596288,stage1_annotation,annotation,8429.0,TCAGGATTCCGAATGT_SC27,,
deepseek,626,181,807,0,136,,,DeepSeekBackend,deepseek-v4-flash,1783929840.7719696,stage1_annotation,annotation,226207.0,CGTTAGACACGAAGCA_HD101,,
deepseek,628,225,853,0,171,,,DeepSeekBackend,deepseek-v4-flash,1783929840.859473,stage1_annotation,annotation,1715.0,AGTGGGAGTGCCTGTG_SC20,,
deepseek,628,437,1065,0,385,,,DeepSeekBackend,deepseek-v4-flash,1783929841.3088543,stage1_annotation,annotation,139169.0,GTCCTCATCCAAACTG_HD66,,
deepseek,621,910,1531,0,857,,,DeepSeekBackend,deepseek-v4-flash,1783929841.495912,stage1_annotation,annotation,331625.0,GATCTAGGTTAAGACA_F01367,,
deepseek,618,842,1460,0,773,,,DeepSeekBackend,deepseek-v4-flash,1783929841.668077,stage1_annotation,annotation,201879.0,P3_7_ACAGCTACAATAGCGG,,
deepseek,626,268,894,0,215,,,DeepSeekBackend,deepseek-v4-flash,1783929842.2072113,stage1_annotation,annotation,133930.0,GACGGCTGTTTGTGTG_F02617,,
deepseek,620,960,1580,0,872,,,DeepSeekBackend,deepseek-v4-flash,1783929842.8303864,stage1_annotation,annotation,25096.0,P2_5_ACAGCCGCAAGACACG,,
deepseek,628,394,1022,0,336,,,DeepSeekBackend,deepseek-v4-flash,1783929843.294243,stage1_annotation,annotation,251195.0,P3_6_TAAACCGGTGCGAAAC,,
deepseek,626,218,844,0,168,,,DeepSeekBackend,deepseek-v4-flash,1783929843.947304,stage1_annotation,annotation,232826.0,GGAGCAATCACCTCGT_SC22,,
deepseek,617,1097,1714,0,1020,,,DeepSeekBackend,deepseek-v4-flash,1783929844.1780543,stage1_annotation,annotation,27491.0,GCGACCAGTACTCGCG-1-HCATisStab7587205,,
deepseek,629,282,911,0,274,,,DeepSeekBackend,deepseek-v4-flash,1783929844.3474684,stage1_annotation,annotation,11834.0,TCGGTAATCTCGGACG_F02607,,
deepseek,625,406,1031,0,346,,,DeepSeekBackend,deepseek-v4-flash,1783929844.823289,stage1_annotation,annotation,89292.0,P3_6_TGAGAGGCAATCTGCA,,
deepseek,626,512,1138,0,424,,,DeepSeekBackend,deepseek-v4-flash,1783929845.244165,stage1_annotation,annotation,282100.0,P3_6_CATGACACACGAGAGT,,
deepseek,627,387,1014,0,334,,,DeepSeekBackend,deepseek-v4-flash,1783929845.5189447,stage1_annotation,annotation,113711.0,GACAGAGCATTGTGCA_HD67,,
deepseek,628,264,892,0,204,,,DeepSeekBackend,deepseek-v4-flash,1783929846.0981238,stage1_annotation,annotation,260043.0,AGAGTGGCACATGACT_F01157,,
deepseek,627,231,858,0,191,,,DeepSeekBackend,deepseek-v4-flash,1783929846.1786394,stage1_annotation,annotation,174561.0,AGGGAGTAGAGCTATA_HD66,,
deepseek,617,1417,2034,0,1360,,,DeepSeekBackend,deepseek-v4-flash,1783929846.592486,stage1_annotation,annotation,175402.0,P3_7_AGCGTATCACGGCTAC,,
deepseek,626,469,1095,0,393,,,DeepSeekBackend,deepseek-v4-flash,1783929846.9580255,stage1_annotation,annotation,226129.0,CTCGTACGTACCTACA_F01851,,
deepseek,629,565,1194,0,489,,,DeepSeekBackend,deepseek-v4-flash,1783929847.0092275,stage1_annotation,annotation,312386.0,GCGAGAACACGAAGCA_F02617,,
deepseek,623,1458,2081,0,1409,,,DeepSeekBackend,deepseek-v4-flash,1783929847.3786714,stage1_annotation,annotation,94831.0,CGGCTAGGTTTAGGAA_F02524,,
deepseek,626,341,967,0,280,,,DeepSeekBackend,deepseek-v4-flash,1783929847.580342,stage1_annotation,annotation,256343.0,GTCGTTCTCCAATGCA_SC85,,
deepseek,626,424,1050,0,380,,,DeepSeekBackend,deepseek-v4-flash,1783929848.4470594,stage1_annotation,annotation,231784.0,CAAGAAAAGCGAGAAA-SC155,,
deepseek,625,331,956,0,292,,,DeepSeekBackend,deepseek-v4-flash,1783929848.5342612,stage1_annotation,annotation,130473.0,CCTTACGAGTCAATAG_F02522,,
deepseek,629,862,1491,0,821,,,DeepSeekBackend,deepseek-v4-flash,1783929848.5762541,stage1_annotation,annotation,80988.0,GATGCTAAGTATCGAA_F02522,,
deepseek,622,1739,2361,0,1684,,,DeepSeekBackend,deepseek-v4-flash,1783929848.668385,stage1_annotation,annotation,177673.0,CTGCGGAGTATAGGTA-1-HCATisStab7587205,,
deepseek,627,409,1036,0,355,,,DeepSeekBackend,deepseek-v4-flash,1783929849.248833,stage1_annotation,annotation,284552.0,TAGGAGGCAAGCGGAT_SC85,,
deepseek,622,464,1086,0,411,,,DeepSeekBackend,deepseek-v4-flash,1783929849.3188608,stage1_annotation,annotation,134285.0,CTCGAAACACTGTTAG_F02522,,
deepseek,619,1942,2561,0,1867,,,DeepSeekBackend,deepseek-v4-flash,1783929849.3753092,stage1_annotation,annotation,103470.0,P3_7_GCGACCACAAGCCCAC,,
deepseek,624,272,896,0,215,,,DeepSeekBackend,deepseek-v4-flash,1783929849.577882,stage1_annotation,annotation,332120.0,ACTGATGGTGCAGGTA_F02607,,
deepseek,624,337,961,0,254,,,DeepSeekBackend,deepseek-v4-flash,1783929849.827276,stage1_annotation,annotation,41342.0,CAGCGACGTGCTCTTC_F01607,,
deepseek,624,710,1334,0,647,,,DeepSeekBackend,deepseek-v4-flash,1783929850.0137405,stage1_annotation,annotation,174801.0,P3_6_AGTGTCAGTCATCCCT,,
deepseek,627,378,1005,0,299,,,DeepSeekBackend,deepseek-v4-flash,1783929850.3431544,stage1_annotation,annotation,62284.0,CCTTACGGTCCATGAT_HD66,,
deepseek,626,362,988,0,304,,,DeepSeekBackend,deepseek-v4-flash,1783929850.8525064,stage1_annotation,annotation,20288.0,GTGCATATCATGTCCC_SC07,,
deepseek,624,184,808,0,124,,,DeepSeekBackend,deepseek-v4-flash,1783929850.9646935,stage1_annotation,annotation,267158.0,P3_6_TACTCGCAGCCTCGTG,,
deepseek,626,280,906,0,235,,,DeepSeekBackend,deepseek-v4-flash,1783929851.395172,stage1_annotation,annotation,177517.0,P3_6_GCTGCGATCCTATGTT,,
deepseek,625,556,1181,0,489,,,DeepSeekBackend,deepseek-v4-flash,1783929851.3992612,stage1_annotation,annotation,241976.0,CAACGATAGCCTTCTC_SC85,,
deepseek,623,374,997,0,322,,,DeepSeekBackend,deepseek-v4-flash,1783929851.7382321,stage1_annotation,annotation,211504.0,TGGCGCAGTCAGATAA_HD66,,
deepseek,622,216,838,0,150,,,DeepSeekBackend,deepseek-v4-flash,1783929851.9084373,stage1_annotation,annotation,319901.0,7239220_CAAGAAACAAACCCAT,,
deepseek,623,474,1097,0,413,,,DeepSeekBackend,deepseek-v4-flash,1783929852.1234515,stage1_annotation,annotation,191564.0,TTTGGTTGTTCGTGAT_F02522,,
deepseek,624,418,1042,0,348,,,DeepSeekBackend,deepseek-v4-flash,1783929852.2113037,stage1_annotation,annotation,139605.0,GCGAGAATCGGGAGTA_F02526,,
deepseek,622,200,822,0,142,,,DeepSeekBackend,deepseek-v4-flash,1783929852.2456372,stage1_annotation,annotation,320892.0,TACTTACTCCCTCTCC_SC141,,
deepseek,626,286,912,0,236,,,DeepSeekBackend,deepseek-v4-flash,1783929852.2518637,stage1_annotation,annotation,198910.0,GGATGTTTCAACACCA-SC156,,
deepseek,620,216,836,0,158,,,DeepSeekBackend,deepseek-v4-flash,1783929852.3424037,stage1_annotation,annotation,166835.0,ACTGAGTTCTAACGGT_SC18,,
deepseek,627,199,826,0,144,,,DeepSeekBackend,deepseek-v4-flash,1783929852.7764647,stage1_annotation,annotation,115732.0,CAGATCACATTAACCG_F02522,,
deepseek,627,453,1080,0,380,,,DeepSeekBackend,deepseek-v4-flash,1783929853.375303,stage1_annotation,annotation,97862.0,ATCTGCCTCCGCAAGC_F02611,,
deepseek,625,242,867,0,185,,,DeepSeekBackend,deepseek-v4-flash,1783929853.7240863,stage1_annotation,annotation,298874.0,GCACTCTGTTAAGAAC-1-HCATisStab7747197,,
deepseek,622,183,805,0,130,,,DeepSeekBackend,deepseek-v4-flash,1783929853.7514448,stage1_annotation,annotation,149662.0,AGCCTAATCCAACCAA-1-HCATisStab7587208,,
deepseek,624,454,1078,0,372,,,DeepSeekBackend,deepseek-v4-flash,1783929853.83912,stage1_annotation,annotation,177797.0,TACTTGTTCGTACGGC-SC156,,
deepseek,622,190,812,0,138,,,DeepSeekBackend,deepseek-v4-flash,1783929854.342649,stage1_annotation,annotation,114629.0,GATCAGTAGACTCTTG_SC141,,
deepseek,626,270,896,0,208,,,DeepSeekBackend,deepseek-v4-flash,1783929854.3987775,stage1_annotation,annotation,250205.0,TTATGCTAGCGTCAAG_F02611,,
deepseek,625,502,1127,0,428,,,DeepSeekBackend,deepseek-v4-flash,1783929854.54888,stage1_annotation,annotation,332099.0,CGCTTCAAGGTGCACA-SC156,,
deepseek,624,209,833,0,144,,,DeepSeekBackend,deepseek-v4-flash,1783929854.731827,stage1_annotation,annotation,296867.0,ACTGATGCAGCACACC_SC85,,
deepseek,625,278,903,0,225,,,DeepSeekBackend,deepseek-v4-flash,1783929854.7359376,stage1_annotation,annotation,139817.0,TCACGAACAGACAAGC_SC10,,
deepseek,626,232,858,0,180,,,DeepSeekBackend,deepseek-v4-flash,1783929854.8507726,stage1_annotation,annotation,108662.0,TTCGGTCGTTCCTCCA_F02611,,
deepseek,628,350,978,0,287,,,DeepSeekBackend,deepseek-v4-flash,1783929855.0601695,stage1_annotation,annotation,102193.0,GGCCGATAGTTCGATC_F01607,,
deepseek,616,1980,2596,0,1924,,,DeepSeekBackend,deepseek-v4-flash,1783929855.0655246,stage1_annotation,annotation,145698.0,P2_5_CTCAGAACAGATGAGC,,
deepseek,623,268,891,0,204,,,DeepSeekBackend,deepseek-v4-flash,1783929855.2194073,stage1_annotation,annotation,78343.0,CTCAGAACATGTAGTC_F01851,,
deepseek,623,226,849,0,168,,,DeepSeekBackend,deepseek-v4-flash,1783929855.2417557,stage1_annotation,annotation,186087.0,CATATTCGTTCGGGCT_F01851,,
deepseek,622,229,851,0,183,,,DeepSeekBackend,deepseek-v4-flash,1783929855.5982487,stage1_annotation,annotation,327106.0,AAAGTAGAGAGGACGG_SC10,,
deepseek,624,417,1041,0,361,,,DeepSeekBackend,deepseek-v4-flash,1783929856.0130332,stage1_annotation,annotation,179632.0,GCTCTGTCATTGGGCC_F01851,,
deepseek,625,242,867,0,181,,,DeepSeekBackend,deepseek-v4-flash,1783929856.1972792,stage1_annotation,annotation,295575.0,CACAGGCAGCTCTCGG-SC56,,
deepseek,628,666,1294,0,591,,,DeepSeekBackend,deepseek-v4-flash,1783929856.225129,stage1_annotation,annotation,46853.0,GTGTTAGTCGCCTGTT_F02617,,
deepseek,622,248,870,0,187,,,DeepSeekBackend,deepseek-v4-flash,1783929856.8566394,stage1_annotation,annotation,95027.0,7185212_GTTCGGGGTTACTGAC,,
deepseek,629,284,913,0,208,,,DeepSeekBackend,deepseek-v4-flash,1783929856.9851387,stage1_annotation,annotation,128446.0,TCAACGAGTATCGCAT_F02528,,
deepseek,630,323,953,0,268,,,DeepSeekBackend,deepseek-v4-flash,1783929857.70143,stage1_annotation,annotation,303123.0,ACCTTTAGTAGTAGTA_HD67,,
deepseek,623,231,854,0,184,,,DeepSeekBackend,deepseek-v4-flash,1783929857.7537463,stage1_annotation,annotation,146044.0,CGGTTAACACCTCGTT_F02092,,
deepseek,621,489,1110,0,440,,,DeepSeekBackend,deepseek-v4-flash,1783929859.976545,stage1_annotation,annotation,196057.0,P1_3_GTATTCTAGCAGGTCA,,
deepseek,624,381,1005,0,314,,,DeepSeekBackend,deepseek-v4-flash,1783929860.4800658,stage1_annotation,annotation,287702.0,TCTCATAGTACCTACA_F02607,,
deepseek,618,547,1165,0,449,,,DeepSeekBackend,deepseek-v4-flash,1783929860.843454,stage1_annotation,annotation,83056.0,P1_3_AAAGATGGTTAAGATG,,
deepseek,622,648,1270,0,643,,,DeepSeekBackend,deepseek-v4-flash,1783929861.5934384,stage1_annotation,annotation,225499.0,P1_4_GAACGGAGTGAGGGTT,,
deepseek,656,1939,2595,512,1866,,,DeepSeekBackend,deepseek-v4-flash,1783929862.1039834,stage1_annotation,annotation,8429.0,TCAGGATTCCGAATGT_SC27,,
deepseek,620,623,1243,0,618,,,DeepSeekBackend,deepseek-v4-flash,1783929862.2455258,stage1_annotation,annotation,317095.0,GACCTGGAGGCCGAAT_F01157,,
deepseek,617,770,1387,0,666,,,DeepSeekBackend,deepseek-v4-flash,1783929863.3991437,stage1_annotation,annotation,212712.0,GTATCTTAGATCTGCT_F01366,,
deepseek,621,260,881,0,218,,,DeepSeekBackend,deepseek-v4-flash,1783929863.7883425,stage1_annotation,annotation,124559.0,ATTCTACCAGTGAGTG_SC27,,
deepseek,621,873,1494,0,790,,,DeepSeekBackend,deepseek-v4-flash,1783929864.626724,stage1_annotation,annotation,302611.0,TGGGAAGTCGTGGACC_SC27,,
deepseek,621,859,1480,0,745,,,DeepSeekBackend,deepseek-v4-flash,1783929864.8663092,stage1_annotation,annotation,224629.0,GACACGCAGAAGATTC_F01639,,
deepseek,620,216,836,0,160,,,DeepSeekBackend,deepseek-v4-flash,1783929864.997854,stage1_annotation,annotation,315762.0,GCGCCAAAGAAGGTTT_HD67,,
deepseek,620,883,1503,0,808,,,DeepSeekBackend,deepseek-v4-flash,1783929865.033256,stage1_annotation,annotation,20561.0,TTCTCAAAGTAGCGGT_F02528,,
deepseek,619,294,913,0,240,,,DeepSeekBackend,deepseek-v4-flash,1783929865.3018494,stage1_annotation,annotation,188709.0,AATCGGTAGACGCTTT_F01607,,
deepseek,624,1057,1681,0,1012,,,DeepSeekBackend,deepseek-v4-flash,1783929865.6729758,stage1_annotation,annotation,84905.0,TGGCCAGGTTACCAGT_F02522,,
deepseek,626,161,787,0,105,,,DeepSeekBackend,deepseek-v4-flash,1783929866.0619528,stage1_annotation,annotation,35784.0,P1_2_CCTTCCCCAACGATGG,,
deepseek,621,1016,1637,0,976,,,DeepSeekBackend,deepseek-v4-flash,1783929866.0937586,stage1_annotation,annotation,273056.0,CGTGTCTTCTAGCACA_F02607,,
deepseek,620,243,863,0,184,,,DeepSeekBackend,deepseek-v4-flash,1783929866.5898306,stage1_annotation,annotation,85331.0,TCGCGAGAGGGTTCCC_HD67,,
deepseek,626,862,1488,0,752,,,DeepSeekBackend,deepseek-v4-flash,1783929866.668403,stage1_annotation,annotation,186407.0,TCTTTCCGTGAAGGCT_F02611,,
deepseek,621,465,1086,0,429,,,DeepSeekBackend,deepseek-v4-flash,1783929867.2242293,stage1_annotation,annotation,310076.0,ACGATACGTGACAAAT_F02617,,
deepseek,623,976,1599,0,878,,,DeepSeekBackend,deepseek-v4-flash,1783929867.498461,stage1_annotation,annotation,262887.0,CTCCATGAGCGAAACC_SC144,,
deepseek,621,246,867,0,171,,,DeepSeekBackend,deepseek-v4-flash,1783929867.93732,stage1_annotation,annotation,287217.0,ACGATACCACAAGACG_F01692,,
deepseek,624,268,892,0,222,,,DeepSeekBackend,deepseek-v4-flash,1783929867.9783905,stage1_annotation,annotation,299302.0,CTCGAGGCAGTAAGCG-SC56,,
deepseek,619,309,928,0,248,,,DeepSeekBackend,deepseek-v4-flash,1783929868.1158695,stage1_annotation,annotation,272781.0,GGCTGGTAGCTTATCG_SC27,,
deepseek,623,322,945,0,251,,,DeepSeekBackend,deepseek-v4-flash,1783929868.3655732,stage1_annotation,annotation,84872.0,P3_6_GCCTCTATCCGCATCT,,
deepseek,620,205,825,0,155,,,DeepSeekBackend,deepseek-v4-flash,1783929868.6646001,stage1_annotation,annotation,71729.0,TTGCGTCTCGGTCCGA_F02617,,
deepseek,624,225,849,0,158,,,DeepSeekBackend,deepseek-v4-flash,1783929868.7342331,stage1_annotation,annotation,262592.0,TCAGATGAGACGCTTT_F01692,,
deepseek,618,122,740,0,116,,,DeepSeekBackend,deepseek-v4-flash,1783929869.0199022,stage1_annotation,annotation,281419.0,TTTACTGTCGTGGTCG-SC56,,
deepseek,622,1357,1979,0,1288,,,DeepSeekBackend,deepseek-v4-flash,1783929869.1985974,stage1_annotation,annotation,331362.0,GTTGCTCCAACAGTGG_SC144,,
deepseek,625,382,1007,0,336,,,DeepSeekBackend,deepseek-v4-flash,1783929869.4298484,stage1_annotation,annotation,77121.0,CGGACTGTCGAACTGT-SC155,,
deepseek,625,201,826,0,155,,,DeepSeekBackend,deepseek-v4-flash,1783929869.5384383,stage1_annotation,annotation,60494.0,P1_2_GTACGTACACTAGTAC,,
deepseek,620,275,895,0,227,,,DeepSeekBackend,deepseek-v4-flash,1783929869.7408137,stage1_annotation,annotation,190913.0,CGTCAGGTCCGCTGTT-SC59,,
deepseek,618,351,969,0,295,,,DeepSeekBackend,deepseek-v4-flash,1783929869.9297771,stage1_annotation,annotation,93532.0,CAGCGACCAAGTCTAC-SC56,,
deepseek,620,196,816,0,158,,,DeepSeekBackend,deepseek-v4-flash,1783929870.163697,stage1_annotation,annotation,53935.0,TGGATCACACCGTGAC_SC141,,
deepseek,626,1525,2151,0,1442,,,DeepSeekBackend,deepseek-v4-flash,1783929870.3280706,stage1_annotation,annotation,194225.0,AGAGTGGAGGTAGCCA_F02607,,
deepseek,624,329,953,0,285,,,DeepSeekBackend,deepseek-v4-flash,1783929870.350535,stage1_annotation,annotation,286389.0,CCACCTACAGGTTTCA_F02611,,
deepseek,625,189,814,0,137,,,DeepSeekBackend,deepseek-v4-flash,1783929870.571658,stage1_annotation,annotation,108922.0,TCGCGTTGTCGTTGTA_HD67,,
deepseek,625,196,821,0,143,,,DeepSeekBackend,deepseek-v4-flash,1783929870.9859996,stage1_annotation,annotation,94532.0,ACTGAGTGTAAGGATT_F01607,,
deepseek,622,314,936,0,246,,,DeepSeekBackend,deepseek-v4-flash,1783929871.3478541,stage1_annotation,annotation,174120.0,AAACGGGGTCATGCAT_SC24,,
deepseek,622,287,909,0,220,,,DeepSeekBackend,deepseek-v4-flash,1783929871.3544106,stage1_annotation,annotation,9454.0,P2_1_GGAGCAACATCTATGG,,
deepseek,624,243,867,0,198,,,DeepSeekBackend,deepseek-v4-flash,1783929871.7834373,stage1_annotation,annotation,188670.0,TACTTGTTCTGTACGA_SC24,,
deepseek,623,1142,1765,0,1032,,,DeepSeekBackend,deepseek-v4-flash,1783929871.8301363,stage1_annotation,annotation,264009.0,CGCTGGACAGTGGGAT-SC56,,
deepseek,623,224,847,0,152,,,DeepSeekBackend,deepseek-v4-flash,1783929872.1110418,stage1_annotation,annotation,209399.0,P2_5_GGTGTTAGTAGCCTAT,,
deepseek,623,227,850,0,186,,,DeepSeekBackend,deepseek-v4-flash,1783929872.3511145,stage1_annotation,annotation,259796.0,GTCTTCGCATTCTCAT_SC20,,
deepseek,627,368,995,0,313,,,DeepSeekBackend,deepseek-v4-flash,1783929872.6849937,stage1_annotation,annotation,123865.0,CTGTGCTAGAAGGACA_HD67,,
deepseek,630,260,890,0,189,,,DeepSeekBackend,deepseek-v4-flash,1783929872.7352252,stage1_annotation,annotation,281900.0,ACCAGTAAGAACAACT_F02522,,
deepseek,623,265,888,0,214,,,DeepSeekBackend,deepseek-v4-flash,1783929873.0599077,stage1_annotation,annotation,167754.0,P2_1_GGACGTCTCCAAACAC,,
deepseek,620,320,940,0,273,,,DeepSeekBackend,deepseek-v4-flash,1783929873.669995,stage1_annotation,annotation,150868.0,TGACTAGAGCGTCAAG_F01607,,
deepseek,618,3973,4591,0,3906,,,DeepSeekBackend,deepseek-v4-flash,1783929873.7776794,stage1_annotation,annotation,34589.0,7119453_TATCAGGCAGACAAAT,,
deepseek,629,466,1095,0,395,,,DeepSeekBackend,deepseek-v4-flash,1783929873.920426,stage1_annotation,annotation,193035.0,P1_2_TCTCATACAGACGCCT,,
deepseek,628,337,965,0,273,,,DeepSeekBackend,deepseek-v4-flash,1783929873.9664676,stage1_annotation,annotation,56.0,P3_6_AAGACCTGTATCACCA,,
deepseek,622,239,861,0,208,,,DeepSeekBackend,deepseek-v4-flash,1783929874.166263,stage1_annotation,annotation,281735.0,P2_7_CTCGGGACAAATTGCC,,
deepseek,623,359,982,0,315,,,DeepSeekBackend,deepseek-v4-flash,1783929874.4364798,stage1_annotation,annotation,38642.0,P3_6_TCTTCGGTCTCGGACG,,
deepseek,625,308,933,0,269,,,DeepSeekBackend,deepseek-v4-flash,1783929874.8040724,stage1_annotation,annotation,84160.0,CACACAATCAGGATCT-SC155,,
deepseek,624,192,816,0,129,,,DeepSeekBackend,deepseek-v4-flash,1783929874.960501,stage1_annotation,annotation,173785.0,P1_4_GGGCATCAGACCTTTG,,
deepseek,623,4096,4719,0,4096,,,DeepSeekBackend,deepseek-v4-flash,1783929875.4880674,stage1_annotation,annotation,258692.0,ATCGAGTTCCAGAAGG_F01607,,
deepseek,629,378,1007,0,325,,,DeepSeekBackend,deepseek-v4-flash,1783929875.7409801,stage1_annotation,annotation,179134.0,ACGGGCTTCCGAGCCA_HD67,,
deepseek,626,290,916,0,249,,,DeepSeekBackend,deepseek-v4-flash,1783929875.7973702,stage1_annotation,annotation,222111.0,P1_3_TGGTTAGAGAAACCAT,,
deepseek,621,467,1088,0,407,,,DeepSeekBackend,deepseek-v4-flash,1783929875.832337,stage1_annotation,annotation,155620.0,ATCTGCCCATGAACCT_HD66,,
deepseek,624,374,998,0,309,,,DeepSeekBackend,deepseek-v4-flash,1783929876.2261274,stage1_annotation,annotation,298514.0,P1_2_CGAGAAGCATGTAAGA,,
deepseek,620,254,874,0,249,,,DeepSeekBackend,deepseek-v4-flash,1783929877.047911,stage1_annotation,annotation,269537.0,GCGGGTTGTAGAAGGA_F01494,,
deepseek,624,452,1076,0,396,,,DeepSeekBackend,deepseek-v4-flash,1783929877.3744724,stage1_annotation,annotation,189327.0,P1_4_ACACCAAGTGCTAGCC,,
deepseek,624,428,1052,0,361,,,DeepSeekBackend,deepseek-v4-flash,1783929877.5909817,stage1_annotation,annotation,244233.0,P1_3_ACACCAAGTGCTAGCC,,
deepseek,619,1517,2136,0,1440,,,DeepSeekBackend,deepseek-v4-flash,1783929877.7937107,stage1_annotation,annotation,159218.0,CGTCTACAGAGGGCTT_F02528,,
deepseek,625,362,987,0,283,,,DeepSeekBackend,deepseek-v4-flash,1783929878.138879,stage1_annotation,annotation,232146.0,P1_2_ACACCAAGTGCTAGCC,,
deepseek,627,389,1016,0,327,,,DeepSeekBackend,deepseek-v4-flash,1783929878.433081,stage1_annotation,annotation,309325.0,P1_4_GTACTTTAGCGGATCA,,
deepseek,624,257,881,0,203,,,DeepSeekBackend,deepseek-v4-flash,1783929879.3114765,stage1_annotation,annotation,187728.0,P1_4_CGAGAAGCATGTAAGA,,
deepseek,626,406,1032,0,360,,,DeepSeekBackend,deepseek-v4-flash,1783929880.2098463,stage1_annotation,annotation,105205.0,P1_2_TGGTTAGAGAAACCAT,,
deepseek,626,597,1223,0,530,,,DeepSeekBackend,deepseek-v4-flash,1783929880.2832813,stage1_annotation,annotation,154124.0,P1_4_TGGTTAGAGAAACCAT,,
deepseek,626,448,1074,0,376,,,DeepSeekBackend,deepseek-v4-flash,1783929880.7581732,stage1_annotation,annotation,24354.0,P1_2_GGGCATCAGACCTTTG,,
deepseek,621,918,1539,0,825,,,DeepSeekBackend,deepseek-v4-flash,1783929880.7862518,stage1_annotation,annotation,125341.0,AGAGTGGGTCCTGCTT_F02526,,
deepseek,627,601,1228,0,535,,,DeepSeekBackend,deepseek-v4-flash,1783929881.458981,stage1_annotation,annotation,79986.0,P1_2_GTACTTTAGCGGATCA,,
deepseek,620,344,964,0,288,,,DeepSeekBackend,deepseek-v4-flash,1783929881.73173,stage1_annotation,annotation,329467.0,GTCACAAGTTCTGGTA_F01367,,
deepseek,624,733,1357,0,679,,,DeepSeekBackend,deepseek-v4-flash,1783929881.8813472,stage1_annotation,annotation,10976.0,P1_3_GGGCATCAGACCTTTG,,
deepseek,625,726,1351,0,676,,,DeepSeekBackend,deepseek-v4-flash,1783929882.0520372,stage1_annotation,annotation,267602.0,P1_3_CGAGAAGCATGTAAGA,,
deepseek,621,441,1062,0,390,,,DeepSeekBackend,deepseek-v4-flash,1783929882.2335129,stage1_annotation,annotation,211534.0,CTAAGACAGTACCGGA-1-HCATisStab7587202,,
deepseek,621,573,1194,0,492,,,DeepSeekBackend,deepseek-v4-flash,1783929883.1455598,stage1_annotation,annotation,254399.0,TCATGTTGTATCGATC_SC86,,
deepseek,624,1312,1936,0,1249,,,DeepSeekBackend,deepseek-v4-flash,1783929883.72301,stage1_annotation,annotation,102294.0,GAACATCGTCGAGATG_F02526,,
deepseek,618,377,995,0,337,,,DeepSeekBackend,deepseek-v4-flash,1783929884.495525,stage1_annotation,annotation,286515.0,TGTGGTAAGCCCAGCT-1-HCATisStab7747197,,
deepseek,621,601,1222,0,544,,,DeepSeekBackend,deepseek-v4-flash,1783929884.9079971,stage1_annotation,annotation,59024.0,AACCTTTAGCATCGAG_SC86,,
deepseek,619,2416,3035,0,2411,,,DeepSeekBackend,deepseek-v4-flash,1783929884.914759,stage1_annotation,annotation,89063.0,CGTGTCTAGATCCTGT_F01851,,
deepseek,627,1034,1661,0,935,,,DeepSeekBackend,deepseek-v4-flash,1783929884.9324644,stage1_annotation,annotation,155303.0,P1_3_GTACTTTAGCGGATCA,,
deepseek,618,408,1026,0,351,,,DeepSeekBackend,deepseek-v4-flash,1783929885.216699,stage1_annotation,annotation,33445.0,CTTTGCGCACAAGCCC-1-HCATisStab7747199,,
deepseek,619,572,1191,0,528,,,DeepSeekBackend,deepseek-v4-flash,1783929885.2362893,stage1_annotation,annotation,163310.0,TATCAGGCACTTGAGT_SC143,,
deepseek,619,759,1378,0,687,,,DeepSeekBackend,deepseek-v4-flash,1783929885.3772273,stage1_annotation,annotation,257960.0,GGGTTATGTCCGCAGT_SC86,,
deepseek,619,525,1144,0,470,,,DeepSeekBackend,deepseek-v4-flash,1783929885.7211902,stage1_annotation,annotation,199072.0,AGATAGATCTGAATGC_SC86,,
deepseek,619,581,1200,0,526,,,DeepSeekBackend,deepseek-v4-flash,1783929886.8787441,stage1_annotation,annotation,323135.0,ATGATCGCACTTCAAG_SC86,,
deepseek,629,1060,1689,0,1016,,,DeepSeekBackend,deepseek-v4-flash,1783929887.106189,stage1_annotation,annotation,183729.0,CATGGCGCAGTCGATT_F02509,,
deepseek,619,760,1379,0,714,,,DeepSeekBackend,deepseek-v4-flash,1783929887.1435435,stage1_annotation,annotation,86891.0,GCTTGGGCAGGACTTT_SC86,,
deepseek,623,1013,1636,0,1008,,,DeepSeekBackend,deepseek-v4-flash,1783929887.6482368,stage1_annotation,annotation,274890.0,GTCTGTCTCGAGATGG_SC86,,
deepseek,621,610,1231,0,558,,,DeepSeekBackend,deepseek-v4-flash,1783929887.8870451,stage1_annotation,annotation,278641.0,TACTTGTAGCAGCCTC-1-HCATisStab7659969,,
deepseek,617,390,1007,0,341,,,DeepSeekBackend,deepseek-v4-flash,1783929888.3599052,stage1_annotation,annotation,319029.0,CAAGTTGGTATTCGTG-1-HCATisStab7747197,,
deepseek,618,325,943,0,320,,,DeepSeekBackend,deepseek-v4-flash,1783929888.6308022,stage1_annotation,annotation,169089.0,TACTCGCCACACTGCG-1-HCATisStab7747197,,
deepseek,618,3027,3645,0,2972,,,DeepSeekBackend,deepseek-v4-flash,1783929888.8980725,stage1_annotation,annotation,261156.0,P1_2_GATTCAGTCAGTTCGA,,
deepseek,618,590,1208,0,534,,,DeepSeekBackend,deepseek-v4-flash,1783929888.907081,stage1_annotation,annotation,118520.0,CGACCTTAGACAGGCT-1-HCATisStab7747198,,
deepseek,618,299,917,0,231,,,DeepSeekBackend,deepseek-v4-flash,1783929888.9510226,stage1_annotation,annotation,313886.0,AGATTGCTCCGTAGGC-1-HCATisStab7747198,,
deepseek,619,361,980,0,328,,,DeepSeekBackend,deepseek-v4-flash,1783929889.1073413,stage1_annotation,annotation,316312.0,GTTCTCGGTTTGACAC_F02526,,
deepseek,620,678,1298,0,606,,,DeepSeekBackend,deepseek-v4-flash,1783929889.1377513,stage1_annotation,annotation,297638.0,GATTCGAAGTGGTGAC_SC86,,
deepseek,618,218,836,0,213,,,DeepSeekBackend,deepseek-v4-flash,1783929889.542427,stage1_annotation,annotation,325560.0,TCGGGACCAATGGAAT_F02611,,
deepseek,618,414,1032,0,360,,,DeepSeekBackend,deepseek-v4-flash,1783929889.546658,stage1_annotation,annotation,107334.0,GCATACAAGGGTCGAT-1-HCATisStab7747198,,
deepseek,622,776,1398,0,712,,,DeepSeekBackend,deepseek-v4-flash,1783929889.9745405,stage1_annotation,annotation,88372.0,TACTTGTGTCTAACGT_F02526,,
deepseek,619,509,1128,0,454,,,DeepSeekBackend,deepseek-v4-flash,1783929890.6883187,stage1_annotation,annotation,268232.0,AACGTTGAGTTGAGAT-1-HCATisStab7659969,,
deepseek,618,441,1059,0,390,,,DeepSeekBackend,deepseek-v4-flash,1783929890.760349,stage1_annotation,annotation,67357.0,CTACACCTCGTGTAGT-1-HCATisStab7747197,,
deepseek,619,247,866,0,185,,,DeepSeekBackend,deepseek-v4-flash,1783929890.9296174,stage1_annotation,annotation,219700.0,CATCAAGCATTCCTCG-1-HCATisStab7747199,,
deepseek,623,684,1307,0,616,,,DeepSeekBackend,deepseek-v4-flash,1783929891.2490742,stage1_annotation,annotation,135265.0,CCTCACAGTCCATAGT_SC86,,
deepseek,618,300,918,0,224,,,DeepSeekBackend,deepseek-v4-flash,1783929891.3304238,stage1_annotation,annotation,198593.0,ACTATCTGTCGTCTTC-1-HCATisStab7747197,,
deepseek,619,986,1605,0,920,,,DeepSeekBackend,deepseek-v4-flash,1783929892.0229456,stage1_annotation,annotation,98211.0,AAGAACATCCAGTACA_SC86,,
deepseek,623,332,955,0,290,,,DeepSeekBackend,deepseek-v4-flash,1783929892.0320287,stage1_annotation,annotation,296717.0,CCGTACTGTCAGAAGC-1-HCATisStab7659971,,
deepseek,623,431,1054,0,380,,,DeepSeekBackend,deepseek-v4-flash,1783929892.0985272,stage1_annotation,annotation,87771.0,CTAGTGATCCACGAAT_HD67,,
deepseek,618,306,924,0,259,,,DeepSeekBackend,deepseek-v4-flash,1783929892.2764585,stage1_annotation,annotation,185206.0,AGCGGTCTCGTTACAG-1-HCATisStab7747197,,
deepseek,618,511,1129,0,464,,,DeepSeekBackend,deepseek-v4-flash,1783929892.680243,stage1_annotation,annotation,259465.0,AACTCTTTCACGATGT_F00409,,
deepseek,620,340,960,0,278,,,DeepSeekBackend,deepseek-v4-flash,1783929892.9685276,stage1_annotation,annotation,314177.0,AAGGCAGAGGACATTA_F01365,,
deepseek,619,353,972,0,307,,,DeepSeekBackend,deepseek-v4-flash,1783929892.9722497,stage1_annotation,annotation,14264.0,P3_5_TTGGCAAGTTCGGCAC,,
deepseek,622,465,1087,0,416,,,DeepSeekBackend,deepseek-v4-flash,1783929893.0950162,stage1_annotation,annotation,312326.0,CACCACTTCACGCATA-1-HCATisStab7659971,,
deepseek,622,780,1402,0,711,,,DeepSeekBackend,deepseek-v4-flash,1783929893.1419165,stage1_annotation,annotation,237670.0,P3_5_CCTAGCTTCTTCGGTC,,
deepseek,628,227,855,0,178,,,DeepSeekBackend,deepseek-v4-flash,1783929893.234082,stage1_annotation,annotation,159776.0,TAGTGGTCACACATGT_HD67,,
deepseek,631,252,883,0,249,,,DeepSeekBackend,deepseek-v4-flash,1783929894.3212087,stage1_annotation,annotation,98306.0,AACCGCGTCTGCTGCT_HD67,,
deepseek,626,300,926,0,244,,,DeepSeekBackend,deepseek-v4-flash,1783929894.6123798,stage1_annotation,annotation,174274.0,CTCGTACGTACCGTAT_SC18,,
deepseek,627,289,916,0,242,,,DeepSeekBackend,deepseek-v4-flash,1783929894.6673355,stage1_annotation,annotation,24837.0,CAGATCACATCTCCCA-SC155,,
deepseek,622,568,1190,0,486,,,DeepSeekBackend,deepseek-v4-flash,1783929895.0931673,stage1_annotation,annotation,56375.0,GACACGCAGGTCATCT_HD67,,
deepseek,618,584,1202,0,529,,,DeepSeekBackend,deepseek-v4-flash,1783929895.1056192,stage1_annotation,annotation,251405.0,AGTGAGGAGCTGATAA-1-HCATisStab7659969,,
deepseek,629,255,884,0,195,,,DeepSeekBackend,deepseek-v4-flash,1783929895.2434223,stage1_annotation,annotation,272244.0,TAAGAGACAAGAGGCT_F02528,,
deepseek,627,360,987,0,291,,,DeepSeekBackend,deepseek-v4-flash,1783929895.256816,stage1_annotation,annotation,328221.0,CCCTCCTGTCAAACTC-SC45,,
deepseek,621,589,1210,0,543,,,DeepSeekBackend,deepseek-v4-flash,1783929895.312697,stage1_annotation,annotation,33258.0,P3_5_GACTGCGGTTCCGGCA,,
deepseek,626,272,898,0,215,,,DeepSeekBackend,deepseek-v4-flash,1783929895.3671486,stage1_annotation,annotation,290290.0,CTTCTCTGTATGAATG-SC45,,
deepseek,620,560,1180,0,509,,,DeepSeekBackend,deepseek-v4-flash,1783929895.3916836,stage1_annotation,annotation,211553.0,TGGGAAGAGATTACCC-1-HCATisStab7747198,,
deepseek,627,238,865,0,191,,,DeepSeekBackend,deepseek-v4-flash,1783929895.7225342,stage1_annotation,annotation,115424.0,GCTGCAGAGCCCAACC_F01851,,
deepseek,625,249,874,0,206,,,DeepSeekBackend,deepseek-v4-flash,1783929895.7319906,stage1_annotation,annotation,330455.0,AATGGCTTCATGCAGT_SC85,,
deepseek,622,391,1013,0,314,,,DeepSeekBackend,deepseek-v4-flash,1783929896.1981723,stage1_annotation,annotation,53105.0,TTGCCGTCAACGATCT_F02092,,
deepseek,626,636,1262,0,579,,,DeepSeekBackend,deepseek-v4-flash,1783929896.2544458,stage1_annotation,annotation,260293.0,GGTATTGAGAACAACT_F01607,,
deepseek,623,364,987,0,313,,,DeepSeekBackend,deepseek-v4-flash,1783929896.3608096,stage1_annotation,annotation,259798.0,AGTAGTCAGCCTATGT_SC20,,
deepseek,625,295,920,0,235,,,DeepSeekBackend,deepseek-v4-flash,1783929896.488427,stage1_annotation,annotation,327567.0,GTTCATTCACCCATGG_F02524,,
deepseek,622,486,1108,0,431,,,DeepSeekBackend,deepseek-v4-flash,1783929898.1719992,stage1_annotation,annotation,60899.0,TTCGGTCAGTGTAGAT_SC86,,
deepseek,616,559,1175,0,491,,,DeepSeekBackend,deepseek-v4-flash,1783929898.6595128,stage1_annotation,annotation,283564.0,AAGAACACACACGGAA_SC86,,
deepseek,620,325,945,0,266,,,DeepSeekBackend,deepseek-v4-flash,1783929898.9060972,stage1_annotation,annotation,245653.0,AAGGAGCAGCCAGTTT-SC155,,
deepseek,622,601,1223,0,548,,,DeepSeekBackend,deepseek-v4-flash,1783929898.9824355,stage1_annotation,annotation,248704.0,CGGAGTCGTCATGCAT-1-HCATisStab7659971,,
deepseek,623,391,1014,0,338,,,DeepSeekBackend,deepseek-v4-flash,1783929898.9930913,stage1_annotation,annotation,235158.0,TTGACTTTCAGTTAGC-SC156,,
deepseek,659,2070,2729,512,1991,,,DeepSeekBackend,deepseek-v4-flash,1783929899.072879,stage1_annotation,annotation,258692.0,ATCGAGTTCCAGAAGG_F01607,,
deepseek,621,415,1036,0,339,,,DeepSeekBackend,deepseek-v4-flash,1783929899.2578402,stage1_annotation,annotation,198297.0,GGGACTCAGTGACCTT_SC86,,
deepseek,619,277,896,0,226,,,DeepSeekBackend,deepseek-v4-flash,1783929899.4207795,stage1_annotation,annotation,92815.0,GCAGTTATCAGGCAAG-SC156,,
deepseek,620,516,1136,0,460,,,DeepSeekBackend,deepseek-v4-flash,1783929899.8090556,stage1_annotation,annotation,132192.0,P3_5_TCGAGGCCACTTACGA,,
deepseek,623,464,1087,0,421,,,DeepSeekBackend,deepseek-v4-flash,1783929900.0470593,stage1_annotation,annotation,200715.0,P3_5_GACAGAGGTGTGAATA,,
deepseek,619,472,1091,0,425,,,DeepSeekBackend,deepseek-v4-flash,1783929900.772346,stage1_annotation,annotation,185883.0,GGAGATGGTAAGGCTG_SC86,,
deepseek,621,480,1101,0,415,,,DeepSeekBackend,deepseek-v4-flash,1783929900.8149931,stage1_annotation,annotation,275401.0,GCGCAGTTCACCAGGC_F02522,,
deepseek,621,536,1157,0,422,,,DeepSeekBackend,deepseek-v4-flash,1783929900.9050422,stage1_annotation,annotation,249276.0,TGTCCACAGCGCCTCA_SC141,,
deepseek,624,698,1322,0,657,,,DeepSeekBackend,deepseek-v4-flash,1783929901.0394223,stage1_annotation,annotation,173891.0,CGATCGGCAATGACCT_HD68,,
deepseek,626,580,1206,0,520,,,DeepSeekBackend,deepseek-v4-flash,1783929901.455012,stage1_annotation,annotation,87167.0,CGCTTCAGTCATATGC_F02522,,
deepseek,619,561,1180,0,483,,,DeepSeekBackend,deepseek-v4-flash,1783929901.6656568,stage1_annotation,annotation,221107.0,TAAGCGTGTCGCGGTT_SC143,,
deepseek,616,500,1116,0,413,,,DeepSeekBackend,deepseek-v4-flash,1783929901.6944053,stage1_annotation,annotation,272635.0,ACGTAGTAGTCCCAAT_SC86,,
deepseek,618,492,1110,0,441,,,DeepSeekBackend,deepseek-v4-flash,1783929901.990787,stage1_annotation,annotation,180539.0,ATCACGAAGGACCACA_F02617,,
deepseek,622,311,933,0,244,,,DeepSeekBackend,deepseek-v4-flash,1783929902.3031592,stage1_annotation,annotation,70756.0,CGGCTAGAGGTGATAT_HD68,,
deepseek,626,340,966,0,298,,,DeepSeekBackend,deepseek-v4-flash,1783929902.8847532,stage1_annotation,annotation,49926.0,TTTATGCCACTCAGGC_F02617,,
deepseek,619,372,991,0,312,,,DeepSeekBackend,deepseek-v4-flash,1783929903.3649461,stage1_annotation,annotation,120455.0,P2_1_AACTCTTGTGACGGTA,,
deepseek,624,351,975,0,298,,,DeepSeekBackend,deepseek-v4-flash,1783929903.3680155,stage1_annotation,annotation,320647.0,CTCGGAGTCCACGTTC_F02524,,
deepseek,621,889,1510,0,832,,,DeepSeekBackend,deepseek-v4-flash,1783929903.459592,stage1_annotation,annotation,236747.0,P2_2_AGTGGGACAAGCGAGT,,
deepseek,625,245,870,0,167,,,DeepSeekBackend,deepseek-v4-flash,1783929904.5283241,stage1_annotation,annotation,66534.0,ATGTGTGAGCGTTGCC_SC20,,
deepseek,623,499,1122,0,445,,,DeepSeekBackend,deepseek-v4-flash,1783929904.6338727,stage1_annotation,annotation,157596.0,ATTATCCTCAGCTGGC-SC156,,
deepseek,624,392,1016,0,322,,,DeepSeekBackend,deepseek-v4-flash,1783929904.7696133,stage1_annotation,annotation,89079.0,CGTGTCTGTACGCTGC_F02617,,
deepseek,622,622,1244,0,517,,,DeepSeekBackend,deepseek-v4-flash,1783929904.795724,stage1_annotation,annotation,81450.0,7185212_TGACTTTAGTGGACGT,,
deepseek,619,357,976,0,306,,,DeepSeekBackend,deepseek-v4-flash,1783929905.7820778,stage1_annotation,annotation,332793.0,P3_7_TCTCATAAGCCCGAAA,,
deepseek,625,329,954,0,273,,,DeepSeekBackend,deepseek-v4-flash,1783929905.8510067,stage1_annotation,annotation,59369.0,CTGCGGATCTGGTTCC_F01366,,
deepseek,622,520,1142,0,474,,,DeepSeekBackend,deepseek-v4-flash,1783929906.0539184,stage1_annotation,annotation,245218.0,CCTCTAGAGTGATCGG_SC144,,
deepseek,624,1070,1694,0,998,,,DeepSeekBackend,deepseek-v4-flash,1783929906.6716816,stage1_annotation,annotation,171683.0,CATACAGAGAATCGAT_SC143,,
deepseek,624,618,1242,0,579,,,DeepSeekBackend,deepseek-v4-flash,1783929907.2972398,stage1_annotation,annotation,114970.0,GCCTCTATCAAGCCTA_HD67,,
deepseek,622,700,1322,0,628,,,DeepSeekBackend,deepseek-v4-flash,1783929907.3400738,stage1_annotation,annotation,327399.0,CATACTTCACCTCAGG_SC144,,
deepseek,620,770,1390,0,700,,,DeepSeekBackend,deepseek-v4-flash,1783929907.606239,stage1_annotation,annotation,308248.0,P2_7_GATCGATGTTAGTGGG,,
deepseek,624,919,1543,0,866,,,DeepSeekBackend,deepseek-v4-flash,1783929908.5628169,stage1_annotation,annotation,228111.0,ACGCCGAAGTGAACAT_F02528,,
deepseek,623,823,1446,0,776,,,DeepSeekBackend,deepseek-v4-flash,1783929909.433643,stage1_annotation,annotation,286973.0,TTAGGACTCGTCCAGG_SC27,,
deepseek,619,724,1343,0,636,,,DeepSeekBackend,deepseek-v4-flash,1783929910.3418155,stage1_annotation,annotation,306092.0,TTGACTTCATCCCATC_F02522,,
deepseek,621,854,1475,0,802,,,DeepSeekBackend,deepseek-v4-flash,1783929912.7943108,stage1_annotation,annotation,294952.0,GTAACTGTCCTGCAGG_F02607,,
deepseek,623,1612,2235,0,1522,,,DeepSeekBackend,deepseek-v4-flash,1783929915.8299167,stage1_annotation,annotation,216603.0,ACGAGGAAGGCTACGA_F02522,,
deepseek,622,1509,2131,0,1504,,,DeepSeekBackend,deepseek-v4-flash,1783929916.8675497,stage1_annotation,annotation,156991.0,AGCATACCAAGTTCTG_F02617,,
deepseek,60,41,101,0,39,,,DeepSeekBackend,deepseek-v4-flash,1783929917.780321,llm_judge_binary,evaluation,,,0.0,0.0
deepseek,60,31,91,0,29,,,DeepSeekBackend,deepseek-v4-flash,1783929917.8449595,llm_judge_binary,evaluation,,,1.0,1.0
deepseek,60,36,96,0,34,,,DeepSeekBackend,deepseek-v4-flash,1783929917.8554819,llm_judge_binary,evaluation,,,8.0,8.0
deepseek,60,36,96,0,34,,,DeepSeekBackend,deepseek-v4-flash,1783929917.9325836,llm_judge_binary,evaluation,,,13.0,13.0
deepseek,60,34,94,0,32,,,DeepSeekBackend,deepseek-v4-flash,1783929917.9409559,llm_judge_binary,evaluation,,,14.0,14.0
deepseek,60,48,108,0,46,,,DeepSeekBackend,deepseek-v4-flash,1783929917.9471698,llm_judge_binary,evaluation,,,5.0,5.0
deepseek,60,37,97,0,35,,,DeepSeekBackend,deepseek-v4-flash,1783929917.9574735,llm_judge_binary,evaluation,,,16.0,16.0
deepseek,61,62,123,0,60,,,DeepSeekBackend,deepseek-v4-flash,1783929917.9715,llm_judge_binary,evaluation,,,4.0,4.0
deepseek,60,60,120,0,58,,,DeepSeekBackend,deepseek-v4-flash,1783929917.9852862,llm_judge_binary,evaluation,,,3.0,3.0
deepseek,60,71,131,0,69,,,DeepSeekBackend,deepseek-v4-flash,1783929918.0253603,llm_judge_binary,evaluation,,,15.0,15.0
deepseek,62,54,116,0,52,,,DeepSeekBackend,deepseek-v4-flash,1783929918.038118,llm_judge_binary,evaluation,,,11.0,11.0
deepseek,60,58,118,0,56,,,DeepSeekBackend,deepseek-v4-flash,1783929918.0827613,llm_judge_binary,evaluation,,,7.0,7.0
deepseek,60,28,88,0,26,,,DeepSeekBackend,deepseek-v4-flash,1783929918.137894,llm_judge_binary,evaluation,,,19.0,19.0
deepseek,60,30,90,0,28,,,DeepSeekBackend,deepseek-v4-flash,1783929918.144168,llm_judge_binary,evaluation,,,18.0,18.0
deepseek,60,55,115,0,53,,,DeepSeekBackend,deepseek-v4-flash,1783929918.2941768,llm_judge_binary,evaluation,,,9.0,9.0
deepseek,60,71,131,0,69,,,DeepSeekBackend,deepseek-v4-flash,1783929918.372297,llm_judge_binary,evaluation,,,17.0,17.0
deepseek,60,132,192,0,130,,,DeepSeekBackend,deepseek-v4-flash,1783929918.6630206,llm_judge_binary,evaluation,,,2.0,2.0
deepseek,65,70,135,0,68,,,DeepSeekBackend,deepseek-v4-flash,1783929919.059262,llm_judge_binary,evaluation,,,23.0,23.0
deepseek,65,81,146,0,79,,,DeepSeekBackend,deepseek-v4-flash,1783929919.0661204,llm_judge_binary,evaluation,,,26.0,26.0
deepseek,65,85,150,0,83,,,DeepSeekBackend,deepseek-v4-flash,1783929919.1684022,llm_judge_binary,evaluation,,,20.0,20.0
deepseek,65,74,139,0,72,,,DeepSeekBackend,deepseek-v4-flash,1783929919.1849453,llm_judge_binary,evaluation,,,30.0,30.0
deepseek,65,75,140,0,73,,,DeepSeekBackend,deepseek-v4-flash,1783929919.198228,llm_judge_binary,evaluation,,,21.0,21.0
deepseek,65,73,138,0,71,,,DeepSeekBackend,deepseek-v4-flash,1783929919.2058198,llm_judge_binary,evaluation,,,24.0,24.0
deepseek,65,71,136,0,69,,,DeepSeekBackend,deepseek-v4-flash,1783929919.2121422,llm_judge_binary,evaluation,,,29.0,29.0
deepseek,65,74,139,0,72,,,DeepSeekBackend,deepseek-v4-flash,1783929919.241488,llm_judge_binary,evaluation,,,28.0,28.0
deepseek,65,77,142,0,75,,,DeepSeekBackend,deepseek-v4-flash,1783929919.2480602,llm_judge_binary,evaluation,,,22.0,22.0
deepseek,66,69,135,0,67,,,DeepSeekBackend,deepseek-v4-flash,1783929919.2545485,llm_judge_binary,evaluation,,,32.0,32.0
deepseek,65,78,143,0,76,,,DeepSeekBackend,deepseek-v4-flash,1783929919.266945,llm_judge_binary,evaluation,,,25.0,25.0
deepseek,65,75,140,0,73,,,DeepSeekBackend,deepseek-v4-flash,1783929919.2768042,llm_judge_binary,evaluation,,,27.0,27.0
deepseek,70,42,112,0,40,,,DeepSeekBackend,deepseek-v4-flash,1783929919.3575847,llm_judge_binary,evaluation,,,35.0,35.0
deepseek,65,76,141,0,74,,,DeepSeekBackend,deepseek-v4-flash,1783929919.4504528,llm_judge_binary,evaluation,,,31.0,31.0
deepseek,65,79,144,0,77,,,DeepSeekBackend,deepseek-v4-flash,1783929919.521268,llm_judge_binary,evaluation,,,34.0,34.0
deepseek,65,78,143,0,76,,,DeepSeekBackend,deepseek-v4-flash,1783929919.5596697,llm_judge_binary,evaluation,,,33.0,33.0
deepseek,60,213,273,0,211,,,DeepSeekBackend,deepseek-v4-flash,1783929919.6885083,llm_judge_binary,evaluation,,,6.0,6.0
deepseek,60,192,252,0,190,,,DeepSeekBackend,deepseek-v4-flash,1783929919.7693355,llm_judge_binary,evaluation,,,10.0,10.0
deepseek,65,75,140,0,73,,,DeepSeekBackend,deepseek-v4-flash,1783929919.8176837,llm_judge_binary,evaluation,,,36.0,36.0
deepseek,68,59,127,0,57,,,DeepSeekBackend,deepseek-v4-flash,1783929920.2223241,llm_judge_binary,evaluation,,,42.0,42.0
deepseek,69,85,154,0,83,,,DeepSeekBackend,deepseek-v4-flash,1783929920.2456858,llm_judge_binary,evaluation,,,38.0,38.0
deepseek,66,47,113,0,45,,,DeepSeekBackend,deepseek-v4-flash,1783929920.2523034,llm_judge_binary,evaluation,,,46.0,46.0
deepseek,66,50,116,0,48,,,DeepSeekBackend,deepseek-v4-flash,1783929920.2570846,llm_judge_binary,evaluation,,,41.0,41.0
deepseek,60,272,332,0,270,,,DeepSeekBackend,deepseek-v4-flash,1783929920.2626233,llm_judge_binary,evaluation,,,12.0,12.0
deepseek,66,57,123,0,55,,,DeepSeekBackend,deepseek-v4-flash,1783929920.276521,llm_judge_binary,evaluation,,,40.0,40.0
deepseek,65,75,140,0,73,,,DeepSeekBackend,deepseek-v4-flash,1783929920.2944477,llm_judge_binary,evaluation,,,39.0,39.0
deepseek,66,76,142,0,74,,,DeepSeekBackend,deepseek-v4-flash,1783929920.3095126,llm_judge_binary,evaluation,,,48.0,48.0
deepseek,66,57,123,0,55,,,DeepSeekBackend,deepseek-v4-flash,1783929920.3692477,llm_judge_binary,evaluation,,,47.0,47.0
deepseek,69,72,141,0,70,,,DeepSeekBackend,deepseek-v4-flash,1783929920.4081407,llm_judge_binary,evaluation,,,43.0,43.0
deepseek,66,87,153,0,85,,,DeepSeekBackend,deepseek-v4-flash,1783929920.5780797,llm_judge_binary,evaluation,,,44.0,44.0
deepseek,66,70,136,0,68,,,DeepSeekBackend,deepseek-v4-flash,1783929920.624004,llm_judge_binary,evaluation,,,49.0,49.0
deepseek,66,56,122,0,54,,,DeepSeekBackend,deepseek-v4-flash,1783929920.6782112,llm_judge_binary,evaluation,,,52.0,52.0
deepseek,65,96,161,0,94,,,DeepSeekBackend,deepseek-v4-flash,1783929920.6910796,llm_judge_binary,evaluation,,,37.0,37.0
deepseek,66,55,121,0,53,,,DeepSeekBackend,deepseek-v4-flash,1783929920.8556623,llm_judge_binary,evaluation,,,55.0,55.0
deepseek,72,126,198,0,124,,,DeepSeekBackend,deepseek-v4-flash,1783929921.0973427,llm_judge_binary,evaluation,,,45.0,45.0
deepseek,66,37,103,0,35,,,DeepSeekBackend,deepseek-v4-flash,1783929921.185456,llm_judge_binary,evaluation,,,57.0,57.0
deepseek,66,132,198,0,130,,,DeepSeekBackend,deepseek-v4-flash,1783929921.2488298,llm_judge_binary,evaluation,,,51.0,51.0
deepseek,72,72,144,0,70,,,DeepSeekBackend,deepseek-v4-flash,1783929921.393575,llm_judge_binary,evaluation,,,60.0,60.0
deepseek,66,71,137,0,69,,,DeepSeekBackend,deepseek-v4-flash,1783929921.474606,llm_judge_binary,evaluation,,,61.0,61.0
deepseek,72,57,129,0,55,,,DeepSeekBackend,deepseek-v4-flash,1783929921.513908,llm_judge_binary,evaluation,,,63.0,63.0
deepseek,66,157,223,0,155,,,DeepSeekBackend,deepseek-v4-flash,1783929921.5608842,llm_judge_binary,evaluation,,,50.0,50.0
deepseek,66,92,158,0,90,,,DeepSeekBackend,deepseek-v4-flash,1783929921.5768626,llm_judge_binary,evaluation,,,56.0,56.0
deepseek,66,67,133,0,65,,,DeepSeekBackend,deepseek-v4-flash,1783929921.7421744,llm_judge_binary,evaluation,,,65.0,65.0
deepseek,67,85,152,0,83,,,DeepSeekBackend,deepseek-v4-flash,1783929921.765315,llm_judge_binary,evaluation,,,64.0,64.0
deepseek,72,62,134,0,60,,,DeepSeekBackend,deepseek-v4-flash,1783929921.7726943,llm_judge_binary,evaluation,,,67.0,67.0
deepseek,69,71,140,0,69,,,DeepSeekBackend,deepseek-v4-flash,1783929921.8045874,llm_judge_binary,evaluation,,,69.0,69.0
deepseek,66,121,187,0,119,,,DeepSeekBackend,deepseek-v4-flash,1783929921.8259509,llm_judge_binary,evaluation,,,54.0,54.0
deepseek,67,61,128,0,59,,,DeepSeekBackend,deepseek-v4-flash,1783929921.8802042,llm_judge_binary,evaluation,,,70.0,70.0
deepseek,67,79,146,0,77,,,DeepSeekBackend,deepseek-v4-flash,1783929921.9098816,llm_judge_binary,evaluation,,,68.0,68.0
deepseek,67,103,170,0,101,,,DeepSeekBackend,deepseek-v4-flash,1783929921.9913876,llm_judge_binary,evaluation,,,62.0,62.0
deepseek,67,69,136,0,67,,,DeepSeekBackend,deepseek-v4-flash,1783929921.9989345,llm_judge_binary,evaluation,,,66.0,66.0
deepseek,67,80,147,0,78,,,DeepSeekBackend,deepseek-v4-flash,1783929922.3334944,llm_judge_binary,evaluation,,,71.0,71.0
deepseek,67,53,120,0,51,,,DeepSeekBackend,deepseek-v4-flash,1783929922.409214,llm_judge_binary,evaluation,,,73.0,73.0
deepseek,66,152,218,0,150,,,DeepSeekBackend,deepseek-v4-flash,1783929922.4192061,llm_judge_binary,evaluation,,,58.0,58.0
deepseek,66,161,227,0,159,,,DeepSeekBackend,deepseek-v4-flash,1783929922.4771342,llm_judge_binary,evaluation,,,59.0,59.0
deepseek,67,73,140,0,71,,,DeepSeekBackend,deepseek-v4-flash,1783929922.5075393,llm_judge_binary,evaluation,,,74.0,74.0
deepseek,67,67,134,0,65,,,DeepSeekBackend,deepseek-v4-flash,1783929922.719395,llm_judge_binary,evaluation,,,77.0,77.0
deepseek,60,45,105,0,43,,,DeepSeekBackend,deepseek-v4-flash,1783929922.7729993,llm_judge_binary,evaluation,,,80.0,80.0
deepseek,60,33,93,0,31,,,DeepSeekBackend,deepseek-v4-flash,1783929922.8137107,llm_judge_binary,evaluation,,,82.0,82.0
deepseek,60,32,92,0,30,,,DeepSeekBackend,deepseek-v4-flash,1783929922.8251529,llm_judge_binary,evaluation,,,83.0,83.0
deepseek,61,58,119,0,56,,,DeepSeekBackend,deepseek-v4-flash,1783929922.8642616,llm_judge_binary,evaluation,,,81.0,81.0
deepseek,61,50,111,0,48,,,DeepSeekBackend,deepseek-v4-flash,1783929922.8804555,llm_judge_binary,evaluation,,,84.0,84.0
deepseek,67,76,143,0,74,,,DeepSeekBackend,deepseek-v4-flash,1783929922.9538207,llm_judge_binary,evaluation,,,78.0,78.0
deepseek,61,51,112,0,49,,,DeepSeekBackend,deepseek-v4-flash,1783929922.9653678,llm_judge_binary,evaluation,,,85.0,85.0
deepseek,66,109,175,0,107,,,DeepSeekBackend,deepseek-v4-flash,1783929923.0284753,llm_judge_binary,evaluation,,,72.0,72.0
deepseek,67,92,159,0,90,,,DeepSeekBackend,deepseek-v4-flash,1783929923.0504346,llm_judge_binary,evaluation,,,76.0,76.0
deepseek,60,57,117,0,55,,,DeepSeekBackend,deepseek-v4-flash,1783929923.0877676,llm_judge_binary,evaluation,,,87.0,87.0
deepseek,60,36,96,0,34,,,DeepSeekBackend,deepseek-v4-flash,1783929923.203285,llm_judge_binary,evaluation,,,88.0,88.0
deepseek,61,56,117,0,54,,,DeepSeekBackend,deepseek-v4-flash,1783929923.2293227,llm_judge_binary,evaluation,,,86.0,86.0
deepseek,67,85,152,0,83,,,DeepSeekBackend,deepseek-v4-flash,1783929923.2354167,llm_judge_binary,evaluation,,,79.0,79.0
deepseek,66,294,360,0,292,,,DeepSeekBackend,deepseek-v4-flash,1783929923.4749918,llm_judge_binary,evaluation,,,53.0,53.0
deepseek,61,49,110,0,47,,,DeepSeekBackend,deepseek-v4-flash,1783929923.4811404,llm_judge_binary,evaluation,,,89.0,89.0
deepseek,61,60,121,0,58,,,DeepSeekBackend,deepseek-v4-flash,1783929923.5707643,llm_judge_binary,evaluation,,,90.0,90.0
deepseek,60,65,125,0,63,,,DeepSeekBackend,deepseek-v4-flash,1783929923.6120195,llm_judge_binary,evaluation,,,91.0,91.0
deepseek,60,46,106,0,44,,,DeepSeekBackend,deepseek-v4-flash,1783929923.6635597,llm_judge_binary,evaluation,,,92.0,92.0
deepseek,61,41,102,0,39,,,DeepSeekBackend,deepseek-v4-flash,1783929923.7332048,llm_judge_binary,evaluation,,,99.0,99.0
deepseek,61,55,116,0,53,,,DeepSeekBackend,deepseek-v4-flash,1783929923.8335247,llm_judge_binary,evaluation,,,94.0,94.0
deepseek,63,54,117,0,52,,,DeepSeekBackend,deepseek-v4-flash,1783929923.8991487,llm_judge_binary,evaluation,,,96.0,96.0
deepseek,60,39,99,0,37,,,DeepSeekBackend,deepseek-v4-flash,1783929923.917515,llm_judge_binary,evaluation,,,98.0,98.0
deepseek,61,45,106,0,43,,,DeepSeekBackend,deepseek-v4-flash,1783929923.9885218,llm_judge_binary,evaluation,,,97.0,97.0
deepseek,64,67,131,0,65,,,DeepSeekBackend,deepseek-v4-flash,1783929924.0190456,llm_judge_binary,evaluation,,,95.0,95.0
deepseek,63,60,123,0,58,,,DeepSeekBackend,deepseek-v4-flash,1783929924.0452924,llm_judge_binary,evaluation,,,93.0,93.0
deepseek,66,51,117,0,49,,,DeepSeekBackend,deepseek-v4-flash,1783929924.11729,llm_judge_binary,evaluation,,,105.0,105.0
deepseek,66,48,114,0,46,,,DeepSeekBackend,deepseek-v4-flash,1783929924.2239342,llm_judge_binary,evaluation,,,104.0,104.0
deepseek,61,68,129,0,66,,,DeepSeekBackend,deepseek-v4-flash,1783929924.2328,llm_judge_binary,evaluation,,,100.0,100.0
deepseek,63,69,132,0,67,,,DeepSeekBackend,deepseek-v4-flash,1783929924.3682594,llm_judge_binary,evaluation,,,102.0,102.0
deepseek,66,49,115,0,47,,,DeepSeekBackend,deepseek-v4-flash,1783929924.4072134,llm_judge_binary,evaluation,,,107.0,107.0
deepseek,66,48,114,0,46,,,DeepSeekBackend,deepseek-v4-flash,1783929924.5515842,llm_judge_binary,evaluation,,,109.0,109.0
deepseek,66,41,107,0,39,,,DeepSeekBackend,deepseek-v4-flash,1783929924.5708432,llm_judge_binary,evaluation,,,112.0,112.0
deepseek,66,267,333,0,265,,,DeepSeekBackend,deepseek-v4-flash,1783929924.5898209,llm_judge_binary,evaluation,,,75.0,75.0
deepseek,61,80,141,0,78,,,DeepSeekBackend,deepseek-v4-flash,1783929924.6114297,llm_judge_binary,evaluation,,,101.0,101.0
deepseek,63,112,175,0,110,,,DeepSeekBackend,deepseek-v4-flash,1783929924.664715,llm_judge_binary,evaluation,,,103.0,103.0
deepseek,66,33,99,0,31,,,DeepSeekBackend,deepseek-v4-flash,1783929924.678888,llm_judge_binary,evaluation,,,114.0,114.0
deepseek,66,48,114,0,46,,,DeepSeekBackend,deepseek-v4-flash,1783929924.7210116,llm_judge_binary,evaluation,,,111.0,111.0
deepseek,66,55,121,0,53,,,DeepSeekBackend,deepseek-v4-flash,1783929924.917736,llm_judge_binary,evaluation,,,115.0,115.0
deepseek,68,90,158,0,88,,,DeepSeekBackend,deepseek-v4-flash,1783929924.9401202,llm_judge_binary,evaluation,,,106.0,106.0
deepseek,63,90,153,0,88,,,DeepSeekBackend,deepseek-v4-flash,1783929925.0752206,llm_judge_binary,evaluation,,,110.0,110.0
deepseek,66,41,107,0,39,,,DeepSeekBackend,deepseek-v4-flash,1783929925.094079,llm_judge_binary,evaluation,,,118.0,118.0
deepseek,60,41,101,0,39,,,DeepSeekBackend,deepseek-v4-flash,1783929925.2700016,llm_judge_binary,evaluation,,,122.0,122.0
deepseek,66,44,110,0,42,,,DeepSeekBackend,deepseek-v4-flash,1783929925.349415,llm_judge_binary,evaluation,,,121.0,121.0
deepseek,60,35,95,0,33,,,DeepSeekBackend,deepseek-v4-flash,1783929925.4263825,llm_judge_binary,evaluation,,,124.0,124.0
deepseek,60,35,95,0,33,,,DeepSeekBackend,deepseek-v4-flash,1783929925.4591868,llm_judge_binary,evaluation,,,123.0,123.0
deepseek,60,41,101,0,39,,,DeepSeekBackend,deepseek-v4-flash,1783929925.4933627,llm_judge_binary,evaluation,,,125.0,125.0
deepseek,66,49,115,0,47,,,DeepSeekBackend,deepseek-v4-flash,1783929925.5120943,llm_judge_binary,evaluation,,,120.0,120.0
deepseek,60,42,102,0,40,,,DeepSeekBackend,deepseek-v4-flash,1783929925.6593146,llm_judge_binary,evaluation,,,127.0,127.0
deepseek,60,43,103,0,41,,,DeepSeekBackend,deepseek-v4-flash,1783929925.706009,llm_judge_binary,evaluation,,,126.0,126.0
deepseek,60,37,97,0,35,,,DeepSeekBackend,deepseek-v4-flash,1783929925.7971618,llm_judge_binary,evaluation,,,132.0,132.0
deepseek,60,43,103,0,41,,,DeepSeekBackend,deepseek-v4-flash,1783929925.8045058,llm_judge_binary,evaluation,,,128.0,128.0
deepseek,60,35,95,0,33,,,DeepSeekBackend,deepseek-v4-flash,1783929925.8108318,llm_judge_binary,evaluation,,,130.0,130.0
deepseek,60,41,101,0,39,,,DeepSeekBackend,deepseek-v4-flash,1783929925.8891594,llm_judge_binary,evaluation,,,134.0,134.0
deepseek,60,40,100,0,38,,,DeepSeekBackend,deepseek-v4-flash,1783929925.8992553,llm_judge_binary,evaluation,,,131.0,131.0
deepseek,63,159,222,0,157,,,DeepSeekBackend,deepseek-v4-flash,1783929925.9061282,llm_judge_binary,evaluation,,,113.0,113.0
deepseek,63,130,193,0,128,,,DeepSeekBackend,deepseek-v4-flash,1783929925.91368,llm_judge_binary,evaluation,,,117.0,117.0
deepseek,60,44,104,0,42,,,DeepSeekBackend,deepseek-v4-flash,1783929925.9285905,llm_judge_binary,evaluation,,,129.0,129.0
deepseek,60,43,103,0,41,,,DeepSeekBackend,deepseek-v4-flash,1783929925.9914536,llm_judge_binary,evaluation,,,133.0,133.0
deepseek,60,42,102,0,40,,,DeepSeekBackend,deepseek-v4-flash,1783929926.1900244,llm_judge_binary,evaluation,,,135.0,135.0
deepseek,60,40,100,0,38,,,DeepSeekBackend,deepseek-v4-flash,1783929926.284432,llm_judge_binary,evaluation,,,138.0,138.0
deepseek,60,47,107,0,45,,,DeepSeekBackend,deepseek-v4-flash,1783929926.3837657,llm_judge_binary,evaluation,,,136.0,136.0
deepseek,60,35,95,0,33,,,DeepSeekBackend,deepseek-v4-flash,1783929926.403751,llm_judge_binary,evaluation,,,137.0,137.0
deepseek,68,127,195,0,125,,,DeepSeekBackend,deepseek-v4-flash,1783929926.4105167,llm_judge_binary,evaluation,,,119.0,119.0
deepseek,60,44,104,0,42,,,DeepSeekBackend,deepseek-v4-flash,1783929926.4460096,llm_judge_binary,evaluation,,,139.0,139.0
deepseek,60,47,107,0,45,,,DeepSeekBackend,deepseek-v4-flash,1783929926.553275,llm_judge_binary,evaluation,,,141.0,141.0
deepseek,60,53,113,0,51,,,DeepSeekBackend,deepseek-v4-flash,1783929926.7383575,llm_judge_binary,evaluation,,,140.0,140.0
deepseek,63,199,262,0,197,,,DeepSeekBackend,deepseek-v4-flash,1783929926.8082242,llm_judge_binary,evaluation,,,116.0,116.0
deepseek,65,54,119,0,52,,,DeepSeekBackend,deepseek-v4-flash,1783929926.9905574,llm_judge_binary,evaluation,,,146.0,146.0
deepseek,68,91,159,0,89,,,DeepSeekBackend,deepseek-v4-flash,1783929927.2211404,llm_judge_binary,evaluation,,,142.0,142.0
deepseek,63,265,328,0,263,,,DeepSeekBackend,deepseek-v4-flash,1783929927.463256,llm_judge_binary,evaluation,,,108.0,108.0
deepseek,68,124,192,0,122,,,DeepSeekBackend,deepseek-v4-flash,1783929927.5550735,llm_judge_binary,evaluation,,,143.0,143.0
deepseek,68,115,183,0,113,,,DeepSeekBackend,deepseek-v4-flash,1783929927.5703385,llm_judge_binary,evaluation,,,145.0,145.0
deepseek,68,132,200,0,130,,,DeepSeekBackend,deepseek-v4-flash,1783929927.7550833,llm_judge_binary,evaluation,,,150.0,150.0
deepseek,68,98,166,0,96,,,DeepSeekBackend,deepseek-v4-flash,1783929927.785318,llm_judge_binary,evaluation,,,153.0,153.0
deepseek,68,89,157,0,87,,,DeepSeekBackend,deepseek-v4-flash,1783929927.8596869,llm_judge_binary,evaluation,,,156.0,156.0
deepseek,68,95,163,0,93,,,DeepSeekBackend,deepseek-v4-flash,1783929927.9621358,llm_judge_binary,evaluation,,,154.0,154.0
deepseek,68,75,143,0,73,,,DeepSeekBackend,deepseek-v4-flash,1783929928.0229132,llm_judge_binary,evaluation,,,159.0,159.0
deepseek,68,160,228,0,158,,,DeepSeekBackend,deepseek-v4-flash,1783929928.0864308,llm_judge_binary,evaluation,,,144.0,144.0
deepseek,68,116,184,0,114,,,DeepSeekBackend,deepseek-v4-flash,1783929928.186112,llm_judge_binary,evaluation,,,155.0,155.0
deepseek,68,90,158,0,88,,,DeepSeekBackend,deepseek-v4-flash,1783929928.2563984,llm_judge_binary,evaluation,,,161.0,161.0
deepseek,68,134,202,0,132,,,DeepSeekBackend,deepseek-v4-flash,1783929928.2629414,llm_judge_binary,evaluation,,,157.0,157.0
deepseek,65,203,268,0,201,,,DeepSeekBackend,deepseek-v4-flash,1783929928.857545,llm_judge_binary,evaluation,,,148.0,148.0
deepseek,68,255,323,0,253,,,DeepSeekBackend,deepseek-v4-flash,1783929928.8946207,llm_judge_binary,evaluation,,,151.0,151.0
deepseek,64,101,165,0,99,,,DeepSeekBackend,deepseek-v4-flash,1783929928.9345381,llm_judge_binary,evaluation,,,165.0,165.0
deepseek,68,189,257,0,187,,,DeepSeekBackend,deepseek-v4-flash,1783929928.9986684,llm_judge_binary,evaluation,,,158.0,158.0
deepseek,64,100,164,0,98,,,DeepSeekBackend,deepseek-v4-flash,1783929929.0115595,llm_judge_binary,evaluation,,,163.0,163.0
deepseek,65,231,296,0,229,,,DeepSeekBackend,deepseek-v4-flash,1783929929.0888743,llm_judge_binary,evaluation,,,149.0,149.0
deepseek,64,91,155,0,89,,,DeepSeekBackend,deepseek-v4-flash,1783929929.1210818,llm_judge_binary,evaluation,,,166.0,166.0
deepseek,64,123,187,0,121,,,DeepSeekBackend,deepseek-v4-flash,1783929929.2499785,llm_judge_binary,evaluation,,,162.0,162.0
deepseek,64,98,162,0,96,,,DeepSeekBackend,deepseek-v4-flash,1783929929.3180172,llm_judge_binary,evaluation,,,168.0,168.0
deepseek,64,79,143,0,77,,,DeepSeekBackend,deepseek-v4-flash,1783929929.372703,llm_judge_binary,evaluation,,,167.0,167.0
deepseek,64,130,194,0,128,,,DeepSeekBackend,deepseek-v4-flash,1783929929.4421449,llm_judge_binary,evaluation,,,164.0,164.0
deepseek,64,98,162,0,96,,,DeepSeekBackend,deepseek-v4-flash,1783929929.459078,llm_judge_binary,evaluation,,,169.0,169.0
deepseek,64,93,157,0,91,,,DeepSeekBackend,deepseek-v4-flash,1783929929.697953,llm_judge_binary,evaluation,,,172.0,172.0
deepseek,64,96,160,0,94,,,DeepSeekBackend,deepseek-v4-flash,1783929929.7415574,llm_judge_binary,evaluation,,,171.0,171.0
deepseek,64,88,152,0,86,,,DeepSeekBackend,deepseek-v4-flash,1783929929.767868,llm_judge_binary,evaluation,,,173.0,173.0
deepseek,64,94,158,0,92,,,DeepSeekBackend,deepseek-v4-flash,1783929929.7812817,llm_judge_binary,evaluation,,,174.0,174.0
deepseek,68,329,397,0,327,,,DeepSeekBackend,deepseek-v4-flash,1783929929.90509,llm_judge_binary,evaluation,,,147.0,147.0
deepseek,64,131,195,0,129,,,DeepSeekBackend,deepseek-v4-flash,1783929929.952022,llm_judge_binary,evaluation,,,170.0,170.0
deepseek,65,319,384,0,317,,,DeepSeekBackend,deepseek-v4-flash,1783929930.2142937,llm_judge_binary,evaluation,,,152.0,152.0
deepseek,64,91,155,0,89,,,DeepSeekBackend,deepseek-v4-flash,1783929930.463633,llm_judge_binary,evaluation,,,180.0,180.0
deepseek,64,97,161,0,95,,,DeepSeekBackend,deepseek-v4-flash,1783929930.5356863,llm_judge_binary,evaluation,,,179.0,179.0
deepseek,64,116,180,0,114,,,DeepSeekBackend,deepseek-v4-flash,1783929930.576284,llm_judge_binary,evaluation,,,178.0,178.0
deepseek,64,73,137,0,71,,,DeepSeekBackend,deepseek-v4-flash,1783929930.5825984,llm_judge_binary,evaluation,,,177.0,177.0
deepseek,64,118,182,0,116,,,DeepSeekBackend,deepseek-v4-flash,1783929930.6579194,llm_judge_binary,evaluation,,,176.0,176.0
deepseek,64,109,173,0,107,,,DeepSeekBackend,deepseek-v4-flash,1783929930.672183,llm_judge_binary,evaluation,,,175.0,175.0
deepseek,64,70,134,0,68,,,DeepSeekBackend,deepseek-v4-flash,1783929930.7724183,llm_judge_binary,evaluation,,,181.0,181.0
deepseek,64,77,141,0,75,,,DeepSeekBackend,deepseek-v4-flash,1783929930.8223286,llm_judge_binary,evaluation,,,182.0,182.0
deepseek,67,105,172,0,103,,,DeepSeekBackend,deepseek-v4-flash,1783929930.857814,llm_judge_binary,evaluation,,,183.0,183.0
deepseek,67,94,161,0,92,,,DeepSeekBackend,deepseek-v4-flash,1783929931.1822264,llm_judge_binary,evaluation,,,186.0,186.0
deepseek,64,132,196,0,130,,,DeepSeekBackend,deepseek-v4-flash,1783929931.5679007,llm_judge_binary,evaluation,,,184.0,184.0
deepseek,67,158,225,0,156,,,DeepSeekBackend,deepseek-v4-flash,1783929931.6488168,llm_judge_binary,evaluation,,,185.0,185.0
deepseek,67,91,158,0,89,,,DeepSeekBackend,deepseek-v4-flash,1783929931.932716,llm_judge_binary,evaluation,,,193.0,193.0
deepseek,67,152,219,0,150,,,DeepSeekBackend,deepseek-v4-flash,1783929932.0425785,llm_judge_binary,evaluation,,,191.0,191.0
deepseek,64,93,157,0,91,,,DeepSeekBackend,deepseek-v4-flash,1783929932.0875673,llm_judge_binary,evaluation,,,194.0,194.0
deepseek,65,458,523,0,456,,,DeepSeekBackend,deepseek-v4-flash,1783929932.2215965,llm_judge_binary,evaluation,,,160.0,160.0
deepseek,70,90,160,0,88,,,DeepSeekBackend,deepseek-v4-flash,1783929932.3191068,llm_judge_binary,evaluation,,,202.0,202.0
deepseek,67,98,165,0,96,,,DeepSeekBackend,deepseek-v4-flash,1783929932.416288,llm_judge_binary,evaluation,,,196.0,196.0
deepseek,64,137,201,0,135,,,DeepSeekBackend,deepseek-v4-flash,1783929932.4232013,llm_judge_binary,evaluation,,,195.0,195.0
deepseek,67,116,183,0,114,,,DeepSeekBackend,deepseek-v4-flash,1783929932.474075,llm_judge_binary,evaluation,,,199.0,199.0
deepseek,64,213,277,0,211,,,DeepSeekBackend,deepseek-v4-flash,1783929932.4897494,llm_judge_binary,evaluation,,,189.0,189.0
deepseek,64,178,242,0,176,,,DeepSeekBackend,deepseek-v4-flash,1783929932.5530987,llm_judge_binary,evaluation,,,192.0,192.0
deepseek,64,127,191,0,125,,,DeepSeekBackend,deepseek-v4-flash,1783929932.660456,llm_judge_binary,evaluation,,,200.0,200.0
deepseek,70,64,134,0,62,,,DeepSeekBackend,deepseek-v4-flash,1783929932.6668391,llm_judge_binary,evaluation,,,204.0,204.0
deepseek,67,208,275,0,206,,,DeepSeekBackend,deepseek-v4-flash,1783929932.749532,llm_judge_binary,evaluation,,,190.0,190.0
deepseek,68,103,171,0,101,,,DeepSeekBackend,deepseek-v4-flash,1783929932.7565706,llm_judge_binary,evaluation,,,203.0,203.0
deepseek,64,129,193,0,127,,,DeepSeekBackend,deepseek-v4-flash,1783929932.8104434,llm_judge_binary,evaluation,,,198.0,198.0
deepseek,67,252,319,0,250,,,DeepSeekBackend,deepseek-v4-flash,1783929932.8661182,llm_judge_binary,evaluation,,,187.0,187.0
deepseek,62,42,104,0,40,,,DeepSeekBackend,deepseek-v4-flash,1783929932.9312048,llm_judge_binary,evaluation,,,206.0,206.0
deepseek,63,60,123,0,58,,,DeepSeekBackend,deepseek-v4-flash,1783929932.9387965,llm_judge_binary,evaluation,,,205.0,205.0
deepseek,67,134,201,0,132,,,DeepSeekBackend,deepseek-v4-flash,1783929932.9447901,llm_judge_binary,evaluation,,,201.0,201.0
deepseek,62,33,95,0,31,,,DeepSeekBackend,deepseek-v4-flash,1783929933.0150983,llm_judge_binary,evaluation,,,208.0,208.0
deepseek,67,236,303,0,234,,,DeepSeekBackend,deepseek-v4-flash,1783929933.0302222,llm_judge_binary,evaluation,,,188.0,188.0
deepseek,62,45,107,0,43,,,DeepSeekBackend,deepseek-v4-flash,1783929933.2329607,llm_judge_binary,evaluation,,,210.0,210.0
deepseek,62,46,108,0,44,,,DeepSeekBackend,deepseek-v4-flash,1783929933.3132899,llm_judge_binary,evaluation,,,209.0,209.0
deepseek,62,46,108,0,44,,,DeepSeekBackend,deepseek-v4-flash,1783929933.319599,llm_judge_binary,evaluation,,,211.0,211.0
deepseek,62,47,109,0,45,,,DeepSeekBackend,deepseek-v4-flash,1783929933.544359,llm_judge_binary,evaluation,,,214.0,214.0
deepseek,62,38,100,0,36,,,DeepSeekBackend,deepseek-v4-flash,1783929933.5601914,llm_judge_binary,evaluation,,,219.0,219.0
deepseek,62,48,110,0,46,,,DeepSeekBackend,deepseek-v4-flash,1783929933.6097713,llm_judge_binary,evaluation,,,215.0,215.0
deepseek,61,70,131,0,68,,,DeepSeekBackend,deepseek-v4-flash,1783929933.6323845,llm_judge_binary,evaluation,,,212.0,212.0
deepseek,63,62,125,0,60,,,DeepSeekBackend,deepseek-v4-flash,1783929933.6475487,llm_judge_binary,evaluation,,,213.0,213.0
deepseek,62,38,100,0,36,,,DeepSeekBackend,deepseek-v4-flash,1783929933.6604226,llm_judge_binary,evaluation,,,216.0,216.0
deepseek,62,37,99,0,35,,,DeepSeekBackend,deepseek-v4-flash,1783929933.6937184,llm_judge_binary,evaluation,,,218.0,218.0
deepseek,63,90,153,0,88,,,DeepSeekBackend,deepseek-v4-flash,1783929933.7004044,llm_judge_binary,evaluation,,,207.0,207.0
deepseek,62,56,118,0,54,,,DeepSeekBackend,deepseek-v4-flash,1783929933.8004901,llm_judge_binary,evaluation,,,220.0,220.0
deepseek,62,43,105,0,41,,,DeepSeekBackend,deepseek-v4-flash,1783929933.842463,llm_judge_binary,evaluation,,,222.0,222.0
deepseek,62,35,97,0,33,,,DeepSeekBackend,deepseek-v4-flash,1783929933.9086547,llm_judge_binary,evaluation,,,221.0,221.0
deepseek,62,42,104,0,40,,,DeepSeekBackend,deepseek-v4-flash,1783929933.9831746,llm_judge_binary,evaluation,,,217.0,217.0
deepseek,62,39,101,0,37,,,DeepSeekBackend,deepseek-v4-flash,1783929934.005953,llm_judge_binary,evaluation,,,223.0,223.0
deepseek,62,40,102,0,38,,,DeepSeekBackend,deepseek-v4-flash,1783929934.0379992,llm_judge_binary,evaluation,,,224.0,224.0
deepseek,67,266,333,0,264,,,DeepSeekBackend,deepseek-v4-flash,1783929934.0829287,llm_judge_binary,evaluation,,,197.0,197.0
deepseek,61,60,121,0,58,,,DeepSeekBackend,deepseek-v4-flash,1783929934.0904484,llm_judge_binary,evaluation,,,225.0,225.0
deepseek,61,59,120,0,57,,,DeepSeekBackend,deepseek-v4-flash,1783929934.309436,llm_judge_binary,evaluation,,,227.0,227.0
deepseek,61,70,131,0,68,,,DeepSeekBackend,deepseek-v4-flash,1783929934.3269076,llm_judge_binary,evaluation,,,226.0,226.0
deepseek,61,66,127,0,64,,,DeepSeekBackend,deepseek-v4-flash,1783929934.450851,llm_judge_binary,evaluation,,,229.0,229.0
deepseek,61,65,126,0,63,,,DeepSeekBackend,deepseek-v4-flash,1783929934.561946,llm_judge_binary,evaluation,,,228.0,228.0
deepseek,62,40,102,0,38,,,DeepSeekBackend,deepseek-v4-flash,1783929934.741702,llm_judge_binary,evaluation,,,239.0,239.0
deepseek,62,43,105,0,41,,,DeepSeekBackend,deepseek-v4-flash,1783929934.8374794,llm_judge_binary,evaluation,,,240.0,240.0
deepseek,61,84,145,0,82,,,DeepSeekBackend,deepseek-v4-flash,1783929934.9089358,llm_judge_binary,evaluation,,,230.0,230.0
deepseek,61,78,139,0,76,,,DeepSeekBackend,deepseek-v4-flash,1783929934.9627419,llm_judge_binary,evaluation,,,235.0,235.0
deepseek,61,86,147,0,84,,,DeepSeekBackend,deepseek-v4-flash,1783929934.9780183,llm_judge_binary,evaluation,,,234.0,234.0
deepseek,61,73,134,0,71,,,DeepSeekBackend,deepseek-v4-flash,1783929934.9958107,llm_judge_binary,evaluation,,,231.0,231.0
deepseek,65,71,136,0,69,,,DeepSeekBackend,deepseek-v4-flash,1783929935.0167522,llm_judge_binary,evaluation,,,236.0,236.0
deepseek,61,67,128,0,65,,,DeepSeekBackend,deepseek-v4-flash,1783929935.0386593,llm_judge_binary,evaluation,,,233.0,233.0
deepseek,61,79,140,0,77,,,DeepSeekBackend,deepseek-v4-flash,1783929935.0599594,llm_judge_binary,evaluation,,,238.0,238.0
deepseek,60,32,92,0,30,,,DeepSeekBackend,deepseek-v4-flash,1783929935.0661397,llm_judge_binary,evaluation,,,245.0,245.0
deepseek,61,73,134,0,71,,,DeepSeekBackend,deepseek-v4-flash,1783929935.089634,llm_judge_binary,evaluation,,,242.0,242.0
deepseek,63,95,158,0,93,,,DeepSeekBackend,deepseek-v4-flash,1783929935.1771011,llm_judge_binary,evaluation,,,232.0,232.0
deepseek,61,85,146,0,83,,,DeepSeekBackend,deepseek-v4-flash,1783929935.1927416,llm_judge_binary,evaluation,,,237.0,237.0
deepseek,60,35,95,0,33,,,DeepSeekBackend,deepseek-v4-flash,1783929935.2428865,llm_judge_binary,evaluation,,,246.0,246.0
deepseek,63,69,132,0,67,,,DeepSeekBackend,deepseek-v4-flash,1783929935.2486007,llm_judge_binary,evaluation,,,244.0,244.0
deepseek,60,34,94,0,32,,,DeepSeekBackend,deepseek-v4-flash,1783929935.2646239,llm_judge_binary,evaluation,,,248.0,248.0
deepseek,61,86,147,0,84,,,DeepSeekBackend,deepseek-v4-flash,1783929935.271315,llm_judge_binary,evaluation,,,241.0,241.0
deepseek,61,68,129,0,66,,,DeepSeekBackend,deepseek-v4-flash,1783929935.2821772,llm_judge_binary,evaluation,,,243.0,243.0
deepseek,60,42,102,0,40,,,DeepSeekBackend,deepseek-v4-flash,1783929935.3084707,llm_judge_binary,evaluation,,,247.0,247.0
deepseek,60,35,95,0,33,,,DeepSeekBackend,deepseek-v4-flash,1783929935.3717146,llm_judge_binary,evaluation,,,249.0,249.0
deepseek,60,34,94,0,32,,,DeepSeekBackend,deepseek-v4-flash,1783929935.7875583,llm_judge_binary,evaluation,,,252.0,252.0
deepseek,60,36,96,0,34,,,DeepSeekBackend,deepseek-v4-flash,1783929935.8079453,llm_judge_binary,evaluation,,,256.0,256.0
deepseek,60,44,104,0,42,,,DeepSeekBackend,deepseek-v4-flash,1783929935.814917,llm_judge_binary,evaluation,,,250.0,250.0
deepseek,60,39,99,0,37,,,DeepSeekBackend,deepseek-v4-flash,1783929935.8499973,llm_judge_binary,evaluation,,,253.0,253.0
deepseek,60,35,95,0,33,,,DeepSeekBackend,deepseek-v4-flash,1783929935.8839097,llm_judge_binary,evaluation,,,254.0,254.0
deepseek,60,31,91,0,29,,,DeepSeekBackend,deepseek-v4-flash,1783929935.8967907,llm_judge_binary,evaluation,,,258.0,258.0
deepseek,60,42,102,0,40,,,DeepSeekBackend,deepseek-v4-flash,1783929935.963397,llm_judge_binary,evaluation,,,255.0,255.0
deepseek,60,55,115,0,53,,,DeepSeekBackend,deepseek-v4-flash,1783929935.9915872,llm_judge_binary,evaluation,,,251.0,251.0
deepseek,60,40,100,0,38,,,DeepSeekBackend,deepseek-v4-flash,1783929936.0117993,llm_judge_binary,evaluation,,,259.0,259.0
deepseek,60,35,95,0,33,,,DeepSeekBackend,deepseek-v4-flash,1783929936.0180962,llm_judge_binary,evaluation,,,261.0,261.0
deepseek,60,32,92,0,30,,,DeepSeekBackend,deepseek-v4-flash,1783929936.0325565,llm_judge_binary,evaluation,,,262.0,262.0
deepseek,60,47,107,0,45,,,DeepSeekBackend,deepseek-v4-flash,1783929936.0981212,llm_judge_binary,evaluation,,,257.0,257.0
deepseek,60,50,110,0,48,,,DeepSeekBackend,deepseek-v4-flash,1783929936.1529758,llm_judge_binary,evaluation,,,260.0,260.0
deepseek,62,43,105,0,41,,,DeepSeekBackend,deepseek-v4-flash,1783929936.281587,llm_judge_binary,evaluation,,,267.0,267.0
deepseek,60,41,101,0,39,,,DeepSeekBackend,deepseek-v4-flash,1783929936.3133824,llm_judge_binary,evaluation,,,263.0,263.0
deepseek,61,65,126,0,63,,,DeepSeekBackend,deepseek-v4-flash,1783929936.3533545,llm_judge_binary,evaluation,,,268.0,268.0
deepseek,61,73,134,0,71,,,DeepSeekBackend,deepseek-v4-flash,1783929936.4528294,llm_judge_binary,evaluation,,,265.0,265.0
deepseek,61,53,114,0,51,,,DeepSeekBackend,deepseek-v4-flash,1783929936.5139484,llm_judge_binary,evaluation,,,269.0,269.0
deepseek,60,87,147,0,85,,,DeepSeekBackend,deepseek-v4-flash,1783929936.8381178,llm_judge_binary,evaluation,,,264.0,264.0
deepseek,62,45,107,0,43,,,DeepSeekBackend,deepseek-v4-flash,1783929936.9358788,llm_judge_binary,evaluation,,,278.0,278.0
deepseek,61,98,159,0,96,,,DeepSeekBackend,deepseek-v4-flash,1783929936.9818678,llm_judge_binary,evaluation,,,266.0,266.0
deepseek,61,75,136,0,73,,,DeepSeekBackend,deepseek-v4-flash,1783929936.9881868,llm_judge_binary,evaluation,,,272.0,272.0
deepseek,61,85,146,0,83,,,DeepSeekBackend,deepseek-v4-flash,1783929937.0271208,llm_judge_binary,evaluation,,,274.0,274.0
deepseek,61,90,151,0,88,,,DeepSeekBackend,deepseek-v4-flash,1783929937.0981379,llm_judge_binary,evaluation,,,271.0,271.0
deepseek,61,54,115,0,52,,,DeepSeekBackend,deepseek-v4-flash,1783929937.1100457,llm_judge_binary,evaluation,,,273.0,273.0
deepseek,61,63,124,0,61,,,DeepSeekBackend,deepseek-v4-flash,1783929937.123009,llm_judge_binary,evaluation,,,280.0,280.0
deepseek,61,78,139,0,76,,,DeepSeekBackend,deepseek-v4-flash,1783929937.1694367,llm_judge_binary,evaluation,,,275.0,275.0
deepseek,66,61,127,0,59,,,DeepSeekBackend,deepseek-v4-flash,1783929937.1793294,llm_judge_binary,evaluation,,,276.0,276.0
deepseek,61,78,139,0,76,,,DeepSeekBackend,deepseek-v4-flash,1783929937.1931796,llm_judge_binary,evaluation,,,270.0,270.0
deepseek,61,66,127,0,64,,,DeepSeekBackend,deepseek-v4-flash,1783929937.1993248,llm_judge_binary,evaluation,,,279.0,279.0
deepseek,61,84,145,0,82,,,DeepSeekBackend,deepseek-v4-flash,1783929937.3356493,llm_judge_binary,evaluation,,,277.0,277.0
deepseek,61,63,124,0,61,,,DeepSeekBackend,deepseek-v4-flash,1783929937.3756242,llm_judge_binary,evaluation,,,281.0,281.0
deepseek,61,66,127,0,64,,,DeepSeekBackend,deepseek-v4-flash,1783929937.4564006,llm_judge_binary,evaluation,,,283.0,283.0
deepseek,61,67,128,0,65,,,DeepSeekBackend,deepseek-v4-flash,1783929937.600148,llm_judge_binary,evaluation,,,282.0,282.0
deepseek,60,88,148,0,86,,,DeepSeekBackend,deepseek-v4-flash,1783929937.6630046,llm_judge_binary,evaluation,,,285.0,285.0
deepseek,61,57,118,0,55,,,DeepSeekBackend,deepseek-v4-flash,1783929937.6786115,llm_judge_binary,evaluation,,,284.0,284.0
deepseek,64,74,138,0,72,,,DeepSeekBackend,deepseek-v4-flash,1783929937.816488,llm_judge_binary,evaluation,,,286.0,286.0
deepseek,60,73,133,0,71,,,DeepSeekBackend,deepseek-v4-flash,1783929938.0315804,llm_judge_binary,evaluation,,,287.0,287.0
deepseek,60,75,135,0,73,,,DeepSeekBackend,deepseek-v4-flash,1783929938.2483504,llm_judge_binary,evaluation,,,291.0,291.0
deepseek,60,84,144,0,82,,,DeepSeekBackend,deepseek-v4-flash,1783929938.3310711,llm_judge_binary,evaluation,,,292.0,292.0
deepseek,60,81,141,0,79,,,DeepSeekBackend,deepseek-v4-flash,1783929938.3464108,llm_judge_binary,evaluation,,,294.0,294.0
deepseek,65,68,133,0,66,,,DeepSeekBackend,deepseek-v4-flash,1783929938.3600607,llm_judge_binary,evaluation,,,293.0,293.0
deepseek,65,91,156,0,89,,,DeepSeekBackend,deepseek-v4-flash,1783929938.369192,llm_judge_binary,evaluation,,,288.0,288.0
deepseek,60,86,146,0,84,,,DeepSeekBackend,deepseek-v4-flash,1783929938.4063408,llm_judge_binary,evaluation,,,297.0,297.0
deepseek,60,67,127,0,65,,,DeepSeekBackend,deepseek-v4-flash,1783929938.4126582,llm_judge_binary,evaluation,,,300.0,300.0
deepseek,60,77,137,0,75,,,DeepSeekBackend,deepseek-v4-flash,1783929938.4746778,llm_judge_binary,evaluation,,,296.0,296.0
deepseek,60,86,146,0,84,,,DeepSeekBackend,deepseek-v4-flash,1783929938.5013742,llm_judge_binary,evaluation,,,298.0,298.0
deepseek,65,74,139,0,72,,,DeepSeekBackend,deepseek-v4-flash,1783929938.5624611,llm_judge_binary,evaluation,,,295.0,295.0
deepseek,61,81,142,0,79,,,DeepSeekBackend,deepseek-v4-flash,1783929938.5740924,llm_judge_binary,evaluation,,,299.0,299.0
deepseek,65,102,167,0,100,,,DeepSeekBackend,deepseek-v4-flash,1783929938.5888088,llm_judge_binary,evaluation,,,290.0,290.0
deepseek,60,65,125,0,63,,,DeepSeekBackend,deepseek-v4-flash,1783929938.642601,llm_judge_binary,evaluation,,,301.0,301.0
deepseek,65,63,128,0,61,,,DeepSeekBackend,deepseek-v4-flash,1783929938.7883453,llm_judge_binary,evaluation,,,303.0,303.0
deepseek,60,73,133,0,71,,,DeepSeekBackend,deepseek-v4-flash,1783929938.8149576,llm_judge_binary,evaluation,,,302.0,302.0
deepseek,61,58,119,0,56,,,DeepSeekBackend,deepseek-v4-flash,1783929938.8231666,llm_judge_binary,evaluation,,,304.0,304.0
deepseek,60,85,145,0,83,,,DeepSeekBackend,deepseek-v4-flash,1783929939.0581198,llm_judge_binary,evaluation,,,305.0,305.0
deepseek,61,152,213,0,150,,,DeepSeekBackend,deepseek-v4-flash,1783929939.099234,llm_judge_binary,evaluation,,,289.0,289.0
deepseek,64,63,127,0,61,,,DeepSeekBackend,deepseek-v4-flash,1783929939.5703814,llm_judge_binary,evaluation,,,311.0,311.0
deepseek,60,69,129,0,67,,,DeepSeekBackend,deepseek-v4-flash,1783929939.6606512,llm_judge_binary,evaluation,,,315.0,315.0
deepseek,60,57,117,0,55,,,DeepSeekBackend,deepseek-v4-flash,1783929939.691952,llm_judge_binary,evaluation,,,313.0,313.0
deepseek,60,80,140,0,78,,,DeepSeekBackend,deepseek-v4-flash,1783929939.6981294,llm_judge_binary,evaluation,,,310.0,310.0
deepseek,60,103,163,0,101,,,DeepSeekBackend,deepseek-v4-flash,1783929939.7674716,llm_judge_binary,evaluation,,,307.0,307.0
deepseek,60,83,143,0,81,,,DeepSeekBackend,deepseek-v4-flash,1783929939.797381,llm_judge_binary,evaluation,,,314.0,314.0
deepseek,60,75,135,0,73,,,DeepSeekBackend,deepseek-v4-flash,1783929939.8299975,llm_judge_binary,evaluation,,,320.0,320.0
deepseek,60,74,134,0,72,,,DeepSeekBackend,deepseek-v4-flash,1783929939.8743937,llm_judge_binary,evaluation,,,308.0,308.0
deepseek,60,60,120,0,58,,,DeepSeekBackend,deepseek-v4-flash,1783929939.8811398,llm_judge_binary,evaluation,,,316.0,316.0
deepseek,60,67,127,0,65,,,DeepSeekBackend,deepseek-v4-flash,1783929939.959399,llm_judge_binary,evaluation,,,318.0,318.0
deepseek,60,121,181,0,119,,,DeepSeekBackend,deepseek-v4-flash,1783929940.0179784,llm_judge_binary,evaluation,,,312.0,312.0
deepseek,60,77,137,0,75,,,DeepSeekBackend,deepseek-v4-flash,1783929940.027127,llm_judge_binary,evaluation,,,319.0,319.0
deepseek,66,45,111,0,43,,,DeepSeekBackend,deepseek-v4-flash,1783929940.0691352,llm_judge_binary,evaluation,,,325.0,325.0
deepseek,60,78,138,0,76,,,DeepSeekBackend,deepseek-v4-flash,1783929940.1069999,llm_judge_binary,evaluation,,,322.0,322.0
deepseek,62,68,130,0,66,,,DeepSeekBackend,deepseek-v4-flash,1783929940.2134624,llm_judge_binary,evaluation,,,321.0,321.0
deepseek,62,205,267,0,203,,,DeepSeekBackend,deepseek-v4-flash,1783929940.2786014,llm_judge_binary,evaluation,,,306.0,306.0
deepseek,60,94,154,0,92,,,DeepSeekBackend,deepseek-v4-flash,1783929940.3052409,llm_judge_binary,evaluation,,,323.0,323.0
deepseek,60,82,142,0,80,,,DeepSeekBackend,deepseek-v4-flash,1783929940.346742,llm_judge_binary,evaluation,,,324.0,324.0
deepseek,66,40,106,0,38,,,DeepSeekBackend,deepseek-v4-flash,1783929940.4905422,llm_judge_binary,evaluation,,,326.0,326.0
deepseek,60,151,211,0,149,,,DeepSeekBackend,deepseek-v4-flash,1783929940.507198,llm_judge_binary,evaluation,,,309.0,309.0
deepseek,60,135,195,0,133,,,DeepSeekBackend,deepseek-v4-flash,1783929940.6178815,llm_judge_binary,evaluation,,,317.0,317.0
deepseek,66,47,113,0,45,,,DeepSeekBackend,deepseek-v4-flash,1783929940.661997,llm_judge_binary,evaluation,,,329.0,329.0
deepseek,63,63,126,0,61,,,DeepSeekBackend,deepseek-v4-flash,1783929940.7675815,llm_judge_binary,evaluation,,,327.0,327.0
deepseek,63,57,120,0,55,,,DeepSeekBackend,deepseek-v4-flash,1783929940.8238742,llm_judge_binary,evaluation,,,328.0,328.0
deepseek,66,53,119,0,51,,,DeepSeekBackend,deepseek-v4-flash,1783929940.8808107,llm_judge_binary,evaluation,,,332.0,332.0
deepseek,66,50,116,0,48,,,DeepSeekBackend,deepseek-v4-flash,1783929940.9517038,llm_judge_binary,evaluation,,,335.0,335.0
deepseek,66,48,114,0,46,,,DeepSeekBackend,deepseek-v4-flash,1783929940.981743,llm_judge_binary,evaluation,,,339.0,339.0
deepseek,66,51,117,0,49,,,DeepSeekBackend,deepseek-v4-flash,1783929940.9876816,llm_judge_binary,evaluation,,,334.0,334.0
deepseek,66,44,110,0,42,,,DeepSeekBackend,deepseek-v4-flash,1783929940.9951153,llm_judge_binary,evaluation,,,331.0,331.0
deepseek,66,47,113,0,45,,,DeepSeekBackend,deepseek-v4-flash,1783929941.0000982,llm_judge_binary,evaluation,,,338.0,338.0
deepseek,63,64,127,0,62,,,DeepSeekBackend,deepseek-v4-flash,1783929941.0203846,llm_judge_binary,evaluation,,,333.0,333.0
deepseek,66,38,104,0,36,,,DeepSeekBackend,deepseek-v4-flash,1783929941.0646176,llm_judge_binary,evaluation,,,337.0,337.0
deepseek,66,45,111,0,43,,,DeepSeekBackend,deepseek-v4-flash,1783929941.2374673,llm_judge_binary,evaluation,,,336.0,336.0
deepseek,66,50,116,0,48,,,DeepSeekBackend,deepseek-v4-flash,1783929941.2752864,llm_judge_binary,evaluation,,,342.0,342.0
deepseek,64,76,140,0,74,,,DeepSeekBackend,deepseek-v4-flash,1783929941.29087,llm_judge_binary,evaluation,,,330.0,330.0
deepseek,66,40,106,0,38,,,DeepSeekBackend,deepseek-v4-flash,1783929941.3280773,llm_judge_binary,evaluation,,,340.0,340.0
deepseek,66,52,118,0,50,,,DeepSeekBackend,deepseek-v4-flash,1783929941.3480988,llm_judge_binary,evaluation,,,341.0,341.0
deepseek,66,48,114,0,46,,,DeepSeekBackend,deepseek-v4-flash,1783929941.4433618,llm_judge_binary,evaluation,,,344.0,344.0
deepseek,66,48,114,0,46,,,DeepSeekBackend,deepseek-v4-flash,1783929941.4703686,llm_judge_binary,evaluation,,,343.0,343.0
deepseek,68,92,160,0,90,,,DeepSeekBackend,deepseek-v4-flash,1783929942.0500734,llm_judge_binary,evaluation,,,345.0,345.0
deepseek,64,99,163,0,97,,,DeepSeekBackend,deepseek-v4-flash,1783929942.2176309,llm_judge_binary,evaluation,,,348.0,348.0
deepseek,64,111,175,0,109,,,DeepSeekBackend,deepseek-v4-flash,1783929942.255049,llm_judge_binary,evaluation,,,347.0,347.0
deepseek,64,83,147,0,81,,,DeepSeekBackend,deepseek-v4-flash,1783929942.392966,llm_judge_binary,evaluation,,,357.0,357.0
deepseek,64,120,184,0,118,,,DeepSeekBackend,deepseek-v4-flash,1783929942.4841657,llm_judge_binary,evaluation,,,346.0,346.0
deepseek,64,98,162,0,96,,,DeepSeekBackend,deepseek-v4-flash,1783929942.5220604,llm_judge_binary,evaluation,,,352.0,352.0
deepseek,64,83,147,0,81,,,DeepSeekBackend,deepseek-v4-flash,1783929942.5284498,llm_judge_binary,evaluation,,,361.0,361.0
deepseek,64,130,194,0,128,,,DeepSeekBackend,deepseek-v4-flash,1783929942.5705862,llm_judge_binary,evaluation,,,349.0,349.0
deepseek,64,128,192,0,126,,,DeepSeekBackend,deepseek-v4-flash,1783929942.610381,llm_judge_binary,evaluation,,,353.0,353.0
deepseek,64,104,168,0,102,,,DeepSeekBackend,deepseek-v4-flash,1783929942.6638474,llm_judge_binary,evaluation,,,356.0,356.0
deepseek,64,89,153,0,87,,,DeepSeekBackend,deepseek-v4-flash,1783929942.6962612,llm_judge_binary,evaluation,,,360.0,360.0
deepseek,64,131,195,0,129,,,DeepSeekBackend,deepseek-v4-flash,1783929942.7025483,llm_judge_binary,evaluation,,,354.0,354.0
deepseek,64,108,172,0,106,,,DeepSeekBackend,deepseek-v4-flash,1783929942.8616824,llm_judge_binary,evaluation,,,351.0,351.0
deepseek,64,108,172,0,106,,,DeepSeekBackend,deepseek-v4-flash,1783929942.9870002,llm_judge_binary,evaluation,,,359.0,359.0
deepseek,64,140,204,0,138,,,DeepSeekBackend,deepseek-v4-flash,1783929943.012717,llm_judge_binary,evaluation,,,350.0,350.0
deepseek,64,126,190,0,124,,,DeepSeekBackend,deepseek-v4-flash,1783929943.0427227,llm_judge_binary,evaluation,,,362.0,362.0
deepseek,64,118,182,0,116,,,DeepSeekBackend,deepseek-v4-flash,1783929943.1324584,llm_judge_binary,evaluation,,,363.0,363.0
deepseek,60,39,99,0,37,,,DeepSeekBackend,deepseek-v4-flash,1783929943.1955538,llm_judge_binary,evaluation,,,366.0,366.0
deepseek,64,151,215,0,149,,,DeepSeekBackend,deepseek-v4-flash,1783929943.239131,llm_judge_binary,evaluation,,,358.0,358.0
deepseek,64,117,181,0,115,,,DeepSeekBackend,deepseek-v4-flash,1783929943.2962227,llm_judge_binary,evaluation,,,364.0,364.0
deepseek,60,61,121,0,59,,,DeepSeekBackend,deepseek-v4-flash,1783929943.3952703,llm_judge_binary,evaluation,,,365.0,365.0
deepseek,60,37,97,0,35,,,DeepSeekBackend,deepseek-v4-flash,1783929943.4365249,llm_judge_binary,evaluation,,,370.0,370.0
deepseek,60,45,105,0,43,,,DeepSeekBackend,deepseek-v4-flash,1783929943.5564272,llm_judge_binary,evaluation,,,373.0,373.0
deepseek,64,190,254,0,188,,,DeepSeekBackend,deepseek-v4-flash,1783929943.5874622,llm_judge_binary,evaluation,,,355.0,355.0
deepseek,60,66,126,0,64,,,DeepSeekBackend,deepseek-v4-flash,1783929943.607005,llm_judge_binary,evaluation,,,369.0,369.0
deepseek,60,53,113,0,51,,,DeepSeekBackend,deepseek-v4-flash,1783929943.6152146,llm_judge_binary,evaluation,,,372.0,372.0
deepseek,60,57,117,0,55,,,DeepSeekBackend,deepseek-v4-flash,1783929943.630318,llm_judge_binary,evaluation,,,368.0,368.0
deepseek,63,88,151,0,86,,,DeepSeekBackend,deepseek-v4-flash,1783929943.8144267,llm_judge_binary,evaluation,,,367.0,367.0
deepseek,63,85,148,0,83,,,DeepSeekBackend,deepseek-v4-flash,1783929943.9052362,llm_judge_binary,evaluation,,,371.0,371.0
deepseek,60,62,122,0,60,,,DeepSeekBackend,deepseek-v4-flash,1783929943.992282,llm_judge_binary,evaluation,,,376.0,376.0
deepseek,60,71,131,0,69,,,DeepSeekBackend,deepseek-v4-flash,1783929944.0199094,llm_judge_binary,evaluation,,,377.0,377.0
deepseek,60,68,128,0,66,,,DeepSeekBackend,deepseek-v4-flash,1783929944.0694437,llm_judge_binary,evaluation,,,374.0,374.0
deepseek,63,71,134,0,69,,,DeepSeekBackend,deepseek-v4-flash,1783929944.1435654,llm_judge_binary,evaluation,,,375.0,375.0
deepseek,60,35,95,0,33,,,DeepSeekBackend,deepseek-v4-flash,1783929944.1588447,llm_judge_binary,evaluation,,,383.0,383.0
deepseek,60,79,139,0,77,,,DeepSeekBackend,deepseek-v4-flash,1783929944.2405446,llm_judge_binary,evaluation,,,379.0,379.0
deepseek,63,74,137,0,72,,,DeepSeekBackend,deepseek-v4-flash,1783929944.2595057,llm_judge_binary,evaluation,,,380.0,380.0
deepseek,60,54,114,0,52,,,DeepSeekBackend,deepseek-v4-flash,1783929944.422953,llm_judge_binary,evaluation,,,382.0,382.0
deepseek,60,69,129,0,67,,,DeepSeekBackend,deepseek-v4-flash,1783929944.4284174,llm_judge_binary,evaluation,,,384.0,384.0
deepseek,61,55,116,0,53,,,DeepSeekBackend,deepseek-v4-flash,1783929944.486298,llm_judge_binary,evaluation,,,386.0,386.0
deepseek,63,81,144,0,79,,,DeepSeekBackend,deepseek-v4-flash,1783929944.495142,llm_judge_binary,evaluation,,,381.0,381.0
deepseek,60,73,133,0,71,,,DeepSeekBackend,deepseek-v4-flash,1783929944.510638,llm_judge_binary,evaluation,,,378.0,378.0
deepseek,63,74,137,0,72,,,DeepSeekBackend,deepseek-v4-flash,1783929944.801504,llm_judge_binary,evaluation,,,387.0,387.0
deepseek,61,79,140,0,77,,,DeepSeekBackend,deepseek-v4-flash,1783929944.857562,llm_judge_binary,evaluation,,,391.0,391.0
deepseek,61,71,132,0,69,,,DeepSeekBackend,deepseek-v4-flash,1783929944.9230273,llm_judge_binary,evaluation,,,389.0,389.0
deepseek,61,100,161,0,98,,,DeepSeekBackend,deepseek-v4-flash,1783929944.9748476,llm_judge_binary,evaluation,,,390.0,390.0
deepseek,61,58,119,0,56,,,DeepSeekBackend,deepseek-v4-flash,1783929945.0177236,llm_judge_binary,evaluation,,,393.0,393.0
deepseek,61,93,154,0,91,,,DeepSeekBackend,deepseek-v4-flash,1783929945.0486965,llm_judge_binary,evaluation,,,385.0,385.0
deepseek,61,52,113,0,50,,,DeepSeekBackend,deepseek-v4-flash,1783929945.054892,llm_judge_binary,evaluation,,,396.0,396.0
deepseek,61,78,139,0,76,,,DeepSeekBackend,deepseek-v4-flash,1783929945.1514497,llm_judge_binary,evaluation,,,392.0,392.0
deepseek,61,72,133,0,70,,,DeepSeekBackend,deepseek-v4-flash,1783929945.1708167,llm_judge_binary,evaluation,,,394.0,394.0
deepseek,65,75,140,0,73,,,DeepSeekBackend,deepseek-v4-flash,1783929945.3115416,llm_judge_binary,evaluation,,,397.0,397.0
deepseek,61,73,134,0,71,,,DeepSeekBackend,deepseek-v4-flash,1783929945.377521,llm_judge_binary,evaluation,,,395.0,395.0
deepseek,65,67,132,0,65,,,DeepSeekBackend,deepseek-v4-flash,1783929945.4295902,llm_judge_binary,evaluation,,,399.0,399.0
deepseek,61,80,141,0,78,,,DeepSeekBackend,deepseek-v4-flash,1783929945.56951,llm_judge_binary,evaluation,,,398.0,398.0
deepseek,61,77,138,0,75,,,DeepSeekBackend,deepseek-v4-flash,1783929945.5862548,llm_judge_binary,evaluation,,,403.0,403.0
deepseek,61,75,136,0,73,,,DeepSeekBackend,deepseek-v4-flash,1783929945.6039412,llm_judge_binary,evaluation,,,401.0,401.0
deepseek,61,77,138,0,75,,,DeepSeekBackend,deepseek-v4-flash,1783929945.6124496,llm_judge_binary,evaluation,,,404.0,404.0
deepseek,61,71,132,0,69,,,DeepSeekBackend,deepseek-v4-flash,1783929945.6319203,llm_judge_binary,evaluation,,,400.0,400.0
deepseek,61,134,195,0,132,,,DeepSeekBackend,deepseek-v4-flash,1783929945.6485372,llm_judge_binary,evaluation,,,388.0,388.0
deepseek,62,71,133,0,69,,,DeepSeekBackend,deepseek-v4-flash,1783929946.0810554,llm_judge_binary,evaluation,,,408.0,408.0
deepseek,62,77,139,0,75,,,DeepSeekBackend,deepseek-v4-flash,1783929946.1120517,llm_judge_binary,evaluation,,,407.0,407.0
deepseek,61,107,168,0,105,,,DeepSeekBackend,deepseek-v4-flash,1783929946.1708791,llm_judge_binary,evaluation,,,402.0,402.0
deepseek,64,110,174,0,108,,,DeepSeekBackend,deepseek-v4-flash,1783929946.2302883,llm_judge_binary,evaluation,,,405.0,405.0
deepseek,62,78,140,0,76,,,DeepSeekBackend,deepseek-v4-flash,1783929946.4406192,llm_judge_binary,evaluation,,,414.0,414.0
deepseek,61,58,119,0,56,,,DeepSeekBackend,deepseek-v4-flash,1783929946.4597445,llm_judge_binary,evaluation,,,416.0,416.0
deepseek,64,91,155,0,89,,,DeepSeekBackend,deepseek-v4-flash,1783929946.6113172,llm_judge_binary,evaluation,,,409.0,409.0
deepseek,62,85,147,0,83,,,DeepSeekBackend,deepseek-v4-flash,1783929946.6177928,llm_judge_binary,evaluation,,,411.0,411.0
deepseek,62,94,156,0,92,,,DeepSeekBackend,deepseek-v4-flash,1783929946.6248097,llm_judge_binary,evaluation,,,410.0,410.0
deepseek,64,145,209,0,143,,,DeepSeekBackend,deepseek-v4-flash,1783929946.7519112,llm_judge_binary,evaluation,,,406.0,406.0
deepseek,62,75,137,0,73,,,DeepSeekBackend,deepseek-v4-flash,1783929946.829698,llm_judge_binary,evaluation,,,417.0,417.0
deepseek,60,77,137,0,75,,,DeepSeekBackend,deepseek-v4-flash,1783929946.8364358,llm_judge_binary,evaluation,,,420.0,420.0
deepseek,60,64,124,0,62,,,DeepSeekBackend,deepseek-v4-flash,1783929946.8637471,llm_judge_binary,evaluation,,,419.0,419.0
deepseek,61,106,167,0,104,,,DeepSeekBackend,deepseek-v4-flash,1783929946.914576,llm_judge_binary,evaluation,,,412.0,412.0
deepseek,62,95,157,0,93,,,DeepSeekBackend,deepseek-v4-flash,1783929946.9580748,llm_judge_binary,evaluation,,,413.0,413.0
deepseek,60,97,157,0,95,,,DeepSeekBackend,deepseek-v4-flash,1783929947.0619166,llm_judge_binary,evaluation,,,422.0,422.0
deepseek,64,88,152,0,86,,,DeepSeekBackend,deepseek-v4-flash,1783929947.142191,llm_judge_binary,evaluation,,,418.0,418.0
deepseek,62,88,150,0,86,,,DeepSeekBackend,deepseek-v4-flash,1783929947.2302403,llm_judge_binary,evaluation,,,423.0,423.0
deepseek,60,54,114,0,52,,,DeepSeekBackend,deepseek-v4-flash,1783929947.323022,llm_judge_binary,evaluation,,,427.0,427.0
deepseek,64,71,135,0,69,,,DeepSeekBackend,deepseek-v4-flash,1783929947.3975096,llm_judge_binary,evaluation,,,426.0,426.0
deepseek,64,123,187,0,121,,,DeepSeekBackend,deepseek-v4-flash,1783929947.4040117,llm_judge_binary,evaluation,,,415.0,415.0
deepseek,64,131,195,0,129,,,DeepSeekBackend,deepseek-v4-flash,1783929947.5090005,llm_judge_binary,evaluation,,,421.0,421.0
deepseek,60,45,105,0,43,,,DeepSeekBackend,deepseek-v4-flash,1783929947.529028,llm_judge_binary,evaluation,,,428.0,428.0
deepseek,62,82,144,0,80,,,DeepSeekBackend,deepseek-v4-flash,1783929947.5666645,llm_judge_binary,evaluation,,,424.0,424.0
deepseek,60,90,150,0,88,,,DeepSeekBackend,deepseek-v4-flash,1783929947.5734696,llm_judge_binary,evaluation,,,425.0,425.0
deepseek,65,41,106,0,39,,,DeepSeekBackend,deepseek-v4-flash,1783929947.70685,llm_judge_binary,evaluation,,,434.0,434.0
deepseek,60,54,114,0,52,,,DeepSeekBackend,deepseek-v4-flash,1783929947.7782633,llm_judge_binary,evaluation,,,432.0,432.0
deepseek,62,59,121,0,57,,,DeepSeekBackend,deepseek-v4-flash,1783929947.7868912,llm_judge_binary,evaluation,,,429.0,429.0
deepseek,60,53,113,0,51,,,DeepSeekBackend,deepseek-v4-flash,1783929947.8756497,llm_judge_binary,evaluation,,,435.0,435.0
deepseek,60,86,146,0,84,,,DeepSeekBackend,deepseek-v4-flash,1783929947.8887446,llm_judge_binary,evaluation,,,430.0,430.0
deepseek,61,49,110,0,47,,,DeepSeekBackend,deepseek-v4-flash,1783929948.1798482,llm_judge_binary,evaluation,,,438.0,438.0
deepseek,60,49,109,0,47,,,DeepSeekBackend,deepseek-v4-flash,1783929948.1899927,llm_judge_binary,evaluation,,,441.0,441.0
deepseek,60,88,148,0,86,,,DeepSeekBackend,deepseek-v4-flash,1783929948.2001128,llm_judge_binary,evaluation,,,431.0,431.0
deepseek,60,84,144,0,82,,,DeepSeekBackend,deepseek-v4-flash,1783929948.2951136,llm_judge_binary,evaluation,,,436.0,436.0
deepseek,60,70,130,0,68,,,DeepSeekBackend,deepseek-v4-flash,1783929948.3398783,llm_judge_binary,evaluation,,,440.0,440.0
deepseek,60,64,124,0,62,,,DeepSeekBackend,deepseek-v4-flash,1783929948.3612075,llm_judge_binary,evaluation,,,437.0,437.0
deepseek,60,85,145,0,83,,,DeepSeekBackend,deepseek-v4-flash,1783929948.3677084,llm_judge_binary,evaluation,,,433.0,433.0
deepseek,60,53,113,0,51,,,DeepSeekBackend,deepseek-v4-flash,1783929948.4025195,llm_judge_binary,evaluation,,,443.0,443.0
deepseek,60,63,123,0,61,,,DeepSeekBackend,deepseek-v4-flash,1783929948.6032767,llm_judge_binary,evaluation,,,442.0,442.0
deepseek,64,34,98,0,32,,,DeepSeekBackend,deepseek-v4-flash,1783929948.6375227,llm_judge_binary,evaluation,,,447.0,447.0
deepseek,64,46,110,0,44,,,DeepSeekBackend,deepseek-v4-flash,1783929948.7905087,llm_judge_binary,evaluation,,,452.0,452.0
deepseek,62,58,120,0,56,,,DeepSeekBackend,deepseek-v4-flash,1783929948.9443874,llm_judge_binary,evaluation,,,450.0,450.0
deepseek,65,81,146,0,79,,,DeepSeekBackend,deepseek-v4-flash,1783929948.9649663,llm_judge_binary,evaluation,,,446.0,446.0
deepseek,62,61,123,0,59,,,DeepSeekBackend,deepseek-v4-flash,1783929948.9763494,llm_judge_binary,evaluation,,,451.0,451.0
deepseek,65,101,166,0,99,,,DeepSeekBackend,deepseek-v4-flash,1783929949.0134377,llm_judge_binary,evaluation,,,445.0,445.0
deepseek,65,96,161,0,94,,,DeepSeekBackend,deepseek-v4-flash,1783929949.0880668,llm_judge_binary,evaluation,,,449.0,449.0
deepseek,66,73,139,0,71,,,DeepSeekBackend,deepseek-v4-flash,1783929949.148819,llm_judge_binary,evaluation,,,453.0,453.0
deepseek,64,37,101,0,35,,,DeepSeekBackend,deepseek-v4-flash,1783929949.1953506,llm_judge_binary,evaluation,,,461.0,461.0
deepseek,64,33,97,0,31,,,DeepSeekBackend,deepseek-v4-flash,1783929949.3946693,llm_judge_binary,evaluation,,,458.0,458.0
deepseek,63,111,174,0,109,,,DeepSeekBackend,deepseek-v4-flash,1783929949.4058242,llm_judge_binary,evaluation,,,448.0,448.0
deepseek,62,69,131,0,67,,,DeepSeekBackend,deepseek-v4-flash,1783929949.5148652,llm_judge_binary,evaluation,,,459.0,459.0
deepseek,65,71,136,0,69,,,DeepSeekBackend,deepseek-v4-flash,1783929949.568607,llm_judge_binary,evaluation,,,455.0,455.0
deepseek,60,133,193,0,131,,,DeepSeekBackend,deepseek-v4-flash,1783929949.5839713,llm_judge_binary,evaluation,,,444.0,444.0
deepseek,67,76,143,0,74,,,DeepSeekBackend,deepseek-v4-flash,1783929949.6013048,llm_judge_binary,evaluation,,,457.0,457.0
deepseek,60,197,257,0,195,,,DeepSeekBackend,deepseek-v4-flash,1783929949.7654388,llm_judge_binary,evaluation,,,439.0,439.0
deepseek,60,30,90,0,28,,,DeepSeekBackend,deepseek-v4-flash,1783929949.772021,llm_judge_binary,evaluation,,,465.0,465.0
deepseek,65,103,168,0,101,,,DeepSeekBackend,deepseek-v4-flash,1783929949.7932465,llm_judge_binary,evaluation,,,460.0,460.0
deepseek,62,51,113,0,49,,,DeepSeekBackend,deepseek-v4-flash,1783929949.8139496,llm_judge_binary,evaluation,,,464.0,464.0
deepseek,60,34,94,0,32,,,DeepSeekBackend,deepseek-v4-flash,1783929949.8181655,llm_judge_binary,evaluation,,,467.0,467.0
deepseek,65,84,149,0,82,,,DeepSeekBackend,deepseek-v4-flash,1783929949.8305352,llm_judge_binary,evaluation,,,456.0,456.0
deepseek,65,94,159,0,92,,,DeepSeekBackend,deepseek-v4-flash,1783929949.8360178,llm_judge_binary,evaluation,,,454.0,454.0
deepseek,60,37,97,0,35,,,DeepSeekBackend,deepseek-v4-flash,1783929949.8600912,llm_judge_binary,evaluation,,,468.0,468.0
deepseek,62,61,123,0,59,,,DeepSeekBackend,deepseek-v4-flash,1783929949.9704392,llm_judge_binary,evaluation,,,463.0,463.0
deepseek,60,33,93,0,31,,,DeepSeekBackend,deepseek-v4-flash,1783929950.0236998,llm_judge_binary,evaluation,,,470.0,470.0
deepseek,60,34,94,0,32,,,DeepSeekBackend,deepseek-v4-flash,1783929950.0300965,llm_judge_binary,evaluation,,,466.0,466.0
deepseek,60,33,93,0,31,,,DeepSeekBackend,deepseek-v4-flash,1783929950.043482,llm_judge_binary,evaluation,,,471.0,471.0
deepseek,60,36,96,0,34,,,DeepSeekBackend,deepseek-v4-flash,1783929950.2712576,llm_judge_binary,evaluation,,,472.0,472.0
deepseek,60,62,122,0,60,,,DeepSeekBackend,deepseek-v4-flash,1783929950.3074105,llm_judge_binary,evaluation,,,469.0,469.0
deepseek,60,43,103,0,41,,,DeepSeekBackend,deepseek-v4-flash,1783929950.427871,llm_judge_binary,evaluation,,,473.0,473.0
deepseek,60,32,92,0,30,,,DeepSeekBackend,deepseek-v4-flash,1783929950.456429,llm_judge_binary,evaluation,,,476.0,476.0
deepseek,60,35,95,0,33,,,DeepSeekBackend,deepseek-v4-flash,1783929950.536387,llm_judge_binary,evaluation,,,474.0,474.0
deepseek,60,35,95,0,33,,,DeepSeekBackend,deepseek-v4-flash,1783929950.6883492,llm_judge_binary,evaluation,,,483.0,483.0
deepseek,63,129,192,0,127,,,DeepSeekBackend,deepseek-v4-flash,1783929950.7160041,llm_judge_binary,evaluation,,,462.0,462.0
deepseek,60,35,95,0,33,,,DeepSeekBackend,deepseek-v4-flash,1783929950.738939,llm_judge_binary,evaluation,,,481.0,481.0
deepseek,60,63,123,0,61,,,DeepSeekBackend,deepseek-v4-flash,1783929950.7572951,llm_judge_binary,evaluation,,,475.0,475.0
deepseek,60,41,101,0,39,,,DeepSeekBackend,deepseek-v4-flash,1783929950.772646,llm_judge_binary,evaluation,,,477.0,477.0
deepseek,60,56,116,0,54,,,DeepSeekBackend,deepseek-v4-flash,1783929950.8127627,llm_judge_binary,evaluation,,,482.0,482.0
deepseek,60,44,104,0,42,,,DeepSeekBackend,deepseek-v4-flash,1783929950.838333,llm_judge_binary,evaluation,,,480.0,480.0
deepseek,60,34,94,0,32,,,DeepSeekBackend,deepseek-v4-flash,1783929950.8447847,llm_judge_binary,evaluation,,,478.0,478.0
deepseek,61,65,126,0,63,,,DeepSeekBackend,deepseek-v4-flash,1783929950.9094932,llm_judge_binary,evaluation,,,485.0,485.0
deepseek,60,56,116,0,54,,,DeepSeekBackend,deepseek-v4-flash,1783929950.9974973,llm_judge_binary,evaluation,,,479.0,479.0
deepseek,60,70,130,0,68,,,DeepSeekBackend,deepseek-v4-flash,1783929951.1449192,llm_judge_binary,evaluation,,,484.0,484.0
deepseek,61,64,125,0,62,,,DeepSeekBackend,deepseek-v4-flash,1783929951.1573303,llm_judge_binary,evaluation,,,489.0,489.0
deepseek,61,52,113,0,50,,,DeepSeekBackend,deepseek-v4-flash,1783929951.1728814,llm_judge_binary,evaluation,,,486.0,486.0
deepseek,61,68,129,0,66,,,DeepSeekBackend,deepseek-v4-flash,1783929951.2371793,llm_judge_binary,evaluation,,,487.0,487.0
deepseek,61,60,121,0,58,,,DeepSeekBackend,deepseek-v4-flash,1783929951.397572,llm_judge_binary,evaluation,,,490.0,490.0
deepseek,61,72,133,0,70,,,DeepSeekBackend,deepseek-v4-flash,1783929951.540037,llm_judge_binary,evaluation,,,488.0,488.0
deepseek,63,68,131,0,66,,,DeepSeekBackend,deepseek-v4-flash,1783929951.5945723,llm_judge_binary,evaluation,,,492.0,492.0
deepseek,61,63,124,0,61,,,DeepSeekBackend,deepseek-v4-flash,1783929951.6660395,llm_judge_binary,evaluation,,,493.0,493.0
deepseek,61,88,149,0,86,,,DeepSeekBackend,deepseek-v4-flash,1783929951.6944702,llm_judge_binary,evaluation,,,491.0,491.0
deepseek,61,65,126,0,63,,,DeepSeekBackend,deepseek-v4-flash,1783929951.7508857,llm_judge_binary,evaluation,,,494.0,494.0
deepseek,61,61,122,0,59,,,DeepSeekBackend,deepseek-v4-flash,1783929951.8544135,llm_judge_binary,evaluation,,,496.0,496.0
deepseek,65,64,129,0,62,,,DeepSeekBackend,deepseek-v4-flash,1783929951.9048722,llm_judge_binary,evaluation,,,497.0,497.0
deepseek,61,65,126,0,63,,,DeepSeekBackend,deepseek-v4-flash,1783929951.9566436,llm_judge_binary,evaluation,,,500.0,500.0
deepseek,61,68,129,0,66,,,DeepSeekBackend,deepseek-v4-flash,1783929952.0015216,llm_judge_binary,evaluation,,,495.0,495.0
deepseek,61,67,128,0,65,,,DeepSeekBackend,deepseek-v4-flash,1783929952.0223606,llm_judge_binary,evaluation,,,498.0,498.0
deepseek,61,66,127,0,64,,,DeepSeekBackend,deepseek-v4-flash,1783929952.0328524,llm_judge_binary,evaluation,,,502.0,502.0
deepseek,61,71,132,0,69,,,DeepSeekBackend,deepseek-v4-flash,1783929952.146902,llm_judge_binary,evaluation,,,499.0,499.0
deepseek,61,69,130,0,67,,,DeepSeekBackend,deepseek-v4-flash,1783929952.2088215,llm_judge_binary,evaluation,,,503.0,503.0
deepseek,61,62,123,0,60,,,DeepSeekBackend,deepseek-v4-flash,1783929952.2974641,llm_judge_binary,evaluation,,,504.0,504.0
deepseek,69,76,145,0,74,,,DeepSeekBackend,deepseek-v4-flash,1783929952.3520062,llm_judge_binary,evaluation,,,506.0,506.0
deepseek,61,73,134,0,71,,,DeepSeekBackend,deepseek-v4-flash,1783929952.4602606,llm_judge_binary,evaluation,,,501.0,501.0
deepseek,71,94,165,0,92,,,DeepSeekBackend,deepseek-v4-flash,1783929952.5028768,llm_judge_binary,evaluation,,,508.0,508.0
deepseek,62,70,132,0,68,,,DeepSeekBackend,deepseek-v4-flash,1783929952.5090075,llm_judge_binary,evaluation,,,505.0,505.0
deepseek,78,65,143,0,63,,,DeepSeekBackend,deepseek-v4-flash,1783929952.694155,llm_judge_binary,evaluation,,,512.0,512.0
deepseek,69,83,152,0,81,,,DeepSeekBackend,deepseek-v4-flash,1783929952.7949507,llm_judge_binary,evaluation,,,509.0,509.0
deepseek,71,117,188,0,115,,,DeepSeekBackend,deepseek-v4-flash,1783929952.828907,llm_judge_binary,evaluation,,,507.0,507.0
deepseek,73,87,160,0,85,,,DeepSeekBackend,deepseek-v4-flash,1783929952.8804874,llm_judge_binary,evaluation,,,511.0,511.0
deepseek,69,89,158,0,87,,,DeepSeekBackend,deepseek-v4-flash,1783929952.9677055,llm_judge_binary,evaluation,,,510.0,510.0
deepseek,78,53,131,0,51,,,DeepSeekBackend,deepseek-v4-flash,1783929952.9733407,llm_judge_binary,evaluation,,,517.0,517.0
deepseek,73,77,150,0,75,,,DeepSeekBackend,deepseek-v4-flash,1783929953.1166732,llm_judge_binary,evaluation,,,516.0,516.0
deepseek,69,74,143,0,72,,,DeepSeekBackend,deepseek-v4-flash,1783929953.254693,llm_judge_binary,evaluation,,,520.0,520.0
deepseek,69,72,141,0,70,,,DeepSeekBackend,deepseek-v4-flash,1783929953.2795622,llm_judge_binary,evaluation,,,519.0,519.0
deepseek,71,135,206,0,133,,,DeepSeekBackend,deepseek-v4-flash,1783929953.45716,llm_judge_binary,evaluation,,,513.0,513.0
deepseek,73,104,177,0,102,,,DeepSeekBackend,deepseek-v4-flash,1783929953.4627128,llm_judge_binary,evaluation,,,518.0,518.0
deepseek,69,80,149,0,78,,,DeepSeekBackend,deepseek-v4-flash,1783929953.481112,llm_judge_binary,evaluation,,,523.0,523.0
deepseek,71,130,201,0,128,,,DeepSeekBackend,deepseek-v4-flash,1783929953.499369,llm_judge_binary,evaluation,,,514.0,514.0
deepseek,64,34,98,0,32,,,DeepSeekBackend,deepseek-v4-flash,1783929953.5253282,llm_judge_binary,evaluation,,,526.0,526.0
deepseek,64,31,95,0,29,,,DeepSeekBackend,deepseek-v4-flash,1783929953.5403583,llm_judge_binary,evaluation,,,528.0,528.0
deepseek,69,108,177,0,106,,,DeepSeekBackend,deepseek-v4-flash,1783929953.6875587,llm_judge_binary,evaluation,,,521.0,521.0
deepseek,69,77,146,0,75,,,DeepSeekBackend,deepseek-v4-flash,1783929953.8175714,llm_judge_binary,evaluation,,,525.0,525.0
deepseek,64,38,102,0,36,,,DeepSeekBackend,deepseek-v4-flash,1783929953.8414855,llm_judge_binary,evaluation,,,529.0,529.0
deepseek,73,106,179,0,104,,,DeepSeekBackend,deepseek-v4-flash,1783929953.847085,llm_judge_binary,evaluation,,,524.0,524.0
deepseek,71,111,182,0,109,,,DeepSeekBackend,deepseek-v4-flash,1783929953.8519647,llm_judge_binary,evaluation,,,522.0,522.0
deepseek,71,112,183,0,110,,,DeepSeekBackend,deepseek-v4-flash,1783929954.1015844,llm_judge_binary,evaluation,,,527.0,527.0
deepseek,64,34,98,0,32,,,DeepSeekBackend,deepseek-v4-flash,1783929954.1392689,llm_judge_binary,evaluation,,,535.0,535.0
deepseek,62,57,119,0,55,,,DeepSeekBackend,deepseek-v4-flash,1783929954.1964972,llm_judge_binary,evaluation,,,530.0,530.0
deepseek,62,108,170,0,106,,,DeepSeekBackend,deepseek-v4-flash,1783929954.3224328,llm_judge_binary,evaluation,,,532.0,532.0
deepseek,66,82,148,0,80,,,DeepSeekBackend,deepseek-v4-flash,1783929954.4081209,llm_judge_binary,evaluation,,,531.0,531.0
deepseek,71,202,273,0,200,,,DeepSeekBackend,deepseek-v4-flash,1783929954.6079445,llm_judge_binary,evaluation,,,515.0,515.0
deepseek,64,38,102,0,36,,,DeepSeekBackend,deepseek-v4-flash,1783929954.701429,llm_judge_binary,evaluation,,,545.0,545.0
deepseek,62,75,137,0,73,,,DeepSeekBackend,deepseek-v4-flash,1783929954.7231035,llm_judge_binary,evaluation,,,539.0,539.0
deepseek,64,35,99,0,33,,,DeepSeekBackend,deepseek-v4-flash,1783929954.728364,llm_judge_binary,evaluation,,,542.0,542.0
deepseek,66,92,158,0,90,,,DeepSeekBackend,deepseek-v4-flash,1783929954.7449818,llm_judge_binary,evaluation,,,536.0,536.0
deepseek,71,120,191,0,118,,,DeepSeekBackend,deepseek-v4-flash,1783929954.8492966,llm_judge_binary,evaluation,,,534.0,534.0
deepseek,62,75,137,0,73,,,DeepSeekBackend,deepseek-v4-flash,1783929954.9383266,llm_judge_binary,evaluation,,,538.0,538.0
deepseek,62,93,155,0,91,,,DeepSeekBackend,deepseek-v4-flash,1783929954.9584236,llm_judge_binary,evaluation,,,541.0,541.0
deepseek,62,87,149,0,85,,,DeepSeekBackend,deepseek-v4-flash,1783929954.9866943,llm_judge_binary,evaluation,,,543.0,543.0
deepseek,71,74,145,0,72,,,DeepSeekBackend,deepseek-v4-flash,1783929955.0581264,llm_judge_binary,evaluation,,,544.0,544.0
deepseek,62,91,153,0,89,,,DeepSeekBackend,deepseek-v4-flash,1783929955.0691714,llm_judge_binary,evaluation,,,540.0,540.0
deepseek,62,149,211,0,147,,,DeepSeekBackend,deepseek-v4-flash,1783929955.0873358,llm_judge_binary,evaluation,,,533.0,533.0
deepseek,62,102,164,0,100,,,DeepSeekBackend,deepseek-v4-flash,1783929955.189211,llm_judge_binary,evaluation,,,537.0,537.0
deepseek,66,41,107,0,39,,,DeepSeekBackend,deepseek-v4-flash,1783929955.2976413,llm_judge_binary,evaluation,,,551.0,551.0
deepseek,66,67,133,0,65,,,DeepSeekBackend,deepseek-v4-flash,1783929955.6673963,llm_judge_binary,evaluation,,,552.0,552.0
deepseek,66,146,212,0,144,,,DeepSeekBackend,deepseek-v4-flash,1783929955.9784331,llm_judge_binary,evaluation,,,546.0,546.0
deepseek,66,42,108,0,40,,,DeepSeekBackend,deepseek-v4-flash,1783929956.0321777,llm_judge_binary,evaluation,,,564.0,564.0
deepseek,65,88,153,0,86,,,DeepSeekBackend,deepseek-v4-flash,1783929956.1741588,llm_judge_binary,evaluation,,,554.0,554.0
deepseek,66,45,111,0,43,,,DeepSeekBackend,deepseek-v4-flash,1783929956.3023865,llm_judge_binary,evaluation,,,561.0,561.0
deepseek,64,92,156,0,90,,,DeepSeekBackend,deepseek-v4-flash,1783929956.4359086,llm_judge_binary,evaluation,,,558.0,558.0
deepseek,66,204,270,0,202,,,DeepSeekBackend,deepseek-v4-flash,1783929956.5726762,llm_judge_binary,evaluation,,,547.0,547.0
deepseek,64,69,133,0,67,,,DeepSeekBackend,deepseek-v4-flash,1783929956.6138947,llm_judge_binary,evaluation,,,566.0,566.0
deepseek,63,208,271,0,206,,,DeepSeekBackend,deepseek-v4-flash,1783929956.8189378,llm_judge_binary,evaluation,,,548.0,548.0
deepseek,64,128,192,0,126,,,DeepSeekBackend,deepseek-v4-flash,1783929956.8399441,llm_judge_binary,evaluation,,,559.0,559.0
deepseek,64,75,139,0,73,,,DeepSeekBackend,deepseek-v4-flash,1783929956.9618268,llm_judge_binary,evaluation,,,567.0,567.0
deepseek,66,121,187,0,119,,,DeepSeekBackend,deepseek-v4-flash,1783929957.0152323,llm_judge_binary,evaluation,,,563.0,563.0
deepseek,66,193,259,0,191,,,DeepSeekBackend,deepseek-v4-flash,1783929957.0501099,llm_judge_binary,evaluation,,,553.0,553.0
deepseek,63,146,209,0,144,,,DeepSeekBackend,deepseek-v4-flash,1783929957.0920775,llm_judge_binary,evaluation,,,557.0,557.0
deepseek,63,238,301,0,236,,,DeepSeekBackend,deepseek-v4-flash,1783929957.2184148,llm_judge_binary,evaluation,,,550.0,550.0
deepseek,66,163,229,0,161,,,DeepSeekBackend,deepseek-v4-flash,1783929957.2505603,llm_judge_binary,evaluation,,,556.0,556.0
deepseek,64,187,251,0,185,,,DeepSeekBackend,deepseek-v4-flash,1783929957.4212108,llm_judge_binary,evaluation,,,555.0,555.0
deepseek,64,76,140,0,74,,,DeepSeekBackend,deepseek-v4-flash,1783929957.5641415,llm_judge_binary,evaluation,,,568.0,568.0
deepseek,64,86,150,0,84,,,DeepSeekBackend,deepseek-v4-flash,1783929957.7352295,llm_judge_binary,evaluation,,,571.0,571.0
deepseek,64,84,148,0,82,,,DeepSeekBackend,deepseek-v4-flash,1783929957.7669003,llm_judge_binary,evaluation,,,572.0,572.0
deepseek,64,86,150,0,84,,,DeepSeekBackend,deepseek-v4-flash,1783929957.8222785,llm_judge_binary,evaluation,,,570.0,570.0
deepseek,66,224,290,0,222,,,DeepSeekBackend,deepseek-v4-flash,1783929957.9677045,llm_judge_binary,evaluation,,,560.0,560.0
deepseek,68,80,148,0,78,,,DeepSeekBackend,deepseek-v4-flash,1783929958.0495749,llm_judge_binary,evaluation,,,573.0,573.0
deepseek,64,163,227,0,161,,,DeepSeekBackend,deepseek-v4-flash,1783929958.208659,llm_judge_binary,evaluation,,,569.0,569.0
deepseek,68,94,162,0,92,,,DeepSeekBackend,deepseek-v4-flash,1783929958.3127384,llm_judge_binary,evaluation,,,575.0,575.0
deepseek,64,88,152,0,86,,,DeepSeekBackend,deepseek-v4-flash,1783929958.340408,llm_judge_binary,evaluation,,,578.0,578.0
deepseek,64,203,267,0,201,,,DeepSeekBackend,deepseek-v4-flash,1783929958.3827522,llm_judge_binary,evaluation,,,565.0,565.0
deepseek,64,110,174,0,108,,,DeepSeekBackend,deepseek-v4-flash,1783929958.3938894,llm_judge_binary,evaluation,,,574.0,574.0
deepseek,64,105,169,0,103,,,DeepSeekBackend,deepseek-v4-flash,1783929958.5984814,llm_judge_binary,evaluation,,,579.0,579.0
deepseek,64,84,148,0,82,,,DeepSeekBackend,deepseek-v4-flash,1783929958.640943,llm_judge_binary,evaluation,,,581.0,581.0
deepseek,64,137,201,0,135,,,DeepSeekBackend,deepseek-v4-flash,1783929958.7184029,llm_judge_binary,evaluation,,,576.0,576.0
deepseek,62,31,93,0,29,,,DeepSeekBackend,deepseek-v4-flash,1783929958.7244217,llm_judge_binary,evaluation,,,586.0,586.0
deepseek,64,100,164,0,98,,,DeepSeekBackend,deepseek-v4-flash,1783929958.7311037,llm_judge_binary,evaluation,,,580.0,580.0
deepseek,64,123,187,0,121,,,DeepSeekBackend,deepseek-v4-flash,1783929958.8403533,llm_judge_binary,evaluation,,,577.0,577.0
deepseek,62,34,96,0,32,,,DeepSeekBackend,deepseek-v4-flash,1783929958.851037,llm_judge_binary,evaluation,,,587.0,587.0
deepseek,62,47,109,0,45,,,DeepSeekBackend,deepseek-v4-flash,1783929958.9497008,llm_judge_binary,evaluation,,,588.0,588.0
deepseek,63,382,445,0,380,,,DeepSeekBackend,deepseek-v4-flash,1783929958.9560995,llm_judge_binary,evaluation,,,549.0,549.0
deepseek,64,119,183,0,117,,,DeepSeekBackend,deepseek-v4-flash,1783929959.02487,llm_judge_binary,evaluation,,,583.0,583.0
deepseek,62,44,106,0,42,,,DeepSeekBackend,deepseek-v4-flash,1783929959.1023223,llm_judge_binary,evaluation,,,589.0,589.0
deepseek,62,38,100,0,36,,,DeepSeekBackend,deepseek-v4-flash,1783929959.183451,llm_judge_binary,evaluation,,,591.0,591.0
deepseek,64,122,186,0,120,,,DeepSeekBackend,deepseek-v4-flash,1783929959.2111955,llm_judge_binary,evaluation,,,582.0,582.0
deepseek,62,45,107,0,43,,,DeepSeekBackend,deepseek-v4-flash,1783929959.2296047,llm_judge_binary,evaluation,,,592.0,592.0
deepseek,62,49,111,0,47,,,DeepSeekBackend,deepseek-v4-flash,1783929959.2750695,llm_judge_binary,evaluation,,,593.0,593.0
deepseek,62,39,101,0,37,,,DeepSeekBackend,deepseek-v4-flash,1783929959.3451643,llm_judge_binary,evaluation,,,594.0,594.0
deepseek,64,101,165,0,99,,,DeepSeekBackend,deepseek-v4-flash,1783929959.354118,llm_judge_binary,evaluation,,,584.0,584.0
deepseek,61,72,133,0,70,,,DeepSeekBackend,deepseek-v4-flash,1783929959.3588953,llm_judge_binary,evaluation,,,590.0,590.0
deepseek,68,97,165,0,95,,,DeepSeekBackend,deepseek-v4-flash,1783929959.4344313,llm_judge_binary,evaluation,,,585.0,585.0
deepseek,62,32,94,0,30,,,DeepSeekBackend,deepseek-v4-flash,1783929959.5923636,llm_judge_binary,evaluation,,,595.0,595.0
deepseek,62,46,108,0,44,,,DeepSeekBackend,deepseek-v4-flash,1783929959.677121,llm_judge_binary,evaluation,,,599.0,599.0
deepseek,62,46,108,0,44,,,DeepSeekBackend,deepseek-v4-flash,1783929959.6943693,llm_judge_binary,evaluation,,,598.0,598.0
deepseek,62,45,107,0,43,,,DeepSeekBackend,deepseek-v4-flash,1783929959.6991775,llm_judge_binary,evaluation,,,596.0,596.0
deepseek,62,42,104,0,40,,,DeepSeekBackend,deepseek-v4-flash,1783929959.8398,llm_judge_binary,evaluation,,,601.0,601.0
deepseek,62,44,106,0,42,,,DeepSeekBackend,deepseek-v4-flash,1783929959.8554173,llm_judge_binary,evaluation,,,603.0,603.0
deepseek,62,42,104,0,40,,,DeepSeekBackend,deepseek-v4-flash,1783929959.8817377,llm_judge_binary,evaluation,,,602.0,602.0
deepseek,62,28,90,0,26,,,DeepSeekBackend,deepseek-v4-flash,1783929959.8966527,llm_judge_binary,evaluation,,,597.0,597.0
deepseek,62,42,104,0,40,,,DeepSeekBackend,deepseek-v4-flash,1783929959.9893773,llm_judge_binary,evaluation,,,604.0,604.0
deepseek,62,39,101,0,37,,,DeepSeekBackend,deepseek-v4-flash,1783929959.9961672,llm_judge_binary,evaluation,,,600.0,600.0
deepseek,62,37,99,0,35,,,DeepSeekBackend,deepseek-v4-flash,1783929960.0314283,llm_judge_binary,evaluation,,,605.0,605.0
deepseek,63,393,456,0,391,,,DeepSeekBackend,deepseek-v4-flash,1783929960.0932403,llm_judge_binary,evaluation,,,562.0,562.0
deepseek,66,57,123,0,55,,,DeepSeekBackend,deepseek-v4-flash,1783929960.3870451,llm_judge_binary,evaluation,,,606.0,606.0
deepseek,63,71,134,0,69,,,DeepSeekBackend,deepseek-v4-flash,1783929960.4145064,llm_judge_binary,evaluation,,,609.0,609.0
deepseek,63,68,131,0,66,,,DeepSeekBackend,deepseek-v4-flash,1783929960.4917,llm_judge_binary,evaluation,,,612.0,612.0
deepseek,64,96,160,0,94,,,DeepSeekBackend,deepseek-v4-flash,1783929960.7220345,llm_judge_binary,evaluation,,,607.0,607.0
deepseek,63,84,147,0,82,,,DeepSeekBackend,deepseek-v4-flash,1783929960.7287183,llm_judge_binary,evaluation,,,611.0,611.0
deepseek,67,72,139,0,70,,,DeepSeekBackend,deepseek-v4-flash,1783929960.7686498,llm_judge_binary,evaluation,,,615.0,615.0
deepseek,63,70,133,0,68,,,DeepSeekBackend,deepseek-v4-flash,1783929960.8212626,llm_judge_binary,evaluation,,,614.0,614.0
deepseek,63,98,161,0,96,,,DeepSeekBackend,deepseek-v4-flash,1783929960.8334334,llm_judge_binary,evaluation,,,608.0,608.0
deepseek,63,77,140,0,75,,,DeepSeekBackend,deepseek-v4-flash,1783929960.852926,llm_judge_binary,evaluation,,,613.0,613.0
deepseek,63,62,125,0,60,,,DeepSeekBackend,deepseek-v4-flash,1783929960.913491,llm_judge_binary,evaluation,,,616.0,616.0
deepseek,63,102,165,0,100,,,DeepSeekBackend,deepseek-v4-flash,1783929960.9533722,llm_judge_binary,evaluation,,,610.0,610.0
deepseek,63,64,127,0,62,,,DeepSeekBackend,deepseek-v4-flash,1783929961.0120904,llm_judge_binary,evaluation,,,621.0,621.0
deepseek,63,72,135,0,70,,,DeepSeekBackend,deepseek-v4-flash,1783929961.0677059,llm_judge_binary,evaluation,,,619.0,619.0
deepseek,67,81,148,0,79,,,DeepSeekBackend,deepseek-v4-flash,1783929961.1134827,llm_judge_binary,evaluation,,,620.0,620.0
deepseek,63,82,145,0,80,,,DeepSeekBackend,deepseek-v4-flash,1783929961.1402555,llm_judge_binary,evaluation,,,622.0,622.0
deepseek,63,68,131,0,66,,,DeepSeekBackend,deepseek-v4-flash,1783929961.1699772,llm_judge_binary,evaluation,,,618.0,618.0
deepseek,63,79,142,0,77,,,DeepSeekBackend,deepseek-v4-flash,1783929961.3651857,llm_judge_binary,evaluation,,,624.0,624.0
deepseek,60,36,96,0,34,,,DeepSeekBackend,deepseek-v4-flash,1783929961.3762176,llm_judge_binary,evaluation,,,627.0,627.0
deepseek,60,42,102,0,40,,,DeepSeekBackend,deepseek-v4-flash,1783929961.5070627,llm_judge_binary,evaluation,,,628.0,628.0
deepseek,63,88,151,0,86,,,DeepSeekBackend,deepseek-v4-flash,1783929961.5159073,llm_judge_binary,evaluation,,,625.0,625.0
deepseek,60,41,101,0,39,,,DeepSeekBackend,deepseek-v4-flash,1783929961.5204692,llm_judge_binary,evaluation,,,626.0,626.0
deepseek,63,148,211,0,146,,,DeepSeekBackend,deepseek-v4-flash,1783929961.6024804,llm_judge_binary,evaluation,,,617.0,617.0
deepseek,60,33,93,0,31,,,DeepSeekBackend,deepseek-v4-flash,1783929961.7519057,llm_judge_binary,evaluation,,,631.0,631.0
deepseek,60,33,93,0,31,,,DeepSeekBackend,deepseek-v4-flash,1783929961.758175,llm_judge_binary,evaluation,,,630.0,630.0
deepseek,63,103,166,0,101,,,DeepSeekBackend,deepseek-v4-flash,1783929961.8232636,llm_judge_binary,evaluation,,,623.0,623.0
deepseek,60,40,100,0,38,,,DeepSeekBackend,deepseek-v4-flash,1783929961.845854,llm_judge_binary,evaluation,,,634.0,634.0
deepseek,60,55,115,0,53,,,DeepSeekBackend,deepseek-v4-flash,1783929961.8543148,llm_judge_binary,evaluation,,,633.0,633.0
deepseek,60,40,100,0,38,,,DeepSeekBackend,deepseek-v4-flash,1783929961.8606613,llm_judge_binary,evaluation,,,632.0,632.0
deepseek,60,41,101,0,39,,,DeepSeekBackend,deepseek-v4-flash,1783929961.9005342,llm_judge_binary,evaluation,,,637.0,637.0
deepseek,60,37,97,0,35,,,DeepSeekBackend,deepseek-v4-flash,1783929961.9125366,llm_judge_binary,evaluation,,,636.0,636.0
deepseek,60,41,101,0,39,,,DeepSeekBackend,deepseek-v4-flash,1783929961.9256413,llm_judge_binary,evaluation,,,635.0,635.0
deepseek,60,36,96,0,34,,,DeepSeekBackend,deepseek-v4-flash,1783929961.9681816,llm_judge_binary,evaluation,,,638.0,638.0
deepseek,60,34,94,0,32,,,DeepSeekBackend,deepseek-v4-flash,1783929962.0057304,llm_judge_binary,evaluation,,,641.0,641.0
deepseek,60,43,103,0,41,,,DeepSeekBackend,deepseek-v4-flash,1783929962.2819269,llm_judge_binary,evaluation,,,640.0,640.0
deepseek,60,26,86,0,24,,,DeepSeekBackend,deepseek-v4-flash,1783929962.292454,llm_judge_binary,evaluation,,,643.0,643.0
deepseek,60,33,93,0,31,,,DeepSeekBackend,deepseek-v4-flash,1783929962.3470342,llm_judge_binary,evaluation,,,644.0,644.0
deepseek,60,97,157,0,95,,,DeepSeekBackend,deepseek-v4-flash,1783929962.369725,llm_judge_binary,evaluation,,,629.0,629.0
deepseek,68,35,103,0,33,,,DeepSeekBackend,deepseek-v4-flash,1783929962.395796,llm_judge_binary,evaluation,,,646.0,646.0
deepseek,60,48,108,0,46,,,DeepSeekBackend,deepseek-v4-flash,1783929962.458228,llm_judge_binary,evaluation,,,639.0,639.0
deepseek,60,42,102,0,40,,,DeepSeekBackend,deepseek-v4-flash,1783929962.6438422,llm_judge_binary,evaluation,,,645.0,645.0
deepseek,68,28,96,0,26,,,DeepSeekBackend,deepseek-v4-flash,1783929962.7521312,llm_judge_binary,evaluation,,,650.0,650.0
deepseek,60,91,151,0,89,,,DeepSeekBackend,deepseek-v4-flash,1783929962.813319,llm_judge_binary,evaluation,,,642.0,642.0
deepseek,64,72,136,0,70,,,DeepSeekBackend,deepseek-v4-flash,1783929962.920442,llm_judge_binary,evaluation,,,649.0,649.0
deepseek,68,53,121,0,51,,,DeepSeekBackend,deepseek-v4-flash,1783929962.9319315,llm_judge_binary,evaluation,,,657.0,657.0
deepseek,64,77,141,0,75,,,DeepSeekBackend,deepseek-v4-flash,1783929963.1132517,llm_judge_binary,evaluation,,,648.0,648.0
deepseek,68,78,146,0,76,,,DeepSeekBackend,deepseek-v4-flash,1783929963.1402218,llm_judge_binary,evaluation,,,655.0,655.0
deepseek,64,87,151,0,85,,,DeepSeekBackend,deepseek-v4-flash,1783929963.146576,llm_judge_binary,evaluation,,,654.0,654.0
deepseek,65,96,161,0,94,,,DeepSeekBackend,deepseek-v4-flash,1783929963.1671095,llm_judge_binary,evaluation,,,652.0,652.0
deepseek,68,42,110,0,40,,,DeepSeekBackend,deepseek-v4-flash,1783929963.1720192,llm_judge_binary,evaluation,,,661.0,661.0
deepseek,64,70,134,0,68,,,DeepSeekBackend,deepseek-v4-flash,1783929963.1998625,llm_judge_binary,evaluation,,,656.0,656.0
deepseek,69,84,153,0,82,,,DeepSeekBackend,deepseek-v4-flash,1783929963.2160156,llm_judge_binary,evaluation,,,647.0,647.0
deepseek,65,83,148,0,81,,,DeepSeekBackend,deepseek-v4-flash,1783929963.2393348,llm_judge_binary,evaluation,,,651.0,651.0
deepseek,64,81,145,0,79,,,DeepSeekBackend,deepseek-v4-flash,1783929963.2687252,llm_judge_binary,evaluation,,,653.0,653.0
deepseek,65,75,140,0,73,,,DeepSeekBackend,deepseek-v4-flash,1783929963.2983758,llm_judge_binary,evaluation,,,660.0,660.0
deepseek,68,51,119,0,49,,,DeepSeekBackend,deepseek-v4-flash,1783929963.3382616,llm_judge_binary,evaluation,,,663.0,663.0
deepseek,68,37,105,0,35,,,DeepSeekBackend,deepseek-v4-flash,1783929963.6124158,llm_judge_binary,evaluation,,,664.0,664.0
deepseek,64,97,161,0,95,,,DeepSeekBackend,deepseek-v4-flash,1783929963.719025,llm_judge_binary,evaluation,,,659.0,659.0
deepseek,66,57,123,0,55,,,DeepSeekBackend,deepseek-v4-flash,1783929963.923341,llm_judge_binary,evaluation,,,667.0,667.0
deepseek,64,120,184,0,118,,,DeepSeekBackend,deepseek-v4-flash,1783929963.9505312,llm_judge_binary,evaluation,,,658.0,658.0
deepseek,64,98,162,0,96,,,DeepSeekBackend,deepseek-v4-flash,1783929964.0143807,llm_judge_binary,evaluation,,,665.0,665.0
deepseek,62,92,154,0,90,,,DeepSeekBackend,deepseek-v4-flash,1783929964.0953512,llm_judge_binary,evaluation,,,666.0,666.0
deepseek,66,79,145,0,77,,,DeepSeekBackend,deepseek-v4-flash,1783929964.331121,llm_judge_binary,evaluation,,,674.0,674.0
deepseek,66,84,150,0,82,,,DeepSeekBackend,deepseek-v4-flash,1783929964.462314,llm_judge_binary,evaluation,,,677.0,677.0
deepseek,66,75,141,0,73,,,DeepSeekBackend,deepseek-v4-flash,1783929964.4830647,llm_judge_binary,evaluation,,,672.0,672.0
deepseek,62,90,152,0,88,,,DeepSeekBackend,deepseek-v4-flash,1783929964.489698,llm_judge_binary,evaluation,,,670.0,670.0
deepseek,66,80,146,0,78,,,DeepSeekBackend,deepseek-v4-flash,1783929964.4950829,llm_judge_binary,evaluation,,,673.0,673.0
deepseek,66,81,147,0,79,,,DeepSeekBackend,deepseek-v4-flash,1783929964.5739083,llm_judge_binary,evaluation,,,675.0,675.0
deepseek,66,91,157,0,89,,,DeepSeekBackend,deepseek-v4-flash,1783929964.6224697,llm_judge_binary,evaluation,,,671.0,671.0
deepseek,64,183,247,0,181,,,DeepSeekBackend,deepseek-v4-flash,1783929964.720428,llm_judge_binary,evaluation,,,662.0,662.0
deepseek,66,95,161,0,93,,,DeepSeekBackend,deepseek-v4-flash,1783929964.7268777,llm_judge_binary,evaluation,,,680.0,680.0
deepseek,66,72,138,0,70,,,DeepSeekBackend,deepseek-v4-flash,1783929964.757161,llm_judge_binary,evaluation,,,681.0,681.0
deepseek,62,80,142,0,78,,,DeepSeekBackend,deepseek-v4-flash,1783929964.7632642,llm_judge_binary,evaluation,,,678.0,678.0
deepseek,68,39,107,0,37,,,DeepSeekBackend,deepseek-v4-flash,1783929965.1064293,llm_judge_binary,evaluation,,,686.0,686.0
deepseek,62,136,198,0,134,,,DeepSeekBackend,deepseek-v4-flash,1783929965.1291218,llm_judge_binary,evaluation,,,676.0,676.0
deepseek,62,97,159,0,95,,,DeepSeekBackend,deepseek-v4-flash,1783929965.2321584,llm_judge_binary,evaluation,,,683.0,683.0
deepseek,62,84,146,0,82,,,DeepSeekBackend,deepseek-v4-flash,1783929965.2409654,llm_judge_binary,evaluation,,,682.0,682.0
deepseek,62,123,185,0,121,,,DeepSeekBackend,deepseek-v4-flash,1783929965.2868764,llm_judge_binary,evaluation,,,679.0,679.0
deepseek,66,211,277,0,209,,,DeepSeekBackend,deepseek-v4-flash,1783929965.3594232,llm_judge_binary,evaluation,,,668.0,668.0
deepseek,68,53,121,0,51,,,DeepSeekBackend,deepseek-v4-flash,1783929965.3914983,llm_judge_binary,evaluation,,,688.0,688.0
deepseek,68,47,115,0,45,,,DeepSeekBackend,deepseek-v4-flash,1783929965.3980453,llm_judge_binary,evaluation,,,687.0,687.0
deepseek,68,54,122,0,52,,,DeepSeekBackend,deepseek-v4-flash,1783929965.438133,llm_judge_binary,evaluation,,,690.0,690.0
deepseek,66,89,155,0,87,,,DeepSeekBackend,deepseek-v4-flash,1783929965.445988,llm_judge_binary,evaluation,,,684.0,684.0
deepseek,68,58,126,0,56,,,DeepSeekBackend,deepseek-v4-flash,1783929965.5206685,llm_judge_binary,evaluation,,,691.0,691.0
deepseek,62,85,147,0,83,,,DeepSeekBackend,deepseek-v4-flash,1783929965.5643907,llm_judge_binary,evaluation,,,685.0,685.0
deepseek,68,56,124,0,54,,,DeepSeekBackend,deepseek-v4-flash,1783929965.693438,llm_judge_binary,evaluation,,,696.0,696.0
deepseek,66,205,271,0,203,,,DeepSeekBackend,deepseek-v4-flash,1783929965.7238002,llm_judge_binary,evaluation,,,669.0,669.0
deepseek,68,55,123,0,53,,,DeepSeekBackend,deepseek-v4-flash,1783929965.7602477,llm_judge_binary,evaluation,,,694.0,694.0
deepseek,68,54,122,0,52,,,DeepSeekBackend,deepseek-v4-flash,1783929965.7645016,llm_judge_binary,evaluation,,,693.0,693.0
deepseek,68,94,162,0,92,,,DeepSeekBackend,deepseek-v4-flash,1783929965.8039563,llm_judge_binary,evaluation,,,689.0,689.0
deepseek,68,54,122,0,52,,,DeepSeekBackend,deepseek-v4-flash,1783929965.8727286,llm_judge_binary,evaluation,,,692.0,692.0
deepseek,68,60,128,0,58,,,DeepSeekBackend,deepseek-v4-flash,1783929965.9739158,llm_judge_binary,evaluation,,,697.0,697.0
deepseek,68,43,111,0,41,,,DeepSeekBackend,deepseek-v4-flash,1783929966.1018982,llm_judge_binary,evaluation,,,699.0,699.0
deepseek,68,69,137,0,67,,,DeepSeekBackend,deepseek-v4-flash,1783929966.166645,llm_judge_binary,evaluation,,,695.0,695.0
deepseek,68,57,125,0,55,,,DeepSeekBackend,deepseek-v4-flash,1783929966.1780574,llm_judge_binary,evaluation,,,698.0,698.0
deepseek,68,41,109,0,39,,,DeepSeekBackend,deepseek-v4-flash,1783929966.2386339,llm_judge_binary,evaluation,,,700.0,700.0
deepseek,68,54,122,0,52,,,DeepSeekBackend,deepseek-v4-flash,1783929966.2559185,llm_judge_binary,evaluation,,,701.0,701.0
deepseek,68,56,124,0,54,,,DeepSeekBackend,deepseek-v4-flash,1783929966.3779826,llm_judge_binary,evaluation,,,704.0,704.0
deepseek,68,58,126,0,56,,,DeepSeekBackend,deepseek-v4-flash,1783929966.3978422,llm_judge_binary,evaluation,,,703.0,703.0
deepseek,68,51,119,0,49,,,DeepSeekBackend,deepseek-v4-flash,1783929966.467034,llm_judge_binary,evaluation,,,706.0,706.0
deepseek,68,37,105,0,35,,,DeepSeekBackend,deepseek-v4-flash,1783929966.4871335,llm_judge_binary,evaluation,,,709.0,709.0
deepseek,68,65,133,0,63,,,DeepSeekBackend,deepseek-v4-flash,1783929966.5222707,llm_judge_binary,evaluation,,,705.0,705.0
deepseek,68,51,119,0,49,,,DeepSeekBackend,deepseek-v4-flash,1783929966.5536294,llm_judge_binary,evaluation,,,712.0,712.0
deepseek,68,41,109,0,39,,,DeepSeekBackend,deepseek-v4-flash,1783929966.5664432,llm_judge_binary,evaluation,,,713.0,713.0
deepseek,68,78,146,0,76,,,DeepSeekBackend,deepseek-v4-flash,1783929966.5725653,llm_judge_binary,evaluation,,,702.0,702.0
deepseek,68,50,118,0,48,,,DeepSeekBackend,deepseek-v4-flash,1783929966.625854,llm_judge_binary,evaluation,,,707.0,707.0
deepseek,68,55,123,0,53,,,DeepSeekBackend,deepseek-v4-flash,1783929966.7638035,llm_judge_binary,evaluation,,,708.0,708.0
deepseek,68,48,116,0,46,,,DeepSeekBackend,deepseek-v4-flash,1783929966.9054368,llm_judge_binary,evaluation,,,715.0,715.0
deepseek,68,36,104,0,34,,,DeepSeekBackend,deepseek-v4-flash,1783929966.911643,llm_judge_binary,evaluation,,,711.0,711.0
deepseek,68,51,119,0,49,,,DeepSeekBackend,deepseek-v4-flash,1783929966.9836347,llm_judge_binary,evaluation,,,710.0,710.0
deepseek,68,51,119,0,49,,,DeepSeekBackend,deepseek-v4-flash,1783929966.9898617,llm_judge_binary,evaluation,,,716.0,716.0
deepseek,68,51,119,0,49,,,DeepSeekBackend,deepseek-v4-flash,1783929967.0011003,llm_judge_binary,evaluation,,,714.0,714.0
deepseek,68,42,110,0,40,,,DeepSeekBackend,deepseek-v4-flash,1783929967.063706,llm_judge_binary,evaluation,,,719.0,719.0
deepseek,68,42,110,0,40,,,DeepSeekBackend,deepseek-v4-flash,1783929967.113222,llm_judge_binary,evaluation,,,718.0,718.0
deepseek,68,38,106,0,36,,,DeepSeekBackend,deepseek-v4-flash,1783929967.1249385,llm_judge_binary,evaluation,,,720.0,720.0
deepseek,68,42,110,0,40,,,DeepSeekBackend,deepseek-v4-flash,1783929967.1350245,llm_judge_binary,evaluation,,,717.0,717.0
deepseek,68,51,119,0,49,,,DeepSeekBackend,deepseek-v4-flash,1783929967.285731,llm_judge_binary,evaluation,,,721.0,721.0
deepseek,68,51,119,0,49,,,DeepSeekBackend,deepseek-v4-flash,1783929967.325679,llm_judge_binary,evaluation,,,722.0,722.0
deepseek,68,42,110,0,40,,,DeepSeekBackend,deepseek-v4-flash,1783929967.4554884,llm_judge_binary,evaluation,,,723.0,723.0
deepseek,68,52,120,0,50,,,DeepSeekBackend,deepseek-v4-flash,1783929967.4944742,llm_judge_binary,evaluation,,,725.0,725.0
deepseek,68,46,114,0,44,,,DeepSeekBackend,deepseek-v4-flash,1783929967.51456,llm_judge_binary,evaluation,,,724.0,724.0
deepseek,62,45,107,0,43,,,DeepSeekBackend,deepseek-v4-flash,1783929967.603457,llm_judge_binary,evaluation,,,729.0,729.0
deepseek,64,51,115,0,49,,,DeepSeekBackend,deepseek-v4-flash,1783929967.7162013,llm_judge_binary,evaluation,,,730.0,730.0
deepseek,62,56,118,0,54,,,DeepSeekBackend,deepseek-v4-flash,1783929967.8921473,llm_judge_binary,evaluation,,,732.0,732.0
deepseek,62,53,115,0,51,,,DeepSeekBackend,deepseek-v4-flash,1783929968.023349,llm_judge_binary,evaluation,,,733.0,733.0
deepseek,65,60,125,0,58,,,DeepSeekBackend,deepseek-v4-flash,1783929968.0497074,llm_judge_binary,evaluation,,,734.0,734.0
deepseek,63,67,130,0,65,,,DeepSeekBackend,deepseek-v4-flash,1783929968.1580496,llm_judge_binary,evaluation,,,727.0,727.0
deepseek,66,54,120,0,52,,,DeepSeekBackend,deepseek-v4-flash,1783929968.1662402,llm_judge_binary,evaluation,,,735.0,735.0
deepseek,62,72,134,0,70,,,DeepSeekBackend,deepseek-v4-flash,1783929968.330188,llm_judge_binary,evaluation,,,740.0,740.0
deepseek,63,69,132,0,67,,,DeepSeekBackend,deepseek-v4-flash,1783929968.3645434,llm_judge_binary,evaluation,,,739.0,739.0
deepseek,62,72,134,0,70,,,DeepSeekBackend,deepseek-v4-flash,1783929968.390111,llm_judge_binary,evaluation,,,737.0,737.0
deepseek,62,56,118,0,54,,,DeepSeekBackend,deepseek-v4-flash,1783929968.4415798,llm_judge_binary,evaluation,,,742.0,742.0
deepseek,62,57,119,0,55,,,DeepSeekBackend,deepseek-v4-flash,1783929968.5110455,llm_judge_binary,evaluation,,,744.0,744.0
deepseek,62,62,124,0,60,,,DeepSeekBackend,deepseek-v4-flash,1783929968.5466766,llm_judge_binary,evaluation,,,745.0,745.0
deepseek,65,46,111,0,44,,,DeepSeekBackend,deepseek-v4-flash,1783929968.604651,llm_judge_binary,evaluation,,,741.0,741.0
deepseek,64,39,103,0,37,,,DeepSeekBackend,deepseek-v4-flash,1783929968.6639605,llm_judge_binary,evaluation,,,748.0,748.0
deepseek,63,169,232,0,167,,,DeepSeekBackend,deepseek-v4-flash,1783929968.6961722,llm_judge_binary,evaluation,,,728.0,728.0
deepseek,64,61,125,0,59,,,DeepSeekBackend,deepseek-v4-flash,1783929968.72842,llm_judge_binary,evaluation,,,743.0,743.0
deepseek,62,80,142,0,78,,,DeepSeekBackend,deepseek-v4-flash,1783929968.9096174,llm_judge_binary,evaluation,,,747.0,747.0
deepseek,66,86,152,0,84,,,DeepSeekBackend,deepseek-v4-flash,1783929968.9815958,llm_judge_binary,evaluation,,,746.0,746.0
deepseek,63,155,218,0,153,,,DeepSeekBackend,deepseek-v4-flash,1783929969.0107725,llm_judge_binary,evaluation,,,731.0,731.0
deepseek,63,138,201,0,136,,,DeepSeekBackend,deepseek-v4-flash,1783929969.032866,llm_judge_binary,evaluation,,,736.0,736.0
deepseek,64,38,102,0,36,,,DeepSeekBackend,deepseek-v4-flash,1783929969.0853317,llm_judge_binary,evaluation,,,750.0,750.0
deepseek,64,60,124,0,58,,,DeepSeekBackend,deepseek-v4-flash,1783929969.2578204,llm_judge_binary,evaluation,,,749.0,749.0
deepseek,63,145,208,0,143,,,DeepSeekBackend,deepseek-v4-flash,1783929969.2711906,llm_judge_binary,evaluation,,,738.0,738.0
deepseek,64,48,112,0,46,,,DeepSeekBackend,deepseek-v4-flash,1783929969.3477833,llm_judge_binary,evaluation,,,753.0,753.0
deepseek,64,30,94,0,28,,,DeepSeekBackend,deepseek-v4-flash,1783929969.3553097,llm_judge_binary,evaluation,,,755.0,755.0
deepseek,64,34,98,0,32,,,DeepSeekBackend,deepseek-v4-flash,1783929969.4122703,llm_judge_binary,evaluation,,,757.0,757.0
deepseek,62,81,143,0,79,,,DeepSeekBackend,deepseek-v4-flash,1783929969.5405529,llm_judge_binary,evaluation,,,751.0,751.0
deepseek,64,42,106,0,40,,,DeepSeekBackend,deepseek-v4-flash,1783929969.5531769,llm_judge_binary,evaluation,,,760.0,760.0
deepseek,64,47,111,0,45,,,DeepSeekBackend,deepseek-v4-flash,1783929969.5668223,llm_judge_binary,evaluation,,,758.0,758.0
deepseek,66,83,149,0,81,,,DeepSeekBackend,deepseek-v4-flash,1783929969.6222806,llm_judge_binary,evaluation,,,752.0,752.0
deepseek,64,38,102,0,36,,,DeepSeekBackend,deepseek-v4-flash,1783929969.77755,llm_judge_binary,evaluation,,,763.0,763.0
deepseek,62,77,139,0,75,,,DeepSeekBackend,deepseek-v4-flash,1783929969.7921429,llm_judge_binary,evaluation,,,756.0,756.0
deepseek,62,56,118,0,54,,,DeepSeekBackend,deepseek-v4-flash,1783929969.82323,llm_judge_binary,evaluation,,,762.0,762.0
deepseek,64,51,115,0,49,,,DeepSeekBackend,deepseek-v4-flash,1783929969.833857,llm_judge_binary,evaluation,,,759.0,759.0
deepseek,62,75,137,0,73,,,DeepSeekBackend,deepseek-v4-flash,1783929969.850661,llm_judge_binary,evaluation,,,754.0,754.0
deepseek,65,65,130,0,63,,,DeepSeekBackend,deepseek-v4-flash,1783929970.1334298,llm_judge_binary,evaluation,,,767.0,767.0
deepseek,64,42,106,0,40,,,DeepSeekBackend,deepseek-v4-flash,1783929970.1500175,llm_judge_binary,evaluation,,,764.0,764.0
deepseek,65,70,135,0,68,,,DeepSeekBackend,deepseek-v4-flash,1783929970.1807497,llm_judge_binary,evaluation,,,766.0,766.0
deepseek,62,39,101,0,37,,,DeepSeekBackend,deepseek-v4-flash,1783929970.274481,llm_judge_binary,evaluation,,,771.0,771.0
deepseek,62,101,163,0,99,,,DeepSeekBackend,deepseek-v4-flash,1783929970.3349931,llm_judge_binary,evaluation,,,761.0,761.0
deepseek,65,81,146,0,79,,,DeepSeekBackend,deepseek-v4-flash,1783929970.358524,llm_judge_binary,evaluation,,,765.0,765.0
deepseek,65,72,137,0,70,,,DeepSeekBackend,deepseek-v4-flash,1783929970.6212947,llm_judge_binary,evaluation,,,773.0,773.0
deepseek,62,40,102,0,38,,,DeepSeekBackend,deepseek-v4-flash,1783929970.628531,llm_judge_binary,evaluation,,,778.0,778.0
deepseek,65,90,155,0,88,,,DeepSeekBackend,deepseek-v4-flash,1783929970.6550107,llm_judge_binary,evaluation,,,769.0,769.0
deepseek,61,68,129,0,66,,,DeepSeekBackend,deepseek-v4-flash,1783929970.730671,llm_judge_binary,evaluation,,,775.0,775.0
deepseek,65,73,138,0,71,,,DeepSeekBackend,deepseek-v4-flash,1783929970.736817,llm_judge_binary,evaluation,,,770.0,770.0
deepseek,62,41,103,0,39,,,DeepSeekBackend,deepseek-v4-flash,1783929970.7429647,llm_judge_binary,evaluation,,,777.0,777.0
deepseek,61,85,146,0,83,,,DeepSeekBackend,deepseek-v4-flash,1783929970.759753,llm_judge_binary,evaluation,,,772.0,772.0
deepseek,65,73,138,0,71,,,DeepSeekBackend,deepseek-v4-flash,1783929970.763289,llm_judge_binary,evaluation,,,776.0,776.0
deepseek,62,47,109,0,45,,,DeepSeekBackend,deepseek-v4-flash,1783929970.8351731,llm_judge_binary,evaluation,,,780.0,780.0
deepseek,65,95,160,0,93,,,DeepSeekBackend,deepseek-v4-flash,1783929970.8626337,llm_judge_binary,evaluation,,,768.0,768.0
deepseek,65,81,146,0,79,,,DeepSeekBackend,deepseek-v4-flash,1783929970.89382,llm_judge_binary,evaluation,,,774.0,774.0
deepseek,65,66,131,0,64,,,DeepSeekBackend,deepseek-v4-flash,1783929970.9059086,llm_judge_binary,evaluation,,,781.0,781.0
deepseek,65,57,122,0,55,,,DeepSeekBackend,deepseek-v4-flash,1783929970.9596374,llm_judge_binary,evaluation,,,779.0,779.0
deepseek,64,49,113,0,47,,,DeepSeekBackend,deepseek-v4-flash,1783929971.381704,llm_judge_binary,evaluation,,,787.0,787.0
deepseek,64,59,123,0,57,,,DeepSeekBackend,deepseek-v4-flash,1783929971.4119496,llm_judge_binary,evaluation,,,786.0,786.0
deepseek,65,84,149,0,82,,,DeepSeekBackend,deepseek-v4-flash,1783929971.4299326,llm_judge_binary,evaluation,,,783.0,783.0
deepseek,61,60,121,0,58,,,DeepSeekBackend,deepseek-v4-flash,1783929971.4390748,llm_judge_binary,evaluation,,,784.0,784.0
deepseek,64,54,118,0,52,,,DeepSeekBackend,deepseek-v4-flash,1783929971.5774446,llm_judge_binary,evaluation,,,785.0,785.0
deepseek,64,62,126,0,60,,,DeepSeekBackend,deepseek-v4-flash,1783929971.7316966,llm_judge_binary,evaluation,,,790.0,790.0
deepseek,64,55,119,0,53,,,DeepSeekBackend,deepseek-v4-flash,1783929971.7827086,llm_judge_binary,evaluation,,,794.0,794.0
deepseek,64,72,136,0,70,,,DeepSeekBackend,deepseek-v4-flash,1783929971.8018868,llm_judge_binary,evaluation,,,788.0,788.0
deepseek,64,54,118,0,52,,,DeepSeekBackend,deepseek-v4-flash,1783929971.8933291,llm_judge_binary,evaluation,,,792.0,792.0
deepseek,64,62,126,0,60,,,DeepSeekBackend,deepseek-v4-flash,1783929971.9030938,llm_judge_binary,evaluation,,,799.0,799.0
deepseek,64,65,129,0,63,,,DeepSeekBackend,deepseek-v4-flash,1783929971.918207,llm_judge_binary,evaluation,,,789.0,789.0
deepseek,62,123,185,0,121,,,DeepSeekBackend,deepseek-v4-flash,1783929971.925308,llm_judge_binary,evaluation,,,782.0,782.0
deepseek,63,422,485,0,420,,,DeepSeekBackend,deepseek-v4-flash,1783929971.993169,llm_judge_binary,evaluation,,,726.0,726.0
deepseek,65,78,143,0,76,,,DeepSeekBackend,deepseek-v4-flash,1783929972.0397222,llm_judge_binary,evaluation,,,796.0,796.0
deepseek,64,72,136,0,70,,,DeepSeekBackend,deepseek-v4-flash,1783929972.1393719,llm_judge_binary,evaluation,,,793.0,793.0
deepseek,65,70,135,0,68,,,DeepSeekBackend,deepseek-v4-flash,1783929972.2026365,llm_judge_binary,evaluation,,,791.0,791.0
deepseek,64,59,123,0,57,,,DeepSeekBackend,deepseek-v4-flash,1783929972.2172482,llm_judge_binary,evaluation,,,797.0,797.0
deepseek,64,86,150,0,84,,,DeepSeekBackend,deepseek-v4-flash,1783929972.2246106,llm_judge_binary,evaluation,,,800.0,800.0
deepseek,62,46,108,0,44,,,DeepSeekBackend,deepseek-v4-flash,1783929972.2826478,llm_judge_binary,evaluation,,,802.0,802.0
deepseek,62,53,115,0,51,,,DeepSeekBackend,deepseek-v4-flash,1783929972.2964764,llm_judge_binary,evaluation,,,803.0,803.0
deepseek,62,33,95,0,31,,,DeepSeekBackend,deepseek-v4-flash,1783929972.3788507,llm_judge_binary,evaluation,,,804.0,804.0
deepseek,67,95,162,0,93,,,DeepSeekBackend,deepseek-v4-flash,1783929972.3865116,llm_judge_binary,evaluation,,,798.0,798.0
deepseek,64,122,186,0,120,,,DeepSeekBackend,deepseek-v4-flash,1783929972.5914006,llm_judge_binary,evaluation,,,795.0,795.0
deepseek,62,45,107,0,43,,,DeepSeekBackend,deepseek-v4-flash,1783929972.6860185,llm_judge_binary,evaluation,,,807.0,807.0
deepseek,62,48,110,0,46,,,DeepSeekBackend,deepseek-v4-flash,1783929972.7794056,llm_judge_binary,evaluation,,,806.0,806.0
deepseek,62,45,107,0,43,,,DeepSeekBackend,deepseek-v4-flash,1783929972.85254,llm_judge_binary,evaluation,,,809.0,809.0
deepseek,62,34,96,0,32,,,DeepSeekBackend,deepseek-v4-flash,1783929972.9467106,llm_judge_binary,evaluation,,,812.0,812.0
deepseek,62,44,106,0,42,,,DeepSeekBackend,deepseek-v4-flash,1783929972.95337,llm_judge_binary,evaluation,,,808.0,808.0
deepseek,62,44,106,0,42,,,DeepSeekBackend,deepseek-v4-flash,1783929972.9698253,llm_judge_binary,evaluation,,,813.0,813.0
deepseek,64,109,173,0,107,,,DeepSeekBackend,deepseek-v4-flash,1783929972.9861991,llm_judge_binary,evaluation,,,801.0,801.0
deepseek,62,35,97,0,33,,,DeepSeekBackend,deepseek-v4-flash,1783929972.9923728,llm_judge_binary,evaluation,,,817.0,817.0
deepseek,62,32,94,0,30,,,DeepSeekBackend,deepseek-v4-flash,1783929973.0014532,llm_judge_binary,evaluation,,,818.0,818.0
deepseek,62,58,120,0,56,,,DeepSeekBackend,deepseek-v4-flash,1783929973.0114095,llm_judge_binary,evaluation,,,805.0,805.0
deepseek,62,50,112,0,48,,,DeepSeekBackend,deepseek-v4-flash,1783929973.0876517,llm_judge_binary,evaluation,,,811.0,811.0
deepseek,62,36,98,0,34,,,DeepSeekBackend,deepseek-v4-flash,1783929973.0995886,llm_judge_binary,evaluation,,,810.0,810.0
deepseek,62,47,109,0,45,,,DeepSeekBackend,deepseek-v4-flash,1783929973.210367,llm_judge_binary,evaluation,,,819.0,819.0
deepseek,62,40,102,0,38,,,DeepSeekBackend,deepseek-v4-flash,1783929973.2758074,llm_judge_binary,evaluation,,,820.0,820.0
deepseek,66,86,152,0,84,,,DeepSeekBackend,deepseek-v4-flash,1783929973.3329492,llm_judge_binary,evaluation,,,814.0,814.0
deepseek,62,50,112,0,48,,,DeepSeekBackend,deepseek-v4-flash,1783929973.4068584,llm_judge_binary,evaluation,,,815.0,815.0
deepseek,62,68,130,0,66,,,DeepSeekBackend,deepseek-v4-flash,1783929973.5250826,llm_judge_binary,evaluation,,,816.0,816.0
deepseek,62,48,110,0,46,,,DeepSeekBackend,deepseek-v4-flash,1783929973.715351,llm_judge_binary,evaluation,,,821.0,821.0
deepseek,61,131,192,0,129,,,DeepSeekBackend,deepseek-v4-flash,1783929974.3797078,llm_judge_binary,evaluation,,,823.0,823.0
deepseek,61,76,137,0,74,,,DeepSeekBackend,deepseek-v4-flash,1783929974.4835224,llm_judge_binary,evaluation,,,836.0,836.0
deepseek,61,123,184,0,121,,,DeepSeekBackend,deepseek-v4-flash,1783929974.6256804,llm_judge_binary,evaluation,,,826.0,826.0
deepseek,61,80,141,0,78,,,DeepSeekBackend,deepseek-v4-flash,1783929974.7372007,llm_judge_binary,evaluation,,,833.0,833.0
deepseek,61,116,177,0,114,,,DeepSeekBackend,deepseek-v4-flash,1783929974.8674986,llm_judge_binary,evaluation,,,830.0,830.0
deepseek,61,132,193,0,130,,,DeepSeekBackend,deepseek-v4-flash,1783929975.0361867,llm_judge_binary,evaluation,,,832.0,832.0
deepseek,61,175,236,0,173,,,DeepSeekBackend,deepseek-v4-flash,1783929975.6691697,llm_judge_binary,evaluation,,,838.0,838.0
deepseek,66,89,155,0,87,,,DeepSeekBackend,deepseek-v4-flash,1783929975.9185355,llm_judge_binary,evaluation,,,843.0,843.0
deepseek,61,199,260,0,197,,,DeepSeekBackend,deepseek-v4-flash,1783929975.9415188,llm_judge_binary,evaluation,,,837.0,837.0
deepseek,61,222,283,0,220,,,DeepSeekBackend,deepseek-v4-flash,1783929975.9960186,llm_judge_binary,evaluation,,,831.0,831.0
deepseek,61,171,232,0,169,,,DeepSeekBackend,deepseek-v4-flash,1783929976.0153136,llm_judge_binary,evaluation,,,840.0,840.0
deepseek,61,257,318,0,255,,,DeepSeekBackend,deepseek-v4-flash,1783929976.0888207,llm_judge_binary,evaluation,,,825.0,825.0
deepseek,61,212,273,0,210,,,DeepSeekBackend,deepseek-v4-flash,1783929976.1171584,llm_judge_binary,evaluation,,,829.0,829.0
deepseek,66,106,172,0,104,,,DeepSeekBackend,deepseek-v4-flash,1783929976.1304607,llm_judge_binary,evaluation,,,842.0,842.0
deepseek,61,212,273,0,210,,,DeepSeekBackend,deepseek-v4-flash,1783929976.1581986,llm_judge_binary,evaluation,,,835.0,835.0
deepseek,66,94,160,0,92,,,DeepSeekBackend,deepseek-v4-flash,1783929976.1981537,llm_judge_binary,evaluation,,,844.0,844.0
deepseek,66,87,153,0,85,,,DeepSeekBackend,deepseek-v4-flash,1783929976.3743098,llm_judge_binary,evaluation,,,847.0,847.0
deepseek,61,305,366,0,303,,,DeepSeekBackend,deepseek-v4-flash,1783929976.4632387,llm_judge_binary,evaluation,,,824.0,824.0
deepseek,61,264,325,0,262,,,DeepSeekBackend,deepseek-v4-flash,1783929976.5977166,llm_judge_binary,evaluation,,,827.0,827.0
deepseek,61,260,321,0,258,,,DeepSeekBackend,deepseek-v4-flash,1783929976.6593683,llm_judge_binary,evaluation,,,839.0,839.0
deepseek,66,125,191,0,123,,,DeepSeekBackend,deepseek-v4-flash,1783929976.7565417,llm_judge_binary,evaluation,,,845.0,845.0
deepseek,61,242,303,0,240,,,DeepSeekBackend,deepseek-v4-flash,1783929976.8191497,llm_judge_binary,evaluation,,,841.0,841.0
deepseek,61,277,338,0,275,,,DeepSeekBackend,deepseek-v4-flash,1783929976.8308682,llm_judge_binary,evaluation,,,834.0,834.0
deepseek,66,75,141,0,73,,,DeepSeekBackend,deepseek-v4-flash,1783929976.949846,llm_judge_binary,evaluation,,,848.0,848.0
deepseek,66,127,193,0,125,,,DeepSeekBackend,deepseek-v4-flash,1783929976.9564118,llm_judge_binary,evaluation,,,846.0,846.0
deepseek,66,79,145,0,77,,,DeepSeekBackend,deepseek-v4-flash,1783929977.2229612,llm_judge_binary,evaluation,,,849.0,849.0
deepseek,66,58,124,0,56,,,DeepSeekBackend,deepseek-v4-flash,1783929977.2501967,llm_judge_binary,evaluation,,,851.0,851.0
deepseek,66,81,147,0,79,,,DeepSeekBackend,deepseek-v4-flash,1783929977.2799468,llm_judge_binary,evaluation,,,850.0,850.0
deepseek,66,101,167,0,99,,,DeepSeekBackend,deepseek-v4-flash,1783929977.5988624,llm_judge_binary,evaluation,,,852.0,852.0
deepseek,66,91,157,0,89,,,DeepSeekBackend,deepseek-v4-flash,1783929977.6164706,llm_judge_binary,evaluation,,,853.0,853.0
deepseek,66,106,172,0,104,,,DeepSeekBackend,deepseek-v4-flash,1783929977.8243499,llm_judge_binary,evaluation,,,856.0,856.0
deepseek,65,68,133,0,66,,,DeepSeekBackend,deepseek-v4-flash,1783929977.8915884,llm_judge_binary,evaluation,,,861.0,861.0
deepseek,66,83,149,0,81,,,DeepSeekBackend,deepseek-v4-flash,1783929977.921026,llm_judge_binary,evaluation,,,858.0,858.0
deepseek,66,127,193,0,125,,,DeepSeekBackend,deepseek-v4-flash,1783929977.9266732,llm_judge_binary,evaluation,,,854.0,854.0
deepseek,61,437,498,0,435,,,DeepSeekBackend,deepseek-v4-flash,1783929977.972578,llm_judge_binary,evaluation,,,828.0,828.0
deepseek,66,115,181,0,113,,,DeepSeekBackend,deepseek-v4-flash,1783929978.0103908,llm_judge_binary,evaluation,,,855.0,855.0
deepseek,66,111,177,0,109,,,DeepSeekBackend,deepseek-v4-flash,1783929978.043614,llm_judge_binary,evaluation,,,859.0,859.0
deepseek,66,79,145,0,77,,,DeepSeekBackend,deepseek-v4-flash,1783929978.4631355,llm_judge_binary,evaluation,,,867.0,867.0
deepseek,61,465,526,0,463,,,DeepSeekBackend,deepseek-v4-flash,1783929978.6172462,llm_judge_binary,evaluation,,,822.0,822.0
deepseek,68,64,132,0,62,,,DeepSeekBackend,deepseek-v4-flash,1783929978.643078,llm_judge_binary,evaluation,,,870.0,870.0
deepseek,66,82,148,0,80,,,DeepSeekBackend,deepseek-v4-flash,1783929978.6491756,llm_judge_binary,evaluation,,,868.0,868.0
deepseek,66,104,170,0,102,,,DeepSeekBackend,deepseek-v4-flash,1783929978.666956,llm_judge_binary,evaluation,,,866.0,866.0
deepseek,61,48,109,0,46,,,DeepSeekBackend,deepseek-v4-flash,1783929978.7510545,llm_judge_binary,evaluation,,,875.0,875.0
deepseek,66,85,151,0,83,,,DeepSeekBackend,deepseek-v4-flash,1783929978.7652097,llm_judge_binary,evaluation,,,869.0,869.0
deepseek,66,181,247,0,179,,,DeepSeekBackend,deepseek-v4-flash,1783929978.8298368,llm_judge_binary,evaluation,,,857.0,857.0
deepseek,66,125,191,0,123,,,DeepSeekBackend,deepseek-v4-flash,1783929978.9183645,llm_judge_binary,evaluation,,,864.0,864.0
deepseek,61,56,117,0,54,,,DeepSeekBackend,deepseek-v4-flash,1783929979.1527882,llm_judge_binary,evaluation,,,877.0,877.0
deepseek,66,160,226,0,158,,,DeepSeekBackend,deepseek-v4-flash,1783929979.274523,llm_judge_binary,evaluation,,,863.0,863.0
deepseek,66,82,148,0,80,,,DeepSeekBackend,deepseek-v4-flash,1783929979.4466932,llm_judge_binary,evaluation,,,873.0,873.0
deepseek,61,58,119,0,56,,,DeepSeekBackend,deepseek-v4-flash,1783929979.610068,llm_judge_binary,evaluation,,,879.0,879.0
deepseek,62,101,163,0,99,,,DeepSeekBackend,deepseek-v4-flash,1783929979.777441,llm_judge_binary,evaluation,,,876.0,876.0
deepseek,62,132,194,0,130,,,DeepSeekBackend,deepseek-v4-flash,1783929979.7923224,llm_judge_binary,evaluation,,,874.0,874.0
deepseek,62,59,121,0,57,,,DeepSeekBackend,deepseek-v4-flash,1783929979.936605,llm_judge_binary,evaluation,,,882.0,882.0
deepseek,66,236,302,0,234,,,DeepSeekBackend,deepseek-v4-flash,1783929980.021635,llm_judge_binary,evaluation,,,865.0,865.0
deepseek,64,62,126,0,60,,,DeepSeekBackend,deepseek-v4-flash,1783929980.1309893,llm_judge_binary,evaluation,,,886.0,886.0
deepseek,64,59,123,0,57,,,DeepSeekBackend,deepseek-v4-flash,1783929980.1535058,llm_judge_binary,evaluation,,,887.0,887.0
deepseek,66,275,341,0,273,,,DeepSeekBackend,deepseek-v4-flash,1783929980.1911054,llm_judge_binary,evaluation,,,862.0,862.0
deepseek,65,62,127,0,60,,,DeepSeekBackend,deepseek-v4-flash,1783929980.368352,llm_judge_binary,evaluation,,,889.0,889.0
deepseek,62,138,200,0,136,,,DeepSeekBackend,deepseek-v4-flash,1783929980.387769,llm_judge_binary,evaluation,,,878.0,878.0
deepseek,62,123,185,0,121,,,DeepSeekBackend,deepseek-v4-flash,1783929980.3991923,llm_judge_binary,evaluation,,,880.0,880.0
deepseek,63,112,175,0,110,,,DeepSeekBackend,deepseek-v4-flash,1783929980.628955,llm_judge_binary,evaluation,,,884.0,884.0
deepseek,63,130,193,0,128,,,DeepSeekBackend,deepseek-v4-flash,1783929980.7985625,llm_judge_binary,evaluation,,,881.0,881.0
deepseek,62,70,132,0,68,,,DeepSeekBackend,deepseek-v4-flash,1783929981.1374154,llm_judge_binary,evaluation,,,893.0,893.0
deepseek,66,414,480,0,412,,,DeepSeekBackend,deepseek-v4-flash,1783929981.5358315,llm_judge_binary,evaluation,,,860.0,860.0
deepseek,66,301,367,0,299,,,DeepSeekBackend,deepseek-v4-flash,1783929981.593487,llm_judge_binary,evaluation,,,872.0,872.0
deepseek,62,205,267,0,203,,,DeepSeekBackend,deepseek-v4-flash,1783929981.637382,llm_judge_binary,evaluation,,,883.0,883.0
deepseek,62,160,222,0,158,,,DeepSeekBackend,deepseek-v4-flash,1783929981.6863782,llm_judge_binary,evaluation,,,890.0,890.0
deepseek,62,215,277,0,213,,,DeepSeekBackend,deepseek-v4-flash,1783929981.755909,llm_judge_binary,evaluation,,,885.0,885.0
deepseek,66,315,381,0,313,,,DeepSeekBackend,deepseek-v4-flash,1783929981.8283858,llm_judge_binary,evaluation,,,871.0,871.0
deepseek,62,197,259,0,195,,,DeepSeekBackend,deepseek-v4-flash,1783929982.4868143,llm_judge_binary,evaluation,,,892.0,892.0
deepseek,62,201,263,0,199,,,DeepSeekBackend,deepseek-v4-flash,1783929982.5653815,llm_judge_binary,evaluation,,,891.0,891.0
deepseek,62,329,391,0,327,,,DeepSeekBackend,deepseek-v4-flash,1783929983.6032174,llm_judge_binary,evaluation,,,888.0,888.0
