backend,model,provider,input_tokens,output_tokens,total_tokens,cached_input_tokens,reasoning_tokens,audio_input_tokens,audio_output_tokens,recorded_at_unix,attempt,total_attempts,attempt_status,will_retry,duration_ms,response_chars,step,phase,cell_idx,cell_barcode
DeepSeekBackend,deepseek-v4-flash,deepseek,1133,175,1308,0,172,,,1785131666.8750746,1,4,success,False,2549,3,stage1_annotation,annotation,87907,E2L2_TCAGCAAAGAACAAGG
DeepSeekBackend,deepseek-v4-flash,deepseek,1130,245,1375,0,173,,,1785131667.4367118,1,4,success,False,3135,243,stage1_annotation,annotation,25410,L2_TGCGGGTCACCCTCTA
DeepSeekBackend,deepseek-v4-flash,deepseek,1126,237,1363,0,170,,,1785131667.4632988,1,4,success,False,3185,175,stage1_annotation,annotation,98402,E2L3_GTTACAGGTTAGGAGC
DeepSeekBackend,deepseek-v4-flash,deepseek,1128,219,1347,0,152,,,1785131667.4718027,1,4,success,False,3089,223,stage1_annotation,annotation,109653,E2L4_GTCGAATGTGGTCTCG
DeepSeekBackend,deepseek-v4-flash,deepseek,1125,243,1368,0,178,,,1785131667.5859332,1,4,success,False,3274,215,stage1_annotation,annotation,154256,E2L8_CGAGTTAAGCTCCATA
DeepSeekBackend,deepseek-v4-flash,deepseek,1131,249,1380,0,182,,,1785131667.7828815,1,4,success,False,3418,207,stage1_annotation,annotation,81561,E2L2_CAATCGAGTTGGGTAG
DeepSeekBackend,deepseek-v4-flash,deepseek,1126,264,1390,0,194,,,1785131667.8063803,1,4,success,False,3446,255,stage1_annotation,annotation,14943,L2_ACGTTCCCAGGTCCGT
DeepSeekBackend,deepseek-v4-flash,deepseek,1135,261,1396,0,199,,,1785131667.9407866,1,4,success,False,3635,204,stage1_annotation,annotation,148054,E2L7_TGAATCGGTGGTGATG
DeepSeekBackend,deepseek-v4-flash,deepseek,1128,354,1482,0,284,,,1785131668.2464454,1,4,success,False,3932,246,stage1_annotation,annotation,147689,E2L7_TCGCACTTCACTTCTA
DeepSeekBackend,deepseek-v4-flash,deepseek,1127,318,1445,0,315,,,1785131668.5573008,1,4,success,False,4218,3,stage1_annotation,annotation,89523,E2L2_TGTACAGAGCGACTAG
DeepSeekBackend,deepseek-v4-flash,deepseek,1128,445,1573,0,384,,,1785131668.8468723,1,4,success,False,4492,201,stage1_annotation,annotation,137078,E2L6_TTCCGGTAGTGTAGTA
DeepSeekBackend,deepseek-v4-flash,deepseek,1123,497,1620,0,451,,,1785131669.6681466,1,4,success,False,5383,142,stage1_annotation,annotation,39262,L4_AACAAAGGTACGAAAT
DeepSeekBackend,deepseek-v4-flash,deepseek,1126,539,1665,0,468,,,1785131669.885771,1,4,success,False,5518,230,stage1_annotation,annotation,126676,E2L6_ACTGTGAAGAGTTCGG
DeepSeekBackend,deepseek-v4-flash,deepseek,1119,550,1669,0,479,,,1785131670.313545,1,4,success,False,5934,236,stage1_annotation,annotation,139354,E2L7_AGCTCAATCGCCTATC
DeepSeekBackend,deepseek-v4-flash,deepseek,1135,565,1700,0,480,,,1785131670.7249367,1,4,success,False,6354,296,stage1_annotation,annotation,116772,E2L5_CAGGCCACATAACGGG
DeepSeekBackend,deepseek-v4-flash,deepseek,1124,588,1712,0,525,,,1785131670.994568,1,4,success,False,6622,224,stage1_annotation,annotation,81589,E2L2_CACAACAGTGCAATAA
DeepSeekBackend,deepseek-v4-flash,deepseek,1126,638,1764,0,534,,,1785131671.1581998,1,4,success,False,6840,349,stage1_annotation,annotation,143579,E2L7_GAAGAATTCTATCGTT
DeepSeekBackend,deepseek-v4-flash,deepseek,1118,393,1511,0,316,,,1785131672.6258707,1,4,success,False,4833,251,stage1_annotation,annotation,132238,E2L6_GCACATAGTGGATACG
DeepSeekBackend,deepseek-v4-flash,deepseek,1124,421,1545,0,418,,,1785131672.827726,1,4,success,False,5351,7,stage1_annotation,annotation,16239,L2_ATCACGATCAGCTTGA
DeepSeekBackend,deepseek-v4-flash,deepseek,1130,871,2001,0,811,,,1785131672.995914,1,4,success,False,8618,195,stage1_annotation,annotation,65516,L5_TGCTTGCCACGCGTCA
DeepSeekBackend,deepseek-v4-flash,deepseek,1127,811,1938,0,725,,,1785131673.0741346,1,4,success,False,8698,290,stage1_annotation,annotation,18250,L2_CCGGACAAGTTGCGCC
DeepSeekBackend,deepseek-v4-flash,deepseek,1133,388,1521,0,317,,,1785131673.1101701,1,4,success,False,5159,235,stage1_annotation,annotation,37598,L3_TGATTTCCATTCTGTT
DeepSeekBackend,deepseek-v4-flash,deepseek,1126,450,1576,0,360,,,1785131673.4392004,1,4,success,False,5175,296,stage1_annotation,annotation,91168,E2L3_AATTCCTCAGTCCCGA
DeepSeekBackend,deepseek-v4-flash,deepseek,1123,461,1584,0,390,,,1785131674.251991,1,4,success,False,5393,203,stage1_annotation,annotation,114352,E2L5_ACCTGTCCACGCGCAT
DeepSeekBackend,deepseek-v4-flash,deepseek,1134,384,1518,0,381,,,1785131675.0618525,1,4,success,False,5167,8,stage1_annotation,annotation,130162,E2L6_CGCCAGAAGAAAGCGA
DeepSeekBackend,deepseek-v4-flash,deepseek,1127,394,1521,0,391,,,1785131675.2870245,1,4,success,False,4550,7,stage1_annotation,annotation,9912,L1_TAACTTCAGCTCAGAG
DeepSeekBackend,deepseek-v4-flash,deepseek,1124,786,1910,0,722,,,1785131675.8143802,1,4,success,False,8932,262,stage1_annotation,annotation,120045,E2L5_GCAGTTACAACGGCTC
DeepSeekBackend,deepseek-v4-flash,deepseek,1128,658,1786,0,578,,,1785131676.0870807,1,4,success,False,7519,248,stage1_annotation,annotation,44845,L4_CTCATTACAAGCCCAC
DeepSeekBackend,deepseek-v4-flash,deepseek,1123,754,1877,0,751,,,1785131676.9677427,1,4,success,False,9151,8,stage1_annotation,annotation,122133,E2L5_TAATCTCCATAACGGG
DeepSeekBackend,deepseek-v4-flash,deepseek,1131,901,2032,0,799,,,1785131677.8684819,1,4,success,False,10272,303,stage1_annotation,annotation,93977,E2L3_CATGCAAGTCACCACG
DeepSeekBackend,deepseek-v4-flash,deepseek,1129,588,1717,0,585,,,1785131678.0032308,1,4,success,False,6993,8,stage1_annotation,annotation,98462,E2L3_GTTATGGCACCAACAT
DeepSeekBackend,deepseek-v4-flash,deepseek,1128,963,2091,0,830,,,1785131678.810611,1,4,success,False,11326,505,stage1_annotation,annotation,147908,E2L7_TCTCACGGTCTAGGTT
DeepSeekBackend,deepseek-v4-flash,deepseek,1120,699,1819,0,696,,,1785131679.1295824,1,4,success,False,7953,7,stage1_annotation,annotation,157192,E2L8_GGGTAGATCTGGAAGG
DeepSeekBackend,deepseek-v4-flash,deepseek,1131,568,1699,0,489,,,1785131679.2605977,1,4,success,False,6623,287,stage1_annotation,annotation,128449,E2L6_CAACAGTGTATCCTCC
DeepSeekBackend,deepseek-v4-flash,deepseek,1127,765,1892,0,762,,,1785131679.4071395,1,4,success,False,9082,8,stage1_annotation,annotation,78043,E2L1_TTCGATTTCCCAATAG
DeepSeekBackend,deepseek-v4-flash,deepseek,1122,329,1451,0,326,,,1785131680.157266,1,4,success,False,4060,8,stage1_annotation,annotation,66327,L5_TTCCAATAGGTGGCTA
DeepSeekBackend,deepseek-v4-flash,deepseek,1129,1326,2455,0,1221,,,1785131681.0605106,1,4,success,False,13614,393,stage1_annotation,annotation,129695,E2L6_CCGGTAGGTGGTCTAT
DeepSeekBackend,deepseek-v4-flash,deepseek,1125,767,1892,0,691,,,1785131681.062975,1,4,success,False,7978,303,stage1_annotation,annotation,26617,L2_TTGGATGTCAGCTCTC
DeepSeekBackend,deepseek-v4-flash,deepseek,1128,574,1702,0,509,,,1785131681.1940541,1,4,success,False,6929,213,stage1_annotation,annotation,135908,E2L6_TCTGTCGTCGCTGTTC
DeepSeekBackend,deepseek-v4-flash,deepseek,1127,726,1853,0,645,,,1785131681.5466678,1,4,success,False,8426,297,stage1_annotation,annotation,72013,E2L1_CTCAAGACAATCTGCA
DeepSeekBackend,deepseek-v4-flash,deepseek,1129,609,1738,0,532,,,1785131682.0790815,1,4,success,False,7006,262,stage1_annotation,annotation,83842,E2L2_CTCTGGTCACGGCTAC
DeepSeekBackend,deepseek-v4-flash,deepseek,1123,580,1703,0,520,,,1785131682.7239287,1,4,success,False,6899,210,stage1_annotation,annotation,138823,E2L7_ACTATGGCAGCTGAAG
DeepSeekBackend,deepseek-v4-flash,deepseek,1129,983,2112,0,892,,,1785131683.687903,1,4,success,False,10236,278,stage1_annotation,annotation,117816,E2L5_CGAAGTTGTTCGGACC
DeepSeekBackend,deepseek-v4-flash,deepseek,1128,583,1711,0,580,,,1785131685.8139493,1,4,success,False,6397,8,stage1_annotation,annotation,105380,E2L4_CATGCAATCCGTGCGA
DeepSeekBackend,deepseek-v4-flash,deepseek,1122,684,1806,0,608,,,1785131685.8184464,1,4,success,False,7938,281,stage1_annotation,annotation,42957,L4_CAGTTAGAGCGACCCT
DeepSeekBackend,deepseek-v4-flash,deepseek,1127,1287,2414,0,1234,,,1785131686.0203536,1,4,success,False,13183,181,stage1_annotation,annotation,104820,E2L4_CAATCGATCTTCGTGC
DeepSeekBackend,deepseek-v4-flash,deepseek,1126,384,1510,0,289,,,1785131686.469272,1,4,success,False,4374,313,stage1_annotation,annotation,99957,E2L3_TCGCTTGAGTGATTCC
DeepSeekBackend,deepseek-v4-flash,deepseek,1125,1255,2380,0,1190,,,1785131686.909176,1,4,success,False,13901,240,stage1_annotation,annotation,79677,E2L2_ACTCTCGGTACAGTTC
DeepSeekBackend,deepseek-v4-flash,deepseek,1128,550,1678,0,547,,,1785131687.4837599,1,4,success,False,6404,8,stage1_annotation,annotation,140762,E2L7_CAATACGTCTACGGGC
DeepSeekBackend,deepseek-v4-flash,deepseek,1123,1039,2162,0,1036,,,1785131687.7841053,1,4,success,False,12484,8,stage1_annotation,annotation,148133,E2L7_TGAGCATTCAATCTTC
DeepSeekBackend,deepseek-v4-flash,deepseek,1123,807,1930,0,804,,,1785131688.1967275,1,4,success,False,8926,8,stage1_annotation,annotation,139030,E2L7_AGAACAATCTAAGGAA
DeepSeekBackend,deepseek-v4-flash,deepseek,1129,726,1855,0,723,,,1785131688.57276,1,4,success,False,8405,8,stage1_annotation,annotation,120072,E2L5_GCATCTCCATAGTCGT
DeepSeekBackend,deepseek-v4-flash,deepseek,1126,956,2082,0,951,,,1785131688.613165,1,4,success,False,10599,11,stage1_annotation,annotation,122062,E2L5_TAACTTCGTAATACCC
DeepSeekBackend,deepseek-v4-flash,deepseek,1129,407,1536,0,315,,,1785131688.7474668,1,4,success,False,5044,371,stage1_annotation,annotation,17489,L2_CAGGCCAAGTCAATCC
DeepSeekBackend,deepseek-v4-flash,deepseek,1127,609,1736,0,545,,,1785131688.9524508,1,4,success,False,6219,241,stage1_annotation,annotation,15125,L2_ACTTCGCCAGCAGGAT
DeepSeekBackend,deepseek-v4-flash,deepseek,1129,1768,2897,0,1765,,,1785131689.5524504,1,4,success,False,19875,8,stage1_annotation,annotation,34925,L3_GTATTGGAGCCTGTCG
DeepSeekBackend,deepseek-v4-flash,deepseek,1120,1085,2205,0,1082,,,1785131690.0938692,1,4,success,False,11274,8,stage1_annotation,annotation,75176,E2L1_GTTATGGAGTATGACA
DeepSeekBackend,deepseek-v4-flash,deepseek,1126,1072,2198,0,992,,,1785131690.2209668,1,4,success,False,11080,286,stage1_annotation,annotation,130769,E2L6_CTCATCGAGGATTTGA
DeepSeekBackend,deepseek-v4-flash,deepseek,1128,779,1907,0,687,,,1785131690.472332,1,4,success,False,9269,338,stage1_annotation,annotation,153348,E2L8_CATCGGGTCCCAGTGG
DeepSeekBackend,deepseek-v4-flash,deepseek,1123,389,1512,0,320,,,1785131690.6738334,1,4,success,False,4843,258,stage1_annotation,annotation,98389,E2L3_GTGTTCCCAGACCAAG
DeepSeekBackend,deepseek-v4-flash,deepseek,1127,208,1335,0,205,,,1785131691.2953446,1,4,success,False,2711,7,stage1_annotation,annotation,128376,E2L6_ATTTACCCACGAAGAC
DeepSeekBackend,deepseek-v4-flash,deepseek,1135,349,1484,0,264,,,1785131691.3748152,1,4,success,False,4456,311,stage1_annotation,annotation,101286,E2L3_TTCATTGGTTGTAAAG
DeepSeekBackend,deepseek-v4-flash,deepseek,1129,409,1538,0,348,,,1785131691.37981,1,4,success,False,4902,210,stage1_annotation,annotation,100034,E2L3_TCGTAGATCCTAAACG
DeepSeekBackend,deepseek-v4-flash,deepseek,1127,309,1436,0,242,,,1785131691.9833956,1,4,success,False,3776,246,stage1_annotation,annotation,105202,E2L4_CAGTTCCCAGGACTAG
DeepSeekBackend,deepseek-v4-flash,deepseek,1119,566,1685,0,490,,,1785131692.0348315,1,4,success,False,6005,259,stage1_annotation,annotation,48077,L4_GTCTGTCAGGAACGAA
DeepSeekBackend,deepseek-v4-flash,deepseek,1117,379,1496,0,302,,,1785131693.282143,1,4,success,False,4525,289,stage1_annotation,annotation,112127,E2L4_TGCATCCTCCCAGCGA
DeepSeekBackend,deepseek-v4-flash,deepseek,1132,401,1533,0,352,,,1785131693.6521714,1,4,success,False,5030,149,stage1_annotation,annotation,109651,E2L4_GTCGAATCACTCCTGT
DeepSeekBackend,deepseek-v4-flash,deepseek,1125,1101,2226,0,1013,,,1785131693.801468,1,4,success,False,12244,336,stage1_annotation,annotation,89331,E2L2_TGGATCAGTCATATGC
DeepSeekBackend,deepseek-v4-flash,deepseek,1125,428,1553,0,425,,,1785131694.316874,1,4,success,False,5355,7,stage1_annotation,annotation,114169,E2L5_ACAGCCGTCGAACCTA
DeepSeekBackend,deepseek-v4-flash,deepseek,1123,412,1535,0,330,,,1785131694.875156,1,4,success,False,4771,283,stage1_annotation,annotation,99108,E2L3_TATCAGGGTATCGGTT
DeepSeekBackend,deepseek-v4-flash,deepseek,1118,403,1521,0,341,,,1785131695.0069416,1,4,success,False,4777,192,stage1_annotation,annotation,141644,E2L7_CCATAAGAGTTGTCAC
DeepSeekBackend,deepseek-v4-flash,deepseek,1134,415,1549,0,312,,,1785131695.2504804,1,4,success,False,4767,381,stage1_annotation,annotation,86240,E2L2_GTAGATCAGGTCGTCC
DeepSeekBackend,deepseek-v4-flash,deepseek,1133,546,1679,0,466,,,1785131695.7258778,1,4,success,False,6158,242,stage1_annotation,annotation,81675,E2L2_CACGAATCACCTGAAT
DeepSeekBackend,deepseek-v4-flash,deepseek,1123,3233,4356,0,3158,,,1785131695.9492636,1,4,success,False,31601,265,stage1_annotation,annotation,132693,E2L6_GCTTGGGCAAGTGCAG
DeepSeekBackend,deepseek-v4-flash,deepseek,1129,786,1915,0,704,,,1785131697.3402843,1,4,success,False,9844,272,stage1_annotation,annotation,133057,E2L6_GGGCGTTGTCGCACAC
DeepSeekBackend,deepseek-v4-flash,deepseek,1126,857,1983,0,773,,,1785131697.6035867,1,4,success,False,9807,293,stage1_annotation,annotation,21811,L2_GGGACCTCAGAAACCG
DeepSeekBackend,deepseek-v4-flash,deepseek,1120,1573,2693,0,1491,,,1785131697.7629929,1,4,success,False,16687,241,stage1_annotation,annotation,89387,E2L2_TGGGATTTCTCATGCC
DeepSeekBackend,deepseek-v4-flash,deepseek,1124,312,1436,0,222,,,1785131699.7308152,1,4,success,False,3721,286,stage1_annotation,annotation,26671,L2_TTGGTTTGTTAGGGTG
DeepSeekBackend,deepseek-v4-flash,deepseek,1117,368,1485,0,301,,,1785131699.804177,1,4,success,False,3661,218,stage1_annotation,annotation,23889,L2_TCAATCTCAGGTTTAC
DeepSeekBackend,deepseek-v4-flash,deepseek,1126,334,1460,0,260,,,1785131700.41242,1,4,success,False,4276,266,stage1_annotation,annotation,82943,E2L2_CGAGAAGTCGCCTATC
DeepSeekBackend,deepseek-v4-flash,deepseek,1122,369,1491,0,365,,,1785131700.5030668,1,4,success,False,4464,9,stage1_annotation,annotation,117989,E2L5_CGCCAGAGTATGATCC
DeepSeekBackend,deepseek-v4-flash,deepseek,1129,398,1527,0,308,,,1785131700.6930969,1,4,success,False,4579,283,stage1_annotation,annotation,97268,E2L3_GGCGTCATCTTGCGCT
DeepSeekBackend,deepseek-v4-flash,deepseek,1126,446,1572,0,369,,,1785131701.0123029,1,4,success,False,4926,251,stage1_annotation,annotation,113367,E2L4_TTTCGATAGCTAGAAT
DeepSeekBackend,deepseek-v4-flash,deepseek,1114,355,1469,0,303,,,1785131701.110141,1,4,success,False,3496,158,stage1_annotation,annotation,17322,L2_CACTGAACAGGGCTTC
DeepSeekBackend,deepseek-v4-flash,deepseek,1129,2230,3359,0,2161,,,1785131701.1542163,1,4,success,False,24169,240,stage1_annotation,annotation,112953,E2L4_TTCCTTCCACTGCGAC
DeepSeekBackend,deepseek-v4-flash,deepseek,1129,479,1608,0,394,,,1785131701.2366116,1,4,success,False,5129,271,stage1_annotation,annotation,75166,E2L1_GTTAGTGCAGCGACCT
DeepSeekBackend,deepseek-v4-flash,deepseek,1128,350,1478,0,346,,,1785131701.3423848,1,4,success,False,3994,9,stage1_annotation,annotation,89449,E2L2_TGGTAGTCAGCTGTAT
DeepSeekBackend,deepseek-v4-flash,deepseek,1120,485,1605,0,418,,,1785131701.3647745,1,4,success,False,5288,211,stage1_annotation,annotation,134858,E2L6_TATCTTGAGTTTGCTG
DeepSeekBackend,deepseek-v4-flash,deepseek,1131,300,1431,0,229,,,1785131701.389985,1,4,success,False,3615,214,stage1_annotation,annotation,76477,E2L1_TCCTTCTAGGGTCACA
DeepSeekBackend,deepseek-v4-flash,deepseek,1119,467,1586,0,397,,,1785131701.5349426,1,4,success,False,5504,194,stage1_annotation,annotation,4544,L1_CCCATTGCAACTTGCA
DeepSeekBackend,deepseek-v4-flash,deepseek,1117,457,1574,0,372,,,1785131701.8300118,1,4,success,False,5736,303,stage1_annotation,annotation,63405,L5_TAGCACAGTATAGGGC
DeepSeekBackend,deepseek-v4-flash,deepseek,1119,576,1695,0,572,,,1785131701.8907974,1,4,success,False,5867,9,stage1_annotation,annotation,31366,L3_CCTCTAGAGCGAGTAC
DeepSeekBackend,deepseek-v4-flash,deepseek,1121,1450,2571,0,1384,,,1785131701.9919474,1,4,success,False,16166,270,stage1_annotation,annotation,59582,L5_GAAGGACGTAGAATGT
DeepSeekBackend,deepseek-v4-flash,deepseek,1125,714,1839,0,655,,,1785131703.1197171,1,4,success,False,7101,189,stage1_annotation,annotation,161156,E2L8_TTCATGTCATACCAGT
DeepSeekBackend,deepseek-v4-flash,deepseek,1130,733,1863,0,729,,,1785131703.5203297,1,4,success,False,7389,9,stage1_annotation,annotation,74756,E2L1_GTCGTTCAGTAGACAT
DeepSeekBackend,deepseek-v4-flash,deepseek,1123,514,1637,0,459,,,1785131705.94156,1,4,success,False,5517,163,stage1_annotation,annotation,20242,L2_GAATCACAGTGCACAG
DeepSeekBackend,deepseek-v4-flash,deepseek,1117,577,1694,0,484,,,1785131706.1347325,1,4,success,False,6393,332,stage1_annotation,annotation,128680,E2L6_CACATGAAGACCTCAT
DeepSeekBackend,deepseek-v4-flash,deepseek,1116,919,2035,0,915,,,1785131706.381953,1,4,success,False,10261,9,stage1_annotation,annotation,60803,L5_GCGATCGAGTCACAGG
DeepSeekBackend,deepseek-v4-flash,deepseek,1122,558,1680,0,493,,,1785131706.9350457,1,4,success,False,5770,189,stage1_annotation,annotation,123107,E2L5_TCCAGAACATTGAGCT
DeepSeekBackend,deepseek-v4-flash,deepseek,1131,358,1489,0,354,,,1785131707.5444267,1,4,success,False,4415,9,stage1_annotation,annotation,146593,E2L7_TACCCACGTGGTCCGT
DeepSeekBackend,deepseek-v4-flash,deepseek,1118,711,1829,0,707,,,1785131707.9353464,1,4,success,False,7422,9,stage1_annotation,annotation,111605,E2L4_TCGTAGAAGAGAATCT
DeepSeekBackend,deepseek-v4-flash,deepseek,1130,664,1794,0,602,,,1785131709.120235,1,4,success,False,7279,183,stage1_annotation,annotation,114594,E2L5_ACTGATGCAGGTATGG
DeepSeekBackend,deepseek-v4-flash,deepseek,1119,652,1771,0,578,,,1785131709.1898208,1,4,success,False,7288,305,stage1_annotation,annotation,18196,L2_CCCTTAGCAATGTCTG
DeepSeekBackend,deepseek-v4-flash,deepseek,1119,832,1951,0,780,,,1785131709.623561,1,4,success,False,8078,209,stage1_annotation,annotation,51970,L4_TTGACCCTCATTCGTT
DeepSeekBackend,deepseek-v4-flash,deepseek,1116,843,1959,0,761,,,1785131710.070234,1,4,success,False,8669,270,stage1_annotation,annotation,40677,L4_AGACAGGTCGGACAAG
DeepSeekBackend,deepseek-v4-flash,deepseek,1121,848,1969,0,760,,,1785131710.5475132,1,4,success,False,9188,369,stage1_annotation,annotation,156599,E2L8_GCGAGAACAGTCAGTT
DeepSeekBackend,deepseek-v4-flash,deepseek,1125,1025,2150,0,950,,,1785131710.8130014,1,4,success,False,9439,209,stage1_annotation,annotation,155011,E2L8_CTCCTCCAGTAAGACT
DeepSeekBackend,deepseek-v4-flash,deepseek,1116,902,2018,0,832,,,1785131710.8150735,1,4,success,False,9694,292,stage1_annotation,annotation,40387,L4_ACTACGACAGACGGAT
DeepSeekBackend,deepseek-v4-flash,deepseek,1118,1058,2176,0,1054,,,1785131712.110764,1,4,success,False,10863,9,stage1_annotation,annotation,40081,L4_ACCCAAAAGTTAACGA
DeepSeekBackend,deepseek-v4-flash,deepseek,1112,601,1713,0,513,,,1785131713.059394,1,4,success,False,7108,362,stage1_annotation,annotation,125445,E2L5_TTTGACTTCTAGGCCG
DeepSeekBackend,deepseek-v4-flash,deepseek,1121,799,1920,0,740,,,1785131714.3073628,1,4,success,False,7914,265,stage1_annotation,annotation,70003,E2L1_CAAGACTTCGCCTAGG
DeepSeekBackend,deepseek-v4-flash,deepseek,1131,1750,2881,0,1746,,,1785131715.326897,1,4,success,False,19266,9,stage1_annotation,annotation,121753,E2L5_GTGTGATGTTCGGTAT
DeepSeekBackend,deepseek-v4-flash,deepseek,1120,1491,2611,0,1488,,,1785131715.357005,1,4,success,False,15541,7,stage1_annotation,annotation,130491,E2L6_CGTTGGGTCTCCTGCA
DeepSeekBackend,deepseek-v4-flash,deepseek,1119,1307,2426,0,1303,,,1785131716.5913053,1,4,success,False,14584,9,stage1_annotation,annotation,71330,E2L1_CGAAGGAGTTCAACGT
DeepSeekBackend,deepseek-v4-flash,deepseek,1124,776,1900,0,685,,,1785131717.3732314,1,4,success,False,9427,289,stage1_annotation,annotation,123340,E2L5_TCGAAGTAGTCGAAGC
DeepSeekBackend,deepseek-v4-flash,deepseek,1117,1052,2169,0,991,,,1785131717.6154182,1,4,success,False,11468,228,stage1_annotation,annotation,78167,E2L1_TTGATGGTCGGTCTGG
DeepSeekBackend,deepseek-v4-flash,deepseek,1123,1619,2742,0,1615,,,1785131717.89724,1,4,success,False,17192,9,stage1_annotation,annotation,118496,E2L5_CTCAATTTCGTCAAAC
DeepSeekBackend,deepseek-v4-flash,deepseek,1122,734,1856,0,638,,,1785131719.1609032,1,4,success,False,8329,287,stage1_annotation,annotation,73554,E2L1_GCCAGGTTCGGCGATC
DeepSeekBackend,deepseek-v4-flash,deepseek,1124,380,1504,0,308,,,1785131719.5189712,1,4,success,False,4172,215,stage1_annotation,annotation,63597,L5_TATCTTGTCCACACCT
DeepSeekBackend,deepseek-v4-flash,deepseek,1128,933,2061,0,862,,,1785131720.9025323,1,4,success,False,10345,214,stage1_annotation,annotation,88737,E2L2_TCTCCGAGTTATCTTC
DeepSeekBackend,deepseek-v4-flash,deepseek,1125,1117,2242,0,1028,,,1785131721.5368166,1,4,success,False,11456,292,stage1_annotation,annotation,23636,L2_TAGGAGGAGCCGTTAT
DeepSeekBackend,deepseek-v4-flash,deepseek,1121,1378,2499,0,1309,,,1785131722.8797686,1,4,success,False,15323,317,stage1_annotation,annotation,56223,L5_CAATTTCTCGCCTTTG
DeepSeekBackend,deepseek-v4-flash,deepseek,1120,657,1777,0,571,,,1785131725.1392295,1,4,success,False,7756,304,stage1_annotation,annotation,17381,L2_CAGATACCAGAGATGC
DeepSeekBackend,deepseek-v4-flash,deepseek,1122,2086,3208,0,1996,,,1785131725.2475467,1,4,success,False,21715,320,stage1_annotation,annotation,127099,E2L6_AGCGTATAGCAAACAT
DeepSeekBackend,deepseek-v4-flash,deepseek,1114,2598,3712,0,2524,,,1785131728.3757277,1,4,success,False,27352,242,stage1_annotation,annotation,13748,L1_TTTGTTGCAGCGAGTA
DeepSeekBackend,deepseek-v4-flash,deepseek,1123,557,1680,0,487,,,1785131728.9431841,1,4,success,False,6051,215,stage1_annotation,annotation,152134,E2L8_ATCCTATCAGGCATGA
DeepSeekBackend,deepseek-v4-flash,deepseek,1108,1787,2895,0,1705,,,1785131728.9944935,1,4,success,False,18168,280,stage1_annotation,annotation,50068,L4_TCGATTTTCTAACGGT
DeepSeekBackend,deepseek-v4-flash,deepseek,1117,1841,2958,0,1740,,,1785131729.2920377,1,4,success,False,19658,349,stage1_annotation,annotation,29493,L3_ATGATCGGTACGGATG
DeepSeekBackend,deepseek-v4-flash,deepseek,1127,1879,3006,0,1810,,,1785131732.4919503,1,4,success,False,19381,210,stage1_annotation,annotation,98838,E2L3_TACGCTCCATATCTGG
DeepSeekBackend,deepseek-v4-flash,deepseek,1128,2226,3354,0,2147,,,1785131732.5781283,1,4,success,False,23446,249,stage1_annotation,annotation,46491,L4_GCATTAGTCCGCAGTG
DeepSeekBackend,deepseek-v4-flash,deepseek,1122,1789,2911,0,1712,,,1785131732.9627607,1,4,success,False,18645,212,stage1_annotation,annotation,95481,E2L3_CTCCCTCTCCTGCTAC
DeepSeekBackend,deepseek-v4-flash,deepseek,1120,1431,2551,0,1376,,,1785131733.84748,1,4,success,False,15939,182,stage1_annotation,annotation,110253,E2L4_TAAGCCACAAAGTATG
DeepSeekBackend,deepseek-v4-flash,deepseek,1127,504,1631,0,451,,,1785131734.6655478,1,4,success,False,5664,157,stage1_annotation,annotation,62405,L5_GTGCTGGCAAAGCGTG
DeepSeekBackend,deepseek-v4-flash,deepseek,1123,1382,2505,0,1313,,,1785131734.7971392,1,4,success,False,13886,250,stage1_annotation,annotation,62074,L5_GTCATCCTCGCGCCAA
DeepSeekBackend,deepseek-v4-flash,deepseek,1134,1529,2663,0,1429,,,1785131734.81417,1,4,success,False,15644,349,stage1_annotation,annotation,118137,E2L5_CGGGTGTTCCCGAACG
DeepSeekBackend,deepseek-v4-flash,deepseek,1139,427,1566,0,422,,,1785131735.3896239,1,4,success,False,6091,9,stage1_annotation,annotation,54506,L5_AGCTCAACATCGATAC
DeepSeekBackend,deepseek-v4-flash,deepseek,1119,1521,2640,0,1432,,,1785131736.2280064,1,4,success,False,16699,328,stage1_annotation,annotation,100629,E2L3_TGCTCCAGTCGTACTA
DeepSeekBackend,deepseek-v4-flash,deepseek,1131,1085,2216,0,1036,,,1785131736.6602545,1,4,success,False,11513,161,stage1_annotation,annotation,57355,L5_CCGAACGTCTCTCTTC
DeepSeekBackend,deepseek-v4-flash,deepseek,1122,1681,2803,0,1587,,,1785131736.6642692,1,4,success,False,19039,328,stage1_annotation,annotation,30724,L3_CATGGATTCGCTGTCT
DeepSeekBackend,deepseek-v4-flash,deepseek,1124,355,1479,0,282,,,1785131737.0578718,1,4,success,False,4559,243,stage1_annotation,annotation,148576,E2L7_TGGCGTGGTCTGTAGT
DeepSeekBackend,deepseek-v4-flash,deepseek,1123,796,1919,0,722,,,1785131737.5496306,1,4,success,False,9166,251,stage1_annotation,annotation,71572,E2L1_CGGAATTCATGGCACC
DeepSeekBackend,deepseek-v4-flash,deepseek,1123,3074,4197,0,2975,,,1785131738.0913024,1,4,success,False,31145,326,stage1_annotation,annotation,52738,L5_AACCTGAGTACCTAAC
DeepSeekBackend,deepseek-v4-flash,deepseek,1129,1529,2658,0,1524,,,1785131738.2658465,1,4,success,False,16713,9,stage1_annotation,annotation,8316,L1_GGCTTTCGTCCTATAG
DeepSeekBackend,deepseek-v4-flash,deepseek,1119,2242,3361,0,2176,,,1785131738.437883,1,4,success,False,23069,251,stage1_annotation,annotation,8370,L1_GGGACCTGTATGCTAC
DeepSeekBackend,deepseek-v4-flash,deepseek,1132,617,1749,0,547,,,1785131739.6253507,1,4,success,False,6656,253,stage1_annotation,annotation,20684,L2_GAGTGTTTCAGGAACG
DeepSeekBackend,deepseek-v4-flash,deepseek,1128,276,1404,0,217,,,1785131740.8466856,1,4,success,False,3290,228,stage1_annotation,annotation,18435,L2_CCTCAGTGTCCCTAAA
DeepSeekBackend,deepseek-v4-flash,deepseek,1117,374,1491,0,307,,,1785131741.9799435,1,4,success,False,3880,224,stage1_annotation,annotation,142020,E2L7_CCTCATGTCTATACTC
DeepSeekBackend,deepseek-v4-flash,deepseek,1134,573,1707,0,508,,,1785131742.0956786,1,4,success,False,6700,224,stage1_annotation,annotation,36137,L3_TAGGAGGGTACGATTC
DeepSeekBackend,deepseek-v4-flash,deepseek,1131,396,1527,0,340,,,1785131742.2989235,1,4,success,False,4026,166,stage1_annotation,annotation,143468,E2L7_CTTGATTGTAACAGTA
DeepSeekBackend,deepseek-v4-flash,deepseek,1125,671,1796,0,595,,,1785131742.580053,1,4,success,False,7760,263,stage1_annotation,annotation,118128,E2L5_CGGGTGTCAGGCCCTA
DeepSeekBackend,deepseek-v4-flash,deepseek,1123,780,1903,0,716,,,1785131742.6369994,1,4,success,False,8783,215,stage1_annotation,annotation,123469,E2L5_TCGGGTGAGGTGCAGT
DeepSeekBackend,deepseek-v4-flash,deepseek,1127,530,1657,0,479,,,1785131742.6911373,1,4,success,False,6018,173,stage1_annotation,annotation,63519,L5_TATCAGGCAGTGTACT
DeepSeekBackend,deepseek-v4-flash,deepseek,1127,3065,4192,0,3062,,,1785131742.8939888,1,4,success,False,30772,7,stage1_annotation,annotation,94883,E2L3_CGGACACAGCGAACTG
DeepSeekBackend,deepseek-v4-flash,deepseek,1119,507,1626,0,431,,,1785131743.6230936,1,4,success,False,5178,264,stage1_annotation,annotation,15227,L2_AGACAAATCCATGAGT
DeepSeekBackend,deepseek-v4-flash,deepseek,1126,270,1396,0,209,,,1785131743.9121008,1,4,success,False,3058,194,stage1_annotation,annotation,83385,E2L2_CGTTGGGAGAACAAGG
DeepSeekBackend,deepseek-v4-flash,deepseek,1129,700,1829,0,625,,,1785131744.2197254,1,4,success,False,7551,271,stage1_annotation,annotation,96705,E2L3_GCAGGCTAGGGTCACA
DeepSeekBackend,deepseek-v4-flash,deepseek,1115,423,1538,0,367,,,1785131744.4775362,1,4,success,False,4844,197,stage1_annotation,annotation,61550,L5_GGTAACTGTAACGATA
DeepSeekBackend,deepseek-v4-flash,deepseek,1130,857,1987,0,788,,,1785131744.6959004,1,4,success,False,10024,209,stage1_annotation,annotation,61451,L5_GGGTATTAGGCAGGTT
DeepSeekBackend,deepseek-v4-flash,deepseek,1133,1948,3081,0,1886,,,1785131745.8306804,1,4,success,False,20577,240,stage1_annotation,annotation,35000,L3_GTCACTCTCCACCCTA
DeepSeekBackend,deepseek-v4-flash,deepseek,1129,876,2005,0,745,,,1785131746.0766616,1,4,success,False,9842,467,stage1_annotation,annotation,77215,E2L1_TGCCGAGAGCTCACTA
DeepSeekBackend,deepseek-v4-flash,deepseek,1127,290,1417,0,236,,,1785131746.481037,1,4,success,False,3581,172,stage1_annotation,annotation,143949,E2L7_GAGCTGCCAATGCAGG
DeepSeekBackend,deepseek-v4-flash,deepseek,1120,369,1489,0,307,,,1785131746.5289335,1,4,success,False,3886,233,stage1_annotation,annotation,63982,L5_TCAGTTTTCACCGGTG
DeepSeekBackend,deepseek-v4-flash,deepseek,1129,1355,2484,0,1270,,,1785131746.8150814,1,4,success,False,14232,314,stage1_annotation,annotation,62956,L5_TAACCAGTCGGCCCAA
DeepSeekBackend,deepseek-v4-flash,deepseek,1122,440,1562,0,367,,,1785131747.3750098,1,4,success,False,4788,223,stage1_annotation,annotation,41817,L4_ATCGGATTCTTGGTGA
DeepSeekBackend,deepseek-v4-flash,deepseek,1130,2949,4079,0,2874,,,1785131747.4413993,1,4,success,False,30840,247,stage1_annotation,annotation,14642,L2_ACATTTCAGACTACCT
DeepSeekBackend,deepseek-v4-flash,deepseek,1123,568,1691,0,478,,,1785131747.5925126,1,4,success,False,5605,326,stage1_annotation,annotation,31491,L3_CGAAGTTTCTCGGTCT
DeepSeekBackend,deepseek-v4-flash,deepseek,1114,449,1563,0,376,,,1785131747.732332,1,4,success,False,5035,273,stage1_annotation,annotation,98160,E2L3_GTGAGCCTCCAAACCA
DeepSeekBackend,deepseek-v4-flash,deepseek,1121,579,1700,0,520,,,1785131747.8908792,1,4,success,False,5789,183,stage1_annotation,annotation,125031,E2L5_TTCTTCCAGTCGGGAT
DeepSeekBackend,deepseek-v4-flash,deepseek,1128,342,1470,0,274,,,1785131747.9266977,1,4,success,False,4296,265,stage1_annotation,annotation,23219,L2_TAACCAGAGCCTTTCC
DeepSeekBackend,deepseek-v4-flash,deepseek,1124,332,1456,0,261,,,1785131748.0222213,1,4,success,False,3320,299,stage1_annotation,annotation,34301,L3_GGCGTCACAAATTGCC
DeepSeekBackend,deepseek-v4-flash,deepseek,1120,1849,2969,0,1789,,,1785131748.0360024,1,4,success,False,19086,204,stage1_annotation,annotation,60524,L5_GCAGCTGTCTGGGATT
DeepSeekBackend,deepseek-v4-flash,deepseek,1126,586,1712,0,519,,,1785131748.1368918,1,4,success,False,5831,246,stage1_annotation,annotation,27871,L3_ACCGTTCCACATATGC
DeepSeekBackend,deepseek-v4-flash,deepseek,1127,356,1483,0,310,,,1785131748.2055202,1,4,success,False,3722,156,stage1_annotation,annotation,26087,L2_TTACGCCGTTACCCTC
DeepSeekBackend,deepseek-v4-flash,deepseek,1131,380,1511,0,315,,,1785131749.9467099,1,4,success,False,4109,241,stage1_annotation,annotation,5818,L1_CTATCCGTCTCGCTTG
DeepSeekBackend,deepseek-v4-flash,deepseek,1114,391,1505,0,317,,,1785131750.0580392,1,4,success,False,3975,261,stage1_annotation,annotation,124201,E2L5_TGGAACTCAGGAGACT
DeepSeekBackend,deepseek-v4-flash,deepseek,1114,633,1747,0,544,,,1785131750.3785942,1,4,success,False,6152,320,stage1_annotation,annotation,152364,E2L8_ATGGAGGTCAAGGCTT
DeepSeekBackend,deepseek-v4-flash,deepseek,1126,1747,2873,0,1742,,,1785131752.500393,1,4,success,False,17697,7,stage1_annotation,annotation,152878,E2L8_CACAGGCGTAGGAGTC
DeepSeekBackend,deepseek-v4-flash,deepseek,1110,613,1723,0,532,,,1785131753.3978777,1,4,success,False,6909,276,stage1_annotation,annotation,113375,E2L4_TTTCGATTCTATGTGG
DeepSeekBackend,deepseek-v4-flash,deepseek,1126,4096,5222,0,4096,,,1785131753.481694,1,4,success,False,44282,0,stage1_annotation,annotation,72485,E2L1_CTTAGGATCCCTCGAT
DeepSeekBackend,deepseek-v4-flash,deepseek,1119,667,1786,0,600,,,1785131754.868405,1,4,success,False,7130,222,stage1_annotation,annotation,40045,L4_ACCAACAGTACCCGCA
DeepSeekBackend,deepseek-v4-flash,deepseek,1122,1858,2980,0,1789,,,1785131755.917274,1,4,success,False,18853,242,stage1_annotation,annotation,10697,L1_TCACGCTAGACCTTTG
DeepSeekBackend,deepseek-v4-flash,deepseek,1124,769,1893,0,681,,,1785131756.1731133,1,4,success,False,8276,316,stage1_annotation,annotation,37777,L3_TGCTGAAGTTTGGAGG
DeepSeekBackend,deepseek-v4-flash,deepseek,1118,878,1996,0,873,,,1785131756.338437,1,4,success,False,8957,7,stage1_annotation,annotation,62225,L5_GTCGTTCTCTGCCTGT
DeepSeekBackend,deepseek-v4-flash,deepseek,1129,1016,2145,0,945,,,1785131758.349045,1,4,success,False,10321,212,stage1_annotation,annotation,129104,E2L6_CATCCCAGTACCGGCT
DeepSeekBackend,deepseek-v4-flash,deepseek,1125,1044,2169,0,955,,,1785131758.6155393,1,4,success,False,10683,329,stage1_annotation,annotation,107841,E2L4_GAGGCAATCCACGGAC
DeepSeekBackend,deepseek-v4-flash,deepseek,1162,509,1671,1024,426,,,1785131758.7752292,1,4,success,False,5293,306,stage1_annotation,annotation,72485,E2L1_CTTAGGATCCCTCGAT
DeepSeekBackend,deepseek-v4-flash,deepseek,1123,1241,2364,0,1159,,,1785131760.0841918,1,4,success,False,13263,309,stage1_annotation,annotation,52074,L4_TTGGGATAGTGGTCAG
DeepSeekBackend,deepseek-v4-flash,deepseek,1113,1665,2778,0,1662,,,1785131760.533828,1,4,success,False,16615,7,stage1_annotation,annotation,81309,E2L2_ATTCTTGGTTTACTTC
DeepSeekBackend,deepseek-v4-flash,deepseek,1123,522,1645,0,428,,,1785131764.528231,1,4,success,False,5611,359,stage1_annotation,annotation,138550,E2L7_ACCACAATCCGTGACG
DeepSeekBackend,deepseek-v4-flash,deepseek,1133,621,1754,0,549,,,1785131765.2753665,1,4,success,False,6346,239,stage1_annotation,annotation,13487,L1_TTGTGTTAGTTTGTCG
DeepSeekBackend,deepseek-v4-flash,deepseek,1129,1922,3051,0,1836,,,1785131765.6823215,1,4,success,False,19148,280,stage1_annotation,annotation,138895,E2L7_ACTGATGGTCTCTCAC
DeepSeekBackend,deepseek-v4-flash,deepseek,1118,676,1794,0,583,,,1785131766.0144103,1,4,success,False,7144,323,stage1_annotation,annotation,138453,E2L7_ACAGAAATCTCGGTCT
DeepSeekBackend,deepseek-v4-flash,deepseek,1125,716,1841,0,711,,,1785131766.2600212,1,4,success,False,7366,7,stage1_annotation,annotation,75669,E2L1_TAGACCATCTGGACTA
DeepSeekBackend,deepseek-v4-flash,deepseek,1124,574,1698,0,569,,,1785131766.7696447,1,4,success,False,6674,7,stage1_annotation,annotation,64098,L5_TCATGTTGTGATTCTG
DeepSeekBackend,deepseek-v4-flash,deepseek,1120,2047,3167,0,2042,,,1785131768.9969022,1,4,success,False,21399,7,stage1_annotation,annotation,2632,L1_ATCACTTTCCAAATGC
DeepSeekBackend,deepseek-v4-flash,deepseek,1116,720,1836,0,681,,,1785131773.5546803,1,4,success,False,7531,139,stage1_annotation,annotation,20637,L2_GAGTCTACATTGTCGA
DeepSeekBackend,deepseek-v4-flash,deepseek,1114,2890,4004,0,2818,,,1785131774.329069,1,4,success,False,26882,240,stage1_annotation,annotation,17821,L2_CATGGTAGTACTGCCG
DeepSeekBackend,deepseek-v4-flash,deepseek,1130,993,2123,0,933,,,1785131775.0793147,1,4,success,False,9794,195,stage1_annotation,annotation,6565,L1_CTTGATTAGGAAGTAG
DeepSeekBackend,deepseek-v4-flash,deepseek,1121,1609,2730,0,1515,,,1785131775.6279533,1,4,success,False,16739,351,stage1_annotation,annotation,10464,L1_TATCGCCGTACAGCGA
DeepSeekBackend,deepseek-v4-flash,deepseek,1131,1850,2981,0,1776,,,1785131777.1329436,1,4,success,False,18210,241,stage1_annotation,annotation,28881,L3_AGGTAGGTCATGGTAC
DeepSeekBackend,deepseek-v4-flash,deepseek,1114,1758,2872,0,1668,,,1785131777.3165898,1,4,success,False,18436,372,stage1_annotation,annotation,154888,E2L8_CTCAGTCAGGTCCTGC
DeepSeekBackend,deepseek-v4-flash,deepseek,1125,2079,3204,0,1982,,,1785131778.7647207,1,4,success,False,19854,346,stage1_annotation,annotation,26521,L2_TTGACCCGTCTTGAGT
DeepSeekBackend,deepseek-v4-flash,deepseek,1112,2011,3123,0,2007,,,1785131778.861497,1,4,success,False,20037,7,stage1_annotation,annotation,159906,E2L8_TCTCACGTCTCAGAAC
DeepSeekBackend,deepseek-v4-flash,deepseek,1125,1465,2590,0,1398,,,1785131779.6300752,1,4,success,False,15092,227,stage1_annotation,annotation,42876,L4_CAGCAGCTCGGAGTAG
DeepSeekBackend,deepseek-v4-flash,deepseek,1122,1860,2982,0,1855,,,1785131780.20209,1,4,success,False,19654,7,stage1_annotation,annotation,150979,E2L8_ACTGTCCTCGACGCGT
DeepSeekBackend,deepseek-v4-flash,deepseek,1128,3250,4378,0,3246,,,1785131780.4235108,1,4,success,False,32382,7,stage1_annotation,annotation,5267,L1_CGCCATTCACGACTAT
DeepSeekBackend,deepseek-v4-flash,deepseek,1138,2266,3404,0,2153,,,1785131780.6570988,1,4,success,False,21791,360,stage1_annotation,annotation,48533,L4_GTTGAACTCTCTAGGA
DeepSeekBackend,deepseek-v4-flash,deepseek,1133,1477,2610,0,1388,,,1785131780.7236042,1,4,success,False,15030,319,stage1_annotation,annotation,47120,L4_GGGACAAAGGTAAACT
DeepSeekBackend,deepseek-v4-flash,deepseek,1120,1675,2795,0,1616,,,1785131782.9622712,1,4,success,False,16178,183,stage1_annotation,annotation,26249,L2_TTCCAATAGTGTAGTA
DeepSeekBackend,deepseek-v4-flash,deepseek,1131,429,1560,0,354,,,1785131783.388491,1,4,success,False,4612,216,stage1_annotation,annotation,59002,L5_CTGATCCAGACCGCCT
DeepSeekBackend,deepseek-v4-flash,deepseek,1128,2560,3688,0,2555,,,1785131783.504644,1,4,success,False,24599,7,stage1_annotation,annotation,75350,E2L1_TAACACGGTGCATTAC
DeepSeekBackend,deepseek-v4-flash,deepseek,1118,1815,2933,0,1742,,,1785131783.9164667,1,4,success,False,17645,241,stage1_annotation,annotation,2169,L1_AGGTCATCAGATGCGA
DeepSeekBackend,deepseek-v4-flash,deepseek,1122,2661,3783,0,2656,,,1785131784.2155526,1,4,success,False,25360,7,stage1_annotation,annotation,56402,L5_CACTGAACACCAGTTA
DeepSeekBackend,deepseek-v4-flash,deepseek,1133,480,1613,0,403,,,1785131784.9140506,1,4,success,False,5273,242,stage1_annotation,annotation,15624,L2_AGGACTTCAAGAGATT
DeepSeekBackend,deepseek-v4-flash,deepseek,1121,380,1501,0,299,,,1785131785.127084,1,4,success,False,4391,271,stage1_annotation,annotation,62826,L5_GTTGCTCCAACTGAAA
DeepSeekBackend,deepseek-v4-flash,deepseek,1123,603,1726,0,550,,,1785131786.6686873,1,4,success,False,6000,142,stage1_annotation,annotation,105415,E2L4_CATGCTCCATTGGATC
DeepSeekBackend,deepseek-v4-flash,deepseek,1125,738,1863,0,666,,,1785131787.6960964,1,4,success,False,7483,235,stage1_annotation,annotation,124459,E2L5_TGTCCCACAATGCAGG
DeepSeekBackend,deepseek-v4-flash,deepseek,1119,1198,2317,0,1193,,,1785131787.70503,1,4,success,False,13362,7,stage1_annotation,annotation,117839,E2L5_CGACAGCTCTCGGCTT
DeepSeekBackend,deepseek-v4-flash,deepseek,1123,2932,4055,0,2825,,,1785131787.98057,1,4,success,False,29140,366,stage1_annotation,annotation,35646,L3_GTTGTAGTCGTTCGCT
DeepSeekBackend,deepseek-v4-flash,deepseek,1120,378,1498,0,317,,,1785131788.2880538,1,4,success,False,4362,187,stage1_annotation,annotation,9536,L1_GTGGTTAGTTCCGGTG
DeepSeekBackend,deepseek-v4-flash,deepseek,1132,2908,4040,0,2905,,,1785131789.0506854,1,4,success,False,30152,4,stage1_annotation,annotation,123577,E2L5_TCTACCGGTTAGCTAC
DeepSeekBackend,deepseek-v4-flash,deepseek,1115,386,1501,0,315,,,1785131789.1768005,1,4,success,False,4040,229,stage1_annotation,annotation,69336,E2L1_ATCACTTGTCAATGGG
DeepSeekBackend,deepseek-v4-flash,deepseek,1120,690,1810,0,639,,,1785131789.797414,1,4,success,False,6825,153,stage1_annotation,annotation,48357,L4_GTGTGGCTCGCTTGCT
DeepSeekBackend,deepseek-v4-flash,deepseek,1123,656,1779,0,584,,,1785131790.1677973,1,4,success,False,6770,217,stage1_annotation,annotation,14668,L2_ACCAACAAGGGAGAAT
DeepSeekBackend,deepseek-v4-flash,deepseek,1127,746,1873,0,674,,,1785131790.4844153,1,4,success,False,6969,211,stage1_annotation,annotation,36834,L3_TCCCATGCAGTATGAA
DeepSeekBackend,deepseek-v4-flash,deepseek,1128,412,1540,0,335,,,1785131791.4909055,1,4,success,False,4811,224,stage1_annotation,annotation,38232,L3_TGTTGAGCACGACAAG
DeepSeekBackend,deepseek-v4-flash,deepseek,1125,682,1807,0,613,,,1785131791.9954357,1,4,success,False,7070,257,stage1_annotation,annotation,9884,L1_TAACACGTCATTCGTT
DeepSeekBackend,deepseek-v4-flash,deepseek,1119,451,1570,0,400,,,1785131792.2772949,1,4,success,False,4560,165,stage1_annotation,annotation,146255,E2L7_GTTCATTGTCTCAGAT
DeepSeekBackend,deepseek-v4-flash,deepseek,1123,1718,2841,0,1640,,,1785131792.7884903,1,4,success,False,17150,281,stage1_annotation,annotation,140981,E2L7_CACTGGGTCACGGGCT
DeepSeekBackend,deepseek-v4-flash,deepseek,1128,508,1636,0,417,,,1785131793.3000352,1,4,success,False,5304,296,stage1_annotation,annotation,89568,E2L2_TGTCCACCATCCGGCA
DeepSeekBackend,deepseek-v4-flash,deepseek,1139,1465,2604,0,1410,,,1785131793.5692856,1,4,success,False,14697,159,stage1_annotation,annotation,155704,E2L8_GACATCAGTATGGTAA
DeepSeekBackend,deepseek-v4-flash,deepseek,1129,1865,2994,0,1865,,,1785131794.6429496,1,4,success,False,17314,0,stage1_annotation,annotation,93013,E2L3_ATGCGATGTATGACAA
DeepSeekBackend,deepseek-v4-flash,deepseek,1124,1711,2835,0,1609,,,1785131794.792907,1,4,success,False,17650,355,stage1_annotation,annotation,113394,E2L4_TTTGATCTCACGAGGA
DeepSeekBackend,deepseek-v4-flash,deepseek,1129,1208,2337,0,1133,,,1785131796.5899994,1,4,success,False,12364,280,stage1_annotation,annotation,15869,L2_AGTAACCAGCAGCAGT
DeepSeekBackend,deepseek-v4-flash,deepseek,1121,736,1857,0,635,,,1785131797.7126546,1,4,success,False,7532,352,stage1_annotation,annotation,123541,E2L5_TCTAACTAGTGCACTT
DeepSeekBackend,deepseek-v4-flash,deepseek,1131,1003,2134,0,912,,,1785131797.955225,1,4,success,False,9655,284,stage1_annotation,annotation,152387,E2L8_ATGGGAGTCTCGTGAA
DeepSeekBackend,deepseek-v4-flash,deepseek,1119,2916,4035,0,2860,,,1785131798.1146605,1,4,success,False,29108,156,stage1_annotation,annotation,156994,E2L8_GGCTTGGAGCGAATGC
DeepSeekBackend,deepseek-v4-flash,deepseek,1123,712,1835,0,616,,,1785131798.193332,1,4,success,False,5899,336,stage1_annotation,annotation,144837,E2L7_GGAATCTAGGATTCCT
DeepSeekBackend,deepseek-v4-flash,deepseek,1124,629,1753,0,572,,,1785131798.312669,1,4,success,False,6307,166,stage1_annotation,annotation,104479,E2L4_ATTACCTAGATACAGT
DeepSeekBackend,deepseek-v4-flash,deepseek,1134,1911,3045,0,1848,,,1785131798.5943644,1,4,success,False,18158,196,stage1_annotation,annotation,61245,L5_GGCTTGGAGGTTCAGG
DeepSeekBackend,deepseek-v4-flash,deepseek,1110,717,1827,0,600,,,1785131798.7664464,1,4,success,False,7265,403,stage1_annotation,annotation,105471,E2L4_CATTCCGAGATGGCGT
DeepSeekBackend,deepseek-v4-flash,deepseek,1117,570,1687,0,483,,,1785131799.1264832,1,4,success,False,5546,289,stage1_annotation,annotation,53200,L5_AATTCCTAGAACGCGT
DeepSeekBackend,deepseek-v4-flash,deepseek,1115,1134,2249,0,1081,,,1785131799.2570636,1,4,success,False,11546,146,stage1_annotation,annotation,100314,E2L3_TGAATGCAGTTACGTC
DeepSeekBackend,deepseek-v4-flash,deepseek,1119,382,1501,0,317,,,1785131800.2331324,1,4,success,False,3632,204,stage1_annotation,annotation,127272,E2L6_AGGCTGCAGAGTCAAT
DeepSeekBackend,deepseek-v4-flash,deepseek,1127,2424,3551,0,2421,,,1785131800.2804637,1,4,success,False,25191,7,stage1_annotation,annotation,54875,L5_AGTAACCGTTGAAGTA
DeepSeekBackend,deepseek-v4-flash,deepseek,1121,1134,2255,0,1069,,,1785131801.666544,1,4,success,False,11167,218,stage1_annotation,annotation,83238,E2L2_CGGGTGTGTACTGTTG
DeepSeekBackend,deepseek-v4-flash,deepseek,1131,348,1479,0,269,,,1785131802.1697905,1,4,success,False,3564,289,stage1_annotation,annotation,92170,E2L3_AGCTTCCCACAATGTC
DeepSeekBackend,deepseek-v4-flash,deepseek,1119,399,1518,0,310,,,1785131802.259063,1,4,success,False,4054,272,stage1_annotation,annotation,62759,L5_GTTCGCTAGTACAGAT
DeepSeekBackend,deepseek-v4-flash,deepseek,1132,1356,2488,0,1288,,,1785131802.8332467,1,4,success,False,13770,212,stage1_annotation,annotation,52729,L5_AACCTGAAGCTCTATG
DeepSeekBackend,deepseek-v4-flash,deepseek,1127,1399,2526,0,1392,,,1785131803.2858205,1,4,success,False,13478,17,stage1_annotation,annotation,108368,E2L4_GCCAGGTTCTGTCGTC
DeepSeekBackend,deepseek-v4-flash,deepseek,1113,519,1632,0,424,,,1785131803.6421459,1,4,success,False,5321,327,stage1_annotation,annotation,55993,L5_CAAAGAACACCCTATC
DeepSeekBackend,deepseek-v4-flash,deepseek,1121,422,1543,0,321,,,1785131803.6859064,1,4,success,False,4548,321,stage1_annotation,annotation,127301,E2L6_AGGGAGTTCCGAGTGC
DeepSeekBackend,deepseek-v4-flash,deepseek,1121,3112,4233,0,3018,,,1785131804.1920826,1,4,success,False,30626,318,stage1_annotation,annotation,161190,E2L8_TTCCAATCAGGAATCG
DeepSeekBackend,deepseek-v4-flash,deepseek,1123,563,1686,0,481,,,1785131804.3037891,1,4,success,False,5523,252,stage1_annotation,annotation,28052,L3_ACGTCCTCATCCGTGG
DeepSeekBackend,deepseek-v4-flash,deepseek,1122,622,1744,0,564,,,1785131804.5905027,1,4,success,False,6625,206,stage1_annotation,annotation,84666,E2L2_GAGGGTAGTTTGAAAG
DeepSeekBackend,deepseek-v4-flash,deepseek,1115,1859,2974,0,1781,,,1785131805.4613853,1,4,success,False,16274,228,stage1_annotation,annotation,117114,E2L5_CATTGAGAGAGGTCAC
DeepSeekBackend,deepseek-v4-flash,deepseek,1165,1219,2384,1024,1174,,,1785131806.9493062,1,4,success,False,12306,187,stage1_annotation,annotation,93013,E2L3_ATGCGATGTATGACAA
DeepSeekBackend,deepseek-v4-flash,deepseek,1118,1526,2644,0,1519,,,1785131807.3826249,1,4,success,False,14582,17,stage1_annotation,annotation,38307,L3_TTACCGCAGCCAGTAG
DeepSeekBackend,deepseek-v4-flash,deepseek,1126,1516,2642,0,1412,,,1785131808.7110066,1,4,success,False,15401,392,stage1_annotation,annotation,113094,E2L4_TTGAGTGAGACATAGT
DeepSeekBackend,deepseek-v4-flash,deepseek,1117,1417,2534,0,1328,,,1785131808.881667,1,4,success,False,14076,335,stage1_annotation,annotation,129079,E2L6_CATAGACTCGGTCTGG
DeepSeekBackend,deepseek-v4-flash,deepseek,1124,519,1643,0,451,,,1785131809.4867082,1,4,success,False,5790,226,stage1_annotation,annotation,58793,L5_CTCCACATCTCGGTCT
DeepSeekBackend,deepseek-v4-flash,deepseek,1115,1140,2255,0,1084,,,1785131812.7297552,1,4,success,False,12482,180,stage1_annotation,annotation,45490,L4_GAAATGACATATTCGG
DeepSeekBackend,deepseek-v4-flash,deepseek,1120,1587,2707,0,1520,,,1785131813.129382,1,4,success,False,15003,217,stage1_annotation,annotation,1209,L1_ACGTAGTGTAATTAGG
DeepSeekBackend,deepseek-v4-flash,deepseek,1121,1118,2239,0,1051,,,1785131813.465319,1,4,success,False,11791,242,stage1_annotation,annotation,123428,E2L5_TCGCTTGGTTCTGAGT
DeepSeekBackend,deepseek-v4-flash,deepseek,1112,1010,2122,0,1006,,,1785131814.0892744,1,4,success,False,11909,7,stage1_annotation,annotation,39192,L4_AAAGGGCTCCTTATCA
DeepSeekBackend,deepseek-v4-flash,deepseek,1120,1568,2688,0,1490,,,1785131814.2748108,1,4,success,False,15007,255,stage1_annotation,annotation,136750,E2L6_TGTGTGAAGCCATATC
DeepSeekBackend,deepseek-v4-flash,deepseek,1125,1125,2250,0,1042,,,1785131814.3437052,1,4,success,False,11048,293,stage1_annotation,annotation,32084,L3_CTACCTGGTGCATGTT
DeepSeekBackend,deepseek-v4-flash,deepseek,1117,1965,3082,0,1898,,,1785131817.184104,1,4,success,False,19459,257,stage1_annotation,annotation,87884,E2L2_TCACGGGTCTTGCAGA
DeepSeekBackend,deepseek-v4-flash,deepseek,1118,1612,2730,0,1529,,,1785131817.7254183,1,4,success,False,17433,290,stage1_annotation,annotation,19326,L2_CTATAGGGTTAGCGGA
DeepSeekBackend,deepseek-v4-flash,deepseek,1112,836,1948,0,744,,,1785131818.5989363,1,4,success,False,9102,353,stage1_annotation,annotation,40463,L4_ACTGATGGTTCGATTG
DeepSeekBackend,deepseek-v4-flash,deepseek,1117,1513,2630,0,1435,,,1785131818.65841,1,4,success,False,14453,292,stage1_annotation,annotation,127716,E2L6_ATAGAGAAGCCGTCGT
DeepSeekBackend,deepseek-v4-flash,deepseek,1122,1536,2658,0,1416,,,1785131818.9897692,1,4,success,False,16145,377,stage1_annotation,annotation,13245,L1_TTCTAGTTCGACATAC
DeepSeekBackend,deepseek-v4-flash,deepseek,1131,534,1665,0,482,,,1785131819.8985722,1,4,success,False,5797,147,stage1_annotation,annotation,140655,E2L7_CAACCTCCAGCTGAGA
DeepSeekBackend,deepseek-v4-flash,deepseek,1122,1313,2435,0,1257,,,1785131820.192789,1,4,success,False,13223,191,stage1_annotation,annotation,24955,L2_TCTTCCTAGCCTCTTC
DeepSeekBackend,deepseek-v4-flash,deepseek,1129,713,1842,0,645,,,1785131821.037779,1,4,success,False,8298,199,stage1_annotation,annotation,29986,L3_CAAGCTAGTATCAGGG
DeepSeekBackend,deepseek-v4-flash,deepseek,1136,880,2016,0,797,,,1785131822.1208708,1,4,success,False,8978,235,stage1_annotation,annotation,103904,E2L4_AGTGACTCAGGTATGG
DeepSeekBackend,deepseek-v4-flash,deepseek,1121,907,2028,0,903,,,1785131822.365606,1,4,success,False,8889,7,stage1_annotation,annotation,93285,E2L3_ATTTCACTCGCCGTGA
DeepSeekBackend,deepseek-v4-flash,deepseek,1122,1736,2858,0,1658,,,1785131823.123584,1,4,success,False,18522,289,stage1_annotation,annotation,152811,E2L8_CAATCGACACTCAAGT
DeepSeekBackend,deepseek-v4-flash,deepseek,1122,2107,3229,0,2102,,,1785131823.181498,1,4,success,False,20913,7,stage1_annotation,annotation,76554,E2L1_TCGATTTAGGAAAGGT
DeepSeekBackend,deepseek-v4-flash,deepseek,1127,1998,3125,0,1918,,,1785131824.3899403,1,4,success,False,20737,241,stage1_annotation,annotation,106623,E2L4_CTACATTCATAGTCAC
DeepSeekBackend,deepseek-v4-flash,deepseek,1127,983,2110,0,980,,,1785131824.65841,1,4,success,False,10373,3,stage1_annotation,annotation,76840,E2L1_TCTGCCACACACCGAC
DeepSeekBackend,deepseek-v4-flash,deepseek,1138,865,2003,0,790,,,1785131826.123538,1,4,success,False,8924,240,stage1_annotation,annotation,96144,E2L3_GACCGTGCATAATGAG
DeepSeekBackend,deepseek-v4-flash,deepseek,1123,632,1755,0,554,,,1785131826.197149,1,4,success,False,7196,258,stage1_annotation,annotation,90208,E2L2_TTGAGTGCAGTTTCGA
DeepSeekBackend,deepseek-v4-flash,deepseek,1128,563,1691,0,559,,,1785131826.615514,1,4,success,False,6409,7,stage1_annotation,annotation,132413,E2L6_GCCAGGTCACTGTTCC
DeepSeekBackend,deepseek-v4-flash,deepseek,1132,450,1582,0,371,,,1785131827.1540937,1,4,success,False,4779,264,stage1_annotation,annotation,137289,E2L6_TTGAGTGAGGTGCGAT
DeepSeekBackend,deepseek-v4-flash,deepseek,1131,385,1516,0,301,,,1785131827.6763308,1,4,success,False,4484,276,stage1_annotation,annotation,91900,E2L3_AGACACTCAAACAGGC
DeepSeekBackend,deepseek-v4-flash,deepseek,1115,1880,2995,0,1877,,,1785131828.307201,1,4,success,False,19585,4,stage1_annotation,annotation,8032,L1_GCTGCAGGTTCTCACC
DeepSeekBackend,deepseek-v4-flash,deepseek,1113,1357,2470,0,1354,,,1785131829.0018737,1,4,success,False,14646,3,stage1_annotation,annotation,159410,E2L8_TCCATGCCATACTGTG
DeepSeekBackend,deepseek-v4-flash,deepseek,1118,1988,3106,0,1895,,,1785131829.5670857,1,4,success,False,20678,341,stage1_annotation,annotation,125339,E2L5_TTTAGTCGTTAACCTG
DeepSeekBackend,deepseek-v4-flash,deepseek,1118,258,1376,0,202,,,1785131829.9037278,1,4,success,False,3278,208,stage1_annotation,annotation,79944,E2L2_AGACCCGTCGCTTGAA
DeepSeekBackend,deepseek-v4-flash,deepseek,1126,1020,2146,0,1016,,,1785131830.228362,1,4,success,False,11560,7,stage1_annotation,annotation,124055,E2L5_TGCATGAAGCGTATAA
DeepSeekBackend,deepseek-v4-flash,deepseek,1119,73,1192,0,70,,,1785131831.7332745,1,4,success,False,1493,8,stage1_annotation,annotation,14287,L2_AAGTCGTGTCGTATTG
DeepSeekBackend,deepseek-v4-flash,deepseek,1116,196,1312,0,139,,,1785131831.8470023,1,4,success,False,2265,173,stage1_annotation,annotation,144736,E2L7_GCTGAATGTTCGAAGG
DeepSeekBackend,deepseek-v4-flash,deepseek,1122,1314,2436,0,1236,,,1785131831.9741044,1,4,success,False,14237,300,stage1_annotation,annotation,36899,L3_TCCTCCCTCCTCTCGA
DeepSeekBackend,deepseek-v4-flash,deepseek,1130,730,1860,0,726,,,1785131832.0195198,1,4,success,False,8886,7,stage1_annotation,annotation,8590,L1_GGGTTATTCTGGTCAA
DeepSeekBackend,deepseek-v4-flash,deepseek,1115,297,1412,0,246,,,1785131832.3033204,1,4,success,False,3290,160,stage1_annotation,annotation,114282,E2L5_ACCATTTTCGGCATAT
DeepSeekBackend,deepseek-v4-flash,deepseek,1122,250,1372,0,184,,,1785131832.5796762,1,4,success,False,2663,199,stage1_annotation,annotation,155361,E2L8_CTTAGGAGTAGAGGAA
DeepSeekBackend,deepseek-v4-flash,deepseek,1125,723,1848,0,631,,,1785131832.7323527,1,4,success,False,8063,324,stage1_annotation,annotation,49199,L4_TATCGCCTCGACACCG
DeepSeekBackend,deepseek-v4-flash,deepseek,1117,645,1762,0,587,,,1785131833.2288423,1,4,success,False,6063,177,stage1_annotation,annotation,122483,E2L5_TAGGTACAGCCTATTG
DeepSeekBackend,deepseek-v4-flash,deepseek,1126,718,1844,0,650,,,1785131833.561502,1,4,success,False,7353,234,stage1_annotation,annotation,127172,E2L6_AGGAAATTCCGATGTA
DeepSeekBackend,deepseek-v4-flash,deepseek,1125,1498,2623,0,1454,,,1785131833.6656537,1,4,success,False,15056,136,stage1_annotation,annotation,65910,L5_TGTGGCGCATTGCAAC
DeepSeekBackend,deepseek-v4-flash,deepseek,1120,2861,3981,0,2781,,,1785131834.2815113,1,4,success,False,28808,255,stage1_annotation,annotation,159633,E2L8_TCGAAGTCATGATGCT
DeepSeekBackend,deepseek-v4-flash,deepseek,1126,127,1253,0,124,,,1785131834.3186164,1,4,success,False,1729,8,stage1_annotation,annotation,120178,E2L5_GCCCAGAAGACCAGAC
DeepSeekBackend,deepseek-v4-flash,deepseek,1124,212,1336,0,208,,,1785131834.4897122,1,4,success,False,2746,9,stage1_annotation,annotation,88438,E2L2_TCGACGGTCAAACCCA
DeepSeekBackend,deepseek-v4-flash,deepseek,1127,1028,2155,0,1024,,,1785131835.2295067,1,4,success,False,10824,7,stage1_annotation,annotation,144126,E2L7_GATCACACAAAGAGTT
DeepSeekBackend,deepseek-v4-flash,deepseek,1112,303,1415,0,300,,,1785131835.6565077,1,4,success,False,3670,8,stage1_annotation,annotation,128421,E2L6_CAAAGAAGTTGGGCCT
DeepSeekBackend,deepseek-v4-flash,deepseek,1127,307,1434,0,303,,,1785131836.0891814,1,4,success,False,3345,9,stage1_annotation,annotation,92341,E2L3_AGGGTTTGTTCAGTAC
DeepSeekBackend,deepseek-v4-flash,deepseek,1115,126,1241,0,69,,,1785131836.373999,1,4,success,False,2080,222,stage1_annotation,annotation,124007,E2L5_TGCAGATTCTCAGTCC
DeepSeekBackend,deepseek-v4-flash,deepseek,1144,243,1387,0,239,,,1785131836.9473674,1,4,success,False,3271,9,stage1_annotation,annotation,141622,E2L7_CCACGTTCAAGTTTGC
DeepSeekBackend,deepseek-v4-flash,deepseek,1123,918,2041,0,828,,,1785131837.5897264,1,4,success,False,9903,335,stage1_annotation,annotation,101573,E2L3_TTGCTGCGTAATCAGA
DeepSeekBackend,deepseek-v4-flash,deepseek,1132,458,1590,0,380,,,1785131837.7472146,1,4,success,False,5433,236,stage1_annotation,annotation,19134,L2_CGTTAGAGTCTGCATA
DeepSeekBackend,deepseek-v4-flash,deepseek,1133,248,1381,0,181,,,1785131838.1436996,1,4,success,False,2903,196,stage1_annotation,annotation,145486,E2L7_GTAATCGTCAGACCGC
DeepSeekBackend,deepseek-v4-flash,deepseek,1134,376,1510,0,313,,,1785131838.387346,1,4,success,False,4059,207,stage1_annotation,annotation,18588,L2_CCTTTGGTCTGGACCG
DeepSeekBackend,deepseek-v4-flash,deepseek,1125,1791,2916,0,1708,,,1785131838.4834406,1,4,success,False,18574,288,stage1_annotation,annotation,146216,E2L7_GTTAGACGTGCCCTTT
DeepSeekBackend,deepseek-v4-flash,deepseek,1132,406,1538,0,352,,,1785131838.578503,1,4,success,False,4078,168,stage1_annotation,annotation,23815,L2_TATTGCTGTTAAACCC
DeepSeekBackend,deepseek-v4-flash,deepseek,1112,641,1753,0,638,,,1785131838.7801523,1,4,success,False,6750,8,stage1_annotation,annotation,128601,E2L6_CAATCGATCGATTCCC
DeepSeekBackend,deepseek-v4-flash,deepseek,1121,1585,2706,0,1505,,,1785131838.9290595,1,4,success,False,16798,254,stage1_annotation,annotation,116096,E2L5_ATTCACTTCCTCTTTC
DeepSeekBackend,deepseek-v4-flash,deepseek,1131,236,1367,0,162,,,1785131839.0365796,1,4,success,False,2652,232,stage1_annotation,annotation,39282,L4_AACAACCTCAACCCGG
DeepSeekBackend,deepseek-v4-flash,deepseek,1119,2968,4087,0,2965,,,1785131839.169495,1,4,success,False,31776,7,stage1_annotation,annotation,145909,E2L7_GTGAGCCGTAGCTCGC
DeepSeekBackend,deepseek-v4-flash,deepseek,1122,304,1426,0,229,,,1785131839.4304123,1,4,success,False,3759,272,stage1_annotation,annotation,57669,L5_CCTCCTCTCACCTTGC
DeepSeekBackend,deepseek-v4-flash,deepseek,1119,1034,2153,0,974,,,1785131839.6601613,1,4,success,False,11342,276,stage1_annotation,annotation,95626,E2L3_CTGCATCAGGCTCCCA
DeepSeekBackend,deepseek-v4-flash,deepseek,1132,332,1464,0,266,,,1785131839.9160142,1,4,success,False,3817,210,stage1_annotation,annotation,13294,L1_TTCTTGACAATAACGA
DeepSeekBackend,deepseek-v4-flash,deepseek,1113,680,1793,0,620,,,1785131840.423384,1,4,success,False,7180,241,stage1_annotation,annotation,121317,E2L5_GTCAAGTTCTCCCATG
DeepSeekBackend,deepseek-v4-flash,deepseek,1123,835,1958,0,772,,,1785131840.6721857,1,4,success,False,8814,246,stage1_annotation,annotation,33223,L3_GAGAGGTGTATCACCA
DeepSeekBackend,deepseek-v4-flash,deepseek,1132,250,1382,1024,246,,,1785131841.3474383,1,4,success,False,2855,5,stage1_annotation,annotation,18386,L2_CCTATCGGTATCTCTT
DeepSeekBackend,deepseek-v4-flash,deepseek,1132,321,1453,1024,260,,,1785131841.3953497,1,4,success,False,3237,185,stage1_annotation,annotation,23918,L2_TCACAAGTCCTCATAT
DeepSeekBackend,deepseek-v4-flash,deepseek,1130,435,1565,0,431,,,1785131841.5084352,1,4,success,False,4551,5,stage1_annotation,annotation,12655,L1_TGTCCTGCAACTGCCG
DeepSeekBackend,deepseek-v4-flash,deepseek,1127,224,1351,0,220,,,1785131842.146363,1,4,success,False,2705,5,stage1_annotation,annotation,30861,L3_CCACAAAAGAGGGCGA
DeepSeekBackend,deepseek-v4-flash,deepseek,1130,295,1425,0,241,,,1785131842.1998653,1,4,success,False,3408,162,stage1_annotation,annotation,124470,E2L5_TGTCCTGGTTGGAGAC
DeepSeekBackend,deepseek-v4-flash,deepseek,1123,322,1445,0,248,,,1785131842.8664055,1,4,success,False,3818,227,stage1_annotation,annotation,39538,L4_AAGATAGTCGCGATCG
DeepSeekBackend,deepseek-v4-flash,deepseek,1134,522,1656,0,471,,,1785131842.896227,1,4,success,False,5139,153,stage1_annotation,annotation,33971,L3_GCGTGCAAGTAGGATT
DeepSeekBackend,deepseek-v4-flash,deepseek,1127,339,1466,0,335,,,1785131843.0142007,1,4,success,False,3835,5,stage1_annotation,annotation,26043,L2_TTACAGGGTTCGGTAT
DeepSeekBackend,deepseek-v4-flash,deepseek,1131,481,1612,1024,428,,,1785131843.3878052,1,4,success,False,4447,189,stage1_annotation,annotation,14599,L2_ACATCCCCAGCTGAGA
DeepSeekBackend,deepseek-v4-flash,deepseek,1142,469,1611,0,412,,,1785131843.6899087,1,4,success,False,5098,193,stage1_annotation,annotation,155480,E2L8_CTTTCAAAGGCACGAT
DeepSeekBackend,deepseek-v4-flash,deepseek,1140,473,1613,0,386,,,1785131844.2981915,1,4,success,False,4628,308,stage1_annotation,annotation,52517,L5_AAAGGTACACGCGCTA
DeepSeekBackend,deepseek-v4-flash,deepseek,1129,515,1644,0,453,,,1785131845.0438128,1,4,success,False,5116,215,stage1_annotation,annotation,155438,E2L8_CTTCTCTAGTATAGGT
DeepSeekBackend,deepseek-v4-flash,deepseek,1127,751,1878,0,658,,,1785131845.4472291,1,4,success,False,7846,345,stage1_annotation,annotation,151229,E2L8_AGAGCAGAGTTGTCGT
DeepSeekBackend,deepseek-v4-flash,deepseek,1131,665,1796,0,548,,,1785131845.7628329,1,4,success,False,7366,446,stage1_annotation,annotation,72294,E2L1_CTGATCCGTAGCGTCC
DeepSeekBackend,deepseek-v4-flash,deepseek,1133,1794,2927,0,1790,,,1785131845.9406364,1,4,success,False,19807,7,stage1_annotation,annotation,133796,E2L6_GTCTTTACAATCCTAG
DeepSeekBackend,deepseek-v4-flash,deepseek,1120,1247,2367,0,1146,,,1785131846.5715363,1,4,success,False,13001,338,stage1_annotation,annotation,42687,L4_CACGTGGAGTCATCGT
DeepSeekBackend,deepseek-v4-flash,deepseek,1123,4036,5159,0,4032,,,1785131846.6630616,1,4,success,False,42349,7,stage1_annotation,annotation,34243,L3_GGATCTAAGCTGTTAC
DeepSeekBackend,deepseek-v4-flash,deepseek,1123,204,1327,0,200,,,1785131849.1653898,1,4,success,False,2273,4,stage1_annotation,annotation,35883,L3_TACCCGTCAGTGGCTC
DeepSeekBackend,deepseek-v4-flash,deepseek,1130,201,1331,0,132,,,1785131849.2974646,1,4,success,False,2508,253,stage1_annotation,annotation,61719,L5_GGTTCTCGTTCCAGGC
DeepSeekBackend,deepseek-v4-flash,deepseek,1130,2872,4002,0,2763,,,1785131849.532099,1,4,success,False,28485,350,stage1_annotation,annotation,81605,E2L2_CACACAATCTGAGAGG
DeepSeekBackend,deepseek-v4-flash,deepseek,1126,226,1352,0,222,,,1785131849.765801,1,4,success,False,2936,4,stage1_annotation,annotation,41436,L4_AGTCTCCAGCCACAAG
DeepSeekBackend,deepseek-v4-flash,deepseek,1129,265,1394,0,200,,,1785131849.878428,1,4,success,False,3144,234,stage1_annotation,annotation,43714,L4_CCGGTGACACACAGCC
DeepSeekBackend,deepseek-v4-flash,deepseek,1127,254,1381,0,165,,,1785131850.0341232,1,4,success,False,3122,358,stage1_annotation,annotation,53539,L5_ACCCTCAAGAGGCGTT
DeepSeekBackend,deepseek-v4-flash,deepseek,1128,307,1435,0,263,,,1785131850.0678825,1,4,success,False,3269,139,stage1_annotation,annotation,13631,L1_TTTCAGTTCCATACTT
DeepSeekBackend,deepseek-v4-flash,deepseek,1126,367,1493,0,288,,,1785131850.8670013,1,4,success,False,4117,276,stage1_annotation,annotation,98640,E2L3_TAACGACAGCCTTTGA
DeepSeekBackend,deepseek-v4-flash,deepseek,1129,417,1546,0,351,,,1785131851.577884,1,4,success,False,4711,222,stage1_annotation,annotation,45808,L4_GACTTCCAGGGTGGGA
DeepSeekBackend,deepseek-v4-flash,deepseek,1126,505,1631,0,440,,,1785131851.978977,1,4,success,False,5165,248,stage1_annotation,annotation,8644,L1_GGTAGAGCACACCAGC
DeepSeekBackend,deepseek-v4-flash,deepseek,1134,492,1626,0,450,,,1785131851.9883351,1,4,success,False,5219,132,stage1_annotation,annotation,83461,E2L2_CTACCCACAGTTAGGG
DeepSeekBackend,deepseek-v4-flash,deepseek,1127,526,1653,0,453,,,1785131852.0186446,1,4,success,False,5090,262,stage1_annotation,annotation,10570,L1_TCAAGACAGGCACTAG
DeepSeekBackend,deepseek-v4-flash,deepseek,1136,512,1648,0,468,,,1785131852.1782486,1,4,success,False,5332,140,stage1_annotation,annotation,38438,L3_TTCAATCTCGGTGTTA
DeepSeekBackend,deepseek-v4-flash,deepseek,1130,521,1651,0,465,,,1785131852.3159454,1,4,success,False,5435,227,stage1_annotation,annotation,8477,L1_GGGCTCAGTCTGTAGT
DeepSeekBackend,deepseek-v4-flash,deepseek,1122,567,1689,0,495,,,1785131852.6509118,1,4,success,False,5763,262,stage1_annotation,annotation,11418,L1_TCGGGACAGCTACGTT
DeepSeekBackend,deepseek-v4-flash,deepseek,1133,536,1669,0,485,,,1785131853.0218003,1,4,success,False,6117,180,stage1_annotation,annotation,44537,L4_CTAACTTGTTGTGGAG
DeepSeekBackend,deepseek-v4-flash,deepseek,1124,592,1716,0,518,,,1785131853.5588999,1,4,success,False,6801,290,stage1_annotation,annotation,67052,L5_TTTGGAGGTGGTGATG
DeepSeekBackend,deepseek-v4-flash,deepseek,1124,704,1828,0,637,,,1785131853.7218919,1,4,success,False,6950,246,stage1_annotation,annotation,42109,L4_ATGTCTTCAGAAGCTG
DeepSeekBackend,deepseek-v4-flash,deepseek,1127,811,1938,0,733,,,1785131854.3159468,1,4,success,False,7397,260,stage1_annotation,annotation,49784,L4_TCCCACACATGCAGCC
DeepSeekBackend,deepseek-v4-flash,deepseek,1128,487,1615,0,484,,,1785131854.3270447,1,4,success,False,4775,3,stage1_annotation,annotation,89000,E2L2_TGAGTCAGTCCTTAAG
DeepSeekBackend,deepseek-v4-flash,deepseek,1124,931,2055,0,927,,,1785131855.3516583,1,4,success,False,8478,4,stage1_annotation,annotation,55605,L5_ATGCGATTCCAGTGCG
DeepSeekBackend,deepseek-v4-flash,deepseek,1117,707,1824,0,618,,,1785131860.9364862,1,4,success,False,7906,333,stage1_annotation,annotation,151971,E2L8_ATACCTTTCCTGTAAG
DeepSeekBackend,deepseek-v4-flash,deepseek,1129,857,1986,0,785,,,1785131861.1574962,1,4,success,False,8834,253,stage1_annotation,annotation,104650,E2L4_ATTTCACTCTATCGTT
DeepSeekBackend,deepseek-v4-flash,deepseek,1130,987,2117,0,919,,,1785131862.6157548,1,4,success,False,10630,259,stage1_annotation,annotation,129230,E2L6_CATGGTAAGTCGAAGC
DeepSeekBackend,deepseek-v4-flash,deepseek,1122,762,1884,0,674,,,1785131862.619011,1,4,success,False,8891,351,stage1_annotation,annotation,25281,L2_TGCACGGTCTGCATGA
DeepSeekBackend,deepseek-v4-flash,deepseek,1126,1108,2234,0,1041,,,1785131863.0019877,1,4,success,False,12125,217,stage1_annotation,annotation,114471,E2L5_ACGTAGTTCCGACGGT
DeepSeekBackend,deepseek-v4-flash,deepseek,1122,1202,2324,0,1199,,,1785131863.4006188,1,4,success,False,11815,3,stage1_annotation,annotation,101433,E2L3_TTCTAGTCAACCACGC
DeepSeekBackend,deepseek-v4-flash,deepseek,1125,1320,2445,0,1242,,,1785131863.5400398,1,4,success,False,14231,277,stage1_annotation,annotation,24812,L2_TCTACATTCCTGTTGC
DeepSeekBackend,deepseek-v4-flash,deepseek,1119,886,2005,0,883,,,1785131864.034718,1,4,success,False,9702,4,stage1_annotation,annotation,19161,L2_CGTTGGGCACATGGTT
DeepSeekBackend,deepseek-v4-flash,deepseek,1114,1226,2340,0,1165,,,1785131864.6873126,1,4,success,False,12502,199,stage1_annotation,annotation,145306,E2L7_GGTCACGCAGTTGAAA
DeepSeekBackend,deepseek-v4-flash,deepseek,1126,1453,2579,0,1401,,,1785131865.260776,1,4,success,False,15483,174,stage1_annotation,annotation,86295,E2L2_GTAGTACCAAGTTCCA
DeepSeekBackend,deepseek-v4-flash,deepseek,1131,1319,2450,0,1246,,,1785131868.14654,1,4,success,False,15488,245,stage1_annotation,annotation,71794,E2L1_CGTTAGACACACGTGC
DeepSeekBackend,deepseek-v4-flash,deepseek,1126,1245,2371,0,1240,,,1785131869.390462,1,4,success,False,14031,7,stage1_annotation,annotation,40100,L4_ACCCTCATCACCGGGT
DeepSeekBackend,deepseek-v4-flash,deepseek,1129,1841,2970,0,1742,,,1785131869.4972005,1,4,success,False,19452,344,stage1_annotation,annotation,71477,E2L1_CGATGGCGTGTTGACT
DeepSeekBackend,deepseek-v4-flash,deepseek,1116,2136,3252,0,2133,,,1785131871.4625337,1,4,success,False,21574,7,stage1_annotation,annotation,160458,E2L8_TGCTGAATCATCTATC
DeepSeekBackend,deepseek-v4-flash,deepseek,1116,1775,2891,0,1714,,,1785131872.9238546,1,4,success,False,18601,204,stage1_annotation,annotation,157008,E2L8_GGCTTGGTCAAGTAAG
DeepSeekBackend,deepseek-v4-flash,deepseek,1125,1070,2195,0,990,,,1785131873.1265154,1,4,success,False,11963,220,stage1_annotation,annotation,94593,E2L3_CCTCTCCAGCAGGCTA
DeepSeekBackend,deepseek-v4-flash,deepseek,1125,1292,2417,0,1198,,,1785131874.5127132,1,4,success,False,13569,294,stage1_annotation,annotation,19706,L2_CTGATCCCAACATCGT
DeepSeekBackend,deepseek-v4-flash,deepseek,1129,2363,3492,0,2360,,,1785131875.224028,1,4,success,False,25146,7,stage1_annotation,annotation,81719,E2L2_CACTAAGAGTTCAACC
DeepSeekBackend,deepseek-v4-flash,deepseek,1128,2482,3610,0,2478,,,1785131875.4491863,1,4,success,False,26269,4,stage1_annotation,annotation,123550,E2L5_TCTAACTTCCTCGCAT
DeepSeekBackend,deepseek-v4-flash,deepseek,1114,645,1759,0,585,,,1785131875.6029334,1,4,success,False,7450,192,stage1_annotation,annotation,34476,L3_GGGCTACAGAGGGCGA
DeepSeekBackend,deepseek-v4-flash,deepseek,1118,1966,3084,0,1858,,,1785131875.903241,1,4,success,False,22337,437,stage1_annotation,annotation,117758,E2L5_CCTGCATTCGTCGGGT
DeepSeekBackend,deepseek-v4-flash,deepseek,1123,1089,2212,0,1086,,,1785131876.7608275,1,4,success,False,11493,4,stage1_annotation,annotation,49141,L4_TATACCTGTAGATGTA
DeepSeekBackend,deepseek-v4-flash,deepseek,1129,1375,2504,0,1273,,,1785131877.131547,1,4,success,False,14124,321,stage1_annotation,annotation,29212,L3_ATCACAGGTTGTAGCT
DeepSeekBackend,deepseek-v4-flash,deepseek,1126,758,1884,0,754,,,1785131878.0717318,1,4,success,False,8568,7,stage1_annotation,annotation,70951,E2L1_CCCGGAATCGTGACTA
DeepSeekBackend,deepseek-v4-flash,deepseek,1125,2380,3505,0,2285,,,1785131878.2975352,1,4,success,False,26272,360,stage1_annotation,annotation,6012,L1_CTCCCAAAGAGTCGAC
DeepSeekBackend,deepseek-v4-flash,deepseek,1125,2569,3694,0,2462,,,1785131878.7620091,1,4,success,False,26763,381,stage1_annotation,annotation,81942,E2L2_CAGTGCGGTATGAGCG
DeepSeekBackend,deepseek-v4-flash,deepseek,1119,1661,2780,0,1658,,,1785131879.6046207,1,4,success,False,16976,3,stage1_annotation,annotation,18049,L2_CCACTTGAGTACAGCG
DeepSeekBackend,deepseek-v4-flash,deepseek,1127,287,1414,0,285,,,1785131880.4545515,1,4,success,False,3687,2,stage1_annotation,annotation,6614,L1_GAAACCTTCGCCAACG
DeepSeekBackend,deepseek-v4-flash,deepseek,1129,1488,2617,0,1421,,,1785131880.8557456,1,4,success,False,16161,224,stage1_annotation,annotation,99686,E2L3_TCCCACAGTGAGTAGC
DeepSeekBackend,deepseek-v4-flash,deepseek,1131,184,1315,0,182,,,1785131880.932509,1,4,success,False,2854,2,stage1_annotation,annotation,84815,E2L2_GATCATGGTAACGGTG
DeepSeekBackend,deepseek-v4-flash,deepseek,1118,1759,2877,0,1690,,,1785131881.4732578,1,4,success,False,17928,256,stage1_annotation,annotation,17078,L2_CAAGACTTCAAGAGTA
DeepSeekBackend,deepseek-v4-flash,deepseek,1127,289,1416,0,287,,,1785131881.6541069,1,4,success,False,3351,2,stage1_annotation,annotation,96706,E2L3_GCAGGCTAGGTTGACG
DeepSeekBackend,deepseek-v4-flash,deepseek,1118,1752,2870,0,1697,,,1785131881.8798594,1,4,success,False,17839,148,stage1_annotation,annotation,59130,L5_CTGGACGCAGTAACGG
DeepSeekBackend,deepseek-v4-flash,deepseek,1140,677,1817,0,590,,,1785131882.8998995,1,4,success,False,7291,292,stage1_annotation,annotation,9197,L1_GTCCTCAGTGTTTACG
DeepSeekBackend,deepseek-v4-flash,deepseek,1117,330,1447,0,264,,,1785131883.98184,1,4,success,False,4371,234,stage1_annotation,annotation,122322,E2L5_TACGGGCGTGACTAAA
DeepSeekBackend,deepseek-v4-flash,deepseek,1129,271,1400,0,215,,,1785131884.0779011,1,4,success,False,3140,174,stage1_annotation,annotation,82617,E2L2_CCGGGTACATGACAGG
DeepSeekBackend,deepseek-v4-flash,deepseek,1134,1074,2208,0,1071,,,1785131884.3490412,1,4,success,False,11217,4,stage1_annotation,annotation,144073,E2L7_GAGTTACGTAATACCC
DeepSeekBackend,deepseek-v4-flash,deepseek,1112,2116,3228,0,2044,,,1785131884.5021696,1,4,success,False,21095,257,stage1_annotation,annotation,61838,L5_GTACAACGTACTGCGC
DeepSeekBackend,deepseek-v4-flash,deepseek,1128,455,1583,0,453,,,1785131884.510553,1,4,success,False,5740,2,stage1_annotation,annotation,80854,E2L2_ATCCGTCGTTGCAAGG
DeepSeekBackend,deepseek-v4-flash,deepseek,1127,926,2053,0,860,,,1785131885.2186573,1,4,success,False,9761,250,stage1_annotation,annotation,92254,E2L3_AGGCATTCAAGCGAAC
DeepSeekBackend,deepseek-v4-flash,deepseek,1126,765,1891,0,680,,,1785131885.3533359,1,4,success,False,8215,236,stage1_annotation,annotation,25257,L2_TGATTTCAGTGAGGCT
DeepSeekBackend,deepseek-v4-flash,deepseek,1117,1446,2563,0,1356,,,1785131885.5257092,1,4,success,False,16128,307,stage1_annotation,annotation,39947,L4_ACAGAAATCCATGCAA
DeepSeekBackend,deepseek-v4-flash,deepseek,1123,195,1318,0,193,,,1785131885.673557,1,4,success,False,2763,2,stage1_annotation,annotation,117094,E2L5_CATTCCGCACTCTAGA
DeepSeekBackend,deepseek-v4-flash,deepseek,1125,1062,2187,0,1012,,,1785131886.350054,1,4,success,False,11119,137,stage1_annotation,annotation,42278,L4_ATTGGGTAGCGAGGAG
DeepSeekBackend,deepseek-v4-flash,deepseek,1123,2407,3530,0,2299,,,1785131886.7340066,1,4,success,False,24110,385,stage1_annotation,annotation,106770,E2L4_CTCAATTAGAAACTCA
DeepSeekBackend,deepseek-v4-flash,deepseek,1122,459,1581,0,407,,,1785131887.1523364,1,4,success,False,5672,180,stage1_annotation,annotation,19992,L2_CTTCCTTGTGCATGAG
DeepSeekBackend,deepseek-v4-flash,deepseek,1132,1418,2550,0,1356,,,1785131887.5724692,1,4,success,False,14642,192,stage1_annotation,annotation,149109,E2L7_TTCACCGTCCGCAAAT
DeepSeekBackend,deepseek-v4-flash,deepseek,1125,1449,2574,0,1354,,,1785131887.5864236,1,4,success,False,16117,302,stage1_annotation,annotation,14428,L2_AATGGAATCCCAGTGG
DeepSeekBackend,deepseek-v4-flash,deepseek,1124,541,1665,0,465,,,1785131887.7296407,1,4,success,False,6070,256,stage1_annotation,annotation,87474,E2L2_TAGACTGAGTCTGTAC
DeepSeekBackend,deepseek-v4-flash,deepseek,1130,263,1393,0,197,,,1785131887.864271,1,4,success,False,3778,224,stage1_annotation,annotation,84175,E2L2_CTTGATTAGTTGGACG
DeepSeekBackend,deepseek-v4-flash,deepseek,1122,664,1786,0,606,,,1785131887.9316888,1,4,success,False,7069,168,stage1_annotation,annotation,136872,E2L6_TTACAGGTCGAGAAGC
DeepSeekBackend,deepseek-v4-flash,deepseek,1125,249,1374,0,247,,,1785131888.1301913,1,4,success,False,3615,2,stage1_annotation,annotation,2631,L1_ATCACTTTCACGGGAA
DeepSeekBackend,deepseek-v4-flash,deepseek,1125,363,1488,0,361,,,1785131889.631714,1,4,success,False,4402,2,stage1_annotation,annotation,143854,E2L7_GACTGATGTGTCTAAC
DeepSeekBackend,deepseek-v4-flash,deepseek,1120,528,1648,0,445,,,1785131890.007839,1,4,success,False,6016,279,stage1_annotation,annotation,157111,E2L8_GGGATGAGTTGGGTTT
DeepSeekBackend,deepseek-v4-flash,deepseek,1121,308,1429,0,229,,,1785131890.3704312,1,4,success,False,4009,244,stage1_annotation,annotation,20996,L2_GCACGGTAGAGCAGCT
DeepSeekBackend,deepseek-v4-flash,deepseek,1133,798,1931,0,730,,,1785131890.6477652,1,4,success,False,8761,250,stage1_annotation,annotation,110134,E2L4_GTTGCTCCACACCAGC
DeepSeekBackend,deepseek-v4-flash,deepseek,1120,1072,2192,0,1070,,,1785131891.6911159,1,4,success,False,11230,2,stage1_annotation,annotation,63159,L5_TACCCGTCAGCGCGTT
DeepSeekBackend,deepseek-v4-flash,deepseek,1127,331,1458,0,275,,,1785131892.0021152,1,4,success,False,4128,181,stage1_annotation,annotation,14442,L2_AATGGCTGTCAAAGTA
DeepSeekBackend,deepseek-v4-flash,deepseek,1130,433,1563,0,368,,,1785131892.2176921,1,4,success,False,5469,205,stage1_annotation,annotation,1215,L1_ACGTCCTCAATCCTTT
DeepSeekBackend,deepseek-v4-flash,deepseek,1136,503,1639,0,497,,,1785131893.0899715,1,4,success,False,5505,16,stage1_annotation,annotation,106989,E2L4_CTCTCAGGTGACTGAG
DeepSeekBackend,deepseek-v4-flash,deepseek,1129,381,1510,0,300,,,1785131893.3991833,1,4,success,False,3757,250,stage1_annotation,annotation,104936,E2L4_CACGAATGTAGTCGTT
DeepSeekBackend,deepseek-v4-flash,deepseek,1137,520,1657,0,422,,,1785131893.4634073,1,4,success,False,5517,296,stage1_annotation,annotation,140004,E2L7_ATCATTCCAATGCAGG
DeepSeekBackend,deepseek-v4-flash,deepseek,1117,692,1809,0,598,,,1785131893.678065,1,4,success,False,8143,291,stage1_annotation,annotation,36977,L3_TCCTTTCTCGACTCCT
DeepSeekBackend,deepseek-v4-flash,deepseek,1125,1730,2855,0,1727,,,1785131894.4317694,1,4,success,False,18522,3,stage1_annotation,annotation,25377,L2_TGCGACGAGATTCGAA
DeepSeekBackend,deepseek-v4-flash,deepseek,1119,674,1793,0,542,,,1785131894.4952953,1,4,success,False,7333,441,stage1_annotation,annotation,2389,L1_AGTGACTTCGCTGATA
DeepSeekBackend,deepseek-v4-flash,deepseek,1129,940,2069,0,863,,,1785131894.901438,1,4,success,False,10541,278,stage1_annotation,annotation,59405,L5_CTTGAGAAGCAATAAC
DeepSeekBackend,deepseek-v4-flash,deepseek,1121,832,1953,0,745,,,1785131895.0131872,1,4,success,False,9650,309,stage1_annotation,annotation,103051,E2L4_ACTCTCGAGGTTGAGC
DeepSeekBackend,deepseek-v4-flash,deepseek,1116,1008,2124,0,943,,,1785131895.466539,1,4,success,False,10942,191,stage1_annotation,annotation,103140,E2L4_ACTTCGCCAAGCGCAA
DeepSeekBackend,deepseek-v4-flash,deepseek,1124,2155,3279,0,2152,,,1785131896.346089,1,4,success,False,21827,3,stage1_annotation,annotation,34742,L3_GGTTCTCTCAACGAGG
DeepSeekBackend,deepseek-v4-flash,deepseek,1124,400,1524,0,313,,,1785131896.5900486,1,4,success,False,4577,255,stage1_annotation,annotation,37388,L3_TGAATGCGTTGCATTG
DeepSeekBackend,deepseek-v4-flash,deepseek,1129,341,1470,0,273,,,1785131896.7365706,1,4,success,False,3635,227,stage1_annotation,annotation,29638,L3_ATTACCTTCCATTGGA
DeepSeekBackend,deepseek-v4-flash,deepseek,1126,602,1728,0,596,,,1785131897.0247061,1,4,success,False,7007,16,stage1_annotation,annotation,22522,L2_GTCATTTTCTCATGCC
DeepSeekBackend,deepseek-v4-flash,deepseek,1138,841,1979,0,763,,,1785131897.587072,1,4,success,False,7203,261,stage1_annotation,annotation,126863,E2L6_AGACAGGCACATAGCT
DeepSeekBackend,deepseek-v4-flash,deepseek,1113,494,1607,0,397,,,1785131897.6158109,1,4,success,False,5387,360,stage1_annotation,annotation,100010,E2L3_TCGGTCTGTCGCTCGA
DeepSeekBackend,deepseek-v4-flash,deepseek,1117,990,2107,0,984,,,1785131898.4890656,1,4,success,False,10892,16,stage1_annotation,annotation,3307,L1_ATTTCACTCACAAGGG
DeepSeekBackend,deepseek-v4-flash,deepseek,1127,503,1630,0,501,,,1785131899.1532266,1,4,success,False,5678,2,stage1_annotation,annotation,127381,E2L6_AGGTAGGAGTGCACCC
DeepSeekBackend,deepseek-v4-flash,deepseek,1123,1045,2168,0,965,,,1785131899.3749282,1,4,success,False,11234,255,stage1_annotation,annotation,74399,E2L1_GTAACACCAACACGTT
DeepSeekBackend,deepseek-v4-flash,deepseek,1125,377,1502,0,375,,,1785131899.513033,1,4,success,False,4600,2,stage1_annotation,annotation,148264,E2L7_TGATGGTTCACGGTCG
DeepSeekBackend,deepseek-v4-flash,deepseek,1125,489,1614,0,386,,,1785131899.5262287,1,4,success,False,5837,381,stage1_annotation,annotation,92257,E2L3_AGGCATTGTGAACGGT
DeepSeekBackend,deepseek-v4-flash,deepseek,1125,287,1412,0,215,,,1785131900.6043694,1,4,success,False,3565,221,stage1_annotation,annotation,112086,E2L4_TGCAGGCAGAAGCCTG
DeepSeekBackend,deepseek-v4-flash,deepseek,1124,383,1507,0,321,,,1785131901.350767,1,4,success,False,4990,236,stage1_annotation,annotation,125101,E2L5_TTGAGTGCAGAAATTG
DeepSeekBackend,deepseek-v4-flash,deepseek,1133,685,1818,0,588,,,1785131901.9632645,1,4,success,False,7455,326,stage1_annotation,annotation,135600,E2L6_TCGATTTCACCTAAAC
DeepSeekBackend,deepseek-v4-flash,deepseek,1134,660,1794,0,582,,,1785131903.0490122,1,4,success,False,7572,241,stage1_annotation,annotation,85491,E2L2_GGAACCCGTTCTCCCA
DeepSeekBackend,deepseek-v4-flash,deepseek,1131,459,1590,0,457,,,1785131904.2705731,1,4,success,False,5106,2,stage1_annotation,annotation,116682,E2L5_CAGATACAGATAGCAT
DeepSeekBackend,deepseek-v4-flash,deepseek,1131,705,1836,0,699,,,1785131904.792258,1,4,success,False,8044,13,stage1_annotation,annotation,117572,E2L5_CCGTGAGGTGTGGTCC
DeepSeekBackend,deepseek-v4-flash,deepseek,1131,327,1458,0,254,,,1785131904.921038,1,4,success,False,3560,228,stage1_annotation,annotation,7430,L1_GATGCTATCCTGTACC
DeepSeekBackend,deepseek-v4-flash,deepseek,1129,206,1335,0,201,,,1785131904.9295716,1,4,success,False,2955,11,stage1_annotation,annotation,154894,E2L8_CTCAGTCCAGACGATG
DeepSeekBackend,deepseek-v4-flash,deepseek,1133,206,1339,0,201,,,1785131905.445559,1,4,success,False,2384,11,stage1_annotation,annotation,24314,L2_TCCATCGCATCGGAAG
DeepSeekBackend,deepseek-v4-flash,deepseek,1126,958,2084,0,883,,,1785131905.502455,1,4,success,False,10480,266,stage1_annotation,annotation,19277,L2_CTACTATGTGATCATC
DeepSeekBackend,deepseek-v4-flash,deepseek,1125,790,1915,0,787,,,1785131905.6095579,1,4,success,False,9009,3,stage1_annotation,annotation,35841,L3_TACAGGTGTAGTTACC
DeepSeekBackend,deepseek-v4-flash,deepseek,1134,1436,2570,0,1348,,,1785131906.3935413,1,4,success,False,15733,298,stage1_annotation,annotation,156959,E2L8_GGCAGTCAGAATCGAT
DeepSeekBackend,deepseek-v4-flash,deepseek,1130,144,1274,0,139,,,1785131906.897673,1,4,success,False,1955,11,stage1_annotation,annotation,101868,E2L3_TTTGGAGCACCAGGTC
DeepSeekBackend,deepseek-v4-flash,deepseek,1140,1847,2987,0,1779,,,1785131907.01143,1,4,success,False,19269,250,stage1_annotation,annotation,144019,E2L7_GAGTCATAGGTTTGAA
DeepSeekBackend,deepseek-v4-flash,deepseek,1130,229,1359,0,224,,,1785131907.6795325,1,4,success,False,2874,11,stage1_annotation,annotation,10112,L1_TACCTCGCAAAGGCTG
DeepSeekBackend,deepseek-v4-flash,deepseek,1129,249,1378,0,165,,,1785131907.8002067,1,4,success,False,2865,263,stage1_annotation,annotation,57480,L5_CCGTGAGAGATGCTAA
DeepSeekBackend,deepseek-v4-flash,deepseek,1122,838,1960,0,779,,,1785131908.2737322,1,4,success,False,8750,177,stage1_annotation,annotation,130605,E2L6_CTAGACACAGGCGTTC
DeepSeekBackend,deepseek-v4-flash,deepseek,1124,762,1886,0,760,,,1785131908.2777047,1,4,success,False,8893,2,stage1_annotation,annotation,18575,L2_CCTTGTGTCTTCGATT
DeepSeekBackend,deepseek-v4-flash,deepseek,1127,215,1342,0,139,,,1785131908.4893696,1,4,success,False,2976,258,stage1_annotation,annotation,70469,E2L1_CAGTTCCGTTATTCCT
DeepSeekBackend,deepseek-v4-flash,deepseek,1133,313,1446,0,308,,,1785131908.9199076,1,4,success,False,3298,11,stage1_annotation,annotation,14967,L2_ACTATCTGTTCGGCGT
DeepSeekBackend,deepseek-v4-flash,deepseek,1127,417,1544,0,327,,,1785131908.9811056,1,4,success,False,4699,290,stage1_annotation,annotation,114465,E2L5_ACGTAGTCAGGCTACC
DeepSeekBackend,deepseek-v4-flash,deepseek,1129,991,2120,0,915,,,1785131909.0370367,1,4,success,False,10536,244,stage1_annotation,annotation,154549,E2L8_CGTGAATTCACTCTTA
DeepSeekBackend,deepseek-v4-flash,deepseek,1139,183,1322,0,178,,,1785131909.187589,1,4,success,False,2278,11,stage1_annotation,annotation,160550,E2L8_TGGATGTTCCACGTCT
DeepSeekBackend,deepseek-v4-flash,deepseek,1123,335,1458,0,330,,,1785131909.227476,1,4,success,False,3770,11,stage1_annotation,annotation,59073,L5_CTGCCTAGTGTTTACG
DeepSeekBackend,deepseek-v4-flash,deepseek,1133,315,1448,0,240,,,1785131910.0028608,1,4,success,False,3597,240,stage1_annotation,annotation,29294,L3_ATCCCTGAGGGCAGTT
DeepSeekBackend,deepseek-v4-flash,deepseek,1136,1176,2312,0,1130,,,1785131910.743722,1,4,success,False,13146,118,stage1_annotation,annotation,135164,E2L6_TCAGTTTAGTACTCGT
DeepSeekBackend,deepseek-v4-flash,deepseek,1124,208,1332,0,203,,,1785131911.1783874,1,4,success,False,2886,11,stage1_annotation,annotation,26213,L2_TTCATGTAGGAAGAAC
DeepSeekBackend,deepseek-v4-flash,deepseek,1128,293,1421,0,215,,,1785131911.3641944,1,4,success,False,3674,228,stage1_annotation,annotation,79075,E2L2_AATGCCAAGTATCCTG
DeepSeekBackend,deepseek-v4-flash,deepseek,1128,250,1378,0,245,,,1785131911.4555538,1,4,success,False,2954,11,stage1_annotation,annotation,46191,L4_GATGAGGTCTCGGTAA
DeepSeekBackend,deepseek-v4-flash,deepseek,1126,216,1342,0,158,,,1785131911.5929158,1,4,success,False,2544,176,stage1_annotation,annotation,125841,E2L6_AAGACTCTCAACGCTA
DeepSeekBackend,deepseek-v4-flash,deepseek,1130,301,1431,0,232,,,1785131911.6256025,1,4,success,False,3337,238,stage1_annotation,annotation,51658,L4_TTCAATCAGGCTTCCG
DeepSeekBackend,deepseek-v4-flash,deepseek,1125,398,1523,0,327,,,1785131911.6446102,1,4,success,False,4623,232,stage1_annotation,annotation,516,L1_AAGTACCGTGAGGAAA
DeepSeekBackend,deepseek-v4-flash,deepseek,1125,256,1381,0,251,,,1785131912.0352128,1,4,success,False,3105,11,stage1_annotation,annotation,5296,L1_CGGAACCTCCGTGGGT
DeepSeekBackend,deepseek-v4-flash,deepseek,1135,261,1396,0,258,,,1785131912.7716055,1,4,success,False,2758,8,stage1_annotation,annotation,95604,E2L3_CTGATCCGTCGCACAC
DeepSeekBackend,deepseek-v4-flash,deepseek,1126,2554,3680,0,2450,,,1785131912.8224707,1,4,success,False,27135,311,stage1_annotation,annotation,133540,E2L6_GTAGTACTCATTACGG
DeepSeekBackend,deepseek-v4-flash,deepseek,1133,186,1319,0,127,,,1785131913.2468746,1,4,success,False,1868,189,stage1_annotation,annotation,68220,E2L1_ACTGATGTCTTCGATT
DeepSeekBackend,deepseek-v4-flash,deepseek,1128,368,1496,0,286,,,1785131913.4749348,1,4,success,False,4480,289,stage1_annotation,annotation,47256,L4_GGGCGTTCAAATACGA
DeepSeekBackend,deepseek-v4-flash,deepseek,1133,278,1411,0,211,,,1785131913.6386428,1,4,success,False,2886,223,stage1_annotation,annotation,117904,E2L5_CGATCGGGTAGCGTTT
DeepSeekBackend,deepseek-v4-flash,deepseek,1120,162,1282,0,100,,,1785131913.643844,1,4,success,False,2008,188,stage1_annotation,annotation,158089,E2L8_GTGGTTAGTTGCACGC
DeepSeekBackend,deepseek-v4-flash,deepseek,1124,218,1342,0,161,,,1785131913.7512305,1,4,success,False,2286,190,stage1_annotation,annotation,118277,E2L5_CGTTAGATCTGAGGCC
DeepSeekBackend,deepseek-v4-flash,deepseek,1126,235,1361,0,166,,,1785131913.8024876,1,4,success,False,2614,201,stage1_annotation,annotation,67405,E2L1_AAGAACACATAATCGC
DeepSeekBackend,deepseek-v4-flash,deepseek,1129,236,1365,0,180,,,1785131913.8973398,1,4,success,False,2293,180,stage1_annotation,annotation,137357,E2L6_TTGCTGCCAGCCCACA
DeepSeekBackend,deepseek-v4-flash,deepseek,1128,610,1738,0,515,,,1785131914.2374203,1,4,success,False,6421,318,stage1_annotation,annotation,127796,E2L6_ATCACTTTCCGTGGCA
DeepSeekBackend,deepseek-v4-flash,deepseek,1116,2204,3320,0,2111,,,1785131914.3048935,1,4,success,False,22603,337,stage1_annotation,annotation,159860,E2L8_TCTACCGAGCTCGACC
DeepSeekBackend,deepseek-v4-flash,deepseek,1126,251,1377,0,199,,,1785131914.336664,1,4,success,False,2684,193,stage1_annotation,annotation,43383,L4_CCACACTAGTGATGGC
DeepSeekBackend,deepseek-v4-flash,deepseek,1123,164,1287,0,106,,,1785131914.919095,1,4,success,False,2073,183,stage1_annotation,annotation,83146,E2L2_CGGAATTTCGTGGACC
DeepSeekBackend,deepseek-v4-flash,deepseek,1125,138,1263,0,135,,,1785131915.2451925,1,4,success,False,1990,8,stage1_annotation,annotation,151355,E2L8_AGCGATTAGGTACATA
DeepSeekBackend,deepseek-v4-flash,deepseek,1126,191,1317,0,136,,,1785131915.2747924,1,4,success,False,2425,170,stage1_annotation,annotation,80288,E2L2_AGGCATTAGCCTTTCC
DeepSeekBackend,deepseek-v4-flash,deepseek,1121,1500,2621,0,1412,,,1785131915.3687632,1,4,success,False,15831,267,stage1_annotation,annotation,5157,L1_CGAGTTAGTGTACAGG
DeepSeekBackend,deepseek-v4-flash,deepseek,1127,251,1378,0,194,,,1785131916.2829368,1,4,success,False,2634,173,stage1_annotation,annotation,103375,E2L4_AGATCGTCAACAGCCC
DeepSeekBackend,deepseek-v4-flash,deepseek,1133,279,1412,0,228,,,1785131916.542262,1,4,success,False,3058,164,stage1_annotation,annotation,101431,E2L3_TTCTAGTAGAAGCGCT
DeepSeekBackend,deepseek-v4-flash,deepseek,1120,256,1376,0,193,,,1785131916.7459435,1,4,success,False,2933,211,stage1_annotation,annotation,61460,L5_GGGTATTTCCCTAGGG
DeepSeekBackend,deepseek-v4-flash,deepseek,1123,350,1473,0,293,,,1785131917.1037126,1,4,success,False,3449,180,stage1_annotation,annotation,98355,E2L3_GTGTGATAGGTTCAGG
DeepSeekBackend,deepseek-v4-flash,deepseek,1126,260,1386,0,206,,,1785131917.3962655,1,4,success,False,3051,195,stage1_annotation,annotation,17459,L2_CAGCAGCTCGCTAATG
DeepSeekBackend,deepseek-v4-flash,deepseek,1122,1688,2810,0,1685,,,1785131917.860898,1,4,success,False,17244,3,stage1_annotation,annotation,83172,E2L2_CGGAGAACACGGATCC
DeepSeekBackend,deepseek-v4-flash,deepseek,1129,558,1687,0,495,,,1785131917.9131103,1,4,success,False,5073,208,stage1_annotation,annotation,62837,L5_GTTGTAGCAAACGTGG
DeepSeekBackend,deepseek-v4-flash,deepseek,1128,2477,3605,0,2383,,,1785131918.223593,1,4,success,False,24811,314,stage1_annotation,annotation,21188,L2_GCCAGCATCGAGCCAC
DeepSeekBackend,deepseek-v4-flash,deepseek,1133,2351,3484,0,2348,,,1785131920.351921,1,4,success,False,25909,7,stage1_annotation,annotation,133682,E2L6_GTCCCATAGCCGGATA
DeepSeekBackend,deepseek-v4-flash,deepseek,1122,622,1744,0,573,,,1785131920.6170223,1,4,success,False,6299,163,stage1_annotation,annotation,20256,L2_GAATCGTCAAGTATCC
DeepSeekBackend,deepseek-v4-flash,deepseek,1140,438,1578,0,400,,,1785131920.7773168,1,4,success,False,5397,115,stage1_annotation,annotation,49809,L4_TCCCATGCACCTGCAG
DeepSeekBackend,deepseek-v4-flash,deepseek,1131,456,1587,0,375,,,1785131921.5337195,1,4,success,False,5240,309,stage1_annotation,annotation,79611,E2L2_ACGTTCCTCCCGAGGT
DeepSeekBackend,deepseek-v4-flash,deepseek,1132,792,1924,0,735,,,1785131923.4712965,1,4,success,False,8215,205,stage1_annotation,annotation,31678,L3_CGCCAGACAGCTGTCG
DeepSeekBackend,deepseek-v4-flash,deepseek,1130,878,2008,0,824,,,1785131924.2366188,1,4,success,False,10475,177,stage1_annotation,annotation,155038,E2L8_CTCGAGGGTAACATGA
DeepSeekBackend,deepseek-v4-flash,deepseek,1143,890,2033,0,847,,,1785131924.4950576,1,4,success,False,9205,183,stage1_annotation,annotation,52228,L4_TTTACGTCACTGGACC
DeepSeekBackend,deepseek-v4-flash,deepseek,1126,260,1386,0,208,,,1785131926.485879,1,4,success,False,3004,178,stage1_annotation,annotation,15093,L2_ACTTATCAGGTTAGTA
DeepSeekBackend,deepseek-v4-flash,deepseek,1130,610,1740,0,548,,,1785131926.5700257,1,4,success,False,6187,229,stage1_annotation,annotation,48510,L4_GTTCGCTTCGTTAGAC
DeepSeekBackend,deepseek-v4-flash,deepseek,1127,679,1806,0,591,,,1785131927.7219694,1,4,success,False,7281,317,stage1_annotation,annotation,48054,L4_GTCTAGAGTATAATGG
DeepSeekBackend,deepseek-v4-flash,deepseek,1125,883,2008,0,880,,,1785131928.4781244,1,4,success,False,8053,4,stage1_annotation,annotation,46657,L4_GCGATCGGTGTTCCTC
DeepSeekBackend,deepseek-v4-flash,deepseek,1115,784,1899,0,728,,,1785131928.664469,1,4,success,False,8229,172,stage1_annotation,annotation,8720,L1_GGTGGCTTCTGGCTGG
DeepSeekBackend,deepseek-v4-flash,deepseek,1139,770,1909,0,765,,,1785131929.1740403,1,4,success,False,8730,9,stage1_annotation,annotation,56779,L5_CATCGCTTCAAACGAA
DeepSeekBackend,deepseek-v4-flash,deepseek,1122,2103,3225,0,2039,,,1785131929.650969,1,4,success,False,20411,209,stage1_annotation,annotation,107081,E2L4_CTGCAGGTCGGACTGC
DeepSeekBackend,deepseek-v4-flash,deepseek,1118,707,1825,0,626,,,1785131931.1850615,1,4,success,False,6936,259,stage1_annotation,annotation,74797,E2L1_GTCTCACAGCTGTGCC
DeepSeekBackend,deepseek-v4-flash,deepseek,1132,1846,2978,0,1841,,,1785131932.7143598,1,4,success,False,18464,7,stage1_annotation,annotation,50541,L4_TGACCCTTCGAAGTGG
DeepSeekBackend,deepseek-v4-flash,deepseek,1126,1135,2261,0,1067,,,1785131933.3828318,1,4,success,False,11839,235,stage1_annotation,annotation,28558,L3_AGCCAGCTCCGATAGT
DeepSeekBackend,deepseek-v4-flash,deepseek,1119,1403,2522,0,1348,,,1785131934.077734,1,4,success,False,13449,188,stage1_annotation,annotation,62151,L5_GTCCTCACAAGATCCT
DeepSeekBackend,deepseek-v4-flash,deepseek,1124,1452,2576,0,1374,,,1785131935.1665373,1,4,success,False,14753,287,stage1_annotation,annotation,38456,L3_TTCACGCTCAAAGGTA
DeepSeekBackend,deepseek-v4-flash,deepseek,1129,1643,2772,0,1537,,,1785131936.908201,1,4,success,False,16117,344,stage1_annotation,annotation,57273,L5_CCCTCAAGTGCGTTTA
DeepSeekBackend,deepseek-v4-flash,deepseek,1122,2392,3514,0,2387,,,1785131938.2212036,1,4,success,False,24312,7,stage1_annotation,annotation,31255,L3_CCTACGTAGAAAGTCT
DeepSeekBackend,deepseek-v4-flash,deepseek,1119,2568,3687,0,2500,,,1785131940.453321,1,4,success,False,25524,267,stage1_annotation,annotation,54454,L5_AGCGCCAGTGGCTGCT
DeepSeekBackend,deepseek-v4-flash,deepseek,1123,4096,5219,0,4096,,,1785131940.58628,1,4,success,False,42959,0,stage1_annotation,annotation,95907,E2L3_CTTTCAATCGAGTGAG
DeepSeekBackend,deepseek-v4-flash,deepseek,1133,2133,3266,0,2055,,,1785131941.9428532,1,4,success,False,21550,271,stage1_annotation,annotation,52137,L4_TTGTGGACACGCGTCA
DeepSeekBackend,deepseek-v4-flash,deepseek,1129,2058,3187,0,2053,,,1785131942.3056045,1,4,success,False,21900,7,stage1_annotation,annotation,22185,L2_GGTTAACTCGGTCACG
DeepSeekBackend,deepseek-v4-flash,deepseek,1129,3947,5076,0,3944,,,1785131945.3979273,1,4,success,False,36198,7,stage1_annotation,annotation,55511,L5_ATGAGGGCAAACTCTG
DeepSeekBackend,deepseek-v4-flash,deepseek,1159,1850,3009,1024,1753,,,1785131958.6977959,1,4,success,False,18111,361,stage1_annotation,annotation,95907,E2L3_CTTTCAATCGAGTGAG
DeepSeekBackend,deepseek-v4-flash,deepseek,1127,194,1321,0,190,,,1785131961.3856862,1,4,success,False,2472,4,stage1_annotation,annotation,7747,L1_GCCAGCACAGCAGTTT
DeepSeekBackend,deepseek-v4-flash,deepseek,1131,225,1356,0,170,,,1785131961.5817945,1,4,success,False,2635,183,stage1_annotation,annotation,122898,E2L5_TCAGTTTTCCATAAGC
DeepSeekBackend,deepseek-v4-flash,deepseek,1131,278,1409,0,274,,,1785131962.1144216,1,4,success,False,3310,4,stage1_annotation,annotation,129612,E2L6_CCGAACGAGAGCCGAT
DeepSeekBackend,deepseek-v4-flash,deepseek,1126,298,1424,0,231,,,1785131962.1310647,1,4,success,False,3343,237,stage1_annotation,annotation,54594,L5_AGGAGGTCATCCTTCG
DeepSeekBackend,deepseek-v4-flash,deepseek,1127,238,1365,0,163,,,1785131962.1896186,1,4,success,False,3397,274,stage1_annotation,annotation,47612,L4_GTAAGTCGTCGCATGC
DeepSeekBackend,deepseek-v4-flash,deepseek,1122,305,1427,0,248,,,1785131962.5516925,1,4,success,False,3587,162,stage1_annotation,annotation,76907,E2L1_TCTTTGATCGTGGGTC
DeepSeekBackend,deepseek-v4-flash,deepseek,1122,324,1446,0,239,,,1785131962.5927927,1,4,success,False,3745,302,stage1_annotation,annotation,116590,E2L5_CACGTGGAGGAAAGGT
DeepSeekBackend,deepseek-v4-flash,deepseek,1127,319,1446,0,244,,,1785131962.7675917,1,4,success,False,3938,201,stage1_annotation,annotation,54448,L5_AGCGCCACAGGTCAAG
DeepSeekBackend,deepseek-v4-flash,deepseek,1127,339,1466,0,275,,,1785131963.0221765,1,4,success,False,4147,184,stage1_annotation,annotation,11118,L1_TCCCATGAGGAATGTT
DeepSeekBackend,deepseek-v4-flash,deepseek,1118,364,1482,0,307,,,1785131963.0307896,1,4,success,False,4277,172,stage1_annotation,annotation,56244,L5_CACAACATCGTGCGAC
DeepSeekBackend,deepseek-v4-flash,deepseek,1127,441,1568,0,368,,,1785131963.069066,1,4,success,False,4113,233,stage1_annotation,annotation,84449,E2L2_GACCCTTAGGCACTAG
DeepSeekBackend,deepseek-v4-flash,deepseek,1128,433,1561,0,343,,,1785131963.2448294,1,4,success,False,4391,313,stage1_annotation,annotation,11291,L1_TCGAAGTCAACCTAAC
DeepSeekBackend,deepseek-v4-flash,deepseek,1126,498,1624,0,423,,,1785131963.6199176,1,4,success,False,4855,282,stage1_annotation,annotation,30351,L3_CAGATCATCACTTATC
DeepSeekBackend,deepseek-v4-flash,deepseek,1119,476,1595,0,472,,,1785131963.9810297,1,4,success,False,5030,4,stage1_annotation,annotation,127899,E2L6_ATCGATGAGCTAATGA
DeepSeekBackend,deepseek-v4-flash,deepseek,1122,528,1650,0,441,,,1785131964.0382786,1,4,success,False,5151,298,stage1_annotation,annotation,152675,E2L8_CAACAGTCAGGATTCT
DeepSeekBackend,deepseek-v4-flash,deepseek,1122,618,1740,0,546,,,1785131964.2900975,1,4,success,False,5449,202,stage1_annotation,annotation,6356,L1_CTGTAGAAGACCGCCT
DeepSeekBackend,deepseek-v4-flash,deepseek,1119,660,1779,0,601,,,1785131964.6210835,1,4,success,False,5821,185,stage1_annotation,annotation,126684,E2L6_ACTGTGATCCACGGAC
DeepSeekBackend,deepseek-v4-flash,deepseek,1121,262,1383,0,183,,,1785131965.572827,1,4,success,False,2795,248,stage1_annotation,annotation,76731,E2L1_TCGTGGGTCTCAACGA
DeepSeekBackend,deepseek-v4-flash,deepseek,1127,470,1597,0,412,,,1785131965.9112637,1,4,success,False,4514,168,stage1_annotation,annotation,40896,L4_AGCCAGCCATACTGAC
DeepSeekBackend,deepseek-v4-flash,deepseek,1133,685,1818,0,597,,,1785131966.015053,1,4,success,False,7152,342,stage1_annotation,annotation,79136,E2L2_ACAAAGAAGTTCCGTA
DeepSeekBackend,deepseek-v4-flash,deepseek,1122,234,1356,0,151,,,1785131966.494438,1,4,success,False,3458,251,stage1_annotation,annotation,126443,E2L6_ACGCACGAGAGGGCGA
DeepSeekBackend,deepseek-v4-flash,deepseek,1124,505,1629,0,419,,,1785131966.9225175,1,4,success,False,5330,282,stage1_annotation,annotation,154468,E2L8_CGGTCAGGTGGACTGA
DeepSeekBackend,deepseek-v4-flash,deepseek,1117,448,1565,0,359,,,1785131966.9516199,1,4,success,False,4753,313,stage1_annotation,annotation,26244,L2_TTCATTGTCTCCATAT
DeepSeekBackend,deepseek-v4-flash,deepseek,1119,787,1906,0,783,,,1785131967.1180668,1,4,success,False,8192,4,stage1_annotation,annotation,63636,L5_TATTGCTAGGGCTTCC
DeepSeekBackend,deepseek-v4-flash,deepseek,1120,417,1537,0,329,,,1785131967.1507218,1,4,success,False,4546,291,stage1_annotation,annotation,13495,L1_TTGTGTTTCTTCACGC
DeepSeekBackend,deepseek-v4-flash,deepseek,1116,333,1449,0,329,,,1785131967.7049804,1,4,success,False,3653,4,stage1_annotation,annotation,71815,E2L1_CGTTCTGGTAACGCGA
DeepSeekBackend,deepseek-v4-flash,deepseek,1120,363,1483,0,359,,,1785131968.253937,1,4,success,False,3951,4,stage1_annotation,annotation,159767,E2L8_TCGGGTGAGCATTGTC
DeepSeekBackend,deepseek-v4-flash,deepseek,1125,558,1683,0,490,,,1785131968.4880104,1,4,success,False,5409,229,stage1_annotation,annotation,149862,E2L8_AAAGTGACAAGTGCAG
DeepSeekBackend,deepseek-v4-flash,deepseek,1128,979,2107,0,923,,,1785131968.6427824,1,4,success,False,9702,177,stage1_annotation,annotation,127869,E2L6_ATCCGTCCATCCGTTC
DeepSeekBackend,deepseek-v4-flash,deepseek,1135,586,1721,0,504,,,1785131968.9141946,1,4,success,False,6770,290,stage1_annotation,annotation,127721,E2L6_ATAGAGAGTATGGAAT
DeepSeekBackend,deepseek-v4-flash,deepseek,1123,534,1657,0,456,,,1785131969.0886545,1,4,success,False,5455,282,stage1_annotation,annotation,59182,L5_CTGTACCAGTGCTACT
DeepSeekBackend,deepseek-v4-flash,deepseek,1129,395,1524,0,290,,,1785131969.1607714,1,4,success,False,4517,354,stage1_annotation,annotation,115008,E2L5_AGCGCCAAGGTTATAG
DeepSeekBackend,deepseek-v4-flash,deepseek,1127,968,2095,0,887,,,1785131972.6315377,1,4,success,False,10507,266,stage1_annotation,annotation,80805,E2L2_ATCATTCAGGCAGGTT
DeepSeekBackend,deepseek-v4-flash,deepseek,1127,830,1957,0,727,,,1785131973.070805,1,4,success,False,9078,374,stage1_annotation,annotation,113531,E2L5_AAAGTCCTCGACGTCG
DeepSeekBackend,deepseek-v4-flash,deepseek,1124,539,1663,0,487,,,1785131974.2005033,1,4,success,False,5546,175,stage1_annotation,annotation,11341,L1_TCGCACTAGCAATTCC
DeepSeekBackend,deepseek-v4-flash,deepseek,1128,838,1966,0,834,,,1785131974.3385937,1,4,success,False,8415,7,stage1_annotation,annotation,136562,E2L6_TGGGTTATCAATCAGC
DeepSeekBackend,deepseek-v4-flash,deepseek,1124,1286,2410,0,1229,,,1785131974.6969173,1,4,success,False,12134,160,stage1_annotation,annotation,108843,E2L4_GGCTGTGTCTGTTCAT
DeepSeekBackend,deepseek-v4-flash,deepseek,1124,655,1779,0,599,,,1785131974.7927012,1,4,success,False,7077,180,stage1_annotation,annotation,25458,L2_TGCTTCGCACGAAAGC
DeepSeekBackend,deepseek-v4-flash,deepseek,1119,926,2045,0,861,,,1785131975.5340176,1,4,success,False,9505,225,stage1_annotation,annotation,15077,L2_ACTGTGAGTGATACTC
DeepSeekBackend,deepseek-v4-flash,deepseek,1124,786,1910,0,719,,,1785131975.7277906,1,4,success,False,8597,230,stage1_annotation,annotation,37398,L3_TGACAGTCATCAGCTA
DeepSeekBackend,deepseek-v4-flash,deepseek,1123,1452,2575,0,1448,,,1785131977.6341774,1,4,success,False,14591,9,stage1_annotation,annotation,2382,L1_AGTGACTGTATTAAGG
DeepSeekBackend,deepseek-v4-flash,deepseek,1135,1296,2431,0,1219,,,1785131977.9141266,1,4,success,False,12327,223,stage1_annotation,annotation,117778,E2L5_CCTTCAGTCTGTCCGT
DeepSeekBackend,deepseek-v4-flash,deepseek,1127,1593,2720,0,1589,,,1785131978.9141426,1,4,success,False,15651,4,stage1_annotation,annotation,125619,E2L6_AAATGGACACTCATAG
DeepSeekBackend,deepseek-v4-flash,deepseek,1121,334,1455,0,263,,,1785131979.2507682,1,4,success,False,3705,310,stage1_annotation,annotation,141081,E2L7_CAGCACGGTACTGACT
DeepSeekBackend,deepseek-v4-flash,deepseek,1130,453,1583,0,342,,,1785131980.1384287,1,4,success,False,4398,345,stage1_annotation,annotation,77296,E2L1_TGCTTCGAGATCCAAA
DeepSeekBackend,deepseek-v4-flash,deepseek,1118,603,1721,0,531,,,1785131980.8849988,1,4,success,False,6673,214,stage1_annotation,annotation,42194,L4_ATTCAGGCACAGTACT
DeepSeekBackend,deepseek-v4-flash,deepseek,1124,973,2097,0,894,,,1785131982.4393127,1,4,success,False,9796,277,stage1_annotation,annotation,128937,E2L6_CAGCGTGAGTGGAATT
DeepSeekBackend,deepseek-v4-flash,deepseek,1118,669,1787,0,590,,,1785131982.5160952,1,4,success,False,8167,256,stage1_annotation,annotation,20303,L2_GACATCAGTCACCGCA
DeepSeekBackend,deepseek-v4-flash,deepseek,1137,366,1503,0,322,,,1785131983.131674,1,4,success,False,3868,132,stage1_annotation,annotation,116360,E2L5_CAACGGCCAAATGAGT
DeepSeekBackend,deepseek-v4-flash,deepseek,1112,1404,2516,0,1347,,,1785131983.1807454,1,4,success,False,14254,205,stage1_annotation,annotation,91936,E2L3_AGACTCAAGAATAGTC
DeepSeekBackend,deepseek-v4-flash,deepseek,1129,411,1540,0,303,,,1785131983.474798,1,4,success,False,4546,401,stage1_annotation,annotation,119270,E2L5_GAAGTAACATGACTAC
DeepSeekBackend,deepseek-v4-flash,deepseek,1126,616,1742,0,534,,,1785131983.479744,1,4,success,False,5833,313,stage1_annotation,annotation,127818,E2L6_ATCATTCGTGGTCTCG
DeepSeekBackend,deepseek-v4-flash,deepseek,1122,638,1760,0,578,,,1785131984.6042695,1,4,success,False,6679,187,stage1_annotation,annotation,93252,E2L3_ATTGGGTCATATGGCT
DeepSeekBackend,deepseek-v4-flash,deepseek,1130,1005,2135,0,927,,,1785131985.1105275,1,4,success,False,10309,245,stage1_annotation,annotation,6008,L1_CTCCATGCATCGGCCA
DeepSeekBackend,deepseek-v4-flash,deepseek,1128,465,1593,0,374,,,1785131985.312403,1,4,success,False,5159,358,stage1_annotation,annotation,108773,E2L4_GGAGGTATCGAGCCAC
DeepSeekBackend,deepseek-v4-flash,deepseek,1126,1639,2765,0,1572,,,1785131985.7748308,1,4,success,False,16605,216,stage1_annotation,annotation,122724,E2L5_TCACAAGTCCGCAAAT
DeepSeekBackend,deepseek-v4-flash,deepseek,1122,553,1675,0,463,,,1785131986.5549343,1,4,success,False,5656,290,stage1_annotation,annotation,98994,E2L3_TAGATCGGTTGACGGA
DeepSeekBackend,deepseek-v4-flash,deepseek,1120,1983,3103,0,1889,,,1785131987.2264812,1,4,success,False,18126,345,stage1_annotation,annotation,2467,L1_AGTTCCCAGCAGCCTC
DeepSeekBackend,deepseek-v4-flash,deepseek,1131,2167,3298,0,2091,,,1785131987.491668,1,4,success,False,20529,251,stage1_annotation,annotation,2582,L1_ATATCCTCATGCCATA
DeepSeekBackend,deepseek-v4-flash,deepseek,1122,193,1315,0,191,,,1785131987.6850877,1,4,success,False,2564,2,stage1_annotation,annotation,145011,E2L7_GGCTTTCCAAAGAGTT
DeepSeekBackend,deepseek-v4-flash,deepseek,1129,1572,2701,0,1505,,,1785131988.486069,1,4,success,False,15405,250,stage1_annotation,annotation,123003,E2L5_TCATGTTCAATCTCTT
DeepSeekBackend,deepseek-v4-flash,deepseek,1126,525,1651,0,445,,,1785131988.5621195,1,4,success,False,5075,253,stage1_annotation,annotation,12021,L1_TGATTCTAGAGAGTGA
DeepSeekBackend,deepseek-v4-flash,deepseek,1123,402,1525,0,357,,,1785131988.9613717,1,4,success,False,4347,154,stage1_annotation,annotation,132372,E2L6_GCATTAGAGGTAAGGA
DeepSeekBackend,deepseek-v4-flash,deepseek,1130,2314,3444,0,2257,,,1785131989.2841558,1,4,success,False,22775,183,stage1_annotation,annotation,31210,L3_CCGTGAGAGTTCCTGA
DeepSeekBackend,deepseek-v4-flash,deepseek,1126,489,1615,0,394,,,1785131989.4682841,1,4,success,False,6324,291,stage1_annotation,annotation,76846,E2L1_TCTGCCATCAGGTGTT
DeepSeekBackend,deepseek-v4-flash,deepseek,1140,632,1772,0,570,,,1785131989.5961437,1,4,success,False,7068,199,stage1_annotation,annotation,72587,E2L1_CTTTCGGTCCATGCAA
DeepSeekBackend,deepseek-v4-flash,deepseek,1128,752,1880,0,672,,,1785131990.3300722,1,4,success,False,6838,274,stage1_annotation,annotation,152972,E2L8_CACTAAGCAATTGTGC
DeepSeekBackend,deepseek-v4-flash,deepseek,1123,477,1600,0,412,,,1785131990.3366432,1,4,success,False,4555,188,stage1_annotation,annotation,129143,E2L6_CATCGGGTCCTTGAAG
DeepSeekBackend,deepseek-v4-flash,deepseek,1131,2557,3688,0,2487,,,1785131990.4257507,1,4,success,False,23491,245,stage1_annotation,annotation,20606,L2_GAGGGTACAGACATCT
DeepSeekBackend,deepseek-v4-flash,deepseek,1129,552,1681,0,485,,,1785131990.7400215,1,4,success,False,5416,208,stage1_annotation,annotation,123670,E2L5_TCTGCCAGTGTAAACA
DeepSeekBackend,deepseek-v4-flash,deepseek,1128,871,1999,0,812,,,1785131990.9803154,1,4,success,False,8525,189,stage1_annotation,annotation,125756,E2L6_AACGAAACAGTCTGGC
DeepSeekBackend,deepseek-v4-flash,deepseek,1135,2290,3425,0,2287,,,1785131991.5926402,1,4,success,False,23094,7,stage1_annotation,annotation,26150,L2_TTAGTCTTCTGGCCAG
DeepSeekBackend,deepseek-v4-flash,deepseek,1122,266,1388,0,207,,,1785131992.312489,1,4,success,False,2828,185,stage1_annotation,annotation,104739,E2L4_CAACGATGTATAGGAT
DeepSeekBackend,deepseek-v4-flash,deepseek,1120,490,1610,0,487,,,1785131993.1831703,1,4,success,False,5488,3,stage1_annotation,annotation,110377,E2L4_TACCCACTCGCGGTAC
DeepSeekBackend,deepseek-v4-flash,deepseek,1134,533,1667,0,475,,,1785131993.2657928,1,4,success,False,4694,163,stage1_annotation,annotation,81336,E2L2_ATTGTTCTCAGAATAG
DeepSeekBackend,deepseek-v4-flash,deepseek,1141,2507,3648,0,2437,,,1785131993.7200315,1,4,success,False,25455,287,stage1_annotation,annotation,41918,L4_ATGAAAGGTGTTTACG
DeepSeekBackend,deepseek-v4-flash,deepseek,1127,501,1628,0,407,,,1785131993.8802664,1,4,success,False,4585,324,stage1_annotation,annotation,108383,E2L4_GCCAGTGTCGGCATTA
DeepSeekBackend,deepseek-v4-flash,deepseek,1129,376,1505,0,307,,,1785131994.3422756,1,4,success,False,3906,206,stage1_annotation,annotation,73970,E2L1_GGCAGTCTCCCTCTTT
DeepSeekBackend,deepseek-v4-flash,deepseek,1127,637,1764,0,537,,,1785131994.4731638,1,4,success,False,5973,280,stage1_annotation,annotation,108715,E2L4_GGACGTCTCTGACCCT
DeepSeekBackend,deepseek-v4-flash,deepseek,1126,406,1532,0,342,,,1785131994.6341693,1,4,success,False,4291,171,stage1_annotation,annotation,1985,L1_AGGAGGTTCCACTGGG
DeepSeekBackend,deepseek-v4-flash,deepseek,1127,764,1891,0,695,,,1785131995.0398097,1,4,success,False,7803,232,stage1_annotation,annotation,73366,E2L1_GCACGGTCAAGGAGTC
DeepSeekBackend,deepseek-v4-flash,deepseek,1131,593,1724,0,535,,,1785131995.2668955,1,4,success,False,5656,170,stage1_annotation,annotation,47323,L4_GGGTCACTCAAGTGTC
DeepSeekBackend,deepseek-v4-flash,deepseek,1120,2106,3226,0,2101,,,1785131995.449426,1,4,success,False,20738,7,stage1_annotation,annotation,65735,L5_TGTAACGAGATGGGCT
DeepSeekBackend,deepseek-v4-flash,deepseek,1130,587,1717,0,534,,,1785131995.753093,1,4,success,False,5003,196,stage1_annotation,annotation,88572,E2L2_TCGTAGAAGATACATG
DeepSeekBackend,deepseek-v4-flash,deepseek,1121,279,1400,0,184,,,1785131996.4759007,1,4,success,False,3201,339,stage1_annotation,annotation,149440,E2L7_TTGCTGCCATACCACA
DeepSeekBackend,deepseek-v4-flash,deepseek,1123,624,1747,0,547,,,1785131996.486052,1,4,success,False,6137,242,stage1_annotation,annotation,73283,E2L1_GATTCGATCCTTCTAA
DeepSeekBackend,deepseek-v4-flash,deepseek,1127,795,1922,0,792,,,1785131997.1205757,1,4,success,False,8148,3,stage1_annotation,annotation,38153,L3_TGTGGCGAGATGAATC
DeepSeekBackend,deepseek-v4-flash,deepseek,1123,626,1749,0,574,,,1785131997.8915002,1,4,success,False,5567,143,stage1_annotation,annotation,5907,L1_CTCAGGGTCGAAGGAC
DeepSeekBackend,deepseek-v4-flash,deepseek,1126,431,1557,0,362,,,1785131998.2394366,1,4,success,False,4346,177,stage1_annotation,annotation,76864,E2L1_TCTGTCGTCAGTGGGA
DeepSeekBackend,deepseek-v4-flash,deepseek,1130,409,1539,0,322,,,1785131998.6033225,1,4,success,False,4250,249,stage1_annotation,annotation,66932,L5_TTTCACAGTCCTGGGT
DeepSeekBackend,deepseek-v4-flash,deepseek,1130,1524,2654,0,1424,,,1785131999.4063241,1,4,success,False,16214,368,stage1_annotation,annotation,139675,E2L7_AGTACCAAGCGTATAA
DeepSeekBackend,deepseek-v4-flash,deepseek,1133,3349,4482,0,3344,,,1785132000.9184713,1,4,success,False,33756,7,stage1_annotation,annotation,58805,L5_CTCCCAAAGCAGATAT
DeepSeekBackend,deepseek-v4-flash,deepseek,1122,1231,2353,0,1172,,,1785132001.5982418,1,4,success,False,10608,175,stage1_annotation,annotation,120147,E2L5_GCCAGTGTCACCTGTC
DeepSeekBackend,deepseek-v4-flash,deepseek,1120,1180,2300,0,1117,,,1785132005.093545,1,4,success,False,11361,170,stage1_annotation,annotation,44248,L4_CGCGTGATCAAACGAA
DeepSeekBackend,deepseek-v4-flash,deepseek,1122,1396,2518,0,1337,,,1785132007.0031564,1,4,success,False,13808,268,stage1_annotation,annotation,1707,L1_AGATCCACATCATGAC
DeepSeekBackend,deepseek-v4-flash,deepseek,1124,2307,3431,0,2304,,,1785132009.673685,1,4,success,False,22172,7,stage1_annotation,annotation,111086,E2L4_TCATGCCGTGGTCTAT
DeepSeekBackend,deepseek-v4-flash,deepseek,1116,2028,3144,0,1954,,,1785132010.3365622,1,4,success,False,18732,239,stage1_annotation,annotation,85210,E2L2_GCCATTCAGCAAGCCA
DeepSeekBackend,deepseek-v4-flash,deepseek,1123,3768,4891,0,3658,,,1785132025.0111175,1,4,success,False,38446,378,stage1_annotation,annotation,99875,E2L3_TCGAAGTCATGGCCCA
DeepSeekBackend,deepseek-v4-flash,deepseek,1133,260,1393,1024,184,,,1785135064.9305768,1,4,success,False,3240,227,stage1_annotation,annotation,87907,E2L2_TCAGCAAAGAACAAGG
DeepSeekBackend,deepseek-v4-flash,deepseek,1127,254,1381,1024,194,,,1785135065.0292976,1,4,success,False,3360,202,stage1_annotation,annotation,89523,E2L2_TGTACAGAGCGACTAG
DeepSeekBackend,deepseek-v4-flash,deepseek,1125,283,1408,1024,211,,,1785135065.2532256,1,4,success,False,3612,233,stage1_annotation,annotation,154256,E2L8_CGAGTTAAGCTCCATA
DeepSeekBackend,deepseek-v4-flash,deepseek,1130,273,1403,1024,200,,,1785135065.2678182,1,4,success,False,3593,255,stage1_annotation,annotation,25410,L2_TGCGGGTCACCCTCTA
DeepSeekBackend,deepseek-v4-flash,deepseek,1126,250,1376,1024,192,,,1785135065.3699253,1,4,success,False,3740,177,stage1_annotation,annotation,143579,E2L7_GAAGAATTCTATCGTT
DeepSeekBackend,deepseek-v4-flash,deepseek,1126,328,1454,1024,262,,,1785135065.598776,1,4,success,False,3992,205,stage1_annotation,annotation,98402,E2L3_GTTACAGGTTAGGAGC
DeepSeekBackend,deepseek-v4-flash,deepseek,1135,322,1457,1024,319,,,1785135065.7509766,1,4,success,False,4096,3,stage1_annotation,annotation,148054,E2L7_TGAATCGGTGGTGATG
DeepSeekBackend,deepseek-v4-flash,deepseek,1128,320,1448,1024,257,,,1785135066.0628717,1,4,success,False,4366,237,stage1_annotation,annotation,137078,E2L6_TTCCGGTAGTGTAGTA
DeepSeekBackend,deepseek-v4-flash,deepseek,1126,421,1547,1024,368,,,1785135066.3563285,1,4,success,False,4655,149,stage1_annotation,annotation,126676,E2L6_ACTGTGAAGAGTTCGG
DeepSeekBackend,deepseek-v4-flash,deepseek,1130,425,1555,1024,329,,,1785135066.5886898,1,4,success,False,4883,331,stage1_annotation,annotation,65516,L5_TGCTTGCCACGCGTCA
DeepSeekBackend,deepseek-v4-flash,deepseek,1126,461,1587,1024,407,,,1785135066.8504696,1,4,success,False,5189,168,stage1_annotation,annotation,14943,L2_ACGTTCCCAGGTCCGT
DeepSeekBackend,deepseek-v4-flash,deepseek,1128,433,1561,1024,374,,,1785135066.9392734,1,4,success,False,5227,184,stage1_annotation,annotation,109653,E2L4_GTCGAATGTGGTCTCG
DeepSeekBackend,deepseek-v4-flash,deepseek,1131,579,1710,1024,516,,,1785135067.7596745,1,4,success,False,6074,213,stage1_annotation,annotation,81561,E2L2_CAATCGAGTTGGGTAG
DeepSeekBackend,deepseek-v4-flash,deepseek,1135,597,1732,1024,523,,,1785135068.037058,1,4,success,False,6364,245,stage1_annotation,annotation,116772,E2L5_CAGGCCACATAACGGG
DeepSeekBackend,deepseek-v4-flash,deepseek,1128,625,1753,1024,539,,,1785135069.171387,1,4,success,False,7513,275,stage1_annotation,annotation,147689,E2L7_TCGCACTTCACTTCTA
DeepSeekBackend,deepseek-v4-flash,deepseek,1118,371,1489,1024,368,,,1785135070.4940126,1,4,success,False,4885,7,stage1_annotation,annotation,132238,E2L6_GCACATAGTGGATACG
DeepSeekBackend,deepseek-v4-flash,deepseek,1123,828,1951,1024,764,,,1785135070.6439629,1,4,success,False,9041,203,stage1_annotation,annotation,39262,L4_AACAAAGGTACGAAAT
DeepSeekBackend,deepseek-v4-flash,deepseek,1128,421,1549,1024,353,,,1785135071.665479,1,4,success,False,5065,214,stage1_annotation,annotation,44845,L4_CTCATTACAAGCCCAC
DeepSeekBackend,deepseek-v4-flash,deepseek,1124,501,1625,1024,397,,,1785135071.9873486,1,4,success,False,6723,375,stage1_annotation,annotation,16239,L2_ATCACGATCAGCTTGA
DeepSeekBackend,deepseek-v4-flash,deepseek,1126,593,1719,1024,590,,,1785135074.3160062,1,4,success,False,7948,7,stage1_annotation,annotation,91168,E2L3_AATTCCTCAGTCCCGA
DeepSeekBackend,deepseek-v4-flash,deepseek,1127,426,1553,1024,355,,,1785135074.6747751,1,4,success,False,5493,235,stage1_annotation,annotation,9912,L1_TAACTTCAGCTCAGAG
DeepSeekBackend,deepseek-v4-flash,deepseek,1133,746,1879,1024,672,,,1785135075.0847142,1,4,success,False,9012,253,stage1_annotation,annotation,37598,L3_TGATTTCCATTCTGTT
DeepSeekBackend,deepseek-v4-flash,deepseek,1123,770,1893,1024,667,,,1785135076.3267746,1,4,success,False,9465,385,stage1_annotation,annotation,114352,E2L5_ACCTGTCCACGCGCAT
DeepSeekBackend,deepseek-v4-flash,deepseek,1129,848,1977,1024,799,,,1785135077.2713735,1,4,success,False,10320,155,stage1_annotation,annotation,34925,L3_GTATTGGAGCCTGTCG
DeepSeekBackend,deepseek-v4-flash,deepseek,1127,801,1928,1024,734,,,1785135077.8861973,1,4,success,False,9838,225,stage1_annotation,annotation,78043,E2L1_TTCGATTTCCCAATAG
DeepSeekBackend,deepseek-v4-flash,deepseek,1129,1152,2281,1024,1076,,,1785135078.5868385,1,4,success,False,13548,249,stage1_annotation,annotation,129695,E2L6_CCGGTAGGTGGTCTAT
DeepSeekBackend,deepseek-v4-flash,deepseek,1123,1637,2760,1024,1580,,,1785135079.1875336,1,4,success,False,17532,181,stage1_annotation,annotation,132693,E2L6_GCTTGGGCAAGTGCAG
DeepSeekBackend,deepseek-v4-flash,deepseek,1120,749,1869,1024,746,,,1785135079.7964346,1,4,success,False,9133,7,stage1_annotation,annotation,157192,E2L8_GGGTAGATCTGGAAGG
DeepSeekBackend,deepseek-v4-flash,deepseek,1131,832,1963,1024,776,,,1785135081.1324465,1,4,success,False,9457,176,stage1_annotation,annotation,128449,E2L6_CAACAGTGTATCCTCC
DeepSeekBackend,deepseek-v4-flash,deepseek,1125,560,1685,1024,445,,,1785135081.2349885,1,4,success,False,6550,378,stage1_annotation,annotation,26617,L2_TTGGATGTCAGCTCTC
DeepSeekBackend,deepseek-v4-flash,deepseek,1128,1514,2642,1024,1511,,,1785135083.3643904,1,4,success,False,18087,8,stage1_annotation,annotation,147908,E2L7_TCTCACGGTCTAGGTT
DeepSeekBackend,deepseek-v4-flash,deepseek,1129,487,1616,1024,418,,,1785135083.5611145,1,4,success,False,5661,199,stage1_annotation,annotation,83842,E2L2_CTCTGGTCACGGCTAC
DeepSeekBackend,deepseek-v4-flash,deepseek,1123,1537,2660,1024,1534,,,1785135083.6438525,1,4,success,False,17883,14,stage1_annotation,annotation,122133,E2L5_TAATCTCCATAACGGG
DeepSeekBackend,deepseek-v4-flash,deepseek,1128,559,1687,1024,556,,,1785135084.1031241,1,4,success,False,6823,8,stage1_annotation,annotation,135908,E2L6_TCTGTCGTCGCTGTTC
DeepSeekBackend,deepseek-v4-flash,deepseek,1123,394,1517,1024,391,,,1785135084.2742474,1,4,success,False,5076,8,stage1_annotation,annotation,138823,E2L7_ACTATGGCAGCTGAAG
DeepSeekBackend,deepseek-v4-flash,deepseek,1129,1201,2330,1024,1198,,,1785135084.5897148,1,4,success,False,14084,8,stage1_annotation,annotation,98462,E2L3_GTTATGGCACCAACAT
DeepSeekBackend,deepseek-v4-flash,deepseek,1127,982,2109,1024,894,,,1785135086.33837,1,4,success,False,11241,287,stage1_annotation,annotation,72013,E2L1_CTCAAGACAATCTGCA
DeepSeekBackend,deepseek-v4-flash,deepseek,1127,2270,3397,1024,2211,,,1785135087.2965047,1,4,success,False,25625,187,stage1_annotation,annotation,18250,L2_CCGGACAAGTTGCGCC
DeepSeekBackend,deepseek-v4-flash,deepseek,1119,2280,3399,1024,2201,,,1785135088.8643863,1,4,success,False,27156,286,stage1_annotation,annotation,139354,E2L7_AGCTCAATCGCCTATC
DeepSeekBackend,deepseek-v4-flash,deepseek,1126,423,1549,1024,420,,,1785135089.4111147,1,4,success,False,5755,8,stage1_annotation,annotation,130769,E2L6_CTCATCGAGGATTTGA
DeepSeekBackend,deepseek-v4-flash,deepseek,1122,798,1920,1024,731,,,1785135090.3998528,1,4,success,False,10591,228,stage1_annotation,annotation,66327,L5_TTCCAATAGGTGGCTA
DeepSeekBackend,deepseek-v4-flash,deepseek,1131,2027,3158,1024,2024,,,1785135091.0788822,1,4,success,False,25698,8,stage1_annotation,annotation,93977,E2L3_CATGCAAGTCACCACG
DeepSeekBackend,deepseek-v4-flash,deepseek,1124,2541,3665,1024,2486,,,1785135091.6428416,1,4,success,False,29940,181,stage1_annotation,annotation,81589,E2L2_CACAACAGTGCAATAA
DeepSeekBackend,deepseek-v4-flash,deepseek,1127,1627,2754,1024,1624,,,1785135092.326762,1,4,success,False,20329,7,stage1_annotation,annotation,104820,E2L4_CAATCGATCTTCGTGC
DeepSeekBackend,deepseek-v4-flash,deepseek,1125,1619,2744,1024,1616,,,1785135093.062517,1,4,success,False,18735,7,stage1_annotation,annotation,79677,E2L2_ACTCTCGGTACAGTTC
DeepSeekBackend,deepseek-v4-flash,deepseek,1128,681,1809,1024,607,,,1785135093.4615433,1,4,success,False,9177,262,stage1_annotation,annotation,105380,E2L4_CATGCAATCCGTGCGA
DeepSeekBackend,deepseek-v4-flash,deepseek,1124,2293,3417,1024,2153,,,1785135093.8875012,1,4,success,False,28949,469,stage1_annotation,annotation,120045,E2L5_GCAGTTACAACGGCTC
DeepSeekBackend,deepseek-v4-flash,deepseek,1129,1096,2225,1024,1093,,,1785135094.6995008,1,4,success,False,13557,7,stage1_annotation,annotation,112953,E2L4_TTCCTTCCACTGCGAC
DeepSeekBackend,deepseek-v4-flash,deepseek,1128,386,1514,1024,383,,,1785135094.7207565,1,4,success,False,5842,8,stage1_annotation,annotation,153348,E2L8_CATCGGGTCCCAGTGG
DeepSeekBackend,deepseek-v4-flash,deepseek,1123,995,2118,1024,992,,,1785135095.167156,1,4,success,False,11051,8,stage1_annotation,annotation,139030,E2L7_AGAACAATCTAAGGAA
DeepSeekBackend,deepseek-v4-flash,deepseek,1120,963,2083,1024,960,,,1785135095.7588265,1,4,success,False,12181,8,stage1_annotation,annotation,75176,E2L1_GTTATGGAGTATGACA
DeepSeekBackend,deepseek-v4-flash,deepseek,1129,331,1460,1024,328,,,1785135096.0756252,1,4,success,False,4421,7,stage1_annotation,annotation,17489,L2_CAGGCCAAGTCAATCC
DeepSeekBackend,deepseek-v4-flash,deepseek,1123,251,1374,1024,248,,,1785135096.9092405,1,4,success,False,3836,7,stage1_annotation,annotation,98389,E2L3_GTGTTCCCAGACCAAG
DeepSeekBackend,deepseek-v4-flash,deepseek,1126,523,1649,1024,454,,,1785135097.3784876,1,4,success,False,6971,213,stage1_annotation,annotation,99957,E2L3_TCGCTTGAGTGATTCC
DeepSeekBackend,deepseek-v4-flash,deepseek,1129,1077,2206,1024,1074,,,1785135097.383113,1,4,success,False,12782,8,stage1_annotation,annotation,120072,E2L5_GCATCTCCATAGTCGT
DeepSeekBackend,deepseek-v4-flash,deepseek,1127,522,1649,1024,443,,,1785135097.5058165,1,4,success,False,6416,258,stage1_annotation,annotation,15125,L2_ACTTCGCCAGCAGGAT
DeepSeekBackend,deepseek-v4-flash,deepseek,1134,2508,3642,1024,2505,,,1785135097.667091,1,4,success,False,29895,14,stage1_annotation,annotation,130162,E2L6_CGCCAGAAGAAAGCGA
DeepSeekBackend,deepseek-v4-flash,deepseek,1119,360,1479,1024,289,,,1785135098.4444516,1,4,success,False,4972,230,stage1_annotation,annotation,48077,L4_GTCTGTCAGGAACGAA
DeepSeekBackend,deepseek-v4-flash,deepseek,1129,317,1446,1024,253,,,1785135099.004292,1,4,success,False,4272,227,stage1_annotation,annotation,133057,E2L6_GGGCGTTGTCGCACAC
DeepSeekBackend,deepseek-v4-flash,deepseek,1127,253,1380,1024,250,,,1785135099.2730591,1,4,success,False,3185,7,stage1_annotation,annotation,128376,E2L6_ATTTACCCACGAAGAC
DeepSeekBackend,deepseek-v4-flash,deepseek,1129,450,1579,1024,447,,,1785135100.275611,1,4,success,False,6373,7,stage1_annotation,annotation,100034,E2L3_TCGTAGATCCTAAACG
DeepSeekBackend,deepseek-v4-flash,deepseek,1117,241,1358,1024,238,,,1785135100.3874276,1,4,success,False,2995,7,stage1_annotation,annotation,112127,E2L4_TGCATCCTCCCAGCGA
DeepSeekBackend,deepseek-v4-flash,deepseek,1132,278,1410,1024,275,,,1785135100.5724766,1,4,success,False,3651,7,stage1_annotation,annotation,109651,E2L4_GTCGAATCACTCCTGT
DeepSeekBackend,deepseek-v4-flash,deepseek,1135,506,1641,1024,425,,,1785135100.7681262,1,4,success,False,6059,249,stage1_annotation,annotation,101286,E2L3_TTCATTGGTTGTAAAG
DeepSeekBackend,deepseek-v4-flash,deepseek,1121,593,1714,1024,505,,,1785135100.77456,1,4,success,False,8437,290,stage1_annotation,annotation,59582,L5_GAAGGACGTAGAATGT
DeepSeekBackend,deepseek-v4-flash,deepseek,1127,370,1497,1024,285,,,1785135100.78128,1,4,success,False,5009,298,stage1_annotation,annotation,105202,E2L4_CAGTTCCCAGGACTAG
DeepSeekBackend,deepseek-v4-flash,deepseek,1128,1080,2208,1024,1004,,,1785135101.302547,1,4,success,False,13993,257,stage1_annotation,annotation,140762,E2L7_CAATACGTCTACGGGC
DeepSeekBackend,deepseek-v4-flash,deepseek,1122,1623,2745,1024,1620,,,1785135101.5802643,1,4,success,False,20335,8,stage1_annotation,annotation,42957,L4_CAGTTAGAGCGACCCT
DeepSeekBackend,deepseek-v4-flash,deepseek,1126,505,1631,1024,502,,,1785135101.9552927,1,4,success,False,6778,7,stage1_annotation,annotation,21811,L2_GGGACCTCAGAAACCG
DeepSeekBackend,deepseek-v4-flash,deepseek,1125,394,1519,1024,322,,,1785135102.3670905,1,4,success,False,4970,265,stage1_annotation,annotation,114169,E2L5_ACAGCCGTCGAACCTA
DeepSeekBackend,deepseek-v4-flash,deepseek,1125,1112,2237,1024,1109,,,1785135102.573577,1,4,success,False,13155,8,stage1_annotation,annotation,89331,E2L2_TGGATCAGTCATATGC
DeepSeekBackend,deepseek-v4-flash,deepseek,1134,330,1464,1024,327,,,1785135102.956392,1,4,success,False,3940,7,stage1_annotation,annotation,86240,E2L2_GTAGATCAGGTCGTCC
DeepSeekBackend,deepseek-v4-flash,deepseek,1118,390,1508,1024,293,,,1785135103.5417397,1,4,success,False,5085,353,stage1_annotation,annotation,141644,E2L7_CCATAAGAGTTGTCAC
DeepSeekBackend,deepseek-v4-flash,deepseek,1126,1636,2762,1024,1544,,,1785135103.8506274,1,4,success,False,20474,339,stage1_annotation,annotation,122062,E2L5_TAACTTCGTAATACCC
DeepSeekBackend,deepseek-v4-flash,deepseek,1116,319,1435,1024,315,,,1785135104.9373724,1,4,success,False,4137,9,stage1_annotation,annotation,60803,L5_GCGATCGAGTCACAGG
DeepSeekBackend,deepseek-v4-flash,deepseek,1117,427,1544,1024,331,,,1785135105.1423652,1,4,success,False,4854,317,stage1_annotation,annotation,23889,L2_TCAATCTCAGGTTTAC
DeepSeekBackend,deepseek-v4-flash,deepseek,1119,381,1500,1024,307,,,1785135105.6184604,1,4,success,False,5218,244,stage1_annotation,annotation,31366,L3_CCTCTAGAGCGAGTAC
DeepSeekBackend,deepseek-v4-flash,deepseek,1126,382,1508,1024,308,,,1785135105.6515803,1,4,success,False,4338,259,stage1_annotation,annotation,82943,E2L2_CGAGAAGTCGCCTATC
DeepSeekBackend,deepseek-v4-flash,deepseek,1129,182,1311,1024,131,,,1785135106.268925,1,4,success,False,2407,153,stage1_annotation,annotation,75166,E2L1_GTTAGTGCAGCGACCT
DeepSeekBackend,deepseek-v4-flash,deepseek,1130,544,1674,1024,540,,,1785135106.5443308,1,4,success,False,5960,9,stage1_annotation,annotation,74756,E2L1_GTCGTTCAGTAGACAT
DeepSeekBackend,deepseek-v4-flash,deepseek,1129,405,1534,1024,337,,,1785135106.6560738,1,4,success,False,4276,178,stage1_annotation,annotation,97268,E2L3_GGCGTCATCTTGCGCT
DeepSeekBackend,deepseek-v4-flash,deepseek,1133,787,1920,1024,710,,,1785135107.038271,1,4,success,False,9518,289,stage1_annotation,annotation,81675,E2L2_CACGAATCACCTGAAT
DeepSeekBackend,deepseek-v4-flash,deepseek,1129,2676,3805,1024,2673,,,1785135107.4866512,1,4,success,False,31149,8,stage1_annotation,annotation,117816,E2L5_CGAAGTTGTTCGGACC
DeepSeekBackend,deepseek-v4-flash,deepseek,1125,401,1526,1024,318,,,1785135107.4915922,1,4,success,False,4907,245,stage1_annotation,annotation,161156,E2L8_TTCATGTCATACCAGT
DeepSeekBackend,deepseek-v4-flash,deepseek,1124,650,1774,1024,597,,,1785135107.7501059,1,4,success,False,8466,154,stage1_annotation,annotation,26671,L2_TTGGTTTGTTAGGGTG
DeepSeekBackend,deepseek-v4-flash,deepseek,1120,392,1512,1024,338,,,1785135108.033841,1,4,success,False,4481,169,stage1_annotation,annotation,134858,E2L6_TATCTTGAGTTTGCTG
DeepSeekBackend,deepseek-v4-flash,deepseek,1119,632,1751,1024,575,,,1785135108.351255,1,4,success,False,7567,193,stage1_annotation,annotation,4544,L1_CCCATTGCAACTTGCA
DeepSeekBackend,deepseek-v4-flash,deepseek,1117,694,1811,1024,605,,,1785135109.443344,1,4,success,False,7851,299,stage1_annotation,annotation,63405,L5_TAGCACAGTATAGGGC
DeepSeekBackend,deepseek-v4-flash,deepseek,1123,895,2018,1024,892,,,1785135109.6067991,1,4,success,False,11927,7,stage1_annotation,annotation,99108,E2L3_TATCAGGGTATCGGTT
DeepSeekBackend,deepseek-v4-flash,deepseek,1114,437,1551,1024,368,,,1785135110.5359251,1,4,success,False,5382,244,stage1_annotation,annotation,17322,L2_CACTGAACAGGGCTTC
DeepSeekBackend,deepseek-v4-flash,deepseek,1131,469,1600,1024,401,,,1785135111.166251,1,4,success,False,5537,188,stage1_annotation,annotation,76477,E2L1_TCCTTCTAGGGTCACA
DeepSeekBackend,deepseek-v4-flash,deepseek,1131,962,2093,1024,869,,,1785135111.7065122,1,4,success,False,10912,342,stage1_annotation,annotation,121753,E2L5_GTGTGATGTTCGGTAT
DeepSeekBackend,deepseek-v4-flash,deepseek,1120,2347,3467,1024,2296,,,1785135111.8378055,1,4,success,False,25488,138,stage1_annotation,annotation,89387,E2L2_TGGGATTTCTCATGCC
DeepSeekBackend,deepseek-v4-flash,deepseek,1123,449,1572,1024,379,,,1785135112.1344151,1,4,success,False,5578,226,stage1_annotation,annotation,20242,L2_GAATCACAGTGCACAG
DeepSeekBackend,deepseek-v4-flash,deepseek,1122,867,1989,1024,811,,,1785135112.2116864,1,4,success,False,10246,171,stage1_annotation,annotation,117989,E2L5_CGCCAGAGTATGATCC
DeepSeekBackend,deepseek-v4-flash,deepseek,1120,548,1668,1024,478,,,1785135112.3778148,1,4,success,False,6097,226,stage1_annotation,annotation,130491,E2L6_CGTTGGGTCTCCTGCA
DeepSeekBackend,deepseek-v4-flash,deepseek,1126,936,2062,1024,855,,,1785135113.8405843,1,4,success,False,10872,262,stage1_annotation,annotation,113367,E2L4_TTTCGATAGCTAGAAT
DeepSeekBackend,deepseek-v4-flash,deepseek,1117,826,1943,1024,713,,,1785135115.601005,1,4,success,False,9934,408,stage1_annotation,annotation,128680,E2L6_CACATGAAGACCTCAT
DeepSeekBackend,deepseek-v4-flash,deepseek,1118,803,1921,1024,800,,,1785135116.2321002,1,4,success,False,8187,8,stage1_annotation,annotation,40081,L4_ACCCAAAAGTTAACGA
DeepSeekBackend,deepseek-v4-flash,deepseek,1114,773,1887,1024,769,,,1785135116.6219301,1,4,success,False,9122,9,stage1_annotation,annotation,13748,L1_TTTGTTGCAGCGAGTA
DeepSeekBackend,deepseek-v4-flash,deepseek,1125,639,1764,1024,553,,,1785135117.6383617,1,4,success,False,8184,310,stage1_annotation,annotation,155011,E2L8_CTCCTCCAGTAAGACT
DeepSeekBackend,deepseek-v4-flash,deepseek,1121,986,2107,1024,933,,,1785135118.8512557,1,4,success,False,10489,253,stage1_annotation,annotation,156599,E2L8_GCGAGAACAGTCAGTT
DeepSeekBackend,deepseek-v4-flash,deepseek,1119,731,1850,1024,662,,,1785135118.955147,1,4,success,False,8404,292,stage1_annotation,annotation,51970,L4_TTGACCCTCATTCGTT
DeepSeekBackend,deepseek-v4-flash,deepseek,1123,3435,4558,1024,3432,,,1785135121.2558343,1,4,success,False,42658,8,stage1_annotation,annotation,148133,E2L7_TGAGCATTCAATCTTC
DeepSeekBackend,deepseek-v4-flash,deepseek,1116,1306,2422,1024,1302,,,1785135123.0050452,1,4,success,False,15499,9,stage1_annotation,annotation,40387,L4_ACTACGACAGACGGAT
DeepSeekBackend,deepseek-v4-flash,deepseek,1116,1179,2295,1024,1125,,,1785135123.0228074,1,4,success,False,13405,182,stage1_annotation,annotation,40677,L4_AGACAGGTCGGACAAG
DeepSeekBackend,deepseek-v4-flash,deepseek,1130,1055,2185,1024,997,,,1785135123.3102338,1,4,success,False,12133,191,stage1_annotation,annotation,114594,E2L5_ACTGATGCAGGTATGG
DeepSeekBackend,deepseek-v4-flash,deepseek,1128,1719,2847,1024,1636,,,1785135124.0618527,1,4,success,False,19113,299,stage1_annotation,annotation,89449,E2L2_TGGTAGTCAGCTGTAT
DeepSeekBackend,deepseek-v4-flash,deepseek,1122,1534,2656,1024,1452,,,1785135125.0401163,1,4,success,False,17279,314,stage1_annotation,annotation,123107,E2L5_TCCAGAACATTGAGCT
DeepSeekBackend,deepseek-v4-flash,deepseek,1119,1254,2373,1024,1250,,,1785135125.1354935,1,4,success,False,13286,9,stage1_annotation,annotation,71330,E2L1_CGAAGGAGTTCAACGT
DeepSeekBackend,deepseek-v4-flash,deepseek,1117,351,1468,1024,294,,,1785135125.8954918,1,4,success,False,4558,226,stage1_annotation,annotation,78167,E2L1_TTGATGGTCGGTCTGG
DeepSeekBackend,deepseek-v4-flash,deepseek,1121,650,1771,1024,579,,,1785135128.6254709,1,4,success,False,7262,296,stage1_annotation,annotation,56223,L5_CAATTTCTCGCCTTTG
DeepSeekBackend,deepseek-v4-flash,deepseek,1118,1902,3020,1024,1833,,,1785135128.6958406,1,4,success,False,22028,241,stage1_annotation,annotation,111605,E2L4_TCGTAGAAGAGAATCT
DeepSeekBackend,deepseek-v4-flash,deepseek,1122,676,1798,1024,673,,,1785135129.3704524,1,4,success,False,8016,8,stage1_annotation,annotation,127099,E2L6_AGCGTATAGCAAACAT
DeepSeekBackend,deepseek-v4-flash,deepseek,1123,2220,3343,1024,2146,,,1785135129.5096786,1,4,success,False,22461,298,stage1_annotation,annotation,118496,E2L5_CTCAATTTCGTCAAAC
DeepSeekBackend,deepseek-v4-flash,deepseek,1124,715,1839,1024,711,,,1785135129.867888,1,4,success,False,8479,7,stage1_annotation,annotation,123340,E2L5_TCGAAGTAGTCGAAGC
DeepSeekBackend,deepseek-v4-flash,deepseek,1121,975,2096,1024,900,,,1785135131.146852,1,4,success,False,9819,306,stage1_annotation,annotation,70003,E2L1_CAAGACTTCGCCTAGG
DeepSeekBackend,deepseek-v4-flash,deepseek,1119,1908,3027,1024,1904,,,1785135133.1092656,1,4,success,False,21392,9,stage1_annotation,annotation,18196,L2_CCCTTAGCAATGTCTG
DeepSeekBackend,deepseek-v4-flash,deepseek,1122,841,1963,1024,728,,,1785135133.1449106,1,4,success,False,9824,405,stage1_annotation,annotation,73554,E2L1_GCCAGGTTCGGCGATC
DeepSeekBackend,deepseek-v4-flash,deepseek,1127,685,1812,1024,631,,,1785135133.1487267,1,4,success,False,8004,171,stage1_annotation,annotation,98838,E2L3_TACGCTCCATATCTGG
DeepSeekBackend,deepseek-v4-flash,deepseek,1128,998,2126,1024,879,,,1785135133.1671183,1,4,success,False,11820,423,stage1_annotation,annotation,46491,L4_GCATTAGTCCGCAGTG
DeepSeekBackend,deepseek-v4-flash,deepseek,1131,1875,3006,1024,1872,,,1785135134.2678552,1,4,success,False,22123,8,stage1_annotation,annotation,146593,E2L7_TACCCACGTGGTCCGT
DeepSeekBackend,deepseek-v4-flash,deepseek,1123,1237,2360,1024,1176,,,1785135134.5775187,1,4,success,False,13255,246,stage1_annotation,annotation,52738,L5_AACCTGAGTACCTAAC
DeepSeekBackend,deepseek-v4-flash,deepseek,1108,895,2003,1024,892,,,1785135135.1274087,1,4,success,False,11052,3,stage1_annotation,annotation,50068,L4_TCGATTTTCTAACGGT
DeepSeekBackend,deepseek-v4-flash,deepseek,1124,724,1848,1024,633,,,1785135137.382635,1,4,success,False,8746,363,stage1_annotation,annotation,63597,L5_TATCTTGTCCACACCT
DeepSeekBackend,deepseek-v4-flash,deepseek,1112,1499,2611,1024,1421,,,1785135138.5203981,1,4,success,False,17216,262,stage1_annotation,annotation,125445,E2L5_TTTGACTTCTAGGCCG
DeepSeekBackend,deepseek-v4-flash,deepseek,1123,449,1572,1024,444,,,1785135138.917503,1,4,success,False,5757,7,stage1_annotation,annotation,62074,L5_GTCATCCTCGCGCCAA
DeepSeekBackend,deepseek-v4-flash,deepseek,1123,411,1534,1024,406,,,1785135139.4844651,1,4,success,False,5206,9,stage1_annotation,annotation,152134,E2L8_ATCCTATCAGGCATGA
DeepSeekBackend,deepseek-v4-flash,deepseek,1122,1327,2449,1024,1244,,,1785135142.3014493,1,4,success,False,16393,239,stage1_annotation,annotation,95481,E2L3_CTCCCTCTCCTGCTAC
DeepSeekBackend,deepseek-v4-flash,deepseek,1128,1555,2683,1024,1552,,,1785135143.0116236,1,4,success,False,19978,3,stage1_annotation,annotation,88737,E2L2_TCTCCGAGTTATCTTC
DeepSeekBackend,deepseek-v4-flash,deepseek,1130,1250,2380,1024,1171,,,1785135143.384044,1,4,success,False,14003,272,stage1_annotation,annotation,14642,L2_ACATTTCAGACTACCT
DeepSeekBackend,deepseek-v4-flash,deepseek,1119,1330,2449,1024,1254,,,1785135143.9800792,1,4,success,False,15272,265,stage1_annotation,annotation,8370,L1_GGGACCTGTATGCTAC
DeepSeekBackend,deepseek-v4-flash,deepseek,1127,1670,2797,1024,1665,,,1785135144.314998,1,4,success,False,19263,7,stage1_annotation,annotation,94883,E2L3_CGGACACAGCGAACTG
DeepSeekBackend,deepseek-v4-flash,deepseek,1125,1804,2929,1024,1743,,,1785135144.407253,1,4,success,False,21390,212,stage1_annotation,annotation,23636,L2_TAGGAGGAGCCGTTAT
DeepSeekBackend,deepseek-v4-flash,deepseek,1123,644,1767,1024,590,,,1785135144.5289783,1,4,success,False,7130,158,stage1_annotation,annotation,71572,E2L1_CGGAATTCATGGCACC
DeepSeekBackend,deepseek-v4-flash,deepseek,1126,1935,3061,1024,1842,,,1785135145.3432126,1,4,success,False,23947,337,stage1_annotation,annotation,72485,E2L1_CTTAGGATCCCTCGAT
DeepSeekBackend,deepseek-v4-flash,deepseek,1139,475,1614,1024,417,,,1785135145.8337867,1,4,success,False,6335,209,stage1_annotation,annotation,54506,L5_AGCTCAACATCGATAC
DeepSeekBackend,deepseek-v4-flash,deepseek,1133,960,2093,1024,884,,,1785135146.4289825,1,4,success,False,11289,255,stage1_annotation,annotation,35000,L3_GTCACTCTCCACCCTA
DeepSeekBackend,deepseek-v4-flash,deepseek,1129,1268,2397,1024,1175,,,1785135147.0999043,1,4,success,False,13923,286,stage1_annotation,annotation,8316,L1_GGCTTTCGTCCTATAG
DeepSeekBackend,deepseek-v4-flash,deepseek,1127,750,1877,1024,661,,,1785135148.3365972,1,4,success,False,9407,304,stage1_annotation,annotation,62405,L5_GTGCTGGCAAAGCGTG
DeepSeekBackend,deepseek-v4-flash,deepseek,1124,584,1708,1024,515,,,1785135149.0429788,1,4,success,False,6730,250,stage1_annotation,annotation,148576,E2L7_TGGCGTGGTCTGTAGT
DeepSeekBackend,deepseek-v4-flash,deepseek,1122,1691,2813,1024,1576,,,1785135150.2270226,1,4,success,False,20349,398,stage1_annotation,annotation,30724,L3_CATGGATTCGCTGTCT
DeepSeekBackend,deepseek-v4-flash,deepseek,1131,1396,2527,1024,1337,,,1785135151.2794392,1,4,success,False,16693,199,stage1_annotation,annotation,57355,L5_CCGAACGTCTCTCTTC
DeepSeekBackend,deepseek-v4-flash,deepseek,1120,1087,2207,1024,1003,,,1785135151.2833238,1,4,success,False,12748,276,stage1_annotation,annotation,60524,L5_GCAGCTGTCTGGGATT
DeepSeekBackend,deepseek-v4-flash,deepseek,1125,568,1693,1024,511,,,1785135151.343713,1,4,success,False,6803,192,stage1_annotation,annotation,118128,E2L5_CGGGTGTCAGGCCCTA
DeepSeekBackend,deepseek-v4-flash,deepseek,1120,1832,2952,1024,1747,,,1785135152.5450752,1,4,success,False,21387,232,stage1_annotation,annotation,110253,E2L4_TAAGCCACAAAGTATG
DeepSeekBackend,deepseek-v4-flash,deepseek,1119,1817,2936,1024,1725,,,1785135152.551998,1,4,success,False,19395,288,stage1_annotation,annotation,100629,E2L3_TGCTCCAGTCGTACTA
DeepSeekBackend,deepseek-v4-flash,deepseek,1129,765,1894,1024,680,,,1785135152.778533,1,4,success,False,9757,328,stage1_annotation,annotation,62956,L5_TAACCAGTCGGCCCAA
DeepSeekBackend,deepseek-v4-flash,deepseek,1134,683,1817,1024,612,,,1785135152.8073575,1,4,success,False,7454,254,stage1_annotation,annotation,36137,L3_TAGGAGGGTACGATTC
DeepSeekBackend,deepseek-v4-flash,deepseek,1127,462,1589,1024,457,,,1785135153.0624027,1,4,success,False,5950,9,stage1_annotation,annotation,63519,L5_TATCAGGCAGTGTACT
DeepSeekBackend,deepseek-v4-flash,deepseek,1128,326,1454,1024,230,,,1785135153.107148,1,4,success,False,4056,356,stage1_annotation,annotation,18435,L2_CCTCAGTGTCCCTAAA
DeepSeekBackend,deepseek-v4-flash,deepseek,1117,2735,3852,1024,2656,,,1785135153.7633464,1,4,success,False,32382,246,stage1_annotation,annotation,29493,L3_ATGATCGGTACGGATG
DeepSeekBackend,deepseek-v4-flash,deepseek,1131,249,1380,1024,169,,,1785135154.1114225,1,4,success,False,2818,324,stage1_annotation,annotation,143468,E2L7_CTTGATTGTAACAGTA
DeepSeekBackend,deepseek-v4-flash,deepseek,1120,2082,3202,1024,2004,,,1785135154.482693,1,4,success,False,24960,281,stage1_annotation,annotation,17381,L2_CAGATACCAGAGATGC
DeepSeekBackend,deepseek-v4-flash,deepseek,1119,307,1426,1024,253,,,1785135154.972315,1,4,success,False,3673,180,stage1_annotation,annotation,15227,L2_AGACAAATCCATGAGT
DeepSeekBackend,deepseek-v4-flash,deepseek,1132,999,2131,1024,922,,,1785135155.4677773,1,4,success,False,12072,268,stage1_annotation,annotation,20684,L2_GAGTGTTTCAGGAACG
DeepSeekBackend,deepseek-v4-flash,deepseek,1123,256,1379,1024,195,,,1785135155.9664695,1,4,success,False,3402,226,stage1_annotation,annotation,31491,L3_CGAAGTTTCTCGGTCT
DeepSeekBackend,deepseek-v4-flash,deepseek,1126,333,1459,1024,247,,,1785135156.6376295,1,4,success,False,4078,312,stage1_annotation,annotation,83385,E2L2_CGTTGGGAGAACAAGG
DeepSeekBackend,deepseek-v4-flash,deepseek,1126,343,1469,1024,271,,,1785135156.7181475,1,4,success,False,3900,282,stage1_annotation,annotation,27871,L3_ACCGTTCCACATATGC
DeepSeekBackend,deepseek-v4-flash,deepseek,1129,846,1975,1024,755,,,1785135156.7217937,1,4,success,False,10281,385,stage1_annotation,annotation,96705,E2L3_GCAGGCTAGGGTCACA
DeepSeekBackend,deepseek-v4-flash,deepseek,1122,341,1463,1024,267,,,1785135157.0965059,1,4,success,False,4020,249,stage1_annotation,annotation,41817,L4_ATCGGATTCTTGGTGA
DeepSeekBackend,deepseek-v4-flash,deepseek,1114,411,1525,1024,326,,,1785135158.310361,1,4,success,False,4532,316,stage1_annotation,annotation,98160,E2L3_GTGAGCCTCCAAACCA
DeepSeekBackend,deepseek-v4-flash,deepseek,1129,1091,2220,1024,995,,,1785135158.4282432,1,4,success,False,12584,309,stage1_annotation,annotation,77215,E2L1_TGCCGAGAGCTCACTA
DeepSeekBackend,deepseek-v4-flash,deepseek,1121,616,1737,1024,569,,,1785135158.700929,1,4,success,False,5911,165,stage1_annotation,annotation,125031,E2L5_TTCTTCCAGTCGGGAT
DeepSeekBackend,deepseek-v4-flash,deepseek,1128,407,1535,1024,323,,,1785135159.0003486,1,4,success,False,4507,332,stage1_annotation,annotation,23219,L2_TAACCAGAGCCTTTCC
DeepSeekBackend,deepseek-v4-flash,deepseek,1124,238,1362,1024,181,,,1785135159.3360891,1,4,success,False,2686,193,stage1_annotation,annotation,34301,L3_GGCGTCACAAATTGCC
DeepSeekBackend,deepseek-v4-flash,deepseek,1123,1339,2462,1024,1258,,,1785135159.8289285,1,4,success,False,15833,261,stage1_annotation,annotation,123469,E2L5_TCGGGTGAGGTGCAGT
DeepSeekBackend,deepseek-v4-flash,deepseek,1117,814,1931,1024,713,,,1785135160.0051215,1,4,success,False,9771,340,stage1_annotation,annotation,142020,E2L7_CCTCATGTCTATACTC
DeepSeekBackend,deepseek-v4-flash,deepseek,1127,393,1520,1024,345,,,1785135160.1370492,1,4,success,False,4159,162,stage1_annotation,annotation,26087,L2_TTACGCCGTTACCCTC
DeepSeekBackend,deepseek-v4-flash,deepseek,1127,511,1638,1024,418,,,1785135160.1407812,1,4,success,False,6018,382,stage1_annotation,annotation,143949,E2L7_GAGCTGCCAATGCAGG
DeepSeekBackend,deepseek-v4-flash,deepseek,1120,634,1754,1024,547,,,1785135160.2561507,1,4,success,False,7136,325,stage1_annotation,annotation,63982,L5_TCAGTTTTCACCGGTG
DeepSeekBackend,deepseek-v4-flash,deepseek,1114,349,1463,1024,293,,,1785135160.6746676,1,4,success,False,3941,218,stage1_annotation,annotation,124201,E2L5_TGGAACTCAGGAGACT
DeepSeekBackend,deepseek-v4-flash,deepseek,1131,485,1616,1024,392,,,1785135161.9860578,1,4,success,False,5249,373,stage1_annotation,annotation,5818,L1_CTATCCGTCTCGCTTG
DeepSeekBackend,deepseek-v4-flash,deepseek,1115,992,2107,1024,908,,,1785135162.5735424,1,4,success,False,11217,353,stage1_annotation,annotation,61550,L5_GGTAACTGTAACGATA
DeepSeekBackend,deepseek-v4-flash,deepseek,1114,644,1758,1024,567,,,1785135162.9665241,1,4,success,False,7488,253,stage1_annotation,annotation,152364,E2L8_ATGGAGGTCAAGGCTT
DeepSeekBackend,deepseek-v4-flash,deepseek,1134,2698,3832,1024,2694,,,1785135165.2142897,1,4,success,False,32093,7,stage1_annotation,annotation,118137,E2L5_CGGGTGTTCCCGAACG
DeepSeekBackend,deepseek-v4-flash,deepseek,1129,441,1570,1024,436,,,1785135165.6110597,1,4,success,False,5456,9,stage1_annotation,annotation,129104,E2L6_CATCCCAGTACCGGCT
DeepSeekBackend,deepseek-v4-flash,deepseek,1123,828,1951,1024,776,,,1785135168.5540135,1,4,success,False,10111,162,stage1_annotation,annotation,52074,L4_TTGGGATAGTGGTCAG
DeepSeekBackend,deepseek-v4-flash,deepseek,1114,741,1855,1024,652,,,1785135169.2867858,1,4,success,False,8603,328,stage1_annotation,annotation,154888,E2L8_CTCAGTCAGGTCCTGC
DeepSeekBackend,deepseek-v4-flash,deepseek,1118,1103,2221,1024,1008,,,1785135172.3262491,1,4,success,False,13613,331,stage1_annotation,annotation,62225,L5_GTCGTTCTCTGCCTGT
DeepSeekBackend,deepseek-v4-flash,deepseek,1113,1497,2610,1024,1413,,,1785135172.3662412,1,4,success,False,17383,296,stage1_annotation,annotation,81309,E2L2_ATTCTTGGTTTACTTC
DeepSeekBackend,deepseek-v4-flash,deepseek,1128,1019,2147,1024,1014,,,1785135172.9689283,1,4,success,False,12703,7,stage1_annotation,annotation,5267,L1_CGCCATTCACGACTAT
DeepSeekBackend,deepseek-v4-flash,deepseek,1125,1039,2164,1024,962,,,1785135173.0483685,1,4,success,False,12898,289,stage1_annotation,annotation,107841,E2L4_GAGGCAATCCACGGAC
DeepSeekBackend,deepseek-v4-flash,deepseek,1112,948,2060,1024,850,,,1785135173.4781399,1,4,success,False,11481,337,stage1_annotation,annotation,159906,E2L8_TCTCACGTCTCAGAAC
DeepSeekBackend,deepseek-v4-flash,deepseek,1120,1279,2399,1024,1274,,,1785135174.710121,1,4,success,False,15364,7,stage1_annotation,annotation,2632,L1_ATCACTTTCCAAATGC
DeepSeekBackend,deepseek-v4-flash,deepseek,1130,2982,4112,1024,2932,,,1785135176.3929074,1,4,success,False,32065,153,stage1_annotation,annotation,61451,L5_GGGTATTAGGCAGGTT
DeepSeekBackend,deepseek-v4-flash,deepseek,1119,1341,2460,1024,1277,,,1785135176.6338358,1,4,success,False,16793,219,stage1_annotation,annotation,40045,L4_ACCAACAGTACCCGCA
DeepSeekBackend,deepseek-v4-flash,deepseek,1124,1652,2776,1024,1577,,,1785135178.7482169,1,4,success,False,18732,245,stage1_annotation,annotation,37777,L3_TGCTGAAGTTTGGAGG
DeepSeekBackend,deepseek-v4-flash,deepseek,1128,501,1629,1024,427,,,1785135179.0984142,1,4,success,False,6036,217,stage1_annotation,annotation,75350,E2L1_TAACACGGTGCATTAC
DeepSeekBackend,deepseek-v4-flash,deepseek,1122,1200,2322,1024,1123,,,1785135180.0872056,1,4,success,False,14466,284,stage1_annotation,annotation,56402,L5_CACTGAACACCAGTTA
DeepSeekBackend,deepseek-v4-flash,deepseek,1133,775,1908,1024,714,,,1785135181.0277624,1,4,success,False,8691,193,stage1_annotation,annotation,13487,L1_TTGTGTTAGTTTGTCG
DeepSeekBackend,deepseek-v4-flash,deepseek,1126,3131,4257,1024,3042,,,1785135181.7143137,1,4,success,False,37298,369,stage1_annotation,annotation,152878,E2L8_CACAGGCGTAGGAGTC
DeepSeekBackend,deepseek-v4-flash,deepseek,1123,1127,2250,1024,1068,,,1785135181.803532,1,4,success,False,13238,191,stage1_annotation,annotation,138550,E2L7_ACCACAATCCGTGACG
DeepSeekBackend,deepseek-v4-flash,deepseek,1125,1530,2655,1024,1525,,,1785135181.8188488,1,4,success,False,18841,7,stage1_annotation,annotation,26521,L2_TTGACCCGTCTTGAGT
DeepSeekBackend,deepseek-v4-flash,deepseek,1122,3092,4214,1024,3007,,,1785135182.6066682,1,4,success,False,34260,335,stage1_annotation,annotation,10697,L1_TCACGCTAGACCTTTG
DeepSeekBackend,deepseek-v4-flash,deepseek,1129,2239,3368,1024,2159,,,1785135183.1051924,1,4,success,False,24781,306,stage1_annotation,annotation,138895,E2L7_ACTGATGGTCTCTCAC
DeepSeekBackend,deepseek-v4-flash,deepseek,1114,2329,3443,1024,2259,,,1785135184.8719723,1,4,success,False,25857,244,stage1_annotation,annotation,17821,L2_CATGGTAGTACTGCCG
DeepSeekBackend,deepseek-v4-flash,deepseek,1138,1243,2381,1024,1169,,,1785135186.9449449,1,4,success,False,14570,242,stage1_annotation,annotation,48533,L4_GTTGAACTCTCTAGGA
DeepSeekBackend,deepseek-v4-flash,deepseek,1131,1294,2425,1024,1289,,,1785135188.0301714,1,4,success,False,15049,7,stage1_annotation,annotation,28881,L3_AGGTAGGTCATGGTAC
DeepSeekBackend,deepseek-v4-flash,deepseek,1125,1180,2305,1024,1112,,,1785135188.2318716,1,4,success,False,13510,215,stage1_annotation,annotation,75669,E2L1_TAGACCATCTGGACTA
DeepSeekBackend,deepseek-v4-flash,deepseek,1132,1250,2382,1024,1176,,,1785135189.5545886,1,4,success,False,16066,290,stage1_annotation,annotation,123577,E2L5_TCTACCGGTTAGCTAC
DeepSeekBackend,deepseek-v4-flash,deepseek,1124,1210,2334,1024,1133,,,1785135190.9755523,1,4,success,False,14574,274,stage1_annotation,annotation,64098,L5_TCATGTTGTGATTCTG
DeepSeekBackend,deepseek-v4-flash,deepseek,1123,2217,3340,1024,2123,,,1785135191.4540436,1,4,success,False,26222,329,stage1_annotation,annotation,35646,L3_GTTGTAGTCGTTCGCT
DeepSeekBackend,deepseek-v4-flash,deepseek,1110,2928,4038,1024,2862,,,1785135191.5330567,1,4,success,False,34424,250,stage1_annotation,annotation,113375,E2L4_TTTCGATTCTATGTGG
DeepSeekBackend,deepseek-v4-flash,deepseek,1130,1303,2433,1024,1225,,,1785135194.604289,1,4,success,False,15495,279,stage1_annotation,annotation,6565,L1_CTTGATTAGGAAGTAG
DeepSeekBackend,deepseek-v4-flash,deepseek,1133,1452,2585,1024,1399,,,1785135196.5289812,1,4,success,False,16432,210,stage1_annotation,annotation,47120,L4_GGGACAAAGGTAAACT
DeepSeekBackend,deepseek-v4-flash,deepseek,1125,485,1610,1024,410,,,1785135196.5818954,1,4,success,False,5035,216,stage1_annotation,annotation,124459,E2L5_TGTCCCACAATGCAGG
DeepSeekBackend,deepseek-v4-flash,deepseek,1121,2405,3526,1024,2321,,,1785135197.247408,1,4,success,False,27950,262,stage1_annotation,annotation,10464,L1_TATCGCCGTACAGCGA
DeepSeekBackend,deepseek-v4-flash,deepseek,1116,1619,2735,1024,1614,,,1785135199.4239488,1,4,success,False,18383,7,stage1_annotation,annotation,20637,L2_GAGTCTACATTGTCGA
DeepSeekBackend,deepseek-v4-flash,deepseek,1127,1344,2471,1024,1254,,,1785135200.0231621,1,4,success,False,15141,253,stage1_annotation,annotation,54875,L5_AGTAACCGTTGAAGTA
DeepSeekBackend,deepseek-v4-flash,deepseek,1124,1164,2288,1024,1096,,,1785135200.6512873,1,4,success,False,12610,219,stage1_annotation,annotation,113394,E2L4_TTTGATCTCACGAGGA
DeepSeekBackend,deepseek-v4-flash,deepseek,1118,1647,2765,1024,1564,,,1785135200.718656,1,4,success,False,18993,226,stage1_annotation,annotation,2169,L1_AGGTCATCAGATGCGA
DeepSeekBackend,deepseek-v4-flash,deepseek,1118,3338,4456,1024,3256,,,1785135201.0230849,1,4,success,False,38438,272,stage1_annotation,annotation,138453,E2L7_ACAGAAATCTCGGTCT
DeepSeekBackend,deepseek-v4-flash,deepseek,1131,997,2128,1024,938,,,1785135201.3890066,1,4,success,False,11820,188,stage1_annotation,annotation,59002,L5_CTGATCCAGACCGCCT
DeepSeekBackend,deepseek-v4-flash,deepseek,1122,2245,3367,1024,2142,,,1785135202.1513262,1,4,success,False,25506,367,stage1_annotation,annotation,150979,E2L8_ACTGTCCTCGACGCGT
DeepSeekBackend,deepseek-v4-flash,deepseek,1125,2179,3304,1024,2104,,,1785135202.6033304,1,4,success,False,23843,231,stage1_annotation,annotation,42876,L4_CAGCAGCTCGGAGTAG
DeepSeekBackend,deepseek-v4-flash,deepseek,1123,660,1783,1024,565,,,1785135203.6891527,1,4,success,False,7149,317,stage1_annotation,annotation,105415,E2L4_CATGCTCCATTGGATC
DeepSeekBackend,deepseek-v4-flash,deepseek,1134,892,2026,1024,819,,,1785135204.3102949,1,4,success,False,9694,275,stage1_annotation,annotation,61245,L5_GGCTTGGAGGTTCAGG
DeepSeekBackend,deepseek-v4-flash,deepseek,1123,1515,2638,1024,1422,,,1785135204.6044576,1,4,success,False,17645,358,stage1_annotation,annotation,140981,E2L7_CACTGGGTCACGGGCT
DeepSeekBackend,deepseek-v4-flash,deepseek,1133,1221,2354,1024,1144,,,1785135204.7734544,1,4,success,False,13308,230,stage1_annotation,annotation,15624,L2_AGGACTTCAAGAGATT
DeepSeekBackend,deepseek-v4-flash,deepseek,1120,398,1518,1024,348,,,1785135204.8599243,1,4,success,False,4199,126,stage1_annotation,annotation,9536,L1_GTGGTTAGTTCCGGTG
DeepSeekBackend,deepseek-v4-flash,deepseek,1139,1325,2464,1024,1251,,,1785135205.5844908,1,4,success,False,14599,232,stage1_annotation,annotation,155704,E2L8_GACATCAGTATGGTAA
DeepSeekBackend,deepseek-v4-flash,deepseek,1123,582,1705,1024,522,,,1785135205.6556199,1,4,success,False,6219,175,stage1_annotation,annotation,14668,L2_ACCAACAAGGGAGAAT
DeepSeekBackend,deepseek-v4-flash,deepseek,1121,873,1994,1024,789,,,1785135205.9143438,1,4,success,False,9321,246,stage1_annotation,annotation,62826,L5_GTTGCTCCAACTGAAA
DeepSeekBackend,deepseek-v4-flash,deepseek,1120,895,2015,1024,841,,,1785135206.9379158,1,4,success,False,9682,172,stage1_annotation,annotation,48357,L4_GTGTGGCTCGCTTGCT
DeepSeekBackend,deepseek-v4-flash,deepseek,1115,391,1506,1024,314,,,1785135207.0615141,1,4,success,False,4446,247,stage1_annotation,annotation,100314,E2L3_TGAATGCAGTTACGTC
DeepSeekBackend,deepseek-v4-flash,deepseek,1129,1811,2940,1024,1806,,,1785135208.7476544,1,4,success,False,20506,7,stage1_annotation,annotation,93013,E2L3_ATGCGATGTATGACAA
DeepSeekBackend,deepseek-v4-flash,deepseek,1119,453,1572,1024,453,,,1785135209.1344283,1,4,success,False,5433,0,stage1_annotation,annotation,146255,E2L7_GTTCATTGTCTCAGAT
DeepSeekBackend,deepseek-v4-flash,deepseek,1120,2424,3544,1024,2272,,,1785135209.2202508,1,4,success,False,27404,514,stage1_annotation,annotation,26249,L2_TTCCAATAGTGTAGTA
DeepSeekBackend,deepseek-v4-flash,deepseek,1129,877,2006,1024,801,,,1785135210.0592437,1,4,success,False,9330,233,stage1_annotation,annotation,15869,L2_AGTAACCAGCAGCAGT
DeepSeekBackend,deepseek-v4-flash,deepseek,1115,853,1968,1024,792,,,1785135211.1752005,1,4,success,False,9774,186,stage1_annotation,annotation,69336,E2L1_ATCACTTGTCAATGGG
DeepSeekBackend,deepseek-v4-flash,deepseek,1128,927,2055,1024,878,,,1785135211.4787347,1,4,success,False,9318,156,stage1_annotation,annotation,38232,L3_TGTTGAGCACGACAAG
DeepSeekBackend,deepseek-v4-flash,deepseek,1128,797,1925,1024,728,,,1785135212.182891,1,4,success,False,7862,216,stage1_annotation,annotation,89568,E2L2_TGTCCACCATCCGGCA
DeepSeekBackend,deepseek-v4-flash,deepseek,1110,434,1544,1024,349,,,1785135212.4094183,1,4,success,False,5460,282,stage1_annotation,annotation,105471,E2L4_CATTCCGAGATGGCGT
DeepSeekBackend,deepseek-v4-flash,deepseek,1124,487,1611,1024,480,,,1785135212.754752,1,4,success,False,5682,17,stage1_annotation,annotation,104479,E2L4_ATTACCTAGATACAGT
DeepSeekBackend,deepseek-v4-flash,deepseek,1119,2843,3962,1024,2839,,,1785135212.7820296,1,4,success,False,30954,7,stage1_annotation,annotation,156994,E2L8_GGCTTGGAGCGAATGC
DeepSeekBackend,deepseek-v4-flash,deepseek,1127,1168,2295,1024,1101,,,1785135213.2267478,1,4,success,False,13193,201,stage1_annotation,annotation,36834,L3_TCCCATGCAGTATGAA
DeepSeekBackend,deepseek-v4-flash,deepseek,1121,724,1845,1024,640,,,1785135213.5375054,1,4,success,False,7869,266,stage1_annotation,annotation,123541,E2L5_TCTAACTAGTGCACTT
DeepSeekBackend,deepseek-v4-flash,deepseek,1132,777,1909,1024,696,,,1785135213.8738952,1,4,success,False,9088,284,stage1_annotation,annotation,52729,L5_AACCTGAAGCTCTATG
DeepSeekBackend,deepseek-v4-flash,deepseek,1155,380,1535,1024,335,,,1785135214.0330212,1,4,success,False,4898,117,stage1_annotation,annotation,146255,E2L7_GTTCATTGTCTCAGAT
DeepSeekBackend,deepseek-v4-flash,deepseek,1117,327,1444,1024,320,,,1785135215.2833993,1,4,success,False,4097,17,stage1_annotation,annotation,53200,L5_AATTCCTAGAACGCGT
DeepSeekBackend,deepseek-v4-flash,deepseek,1118,527,1645,1024,520,,,1785135215.3684988,1,4,success,False,6136,17,stage1_annotation,annotation,38307,L3_TTACCGCAGCCAGTAG
DeepSeekBackend,deepseek-v4-flash,deepseek,1119,2821,3940,1024,2816,,,1785135216.125641,1,4,success,False,33008,7,stage1_annotation,annotation,117839,E2L5_CGACAGCTCTCGGCTT
DeepSeekBackend,deepseek-v4-flash,deepseek,1125,1310,2435,1024,1204,,,1785135216.3079655,1,4,success,False,15272,360,stage1_annotation,annotation,9884,L1_TAACACGTCATTCGTT
DeepSeekBackend,deepseek-v4-flash,deepseek,1123,274,1397,1024,204,,,1785135217.3699925,1,4,success,False,3325,203,stage1_annotation,annotation,28052,L3_ACGTCCTCATCCGTGG
DeepSeekBackend,deepseek-v4-flash,deepseek,1131,306,1437,1024,232,,,1785135217.4799945,1,4,success,False,3594,258,stage1_annotation,annotation,92170,E2L3_AGCTTCCCACAATGTC
DeepSeekBackend,deepseek-v4-flash,deepseek,1121,3229,4350,1024,3146,,,1785135217.8298502,1,4,success,False,35203,254,stage1_annotation,annotation,161190,E2L8_TTCCAATCAGGAATCG
DeepSeekBackend,deepseek-v4-flash,deepseek,1122,463,1585,1024,361,,,1785135218.0592923,1,4,success,False,5294,335,stage1_annotation,annotation,84666,E2L2_GAGGGTAGTTTGAAAG
DeepSeekBackend,deepseek-v4-flash,deepseek,1119,578,1697,1024,506,,,1785135218.6236508,1,4,success,False,6430,254,stage1_annotation,annotation,127272,E2L6_AGGCTGCAGAGTCAAT
DeepSeekBackend,deepseek-v4-flash,deepseek,1119,494,1613,1024,405,,,1785135219.0235345,1,4,success,False,5786,284,stage1_annotation,annotation,62759,L5_GTTCGCTAGTACAGAT
DeepSeekBackend,deepseek-v4-flash,deepseek,1121,401,1522,1024,314,,,1785135219.4849832,1,4,success,False,4191,299,stage1_annotation,annotation,127301,E2L6_AGGGAGTTCCGAGTGC
DeepSeekBackend,deepseek-v4-flash,deepseek,1115,1395,2510,1024,1327,,,1785135219.8391447,1,4,success,False,14967,231,stage1_annotation,annotation,117114,E2L5_CATTGAGAGAGGTCAC
DeepSeekBackend,deepseek-v4-flash,deepseek,1127,1298,2425,1024,1225,,,1785135219.917164,1,4,success,False,14320,187,stage1_annotation,annotation,108368,E2L4_GCCAGGTTCTGTCGTC
DeepSeekBackend,deepseek-v4-flash,deepseek,1117,808,1925,1024,704,,,1785135219.9785063,1,4,success,False,8488,330,stage1_annotation,annotation,129079,E2L6_CATAGACTCGGTCTGG
DeepSeekBackend,deepseek-v4-flash,deepseek,1118,310,1428,1024,306,,,1785135220.020528,1,4,success,False,3700,7,stage1_annotation,annotation,19326,L2_CTATAGGGTTAGCGGA
DeepSeekBackend,deepseek-v4-flash,deepseek,1131,1496,2627,1024,1427,,,1785135220.5893795,1,4,success,False,15970,195,stage1_annotation,annotation,152387,E2L8_ATGGGAGTCTCGTGAA
DeepSeekBackend,deepseek-v4-flash,deepseek,1123,1337,2460,1024,1261,,,1785135222.304428,1,4,success,False,13545,244,stage1_annotation,annotation,144837,E2L7_GGAATCTAGGATTCCT
DeepSeekBackend,deepseek-v4-flash,deepseek,1121,1670,2791,1024,1581,,,1785135224.1799266,1,4,success,False,18252,322,stage1_annotation,annotation,83238,E2L2_CGGGTGTGTACTGTTG
DeepSeekBackend,deepseek-v4-flash,deepseek,1113,1225,2338,1024,1152,,,1785135224.9710276,1,4,success,False,11422,227,stage1_annotation,annotation,55993,L5_CAAAGAACACCCTATC
DeepSeekBackend,deepseek-v4-flash,deepseek,1120,898,2018,1024,809,,,1785135225.4636552,1,4,success,False,10084,286,stage1_annotation,annotation,136750,E2L6_TGTGTGAAGCCATATC
DeepSeekBackend,deepseek-v4-flash,deepseek,1121,761,1882,1024,756,,,1785135226.8236053,1,4,success,False,9442,7,stage1_annotation,annotation,123428,E2L5_TCGCTTGGTTCTGAGT
DeepSeekBackend,deepseek-v4-flash,deepseek,1115,971,2086,1024,888,,,1785135226.8598285,1,4,success,False,10723,258,stage1_annotation,annotation,45490,L4_GAAATGACATATTCGG
DeepSeekBackend,deepseek-v4-flash,deepseek,1126,1439,2565,1024,1436,,,1785135227.4645426,1,4,success,False,17395,3,stage1_annotation,annotation,113094,E2L4_TTGAGTGAGACATAGT
DeepSeekBackend,deepseek-v4-flash,deepseek,1127,941,2068,1024,877,,,1785135228.7710192,1,4,success,False,9737,215,stage1_annotation,annotation,106623,E2L4_CTACATTCATAGTCAC
DeepSeekBackend,deepseek-v4-flash,deepseek,1122,978,2100,1024,898,,,1785135229.1220531,1,4,success,False,11052,254,stage1_annotation,annotation,13245,L1_TTCTAGTTCGACATAC
DeepSeekBackend,deepseek-v4-flash,deepseek,1124,1104,2228,1024,1031,,,1785135231.3907986,1,4,success,False,11894,277,stage1_annotation,annotation,58793,L5_CTCCACATCTCGGTCT
DeepSeekBackend,deepseek-v4-flash,deepseek,1122,1084,2206,1024,1020,,,1785135231.8171108,1,4,success,False,11829,207,stage1_annotation,annotation,152811,E2L8_CAATCGACACTCAAGT
DeepSeekBackend,deepseek-v4-flash,deepseek,1112,634,1746,1024,560,,,1785135232.4179118,1,4,success,False,6939,248,stage1_annotation,annotation,40463,L4_ACTGATGGTTCGATTG
DeepSeekBackend,deepseek-v4-flash,deepseek,1117,1962,3079,1024,1880,,,1785135232.7303877,1,4,success,False,20306,270,stage1_annotation,annotation,87884,E2L2_TCACGGGTCTTGCAGA
DeepSeekBackend,deepseek-v4-flash,deepseek,1120,1938,3058,1024,1843,,,1785135233.878427,1,4,success,False,21083,333,stage1_annotation,annotation,1209,L1_ACGTAGTGTAATTAGG
DeepSeekBackend,deepseek-v4-flash,deepseek,1123,1230,2353,1024,1225,,,1785135234.1679142,1,4,success,False,14239,7,stage1_annotation,annotation,34243,L3_GGATCTAAGCTGTTAC
DeepSeekBackend,deepseek-v4-flash,deepseek,1117,1547,2664,1024,1465,,,1785135236.3474543,1,4,success,False,16498,284,stage1_annotation,annotation,127716,E2L6_ATAGAGAAGCCGTCGT
DeepSeekBackend,deepseek-v4-flash,deepseek,1121,866,1987,1024,792,,,1785135236.4427702,1,4,success,False,8961,279,stage1_annotation,annotation,93285,E2L3_ATTTCACTCGCCGTGA
DeepSeekBackend,deepseek-v4-flash,deepseek,1129,931,2060,1024,865,,,1785135236.6817849,1,4,success,False,9848,214,stage1_annotation,annotation,29986,L3_CAAGCTAGTATCAGGG
DeepSeekBackend,deepseek-v4-flash,deepseek,1112,1877,2989,1024,1872,,,1785135238.1895874,1,4,success,False,20695,7,stage1_annotation,annotation,39192,L4_AAAGGGCTCCTTATCA
DeepSeekBackend,deepseek-v4-flash,deepseek,1125,519,1644,1024,431,,,1785135239.233954,1,4,success,False,6493,349,stage1_annotation,annotation,65910,L5_TGTGGCGCATTGCAAC
DeepSeekBackend,deepseek-v4-flash,deepseek,1122,636,1758,1024,533,,,1785135239.578863,1,4,success,False,7150,335,stage1_annotation,annotation,36899,L3_TCCTCCCTCCTCTCGA
DeepSeekBackend,deepseek-v4-flash,deepseek,1123,596,1719,1024,594,,,1785135240.2476432,1,4,success,False,6068,2,stage1_annotation,annotation,90208,E2L2_TTGAGTGCAGTTTCGA
DeepSeekBackend,deepseek-v4-flash,deepseek,1127,1179,2306,1024,1175,,,1785135241.8912635,1,4,success,False,12758,7,stage1_annotation,annotation,76840,E2L1_TCTGCCACACACCGAC
DeepSeekBackend,deepseek-v4-flash,deepseek,1122,1976,3098,1024,1887,,,1785135242.1554983,1,4,success,False,21553,314,stage1_annotation,annotation,24955,L2_TCTTCCTAGCCTCTTC
DeepSeekBackend,deepseek-v4-flash,deepseek,1126,762,1888,1024,685,,,1785135242.2454178,1,4,success,False,8354,252,stage1_annotation,annotation,124055,E2L5_TGCATGAAGCGTATAA
DeepSeekBackend,deepseek-v4-flash,deepseek,1128,560,1688,1024,556,,,1785135242.4177885,1,4,success,False,5964,7,stage1_annotation,annotation,132413,E2L6_GCCAGGTCACTGTTCC
DeepSeekBackend,deepseek-v4-flash,deepseek,1136,1533,2669,1024,1449,,,1785135243.3020477,1,4,success,False,16427,249,stage1_annotation,annotation,103904,E2L4_AGTGACTCAGGTATGG
DeepSeekBackend,deepseek-v4-flash,deepseek,1130,646,1776,1024,569,,,1785135243.3166232,1,4,success,False,6623,294,stage1_annotation,annotation,81605,E2L2_CACACAATCTGAGAGG
DeepSeekBackend,deepseek-v4-flash,deepseek,1131,1425,2556,1024,1423,,,1785135244.3107045,1,4,success,False,15529,2,stage1_annotation,annotation,140655,E2L7_CAACCTCCAGCTGAGA
DeepSeekBackend,deepseek-v4-flash,deepseek,1130,589,1719,1024,519,,,1785135246.386459,1,4,success,False,6797,232,stage1_annotation,annotation,8590,L1_GGGTTATTCTGGTCAA
DeepSeekBackend,deepseek-v4-flash,deepseek,1117,316,1433,1024,263,,,1785135246.4665058,1,4,success,False,3140,158,stage1_annotation,annotation,122483,E2L5_TAGGTACAGCCTATTG
DeepSeekBackend,deepseek-v4-flash,deepseek,1132,679,1811,1024,616,,,1785135246.4747145,1,4,success,False,7230,199,stage1_annotation,annotation,137289,E2L6_TTGAGTGAGGTGCGAT
DeepSeekBackend,deepseek-v4-flash,deepseek,1125,421,1546,1024,345,,,1785135246.6955671,1,4,success,False,4530,242,stage1_annotation,annotation,49199,L4_TATCGCCTCGACACCG
DeepSeekBackend,deepseek-v4-flash,deepseek,1122,2523,3645,1024,2518,,,1785135247.0540345,1,4,success,False,29205,7,stage1_annotation,annotation,76554,E2L1_TCGATTTAGGAAAGGT
DeepSeekBackend,deepseek-v4-flash,deepseek,1118,2123,3241,1024,2020,,,1785135247.616955,1,4,success,False,22635,392,stage1_annotation,annotation,125339,E2L5_TTTAGTCGTTAACCTG
DeepSeekBackend,deepseek-v4-flash,deepseek,1131,642,1773,1024,573,,,1785135247.7022488,1,4,success,False,7439,199,stage1_annotation,annotation,91900,E2L3_AGACACTCAAACAGGC
DeepSeekBackend,deepseek-v4-flash,deepseek,1116,324,1440,1024,275,,,1785135249.6965544,1,4,success,False,3209,161,stage1_annotation,annotation,144736,E2L7_GCTGAATGTTCGAAGG
DeepSeekBackend,deepseek-v4-flash,deepseek,1115,408,1523,1024,350,,,1785135250.1992419,1,4,success,False,3718,174,stage1_annotation,annotation,114282,E2L5_ACCATTTTCGGCATAT
DeepSeekBackend,deepseek-v4-flash,deepseek,1119,307,1426,1024,258,,,1785135250.382478,1,4,success,False,3315,154,stage1_annotation,annotation,14287,L2_AAGTCGTGTCGTATTG
DeepSeekBackend,deepseek-v4-flash,deepseek,1124,247,1371,1024,243,,,1785135250.661208,1,4,success,False,3025,9,stage1_annotation,annotation,88438,E2L2_TCGACGGTCAAACCCA
DeepSeekBackend,deepseek-v4-flash,deepseek,1123,744,1867,1024,674,,,1785135251.761727,1,4,success,False,7438,238,stage1_annotation,annotation,101573,E2L3_TTGCTGCGTAATCAGA
DeepSeekBackend,deepseek-v4-flash,deepseek,1127,888,2015,1024,794,,,1785135252.0086963,1,4,success,False,10107,307,stage1_annotation,annotation,144126,E2L7_GATCACACAAAGAGTT
DeepSeekBackend,deepseek-v4-flash,deepseek,1121,1286,2407,1024,1282,,,1785135252.1019175,1,4,success,False,13901,7,stage1_annotation,annotation,116096,E2L5_ATTCACTTCCTCTTTC
DeepSeekBackend,deepseek-v4-flash,deepseek,1138,1913,3051,1024,1847,,,1785135252.1120422,1,4,success,False,20282,233,stage1_annotation,annotation,96144,E2L3_GACCGTGCATAATGAG
DeepSeekBackend,deepseek-v4-flash,deepseek,1122,498,1620,1024,441,,,1785135252.1442156,1,4,success,False,5435,162,stage1_annotation,annotation,155361,E2L8_CTTAGGAGTAGAGGAA
DeepSeekBackend,deepseek-v4-flash,deepseek,1113,1932,3045,1024,1847,,,1785135252.2185977,1,4,success,False,20817,300,stage1_annotation,annotation,159410,E2L8_TCCATGCCATACTGTG
DeepSeekBackend,deepseek-v4-flash,deepseek,1118,939,2057,1024,880,,,1785135252.5702686,1,4,success,False,9256,219,stage1_annotation,annotation,79944,E2L2_AGACCCGTCGCTTGAA
DeepSeekBackend,deepseek-v4-flash,deepseek,1125,3159,4284,1024,3067,,,1785135252.8205721,1,4,success,False,34184,344,stage1_annotation,annotation,32084,L3_CTACCTGGTGCATGTT
DeepSeekBackend,deepseek-v4-flash,deepseek,1126,246,1372,1024,187,,,1785135253.4335856,1,4,success,False,2758,201,stage1_annotation,annotation,120178,E2L5_GCCCAGAAGACCAGAC
DeepSeekBackend,deepseek-v4-flash,deepseek,1126,1057,2183,1024,985,,,1785135253.494544,1,4,success,False,11067,230,stage1_annotation,annotation,127172,E2L6_AGGAAATTCCGATGTA
DeepSeekBackend,deepseek-v4-flash,deepseek,1132,275,1407,1024,214,,,1785135253.7846973,1,4,success,False,3392,167,stage1_annotation,annotation,19134,L2_CGTTAGAGTCTGCATA
DeepSeekBackend,deepseek-v4-flash,deepseek,1133,1109,2242,1024,1020,,,1785135254.6703486,1,4,success,False,12414,270,stage1_annotation,annotation,133796,E2L6_GTCTTTACAATCCTAG
DeepSeekBackend,deepseek-v4-flash,deepseek,1132,184,1316,1024,180,,,1785135254.672877,1,4,success,False,2091,5,stage1_annotation,annotation,23815,L2_TATTGCTGTTAAACCC
DeepSeekBackend,deepseek-v4-flash,deepseek,1115,133,1248,1024,130,,,1785135254.9774292,1,4,success,False,2821,8,stage1_annotation,annotation,124007,E2L5_TGCAGATTCTCAGTCC
DeepSeekBackend,deepseek-v4-flash,deepseek,1112,651,1763,1024,603,,,1785135255.3784058,1,4,success,False,5669,187,stage1_annotation,annotation,128421,E2L6_CAAAGAAGTTGGGCCT
DeepSeekBackend,deepseek-v4-flash,deepseek,1127,395,1522,1024,391,,,1785135255.9056206,1,4,success,False,4130,9,stage1_annotation,annotation,92341,E2L3_AGGGTTTGTTCAGTAC
DeepSeekBackend,deepseek-v4-flash,deepseek,1134,361,1495,1024,357,,,1785135256.0347579,1,4,success,False,3805,5,stage1_annotation,annotation,18588,L2_CCTTTGGTCTGGACCG
DeepSeekBackend,deepseek-v4-flash,deepseek,1133,277,1410,1024,203,,,1785135256.3476684,1,4,success,False,3512,218,stage1_annotation,annotation,145486,E2L7_GTAATCGTCAGACCGC
DeepSeekBackend,deepseek-v4-flash,deepseek,1132,278,1410,1024,198,,,1785135256.8677034,1,4,success,False,3359,293,stage1_annotation,annotation,13294,L1_TTCTTGACAATAACGA
DeepSeekBackend,deepseek-v4-flash,deepseek,1119,3213,4332,1024,3210,,,1785135257.1695526,1,4,success,False,34855,7,stage1_annotation,annotation,145909,E2L7_GTGAGCCGTAGCTCGC
DeepSeekBackend,deepseek-v4-flash,deepseek,1131,389,1520,1024,335,,,1785135258.2104788,1,4,success,False,4414,200,stage1_annotation,annotation,39282,L4_AACAACCTCAACCCGG
DeepSeekBackend,deepseek-v4-flash,deepseek,1113,683,1796,1024,606,,,1785135258.6879048,1,4,success,False,6665,334,stage1_annotation,annotation,121317,E2L5_GTCAAGTTCTCCCATG
DeepSeekBackend,deepseek-v4-flash,deepseek,1112,779,1891,1024,776,,,1785135258.8412755,1,4,success,False,8631,8,stage1_annotation,annotation,128601,E2L6_CAATCGATCGATTCCC
DeepSeekBackend,deepseek-v4-flash,deepseek,1127,368,1495,1024,364,,,1785135258.9123547,1,4,success,False,4222,5,stage1_annotation,annotation,151229,E2L8_AGAGCAGAGTTGTCGT
DeepSeekBackend,deepseek-v4-flash,deepseek,1120,3568,4688,1024,3468,,,1785135258.9453306,1,4,success,False,38913,346,stage1_annotation,annotation,159633,E2L8_TCGAAGTCATGATGCT
DeepSeekBackend,deepseek-v4-flash,deepseek,1123,1026,2149,1024,954,,,1785135258.9823077,1,4,success,False,11262,299,stage1_annotation,annotation,33223,L3_GAGAGGTGTATCACCA
DeepSeekBackend,deepseek-v4-flash,deepseek,1130,391,1521,1024,297,,,1785135259.0101728,1,4,success,False,4326,320,stage1_annotation,annotation,12655,L1_TGTCCTGCAACTGCCG
DeepSeekBackend,deepseek-v4-flash,deepseek,1144,594,1738,1024,505,,,1785135259.0926576,1,4,success,False,6968,266,stage1_annotation,annotation,141622,E2L7_CCACGTTCAAGTTTGC
DeepSeekBackend,deepseek-v4-flash,deepseek,1134,491,1625,1024,401,,,1785135259.9779496,1,4,success,False,4990,342,stage1_annotation,annotation,33971,L3_GCGTGCAAGTAGGATT
DeepSeekBackend,deepseek-v4-flash,deepseek,1132,447,1579,1024,384,,,1785135260.5682225,1,4,success,False,5179,207,stage1_annotation,annotation,23918,L2_TCACAAGTCCTCATAT
DeepSeekBackend,deepseek-v4-flash,deepseek,1132,461,1593,1024,391,,,1785135260.6925032,1,4,success,False,4650,221,stage1_annotation,annotation,18386,L2_CCTATCGGTATCTCTT
DeepSeekBackend,deepseek-v4-flash,deepseek,1125,2208,3333,1024,2204,,,1785135261.061161,1,4,success,False,24703,7,stage1_annotation,annotation,146216,E2L7_GTTAGACGTGCCCTTT
DeepSeekBackend,deepseek-v4-flash,deepseek,1131,393,1524,1024,308,,,1785135261.5669487,1,4,success,False,4385,315,stage1_annotation,annotation,14599,L2_ACATCCCCAGCTGAGA
DeepSeekBackend,deepseek-v4-flash,deepseek,1131,596,1727,1024,543,,,1785135261.7640462,1,4,success,False,5848,173,stage1_annotation,annotation,72294,E2L1_CTGATCCGTAGCGTCC
DeepSeekBackend,deepseek-v4-flash,deepseek,1122,798,1920,1024,742,,,1785135262.2238588,1,4,success,False,8779,183,stage1_annotation,annotation,57669,L5_CCTCCTCTCACCTTGC
DeepSeekBackend,deepseek-v4-flash,deepseek,1130,553,1683,1024,500,,,1785135262.5107193,1,4,success,False,5631,152,stage1_annotation,annotation,124470,E2L5_TGTCCTGGTTGGAGAC
DeepSeekBackend,deepseek-v4-flash,deepseek,1127,419,1546,1024,327,,,1785135262.8990626,1,4,success,False,4202,349,stage1_annotation,annotation,26043,L2_TTACAGGGTTCGGTAT
DeepSeekBackend,deepseek-v4-flash,deepseek,1142,614,1756,1024,559,,,1785135263.0009615,1,4,success,False,6639,188,stage1_annotation,annotation,155480,E2L8_CTTTCAAAGGCACGAT
DeepSeekBackend,deepseek-v4-flash,deepseek,1127,372,1499,1024,311,,,1785135263.1444411,1,4,success,False,4292,203,stage1_annotation,annotation,30861,L3_CCACAAAAGAGGGCGA
DeepSeekBackend,deepseek-v4-flash,deepseek,1140,455,1595,1024,389,,,1785135263.5976415,1,4,success,False,4674,223,stage1_annotation,annotation,52517,L5_AAAGGTACACGCGCTA
DeepSeekBackend,deepseek-v4-flash,deepseek,1129,264,1393,1024,182,,,1785135263.7836347,1,4,success,False,3203,269,stage1_annotation,annotation,43714,L4_CCGGTGACACACAGCC
DeepSeekBackend,deepseek-v4-flash,deepseek,1123,616,1739,1024,559,,,1785135264.1961257,1,4,success,False,5974,193,stage1_annotation,annotation,39538,L4_AAGATAGTCGCGATCG
DeepSeekBackend,deepseek-v4-flash,deepseek,1130,393,1523,1024,327,,,1785135264.4225922,1,4,success,False,4430,254,stage1_annotation,annotation,61719,L5_GGTTCTCGTTCCAGGC
DeepSeekBackend,deepseek-v4-flash,deepseek,1129,627,1756,1024,553,,,1785135265.0074105,1,4,success,False,6050,242,stage1_annotation,annotation,155438,E2L8_CTTCTCTAGTATAGGT
DeepSeekBackend,deepseek-v4-flash,deepseek,1126,609,1735,1024,536,,,1785135266.213649,1,4,success,False,7109,266,stage1_annotation,annotation,41436,L4_AGTCTCCAGCCACAAG
DeepSeekBackend,deepseek-v4-flash,deepseek,1124,612,1736,1024,542,,,1785135266.2674892,1,4,success,False,7274,234,stage1_annotation,annotation,55605,L5_ATGCGATTCCAGTGCG
DeepSeekBackend,deepseek-v4-flash,deepseek,1115,3969,5084,1024,3966,,,1785135268.5370374,1,4,success,False,44344,4,stage1_annotation,annotation,8032,L1_GCTGCAGGTTCTCACC
DeepSeekBackend,deepseek-v4-flash,deepseek,1120,1508,2628,1024,1460,,,1785135268.7680604,1,4,success,False,16650,144,stage1_annotation,annotation,42687,L4_CACGTGGAGTCATCGT
DeepSeekBackend,deepseek-v4-flash,deepseek,1119,2110,3229,1024,2106,,,1785135269.6448915,1,4,success,False,23245,9,stage1_annotation,annotation,95626,E2L3_CTGCATCAGGCTCCCA
DeepSeekBackend,deepseek-v4-flash,deepseek,1124,166,1290,1024,162,,,1785135270.7564569,1,4,success,False,2086,4,stage1_annotation,annotation,42109,L4_ATGTCTTCAGAAGCTG
DeepSeekBackend,deepseek-v4-flash,deepseek,1126,158,1284,1024,99,,,1785135270.8137429,1,4,success,False,2160,208,stage1_annotation,annotation,8644,L1_GGTAGAGCACACCAGC
DeepSeekBackend,deepseek-v4-flash,deepseek,1126,191,1317,1024,132,,,1785135271.1162739,1,4,success,False,2425,210,stage1_annotation,annotation,98640,E2L3_TAACGACAGCCTTTGA
DeepSeekBackend,deepseek-v4-flash,deepseek,1130,183,1313,1024,115,,,1785135271.1709998,1,4,success,False,2407,262,stage1_annotation,annotation,8477,L1_GGGCTCAGTCTGTAGT
DeepSeekBackend,deepseek-v4-flash,deepseek,1128,252,1380,1024,206,,,1785135271.373424,1,4,success,False,2768,149,stage1_annotation,annotation,13631,L1_TTTCAGTTCCATACTT
DeepSeekBackend,deepseek-v4-flash,deepseek,1129,275,1404,1024,217,,,1785135272.085265,1,4,success,False,3456,219,stage1_annotation,annotation,45808,L4_GACTTCCAGGGTGGGA
DeepSeekBackend,deepseek-v4-flash,deepseek,1123,449,1572,1024,445,,,1785135273.6267602,1,4,success,False,4887,4,stage1_annotation,annotation,35883,L3_TACCCGTCAGTGGCTC
DeepSeekBackend,deepseek-v4-flash,deepseek,1128,485,1613,1024,406,,,1785135273.9169333,1,4,success,False,5165,275,stage1_annotation,annotation,89000,E2L2_TGAGTCAGTCCTTAAG
DeepSeekBackend,deepseek-v4-flash,deepseek,1127,534,1661,1024,530,,,1785135274.369024,1,4,success,False,5639,4,stage1_annotation,annotation,10570,L1_TCAAGACAGGCACTAG
DeepSeekBackend,deepseek-v4-flash,deepseek,1124,637,1761,1024,585,,,1785135275.4806056,1,4,success,False,6888,179,stage1_annotation,annotation,67052,L5_TTTGGAGGTGGTGATG
DeepSeekBackend,deepseek-v4-flash,deepseek,1127,630,1757,1024,553,,,1785135275.6544018,1,4,success,False,6969,268,stage1_annotation,annotation,53539,L5_ACCCTCAAGAGGCGTT
DeepSeekBackend,deepseek-v4-flash,deepseek,1122,711,1833,1024,651,,,1785135275.9908361,1,4,success,False,7417,184,stage1_annotation,annotation,11418,L1_TCGGGACAGCTACGTT
DeepSeekBackend,deepseek-v4-flash,deepseek,1127,682,1809,1024,609,,,1785135276.3068056,1,4,success,False,7694,277,stage1_annotation,annotation,49784,L4_TCCCACACATGCAGCC
DeepSeekBackend,deepseek-v4-flash,deepseek,1136,940,2076,1024,887,,,1785135278.432961,1,4,success,False,9751,182,stage1_annotation,annotation,38438,L3_TTCAATCTCGGTGTTA
DeepSeekBackend,deepseek-v4-flash,deepseek,1122,663,1785,1024,589,,,1785135278.9473362,1,4,success,False,7767,253,stage1_annotation,annotation,101433,E2L3_TTCTAGTCAACCACGC
DeepSeekBackend,deepseek-v4-flash,deepseek,1130,695,1825,1024,632,,,1785135279.8130865,1,4,success,False,8429,258,stage1_annotation,annotation,129230,E2L6_CATGGTAAGTCGAAGC
DeepSeekBackend,deepseek-v4-flash,deepseek,1133,1156,2289,1024,1113,,,1785135280.8331034,1,4,success,False,12194,151,stage1_annotation,annotation,44537,L4_CTAACTTGTTGTGGAG
DeepSeekBackend,deepseek-v4-flash,deepseek,1131,614,1745,1024,547,,,1785135282.6243532,1,4,success,False,7132,218,stage1_annotation,annotation,71794,E2L1_CGTTAGACACACGTGC
DeepSeekBackend,deepseek-v4-flash,deepseek,1126,1142,2268,1024,1060,,,1785135284.2860656,1,4,success,False,13155,301,stage1_annotation,annotation,114471,E2L5_ACGTAGTTCCGACGGT
DeepSeekBackend,deepseek-v4-flash,deepseek,1114,877,1991,1024,807,,,1785135284.5737584,1,4,success,False,10645,241,stage1_annotation,annotation,145306,E2L7_GGTCACGCAGTTGAAA
DeepSeekBackend,deepseek-v4-flash,deepseek,1117,770,1887,1024,664,,,1785135284.5945497,1,4,success,False,8930,383,stage1_annotation,annotation,151971,E2L8_ATACCTTTCCTGTAAG
DeepSeekBackend,deepseek-v4-flash,deepseek,1129,963,2092,1024,892,,,1785135284.795081,1,4,success,False,10417,226,stage1_annotation,annotation,104650,E2L4_ATTTCACTCTATCGTT
DeepSeekBackend,deepseek-v4-flash,deepseek,1129,1069,2198,1024,983,,,1785135284.9793782,1,4,success,False,14155,299,stage1_annotation,annotation,81719,E2L2_CACTAAGAGTTCAACC
DeepSeekBackend,deepseek-v4-flash,deepseek,1125,1036,2161,1024,958,,,1785135285.3012977,1,4,success,False,11664,257,stage1_annotation,annotation,6012,L1_CTCCCAAAGAGTCGAC
DeepSeekBackend,deepseek-v4-flash,deepseek,1134,2622,3756,1024,2618,,,1785135285.7044482,1,4,success,False,26683,4,stage1_annotation,annotation,83461,E2L2_CTACCCACAGTTAGGG
DeepSeekBackend,deepseek-v4-flash,deepseek,1125,1285,2410,1024,1216,,,1785135285.7243414,1,4,success,False,13629,242,stage1_annotation,annotation,81942,E2L2_CAGTGCGGTATGAGCG
DeepSeekBackend,deepseek-v4-flash,deepseek,1116,902,2018,1024,899,,,1785135288.941369,1,4,success,False,10496,3,stage1_annotation,annotation,157008,E2L8_GGCTTGGTCAAGTAAG
DeepSeekBackend,deepseek-v4-flash,deepseek,1116,1864,2980,1024,1859,,,1785135289.7287722,1,4,success,False,20059,7,stage1_annotation,annotation,160458,E2L8_TGCTGAATCATCTATC
DeepSeekBackend,deepseek-v4-flash,deepseek,1118,1171,2289,1024,1166,,,1785135290.062519,1,4,success,False,14062,7,stage1_annotation,annotation,117758,E2L5_CCTGCATTCGTCGGGT
DeepSeekBackend,deepseek-v4-flash,deepseek,1125,983,2108,1024,916,,,1785135291.158196,1,4,success,False,10313,214,stage1_annotation,annotation,19706,L2_CTGATCCCAACATCGT
DeepSeekBackend,deepseek-v4-flash,deepseek,1122,1419,2541,1024,1346,,,1785135292.2069035,1,4,success,False,15890,216,stage1_annotation,annotation,25281,L2_TGCACGGTCTGCATGA
DeepSeekBackend,deepseek-v4-flash,deepseek,1125,1076,2201,1024,1012,,,1785135293.7471097,1,4,success,False,11108,200,stage1_annotation,annotation,94593,E2L3_CCTCTCCAGCAGGCTA
DeepSeekBackend,deepseek-v4-flash,deepseek,1128,2123,3251,1024,2120,,,1785135293.8131225,1,4,success,False,25107,7,stage1_annotation,annotation,123550,E2L5_TCTAACTTCCTCGCAT
DeepSeekBackend,deepseek-v4-flash,deepseek,1119,1211,2330,1024,1207,,,1785135294.0160997,1,4,success,False,15058,7,stage1_annotation,annotation,19161,L2_CGTTGGGCACATGGTT
DeepSeekBackend,deepseek-v4-flash,deepseek,1129,743,1872,1024,684,,,1785135294.5095954,1,4,success,False,8789,193,stage1_annotation,annotation,99686,E2L3_TCCCACAGTGAGTAGC
DeepSeekBackend,deepseek-v4-flash,deepseek,1129,2269,3398,1024,2212,,,1785135295.2145178,1,4,success,False,24446,186,stage1_annotation,annotation,71477,E2L1_CGATGGCGTGTTGACT
DeepSeekBackend,deepseek-v4-flash,deepseek,1118,781,1899,1024,718,,,1785135295.250039,1,4,success,False,9938,226,stage1_annotation,annotation,59130,L5_CTGGACGCAGTAACGG
DeepSeekBackend,deepseek-v4-flash,deepseek,1125,2387,3512,1024,2384,,,1785135295.3414562,1,4,success,False,26569,3,stage1_annotation,annotation,24812,L2_TCTACATTCCTGTTGC
DeepSeekBackend,deepseek-v4-flash,deepseek,1119,1300,2419,1024,1297,,,1785135298.953003,1,4,success,False,14368,4,stage1_annotation,annotation,18049,L2_CCACTTGAGTACAGCG
DeepSeekBackend,deepseek-v4-flash,deepseek,1132,639,1771,1024,545,,,1785135299.7422981,1,4,success,False,7525,305,stage1_annotation,annotation,149109,E2L7_TTCACCGTCCGCAAAT
DeepSeekBackend,deepseek-v4-flash,deepseek,1126,1743,2869,1024,1673,,,1785135300.8952973,1,4,success,False,21068,234,stage1_annotation,annotation,40100,L4_ACCCTCATCACCGGGT
DeepSeekBackend,deepseek-v4-flash,deepseek,1123,1449,2572,1024,1446,,,1785135301.762863,1,4,success,False,16030,4,stage1_annotation,annotation,49141,L4_TATACCTGTAGATGTA
DeepSeekBackend,deepseek-v4-flash,deepseek,1123,1457,2580,1024,1454,,,1785135302.3202777,1,4,success,False,18023,4,stage1_annotation,annotation,106770,E2L4_CTCAATTAGAAACTCA
DeepSeekBackend,deepseek-v4-flash,deepseek,1127,754,1881,1024,700,,,1785135302.6076992,1,4,success,False,8087,134,stage1_annotation,annotation,92254,E2L3_AGGCATTCAAGCGAAC
DeepSeekBackend,deepseek-v4-flash,deepseek,1114,1277,2391,1024,1205,,,1785135303.8511994,1,4,success,False,14898,202,stage1_annotation,annotation,34476,L3_GGGCTACAGAGGGCGA
DeepSeekBackend,deepseek-v4-flash,deepseek,1131,312,1443,1024,310,,,1785135304.2158356,1,4,success,False,4460,2,stage1_annotation,annotation,84815,E2L2_GATCATGGTAACGGTG
DeepSeekBackend,deepseek-v4-flash,deepseek,1126,3304,4430,1024,3222,,,1785135305.4072394,1,4,success,False,36618,279,stage1_annotation,annotation,86295,E2L2_GTAGTACCAAGTTCCA
DeepSeekBackend,deepseek-v4-flash,deepseek,1127,845,1972,1024,759,,,1785135305.420341,1,4,success,False,10068,273,stage1_annotation,annotation,6614,L1_GAAACCTTCGCCAACG
DeepSeekBackend,deepseek-v4-flash,deepseek,1126,1317,2443,1024,1217,,,1785135305.7795541,1,4,success,False,15706,316,stage1_annotation,annotation,70951,E2L1_CCCGGAATCGTGACTA
DeepSeekBackend,deepseek-v4-flash,deepseek,1134,974,2108,1024,971,,,1785135305.9354165,1,4,success,False,12177,4,stage1_annotation,annotation,144073,E2L7_GAGTTACGTAATACCC
DeepSeekBackend,deepseek-v4-flash,deepseek,1125,1009,2134,1024,1006,,,1785135306.1061773,1,4,success,False,12078,4,stage1_annotation,annotation,42278,L4_ATTGGGTAGCGAGGAG
DeepSeekBackend,deepseek-v4-flash,deepseek,1126,627,1753,1024,525,,,1785135306.4806488,1,4,success,False,7516,295,stage1_annotation,annotation,25257,L2_TGATTTCAGTGAGGCT
DeepSeekBackend,deepseek-v4-flash,deepseek,1125,1041,2166,1024,968,,,1785135306.7123766,1,4,success,False,11452,202,stage1_annotation,annotation,25377,L2_TGCGACGAGATTCGAA
DeepSeekBackend,deepseek-v4-flash,deepseek,1124,1093,2217,1024,1090,,,1785135307.00711,1,4,success,False,13183,4,stage1_annotation,annotation,34742,L3_GGTTCTCTCAACGAGG
DeepSeekBackend,deepseek-v4-flash,deepseek,1127,445,1572,1024,368,,,1785135307.1340868,1,4,success,False,6231,276,stage1_annotation,annotation,96706,E2L3_GCAGGCTAGGTTGACG
DeepSeekBackend,deepseek-v4-flash,deepseek,1118,1913,3031,1024,1848,,,1785135307.4338207,1,4,success,False,22441,215,stage1_annotation,annotation,17078,L2_CAAGACTTCAAGAGTA
DeepSeekBackend,deepseek-v4-flash,deepseek,1129,2018,3147,1024,2015,,,1785135307.6843324,1,4,success,False,23081,4,stage1_annotation,annotation,29212,L3_ATCACAGGTTGTAGCT
DeepSeekBackend,deepseek-v4-flash,deepseek,1130,224,1354,1024,222,,,1785135309.3838344,1,4,success,False,2891,2,stage1_annotation,annotation,84175,E2L2_CTTGATTAGTTGGACG
DeepSeekBackend,deepseek-v4-flash,deepseek,1129,483,1612,1024,426,,,1785135309.398855,1,4,success,False,5169,199,stage1_annotation,annotation,82617,E2L2_CCGGGTACATGACAGG
DeepSeekBackend,deepseek-v4-flash,deepseek,1122,380,1502,1024,378,,,1785135309.431147,1,4,success,False,5569,2,stage1_annotation,annotation,136872,E2L6_TTACAGGTCGAGAAGC
DeepSeekBackend,deepseek-v4-flash,deepseek,1133,303,1436,1024,244,,,1785135309.5229712,1,4,success,False,3733,178,stage1_annotation,annotation,110134,E2L4_GTTGCTCCACACCAGC
DeepSeekBackend,deepseek-v4-flash,deepseek,1117,642,1759,1024,551,,,1785135310.109638,1,4,success,False,7775,322,stage1_annotation,annotation,122322,E2L5_TACGGGCGTGACTAAA
DeepSeekBackend,deepseek-v4-flash,deepseek,1123,374,1497,1024,372,,,1785135310.7620223,1,4,success,False,4816,2,stage1_annotation,annotation,117094,E2L5_CATTCCGCACTCTAGA
DeepSeekBackend,deepseek-v4-flash,deepseek,1120,360,1480,1024,358,,,1785135310.8822563,1,4,success,False,4765,2,stage1_annotation,annotation,157111,E2L8_GGGATGAGTTGGGTTT
DeepSeekBackend,deepseek-v4-flash,deepseek,1122,456,1578,1024,366,,,1785135311.1666212,1,4,success,False,5739,300,stage1_annotation,annotation,19992,L2_CTTCCTTGTGCATGAG
DeepSeekBackend,deepseek-v4-flash,deepseek,1116,349,1465,1024,347,,,1785135311.5323362,1,4,success,False,4388,2,stage1_annotation,annotation,103140,E2L4_ACTTCGCCAAGCGCAA
DeepSeekBackend,deepseek-v4-flash,deepseek,1112,2167,3279,1024,2061,,,1785135311.6081927,1,4,success,False,26803,361,stage1_annotation,annotation,61838,L5_GTACAACGTACTGCGC
DeepSeekBackend,deepseek-v4-flash,deepseek,1125,483,1608,1024,417,,,1785135312.9759002,1,4,success,False,5531,202,stage1_annotation,annotation,143854,E2L7_GACTGATGTGTCTAAC
DeepSeekBackend,deepseek-v4-flash,deepseek,1121,494,1615,1024,421,,,1785135313.6585002,1,4,success,False,5961,266,stage1_annotation,annotation,103051,E2L4_ACTCTCGAGGTTGAGC
DeepSeekBackend,deepseek-v4-flash,deepseek,1125,636,1761,1024,558,,,1785135314.8592088,1,4,success,False,7840,256,stage1_annotation,annotation,2631,L1_ATCACTTTCACGGGAA
DeepSeekBackend,deepseek-v4-flash,deepseek,1121,463,1584,1024,381,,,1785135314.9553354,1,4,success,False,5514,293,stage1_annotation,annotation,20996,L2_GCACGGTAGAGCAGCT
DeepSeekBackend,deepseek-v4-flash,deepseek,1117,507,1624,1024,414,,,1785135315.1158755,1,4,success,False,5719,319,stage1_annotation,annotation,36977,L3_TCCTTTCTCGACTCCT
DeepSeekBackend,deepseek-v4-flash,deepseek,1130,486,1616,1024,420,,,1785135315.3954973,1,4,success,False,5862,209,stage1_annotation,annotation,1215,L1_ACGTCCTCAATCCTTT
DeepSeekBackend,deepseek-v4-flash,deepseek,1140,315,1455,1024,313,,,1785135315.70851,1,4,success,False,4531,2,stage1_annotation,annotation,144019,E2L7_GAGTCATAGGTTTGAA
DeepSeekBackend,deepseek-v4-flash,deepseek,1140,1768,2908,1024,1681,,,1785135315.7593641,1,4,success,False,20534,291,stage1_annotation,annotation,9197,L1_GTCCTCAGTGTTTACG
DeepSeekBackend,deepseek-v4-flash,deepseek,1120,1193,2313,1024,1117,,,1785135315.8909352,1,4,success,False,13268,263,stage1_annotation,annotation,63159,L5_TACCCGTCAGCGCGTT
DeepSeekBackend,deepseek-v4-flash,deepseek,1119,618,1737,1024,548,,,1785135316.7583747,1,4,success,False,6637,234,stage1_annotation,annotation,2389,L1_AGTGACTTCGCTGATA
DeepSeekBackend,deepseek-v4-flash,deepseek,1126,790,1916,1024,696,,,1785135316.9051187,1,4,success,False,7500,265,stage1_annotation,annotation,133540,E2L6_GTAGTACTCATTACGG
DeepSeekBackend,deepseek-v4-flash,deepseek,1128,1265,2393,1024,1188,,,1785135317.0163846,1,4,success,False,15243,259,stage1_annotation,annotation,80854,E2L2_ATCCGTCGTTGCAAGG
DeepSeekBackend,deepseek-v4-flash,deepseek,1117,543,1660,1024,457,,,1785135317.3411424,1,4,success,False,6448,258,stage1_annotation,annotation,3307,L1_ATTTCACTCACAAGGG
DeepSeekBackend,deepseek-v4-flash,deepseek,1127,533,1660,1024,460,,,1785135318.087602,1,4,success,False,6541,216,stage1_annotation,annotation,14442,L2_AATGGCTGTCAAAGTA
DeepSeekBackend,deepseek-v4-flash,deepseek,1129,390,1519,1024,307,,,1785135318.2360675,1,4,success,False,4567,287,stage1_annotation,annotation,104936,E2L4_CACGAATGTAGTCGTT
DeepSeekBackend,deepseek-v4-flash,deepseek,1138,325,1463,1024,250,,,1785135318.8163693,1,4,success,False,3851,238,stage1_annotation,annotation,126863,E2L6_AGACAGGCACATAGCT
DeepSeekBackend,deepseek-v4-flash,deepseek,1134,368,1502,1024,275,,,1785135319.274252,1,4,success,False,4146,322,stage1_annotation,annotation,156959,E2L8_GGCAGTCAGAATCGAT
DeepSeekBackend,deepseek-v4-flash,deepseek,1113,340,1453,1024,260,,,1785135319.7685304,1,4,success,False,3999,259,stage1_annotation,annotation,100010,E2L3_TCGGTCTGTCGCTCGA
DeepSeekBackend,deepseek-v4-flash,deepseek,1124,1160,2284,1024,1070,,,1785135320.0162354,1,4,success,False,14583,306,stage1_annotation,annotation,87474,E2L2_TAGACTGAGTCTGTAC
DeepSeekBackend,deepseek-v4-flash,deepseek,1137,731,1868,1024,664,,,1785135320.553435,1,4,success,False,8933,205,stage1_annotation,annotation,140004,E2L7_ATCATTCCAATGCAGG
DeepSeekBackend,deepseek-v4-flash,deepseek,1125,2496,3621,1024,2493,,,1785135320.5967715,1,4,success,False,29427,4,stage1_annotation,annotation,14428,L2_AATGGAATCCCAGTGG
DeepSeekBackend,deepseek-v4-flash,deepseek,1116,532,1648,1024,526,,,1785135321.5924718,1,4,success,False,6189,16,stage1_annotation,annotation,159860,E2L8_TCTACCGAGCTCGACC
DeepSeekBackend,deepseek-v4-flash,deepseek,1117,2843,3960,1024,2840,,,1785135322.091585,1,4,success,False,32351,4,stage1_annotation,annotation,39947,L4_ACAGAAATCCATGCAA
DeepSeekBackend,deepseek-v4-flash,deepseek,1123,803,1926,1024,726,,,1785135322.1667783,1,4,success,False,9178,225,stage1_annotation,annotation,74399,E2L1_GTAACACCAACACGTT
DeepSeekBackend,deepseek-v4-flash,deepseek,1127,445,1572,1024,387,,,1785135322.5649095,1,4,success,False,5643,156,stage1_annotation,annotation,127381,E2L6_AGGTAGGAGTGCACCC
DeepSeekBackend,deepseek-v4-flash,deepseek,1129,1247,2376,1024,1181,,,1785135322.909639,1,4,success,False,16186,206,stage1_annotation,annotation,59405,L5_CTTGAGAAGCAATAAC
DeepSeekBackend,deepseek-v4-flash,deepseek,1129,639,1768,1024,561,,,1785135323.2620795,1,4,success,False,7358,264,stage1_annotation,annotation,29638,L3_ATTACCTTCCATTGGA
DeepSeekBackend,deepseek-v4-flash,deepseek,1126,730,1856,1024,633,,,1785135323.4348524,1,4,success,False,8564,306,stage1_annotation,annotation,22522,L2_GTCATTTTCTCATGCC
DeepSeekBackend,deepseek-v4-flash,deepseek,1125,473,1598,1024,385,,,1785135323.9035509,1,4,success,False,5655,324,stage1_annotation,annotation,148264,E2L7_TGATGGTTCACGGTCG
DeepSeekBackend,deepseek-v4-flash,deepseek,1124,401,1525,1024,399,,,1785135324.8455143,1,4,success,False,5065,2,stage1_annotation,annotation,125101,E2L5_TTGAGTGCAGAAATTG
DeepSeekBackend,deepseek-v4-flash,deepseek,1131,266,1397,1024,264,,,1785135326.0205297,1,4,success,False,3441,2,stage1_annotation,annotation,116682,E2L5_CAGATACAGATAGCAT
DeepSeekBackend,deepseek-v4-flash,deepseek,1124,227,1351,1024,225,,,1785135326.1722572,1,4,success,False,3249,2,stage1_annotation,annotation,18575,L2_CCTTGTGTCTTCGATT
DeepSeekBackend,deepseek-v4-flash,deepseek,1131,223,1354,1024,218,,,1785135327.19327,1,4,success,False,2336,11,stage1_annotation,annotation,7430,L1_GATGCTATCCTGTACC
DeepSeekBackend,deepseek-v4-flash,deepseek,1123,525,1648,1024,466,,,1785135328.48021,1,4,success,False,6371,191,stage1_annotation,annotation,95907,E2L3_CTTTCAATCGAGTGAG
DeepSeekBackend,deepseek-v4-flash,deepseek,1121,457,1578,1024,378,,,1785135328.7839656,1,4,success,False,5338,278,stage1_annotation,annotation,5157,L1_CGAGTTAGTGTACAGG
DeepSeekBackend,deepseek-v4-flash,deepseek,1133,196,1329,1024,191,,,1785135328.7907078,1,4,success,False,2606,11,stage1_annotation,annotation,24314,L2_TCCATCGCATCGGAAG
DeepSeekBackend,deepseek-v4-flash,deepseek,1122,381,1503,1024,379,,,1785135328.9216492,1,4,success,False,5008,2,stage1_annotation,annotation,83172,E2L2_CGGAGAACACGGATCC
DeepSeekBackend,deepseek-v4-flash,deepseek,1129,319,1448,1024,246,,,1785135329.532146,1,4,success,False,3499,214,stage1_annotation,annotation,154894,E2L8_CTCAGTCCAGACGATG
DeepSeekBackend,deepseek-v4-flash,deepseek,1125,781,1906,1024,730,,,1785135329.5827632,1,4,success,False,8975,161,stage1_annotation,annotation,112086,E2L4_TGCAGGCAGAAGCCTG
DeepSeekBackend,deepseek-v4-flash,deepseek,1127,240,1367,1024,235,,,1785135330.5389235,1,4,success,False,3334,11,stage1_annotation,annotation,114465,E2L5_ACGTAGTCAGGCTACC
DeepSeekBackend,deepseek-v4-flash,deepseek,1133,1140,2273,1024,1070,,,1785135330.70268,1,4,success,False,12602,189,stage1_annotation,annotation,135600,E2L6_TCGATTTCACCTAAAC
DeepSeekBackend,deepseek-v4-flash,deepseek,1136,1757,2893,1024,1750,,,1785135331.006405,1,4,success,False,20233,17,stage1_annotation,annotation,106989,E2L4_CTCTCAGGTGACTGAG
DeepSeekBackend,deepseek-v4-flash,deepseek,1130,225,1355,1024,150,,,1785135331.1397882,1,4,success,False,2647,244,stage1_annotation,annotation,10112,L1_TACCTCGCAAAGGCTG
DeepSeekBackend,deepseek-v4-flash,deepseek,1127,151,1278,1024,146,,,1785135331.4130335,1,4,success,False,1871,11,stage1_annotation,annotation,70469,E2L1_CAGTTCCGTTATTCCT
DeepSeekBackend,deepseek-v4-flash,deepseek,1130,223,1353,1024,218,,,1785135332.023614,1,4,success,False,3220,11,stage1_annotation,annotation,101868,E2L3_TTTGGAGCACCAGGTC
DeepSeekBackend,deepseek-v4-flash,deepseek,1126,1315,2441,1024,1226,,,1785135332.0935268,1,4,success,False,13266,255,stage1_annotation,annotation,19277,L2_CTACTATGTGATCATC
DeepSeekBackend,deepseek-v4-flash,deepseek,1129,335,1464,1024,259,,,1785135332.8203857,1,4,success,False,4023,289,stage1_annotation,annotation,57480,L5_CCGTGAGAGATGCTAA
DeepSeekBackend,deepseek-v4-flash,deepseek,1134,1159,2293,1024,1153,,,1785135333.0929012,1,4,success,False,13808,13,stage1_annotation,annotation,85491,E2L2_GGAACCCGTTCTCCCA
DeepSeekBackend,deepseek-v4-flash,deepseek,1128,188,1316,1024,183,,,1785135333.6101503,1,4,success,False,2185,11,stage1_annotation,annotation,127796,E2L6_ATCACTTTCCGTGGCA
DeepSeekBackend,deepseek-v4-flash,deepseek,1133,319,1452,1024,256,,,1785135333.658071,1,4,success,False,3108,203,stage1_annotation,annotation,29294,L3_ATCCCTGAGGGCAGTT
DeepSeekBackend,deepseek-v4-flash,deepseek,1133,1273,2406,1024,1164,,,1785135333.7437174,1,4,success,False,16391,353,stage1_annotation,annotation,133682,E2L6_GTCCCATAGCCGGATA
DeepSeekBackend,deepseek-v4-flash,deepseek,1133,417,1550,1024,332,,,1785135334.143181,1,4,success,False,4550,293,stage1_annotation,annotation,14967,L2_ACTATCTGTTCGGCGT
DeepSeekBackend,deepseek-v4-flash,deepseek,1125,1241,2366,1024,1167,,,1785135334.2447672,1,4,success,False,14214,228,stage1_annotation,annotation,35841,L3_TACAGGTGTAGTTACC
DeepSeekBackend,deepseek-v4-flash,deepseek,1122,889,2011,1024,817,,,1785135334.2670748,1,4,success,False,10995,240,stage1_annotation,annotation,130605,E2L6_CTAGACACAGGCGTTC
DeepSeekBackend,deepseek-v4-flash,deepseek,1125,1370,2495,1024,1266,,,1785135334.625134,1,4,success,False,17597,359,stage1_annotation,annotation,92257,E2L3_AGGCATTGTGAACGGT
DeepSeekBackend,deepseek-v4-flash,deepseek,1123,573,1696,1024,492,,,1785135334.7885072,1,4,success,False,5856,259,stage1_annotation,annotation,59073,L5_CTGCCTAGTGTTTACG
DeepSeekBackend,deepseek-v4-flash,deepseek,1125,306,1431,1024,301,,,1785135335.024045,1,4,success,False,4003,11,stage1_annotation,annotation,516,L1_AAGTACCGTGAGGAAA
DeepSeekBackend,deepseek-v4-flash,deepseek,1139,402,1541,1024,324,,,1785135335.228686,1,4,success,False,4514,242,stage1_annotation,annotation,160550,E2L8_TGGATGTTCCACGTCT
DeepSeekBackend,deepseek-v4-flash,deepseek,1125,196,1321,1024,191,,,1785135335.720929,1,4,success,False,2616,11,stage1_annotation,annotation,5296,L1_CGGAACCTCCGTGGGT
DeepSeekBackend,deepseek-v4-flash,deepseek,1128,489,1617,1024,413,,,1785135336.2115088,1,4,success,False,5060,224,stage1_annotation,annotation,79075,E2L2_AATGCCAAGTATCCTG
DeepSeekBackend,deepseek-v4-flash,deepseek,1124,1867,2991,1024,1745,,,1785135336.6204903,1,4,success,False,20905,410,stage1_annotation,annotation,37388,L3_TGAATGCGTTGCATTG
DeepSeekBackend,deepseek-v4-flash,deepseek,1135,228,1363,1024,182,,,1785135336.866989,1,4,success,False,2608,145,stage1_annotation,annotation,95604,E2L3_CTGATCCGTCGCACAC
DeepSeekBackend,deepseek-v4-flash,deepseek,1126,300,1426,1024,252,,,1785135336.9778023,1,4,success,False,3310,158,stage1_annotation,annotation,125841,E2L6_AAGACTCTCAACGCTA
DeepSeekBackend,deepseek-v4-flash,deepseek,1133,271,1404,1024,223,,,1785135337.201094,1,4,success,False,2925,168,stage1_annotation,annotation,117904,E2L5_CGATCGGGTAGCGTTT
DeepSeekBackend,deepseek-v4-flash,deepseek,1124,264,1388,1024,201,,,1785135337.7418652,1,4,success,False,2707,205,stage1_annotation,annotation,118277,E2L5_CGTTAGATCTGAGGCC
DeepSeekBackend,deepseek-v4-flash,deepseek,1126,136,1262,1024,133,,,1785135338.0842938,1,4,success,False,1863,8,stage1_annotation,annotation,43383,L4_CCACACTAGTGATGGC
DeepSeekBackend,deepseek-v4-flash,deepseek,1124,564,1688,1024,559,,,1785135338.3401172,1,4,success,False,6236,11,stage1_annotation,annotation,26213,L2_TTCATGTAGGAAGAAC
DeepSeekBackend,deepseek-v4-flash,deepseek,1130,495,1625,1024,410,,,1785135338.3876648,1,4,success,False,6353,317,stage1_annotation,annotation,51658,L4_TTCAATCAGGCTTCCG
DeepSeekBackend,deepseek-v4-flash,deepseek,1133,351,1484,1024,290,,,1785135338.4421206,1,4,success,False,3644,199,stage1_annotation,annotation,68220,E2L1_ACTGATGTCTTCGATT
DeepSeekBackend,deepseek-v4-flash,deepseek,1126,118,1244,1024,115,,,1785135338.4655356,1,4,success,False,1833,8,stage1_annotation,annotation,80288,E2L2_AGGCATTAGCCTTTCC
DeepSeekBackend,deepseek-v4-flash,deepseek,1126,363,1489,1024,301,,,1785135338.4788003,1,4,success,False,3843,185,stage1_annotation,annotation,67405,E2L1_AAGAACACATAATCGC
DeepSeekBackend,deepseek-v4-flash,deepseek,1120,195,1315,1024,149,,,1785135338.5431314,1,4,success,False,2811,170,stage1_annotation,annotation,158089,E2L8_GTGGTTAGTTGCACGC
DeepSeekBackend,deepseek-v4-flash,deepseek,1128,500,1628,1024,495,,,1785135338.5817418,1,4,success,False,5751,11,stage1_annotation,annotation,46191,L4_GATGAGGTCTCGGTAA
DeepSeekBackend,deepseek-v4-flash,deepseek,1129,279,1408,1024,217,,,1785135338.796781,1,4,success,False,3557,225,stage1_annotation,annotation,137357,E2L6_TTGCTGCCAGCCCACA
DeepSeekBackend,deepseek-v4-flash,deepseek,1128,379,1507,1024,309,,,1785135338.8025753,1,4,success,False,5183,217,stage1_annotation,annotation,47256,L4_GGGCGTTCAAATACGA
DeepSeekBackend,deepseek-v4-flash,deepseek,1123,241,1364,1024,186,,,1785135339.8319902,1,4,success,False,2953,175,stage1_annotation,annotation,83146,E2L2_CGGAATTTCGTGGACC
DeepSeekBackend,deepseek-v4-flash,deepseek,1127,139,1266,1024,136,,,1785135340.0663915,1,4,success,False,1968,8,stage1_annotation,annotation,103375,E2L4_AGATCGTCAACAGCCC
DeepSeekBackend,deepseek-v4-flash,deepseek,1125,251,1376,1024,199,,,1785135340.201265,1,4,success,False,2989,176,stage1_annotation,annotation,151355,E2L8_AGCGATTAGGTACATA
DeepSeekBackend,deepseek-v4-flash,deepseek,1128,1910,3038,1024,1810,,,1785135340.4267032,1,4,success,False,23658,342,stage1_annotation,annotation,21188,L2_GCCAGCATCGAGCCAC
DeepSeekBackend,deepseek-v4-flash,deepseek,1133,316,1449,1024,259,,,1785135341.2770514,1,4,success,False,3522,199,stage1_annotation,annotation,101431,E2L3_TTCTAGTAGAAGCGCT
DeepSeekBackend,deepseek-v4-flash,deepseek,1120,277,1397,1024,208,,,1785135341.4409895,1,4,success,False,2989,215,stage1_annotation,annotation,61460,L5_GGGTATTTCCCTAGGG
DeepSeekBackend,deepseek-v4-flash,deepseek,1129,411,1540,1024,351,,,1785135341.637309,1,4,success,False,4649,195,stage1_annotation,annotation,62837,L5_GTTGTAGCAAACGTGG
DeepSeekBackend,deepseek-v4-flash,deepseek,1123,338,1461,1024,278,,,1785135342.235352,1,4,success,False,3884,183,stage1_annotation,annotation,98355,E2L3_GTGTGATAGGTTCAGG
DeepSeekBackend,deepseek-v4-flash,deepseek,1131,1832,2963,1024,1829,,,1785135342.7254744,1,4,success,False,22163,3,stage1_annotation,annotation,117572,E2L5_CCGTGAGGTGTGGTCC
DeepSeekBackend,deepseek-v4-flash,deepseek,1129,1951,3080,1024,1839,,,1785135343.6720731,1,4,success,False,21497,374,stage1_annotation,annotation,154549,E2L8_CGTGAATTCACTCTTA
DeepSeekBackend,deepseek-v4-flash,deepseek,1122,791,1913,1024,712,,,1785135344.1230643,1,4,success,False,9970,283,stage1_annotation,annotation,107081,E2L4_CTGCAGGTCGGACTGC
DeepSeekBackend,deepseek-v4-flash,deepseek,1143,384,1527,1024,381,,,1785135344.6424963,1,4,success,False,4796,4,stage1_annotation,annotation,52228,L4_TTTACGTCACTGGACC
DeepSeekBackend,deepseek-v4-flash,deepseek,1122,693,1815,1024,629,,,1785135345.6379094,1,4,success,False,7084,271,stage1_annotation,annotation,20256,L2_GAATCGTCAAGTATCC
DeepSeekBackend,deepseek-v4-flash,deepseek,1131,489,1620,1024,425,,,1785135346.3251002,1,4,success,False,6112,226,stage1_annotation,annotation,79611,E2L2_ACGTTCCTCCCGAGGT
DeepSeekBackend,deepseek-v4-flash,deepseek,1115,565,1680,1024,515,,,1785135348.143162,1,4,success,False,6855,147,stage1_annotation,annotation,8720,L1_GGTGGCTTCTGGCTGG
DeepSeekBackend,deepseek-v4-flash,deepseek,1140,702,1842,1024,699,,,1785135348.8844347,1,4,success,False,8808,4,stage1_annotation,annotation,49809,L4_TCCCATGCACCTGCAG
DeepSeekBackend,deepseek-v4-flash,deepseek,1139,422,1561,1024,367,,,1785135348.926084,1,4,success,False,5239,182,stage1_annotation,annotation,56779,L5_CATCGCTTCAAACGAA
DeepSeekBackend,deepseek-v4-flash,deepseek,1136,2286,3422,1024,2280,,,1785135349.5372117,1,4,success,False,27936,13,stage1_annotation,annotation,135164,E2L6_TCAGTTTAGTACTCGT
DeepSeekBackend,deepseek-v4-flash,deepseek,1124,613,1737,1024,546,,,1785135350.1054394,1,4,success,False,7860,243,stage1_annotation,annotation,38456,L3_TTCACGCTCAAAGGTA
DeepSeekBackend,deepseek-v4-flash,deepseek,1133,806,1939,1024,729,,,1785135350.9480963,1,4,success,False,10508,291,stage1_annotation,annotation,52137,L4_TTGTGGACACGCGTCA
DeepSeekBackend,deepseek-v4-flash,deepseek,1130,663,1793,1024,585,,,1785135351.2967818,1,4,success,False,7163,280,stage1_annotation,annotation,48510,L4_GTTCGCTTCGTTAGAC
DeepSeekBackend,deepseek-v4-flash,deepseek,1126,1112,2238,1024,1062,,,1785135351.5778759,1,4,success,False,12986,156,stage1_annotation,annotation,17459,L2_CAGCAGCTCGCTAATG
DeepSeekBackend,deepseek-v4-flash,deepseek,1127,269,1396,1024,198,,,1785135353.027922,1,4,success,False,3447,268,stage1_annotation,annotation,47612,L4_GTAAGTCGTCGCATGC
DeepSeekBackend,deepseek-v4-flash,deepseek,1126,397,1523,1024,340,,,1785135353.059092,1,4,success,False,4905,192,stage1_annotation,annotation,15093,L2_ACTTATCAGGTTAGTA
DeepSeekBackend,deepseek-v4-flash,deepseek,1118,352,1470,1024,276,,,1785135353.6694992,1,4,success,False,4107,222,stage1_annotation,annotation,56244,L5_CACAACATCGTGCGAC
DeepSeekBackend,deepseek-v4-flash,deepseek,1118,368,1486,1024,279,,,1785135353.7780917,1,4,success,False,4208,310,stage1_annotation,annotation,74797,E2L1_GTCTCACAGCTGTGCC
DeepSeekBackend,deepseek-v4-flash,deepseek,1129,1683,2812,1024,1588,,,1785135354.172822,1,4,success,False,20417,338,stage1_annotation,annotation,55511,L5_ATGAGGGCAAACTCTG
DeepSeekBackend,deepseek-v4-flash,deepseek,1119,253,1372,1024,200,,,1785135354.5627859,1,4,success,False,3254,188,stage1_annotation,annotation,126684,E2L6_ACTGTGATCCACGGAC
DeepSeekBackend,deepseek-v4-flash,deepseek,1131,281,1412,1024,231,,,1785135355.2061622,1,4,success,False,3615,166,stage1_annotation,annotation,129612,E2L6_CCGAACGAGAGCCGAT
DeepSeekBackend,deepseek-v4-flash,deepseek,1126,444,1570,1024,367,,,1785135355.9892936,1,4,success,False,5029,268,stage1_annotation,annotation,54594,L5_AGGAGGTCATCCTTCG
DeepSeekBackend,deepseek-v4-flash,deepseek,1126,518,1644,1024,453,,,1785135356.14658,1,4,success,False,6027,205,stage1_annotation,annotation,30351,L3_CAGATCATCACTTATC
DeepSeekBackend,deepseek-v4-flash,deepseek,1122,180,1302,1024,176,,,1785135356.1898048,1,4,success,False,2508,4,stage1_annotation,annotation,116590,E2L5_CACGTGGAGGAAAGGT
DeepSeekBackend,deepseek-v4-flash,deepseek,1122,205,1327,1024,201,,,1785135356.3312795,1,4,success,False,2542,4,stage1_annotation,annotation,6356,L1_CTGTAGAAGACCGCCT
DeepSeekBackend,deepseek-v4-flash,deepseek,1119,1029,2148,1024,963,,,1785135356.530424,1,4,success,False,11877,226,stage1_annotation,annotation,62151,L5_GTCCTCACAAGATCCT
DeepSeekBackend,deepseek-v4-flash,deepseek,1126,794,1920,1024,789,,,1785135356.6220584,1,4,success,False,10285,7,stage1_annotation,annotation,28558,L3_AGCCAGCTCCGATAGT
DeepSeekBackend,deepseek-v4-flash,deepseek,1132,1523,2655,1024,1444,,,1785135357.1543357,1,4,success,False,18341,285,stage1_annotation,annotation,31678,L3_CGCCAGACAGCTGTCG
DeepSeekBackend,deepseek-v4-flash,deepseek,1127,431,1558,1024,350,,,1785135357.9895306,1,4,success,False,4918,324,stage1_annotation,annotation,11118,L1_TCCCATGAGGAATGTT
DeepSeekBackend,deepseek-v4-flash,deepseek,1127,1292,2419,1024,1213,,,1785135358.0470304,1,4,success,False,16398,308,stage1_annotation,annotation,48054,L4_GTCTAGAGTATAATGG
DeepSeekBackend,deepseek-v4-flash,deepseek,1119,295,1414,1024,291,,,1785135358.579169,1,4,success,False,4005,4,stage1_annotation,annotation,127899,E2L6_ATCGATGAGCTAATGA
DeepSeekBackend,deepseek-v4-flash,deepseek,1127,454,1581,1024,380,,,1785135358.675533,1,4,success,False,5635,194,stage1_annotation,annotation,54448,L5_AGCGCCACAGGTCAAG
DeepSeekBackend,deepseek-v4-flash,deepseek,1122,286,1408,1024,219,,,1785135359.416717,1,4,success,False,3260,232,stage1_annotation,annotation,76907,E2L1_TCTTTGATCGTGGGTC
DeepSeekBackend,deepseek-v4-flash,deepseek,1128,304,1432,1024,250,,,1785135359.5444353,1,4,success,False,4327,183,stage1_annotation,annotation,11291,L1_TCGAAGTCAACCTAAC
DeepSeekBackend,deepseek-v4-flash,deepseek,1131,262,1393,1024,194,,,1785135359.6021514,1,4,success,False,3062,190,stage1_annotation,annotation,122898,E2L5_TCAGTTTTCCATAAGC
DeepSeekBackend,deepseek-v4-flash,deepseek,1128,213,1341,1024,146,,,1785135359.7429066,1,4,success,False,2578,253,stage1_annotation,annotation,127869,E2L6_ATCCGTCCATCCGTTC
DeepSeekBackend,deepseek-v4-flash,deepseek,1130,1817,2947,1024,1751,,,1785135359.8093405,1,4,success,False,21409,294,stage1_annotation,annotation,155038,E2L8_CTCGAGGGTAACATGA
DeepSeekBackend,deepseek-v4-flash,deepseek,1127,357,1484,1024,353,,,1785135360.2034373,1,4,success,False,4201,4,stage1_annotation,annotation,7747,L1_GCCAGCACAGCAGTTT
DeepSeekBackend,deepseek-v4-flash,deepseek,1127,260,1387,1024,184,,,1785135360.939026,1,4,success,False,2938,238,stage1_annotation,annotation,40896,L4_AGCCAGCCATACTGAC
DeepSeekBackend,deepseek-v4-flash,deepseek,1119,369,1488,1024,291,,,1785135361.3145516,1,4,success,False,4683,313,stage1_annotation,annotation,63636,L5_TATTGCTAGGGCTTCC
DeepSeekBackend,deepseek-v4-flash,deepseek,1119,1959,3078,1024,1956,,,1785135361.6705036,1,4,success,False,22862,7,stage1_annotation,annotation,54454,L5_AGCGCCAGTGGCTGCT
DeepSeekBackend,deepseek-v4-flash,deepseek,1127,501,1628,1024,424,,,1785135362.063633,1,4,success,False,5719,258,stage1_annotation,annotation,84449,E2L2_GACCCTTAGGCACTAG
DeepSeekBackend,deepseek-v4-flash,deepseek,1132,2000,3132,1024,1888,,,1785135363.359303,1,4,success,False,24873,379,stage1_annotation,annotation,50541,L4_TGACCCTTCGAAGTGG
DeepSeekBackend,deepseek-v4-flash,deepseek,1122,772,1894,1024,675,,,1785135363.4421709,1,4,success,False,9254,355,stage1_annotation,annotation,152675,E2L8_CAACAGTCAGGATTCT
DeepSeekBackend,deepseek-v4-flash,deepseek,1122,344,1466,1024,253,,,1785135363.5695863,1,4,success,False,3748,299,stage1_annotation,annotation,126443,E2L6_ACGCACGAGAGGGCGA
DeepSeekBackend,deepseek-v4-flash,deepseek,1122,2170,3292,1024,2165,,,1785135364.5888965,1,4,success,False,26112,7,stage1_annotation,annotation,31255,L3_CCTACGTAGAAAGTCT
DeepSeekBackend,deepseek-v4-flash,deepseek,1135,482,1617,1024,392,,,1785135364.8109996,1,4,success,False,6123,284,stage1_annotation,annotation,127721,E2L6_ATAGAGAGTATGGAAT
DeepSeekBackend,deepseek-v4-flash,deepseek,1133,928,2061,1024,847,,,1785135365.866239,1,4,success,False,9666,243,stage1_annotation,annotation,79136,E2L2_ACAAAGAAGTTCCGTA
DeepSeekBackend,deepseek-v4-flash,deepseek,1120,270,1390,1024,211,,,1785135366.6743991,1,4,success,False,3221,188,stage1_annotation,annotation,159767,E2L8_TCGGGTGAGCATTGTC
DeepSeekBackend,deepseek-v4-flash,deepseek,1129,309,1438,1024,221,,,1785135367.0021968,1,4,success,False,3423,319,stage1_annotation,annotation,115008,E2L5_AGCGCCAAGGTTATAG
DeepSeekBackend,deepseek-v4-flash,deepseek,1129,2094,3223,1024,2027,,,1785135367.0156693,1,4,success,False,25563,271,stage1_annotation,annotation,22185,L2_GGTTAACTCGGTCACG
DeepSeekBackend,deepseek-v4-flash,deepseek,1121,658,1779,1024,569,,,1785135367.1462665,1,4,success,False,7392,298,stage1_annotation,annotation,76731,E2L1_TCGTGGGTCTCAACGA
DeepSeekBackend,deepseek-v4-flash,deepseek,1129,1893,3022,1024,1888,,,1785135367.2020867,1,4,success,False,21554,7,stage1_annotation,annotation,57273,L5_CCCTCAAGTGCGTTTA
DeepSeekBackend,deepseek-v4-flash,deepseek,1123,394,1517,1024,321,,,1785135367.2585318,1,4,success,False,5577,258,stage1_annotation,annotation,59182,L5_CTGTACCAGTGCTACT
DeepSeekBackend,deepseek-v4-flash,deepseek,1120,698,1818,1024,605,,,1785135367.8511486,1,4,success,False,8238,308,stage1_annotation,annotation,13495,L1_TTGTGTTTCTTCACGC
DeepSeekBackend,deepseek-v4-flash,deepseek,1124,765,1889,1024,684,,,1785135367.8726664,1,4,success,False,9815,288,stage1_annotation,annotation,154468,E2L8_CGGTCAGGTGGACTGA
DeepSeekBackend,deepseek-v4-flash,deepseek,1127,575,1702,1024,529,,,1785135368.2897959,1,4,success,False,6961,195,stage1_annotation,annotation,125619,E2L6_AAATGGACACTCATAG
DeepSeekBackend,deepseek-v4-flash,deepseek,1116,494,1610,1024,418,,,1785135369.0390759,1,4,success,False,5669,246,stage1_annotation,annotation,71815,E2L1_CGTTCTGGTAACGCGA
DeepSeekBackend,deepseek-v4-flash,deepseek,1125,751,1876,1024,669,,,1785135369.2803626,1,4,success,False,8330,296,stage1_annotation,annotation,149862,E2L8_AAAGTGACAAGTGCAG
DeepSeekBackend,deepseek-v4-flash,deepseek,1117,1129,2246,1024,1053,,,1785135371.3681808,1,4,success,False,11937,245,stage1_annotation,annotation,26244,L2_TTCATTGTCTCCATAT
DeepSeekBackend,deepseek-v4-flash,deepseek,1127,1142,2269,1024,1094,,,1785135371.9166162,1,4,success,False,13327,192,stage1_annotation,annotation,80805,E2L2_ATCATTCAGGCAGGTT
DeepSeekBackend,deepseek-v4-flash,deepseek,1119,700,1819,1024,695,,,1785135374.2085447,1,4,success,False,8330,7,stage1_annotation,annotation,15077,L2_ACTGTGAGTGATACTC
DeepSeekBackend,deepseek-v4-flash,deepseek,1141,746,1887,1024,741,,,1785135377.3494623,1,4,success,False,9488,7,stage1_annotation,annotation,41918,L4_ATGAAAGGTGTTTACG
DeepSeekBackend,deepseek-v4-flash,deepseek,1127,1700,2827,1024,1644,,,1785135380.684635,1,4,success,False,18608,169,stage1_annotation,annotation,113531,E2L5_AAAGTCCTCGACGTCG
DeepSeekBackend,deepseek-v4-flash,deepseek,1135,1542,2677,1024,1455,,,1785135382.133134,1,4,success,False,17530,290,stage1_annotation,annotation,117778,E2L5_CCTTCAGTCTGTCCGT
DeepSeekBackend,deepseek-v4-flash,deepseek,1124,1172,2296,1024,1118,,,1785135382.349909,1,4,success,False,14049,168,stage1_annotation,annotation,11341,L1_TCGCACTAGCAATTCC
DeepSeekBackend,deepseek-v4-flash,deepseek,1124,1251,2375,1024,1153,,,1785135383.1079755,1,4,success,False,15951,290,stage1_annotation,annotation,37398,L3_TGACAGTCATCAGCTA
DeepSeekBackend,deepseek-v4-flash,deepseek,1123,2112,3235,1024,2108,,,1785135383.1122036,1,4,success,False,22896,4,stage1_annotation,annotation,2382,L1_AGTGACTGTATTAAGG
DeepSeekBackend,deepseek-v4-flash,deepseek,1124,1379,2503,1024,1287,,,1785135383.3751538,1,4,success,False,16107,314,stage1_annotation,annotation,25458,L2_TGCTTCGCACGAAAGC
DeepSeekBackend,deepseek-v4-flash,deepseek,1133,1676,2809,1024,1626,,,1785135386.9784205,1,4,success,False,19768,138,stage1_annotation,annotation,58805,L5_CTCCCAAAGCAGATAT
DeepSeekBackend,deepseek-v4-flash,deepseek,1126,295,1421,1024,227,,,1785135386.989224,1,4,success,False,3604,211,stage1_annotation,annotation,127818,E2L6_ATCATTCGTGGTCTCG
DeepSeekBackend,deepseek-v4-flash,deepseek,1130,381,1511,1024,377,,,1785135387.5281005,1,4,success,False,5167,7,stage1_annotation,annotation,6008,L1_CTCCATGCATCGGCCA
DeepSeekBackend,deepseek-v4-flash,deepseek,1121,396,1517,1024,308,,,1785135388.0384114,1,4,success,False,4919,322,stage1_annotation,annotation,141081,E2L7_CAGCACGGTACTGACT
DeepSeekBackend,deepseek-v4-flash,deepseek,1130,528,1658,1024,475,,,1785135389.408318,1,4,success,False,6283,202,stage1_annotation,annotation,77296,E2L1_TGCTTCGAGATCCAAA
DeepSeekBackend,deepseek-v4-flash,deepseek,1120,1863,2983,1024,1795,,,1785135392.2812665,1,4,success,False,22989,244,stage1_annotation,annotation,2467,L1_AGTTCCCAGCAGCCTC
DeepSeekBackend,deepseek-v4-flash,deepseek,1131,2130,3261,1024,2030,,,1785135392.3149583,1,4,success,False,25302,322,stage1_annotation,annotation,20606,L2_GAGGGTACAGACATCT
DeepSeekBackend,deepseek-v4-flash,deepseek,1125,4096,5221,1024,4096,,,1785135392.522594,1,4,success,False,49788,0,stage1_annotation,annotation,46657,L4_GCGATCGGTGTTCCTC
DeepSeekBackend,deepseek-v4-flash,deepseek,1130,2166,3296,1024,2097,,,1785135392.5301297,1,4,success,False,25845,233,stage1_annotation,annotation,31210,L3_CCGTGAGAGTTCCTGA
DeepSeekBackend,deepseek-v4-flash,deepseek,1129,1488,2617,1024,1408,,,1785135392.7009268,1,4,success,False,18477,286,stage1_annotation,annotation,123003,E2L5_TCATGTTCAATCTCTT
DeepSeekBackend,deepseek-v4-flash,deepseek,1124,1873,2997,1024,1808,,,1785135393.8999054,1,4,success,False,21970,182,stage1_annotation,annotation,128937,E2L6_CAGCGTGAGTGGAATT
DeepSeekBackend,deepseek-v4-flash,deepseek,1118,1196,2314,1024,1193,,,1785135395.0239246,1,4,success,False,14327,7,stage1_annotation,annotation,20303,L2_GACATCAGTCACCGCA
DeepSeekBackend,deepseek-v4-flash,deepseek,1126,2169,3295,1024,2093,,,1785135396.7580113,1,4,success,False,25377,301,stage1_annotation,annotation,122724,E2L5_TCACAAGTCCGCAAAT
DeepSeekBackend,deepseek-v4-flash,deepseek,1118,1647,2765,1024,1543,,,1785135397.4755332,1,4,success,False,20117,335,stage1_annotation,annotation,42194,L4_ATTCAGGCACAGTACT
DeepSeekBackend,deepseek-v4-flash,deepseek,1135,2847,3982,1024,2844,,,1785135399.324266,1,4,success,False,31440,7,stage1_annotation,annotation,26150,L2_TTAGTCTTCTGGCCAG
DeepSeekBackend,deepseek-v4-flash,deepseek,1128,3066,4194,1024,2968,,,1785135401.6382244,1,4,success,False,36816,297,stage1_annotation,annotation,136562,E2L6_TGGGTTATCAATCAGC
DeepSeekBackend,deepseek-v4-flash,deepseek,1131,2759,3890,1024,2754,,,1785135401.9562762,1,4,success,False,34931,7,stage1_annotation,annotation,2582,L1_ATATCCTCATGCCATA
DeepSeekBackend,deepseek-v4-flash,deepseek,1124,3425,4549,1024,3421,,,1785135402.2976391,1,4,success,False,42741,9,stage1_annotation,annotation,108843,E2L4_GGCTGTGTCTGTTCAT
DeepSeekBackend,deepseek-v4-flash,deepseek,1161,1218,2379,1024,1159,,,1785135406.3190348,1,4,success,False,13796,206,stage1_annotation,annotation,46657,L4_GCGATCGGTGTTCCTC
DeepSeekBackend,deepseek-v4-flash,deepseek,1120,2275,3395,1024,2212,,,1785135408.5093887,1,4,success,False,26364,194,stage1_annotation,annotation,65735,L5_TGTAACGAGATGGGCT
DeepSeekBackend,deepseek-v4-flash,deepseek,1112,3370,4482,1024,3302,,,1785135408.864061,1,4,success,False,39812,242,stage1_annotation,annotation,91936,E2L3_AGACTCAAGAATAGTC
DeepSeekBackend,deepseek-v4-flash,deepseek,1137,325,1462,1024,240,,,1785135410.1792567,1,4,success,False,3763,283,stage1_annotation,annotation,116360,E2L5_CAACGGCCAAATGAGT
DeepSeekBackend,deepseek-v4-flash,deepseek,1123,298,1421,1024,223,,,1785135410.1996357,1,4,success,False,3629,242,stage1_annotation,annotation,129143,E2L6_CATCGGGTCCTTGAAG
DeepSeekBackend,deepseek-v4-flash,deepseek,1122,437,1559,1024,434,,,1785135411.5222223,1,4,success,False,5073,3,stage1_annotation,annotation,93252,E2L3_ATTGGGTCATATGGCT
DeepSeekBackend,deepseek-v4-flash,deepseek,1127,455,1582,1024,371,,,1785135412.1007693,1,4,success,False,5569,268,stage1_annotation,annotation,73366,E2L1_GCACGGTCAAGGAGTC
DeepSeekBackend,deepseek-v4-flash,deepseek,1122,553,1675,1024,477,,,1785135412.591176,1,4,success,False,6116,236,stage1_annotation,annotation,98994,E2L3_TAGATCGGTTGACGGA
DeepSeekBackend,deepseek-v4-flash,deepseek,1128,515,1643,1024,435,,,1785135413.0483937,1,4,success,False,6550,247,stage1_annotation,annotation,152972,E2L8_CACTAAGCAATTGTGC
DeepSeekBackend,deepseek-v4-flash,deepseek,1126,617,1743,1024,515,,,1785135413.226021,1,4,success,False,6757,299,stage1_annotation,annotation,76846,E2L1_TCTGCCATCAGGTGTT
DeepSeekBackend,deepseek-v4-flash,deepseek,1129,653,1782,1024,568,,,1785135413.3103864,1,4,success,False,6792,311,stage1_annotation,annotation,123670,E2L5_TCTGCCAGTGTAAACA
DeepSeekBackend,deepseek-v4-flash,deepseek,1124,645,1769,1024,574,,,1785135413.8861732,1,4,success,False,7327,209,stage1_annotation,annotation,111086,E2L4_TCATGCCGTGGTCTAT
DeepSeekBackend,deepseek-v4-flash,deepseek,1122,734,1856,1024,653,,,1785135413.9653056,1,4,success,False,7460,249,stage1_annotation,annotation,145011,E2L7_GGCTTTCCAAAGAGTT
DeepSeekBackend,deepseek-v4-flash,deepseek,1123,745,1868,1024,676,,,1785135414.441313,1,4,success,False,7953,251,stage1_annotation,annotation,132372,E2L6_GCATTAGAGGTAAGGA
DeepSeekBackend,deepseek-v4-flash,deepseek,1128,827,1955,1024,824,,,1785135414.6093326,1,4,success,False,8248,3,stage1_annotation,annotation,108773,E2L4_GGAGGTATCGAGCCAC
DeepSeekBackend,deepseek-v4-flash,deepseek,1140,786,1926,1024,682,,,1785135415.231285,1,4,success,False,8789,323,stage1_annotation,annotation,72587,E2L1_CTTTCGGTCCATGCAA
DeepSeekBackend,deepseek-v4-flash,deepseek,1134,475,1609,1024,472,,,1785135415.2553039,1,4,success,False,5065,3,stage1_annotation,annotation,81336,E2L2_ATTGTTCTCAGAATAG
DeepSeekBackend,deepseek-v4-flash,deepseek,1127,308,1435,1024,245,,,1785135415.3032944,1,4,success,False,3769,187,stage1_annotation,annotation,108383,E2L4_GCCAGTGTCGGCATTA
DeepSeekBackend,deepseek-v4-flash,deepseek,1128,964,2092,1024,898,,,1785135416.109165,1,4,success,False,9697,213,stage1_annotation,annotation,125756,E2L6_AACGAAACAGTCTGGC
DeepSeekBackend,deepseek-v4-flash,deepseek,1123,284,1407,1024,281,,,1785135416.4678726,1,4,success,False,3231,3,stage1_annotation,annotation,73283,E2L1_GATTCGATCCTTCTAA
DeepSeekBackend,deepseek-v4-flash,deepseek,1126,359,1485,1024,284,,,1785135416.8943799,1,4,success,False,3833,223,stage1_annotation,annotation,1985,L1_AGGAGGTTCCACTGGG
DeepSeekBackend,deepseek-v4-flash,deepseek,1126,932,2058,1024,820,,,1785135417.2598774,1,4,success,False,10865,394,stage1_annotation,annotation,12021,L1_TGATTCTAGAGAGTGA
DeepSeekBackend,deepseek-v4-flash,deepseek,1122,491,1613,1024,407,,,1785135417.670311,1,4,success,False,5559,308,stage1_annotation,annotation,104739,E2L4_CAACGATGTATAGGAT
DeepSeekBackend,deepseek-v4-flash,deepseek,1129,549,1678,1024,472,,,1785135419.1131108,1,4,success,False,5796,232,stage1_annotation,annotation,73970,E2L1_GGCAGTCTCCCTCTTT
DeepSeekBackend,deepseek-v4-flash,deepseek,1129,1118,2247,1024,1018,,,1785135419.4504282,1,4,success,False,12988,402,stage1_annotation,annotation,119270,E2L5_GAAGTAACATGACTAC
DeepSeekBackend,deepseek-v4-flash,deepseek,1127,837,1964,1024,776,,,1785135419.5721266,1,4,success,False,9363,191,stage1_annotation,annotation,38153,L3_TGTGGCGAGATGAATC
DeepSeekBackend,deepseek-v4-flash,deepseek,1123,1163,2286,1024,1077,,,1785135419.8174927,1,4,success,False,13265,339,stage1_annotation,annotation,99875,E2L3_TCGAAGTCATGGCCCA
DeepSeekBackend,deepseek-v4-flash,deepseek,1130,620,1750,1024,563,,,1785135419.85812,1,4,success,False,5960,181,stage1_annotation,annotation,88572,E2L2_TCGTAGAAGATACATG
DeepSeekBackend,deepseek-v4-flash,deepseek,1120,481,1601,1024,396,,,1785135420.0097687,1,4,success,False,4696,260,stage1_annotation,annotation,44248,L4_CGCGTGATCAAACGAA
DeepSeekBackend,deepseek-v4-flash,deepseek,1127,1101,2228,1024,1043,,,1785135420.1780753,1,4,success,False,11299,155,stage1_annotation,annotation,108715,E2L4_GGACGTCTCTGACCCT
DeepSeekBackend,deepseek-v4-flash,deepseek,1126,390,1516,1024,294,,,1785135420.2327938,1,4,success,False,4112,289,stage1_annotation,annotation,76864,E2L1_TCTGTCGTCAGTGGGA
DeepSeekBackend,deepseek-v4-flash,deepseek,1131,853,1984,1024,850,,,1785135420.6014714,1,4,success,False,7999,3,stage1_annotation,annotation,47323,L4_GGGTCACTCAAGTGTC
DeepSeekBackend,deepseek-v4-flash,deepseek,1123,707,1830,1024,617,,,1785135421.831295,1,4,success,False,7207,325,stage1_annotation,annotation,5907,L1_CTCAGGGTCGAAGGAC
DeepSeekBackend,deepseek-v4-flash,deepseek,1121,734,1855,1024,672,,,1785135422.1377485,1,4,success,False,6870,176,stage1_annotation,annotation,149440,E2L7_TTGCTGCCATACCACA
DeepSeekBackend,deepseek-v4-flash,deepseek,1130,935,2065,1024,932,,,1785135425.4989762,1,4,success,False,9016,3,stage1_annotation,annotation,66932,L5_TTTCACAGTCCTGGGT
DeepSeekBackend,deepseek-v4-flash,deepseek,1122,1143,2265,1024,1083,,,1785135426.482286,1,4,success,False,11240,209,stage1_annotation,annotation,1707,L1_AGATCCACATCATGAC
DeepSeekBackend,deepseek-v4-flash,deepseek,1120,2068,3188,1024,1953,,,1785135429.898065,1,4,success,False,21377,393,stage1_annotation,annotation,110377,E2L4_TACCCACTCGCGGTAC
DeepSeekBackend,deepseek-v4-flash,deepseek,1122,2184,3306,1024,2117,,,1785135436.3128183,1,4,success,False,22336,224,stage1_annotation,annotation,120147,E2L5_GCCAGTGTCACCTGTC
DeepSeekBackend,deepseek-v4-flash,deepseek,1116,2490,3606,1024,2487,,,1785135442.3886845,1,4,success,False,27936,3,stage1_annotation,annotation,85210,E2L2_GCCATTCAGCAAGCCA
DeepSeekBackend,deepseek-v4-flash,deepseek,1130,4096,5226,1024,4096,,,1785135450.790973,1,4,success,False,44360,0,stage1_annotation,annotation,139675,E2L7_AGTACCAAGCGTATAA
DeepSeekBackend,deepseek-v4-flash,deepseek,1166,2866,4032,1024,2861,,,1785135483.1636662,1,4,success,False,32372,9,stage1_annotation,annotation,139675,E2L7_AGTACCAAGCGTATAA
