cell_idx,cell_barcode,true_label,pred_label
256405,CGGAGAATCAACTACG_SC84,B cell,"B cell
The cell profile is characterized by the high expression of canonical B cell markers, including MS4A1 (CD20), CD79A, BANK1, TNFRSF13C (BAFF-R), and BLK, along with immunoglobulin light and heavy chains (IGKC, IGLC2, IGLC3, IGHD). The presence of MS4A1 and IGHD, combined with the absence of plasma cell-specific markers, confirms these cells as B cells."
241162,TAGGCATAGTCAAGGC-1-HCATisStab7587211,B cell,"B cell
This cell population is characterized by the strong expression of classic B-cell lineage markers, including MS4A1 (CD20), CD79A, CD79B, CD22, and BANK1. The high expression of immunoglobulins (IGKC, IGLC2, IGHM, IGHD) along with TCL1A and VPREB3, and the absence of plasma cell-specific markers like CD138 (SDC1), confirms these are B cells."
68963,GTACTCCGTAAACCTC-1-HCATisStab7587205,B cell,"B cell
This cell profile is characterized by the high expression of canonical B-cell markers, including MS4A1 (CD20), CD79A, CD79B, and BANK1. It also features high levels of immunoglobulins (IGKC, IGLC2, IGHM, IGHD) and B-cell-specific regulators like TCL1A and POU2AF1. The presence of MS4A1, IGHM, and IGHD, combined with the absence of plasma cell-specific markers, confirms these are B cells."
324748,CATATGGAGGGATACC-1-HCATisStab7587202,B cell,"B cell
The cell type is a B cell. This is indicated by the high expression of classic B-cell lineage markers such as *MS4A1* (CD20), *CD79A*, *CD19*, *BANK1*, *BLK*, and *VPREB3*. Additionally, the profile shows strong expression of immunoglobulin light and heavy chains (*IGKC*, *IGLC2*, *IGLC3*, *IGHM*) and MHC class II molecules (*CD74*, *HLA-DRA*, *HLA-DQA1*), which are characteristic of antigen-presenting B lymphocytes rather than terminally differentiated plasma cells."
279232,CAAGAAACATCGTCGG_HD67,B cell,"B cell
This cell type is identified as a B cell. It exhibits highly specific expression of canonical B-cell lineage markers, including CD79A, CD79B, MS4A1 (CD20), CD19, and BANK1. Additionally, the presence of immunoglobulin genes (IGHM, IGLC3), B-cell-specific transcription factors/coactivators (POU2AF1, SPIB), and antigen presentation molecules (CD74, HLA-DRA, HLA-DRB1) strongly confirms its identity as a B lymphocyte within the lung parenchyma."
254691,AAGTGAATCTTAGGAC_SC84,B cell,"B cell
The expression profile is highly specific for B cells, characterized by the prominent expression of pan-B cell markers such as MS4A1 (CD20), CD79A, CD79B, and PAX5. Additionally, the presence of immunoglobulin genes (IGKC, IGLC2, IGLC3, IGHD), B-cell specific signaling molecules (BANK1, BLK), and MHC class II molecules (HLA-DRA, HLA-DQA1, CD74) confirms this identity, distinguishing them from plasma cells and other immune populations."
43935,GATTCGATCACTAGCA_SC84,B cell,"B cell
The cell type is a B cell. This is indicated by the high expression of B-cell-specific markers such as MS4A1 (CD20), LINC00926, TNFRSF13C (BAFF receptor), and FCRL5, alongside various immunoglobulin light and heavy chain genes (IGLC3, IGLC2, IGHA1, IGHG3, IGHM). While some plasma cell-associated genes like JCHAIN and MZB1 are present, the prominent expression of MS4A1 and TNFRSF13C strongly distinguishes these as B cells rather than terminally differentiated plasma cells."
31310,TCGAGGCGTCATTAGC-1-HCATisStab7659971,B cell,"B cell
The expression profile is characterized by classic B-cell lineage markers, including MS4A1 (CD20), CD19, CD79A, CD79B, BANK1, and the chemokine receptor CXCR5. It also features high expression of immunoglobulins (IGKC, IGLC3, IGHM) and antigen-presentation molecules (CD74, HLA-DRA). The retention of MS4A1, CD19, and CXCR5 expression distinguishes these cells as B cells rather than terminally differentiated plasma cells."
220560,TTGTAGGAGACCCACC-1-HCATisStab7747200,B cell,"B cell
This cell population is identified as B cells based on the high and specific expression of canonical B-cell markers, including MS4A1 (CD20), CD19, CD79A, and CD79B. Additionally, B-cell-specific lineage markers such as BANK1, TCL1A, VPREB3, and BLK are highly enriched, alongside immunoglobulin genes (IGKC, IGLC3, IGHM) and MHC class II molecules (CD74, HLA-DRA) involved in antigen presentation."
173572,CTGAAACTCAGCACAT_HD66,B cell,"T cell

This cell profile is characterized by the high expression of pan-T cell markers such as *CD3E*, *CD3D*, *CD2*, *LCK*, and *TRBC2*, along with activation and tissue-residency markers like *CD69* and *LTB*. It also expresses cytotoxic genes (*GZMA*, *GZMK*, *CCL5*) and helper/memory-associated genes (*IL7R*, *IL32*), representing a T cell population (which may include both CD4+ and CD8+ lineages, as well as minor B-cell marker contamination typical of broad T-cell clusters in single-cell lung datasets)."
143540,GGGCATCGTACCAGTT-1-HCATisStab7747200,B cell,"B cell
The expression profile is characterized by classic B-cell lineage markers, including MS4A1 (CD20), CD19, CD79A, CD79B, and CD37. It also shows high expression of immunoglobulins (IGKC, IGLC2, IGLC3, IGHD, IGHM) and MHC class II molecules (HLA-DRA, HLA-DRB1, CD74), along with B-cell specific transcripts like TCL1A, LINC00926, and FCRL1. This profile is highly specific for B cells rather than plasma cells (which lack MS4A1 and CD19) or other immune cells."
30111,CTCGGAGAGCCAGAAC-SC156,B cell,"B cell
This cell type is identified as a B cell based on the highly specific expression of classic B-cell lineage markers, including MS4A1 (CD20), CD79A, PAX5, and BANK1. The profile also shows strong expression of immunoglobulin genes (IGKC, IGHM, IGLC3, IGHD) and other B-cell-associated transcripts such as TCL1A, FCER2, and CD37, while lacking markers specific to plasma cells or other immune lineages."
149824,AAACGCACACCTTT-SC31D,B cell,"B cell
The profile is characterized by the high expression of classic B-cell lineage markers, including MS4A1 (CD20), CD79A, BLK, and TCL1A, along with immunoglobulin genes (IGKC, IGLC3, IGHD, IGHM) and antigen-presentation molecules (HLA-DRA, CD74). The presence of CXCR5 and VPREB3 further confirms this population as B cells rather than plasma cells or other mononuclear phagocytes."
283665,CAGAGAGCACTAAGTC-1-HCATisStab7659969,B cell,"B cell
The cell profile is characterized by the high expression of canonical B-cell markers, including MS4A1 (CD20), CD79A, CD79B, BANK1, BLK, and VPREB3. It also expresses TNFRSF13C (BAFF-R) and MHC class II molecules (such as HLA-DRA, HLA-DQA1, and CD74) required for antigen presentation. The presence of MS4A1 and BANK1, alongside immunoglobulin genes (IGKC, IGHM), distinguishes these cells as mature B cells rather than plasma cells."
32685,CCCAATCGTCGATTGT_F00409,B cell,"B cell
This cell type is identified as a B cell based on the highly specific expression of classic B-cell lineage markers, including MS4A1 (CD20), CD79A, BANK1, PAX5, BLK, and FCRL1/5. Additionally, the presence of CXCR5 (follicular homing receptor), CR2 (complement receptor 2/CD21), and antigen-presentation molecules like CD74 and HLA-DQA1 strongly supports this identity."
245582,ATCACGACAGGTGGAT_HD101,B cell,"B cell
The cell profile is characterized by the high expression of canonical B-cell lineage markers, including CD79A, CD79B, MS4A1 (CD20), CD19, CD22, and BANK1. It also shows strong expression of MHC class II molecules (CD74, HLA-DRA, HLA-DQA1) involved in antigen presentation, and B-cell-specific signaling and transcription factors such as TCL1A, BLK, and SPIB. This expression signature is highly specific for B cells."
261410,CATACTTGCCAAGT-SC14,B cell,"B cell
This cell type is identified as a B cell due to the high and specific expression of canonical B-cell markers, including CD79A, MS4A1 (CD20), CD37, and TNFRSF13C (BAFF-R). The presence of IGHD, IGHM, TCL1A, and VPREB3, alongside immunoglobulin light chains (IGKC, IGLC2), specifically points to mature/naive B cells rather than plasma cells."
144600,CAACCAAAGTACGTTC-1-HCATisStab7587205,B cell,"B cell
This cell type is characterized by the high expression of canonical B-cell markers, including *MS4A1* (CD20), *CD79A*, *CD79B*, *CD37*, and *BANK1*. It also expresses immunoglobulin light and heavy chains (*IGKC*, *IGLC3*, *IGHD*, *IGHM*) and MHC class II molecules (*HLA-DRA*, *CD74*). The presence of *MS4A1* and *IGHD* distinguishes these mature B cells from plasma cells."
234906,ACTGAACCAAAGTCAA-SC56,B cell,"B cell
This cell type is identified as a B cell. It highly expresses classic B-cell lineage markers such as *MS4A1* (CD20), *CD79A*, *CD79B*, *CD37*, and *CD72*. Additionally, the presence of *BANK1*, *TCL1A*, and immunoglobulin genes (*IGKC*, *IGHM*, *IGHD*) specifically characterizes mature/naive B cells, distinguishing them from plasma cells and other mononuclear leukocytes."
177023,AGATTGCAGTCAAGCG-1-HCATisStab7659969,B cell,"B cell
This cell type is identified as a B cell. It exhibits high and specific expression of classic B-cell lineage markers, including MS4A1 (CD20), CD79A, CD79B, BLK, and FCRLA. Additionally, the profile shows strong expression of immunoglobulin genes (such as IGKC, IGHM, and IGLC7) and B-cell homing/activation markers like CXCR5 and CD69, while lacking plasma cell-specific markers like SDC1 (CD138)."
226495,GCCAAATGTGTTGGGA_SC24,CD1c-positive myeloid dendritic cell,"CD1c-positive myeloid dendritic cell
This cell type is characterized by the extremely high expression of MHC class II molecules (such as HLA-DPB1, HLA-DRA, HLA-DPA1, and CD74), which are essential for antigen presentation. The specific presence of CD1E, FCER1A, CCL17, and CLECL1P strongly identifies these cells as CD1c-positive myeloid dendritic cells (conventional dendritic cells type 2, or cDC2) within the lung parenchyma, distinguishing them from other antigen-presenting cells like macrophages or B cells."
251889,7239217_GACCTGGCACCAGATT,CD1c-positive myeloid dendritic cell,"CD1c-positive myeloid dendritic cell
This cell type is characterized by the high expression of MHC class II molecules (HLA-DRA, HLA-DQA1, HLA-DRB1, CD74) and specific dendritic cell markers, including CD1C, CD1E, CLEC10A, and FCER1A. The highly specific expression of CCL17, a chemokine typically produced by dendritic cells to attract T cells, along with CD83 and GPR183, further confirms this identity as CD1c-positive myeloid dendritic cells (cDC2) within the lung parenchyma."
22375,TAGACCAGTGGACCTC_SC84,CD1c-positive myeloid dendritic cell,"lung macrophage

This cell profile is characteristic of a lung macrophage (specifically interstitial macrophage). It is defined by the high expression of MHC class II genes (*HLA-DRA*, *HLA-DRB1*, *HLA-DPB1*, *HLA-DQA1*), pan-macrophage markers (*LYZ*, *AIF1*, *TYROBP*), and specific interstitial macrophage markers such as *CD14*, *CD163*, *MRC1* (CD206), *FN1*, and *C1QA*. The absence of alveolar macrophage markers (like *FABP4* and *MARCO*) and classical monocyte markers (like *S100A8* and *S100A9*) further distinguishes this population as lung (interstitial) macrophages."
295943,ATCACAGAGTCTGTAC_SC142,CD1c-positive myeloid dendritic cell,"CD1c-positive myeloid dendritic cell
This cell type is identified by the high expression of MHC class II molecules (such as HLA-DRA, HLA-DPB1, HLA-DPA1, HLA-DQB1, and CD74) alongside dendritic cell markers like CD1E and FLT3. CD1E is highly specific for CD1c-positive myeloid dendritic cells (cDC2). The presence of AREG, IL1R2, and CXCL8 suggests an activated or tissue-remodeling state of these antigen-presenting cells within the lung parenchyma."
155683,AAGCCGCAGACCGGAT_SC22,CD1c-positive myeloid dendritic cell,"lung macrophage
This cell type is identified as a lung macrophage (specifically resembling interstitial macrophages). It is characterized by the high expression of complement genes (*C1QA*, *C1QB*, *C1QC*), antigen presentation molecules (*HLA-DRA*, *CD74*, *HLA-DPB1*), and macrophage-specific markers such as *VSIG4*, *CD14*, *CD68*, *AIF1*, and *MRC1* (CD206), which distinguish it from alveolar macrophages that typically express *FABP4* and *MARCO*."
258696,CCTAGCTGTGCCTTGG_F01641,CD1c-positive myeloid dendritic cell,"elicited macrophage

This cell type is identified as an **elicited macrophage** (or inflammatory/recruited macrophage). It is characterized by the high expression of inflammatory chemokines (*CCL3*, *CCL4*, *CCL4L2*, *CXCL2*, *CXCL3*, *CXCL8*) and pro-inflammatory cytokines (*IL1B*, *TNF*), alongside tissue repair and remodeling factors (*AREG*, *EREG*, *SPP1*). The strong expression of complement genes (*C1QA*, *C1QB*, *C1QC*), antigen-presentation molecules (*CD74*, *HLA-DRA*, *HLA-DRB1*), and macrophage markers (*CD163*, *MRC1*) further distinguishes these recruited, activated macrophages from resident alveolar macrophages."
233724,ACGGGCTTCTCCTATA_F01639,CD1c-positive myeloid dendritic cell,"CD1c-positive myeloid dendritic cell
This cell type is characterized by the high expression of MHC class II molecules (CD74, HLA-DRA, HLA-DPA1, HLA-DPB1) and specific conventional dendritic cell (cDC2) markers, including CD1C, CD1A, CD1E, FCER1A, and CLEC10A."
53594,CCACTACGTGAGGGAG-1-HCATisStab7587202,CD1c-positive myeloid dendritic cell,"CD1c-positive myeloid dendritic cell
This cell type is characterized by the high expression of MHC class II molecules (e.g., *HLA-DRA*, *CD74*, *HLA-DPB1*) and specific myeloid dendritic cell markers, most notably *CD1C* (ranked 5th), *FCER1A* (ranked 3rd), *CLEC10A*, and *CD1E*. These markers, along with *CST3* and *LYZ*, distinguish CD1c-positive myeloid dendritic cells (also known as cDC2s) from other antigen-presenting cells, monocytes, and macrophages in the lung parenchyma."
148873,7185212_GATCGATGTGCAACGA,CD1c-positive myeloid dendritic cell,"elicited macrophage
This cell type is identified as an elicited macrophage. The expression profile is highly enriched for inflammatory cytokines and chemokines (such as *CXCL8*, *IL1B*, *CCL3*, *CCL4*, *CCL2*, *CXCL2*, and *CXCL3*) and activation/injury-response markers (*C15orf48*, *EREG*, *AREG*, and *IER3*). It also expresses classic myeloid and antigen-presentation genes (*LYZ*, *TYROBP*, *AIF1*, *CD74*, and HLA class II molecules). This signature is characteristic of recruited, inflammatory (elicited) macrophages in the lung parenchyma, distinguishing them from resident alveolar macrophages which typically express high levels of *FABP4* and *MARCO*."
64240,GAAGCAGGTTCGGGCT_F02607,CD1c-positive myeloid dendritic cell,"natural killer cell

This cell population is identified as natural killer (NK) cells based on the highly specific expression of key cytotoxic and NK-cell marker genes, including GNLY, NKG7, CCL5, GZMB, PRF1, KLRD1, GZMA, GZMH, and CD7. While some myeloid-associated transcripts (such as C1QA/B/C and HLA-DRA) are present—likely due to ambient RNA contamination or phagocytic activity in the lung parenchyma—the dominant expression of cytolytic mediators and NK-specific receptors strongly defines this cell type."
209736,CACCACTGTCTTTCAT_HD66,CD1c-positive myeloid dendritic cell,"Alveolar macrophage
This cell type is identified as an alveolar macrophage, characterized by the high expression of lipid metabolism genes (*APOE*, *APOC1*), lysosomal enzymes (*LYZ*, *CTSS*, *CTSD*), and macrophage-specific markers (*CD68*, *MARCO*, *TREM2*). The strong expression of MHC class II molecules (*CD74*, *HLA-DRA*, *HLA-DRB1*) and chemokines (*CXCL9*, *CXCL10*) further supports its role as an antigen-presenting immune cell resident in the lung alveoli."
49874,CACCGTTCAGTTTCGA_SC84,CD1c-positive myeloid dendritic cell,"Alveolar macrophage
This cell type is identified as an alveolar macrophage. It highly expresses classic macrophage markers such as *APOE*, *MRC1* (CD206), *CD163*, and *LYZ*, along with complement genes (*C1QA*, *C1QB*, *C1QC*). It also shows strong expression of MHC class II molecules (*HLA-DRA*, *HLA-DPB1*, *HLA-DQA1*) for antigen presentation, and pro-inflammatory chemokines (*CCL3*, *CCL4*, *CCL3L3*, *CXCL8*), which are characteristic of resident alveolar macrophages in the lung parenchyma."
253105,CCGTTCACAAGTACCT-1-HCATisStab7587205,CD1c-positive myeloid dendritic cell,"natural killer cell

This cell profile is characterized by the high expression of cytotoxic and NK-cell-associated marker genes, including *GNLY*, *NKG7*, *GZMB*, *GZMA*, *PRF1*, and *KLRD1*, alongside potent chemoattractants like *CCL3*, *CCL4*, and *CCL5*. The lack of classical T-cell receptor complex genes (such as *CD3D* or *CD3E*) combined with the presence of *TYROBP* and *FCER1G* strongly identifies these as natural killer cells."
119300,ATGAGGGTCAGTGCAT_F01394,CD1c-positive myeloid dendritic cell,"lung macrophage

This cell type is identified as a lung macrophage (specifically resembling interstitial macrophages) due to the extremely high expression of complement genes (*C1QA*, *C1QB*, *C1QC*) and MHC class II molecules (*CD74*, *HLA-DRA*, *HLA-DRB1*, *HLA-DPB1*). It also expresses key macrophage markers such as *CD68*, *CD163*, *CD14*, and *TREM2*. The absence of typical alveolar macrophage markers (such as *FABP4* and *MARCO*) distinguishes it from alveolar macrophages, aligning it with the broader lung/interstitial macrophage profile."
14825,AGTGGGAAGCTCTCGG-1-HCATisStab7587211,CD1c-positive myeloid dendritic cell,"CD1c-positive myeloid dendritic cell

This cell type is characterized by the high expression of HLA class II molecules (such as HLA-DRA, HLA-DRB1, and CD74) indicating antigen-presenting capability, combined with specific dendritic cell markers including FCER1A, CLEC10A, and CD1E. The presence of myeloid-associated genes like LYZ, CST3, and AIF1, along with the absence of high macrophage-specific markers like MARCO, confirms their identity as CD1c-positive myeloid dendritic cells (cDC2)."
165237,TGCAGATAGTCATACC_SC84,CD1c-positive myeloid dendritic cell,"lung macrophage
This cell type is identified as a lung macrophage (specifically resembling interstitial macrophages). The profile is characterized by high expression of MHC class II molecules (HLA-DRA, HLA-DPB1, HLA-DPA1, HLA-DRB1) and complement classical pathway components (C1QA, C1QB, C1QC). It also expresses key macrophage markers such as CD163, MS4A7, AIF1, and LYZ, along with pro-inflammatory chemokines and cytokines (CXCL8, CCL3, IL1B). The absence of alveolar macrophage-specific markers like FABP4 and MARCO further distinguishes it as a lung (interstitial) macrophage."
323468,ACGAGGAGTGATGCCC-1-HCATisStab7747199,CD1c-positive myeloid dendritic cell,"CD1c-positive myeloid dendritic cell
This cell type is characterized by the high expression of MHC class II molecules (such as HLA-DRA, CD74, HLA-DPB1, and HLA-DPA1) and specific dendritic cell markers, including FCER1A, CD1C, CCR7, and CD83. The presence of CD1C and FCER1A specifically distinguishes them as CD1c-positive myeloid dendritic cells (cDC2), which function as professional antigen-presenting cells in the lung parenchyma."
248160,7239218_GAACATCAGTACATGA,CD1c-positive myeloid dendritic cell,"lung macrophage
This cell type is identified as a lung macrophage (specifically representing interstitial macrophages). The profile is characterized by high expression of myeloid lineage markers (*LYZ*, *TYROBP*, *AIF1*, *MS4A6A*), antigen-presentation molecules (*HLA-DRA*, *HLA-DPB1*, *CD74*), and complement components (*C1QA*, *C1QB*, *C1QC*). The lack of alveolar macrophage-specific markers (such as *FABP4* and *MARCO*) distinguishes these as interstitial lung macrophages."
181106,7239219_AACACGTCACCTCGGA,CD1c-positive myeloid dendritic cell,"CD1c-positive myeloid dendritic cell
This cell type is characterized by the high expression of MHC class II molecules (such as HLA-DRA, CD74, HLA-DPB1, HLA-DPA1, and HLA-DQB1) alongside the highly specific conventional dendritic cell type 2 (cDC2) markers FCER1A and CLEC10A. Other myeloid markers like CST3, LST1, and CPVL are also prominent. The presence of alveolar epithelial markers (such as SFTPC and SFTPB) is a well-documented artifact of ambient RNA contamination from highly abundant surfactant-producing cells in lung tissue cell suspensions."
122975,CGTCTACTCGGAAATA-1-HCATisStab7587202,CD1c-positive myeloid dendritic cell,"CD1c-positive myeloid dendritic cell

This cell profile is characterized by the high expression of MHC class II molecules (such as HLA-DRA, HLA-DPB1, HLA-DQA1, and CD74) alongside key myeloid and dendritic cell markers, specifically CD1C and CLEC10A. The presence of FCER1G, CST3, LYZ, and GPR183, along with inflammatory chemokines and cytokines (CXCL8, CCL3, CCL4, IL1B), strongly identifies these cells as CD1c-positive myeloid dendritic cells (cDC2) in the lung."
31748,AGCGTATTCGCTTAGA-1-HCATisStab7747197,"CD4-positive, alpha-beta T cell","CD4-positive, alpha-beta T cell
This cell type is identified by the high expression of T cell receptor components (*TRAC*, *TRBC1*, *TRBC2*, *TRAT1*) and CD3 complex genes (*CD3D*, *CD3E*), alongside *IL7R* (CD127) and *CCR7*, which are highly characteristic of CD4-positive, alpha-beta T cells (particularly naive and memory subsets) in the lung parenchyma."
97151,ACACCGGAGAGTTGGC-1-HCATisStab7587202,"CD4-positive, alpha-beta T cell","CD4-positive, alpha-beta T cell
This cell population is identified as CD4-positive, alpha-beta T cells based on the high expression of T-cell receptor components (*TRAC*, *TRBC1*, *TRBC2*) and pan-T-cell markers (*CD3D*, *CD3E*, *CD2*, *CD7*). The strong expression of *IL7R*, *LTB*, *CCR7*, *SELL*, and *TCF7*, coupled with the absence of CD8-specific or cytotoxic markers (such as *CD8A*, *GZMB*, or *GNLY*), specifically points to CD4-positive, alpha-beta T cells (predominantly naive or central memory states)."
226376,GCGCAGTCAATGGTCT-1-HCATisStab7587202,"CD4-positive, alpha-beta T cell","T cell

This cell type is identified as a T cell based on the prominent expression of pan-T cell marker genes, including CD3D, CD3E, CD2, CD7, TRAC, TRBC1, TRBC2, LAT, and LCK. The profile also shows high expression of tissue-residency and activation markers (CD69, CXCR4, RGS1) and effector molecules (GZMK, GZMA, IFNG, LTB). The presence of both helper and cytotoxic associated transcripts without dominant CD4 or CD8 expression points to a general T cell classification."
269623,TCAGGATCAGTAACGG_F02526,"CD4-positive, alpha-beta T cell","T cell
This cell profile is characterized by the strong expression of pan-T cell markers, including CD3E, CD3D, CD2, CD5, and CD6. It also expresses tissue-residency and activation markers such as CD69, RGS1, and CXCR6, alongside effector molecules like IFNG, GZMA, CCL5, and TNF. The lack of distinguishing CD4 or CD8 lineage-specific markers in the top genes, combined with the presence of these pan-T cell and activation genes, identifies this population as T cells (likely tissue-resident memory T cells)."
130497,CATATGGTCTAACCGA_F01513,"CD4-positive, alpha-beta T cell","CD4-positive, alpha-beta T cell
This cell type is characterized by the high expression of T-cell lineage markers (*CD3E*, *CD3D*, *CD2*, *LCK*, *TRBC2*) and markers highly specific to CD4+ T cells, such as *IL7R* (CD127), *CD40LG* (CD154), *IL2*, and *LTB*. The presence of activation and tissue-residency markers like *CD69*, *JUN*, and *FOS* further indicates these are tissue-resident or activated CD4-positive, alpha-beta T cells within the lung parenchyma."
299865,P3_7_TCTATTGAGGAGTCTG,"CD4-positive, alpha-beta T cell","T cell

This cell profile is characterized by the strong expression of pan-T cell markers, including T-cell receptor components (*TRAC*, *TRBC1*, *TRBC2*), the CD3 complex (*CD3D*, *CD3E*, *CD3G*), and other lineage-specific genes (*CD2*, *CD6*, *LCK*, *SIT1*, *RHOH*). It also expresses activation and homing markers such as *CCL5*, *IL32*, *RGS1*, *CD69*, and *CXCR4*. The presence of both helper (*CD40LG*, *LTB*) and cytotoxic (*GZMA*, *GZMH*, *CCL4*) associated transcripts indicates a general T cell population."
278690,AGTGTCAGTGTCCTCT-1-HCATisStab7747197,"CD4-positive, alpha-beta T cell","CD4-positive, alpha-beta T cell

This cell profile is characterized by the high expression of T-cell receptor components (*TRAC*, *TRBC1*, *TRBC2*, *TRAT1*) and CD3 complex genes (*CD3D*, *CD3E*), establishing T-cell identity. The specific enrichment of *IL7R* (CD127), *CCR7*, *LTB*, *IL2RA* (CD25), *TNFRSF4* (OX40), and *ICOS*—without prominent CD8 cytotoxic markers—confirms these are CD4-positive, alpha-beta T cells, including naive, memory, and regulatory T-cell subsets."
80299,ATCATCTGTAGCGCTC-SC56,"CD4-positive, alpha-beta T cell","CD4-positive, alpha-beta T cell

This cell type is identified as a CD4-positive, alpha-beta T cell based on the high expression of key T-cell lineage markers such as *IL7R* (CD127), *TRAT1*, *CD2*, *ITK*, and *TRBC1*. The presence of *CD40LG* (CD40 ligand) and *GPR171* specifically points to the CD4+ T-cell lineage, while tissue-residency and activation markers like *CD69*, *RGS1*, and *CXCR6* indicate they are tissue-resident memory CD4+ T cells within the lung parenchyma."
213014,ATTCTACAGACTTTCG-1-HCATisStab7747200,"CD4-positive, alpha-beta T cell","T cell
The profile is dominated by T-cell-specific marker genes, including components of the T-cell receptor complex (*TRAC*, *TRBC1*, *CD3D*, *CD3E*, *CD3G*), T-cell signaling molecules (*LAT*, *LCK*, *TRAT1*), and general T-cell markers (*CD2*, *CD7*, *IL7R*). The presence of cytotoxic genes (*NKG7*, *GNLY*, *CCL5*) alongside naive/memory markers (*CCR7*, *CD27*) indicates a broad or mixed population of T lymphocytes, making ""T cell"" the most accurate classification."
53617,ATCTACTCATTCCTCG-SC155,"CD4-positive, alpha-beta T cell","CD4-positive, alpha-beta T cell
This cell profile is characterized by the high expression of T-cell lineage markers (such as *TRAC*, *TRBC1*, *TRBC2*, *CD3D*, *CD3E*, *CD2*, and *LCK*) along with markers highly specific to CD4+ T cell subsets, including *IL7R* (CD127), *CCR7*, and *LTB* (lymphotoxin beta). The absence of CD8-specific cytotoxic molecules (like *CD8A*, *GZMB*, or *PRF1*) further confirms this population as CD4-positive, alpha-beta T cells, likely representing naive, central memory, or helper T cell states in the lung parenchyma."
236448,CGATCGGGTGTAACGG_HD101,"CD4-positive, alpha-beta T cell","CD8-positive, alpha-beta T cell
This cell type is identified by the high expression of T-cell receptor complex genes (CD3D, CD3E, CD3G) and CD8 co-receptor subunits (CD8A, CD8B). The profile also features cytotoxic effector molecules (GZMK, GZMA, GZMM, PRF1, GNLY, NKG7) and tissue-homing/activation markers (CD69, KLRB1), which are characteristic of CD8-positive, alpha-beta T cells in the lung parenchyma."
104876,AAGGCAGCACGAAACG_F01853,"CD4-positive, alpha-beta T cell","T cell

This cell profile is characterized by the strong expression of pan-T cell marker genes, including *CD3E*, *CD3D*, *CD3G*, *CD2*, *LCK*, *TRBC2*, and *LAT*. The presence of both *IL7R* (typically associated with CD4+ or memory T cells) and *CD8A* / *GZMK* (associated with cytotoxic CD8+ T cells) indicates a general T cell population. Other key markers like *IL32*, *CD69* (tissue residency/activation), and *LTB* further confirm this identity within the lung parenchyma."
258058,P2_2_TACACGAAGAGGACGG,"CD4-positive, alpha-beta T cell","CD4-positive, alpha-beta T cell

This cell population is identified as CD4-positive, alpha-beta T cells based on the high expression of pan-T cell markers (*CD3D*, *CD3E*, *CD2*, *LCK*, *TRAC*, *TRBC2*) and tissue-residency markers (*RGS1*, *CD69*, *CXCR6*). The specific presence of *CD40LG* (CD40 ligand) and *IL7R* (CD127), combined with the absence of prominent CD8+ cytotoxic effector genes (such as *CD8A*, *CD8B*, *GZMB*, or *GNLY*), confirms the CD4+ lineage."
278666,GCTCCTACAATCCGAT-1-HCATisStab7587202,"CD4-positive, alpha-beta T cell","CD4-positive, alpha-beta T cell
This cell type is identified by the high expression of T-cell receptor components (TRAC, TRBC1, TRBC2) and T-cell lineage markers (CD3D, CD3E, CD2). The specific expression of CD40LG, IL7R (CD127), CD28, CCR7, and LEF1, combined with the absence of CD8-specific markers (CD8A, CD8B) and cytotoxic granzymes, highly specifies it as a CD4-positive, alpha-beta T cell (likely naive or central memory)."
190871,GGACATTAGCTAAACA-SC59,"CD4-positive, alpha-beta T cell","CD4-positive, alpha-beta T cell

This cell type is identified as a CD4-positive, alpha-beta T cell. The profile shows strong expression of T-cell lineage markers, including CD3D, CD2, TRAT1, and FYN. The high specificity of IL7R (CD127), IL2RA (CD25), and CTLA4, combined with the absence of CD8-specific markers, strongly points to CD4+ T cells (including regulatory and helper T cell subsets). Additionally, CXCR4 and RGS1 expression indicates tissue homing and activation states typical of lung-resident T cells."
230780,P3_7_GGTGAAGTCTCACATT,"CD4-positive, alpha-beta T cell","T cell
This cell profile is characterized by the strong expression of pan-T cell markers, including T-cell receptor components (*TRAC*, *TRBC1*, *TRBC2*), CD3 complex members (*CD3D*, *CD3E*), and other lineage-specific genes (*CD2*, *LAT*, *LCK*, *TRAT1*). It contains markers characteristic of both CD4+ T cells (*IL7R*, *CD40LG*, *LTB*) and cytotoxic/CD8+ T cells (*GZMA*, *GZMK*, *GZMH*, *NKG7*), indicating a general T cell population."
146552,AAAGCAATCAACACTG_F02524,"CD4-positive, alpha-beta T cell","T cell
The expression profile is characterized by the strong and specific expression of pan-T cell markers, including CD3E, CD3D, CD3G, CD2, CD7, and LCK. It also contains markers for both CD4+ T cells (IL7R, CD40LG) and CD8+ cytotoxic T cells (CD8A, CD8B, GZMA, GZMM, GNLY, NKG7), indicating a general T cell population within the lung parenchyma."
281718,CGAGAAGGTACCTACA-SC56,"CD4-positive, alpha-beta T cell","CD4-positive, alpha-beta T cell

This cell type is identified as a CD4-positive, alpha-beta T cell based on the high expression of pan-T cell markers (*CD3D*, *CD3E*, *CD3G*, *CD2*, *TRAC*, *TRAT1*) along with markers highly characteristic of CD4+ T cell subsets, such as *IL7R* (CD127), *IL2RA* (CD25), *TNFRSF4* (OX40), *BATF*, and *RORA*. The presence of tissue-residency and activation markers like *CD69*, *RGS1*, and *CXCR6* further indicates these are tissue-resident memory or activated CD4+ T cells within the lung parenchyma."
312865,CATATGGGTTAAGATG-SC56,"CD4-positive, alpha-beta T cell","T cell

This cell type is identified as a **T cell** (specifically showing characteristics of tissue-resident memory T cells in the lung). The profile is characterized by the high expression of pan-T-cell markers and associated genes, including *CD3D*, *CD247* (CD3$\zeta$), *PTPRC* (CD45), and *IL7R*. It also highly expresses tissue-residency and activation markers such as *CD69*, *CXCR6*, *RGS1*, *KLRB1*, and *PDCD1*, along with chemokines and cytolytic/activation factors like *CCL4* and *IFNG*."
146015,CTGTTTAGTAAACGCG_HD67,"CD4-positive, alpha-beta T cell","CD8-positive, alpha-beta T cell
This cell type is identified by the high expression of T-cell lineage markers (CD3E, CD3D, CD2, CD247) and CD8-specific markers (CD8A, CD8B). The presence of cytotoxic effector molecules (CCL5, CCL4, PRF1, NKG7) and killer cell lectin-like receptors (KLRC1, KLRD1, KLRB1), alongside IL7R, further confirms its identity as a CD8-positive, alpha-beta T cell."
189979,AGAATAGGTGACAAAT_F00409,"CD8-positive, alpha-beta T cell","CD4-positive, alpha-beta T cell

This cell profile is characterized by the high expression of *IL7R* (CD127), *CD3E*, and *CD69* (a marker of tissue residency and activation), alongside T-cell-associated genes such as *KLRB1* (CD161), *LTB*, *TMIGD2*, *TXK*, and *PRKCQ*. The prominent expression of *IL7R* and *CD69* in the absence of CD8-specific transcripts is highly characteristic of CD4-positive, alpha-beta T cells (specifically tissue-resident memory CD4+ T cells) in the lung parenchyma."
26516,GTACTTTAGGCTATCT-SC45,"CD8-positive, alpha-beta T cell","CD8-positive, alpha-beta T cell
This cell profile is characterized by the expression of T-cell receptor components (*TRAC*, *TRBC1*) and CD3 complex genes (*CD3D*, *CD3E*), confirming T-cell lineage. The specific expression of *CD8A*, along with cytotoxic effector molecules (*GZMK*, *NKG7*, *IFNG*) and chemokines (*CCL3*, *CCL4*, *CCL5*), identifies these cells as CD8-positive, alpha-beta T cells, likely representing an effector or tissue-resident memory population in the lung parenchyma."
30489,CATTCGCTCACGACTA-1-HCATisStab7747197,"CD8-positive, alpha-beta T cell","CD8-positive, alpha-beta T cell
This cell type is identified by the high expression of T-cell receptor components (TRAC, TRBC2) and CD3 complex genes (CD3D, CD3E, CD3G), confirming T-cell lineage. The specific presence of CD8A and CD8B markers, alongside cytotoxic effector molecules (GZMA, GZMB, GZMH, GZMK, GZMM, PRF1, GNLY) and chemokines (CCL4, CCL5), highly specifies cytotoxic CD8-positive, alpha-beta T cells."
102901,GTCTTCGGTGCTAGCC-SC59,"CD8-positive, alpha-beta T cell","CD8-positive, alpha-beta T cell
This cell type is identified by the expression of T-cell receptor components (TRAC, TRBC2, CD3D, CD3E) and the CD8A co-receptor. The high expression of granzymes (GZMK, GZMA, GZMM), chemokines (CCL5, CCL4), and tissue-residency markers (CD69, CXCR6) is characteristic of cytotoxic, tissue-resident memory CD8-positive, alpha-beta T cells in the lung parenchyma."
185896,TTCCCAGGTGGTACAG_HD67,"CD8-positive, alpha-beta T cell","CD8-positive, alpha-beta T cell

This cell type is identified as a CD8-positive, alpha-beta T cell based on the high expression of T-cell receptor components (*CD3E*, *CD3D*, *TRBC1*, *TRBC2*, *CD247*) alongside key cytotoxic effector molecules (*GZMA*, *GZMB*, *GZMK*, *GZMH*, *PRF1*, *GNLY*) and chemokines (*CCL4*, *CCL5*, *CCL3*, *XCL1*, *XCL2*). The presence of these markers, particularly the granzymes and CD3 subunits, distinguishes them from CD4+ T cells and natural killer (NK) cells."
83578,AACTTTCGTCCGAATT-1-HCATisStab7659970,"CD8-positive, alpha-beta T cell","CD8-positive, alpha-beta T cell
This cell profile is characterized by the expression of T-cell receptor components (*TRAC*, *TRBC1*, *TRBC2*), *CD3E*, and the lineage marker *CD8A*. It also exhibits high expression of cytotoxic effector molecules (*GZMK*, *GZMA*, *GZMB*, *NKG7*), activation/tissue-residency markers (*CD69*, *RGS1*), and inflammatory chemokines/cytokines (*CCL4*, *CCL3*, *CCL5*, *IFNG*, *XCL1*). This specific signature corresponds to activated or tissue-resident memory CD8-positive, alpha-beta T cells in the lung parenchyma."
190067,CCGTGGAAGCTGTTCA-1-HCATisStab7747200,"CD8-positive, alpha-beta T cell","CD8-positive, alpha-beta T cell

This cell type is identified by the co-expression of T-cell lineage markers—including CD3 complex genes (*CD3D*, *CD3E*, *CD3G*) and T-cell receptor constant regions (*TRAC*, *TRBC1*, *TRBC2*)—alongside a robust cytotoxic signature. The high expression of granzymes (*GZMH*, *GZMA*, *GZMB*, *GZMM*), perforin (*PRF1*), granulysin (*GNLY*), *NKG7*, and chemokines (*CCL5*, *CCL4*) is highly characteristic of cytotoxic CD8-positive, alpha-beta T cells in the lung parenchyma."
193287,P1_4_TCTCTAACAGATCCAT,"CD8-positive, alpha-beta T cell","CD8-positive, alpha-beta T cell

This cell profile is characterized by the high expression of T-cell receptor components and co-receptors (CD3D, CD3G, CD3E, TRAC, TRBC1, TRBC2) alongside potent cytotoxic effector molecules (NKG7, GNLY, GZMH, GZMB, GZMA, PRF1). The combination of T-cell lineage markers and a strong cytotoxic signature specifically identifies these cells as CD8-positive, alpha-beta T cells, distinguishing them from CD4-positive T cells (which lack cytotoxic granules) and natural killer cells (which lack CD3 and T-cell receptor expression)."
266306,CATCCACAGGTGTTAA-1-HCATisStab7747200,"CD8-positive, alpha-beta T cell","CD8-positive, alpha-beta T cell

This cell profile is characterized by the high expression of T-cell receptor components (*TRAC*, *TRBC1*, *CD3D*, *CD3G*, *CD3E*) and cytotoxic effector molecules (*NKG7*, *GNLY*, *GZMH*, *GZMA*, *GZMB*, *PRF1*, *FGFBP2*). The combination of T-cell lineage markers and a strong cytotoxic signature specifically identifies these cells as CD8-positive, alpha-beta T cells rather than CD4-positive T cells or natural killer (NK) cells (which lack CD3 expression)."
38365,GCTTGAAGTTGTGGCC-1-HCATisStab7747197,"CD8-positive, alpha-beta T cell","CD8-positive, alpha-beta T cell
This cell type is identified by the high expression of T-cell receptor components (TRAC, TRBC1, TRBC2) and CD3 complex genes (CD3D, CD3G, CD3E), confirming T-cell lineage. The specific presence of CD8A and CD8B, alongside cytotoxic effector molecules (GZMK, GZMA, GZMH, GZMM, GNLY, NKG7) and chemokines (CCL5, CCL4), highly specifies CD8-positive, alpha-beta T cells."
202200,P1_4_GGCGACTTCTGTTGAG,"CD8-positive, alpha-beta T cell","CD8-positive, alpha-beta T cell
This cell type is identified by the co-expression of T-cell lineage markers (CD3D, CD3G, CD3E, TRBC1, TRBC2) and CD8 co-receptors (CD8A, CD8B), distinguishing them from NK cells and CD4+ T cells. The high expression of cytotoxic effector genes (GNLY, NKG7, GZMB, GZMH, GZMA, PRF1) and chemokines (CCL4, CCL5) reflects an active cytotoxic CD8+ T cell profile in the lung parenchyma."
257110,TTGGCAAAGCTCAACT_HD101,"CD8-positive, alpha-beta T cell","CD8-positive, alpha-beta T cell
This cell population is characterized by the high expression of T-cell receptor complex genes (*CD3D*, *CD3E*, *CD3G*, *TRBC2*) and CD8 co-receptor subunits (*CD8A*, *CD8B*). Additionally, it exhibits strong expression of cytotoxic effector molecules such as granulysin (*GNLY*), perforin (*PRF1*), and granzymes (*GZMA*, *GZMB*, *GZMH*, *GZMM*), alongside *NKG7* and *CCL5*, which are classic markers of cytotoxic CD8-positive T cells in the lung parenchyma."
213366,AACGTTGGTTAAGACA-1-HCATisStab7587208,"CD8-positive, alpha-beta T cell","CD8-positive, alpha-beta T cell
This cell profile is characterized by the high expression of T-cell receptor genes (*TRAC*, *TRBC1*, *TRBC2*) and CD3 complex subunits (*CD3D*, *CD3E*), establishing T-cell identity. The specific expression of *CD8A*, along with cytotoxic effector molecules (*GZMK*, *GZMA*, *GZMM*, *NKG7*) and key cytokines/chemokines (*CCL5*, *CCL4*, *IFNG*), identifies these cells as CD8-positive, alpha-beta T cells."
219818,CGTGTCTAGACGCTTT-1-HCATisStab7747197,"CD8-positive, alpha-beta T cell","CD8-positive, alpha-beta T cell
This cell population is characterized by the high expression of T-cell receptor components (*TRAC*, *TRBC2*) and CD3 complex genes (*CD3D*, *CD3E*), alongside CD8 co-receptors (*CD8A*, *CD8B*), which identifies them as CD8-positive alpha-beta T cells. They also express key cytotoxic and effector molecules such as *GNLY*, *NKG7*, *CCL5*, *CCL4*, and various granzymes (*GZMH*, *GZMK*, *GZMB*, *GZMA*), reflecting their cytotoxic function in the lung parenchyma."
224703,CACCTTGTCCAGAGGA-1-HCATisStab7747200,"CD8-positive, alpha-beta T cell","T cell
This cell profile is characterized by the strong and specific expression of pan-T cell markers, including CD3D, CD3E, TRAC, TRBC1, TRBC2, CD2, CD7, and LCK. It also expresses tissue-residency and activation markers such as CD69 and RGS1, along with IL7R (CD127) and cytotoxic/effector molecules like NKG7, GNLY, and GZMA. The presence of both helper and cytotoxic lineage genes, alongside gamma-delta T cell markers (TRDC), indicates a general T cell population."
147333,GCTCCTAGTCTTGCGG_F00409,"CD8-positive, alpha-beta T cell","CD8-positive, alpha-beta T cell

This cell type is identified by the co-expression of T-cell lineage markers (such as *CD3E* and *ZAP70*) and cytotoxic effector molecules (including *GNLY*, *PRF1*, *NKG7*, *KLRD1*, and *KLRG1*). The high expression of *CD69* and *CCL5* further indicates a tissue-resident memory phenotype of CD8-positive, alpha-beta T cells within the lung parenchyma."
187875,CGACCTTAGCGATGAC-1-HCATisStab7747197,"CD8-positive, alpha-beta T cell","CD8-positive, alpha-beta T cell
This cell population is characterized by the high expression of T-cell receptor components (*TRAC*, *TRBC1*, *TRBC2*) and CD3 complex genes (*CD3D*, *CD3G*, *CD3E*), confirming T-cell lineage. The strong co-expression of cytotoxic effector molecules, including granzymes (*GZMB*, *GZMA*, *GZMH*, *GZMM*), perforin (*PRF1*), granulysin (*GNLY*), and *NKG7*, specifically identifies them as cytotoxic CD8-positive, alpha-beta T cells."
285939,GTCGTAAGTAGAAGGA-1-HCATisStab7587211,"CD8-positive, alpha-beta T cell","natural killer cell
This cell profile is highly characteristic of natural killer (NK) cells, as evidenced by the prominent expression of cytotoxic effector molecules (such as *GNLY*, *NKG7*, *GZMB*, *GZMH*, and *GZMM*), chemokines (*CCL3*, *CCL4*, *CCL5*, *XCL1*, and *XCL2*), and killer cell lectin-like receptors (*KLRD1*, *KLRC1*, and *KLRB1*). The lack of lineage-specific T-cell receptor genes (such as *CD3D* or *CD3E*) further distinguishes these as natural killer cells rather than CD8-positive T cells."
157417,CAGCAGCAGGATGTAT-1-HCATisStab7747198,"CD8-positive, alpha-beta T cell","CD8-positive, alpha-beta T cell
This cell population is identified as CD8-positive, alpha-beta T cells due to the high expression of T-cell receptor components (TRAC, TRBC1), CD3 complex genes (CD3D, CD3G, CD3E), and CD8A. They also express high levels of cytotoxic effector molecules (GNLY, NKG7, PRF1, GZMA, GZMB, GZMH) and chemokines (CCL5, CCL4), which are characteristic of cytotoxic CD8+ T cells."
46842,P3_7_GAAATGACACACATGT,"CD8-positive, alpha-beta T cell","natural killer cell
This cell population is identified as natural killer (NK) cells due to the high expression of classic NK cell markers and cytotoxic molecules, including GNLY, NKG7, KLRD1 (CD94), KLRC1/2, KIR2DL3, NCR3 (NKp30), TYROBP, HCST, and granzymes (GZMB, GZMH). It also expresses NK-homing chemokines XCL1 and XCL2. The lack of CD3 complex genes (CD3D, CD3E, CD3G) further distinguishes these from T cells."
34365,AACTCTTAGGCACATG_HD67,T cell,"CD8-positive, alpha-beta T cell
This cell population is characterized by the strong expression of T-cell lineage markers (*CD3D*, *CD3E*, *CD3G*) and CD8-specific markers (*CD8A*, *CD8B*). It also highly expresses cytotoxic effector genes (*NKG7*, *CCL5*, *GZMA*, *GZMH*, *GZMK*, *GZMB*). The prominent expression of cell cycle and proliferation markers (*MKI67*, *TYMS*, *RRM2*, *STMN1*, *TOP2A*) indicates that these are actively proliferating CD8-positive, alpha-beta T cells."
44331,ACATGGTCAATCAGAA_HD67,T cell,"CD8-positive, alpha-beta T cell
This cell type is identified by the strong expression of T-cell lineage markers (CD3D, CD3E, CD3G) and CD8 coreceptors (CD8A, CD8B), alongside cytotoxic effector molecules such as GZMA, GZMB, GZMH, GNLY, and PRF1. The presence of proliferation markers like MKI67, TOP2A, TYMS, and RRM2 indicates a proliferating population of cytotoxic CD8-positive, alpha-beta T cells."
129469,AGAGCGAAGGCGACAT-1-HCATisStab7587202,T cell,"CD4-positive, alpha-beta T cell
This cell type is identified by the strong expression of T-cell lineage markers, including CD3 complex genes (CD3D, CD3E, CD3G), T-cell receptor genes (TRAC, TRBC1, TRBC2), and LCK. The specific expression of CD4+ T-cell associated genes like LTB and IL32, combined with regulatory T-cell markers such as FOXP3, IL2RA (CD25), TNFRSF18 (GITR), TNFRSF4 (OX40), and ICOS, confirms it as a CD4-positive, alpha-beta T cell."
6146,P3_7_AAGGTTCAGATGTGTA,T cell,"T cell
The gene expression profile is highly enriched for T-cell lineage markers, including T-cell receptor components (*TRAC*, *TRBC1*, *TRBC2*), CD3 complex members (*CD3D*, *CD3E*, *CD3G*), and other pan-T-cell markers (*CD2*, *CD6*, *LAT*, *SIT1*). It also features prominent proliferation markers (*STMN1*, *HMGB2*, *UBE2C*, *PCNA*, *TYMS*), indicating a proliferating T-cell population. The absence of definitive CD4 or CD8 lineage-specific markers in the top genes supports the broader classification of ""T cell""."
240932,CCAGCGATCCATGAAC_HD67,T cell,"CD8-positive, alpha-beta T cell

This cell type is identified as a **CD8-positive, alpha-beta T cell** (specifically a proliferating/activated subset). It highly expresses key T-cell lineage markers such as *CD3E*, *CD3D*, and *TRBC2*, alongside cytotoxic effector molecules like granzymes (*GZMB*, *GZMA*, *GZMH*, *GZMK*), granulysin (*GNLY*), perforin (*PRF1*), and *NKG7*. The presence of proliferation markers such as *MKI67*, *TYMS*, *RRM2*, and *STMN1* indicates an actively dividing population of these cytotoxic T cells within the lung parenchyma."
101653,GATCGATCACAGACAG_HD67,T cell,"CD8-positive, alpha-beta T cell
This cell type is identified by the co-expression of T-cell receptor complex genes (*CD3D*, *CD3E*, *CD3G*) and CD8 co-receptor subunits (*CD8A*, *CD8B*). It also exhibits high expression of cytotoxic effector molecules such as granzymes (*GZMB*, *GZMA*, *GZMH*, *GZMK*), perforin (*PRF1*), and key activation/chemokine markers (*NKG7*, *CCL5*, *CST7*), which are characteristic of cytotoxic CD8+ T cells."
152769,GTTAAGCAGACTAGGC_HD67,T cell,"CD8-positive, alpha-beta T cell
This cell population is characterized by the strong expression of T-cell lineage markers (*CD3D*, *CD3E*, *CD3G*), CD8 co-receptors (*CD8A*, *CD8B*), and cytotoxic effector molecules (*GZMA*, *GZMB*, *GZMH*, *GZMK*, *PRF1*, *GNLY*, *NKG7*). The presence of proliferation-associated genes (*MKI67*, *TYMS*, *STMN1*, *RRM2*) further indicates a proliferating or cycling subset of CD8-positive, alpha-beta T cells."
107821,TCGCGAGTCTCTGAGA_HD67,T cell,"T cell

The expression profile is highly characteristic of T cells, specifically activated or proliferating T cells. It features key T-cell lineage markers such as *CD3E*, *CD3D*, *CD3G*, *IL7R*, *LTB*, and *IL2RG*, alongside cytotoxic effector genes (*GZMA*, *GZMK*, *CCL5*). Additionally, there is a strong signature of proliferation (*MKI67*, *TYMS*, *RRM2*, *UBE2C*, *STMN1*) and activation/antigen presentation (*CD74*, *HLA-DRA*, *HLA-DPB1*), which is typical of cycling T cell populations in the lung parenchyma."
236244,CGTCAGGGTACCGTAT_F01639,T cell,"CD4-positive, alpha-beta T cell
This cell population is characterized by the strong expression of T-cell lineage markers (CD3D, CD3E, CD3G, CD2, LCK, TRBC2) and key CD4+ T-cell markers such as IL7R and LTB. The presence of FOXP3 and CTLA4 indicates a regulatory T-cell (Treg) signature, which is a specialized lineage of CD4-positive, alpha-beta T cells. Additionally, proliferation markers like MKI67 and CENPF suggest a subset of actively cycling CD4+ T cells."
173585,CGATGTAGTTGTCTTT_HD67,T cell,"CD8-positive, alpha-beta T cell
This cell population is characterized by the high expression of T-cell lineage markers (CD3D, CD3E, CD3G) and CD8 co-receptors (CD8A, CD8B). The prominent expression of cytotoxic effector molecules such as granzymes (GZMA, GZMB, GZMH, GZMK), perforin (PRF1), and granulysin-associated markers (NKG7, CST7, CCL5) specifically identifies them as cytotoxic CD8-positive, alpha-beta T cells."
317903,CTAACTTAGGATGGTC_HD67,T cell,"CD8-positive, alpha-beta T cell
This cell population is identified as CD8-positive, alpha-beta T cells based on the co-expression of T-cell receptor components (CD3D, CD3E, TRBC2) and CD8 coreceptors (CD8A, CD8B). They exhibit a strong cytotoxic profile, characterized by high expression of granzymes (GZMA, GZMB, GZMH), perforin (PRF1), granulysin (GNLY), and NKG7. Additionally, the presence of proliferation markers such as MKI67, TYMS, STMN1, and RRM2 indicates that these are actively dividing or cycling CD8+ T cells within the lung parenchyma."
209792,CCGGTAGCATGGGAAC_F02526,T cell,"CD8-positive, alpha-beta T cell
This cell profile is characterized by the expression of T-cell lineage markers (CD3D, CD3E, CD3G, CD2, LCK) and the alpha-beta T-cell receptor component TRBC2. The specific expression of CD8A, alongside cytotoxic effector molecules such as GZMA, GZMK, CCL5, and NKG7, identifies them as CD8-positive T cells. Additionally, the high expression of proliferation markers (MKI67, TYMS, RRM2, STMN1) indicates an actively dividing population of these cytotoxic T cells."
268176,TGGCCAGCATAGAAAC_SC22,T cell,"T cell
The expression profile is characterized by key T-cell lineage markers, including CD3D, CD3E, CD3G, TRAC, TRBC1, TRBC2, LCK, and CD7. It also features activation and homing markers such as CCR7, CD27, and CD69. Additionally, a strong proliferation signature is present (MKI67, TOP2A, BIRC5, STMN1, and UBE2C), indicating proliferating T cells. Since specific CD4 or CD8 markers are not highly ranked, ""T cell"" is the most appropriate classification."
130201,CGCTTCAGTACATGTC_F01365,T cell,"T cell

The profile is highly characteristic of T cells, as evidenced by the expression of pan-T cell markers such as CD3E, CD3G, TRBC2, LCK, LAT, ZAP70, and CD5. It also expresses IL7R, LTB, and IL32. The prominent expression of proliferation markers (MKI67, TOP2A, CENPF, ASPM, and UBE2C) indicates that this represents a proliferating T cell population within the lung parenchyma."
156910,GCACATATCCCTCTTT_HD67,T cell,"CD8-positive, alpha-beta T cell
This cell profile is characterized by the high expression of T-cell receptor complex genes (*CD3D*, *CD3E*, *CD3G*) and CD8 co-receptor subunits (*CD8A*, *CD8B*). It also exhibits strong expression of cytotoxic effector molecules such as granzymes (*GZMB*, *GZMA*, *GZMH*, *GZMK*), perforin (*PRF1*), granulysin (*GNLY*), and *NKG7*. The presence of proliferation markers like *MKI67*, *TYMS*, and *RRM2* indicates a proliferating population of CD8-positive, alpha-beta T cells."
26379,GGGAGATTCTTACCGC_HD67,T cell,"CD8-positive, alpha-beta T cell
This cell profile is characterized by the expression of T-cell receptor components and lineage markers (*CD3D*, *CD3E*, *CD3G*, *TRBC2*, *LCK*, *ZAP70*) alongside CD8 coreceptors (*CD8A*, *CD8B*). It also exhibits high expression of cytotoxic effector genes (*GZMA*, *GZMB*, *GZMH*, *GZMK*, *PRF1*, *GNLY*, *NKG7*), confirming a cytotoxic T cell identity. The presence of surfactant genes (*SFTPC*, *SFTPB*, *SFTPA1*) is a well-known artifact resulting from ambient RNA contamination from highly abundant alveolar type 2 cells in lung tissue preparations."
134133,TGCCCTACAGTTAACC_F01365,T cell,"T cell
The expression profile is characterized by T-cell lineage markers (such as CD3E, CD2, CD28, LIME1, and IL2RG) combined with a strong signature of proliferation and cell cycle-associated genes (including RRM2, MKI67, TYMS, CCNA2, CCNB2, and multiple histones like H4C3 and H2AC11). This profile corresponds to proliferating T cells in the lung parenchyma."
265035,TCTTTCCAGCTCCTCT_HD67,T cell,"CD8-positive, alpha-beta T cell
This cell type is identified by the co-expression of T-cell receptor complex components (CD3D, CD3E, CD3G, TRBC2) and CD8 coreceptor subunits (CD8A, CD8B). The high expression of cytotoxic effector molecules (GZMA, GZMB, GZMH, GNLY, PRF1) and chemokines (CCL3, CCL4, CCL5) further characterizes these as active cytotoxic CD8-positive, alpha-beta T cells, distinguishing them from CD4-positive T cells and natural killer cells (which lack CD3)."
257974,CCACGGAGTGGTGTAG_F01403,T cell,"T cell
This cell profile is characterized by the strong expression of pan-T cell markers (*CD3E*, *CD3D*, *CD3G*, *CD2*, *LCK*) alongside high levels of proliferation and cell-cycle markers (*MKI67*, *TYMS*, *RRM2*, *STMN1*, *UBE2C*, *CENPF*). The presence of *IL17A* and *CD40LG* indicates an activated/helper T cell state, but the prominent cycling signature is characteristic of proliferating T cells, which are classified under the general category of T cells in lung parenchyma datasets."
28858,TCTGAGATCTCATTCA_HD67,T cell,"CD8-positive, alpha-beta T cell
This cell population is characterized by the high expression of T-cell lineage markers (CD3D, CD3E, CD3G, TRBC2) and CD8 co-receptors (CD8A, CD8B). It also exhibits strong expression of cytotoxic effector molecules such as granzymes (GZMA, GZMB, GZMH, GZMK), perforin (PRF1), granulysin (GNLY), and chemokines like CCL5, which are hallmark features of cytotoxic CD8-positive, alpha-beta T cells."
227365,GATGCTATCCTTAATC_F01853,acinar cell,"club cell
The profile is dominated by *SCGB1A1* and *SCGB3A1*, which are highly specific marker genes for club cells (formerly Clara cells) in the bronchiolar epithelium. Other highly expressed genes such as *BPIFB1*, *SLPI*, *WFDC2*, and *CYP2F1* further support this identity, as they are involved in mucosal defense, detoxification, and secretion characteristic of club cells."
98762,ACTTGTTTCTGTTTGT_F02092,acinar cell,"club cell
This cell type is identified as a club cell (formerly Clara cell) of the lung. It is characterized by the extremely high and specific expression of secretoglobins *SCGB3A1* and *SCGB1A1*, which are hallmark markers for club cells. Additionally, the expression of host defense and secretory proteins such as *BPIFB1*, *SLPI*, *LTF*, and *WFDC2*, along with surfactant-associated protein *SFTPB* and xenobiotic metabolism enzymes like *CYP2F1*, further confirms this lineage."
240436,GGCGTGTGTAGCGTCC-1-HCATisStab7659971,alveolar adventitial fibroblast,"alveolar adventitial fibroblast
This cell type is identified as an alveolar adventitial fibroblast (also known as adventitial fibroblast or stromal cell). It is characterized by the high expression of extracellular matrix genes (such as *DCN*, *LUM*, *FBLN1*, *COL1A1*, *COL1A2*, and *COL3A1*) and specific adventitial markers including *SFRP2*, *CFD*, *MFAP5*, *SCARA5*, and *ADH1B*, which distinguish it from alveolar fibroblasts and myofibroblasts in the lung parenchyma."
91082,AGAAGCGGTCTCGGAC_SC143,alveolar adventitial fibroblast,"alveolar adventitial fibroblast
This cell type is identified as an alveolar adventitial fibroblast. It highly expresses classic adventitial fibroblast markers such as *PI16*, *DCN*, *MFAP5*, *CFD*, *CCDC80*, and *FBN1*, along with various extracellular matrix components (collagens *COL1A1*, *COL1A2*, *COL3A1*, and *COL6A2*) and metalloproteinase regulators (*TIMP1*, *TIMP3*), which distinguish it from alveolar fibroblasts and other stromal populations in the lung parenchyma."
264666,CTCATTAGTCGCATAT_F02607,alveolar adventitial fibroblast,"alveolar adventitial fibroblast

This cell type is characterized by the high expression of classic adventitial fibroblast markers, including *APOD*, *DCN*, *MGP*, *ADH1B*, *CFD*, *FBLN1*, *LUM*, *PI16*, and *DPT*. Located in the adventitial space surrounding large vessels and airways in the lung parenchyma, these fibroblasts play a key role in extracellular matrix remodeling, structural support, and maintaining the stromal niche."
234487,ACGATGTCAGACAAAT-1-HCATisStab7659970,alveolar adventitial fibroblast,"alveolar adventitial fibroblast
This cell profile is characteristic of alveolar adventitial fibroblasts. It is defined by the high expression of extracellular matrix genes (such as *DCN*, *LUM*, *FBLN1*, *COL1A2*, and *COL3A1*) and specific adventitial markers like *SFRP2*, *PLA2G2A*, *CFD*, *MFAP5*, and *IGFBP6*, which distinguish them from alveolar fibroblasts (typically *NPNT*+) and myofibroblasts."
41833,TATTGGGTCGCAAGAG_SC143,alveolar adventitial fibroblast,"alveolar adventitial fibroblast

This cell type is identified as an alveolar adventitial fibroblast. The expression profile is highly enriched for extracellular matrix components (such as *DCN*, *FBLN1*, *LUM*, *COL1A2*, and *COL3A1*) and key marker genes specific to adventitial fibroblasts in the lung parenchyma, including *SFRP2*, *CFD*, *MFAP5*, and *C7*. These markers distinguish them from other lung mesenchymal populations like alveolar fibroblasts or myofibroblasts."
261626,TGACTCCCATCCCACT_SC86,alveolar adventitial fibroblast,"alveolar adventitial fibroblast
This cell type is identified as an alveolar adventitial fibroblast. It is characterized by the high expression of extracellular matrix-associated genes (*DCN*, *FBLN1*, *MGP*, *COL1A2*), complement pathway components (*C3*, *CFD*, *C1S*, *C1R*), and specific adventitial markers such as *SFRP2*, *ADH1B*, *SCARA5*, and *LEPR*. These markers distinguish adventitial fibroblasts from alveolar fibroblasts (which typically express *NPNT*) and myofibroblasts (which express *ACTA2*)."
91964,CACACTCCAGTCTTCC-1-HCATisStab7659969,alveolar adventitial fibroblast,"alveolar adventitial fibroblast
This cell type is characterized by the high expression of extracellular matrix genes (such as *COL1A1*, *COL1A2*, *COL3A1*, *DCN*, and *LUM*) and metalloproteinase inhibitors (*TIMP1*). Specifically, the strong enrichment of *PLA2G2A*, *CFD*, *C7*, *FBLN1*, and *APOD* is highly specific for alveolar adventitial fibroblasts (adventitial fibroblasts) within the lung parenchyma, distinguishing them from other mesenchymal populations like alveolar fibroblasts or myofibroblasts."
27916,GGGACAAGTCGCTGCA_SC143,alveolar adventitial fibroblast,"alveolar adventitial fibroblast

This cell type is identified as an alveolar adventitial fibroblast. The expression profile is highly enriched for extracellular matrix components and remodeling factors (such as *DCN*, *MGP*, *FBLN1*, *COL1A2*, and *LUM*), as well as specific adventitial fibroblast markers like *PLA2G2A*, *CCDC80*, *CFD*, *MFAP5*, and *SFRP2*. These cells reside in the adventitial connective tissue surrounding bronchovascular bundles in the lung parenchyma."
302332,TTAACTCCAAGGTTTC-1-HCATisStab7587211,alveolar adventitial fibroblast,"alveolar adventitial fibroblast
This cell type is identified as an alveolar adventitial fibroblast. The expression profile is highly enriched for key extracellular matrix components (such as DCN, LUM, FBLN1, COL1A1, and COL1A2) and specific markers characteristic of lung adventitial fibroblasts, including MFAP5, SFRP2, SFRP4, CFD, and PI16. This signature distinguishes them from alveolar fibroblasts (which typically express NPNT) and other pulmonary stromal cells."
167647,GATTGGTGTCGCAACC_SC143,alveolar adventitial fibroblast,"alveolar adventitial fibroblast

This cell population is characterized by the high expression of extracellular matrix-associated genes such as *DCN*, *MGP*, *FBLN1*, *LUM*, and collagen genes (*COL1A2*, *COL3A1*), along with specific adventitial markers like *SFRP2*, *CFD*, and *C7*. This expression profile is highly specific to alveolar adventitial fibroblasts in the lung parenchyma, distinguishing them from alveolar fibroblasts (which express *NPNT*) and myofibroblasts (which express contractile genes like *ACTA2*)."
95212,CAAGTTGTCACATACG_F01851,alveolar adventitial fibroblast,"alveolar adventitial fibroblast

This cell type is identified as an alveolar adventitial fibroblast. The expression profile is dominated by extracellular matrix components (such as *DCN*, *LUM*, *MGP*, *FBLN1*, and *COL1A2*) and complement pathway genes (*CFD*, *C3*, *C7*, *C1S*), which are characteristic of fibroblasts. Specifically, the high expression of *PI16*, *SFRP2*, *CFD*, *DCN*, and *APOD* is highly specific to adventitial fibroblasts within the lung parenchyma, distinguishing them from alveolar fibroblasts and myofibroblasts."
124310,TGGCCAGAGCCTTGAT_F02613,alveolar adventitial fibroblast,"alveolar adventitial fibroblast

**Explanation:**
The provided gene expression profile is highly characteristic of **alveolar adventitial fibroblasts** (also known as adventitial fibroblasts) in the lung parenchyma. Key marker genes include *DCN* (decorin), *FBLN1* (fibulin-1), *ADH1B*, *APOD*, *LEPR*, *MMP2*, *C7*, *MGP*, *GPX3*, *SFRP2*, and *CFD*. These cells are located in the adventitia surrounding bronchovascular bundles and are distinguished from alveolar fibroblasts (or alveolar type 1 fibroblast cells) by their high expression of extracellular matrix proteins, complement components (e.g., *C3*, *C1S*, *C1R*), and lipid-associated genes like *APOD* and *LEPR*."
256804,GGGTTTACAATTCTTC_SC143,alveolar adventitial fibroblast,"alveolar adventitial fibroblast
This cell type is identified as an alveolar adventitial fibroblast, characterized by the highly specific expression of marker genes such as *PI16*, *MFAP5*, *DCN*, *CFD*, *CCDC80*, and *IGFBP6*. These fibroblasts reside in the adventitial space of the bronchovascular bundles in the lung parenchyma and are specialized in producing key extracellular matrix components, as evidenced by the high expression of *COL1A2*, *COL3A1*, *FBLN1*, and *LUM*."
247822,GTACTCCGTGGTCTCG-1-HCATisStab7747200,alveolar adventitial fibroblast,"alveolar adventitial fibroblast
This cell type is identified as an alveolar adventitial fibroblast. It highly expresses key extracellular matrix and stromal marker genes, including *MGP*, *DCN*, *FBLN1*, *LUM*, and collagen genes (*COL1A1*, *COL1A2*, *COL3A1*). Additionally, the expression of complement factors (*C7*, *C1R*, *C1S*, *CFD*) and *ADH1B* is highly characteristic of adventitial fibroblasts in the lung parenchyma, distinguishing them from alveolar fibroblasts and myofibroblasts."
323068,7239217_CTCCTAGCATGGATGG,alveolar adventitial fibroblast,"alveolar adventitial fibroblast
This cell type is identified as an alveolar adventitial fibroblast. It is characterized by the high expression of *PLA2G2A*, *DCN*, *CFD*, *FBLN1*, *MFAP5*, and *SFRP2*, which are classic markers of adventitial fibroblasts in the lung parenchyma. These cells are typically located in the connective tissue sheath (adventitia) surrounding large vessels and airways, and they express high levels of extracellular matrix proteins (such as *COL1A1*, *COL1A2*, and *FBN1*) and complement components (*C3*, *C1R*, *C1S*), distinguishing them from alveolar fibroblasts and myofibroblasts."
155315,CGTGTCTTCGCTCCTA_SC143,alveolar adventitial fibroblast,"alveolar adventitial fibroblast
This cell profile is highly characteristic of alveolar adventitial fibroblasts. It is defined by the strong expression of key adventitial markers such as *DCN*, *PI16*, *MFAP5*, *CFD*, *SFRP2*, *SCARA5*, and *CCDC80*, along with extracellular matrix components like collagen genes (*COL1A1*, *COL1A2*, *COL3A1*) and *FBN1*. These markers distinguish them from alveolar fibroblasts (which express *NPNT*) and myofibroblasts (which express *ACTA2*)."
320631,CATCAAGTCCTCAGAA_SC143,alveolar adventitial fibroblast,"alveolar adventitial fibroblast
This cell type is identified as an alveolar adventitial fibroblast, characterized by the high expression of extracellular matrix components (such as *DCN*, *MGP*, *FBLN1*, *LUM*, *FBN1*, and various collagens like *COL1A2* and *COL6A2*). It is further distinguished from other lung fibroblast subtypes by the specific expression of markers like *CFD*, *SFRP2*, *C7*, *ADH1B*, and *FGF7*, which are characteristic of the adventitial fibroblast lineage in the lung parenchyma."
152645,ACGTTCCAGTCAGGGT_SC143,alveolar adventitial fibroblast,"alveolar adventitial fibroblast
Alveolar adventitial fibroblasts are characterized by the high expression of extracellular matrix genes (such as *DCN*, *FBLN1*, *COL1A2*, and *COL3A1*) along with specific markers like *MFAP5*, *CFD*, *SFRP2*, *C7*, and *SCARA5*. Located in the adventitial space surrounding bronchovascular bundles in the lung parenchyma, these cells play a critical role in maintaining structural integrity, extracellular matrix deposition, and tissue remodeling."
93057,TGACGGCAGGCTACGA_F01851,alveolar adventitial fibroblast,"alveolar adventitial fibroblast
This cell profile is highly characteristic of alveolar adventitial fibroblasts (also known as adventitial fibroblasts). It is defined by the strong expression of key marker genes such as *DCN*, *APOD*, *CFD*, *SFRP2*, *MFAP5*, *CLEC3B*, and *PI16*. These cells are typically located in the adventitial connective tissue surrounding bronchovascular bundles in the lung parenchyma, where they play roles in extracellular matrix remodeling and stromal support."
115850,AGAGAATCATGACAAA_SC86,alveolar adventitial fibroblast,"alveolar adventitial fibroblast
This cell type is identified as an alveolar adventitial fibroblast. It is characterized by the high expression of key adventitial fibroblast markers such as *DCN*, *FBLN1*, *CFD*, *ADH1B*, *SFRP2*, and *APOD*, along with complement components (*C3*, *C7*, *C1R*, *C1S*). These cells reside in the adventitial connective tissue of bronchovascular bundles in the lung parenchyma, where they regulate extracellular matrix remodeling and inflammatory responses."
194358,GAACGGATCACTCCTG_F01394,alveolar macrophage,"Alveolar macrophage
This cell profile is characterized by the high expression of *FABP4* and *MARCO*, which are highly specific markers for alveolar macrophages in the lung. Additionally, the strong expression of complement genes (*C1QA*, *C1QB*, *C1QC*), lipid metabolism genes (*APOE*, *APOC1*), antigen presentation molecules (*HLA-DRA*, *CD74*), and pan-macrophage markers (*CD68*, *TYROBP*) further confirms this identity."
209271,TCAACGACACTGAAGG_F01394,alveolar macrophage,"alveolar macrophage
Alveolar macrophages are characterized by the high expression of lipid metabolism genes (*FABP4*, *APOE*, *APOC1*), complement components (*C1QA*, *C1QB*, *C1QC*), and lineage-specific markers (*MARCO*, *CD68*, *MRC1*, *CD163*), along with antigen-presentation molecules (*HLA-DRA*, *CD74*). *FABP4* and *MARCO* are highly specific markers that distinguish alveolar macrophages from other lung macrophage populations."
59952,TACAGGTAGTACTGTC_SC144,alveolar macrophage,"Alveolar macrophage
This cell type is identified as an alveolar macrophage. It highly expresses pan-macrophage markers such as CD68, TYROBP, LYZ, and CTSD, alongside MHC class II molecules (HLA-DRA, HLA-DPA1). Crucially, the prominent expression of lipid-metabolism and transport genes like FABP4, FABP5, APOC1, and LPL, along with complement components (C1QA, C1QB), is a defining signature of resident alveolar macrophages in the lung parenchyma."
252112,TCACACCTCGGACTGC_SC144,alveolar macrophage,"Alveolar macrophage
This cell type is identified as an alveolar macrophage. It highly expresses classic alveolar macrophage markers such as *FABP4*, *MARCO*, *MRC1* (CD206), and *MSR1*. The profile is also characterized by strong expression of complement genes (*C1QA*, *C1QB*, *C1QC*), lipid metabolism genes (*APOE*, *APOC1*), and antigen-presentation molecules (MHC class II genes like *HLA-DRA* and *CD74*), which are characteristic of resident macrophages in the lung alveoli."
220622,CCACTACAGGTGTTAA_F02611,alveolar macrophage,"alveolar macrophage
This cell type is identified as an alveolar macrophage. It is characterized by the highly specific expression of *FABP4* and *MARCO*, which distinguish alveolar macrophages from other lung macrophage populations. Additionally, there is strong expression of complement genes (*C1QA*, *C1QB*, *C1QC*), lipid-associated genes (*APOC1*, *APOE*), and classic myeloid/macrophage markers (*CD68*, *TYROBP*, *LYZ*, *VSIG4*, and MHC class II genes like *CD74* and *HLA-DRA*)."
219832,GTGCGTGAGAAGTCTA_SC144,alveolar macrophage,"Alveolar macrophage
This cell profile is characteristic of alveolar macrophages, defined by the highly specific expression of *FABP4* and lipid-metabolism genes (*APOC1*, *APOE*). They are further identified by high expression of complement pathway components (*C1QA*, *C1QB*, *C1QC*), scavenger receptors (*MARCO*, *MRC1*/*CD206*, *MSR1*), and antigen-presentation molecules (*HLA-DRA*, *CD74*), which distinguish them from other lung macrophage and monocyte populations."
216288,GGAATAAGTAGGCTGA_SC27,alveolar macrophage,"Alveolar macrophage
This cell profile is characterized by the high expression of classic alveolar macrophage markers, including *MARCO*, *FABP5*, and *CCL18*. It also features strong expression of complement genes (*C1QA*, *C1QB*, *C1QC*), lipid metabolism genes (*APOE*, *APOC1*), and lysosomal cathepsins (*CTSD*, *CTSB*). Additionally, the prominent upregulation of metallothioneins (*MT1G*, *MT1X*, *MT2A*) is highly characteristic of resident alveolar macrophages in the lung parenchyma."
62964,CGAGCACCATCTCCCA_SC29,alveolar macrophage,"alveolar macrophage
This cell type is identified as an alveolar macrophage. It highly expresses classic alveolar macrophage marker genes, including *FABP4* and *MARCO*, along with complement genes (*C1QA*, *C1QB*, *C1QC*), lipid metabolism genes (*APOC1*, *APOE*), and macrophage-specific markers (*CCL18*, *CD163*, *MSR1*, and *AIF1*). These markers distinguish alveolar macrophages from other lung macrophage populations and monocytes."
109670,GGGCACTCAATCAGAA_F01394,alveolar macrophage,"Alveolar macrophage

The profile is dominated by *FABP4*, *MARCO*, and complement genes (*C1QA*, *C1QB*, *C1QC*), which are highly specific signature markers for alveolar macrophages in the lung. The high expression of antigen-presentation molecules (*HLA-DRA*, *CD74*), lipid metabolism genes (*APOE*, *APOC1*), and macrophage markers (*CD68*, *VSIG4*) further confirms this identity, distinguishing them from other lung macrophage populations or monocytes."
48336,AGGTCATGGAATCC-SC31,alveolar macrophage,"Alveolar macrophage
This cell profile is characteristic of alveolar macrophages, defined by the high expression of lipid metabolism genes (*FABP4*, *FABP5*, *APOE*, *APOC1*), complement components (*C1QA*, *C1QB*, *C1QC*), and scavenger receptors (*MARCO*, *MRC1*, *VSIG4*). The high expression of *CCL18* and *CD68* further confirms their identity as resident macrophages of the lung alveoli."
31798,TAAACCGGTCCTCTTG_SC18,alveolar macrophage,"alveolar macrophage
This cell type is identified as an alveolar macrophage. It highly expresses complement genes (*C1QA*, *C1QB*), lipid metabolism and transport genes (*APOC1*, *APOE*, *PLIN2*), and antigen presentation molecules (*HLA-DRA*, *CD74*). Additionally, it expresses key macrophage-specific markers such as *MARCO*, *MSR1*, *CD163*, and *CD68*, which are characteristic of resident alveolar macrophages in the lung parenchyma."
138463,CATCGCTAGATAGTCA_SC144,alveolar macrophage,"Alveolar macrophage
This cell type is identified as an alveolar macrophage, characterized by the highly specific expression of *FABP4* and *MARCO*, along with complement genes (*C1QA*, *C1QB*, *C1QC*), lipid metabolism genes (*APOC1*, *APOE*), and classic macrophage markers such as *MRC1* (CD206), *CD163*, and *CD68*. The high expression of MHC class II molecules (e.g., *HLA-DRA*) also reflects their antigen-presenting capability."
164369,ATCATTCGTCCTGAAT_SC84,alveolar macrophage,"Alveolar macrophage
This cell type is identified as an alveolar macrophage. It is characterized by the exceptionally high and specific expression of *FABP4* and *MARCO*, which are classic markers for alveolar macrophages in the lung. Additionally, the profile shows strong expression of complement genes (*C1QA*, *C1QB*, *C1QC*), lipid metabolism genes (*APOE*, *APOC1*), and antigen-presentation molecules (HLA class II genes like *HLA-DRA*, *HLA-DQA1*, *HLA-DRB1*), which are characteristic of these resident pulmonary immune cells."
46887,ACCCAAACAGTCAACT_SC144,alveolar macrophage,"Alveolar macrophage
This cell profile is highly characteristic of alveolar macrophages, defined by the prominent expression of *FABP4*, *MARCO*, *PPARG*, and *MRC1* (CD206). The high expression of complement genes (*C1QA*, *C1QB*, *C1QC*), lipid metabolism genes (*APOC1*, *APOE*), and antigen-presentation molecules (*HLA-DRA*, *CD74*) further confirms this identity, distinguishing them from interstitial lung macrophages and other myeloid cells."
102774,AATCGGTGTTACCAGT_F01394,alveolar macrophage,"Alveolar macrophage
This cell type is identified as an alveolar macrophage. It is characterized by the highly specific expression of *FABP4* and *MARCO*, which distinguish alveolar macrophages from other lung macrophage populations. Additionally, it shows strong expression of complement genes (*C1QA*, *C1QB*, *C1QC*), lipid-processing genes (*APOE*, *APOC1*), antigen-presentation molecules (*CD74*, *HLA-DRA*), and classic macrophage markers such as *CD68* and *VSIG4*."
261871,CGGACGTAGCTGGAAC_F01394,alveolar macrophage,"Alveolar macrophage
The profile is characterized by high expression of complement genes (*C1QA*, *C1QB*, *C1QC*), lipid metabolism genes (*APOE*, *APOC1*), and MHC class II molecules (*CD74*, *HLA-DRA*). Crucially, the presence of *MARCO* (macrophage receptor with collagenous structure) and *FABP4* (fatty acid-binding protein 4) are highly specific and classic markers distinguishing alveolar macrophages from other lung macrophage populations."
28278,CACATTTGTGCAACTT_SC07,alveolar macrophage,"Alveolar macrophage
This cell type is identified as an alveolar macrophage due to the high expression of canonical markers *FABP4* and *MARCO*, which distinguish them from other lung macrophages. It also exhibits strong expression of complement genes (*C1QA*, *C1QB*, *C1QC*), MHC class II molecules (*HLA-DRA*, *CD74*), and general macrophage markers such as *CD68*, *VSIG4*, and *LYZ*."
208717,GTATTTCAGTCGGCAA_SC144,alveolar macrophage,"Alveolar macrophage
The profile is characterized by high expression of *FABP4* and *MARCO*, which are highly specific markers for alveolar macrophages in the lung. Additionally, the strong expression of complement genes (*C1QA*, *C1QB*, *C1QC*), lipid metabolism genes (*APOC1*, *APOE*), macrophage markers (*MRC1*, *CD68*, *CD163*), and antigen-presentation molecules (*HLA-DRA*, *CD74*) confirms this identity, distinguishing them from other lung macrophage populations and monocytes."
143858,GTGTTAGGTACGTACT_SC144,alveolar macrophage,"alveolar macrophage
The profile is characterized by high expression of classic alveolar macrophage markers, including MARCO and FABP4, alongside lipid metabolism genes (APOC1, APOE, LPL, PLIN2) and antigen presentation molecules (HLA-DRA, HLA-DPA1). The presence of macrophage-specific genes like CD68, TYROBP, C1QA, and C1QB further confirms this identity."
14080,AATGACCGTATGGAAT_SC144,alveolar macrophage,"Alveolar macrophage
This cell profile is highly characteristic of alveolar macrophages, defined by the prominent expression of *FABP4*, *MARCO*, *MRC1* (CD206), and *VSIG4*, alongside complement genes (*C1QA*, *C1QB*, *C1QC*) and antigen-presentation molecules (*HLA-DRA*, *CD74*). These markers distinguish alveolar macrophages from other lung macrophage populations and monocytes."
146848,GTAACGTGTACCGGCT_SC27,alveolar type 1 fibroblast cell,"alveolar adventitial fibroblast
This cell profile is characterized by the high expression of extracellular matrix genes (*DCN*, *LUM*, *MGP*, *FBLN1*, and collagens like *COL1A2*, *COL3A1*), complement components (*CFD*, *C3*, *C7*, *C1S*), and *PTGDS*. This signature is highly specific to alveolar adventitial fibroblasts (often corresponding to *COL14A1*+ fibroblasts) in the lung parenchyma, which reside in the adventitial space of bronchovascular bundles and play key roles in structural support and immunomodulation."
318938,CAATGACAGCTGAAAT_SC86,alveolar type 1 fibroblast cell,"alveolar adventitial fibroblast
This cell type is identified as an alveolar adventitial fibroblast, characterized by the high expression of key extracellular matrix and stromal markers including *DCN* (decorin), *LUM* (lumican), *FBLN1*, and *COL1A2*. It also highly expresses complement and lipid-mediating factors such as *CFD*, *C7*, *PTGDS*, and *ADH1B*, alongside *SCN7A*, which are classic signature genes distinguishing adventitial fibroblasts from alveolar fibroblasts and other stromal populations in the lung parenchyma."
180818,TTCTCCTAGCCCAGCT_HD68,alveolar type 1 fibroblast cell,"alveolar adventitial fibroblast
This cell type is identified as an alveolar adventitial fibroblast based on the highly specific expression of marker genes such as *ADH1B*, *DCN*, *LUM*, *MAMDC2*, *SCN7A*, *CFD*, *FBLN1*, and *PDGFRA*. Located in the adventitial sheath of bronchovascular bundles in the lung parenchyma, these fibroblasts are specialized in producing extracellular matrix components (such as decorin, lumican, and fibulin) and play a key role in maintaining lung structural integrity and vascular support."
162601,AAACGCTTCAGCTAGT_SC86,alveolar type 1 fibroblast cell,"alveolar adventitial fibroblast

This gene expression profile is highly characteristic of alveolar adventitial fibroblasts in the lung parenchyma. It features prominent expression of extracellular matrix and stromal markers such as TIMP3, DCN (decorin), LUM (lumican), FBLN1 (fibulin-1), and MGP, alongside classic adventitial fibroblast markers like CFD (complement factor D), ADH1B, and PTGDS, which distinguish them from alveolar interstitial fibroblasts and myofibroblasts."
21995,TAGTTGGGTGTATGGG-1-HCATisStab7747198,alveolar type 1 fibroblast cell,"alveolar adventitial fibroblast

This gene expression profile is highly characteristic of alveolar adventitial fibroblasts. It is enriched for key extracellular matrix and structural genes such as *MFAP4*, *DCN*, *LUM*, *FBLN1*, and *MGP*, alongside *CCN1*, *A2M*, and *TIMP1*. This signature distinguishes them from alveolar type 1 fibroblasts (which are more specifically marked by *TCF21* and *NPNT*) and other stromal populations like myofibroblasts or pericytes."
191326,ATCATCTTCACTCTTA-1-HCATisStab7659971,alveolar type 1 fibroblast cell,"alveolar adventitial fibroblast

This cell type is identified as an **alveolar adventitial fibroblast** (also known as adventitial fibroblast). It is characterized by the high expression of extracellular matrix-associated genes such as *LUM* (lumican), *DCN* (decorin), *MFAP4*, *FBLN1*, and *COL1A2*, along with complement and signaling factors like *A2M*, *CFD*, *C1S*, and *C1R*. These markers distinguish adventitial fibroblasts, which reside in the bronchovascular adventitia of the lung, from alveolar fibroblasts and other stromal populations."
164575,CTCATTATCCCGGATG-1-HCATisStab7747198,alveolar type 1 fibroblast cell,"alveolar adventitial fibroblast
This cell type is identified as an alveolar adventitial fibroblast. It is characterized by the high expression of extracellular matrix components (such as *DCN*, *FBLN1*, *LUM*, *COL1A1*, *COL1A2*, and *COL3A1*) and key marker genes including *MGP*, *ADH1B*, *CFD*, *C3*, and *C7*. These markers distinguish adventitial fibroblasts from other lung mesenchymal populations, such as alveolar fibroblasts (which typically express *NPNT*) and myofibroblasts (which express high levels of contractile proteins like *ACTA2*)."
111713,P3_5_CGGGTCAAGGATGTAT,alveolar type 1 fibroblast cell,"alveolar adventitial fibroblast

This cell type is identified as an alveolar adventitial fibroblast. It is characterized by the high expression of key extracellular matrix and stromal genes, including *LUM*, *DCN*, *MFAP4*, *FBLN1*, and *COL1A2*, along with markers like *CFD*, *ADH1B*, and *CCN2*. These markers distinguish adventitial fibroblasts from alveolar type 1 fibroblasts (which typically express higher levels of *TCF21* and *NPNT*) and other lung stromal populations."
258539,GACCCTTCAAGACTGG_SC86,alveolar type 1 fibroblast cell,"alveolar adventitial fibroblast
This cell type is identified as an alveolar adventitial fibroblast. It highly expresses classic adventitial fibroblast markers such as *PDGFRA*, *DCN*, *C7*, *ADH1B*, *SCN7A*, and *FBLN1*. These cells are primarily located in the adventitial connective tissue surrounding bronchovascular bundles in the lung, where they play a key role in synthesizing extracellular matrix components (e.g., *ELN*, *COL1A2*, *COL6A1*, *COL6A2*) and maintaining structural integrity."
155245,AAGTACCCAAACTCGT_SC86,alveolar type 1 fibroblast cell,"alveolar adventitial fibroblast
This cell profile is characterized by the high expression of extracellular matrix genes (*DCN*, *LUM*, *FBLN1*, *COL1A2*), complement components (*C7*, *CFD*), and specific markers such as *PTGDS*, *ADH1B*, *SCN7A*, and *LBH*. In the lung parenchyma, this signature is highly specific to alveolar adventitial fibroblasts, distinguishing them from alveolar fibroblasts (which typically express higher *TCF21* and *NPNT*) and myofibroblasts."
157895,CGAATGTTCTGGCGAC_SC24,alveolar type 1 fibroblast cell,"alveolar adventitial fibroblast
This cell type is identified as an alveolar adventitial fibroblast. It is characterized by the high expression of extracellular matrix and structural genes (such as *DCN*, *LUM*, *FBLN1*, *FBLN5*, *COL1A2*, and *ELN*), complement pathway components (*C7*, *C1S*, *C1R*), and highly specific adventitial fibroblast markers including *PTGDS*, *SCN7A*, *ADH1B*, *MGP*, and *PDGFRA*. These cells typically reside in the adventitial connective tissue surrounding bronchovascular bundles in the lung parenchyma."
182026,CACAGTATCTTCCTTC-1-HCATisStab7747199,alveolar type 1 fibroblast cell,"alveolar adventitial fibroblast

This cell type is identified as an alveolar adventitial fibroblast based on the high expression of extracellular matrix genes (such as *DCN*, *MGP*, *FBLN1*, *LUM*, *COL1A1*, and *COL1A2*) and specific marker genes including *A2M*, *ADH1B*, *CFD*, *GDF10*, and *IGF1*. This expression profile is characteristic of adventitial fibroblasts located in the bronchovascular bundles of the lung parenchyma, distinguishing them from alveolar fibroblasts and myofibroblasts."
268869,P3_5_CAGCCGAAGCAATCTC,alveolar type 1 fibroblast cell,"alveolar type 1 fibroblast cell

This cell type is identified as an **alveolar type 1 fibroblast cell** (also known as an alveolar interstitial fibroblast). It is characterized by the high expression of key marker genes such as *TCF21*, *INMT*, *FGFR4*, *GDF10*, and *FMO2*, alongside extracellular matrix-associated genes like *DCN*, *LUM*, *MFAP4*, and *CCN2*. These fibroblasts are located in the alveolar interstitium of the lung parenchyma, where they support alveolar structure and play roles in lipid homeostasis and alveolar septation."
55369,CACACTCAGTCGATAA_F02522,alveolar type 1 fibroblast cell,"alveolar adventitial fibroblast
This cell type is identified as an alveolar adventitial fibroblast. It highly expresses classic adventitial fibroblast markers such as *DCN*, *A2M*, *ADH1B*, *FBLN1*, *AOC3*, *C7*, and *PDGFRA*. These cells are typically located in the adventitial space surrounding bronchovascular bundles in the lung parenchyma, distinguishing them from alveolar type 1 fibroblasts and myofibroblasts."
92302,P3_5_CAGAGAGCATAGGATA,alveolar type 1 fibroblast cell,"alveolar type 1 fibroblast cell
This cell profile is characterized by the high expression of key alveolar fibroblast markers, including *TCF21*, *FGFR4*, *SCN7A*, *FMO2*, *LIMCH1*, *INMT*, *PTGDS*, and *GPC3*, alongside pan-fibroblast extracellular matrix genes like *LUM*, *DCN*, and *MFAP4*. This specific gene expression signature distinguishes alveolar type 1 fibroblast cells (also known as alveolar fibroblasts) from other lung stromal populations, such as alveolar adventitial fibroblasts."
160613,CCGTACTCACTTCGAA_F02607,alveolar type 1 fibroblast cell,"alveolar adventitial fibroblast

This cell type is identified as an alveolar adventitial fibroblast. The expression profile is highly enriched for classic adventitial fibroblast markers, including extracellular matrix components (*DCN*, *LUM*, *FBLN1*, *COL1A2*, *COL6A1/2*), complement pathway genes (*C7*, *CFD*, *C1S*, *C1R*), and other characteristic markers such as *A2M*, *ADH1B*, *SPARCL1*, and *PDGFRA*. This signature distinguishes them from alveolar type 1 fibroblasts (which typically express *NPNT*) and other stromal populations in the lung parenchyma."
29054,GTTAGACGTTGGCTAT_SC86,alveolar type 1 fibroblast cell,"alveolar adventitial fibroblast

This cell type is identified as an alveolar adventitial fibroblast. It is characterized by the high expression of key marker genes such as *SCN7A*, *DCN*, *FBLN1*, *CFD*, *C7*, *ADH1B*, *PTGDS*, and *PDGFRA*. These markers distinguish adventitial fibroblasts (typically located in the adventitial space surrounding bronchovascular bundles) from alveolar fibroblasts (which express *NPNT* and *CES1*) and myofibroblasts (which express *ACTA2*). They play a major role in synthesizing extracellular matrix components and maintaining lung structural integrity."
222942,TACTGCCTCCAACTGA_SC86,alveolar type 1 fibroblast cell,"alveolar adventitial fibroblast

This cell type is identified as an **alveolar adventitial fibroblast** based on the high expression of key marker genes such as *A2M*, *DCN*, *TIMP3*, *ADH1B*, *C7*, *LUM*, *SCN7A*, *PTGDS*, and *CFD*. In the lung parenchyma, adventitial fibroblasts are located in the connective tissue sheaths surrounding large vessels and airways, and they are characterized by the secretion of extracellular matrix components (like decorin and lumican) and complement factors (such as *C7* and *CFD*)."
89461,P3_5_GGTGTTACATGCCACG,alveolar type 1 fibroblast cell,"alveolar adventitial fibroblast

This cell type is identified as an alveolar adventitial fibroblast. It is characterized by the high expression of classic adventitial stromal markers, including *DCN*, *LUM*, *MFAP4*, *CFD*, *ADH1B*, *LBH*, *SCN7A*, and *GPC3*. These markers distinguish adventitial fibroblasts from alveolar fibroblasts (alveolar type 1 fibroblast cells), which typically express *NPNT* and *CES1*."
312372,P3_5_GCCTCTAAGTAATCCC,alveolar type 1 fibroblast cell,"alveolar adventitial fibroblast

This cell profile is characteristic of **alveolar adventitial fibroblasts** (also known as adventitial fibroblasts). It is defined by the high expression of extracellular matrix-associated genes such as *MFAP4*, *LUM*, *DCN*, *FBLN1*, and *COL1A2*, along with other classic adventitial markers like *CFD*, *ADH1B*, and *A2M*. These cells reside in the adventitial connective tissue surrounding bronchovascular bundles in the lung parenchyma, distinguishing them from alveolar septal fibroblasts (alveolar type 1 fibroblasts) which express higher levels of *TCF21* and *NPNT*."
288746,TATCTCATCGGCTACG_HD101,bronchial goblet cell,"club cell
The cell type is a club cell (formerly Clara cell). This is indicated by the highly specific and abundant expression of secretoglobins *SCGB1A1* and *SCGB3A1*, which are classic club cell marker genes. Other highly ranked genes such as *BPIFB1*, *SLPI*, *WFDC2*, *BPIFA1*, and *CYP2F1* are also well-established markers involved in mucosal defense, detoxification, and secretion in the bronchiolar epithelium, characteristic of club cells."
86448,CTGAAACGTAGAGTGC_F02607,bronchial goblet cell,"club cell
This cell type is identified as a club cell (formerly Clara cell) due to the extremely high and specific expression of secretoglobins *SCGB3A1* and *SCGB1A1*. Other highly expressed marker genes characteristic of club cells include *BPIFB1*, *SLPI*, and cytochrome P450 enzymes such as *CYP2F1* and *CYP4B1*, which are involved in airway mucosal defense and xenobiotic metabolism."
267836,CTAATGGGTTAGAACA-SC155,bronchial goblet cell,"club cell
The expression profile is dominated by *SCGB1A1* and *SCGB3A1*, which are highly specific marker genes for club cells (secretory cells of the bronchiolar epithelium). Other prominent markers include *BPIFB1*, *SLPI*, and *WFDC2*, which are characteristic of airway secretory lineages, while the relatively low expression of mucins (*MUC5B*, *MUC5AC*) distinguishes them from goblet cells."
12854,P2_1_TTAGGCACAGTTTACG,bronchial goblet cell,"club cell
This cell type is identified as a club cell (formerly Clara cell) due to the extremely high and specific expression of secretoglobins *SCGB1A1* and *SCGB3A1*, which are hallmark markers of bronchiolar secretory club cells. Other highly expressed genes, such as *BPIFB1*, *SLPI*, and *WFDC2*, further support this lineage, as they are involved in mucosal defense and airway surface liquid regulation."
73069,TACTTACCAACGCACC_F02524,bronchial goblet cell,"club cell
This cell type is identified as a club cell (formerly Clara cell) due to the extremely high and specific expression of secretoglobins *SCGB1A1* and *SCGB3A1*, which are classic club cell marker genes. Other highly expressed genes such as *BPIFB1*, *SLPI*, *WFDC2*, and *CYP2F1* further support this identity, as they are involved in mucosal defense and xenobiotic metabolism characteristic of the bronchiolar epithelium."
191354,ACCCACTTCTCTAGGA_HD101,bronchial goblet cell,"club cell
This cell type is identified as a club cell (formerly Clara cell) due to the exceptionally high and specific expression of secretoglobins *SCGB1A1* and *SCGB3A1*, which are hallmark markers of bronchiolar secretory club cells. Other highly expressed genes, such as *BPIFB1*, *SLPI*, *WFDC2*, and the cytochrome P450 enzyme *CYP2F1*, further support this identity, as they are characteristic of the protective, anti-inflammatory, and xenobiotic-metabolizing functions of club cells in the lung parenchyma."
93330,ATGCGATGTTCACGGC_F02607,bronchial goblet cell,"club cell
This cell type is identified as a club cell (formerly Clara cell) due to the highly specific and abundant expression of *SCGB1A1* (uteroglobin/CC10) and *SCGB3A1*, which are classic secretoglobin markers for these bronchiolar secretory cells. Other supporting markers include *CYP2F1* (involved in xenobiotic metabolism), *BPIFB1*, *LCN2*, and *SLPI*, which are characteristic of the secretory and host-defense functions of club cells in the airway epithelium."
78406,CTCGTACAGCCGCCTA_F02526,bronchial goblet cell,"club cell
The cell type is a club cell (formerly Clara cell). This is indicated by the exceptionally high and specific expression of *SCGB1A1* and *SCGB3A1*, which encode secretoglobins characteristic of club cells in the bronchiolar epithelium. Other supporting markers include *BPIFB1*, *SLPI*, *SFTPB*, and *CYP2F1*, which are involved in mucosal defense, surfactant production, and xenobiotic metabolism in these secretory cells."
205096,AGAGCTTTCAACACTG_F01394,bronchial goblet cell,"club cell
This cell type is identified as a club cell (formerly Clara cell) due to the extremely high and specific expression of secretoglobins *SCGB1A1* (CC10) and *SCGB3A1*, which are classic markers for these non-ciliated bronchiolar secretory cells. Other highly expressed genes, such as *BPIFB1*, *SLPI*, and *WFDC2*, support their role in mucosal defense and airway protection. The relatively low expression of mucins (*MUC5AC* and *MUC5B*) distinguishes them from goblet cells."
284996,AGAGCGAAGGAGTCTG_F02528,bronchial goblet cell,"club cell
This cell type is identified as a club cell (formerly Clara cell) due to the extremely high and specific expression of *SCGB1A1* and *SCGB3A1*, which encode major secretory proteins characteristic of these cells. Other prominent markers include *BPIFB1*, *SLPI*, *WFDC2*, and *CYP2F1*, which are well-established markers for airway secretory club cells in the lung parenchyma."
325621,CTTAGGACACGCGAAA_F02607,bronchial goblet cell,"club cell
This cell type is identified as a club cell (formerly Clara cell) due to the extremely high and specific expression of secretoglobins *SCGB1A1* and *SCGB3A1*. Other highly expressed marker genes include *BPIFB1*, *SLPI*, *LCN2*, and *WFDC2*, which are characteristic of the secretory profile of club cells in the bronchiolar epithelium. The relatively low expression of mucins (*MUC5AC* and *MUC5B*) distinguishes them from goblet cells."
43207,TCTGGAAAGGGTGTGT_F02526,bronchial goblet cell,"club cell
This cell type is identified as a club cell (formerly Clara cell) due to the extremely high and specific expression of secretoglobins *SCGB3A1* and *SCGB1A1* (club cell secretory protein). Other supporting markers include *BPIFB1*, *SLPI*, *SFTPB*, and *CYP2F1*, which are characteristic of the secretory and host-defense functions of bronchiolar club cells in the lung parenchyma."
115187,AAACGGGTCGGCCGAT_F02526,bronchial goblet cell,"club cell
This cell type is a club cell, characterized by the exceptionally high and specific expression of secretoglobins *SCGB3A1* and *SCGB1A1*, which are definitive markers for these non-ciliated secretory epithelial cells of the respiratory bronchioles. Other highly expressed genes, such as *BPIFB1*, *SLPI*, and *WFDC2*, are involved in mucosal defense and further support this identity."
194226,GCAATCAGTGGAAAGA_F02528,bronchial goblet cell,"club cell
This cell type is identified as a club cell (formerly Clara cell) due to the extremely high and specific expression of *SCGB1A1* and *SCGB3A1*, which encode secretoglobins characteristic of these non-ciliated bronchiolar secretory cells. Other prominent markers include *BPIFB1*, *SLPI*, *WFDC2*, and *CYP2F1*, which are involved in mucosal defense, detoxification, and airway protection."
52140,CATCGGGCATATACGC_HD66,bronchial goblet cell,"club cell
This cell type is identified as a club cell (formerly Clara cell) due to the exceptionally high and specific expression of *SCGB1A1* and *SCGB3A1*, which are canonical secretoglobin markers for club cells in the bronchiolar epithelium. Other highly specific markers present include *CYP2F1*, *BPIFB1*, *SLPI*, and *LCN2*. While some goblet cell markers like *MUC5AC* and *MUC5B* are detected, their expression is much lower than that of the secretoglobins, confirming a club cell identity."
268644,TTGGCAACAATCAGAA_HD66,bronchial goblet cell,"club cell
This cell profile is dominated by *SCGB1A1* and *SCGB3A1*, which are highly specific marker genes for club cells (formerly Clara cells) in the bronchiolar epithelium. Other top markers, including *BPIFB1*, *SLPI*, *WFDC2*, and the cytochrome P450 enzyme *CYP2F1*, are also characteristic of club cell secretory and xenobiotic-metabolizing functions. The relatively low expression of mucins (*MUC5B* and *MUC5AC*) further distinguishes these from goblet cells."
241743,CTGAAGTAGTTAGGTA_F01394,bronchial goblet cell,"club cell
This cell type is identified as a club cell (formerly Clara cell) based on the highly specific and abundant expression of secretoglobins *SCGB3A1* and *SCGB1A1*, which are canonical markers for pulmonary secretory club cells. Other highly expressed markers include *BPIFB1*, *SLPI*, *LCN2*, and *BPIFA1*, which are involved in mucosal host defense and airway surface liquid homeostasis."
129296,ATTGGACAGGGCATGT-SC45,bronchial goblet cell,"club cell
This cell type is identified as a club cell (formerly Clara cell) due to the prominent and highly specific expression of *SCGB1A1* and *SCGB3A1*, which encode secretoglobins characteristic of these non-ciliated airway secretory cells. Other highly expressed markers, such as *BPIFB1*, *SLPI*, *WFDC2*, and *CYP2F1*, further support this identity, as they are involved in mucosal host defense and xenobiotic metabolism typical of club cells in the respiratory tract."
309026,ACGCCAGAGCTAGCCC_F01853,bronchial goblet cell,"club cell
This cell type is identified as a club cell (formerly Clara cell) due to the extremely high and specific expression of secretoglobins *SCGB3A1* and *SCGB1A1*. These proteins, along with other top markers such as *BPIFB1*, *SLPI*, and *WFDC2*, are characteristic secretions of club cells that protect the bronchiole lining. While some goblet cell markers like *MUC5AC* and *MUC5B* are present at lower levels, the dominance of *SCGB1A1* and *SCGB3A1* is the defining signature of airway club cells."
271139,TGTATTCCATCACAAC_F01639,bronchial goblet cell,"club cell
This cell type is identified as a club cell (formerly Clara cell) due to the extremely high and specific expression of *SCGB1A1* (uteroglobin/CC10) and *SCGB3A1*, which are canonical markers for club cells in the bronchiolar epithelium. Other supporting markers include *BPIFB1*, *BPIFA1*, and *CYP2F1*, which are highly characteristic of secretory club cells involved in mucosal defense and xenobiotic metabolism in the lung."
107052,GCGAGAATCAAGATCC_F01639,bronchus fibroblast of lung,"alveolar adventitial fibroblast
This cell type is identified as an alveolar adventitial fibroblast. It is characterized by the high expression of key extracellular matrix and stromal genes, including *LUM* (lumican), *DCN* (decorin), *MGP*, *MFAP4*, and collagen genes (*COL1A2*, *COL3A1*), alongside markers like *ADH1B*, *CFD*, and *PTGDS*. In the lung parenchyma, these fibroblasts reside in the adventitial space surrounding bronchovascular bundles and are primary producers of the supportive connective tissue matrix."
147496,CATGACAGTAATAGCA_F02617,bronchus fibroblast of lung,"alveolar adventitial fibroblast
This cell type is identified as an alveolar adventitial fibroblast, characterized by the high expression of key adventitial markers such as *APOD*, *DCN*, *MGP*, *SFRP2*, *CFD*, *FBLN1*, and *PI16*. These cells reside in the adventitial space of the bronchovascular bundles in the lung parenchyma and are distinct from alveolar fibroblasts and myofibroblasts due to their specific extracellular matrix and complement-related gene expression profiles."
70832,CACGAATAGGTTGGAC_SC143,bronchus fibroblast of lung,"alveolar adventitial fibroblast

This cell type is identified as an alveolar adventitial fibroblast. It is characterized by the high expression of extracellular matrix-associated genes such as *DCN* (decorin), *MGP*, *LUM*, *FBLN1*, and various collagens (*COL1A2*, *COL6A2*). Additionally, it expresses specific markers characteristic of adventitial fibroblasts in the lung, including *SCN7A*, *CFD*, *C7*, *APOD*, and *TCF21*."
227032,AAGTCGTGTCAAGCGA_SC86,bronchus fibroblast of lung,"alveolar adventitial fibroblast

This cell type is identified as an alveolar adventitial fibroblast. It is characterized by the high expression of extracellular matrix genes such as *DCN* (decorin), *LUM* (lumican), *MGP*, and collagen genes (*COL1A1*, *COL1A2*, *COL3A1*), along with adventitial markers like *C7*, *CFD*, *FBLN1*, and *MFAP4*. These cells are typically located in the adventitial connective tissue surrounding bronchovascular bundles in the lung parenchyma."
100747,CTTAACTAGCTGCGAA-1-HCATisStab7747197,bronchus fibroblast of lung,"alveolar adventitial fibroblast

This cell type is identified as an alveolar adventitial fibroblast. It exhibits high expression of classical adventitial fibroblast markers, including extracellular matrix components (*LUM*, *DCN*, *FBLN1*, *COL1A1*, *COL1A2*, *COL3A1*), complement pathway genes (*C1R*, *C1S*, *C7*, *CFD*), and other specific markers such as *ADH1B* and *MFAP4*. These markers distinguish adventitial fibroblasts from alveolar fibroblasts (which typically express *NPNT*) and myofibroblasts (which express higher levels of contractile proteins like *ACTA2*)."
274883,TAGGCATCATCGGGTC_HD66,bronchus fibroblast of lung,"alveolar type 1 fibroblast cell

This cell type is identified as an alveolar type 1 fibroblast cell (also known as an alveolar fibroblast). It is characterized by the expression of key marker genes such as *TCF21*, *GDF10*, *SCN7A*, *FGF7*, *ASPN*, and *OGN*, alongside high expression of extracellular matrix-related genes like *DCN*, *MGP*, *LUM*, and *COL3A1*. It lacks the specific markers of adventitial fibroblasts (such as *PI16* and *CFD*)."
136047,P3_5_GGGCACTGTGATAAAC,bronchus fibroblast of lung,"alveolar adventitial fibroblast
This cell type is identified as an alveolar adventitial fibroblast. It is characterized by the high expression of extracellular matrix genes such as *LUM*, *MGP*, *DCN*, and various collagens (*COL1A1*, *COL1A2*, *COL3A1*, *COL6A2*), along with *FBLN1* and *MFAP4*. Crucially, the specific expression of *CCL19*, *CFD*, *C7*, and *DPT* distinguishes adventitial fibroblasts from alveolar fibroblasts and other stromal populations in the lung parenchyma, reflecting their localization in the bronchovascular adventitia and role in immunomodulation and structural support."
279166,CAACTAGCATAGTAAG_HD66,bronchus fibroblast of lung,"myofibroblast cell

This cell population is identified as a myofibroblast cell. It is characterized by the high expression of extracellular matrix genes (such as *COL1A1*, *COL3A1*, *COL1A2*, *LUM*, and *DCN*) alongside contractile and myofibroblast-specific markers including *ACTA2* (smooth muscle alpha-actin), *TAGLN* (transgelin), *TPM2*, *CALD1*, and *CTHRC1*. The presence of *POSTN* (periostin), *FAP*, and *MMP11* further supports this activation state, which is typically associated with tissue remodeling and fibrotic processes in the lung parenchyma."
206886,TGTTCCGTCCTTAATC-1-HCATisStab7747197,bronchus fibroblast of lung,"alveolar adventitial fibroblast
This cell type is identified as an alveolar adventitial fibroblast. It is characterized by the high expression of extracellular matrix proteins (such as *MGP*, *LUM*, *DCN*, *FBLN1*, and various collagens like *COL1A1*, *COL1A2*, and *COL3A1*) along with specific adventitial markers including *CCL19*, *ADH1B*, *C7*, and *CFD*. These fibroblasts reside in the adventitial connective tissue surrounding bronchovascular bundles in the lung parenchyma."
309407,TTGTAGGAGTTGAGAT_F02524,bronchus fibroblast of lung,"alveolar adventitial fibroblast
This cell type is characterized by the high expression of extracellular matrix genes (*DCN*, *LUM*, *FBLN1*, *COL1A2*) and specific adventitial markers such as *PI16*, *SFRP2*, *CFD*, *MGP*, and *ADH1B*. In the lung parenchyma, these markers distinguish alveolar adventitial fibroblasts, which reside in the adventitial connective tissue of bronchovascular bundles, from alveolar fibroblasts and other stromal populations."
282297,ACTGCTCAGGATGGTC-1-HCATisStab7747197,bronchus fibroblast of lung,"alveolar adventitial fibroblast
This cell type is identified as an alveolar adventitial fibroblast. It is characterized by the extremely high expression of extracellular matrix genes such as *LUM* (lumican), *DCN* (decorin), *MGP*, and various collagens (*COL3A1*, *COL1A1*, *COL1A2*), along with specific adventitial markers like *FBLN1*, *ADH1B*, and *C7*. These fibroblasts reside in the adventitial connective tissue of bronchovascular bundles in the lung parenchyma, where they support structural integrity and vascular/airway remodeling."
9674,TTGGGATGTCGTCTCT_SC86,bronchus fibroblast of lung,"alveolar adventitial fibroblast
This cell type is identified as an alveolar adventitial fibroblast. It is characterized by the high expression of extracellular matrix and stromal genes, including *DCN*, *SFRP2*, *CFD*, *ADH1B*, *FBLN1*, *MGP*, *SCARA5*, and *ABCA8*. In the lung, this specific marker profile (particularly *SFRP2*, *CFD*, and *SCARA5*) distinguishes adventitial fibroblasts, which reside in the connective tissue sheaths around large vessels and airways, from alveolar fibroblasts and myofibroblasts."
135409,P3_5_CTGTGCTAGTCCTCCT,bronchus fibroblast of lung,"alveolar adventitial fibroblast

This cell type is identified as an alveolar adventitial fibroblast. It exhibits high expression of key extracellular matrix and stromal genes, including *LUM*, *MGP*, *DCN*, *FBLN1*, *MFAP4*, and collagen genes (*COL1A2*, *COL3A1*, *COL6A2*), along with complement factors (*CFD*, *C7*, *C1S*). This expression profile is highly characteristic of adventitial fibroblasts in the lung parenchyma, which reside in the adventitia of bronchovascular bundles and produce abundant connective tissue components."
54927,GAATCACCACACCGCA_SC143,bronchus fibroblast of lung,"alveolar adventitial fibroblast
This cell profile is highly characteristic of lung adventitial fibroblasts, as evidenced by the strong enrichment of key marker genes including *DCN*, *MGP*, *FBLN1*, *C7*, *CFD*, *SFRP2*, *SCN7A*, and *FMO2*. These cells are specialized stromal cells located in the adventitia of bronchovascular bundles in the lung parenchyma, where they produce extracellular matrix components (such as collagens, *LUM*, and *ELN*) and complement factors (*C7*, *CFD*, *C1R*, *C1S*)."
35933,AACCATGGTCGAGATG_F02607,bronchus fibroblast of lung,"alveolar adventitial fibroblast
This gene expression profile is highly characteristic of alveolar adventitial fibroblasts. It features prominent expression of extracellular matrix components (such as *DCN*, *LUM*, *FBLN1*, *FBLN2*, *COL1A2*, and *COL3A1*) and complement pathway genes (*C3*, *C7*, *C1S*, *C1R*). Crucially, it expresses key adventitial-specific markers including *PI16*, *SCARA5*, *MFAP5*, *CFD*, and *SFRP2*, which distinguish them from alveolar fibroblasts and other lung stromal populations."
44446,ATCCATTAGCAGAAAG_SC86,bronchus fibroblast of lung,"alveolar adventitial fibroblast
This cell type is identified as an alveolar adventitial fibroblast. It is characterized by the high expression of pan-fibroblast markers and extracellular matrix components (such as *DCN*, *LUM*, *FBLN1*, *COL3A1*, and *PDGFRA*), alongside specific adventitial markers like *CCL19*, *A2M*, *C7*, and *CFD*. These cells reside in the adventitial space of bronchovascular bundles in the lung parenchyma, where they play key roles in structural support, extracellular matrix remodeling, and immunomodulation."
156689,CCTCCTCGTCTGTGTA_SC143,bronchus fibroblast of lung,"alveolar adventitial fibroblast
This cell type is identified as an alveolar adventitial fibroblast based on the high expression of extracellular matrix genes (such as *MGP*, *DCN*, *COL1A1*, *COL1A2*, and *COL3A1*) along with specific adventitial markers including *PI16*, *DPT*, *SFRP2*, *MFAP5*, *CFD*, and *C7*. These markers distinguish adventitial fibroblasts from alveolar fibroblasts (which typically express *NPNT*) and myofibroblasts (which express higher levels of contractile genes like *ACTA2*)."
294897,ACGGCCAGTAGCGTCC_F02607,bronchus fibroblast of lung,"alveolar adventitial fibroblast

This cell type is identified as an alveolar adventitial fibroblast. It highly expresses key extracellular matrix and stromal markers such as *DCN* (decorin), *MGP*, *FBLN1*, *LUM*, and *COL1A2*, along with adventitial-specific markers like *PI16*, *SFRP2*, *C7*, *APOD*, and *CFD*. These cells are typically located in the adventitial space surrounding bronchovascular bundles in the lung parenchyma, where they support structural integrity and participate in inflammatory and complement pathways (indicated by *C3*, *C1R*, and *C1S* expression)."
240371,CAGGTGCGTGTTAAGA_F02524,bronchus fibroblast of lung,"alveolar adventitial fibroblast
This cell profile is highly characteristic of alveolar adventitial fibroblasts, a specialized fibroblast subtype located in the adventitia of bronchovascular bundles in the lung. It is characterized by the high expression of extracellular matrix genes (*MGP*, *LUM*, *DCN*, *FBLN1*), complement factors (*CFD*, *C3*, *C1S*), and specific adventitial markers such as *SFRP2*, *ADH1B*, and *PI16*, which distinguish them from alveolar fibroblasts and myofibroblasts."
261580,TGGCTGGGTTTACTCT_F02524,bronchus fibroblast of lung,"alveolar adventitial fibroblast
This cell profile is characteristic of alveolar adventitial fibroblasts (also known as adventitial fibroblasts). It is defined by the high expression of extracellular matrix proteins (such as *MGP*, *LUM*, *DCN*, *FBLN1*, and various collagens like *COL1A1*, *COL1A2*, and *COL3A1*), complement components (*C7*, *C1S*, *C1R*), and markers like *ADH1B* and *CFD*. These markers distinguish them from alveolar fibroblasts (alveolar type 1 fibroblast cells), which typically express *TCF21* and *NPNT* more prominently."
272006,GTTTCTAGTTCCCTTG_F02607,brush cell of tracheobronchial tree,"epithelial cell of lower respiratory tract

This cell profile exhibits a broad signature of lower respiratory tract epithelial cells, characterized by the high expression of general epithelial keratins (*KRT7*, *KRT17*, *KRT19*, *KRT18*, *KRT8*) and epithelial markers like *TACSTD2* (TROP2) and *CLDN4*. It also contains markers of both alveolar type 1 cells (*HOPX*, *CAV1*, *AGER*) and alveolar type 2 cells (*SFTPB*, *NAPSA*), indicating a broad or progenitor epithelial cell population of the lower respiratory tract."
280104,AACCATGAGATGCGAC_F02522,brush cell of tracheobronchial tree,"pulmonary neuroendocrine cell
This cell type is characterized by the highly specific expression of classic neuroendocrine markers, including GRP (Gastrin Releasing Peptide), CALCA (Calcitonin Related Polypeptide Alpha), CHGA (Chromogranin A), and SCG5 (Secretogranin V), alongside epithelial markers like KRT17, KRT19, and EPCAM. This profile is highly specific to pulmonary neuroendocrine cells (PNECs) in the lung."
320062,AAAGATGGTAAATGTG_HD66,brush cell of tracheobronchial tree,"ionocyte
This cell type is identified as an ionocyte. It is characterized by the highly specific expression of the master transcription factor FOXI1 and ASCL3, along with multiple subunits of the vacuolar ATPase proton pump (such as ATP6V1B1, ATP6V1G3, ATP6V1C2, and ATP6V0C) and ion transport-related genes (CLCNKB, BSND, and FXYD2), which are definitive markers for pulmonary ionocytes."
64658,P1_3_CAAGTTGAGCCTCGTG,capillary endothelial cell,"capillary endothelial cell

This cell type is characterized by the high expression of pan-endothelial markers (CLDN5, RAMP2, CAV1, ESAM) alongside capillary-specific markers such as CA4 (highly specific for alveolar capillary aerocytes), FCN3, GPIHBP1, and TMEM100, which distinguish them from arterial, venous, or lymphatic endothelial cells in the lung parenchyma."
4820,TCGCGTTTCTGTACGA-SC59,capillary endothelial cell,"capillary endothelial cell
The profile is characterized by high expression of *FCN3* and *CA4*, which are highly specific markers for lung capillary endothelial cells (specifically general capillaries/gCap and aerocytes/aCap, respectively). Other prominent endothelial markers include *CLDN5*, *RAMP2*, *PECAM1* (CD31), and *VWF*, confirming an endothelial identity, while the absence of lymphatic or large-vessel markers points specifically to capillary endothelial cells."
104655,P3_6_CTCACACTCCGCTGTT,capillary endothelial cell,"capillary endothelial cell
This cell type is characterized by the high expression of pan-endothelial markers (such as CDH5, CLDN5, RAMP2, and TIE1) alongside specific capillary markers like FCN3, CA4, and GPIHBP1. In the lung parenchyma, CA4 and GPIHBP1 are highly specific to alveolar capillary endothelial cells (including aerocytes and general capillaries), which are specialized for gas exchange and lipid processing."
332475,P2_5_TCATTTGAGTGTCCAT,capillary endothelial cell,"capillary endothelial cell

This cell profile is characterized by pan-endothelial markers such as *CLDN5*, *RAMP2*, *EMCN*, *ESAM*, and *ICAM2*. The highly specific expression of *CA4* (Carbonic Anhydrase 4), along with *EDNRB*, *TMEM100*, *CAV1*, and *AQP1*, specifically identifies these as capillary endothelial cells (including general capillaries/gCaps and aerocytes) of the lung parenchyma, which are specialized for gas exchange and vascular homeostasis."
101319,CACATAGGTAGGCTGA_F02607,capillary endothelial cell,"capillary endothelial cell
This cell type is characterized by the high expression of pan-endothelial markers (such as CLDN5, RAMP2, EMCN, PECAM1, and CAV1) alongside capillary-specific markers like CA4 (Carbonic Anhydrase 4) and AQP1. In the lung parenchyma, CA4 is highly specific to alveolar capillary endothelial cells (including general capillaries and aerocytes), distinguishing them from arterial, venous, or lymphatic endothelial cells."
165482,AGTGGGAAGCCTCGTG_F02607,capillary endothelial cell,"capillary endothelial cell
This cell type is characterized by the high expression of pan-endothelial markers (such as *CLDN5*, *PECAM1*, *VWF*, and *RAMP2*) alongside specific capillary markers like *FCN3*, *CA4*, *SLC6A4*, and *RAMP3*. In the lung parenchyma, these genes are highly specific to alveolar capillary endothelial cells (including aerocytes and general capillaries) which mediate gas exchange and maintain the blood-air barrier."
47514,P1_2_TCAATCTGTAAGTGTA,capillary endothelial cell,"capillary endothelial cell

This cell type is identified as a capillary endothelial cell based on the high expression of pan-endothelial markers (such as CLDN5, CDH5, VWF, and RAMP2) alongside highly specific capillary markers, including CA4 (carbonic anhydrase 4), GPIHBP1, and FCN3. These proteins are crucial for capillary-specific functions like gas exchange, lipid processing, and alveolar-capillary barrier maintenance in the lung parenchyma."
14718,CTAAGACGTTAGAACA_F02617,capillary endothelial cell,"capillary endothelial cell

This cell type is identified as a **capillary endothelial cell** based on the highly specific expression of pan-endothelial and capillary-specific markers. Key markers include *CLDN5* (tight junction protein in endothelial cells), *TM4SF1*, *CAV1*, *GNG11*, *ICAM2*, *CLEC14A*, *EMCN* (endomucin), and *PODXL* (podocalyxin). The absence of lymphatic-specific markers (like *PROX1* or *PDPN*) or strong arterial/venous-specific markers, combined with the lung parenchyma context, strongly points to capillary endothelial cells (including aerocytes and general capillaries)."
311851,GTGTGCGTCCACGTTC_HD70,capillary endothelial cell,"capillary endothelial cell
This cell type is identified as a capillary endothelial cell. It highly expresses pan-endothelial markers such as *PECAM1* (CD31), *CDH5* (VE-cadherin), *CLDN5*, and *VWF*, alongside highly specific capillary markers like *FCN3* (characteristic of general capillary or gCap cells) and *SLC6A4* (serotonin transporter, highly enriched in pulmonary capillaries)."
91327,TTCTCCTCATTATCTC_HD68,capillary endothelial cell,"capillary endothelial cell
This cell type is identified as a capillary endothelial cell based on the high expression of pan-endothelial markers (such as *CLDN5*, *PECAM1*, *VWF*, *ESAM*, and *RAMP2*) alongside highly specific markers for lung capillary endothelial cells, particularly *CA4* (carbonic anhydrase 4) and *FCN3* (ficolin-3), which are characteristic of alveolar capillary endothelial cells (including aerocytes/aCap)."
6075,P2_2_TGCTACCGTTGAGGTG,capillary endothelial cell,"capillary endothelial cell
This cell profile is characterized by pan-endothelial markers (CLDN5, RAMP2, EMCN, ESAM) and is highly specific for capillary endothelial cells of the lung parenchyma, as indicated by the strong expression of CA4 (carbonic anhydrase 4), a key marker of alveolar capillary endothelial cells (aerocytes/gCap). Other supporting markers include AQP1, TMEM100, and ACE, which are highly enriched in the pulmonary capillary bed."
43389,P2_2_AATCCAGAGGGCTTCC,capillary endothelial cell,"capillary endothelial cell
This cell type is identified as a capillary endothelial cell. It highly expresses pan-endothelial markers such as CLDN5, RAMP2, PECAM1 (CD31), and ICAM2, alongside CA4 (Carbonic Anhydrase 4), which is a highly specific marker for lung capillary endothelial cells (particularly alveolar capillaries). Other supporting markers include EMCN, AQP1, CAV1, and CAVIN2, which are characteristic of the pulmonary microvasculature."
324110,TAGGCATAGGATGCGT_HD68,capillary endothelial cell,"capillary endothelial cell

This cell profile is characterized by pan-endothelial markers (CLDN5, PECAM1, CDH5, EMCN) and highly specific markers for lung capillary endothelial cells, including CA4 (alveolar capillary/aerocyte marker), GPIHBP1 (general capillary marker), and FCN3. These genes distinguish them from other endothelial subtypes like lymphatic, arterial, or venous endothelial cells."
74957,P2_7_GCGAGAACACACTGCG,capillary endothelial cell,"capillary endothelial cell  
This cell type is identified as a capillary endothelial cell based on the high expression of pan-endothelial markers such as *CLDN5*, *TMEM100*, *TM4SF1*, *RAMP2*, and *EGFL7*. Specifically, *CA4* (Carbonic Anhydrase 4) and *FCN3* are highly specific markers for lung capillary endothelial cells (including alveolar capillaries). The prominent expression of chemokines and cytokines (*CCL2*, *IL6*, *CXCL1*, *CXCL2*, *CXCL8*) indicates an activated or inflamed state of these capillary endothelial cells."
142454,P2_5_AGTGAGGTCGGTTAAC,capillary endothelial cell,"capillary endothelial cell

This cell type is identified as a capillary endothelial cell. It highly expresses pan-endothelial markers such as *CLDN5*, *RAMP2*, *PECAM1* (CD31), and *ESAM*, alongside markers highly specific to lung capillary endothelial cells, most notably *CA4* (Carbonic Anhydrase 4, a key marker of general capillary/gCap cells) and *EMCN* (Endomucin). Other supporting capillary-enriched genes include *AQP1*, *CAV1*, *CAVIN2*, and *SOSTDC1*."
57589,P1_2_CGTCAGGTCTTAGAGC,capillary endothelial cell,"capillary endothelial cell
This cell profile is characterized by pan-endothelial markers such as *CLDN5*, *RAMP2*, *EMCN*, *CDH5*, and *ESAM*. The highly specific expression of *CA4* (Carbonic Anhydrase 4), along with *HPGD*, *EDNRB*, and *SOSTDC1*, distinguishes these as capillary endothelial cells (including alveolar general and aerocyte capillaries) of the lung parenchyma, which are specialized for gas exchange."
164807,P1_3_CATCGGGCAGACGCTC,capillary endothelial cell,"capillary endothelial cell
This cell profile is characterized by pan-endothelial markers (CLDN5, RAMP2, RAMP3, CAV1, ESAM, PTPRB) and highly specific capillary markers, including CA4 (a marker for aerocytes/aCap), GPIHBP1 (a marker for general capillaries/gCap), and FCN3. The absence of lymphatic, arterial, or venous-specific markers further confirms these as capillary endothelial cells of the lung parenchyma."
258763,GGCTCGACAGGCGATA_F01853,capillary endothelial cell,"capillary endothelial cell
This cell type is identified as a capillary endothelial cell. It highly expresses pan-endothelial markers such as *VWF*, *PECAM1* (CD31), *CDH5* (VE-cadherin), *CLDN5*, and *RAMP2*. The high and specific expression of *FCN3*, *AQP1*, *BTNL9*, and *CAV1* further specifies these as capillary endothelial cells (particularly general capillaries or gCaps) within the lung parenchyma, which are crucial for gas exchange and barrier function."
91722,GTGTGCGCAAGACACG_F02607,capillary endothelial cell,"capillary endothelial cell

The profile is characterized by pan-endothelial markers (CLDN5, PECAM1, CDH5, VWF, CD34) and is highly enriched for capillary-specific endothelial markers, including GPIHBP1, EMCN, and FCN3 (a specific marker for general capillary endothelial cells, or gCaps, in the lung). The absence of lymphatic-specific (e.g., PROX1, LYVE1) or large-vessel-specific markers further confirms this population as capillary endothelial cells."
224942,P2_1_TCCCGATTCTGTCCGT,capillary endothelial cell,"capillary endothelial cell
This cell profile is characterized by pan-endothelial markers (CLDN5, PECAM1, VWF, and ESAM) along with highly specific markers for lung capillary endothelial cells, such as CA4 (carbonic anhydrase 4), GPIHBP1, FCN3, and TMEM100. These markers distinguish capillary endothelial cells (including aCap and gCap subpopulations) from arterial, venous, or lymphatic endothelial cells in the lung parenchyma."
8536,P2_2_TCGGGACAGTATTGGA,classical monocyte,"classical monocyte
This cell type is identified as a classical monocyte. It is characterized by the high expression of S100A8, S100A9, S100A12, FCN1, and VCAN, along with CD14 and CD300E. The prominent expression of inflammatory mediators such as IL1B and CXCL8, combined with the absence of alveolar macrophage markers (like FABP4 or MARCO) and non-classical monocyte markers (like FCGR3A/CD16), specifically distinguishes classical monocytes within the lung parenchyma."
308929,CGACTTCCATGGTCAT_SC27,classical monocyte,"classical monocyte
This cell type is identified as a classical monocyte. It is characterized by the extremely high expression of S100A8, S100A9, S100A12, FCN1, VCAN, and CD14. The presence of other myeloid and monocytic markers such as LYZ, SELL (L-selectin), MNDA, and TYROBP, alongside the absence of alveolar macrophage-specific markers (like FABP4 or MARCO), strongly supports the classical monocyte lineage."
100403,CTCTACGGTACCGTTA_SC27,classical monocyte,"classical monocyte
This cell type is identified as a classical monocyte based on the high expression of canonical monocyte markers such as *FCN1*, *S100A8*, *S100A9*, *S100A12*, *VCAN*, *CD14*, and *CD300E*. The profile also shows strong expression of inflammatory chemokines and cytokines (e.g., *CXCL10*, *CCL2*, *CCL8*, *IL1B*) and interferon-stimulated genes (e.g., *GBP1*, *IRF1*), indicating an activated or inflammatory classical monocyte state within the lung parenchyma."
43502,GGTGAAGGTCGTCTTC-1-HCATisStab7587208,classical monocyte,"classical monocyte

This cell profile is characteristic of **classical monocytes**. It is defined by the extremely high expression of canonical monocyte markers such as *LYZ*, *S100A8*, *S100A9*, *S100A12*, and *FCN1*. Additionally, the high expression of pro-inflammatory cytokines and chemokines (*IL1B*, *CXCL8*, *CXCL2*, *CCL3*, *CCL4*) and *G0S2* further distinguishes classical monocytes from non-classical monocytes and other myeloid cells like dendritic cells or alveolar macrophages in the lung parenchyma."
26810,TAGTTGGCAACAACCT_HD67,classical monocyte,"classical monocyte

This cell profile is characteristic of classical monocytes, as evidenced by the high expression of S100 alarmin genes (*S100A8*, *S100A9*, *S100A12*), *LYZ* (lysozyme), *VCAN* (versican), *FCN1* (ficolin-1), and *CD14*. These markers distinguish classical monocytes from non-classical monocytes (which typically express higher *FCGR3A*) and tissue-resident alveolar macrophages (which express markers like *FABP4* and *MARCO*)."
166873,CGGGCATAGGTGCCTC_SC144,classical monocyte,"classical monocyte
This cell type is identified as a classical monocyte. It highly expresses canonical monocyte markers such as *S100A8*, *S100A9*, *VCAN*, *FCN1*, and *CD14*, along with *THBS1* and *LYZ*. The absence of alveolar macrophage markers (like *FABP4* or *MARCO*) and the high expression of these S100 proteins and *VCAN* distinguish classical monocytes from other myeloid populations in the lung parenchyma."
163056,CATGCCTTCAACCAAC_SC27,classical monocyte,"classical monocyte
This cell type is identified as a classical monocyte. It is characterized by the high expression of S100 alarmin genes (*S100A8*, *S100A9*, *S100A12*), *FCN1*, *VCAN*, and *CD14*. These markers, along with *CD300E*, *MNDA*, and *RETN*, are highly specific for classical monocytes, distinguishing them from non-classical monocytes (which typically express *FCGR3A* and *CX3CR1*) and resident lung macrophages."
132132,CGCAGGTTCGCGTGAC_SC142,classical monocyte,"lung macrophage
This cell type is identified as a lung macrophage (specifically characteristic of interstitial macrophages). It highly expresses key macrophage markers such as *MRC1* (CD206), *CD163*, *AIF1*, and complement factors (*C1QA*, *C1QB*), alongside *VSIG4* and *F13A1*. The absence of alveolar macrophage-specific markers like *FABP4* and *MARCO*, combined with the presence of *S100A8*, *S100A9*, and *VCAN*, distinguishes these from alveolar macrophages and classical monocytes, pointing to tissue-resident lung macrophages."
173670,CTCACACAGGGAACGG_F01641,classical monocyte,"classical monocyte
This cell type is identified as a classical monocyte. It is characterized by the extremely high expression of S100 family genes (*S100A8*, *S100A9*, *S100A12*), *LYZ*, *VCAN*, *FCN1*, and *CD14*. These markers, along with the expression of inflammatory chemokines (*CXCL8*, *CXCL2*) and *MNDA*, are highly specific to classical (CD14+) monocytes in the lung and blood, distinguishing them from non-classical monocytes and alveolar macrophages."
319471,AATCCAGGTTCCATGA_F02992,classical monocyte,"classical monocyte
This cell profile is characterized by high expression of *FCN1*, *S100A8*, *S100A9*, *LYZ*, and *CD14*, which are classic marker genes for classical monocytes. The presence of *TYROBP*, *AIF1*, *SPI1* (PU.1), and *IL1B* further supports a myeloid/monocytic lineage, specifically distinguishing classical monocytes from non-classical monocytes (which express higher *FCGR3A* and lower *S100A8/9*) and alveolar macrophages (which typically express *FABP4* and *MARCO*)."
40727,CATGCCTGTTAAAGAC_F02992,classical monocyte,"classical monocyte
This cell profile is highly characteristic of classical monocytes, as evidenced by the prominent expression of canonical markers such as *S100A8*, *S100A9*, *FCN1*, *CD14*, and *LYZ*. The presence of other myeloid-specific genes like *TYROBP*, *LST1*, *MS4A6A*, and *LILRB2* further supports this identity, distinguishing them from non-classical monocytes (which express lower levels of *S100A8/A9* and *FCN1*) and alveolar macrophages (which typically express *FABP4* and *MARCO*)."
324481,TACGGGCAGGATTCGG_F01639,classical monocyte,"classical monocyte
This cell type is identified as a classical monocyte, characterized by the high expression of key marker genes such as *S100A8*, *S100A9*, *S100A12*, *VCAN*, *LYZ*, and *RETN*. The presence of other cell-type-specific transcripts like *SFTPC* (alveolar type 2 cells), *SCGB1A1* (club cells), and *COL1A1* (fibroblasts) is a common artifact of ambient RNA contamination from highly abundant parenchymal cells in lung tissue preparations."
169714,CTGATAGTCAAGATCC_F02528,classical monocyte,"classical monocyte

This cell type is identified as a classical monocyte. It is characterized by the extremely high expression of S100 alarmin genes (*S100A8*, *S100A9*, *S100A12*), along with key monocyte markers such as *VCAN*, *FCN1*, *CD14*, *LYZ*, *MNDA*, and *SELL* (L-selectin). This expression profile distinguishes classical monocytes from non-classical monocytes (which lack high *S100A8/A9* and *CD14* expression) and resident lung macrophages (which typically express *FABP4* or *MARCO*)."
320950,TGAGCCGTCTTACCGC-1-HCATisStab7587208,classical monocyte,"classical monocyte
This cell profile is characterized by the high expression of classical monocyte markers, including *FCN1*, *S100A8*, *S100A9*, *S100A12*, and *LYZ*. It also features prominent expression of pro-inflammatory cytokines and chemokines such as *IL1B*, *CXCL8*, and *CXCL2*, which are typical of classical (CD14+) monocytes. The absence of alveolar macrophage-specific markers (like *FABP4* and *MARCO*) and non-classical monocyte markers (like *FCGR3A*) confirms this identity."
219654,7135919_CCCAATCTCCGTCAAA,classical monocyte,"classical monocyte
This cell type is identified as a classical monocyte, characterized by the extremely high expression of *S100A8*, *S100A9*, *S100A12*, *FCN1*, *VCAN*, and *CD14*, alongside inflammatory chemokines and cytokines (*CXCL8*, *CXCL2*, *CXCL3*, *IL1B*). The presence of lung epithelial markers such as *SCGB1A1* and *SFTPC* is a well-known signature of ambient RNA contamination from the surrounding lung parenchyma."
188663,GGAACTTTCAGAAATG-1-HCATisStab7587211,classical monocyte,"classical monocyte
This cell type is identified as a classical monocyte. It is characterized by the extremely high expression of S100 alarmin genes (*S100A8*, *S100A9*, *S100A12*), *LYZ*, *FCN1*, *VCAN*, and *CD14*. The expression of *SELL* (L-selectin) and various inflammatory chemokines/cytokines (*IL1B*, *CXCL8*, *CCL3*, *CCL4*) further distinguishes classical monocytes from non-classical monocytes and resident alveolar macrophages in the lung parenchyma."
95575,CGTTCTGGTTGATTCG_F02092,classical monocyte,"lung macrophage

This cell profile is highly characteristic of lung macrophages (specifically interstitial macrophages). It is defined by the strong expression of complement genes (*C1QA*, *C1QB*, *C1QC*), lipid metabolism and transport genes (*APOE*, *APOC1*, *ABCA1*), scavenger receptors (*CD163*, *MRC1*), and key chemokines (*CCL4*, *CCL3*, *CXCL2*, *CXCL3*, *CXCL8*). The absence of alveolar macrophage-specific markers like *FABP4* and *MARCO*, combined with high *C1Q* and *CD163* expression, distinguishes these as lung (interstitial) macrophages rather than alveolar macrophages."
198351,GTTCATTCATACTACG_SC24,classical monocyte,"classical monocyte
This cell profile is highly characteristic of classical monocytes, defined by the prominent expression of *S100A8*, *S100A9*, and *S100A12* (calgranulins), alongside key monocyte markers such as *VCAN*, *FCN1*, *CD14*, *LYZ*, and the chemokine receptor *CCR2*. This expression signature distinguishes classical monocytes from non-classical monocytes (which lack high *CD14* and *CCR2*) and resident alveolar macrophages (which typically express *FABP4* and *MARCO* rather than high levels of *S100A8/A9* and *VCAN*)."
309538,AGTGAGGAGAACTGTA-1-HCATisStab7587205,classical monocyte,"classical monocyte
This cell profile is highly characteristic of classical monocytes, defined by the prominent expression of *S100A8*, *S100A9*, *S100A12*, *LYZ*, *FCN1*, *VCAN*, and *CD14*. These genes are key markers of classical (CD14+) monocytes, distinguishing them from non-classical monocytes (which express lower levels of these S100 proteins and *FCN1*) and resident lung macrophages (which typically express *FABP4* and *MARCO*)."
104427,ACGGAGAAGCGATGAC_F02992,classical monocyte,"classical monocyte
This cell profile is characterized by the high expression of *S100A8*, *S100A9*, *FCN1*, *LYZ*, and *CD14*, which are hallmark markers of classical monocytes. The presence of other myeloid-specific genes such as *TYROBP*, *AIF1*, *LST1*, and *LILRB2* further supports this identification, distinguishing them from non-classical monocytes (which typically express *FCGR3A* and have lower *S100A8/A9* levels) and tissue-resident alveolar macrophages (which express markers like *FABP4*)."
203797,GTCTTCGAGCGTCAAG-SC155,club cell,"club cell
The profile is dominated by the highly specific expression of *SCGB1A1* and *SCGB3A1*, which are canonical marker genes for club cells (non-ciliated secretory cells of the bronchiolar epithelium). Other highly expressed genes, including *BPIFB1*, *SLPI*, *WFDC2*, and *CYP2F1*, further support this identity, distinguishing them from goblet cells (which would have much higher *MUC5AC* expression) and other airway epithelial populations."
249433,ATCATCTAGCCAGTTT-SC156,club cell,"club cell
The cell type is a club cell. This is indicated by the extremely high and specific expression of *SCGB1A1* (uteroglobin) and *SCGB3A1*, which are the definitive marker genes for club cells in the bronchiolar epithelium. Other highly expressed genes such as *BPIFB1*, *SLPI*, *BPIFA1*, and *CYP2F1* are also characteristic of club cells, reflecting their roles in mucosal defense, xenobiotic metabolism, and airway surface liquid regulation."
150789,TTCTCCTCATCTACGA_F02611,club cell,"club cell
The cell type is a club cell. This is indicated by the exceptionally high and specific expression of *SCGB1A1* (secretoglobin family 1A member 1, also known as CC10) and *SCGB3A1*, which are classic marker genes for club cells (formerly Clara cells) in the bronchiolar epithelium. Other highly ranked genes such as *SLPI*, *BPIFB1*, *WFDC2*, and *CYP2F1* further support this identity, as they are involved in mucosal defense, detoxification, and secretion characteristic of club cells."
3374,CCTATTAGTTACGCGC_F01394,club cell,"club cell
This cell type is identified as a club cell (formerly Clara cell) due to the extremely high and specific expression of secretoglobins *SCGB3A1* and *SCGB1A1*, which are canonical markers for these non-ciliated bronchiolar secretory cells. Other highly expressed markers like *BPIFB1*, *SLPI*, and *WFDC2* further support this identity, as they are involved in mucosal host defense and are highly enriched in club cells of the lung parenchyma."
333289,CCGGGATTCTTGCAAG_HD68,club cell,"club cell
This cell type is identified as a club cell (formerly Clara cell) due to the extremely high and specific expression of *SCGB1A1* and *SCGB3A1*, which encode secretoglobins characteristic of bronchiolar secretory cells. Other prominent markers include *BPIFB1*, *SLPI*, *WFDC2*, and *CYP2F1*, which are involved in airway mucosal defense, anti-inflammatory responses, and xenobiotic metabolism, further confirming the club cell identity."
197128,CTAATGGGTGCCTGTG_F02611,club cell,"club cell
This cell type is identified as a club cell (formerly Clara cell) due to the extremely high and specific expression of secretoglobins *SCGB1A1* and *SCGB3A1*. These non-ciliated secretory epithelial cells of the bronchioles also express mucosal defense and immunomodulatory markers such as *BPIFB1*, *SLPI*, and *WFDC2*, which are characteristic of club cell function in airway protection and surfactant production."
175505,GCCTCTAAGCTACCGC_F02611,club cell,"club cell
This cell type is identified as a club cell (formerly Clara cell) due to the exceptionally high and specific expression of *SCGB1A1* and *SCGB3A1*, which encode secretoglobins characteristic of these non-ciliated bronchiolar secretory cells. Other highly expressed markers, such as *SLPI*, *BPIFB1*, *LCN2*, and *WFDC2*, further support this identity, as they are involved in mucosal defense and airway surface liquid homeostasis, which are primary functions of club cells in the lung parenchyma."
109288,CGTTAGAGTAAACGCG_F01607,club cell,"club cell
This cell type is identified as a club cell (formerly Clara cell) of the lung. It is characterized by the exceptionally high and specific expression of secretoglobins *SCGB1A1* and *SCGB3A1*, which encode major secretory proteins of the bronchiolar epithelium. Other highly expressed markers include *BPIFB1*, *BPIFA1*, *SLPI*, and *WFDC2*, which are involved in mucosal host defense, as well as *SFTPB* and *CYP2F1*, which are classic functional markers of club cells."
214597,CATCGAACACAACTGT_F01851,club cell,"club cell
This cell type is characterized by the extremely high and specific expression of secretoglobins *SCGB3A1* and *SCGB1A1*, which are classic hallmark markers of club cells (formerly Clara cells) in the bronchiole epithelium. Other highly expressed genes, such as *BPIFA1*, *BPIFB1*, *SLPI*, and the xenobiotic-metabolizing enzyme *CYP2F1*, further confirm its identity as a club cell."
287771,CACATTTAGCGGCTTC_HD101,club cell,"club cell
This cell type is identified as a club cell (formerly Clara cell) based on the highly specific and abundant expression of secretoglobins *SCGB3A1* and *SCGB1A1*. Other prominent markers include *BPIFB1*, *SLPI*, *WFDC2*, and *CYP2F1*, which are characteristic of secretory club cells in the bronchiolar epithelium of the lung."
264473,TCAGGTAGTCAGCTAT_F01851,club cell,"club cell
The profile is dominated by the high expression of *SCGB1A1* and *SCGB3A1*, which are highly specific marker genes for club cells (secretory cells of the bronchiolar epithelium). Other prominent markers include *SLPI*, *BPIFB1*, *WFDC2*, and *CYP2F1*, which are involved in mucosal defense, airway surface liquid regulation, and xenobiotic metabolism, all characteristic functions of club cells."
76336,TAAGCGTCACCCATTC_SC18,club cell,"club cell
This cell type is a club cell, as indicated by the exceptionally high and specific expression of *SCGB1A1* and *SCGB3A1*, the definitive marker genes for club cells (formerly Clara cells) in the bronchiolar epithelium. Other top-ranked genes, such as *BPIFB1*, *SLPI*, *WFDC2*, and *PIGR*, are also highly characteristic of these secretory airway epithelial cells, reflecting their role in mucosal host defense and fluid secretion."
80496,CAGCCGACATGGGAAC_F01851,club cell,"club cell
This cell type is identified as a club cell (formerly Clara cell) due to the extremely high and specific expression of secretoglobins *SCGB3A1* and *SCGB1A1*. Other prominent markers include *SLPI*, *BPIFA1*, *BPIFB1*, and *CYP2F1*, which are characteristic of bronchiolar secretory club cells involved in airway defense, detoxification, and surfactant production."
257333,ACTGAACAGAATGTTG_F02611,club cell,"club cell
This cell type is identified as a club cell (formerly Clara cell) of the lung. It is characterized by the extremely high and specific expression of secretoglobins *SCGB1A1* and *SCGB3A1*, which are canonical markers for these bronchiolar secretory cells. Other highly ranked genes, including *SLPI*, *BPIFB1*, *WFDC2*, and *BPIFA1*, encode host defense and secretory proteins that are characteristic of the protective and immunomodulatory functions of club cells in the airway epithelium."
311166,TGCGTGGCAGCCAATT_F02611,club cell,"club cell
The cell type is a club cell. This is indicated by the extremely high and specific expression of *SCGB1A1* and *SCGB3A1*, which are canonical marker genes for club cells (formerly Clara cells) in the bronchiolar epithelium. Additionally, other highly expressed genes such as *SLPI*, *BPIFB1*, *WFDC2*, and *BPIFA1* encode secretoglobins and host defense proteins characteristic of the secretory and protective functions of club cells in the lung."
252885,GGACAGATCGTTGCCT_F01851,club cell,"club cell
This cell type is identified as a club cell (formerly Clara cell) due to the highly specific and abundant expression of secretoglobins *SCGB3A1* and *SCGB1A1*. Other top markers, including *SLPI*, *BPIFB1*, *WFDC2*, and *BPIFA1*, are also characteristic secretory proteins produced by club cells to protect the bronchiolar epithelium."
94259,CGTAGGCGTAGTACCT_HD68,club cell,"club cell
The cell type is a club cell (formerly Clara cell), characterized by the exceptionally high and specific expression of secretoglobins *SCGB3A1* and *SCGB1A1*. Other highly expressed marker genes such as *SLPI*, *BPIFB1*, *WFDC2*, and *CYP2F1* are also classic signatures of secretory club cells in the bronchiolar epithelium of the lung."
275913,ACTTACTTCTTGTCAT_F02611,club cell,"club cell
This cell type is identified as a club cell (formerly Clara cell) due to the extremely high and specific expression of *SCGB1A1* and *SCGB3A1*, which encode secretoglobins characteristic of bronchiolar secretory cells. Other highly expressed markers, such as *SLPI*, *BPIFB1*, and *CYP2F1*, further support this identity, as they are involved in mucosal defense and xenobiotic metabolism, which are key functions of club cells in the lung parenchyma."
272834,GGCTCGACACCTATCC_HD68,club cell,"club cell
This cell type is identified as a club cell (formerly Clara cell) due to the extremely high and specific expression of *SCGB1A1* and *SCGB3A1*, which encode secretoglobins characteristic of these non-ciliated bronchiolar secretory cells. Other prominent markers include *SLPI*, *BPIFB1*, *WFDC2*, and *CYP2F1*, which are involved in mucosal defense and xenobiotic metabolism, further confirming the club cell identity in the lung parenchyma."
34004,TCTTCGGGTTGGTAAA_HD101,club cell,"club cell
The cell type is a club cell, characterized by the extremely high and specific expression of secretoglobins *SCGB3A1* and *SCGB1A1*. Other prominent markers include *BPIFB1*, *SLPI*, and *CYP2F1*, which are involved in mucosal defense and xenobiotic metabolism, typical of the secretory and protective functions of bronchiolar club cells."
93567,7239217_CGTGTCTCATTCTTAC,conventional dendritic cell,"dendritic cell
This cell profile is characteristic of a **dendritic cell**. It is defined by the extremely high expression of MHC class II molecules (such as *HLA-DRA*, *HLA-DPB1*, *HLA-DPA1*, *HLA-DQA1*, and *CD74*) required for antigen presentation. Additionally, it expresses key dendritic cell markers and chemotactic factors, including *CCL17* (highly specific for dendritic cell subsets), *S100B*, *CST3*, *CLEC9A* (specific to conventional dendritic cell type 1), and *CCR7* (associated with dendritic cell migration and maturation)."
41127,CCGTACTAGAGGTTAT_F01607,conventional dendritic cell,"conventional dendritic cell
This cell type is identified as a conventional dendritic cell (cDC) based on the high expression of MHC class II molecules (such as CD74, HLA-DRA, HLA-DPA1, HLA-DPB1) and key dendritic cell markers including CST3, FLT3, and IRF8. The presence of CLEC9A specifically points to the cDC1 lineage, which is a major subset of conventional dendritic cells specialized in cross-presentation of antigens."
46565,ATCGCCTTCCACTAGA_SC84,conventional dendritic cell,"dendritic cell

This cell profile represents a **dendritic cell** (specifically a mature or migratory dendritic cell). It is characterized by extremely high expression of MHC class II molecules (such as *HLA-DRA*, *HLA-DPB1*, *HLA-DQA1*, and *CD74*) required for antigen presentation. Additionally, it expresses key markers of dendritic cell activation, maturation, and migration to lymph nodes, including *CCR7*, *CD83*, *BIRC3*, and *CCL22*, along with the conventional dendritic cell marker *CLEC9A*."
14111,TGAGAGGCAAGAGGCT-1-HCATisStab7747197,conventional dendritic cell,"conventional dendritic cell
This cell type is identified as a conventional dendritic cell (specifically cDC1) based on the highly specific expression of *CLEC9A*, *XCR1*, *WDFY4*, and *IRF8*, alongside strong expression of MHC class II molecules (such as *HLA-DRA*, *HLA-DPA1*, *HLA-DPB1*, and *CD74*) required for antigen presentation."
50253,7135920_TAAGTGCCAACGCACC,conventional dendritic cell,"CD1c-positive myeloid dendritic cell
This cell type is characterized by the high expression of MHC class II molecules (such as HLA-DPB1, HLA-DRA, HLA-DQA1, and HLA-DRB1) and specific myeloid dendritic cell markers, including CD1C, FCER1A, CD1E, and CLEC10A. The presence of these markers, along with CST3, LYZ, and S100B, strongly identifies this population as CD1c-positive myeloid dendritic cells (cDC2) within the lung parenchyma."
185650,CCGTTCAGTCTAACGT_F02528,conventional dendritic cell,"dendritic cell

The profile is characterized by extremely high expression of MHC class II molecules (such as HLA-DRA, HLA-DQA1, HLA-DPB1, HLA-DPA1, and CD74) required for antigen presentation. It also features highly specific dendritic cell markers, including S100B, CLEC9A (specific for cDC1), CCL17, FSCN1 (mature/activated dendritic cells), and IRF8. While some B-cell transcripts (CD79A, MS4A1) are present (likely due to ambient RNA or close clustering), the overall signature of professional antigen presentation and specific DC markers identifies these cells as dendritic cells."
269721,7239217_GTATTCTGTATATGGA,conventional dendritic cell,"conventional dendritic cell
This cell profile is characterized by high expression of MHC class II molecules (such as HLA-DRA, HLA-DPA1, HLA-DPB1, and CD74) and key dendritic cell markers. Notably, the presence of CLEC9A (a highly specific marker for conventional dendritic cell type 1, or cDC1) along with IRF8, ID2, and CCL17 strongly identifies these cells as conventional dendritic cells."
93616,P3_7_AGGGTGATCACCTTAT,conventional dendritic cell,"conventional dendritic cell

This cell profile is characterized by high expression of MHC class II molecules (such as HLA-DRA, HLA-DPB1, HLA-DPA1, and CD74) and key lineage-specific markers including CLEC9A, XCR1, WDFY4, and IRF8. These markers are highly specific for type 1 conventional dendritic cells (cDC1), a subset of conventional dendritic cells specialized in antigen cross-presentation to CD8+ T cells. The presence of S100B, DNASE1L3, and CST3 further supports this identity."
297143,GCTGCAGAGCACGCCT_HD101,conventional dendritic cell,"conventional dendritic cell
This cell profile is characterized by high expression of MHC class II molecules (CD74, HLA-DRA, HLA-DPA1, HLA-DPB1) involved in antigen presentation, alongside key dendritic cell markers such as FLT3 and IRF8. The highly specific expression of CLEC9A and WDFY4 identifies these cells as conventional dendritic cells (specifically the cDC1 lineage), which are specialized in cross-presenting antigens to T cells."
324075,TTAACTCAGAGTAAGG_F01607,conventional dendritic cell,"conventional dendritic cell

This cell type is identified as a conventional dendritic cell (specifically the cDC1 subtype) based on the high expression of MHC class II molecules (CD74, HLA-DRA, HLA-DPA1, HLA-DPB1) and highly specific cDC1 lineage markers, including CLEC9A, XCR1, IRF8, and DNASE1L3."
198249,GCGAGAACAGATCTGT-1-HCATisStab7587202,conventional dendritic cell,"dendritic cell

This cell type is identified as a **dendritic cell** based on the extremely high expression of MHC class II molecules (such as *HLA-DRA*, *HLA-DPB1*, *HLA-DPA1*, *HLA-DQA1*, and *CD74*) required for antigen presentation. The profile also contains key dendritic cell markers and chemokines, including *CST3*, *S100B*, *DNASE1L3*, *CCL17* (associated with conventional dendritic cells/cDC2), and *CLEC9A* (a specific marker for cDC1), which collectively distinguish it from other mononuclear phagocytes like macrophages or monocytes in the lung parenchyma."
293306,CTACCCAGTGGTTTCA_F02524,conventional dendritic cell,"conventional dendritic cell

This cell population is identified as conventional dendritic cells (cDCs) based on the high expression of MHC class II molecules (CD74, HLA-DPB1, HLA-DPA1, HLA-DRA) and key dendritic cell markers. Specifically, the presence of XCR1 and CLEC9A is highly characteristic of the cDC1 lineage, while IRF8 is a critical transcription factor for cDC development. Additionally, the expression of CCL17, CCL22, and FSCN1 indicates an activated or migratory dendritic cell phenotype."
55316,TAGCCGGGTCTCGTTC-1-HCATisStab7747197,conventional dendritic cell,"Conventional dendritic cell

This cell type is identified as a conventional dendritic cell (cDC) based on the extremely high expression of MHC class II molecules (such as HLA-DRA, HLA-DPB1, HLA-DPA1, and CD74) and antigen-presentation machinery. The presence of specific lineage markers like IRF8 and CLEC9A (a hallmark marker for cDC1), alongside CST3, CD83, and LYZ, distinguishes them from other mononuclear phagocytes, B cells, or plasmacytoid dendritic cells in the lung parenchyma."
253614,GGCCGATTCATGGTCA_F01607,conventional dendritic cell,"conventional dendritic cell

This cell type is identified as a conventional dendritic cell (cDC) based on the high expression of MHC class II molecules (such as CD74, HLA-DRA, HLA-DRB1, HLA-DPA1, and HLA-DPB1) required for antigen presentation, along with key dendritic cell markers including CST3, S100B, and FLT3. The profile contains markers for both major cDC subsets, including CLEC9A (specific for cDC1) and CD1C/CD1A/FCER1A (specific for cDC2), as well as maturation and migration markers like CCR7, CCL19, and IDO1."
40012,GTACGTAAGAGTGACC-1-HCATisStab7747197,conventional dendritic cell,"conventional dendritic cell
This cell type is characterized by the extremely high expression of MHC class II molecules (such as HLA-DRA, HLA-DPB1, HLA-DPA1, and CD74) and CST3, which are essential for antigen presentation. The specific presence of CLEC9A (a hallmark marker for cDC1) and the transcription factor IRF8 confirms its identity as a conventional dendritic cell."
287663,P3_7_CGAGCCACATGTAGTC,conventional dendritic cell,"conventional dendritic cell

This cell type is identified as a conventional dendritic cell (specifically the cDC1 subtype) based on the high expression of MHC class II molecules (such as HLA-DRA, HLA-DPA1, HLA-DPB1, and CD74) combined with highly specific cDC1 marker genes, including CLEC9A, XCR1, WDFY4, and the lineage-determining transcription factor IRF8."
99172,CAGCTAACAGGTGGAT_F01639,conventional dendritic cell,"conventional dendritic cell
This cell type is identified as a conventional dendritic cell (cDC) based on the high expression of MHC class II genes (such as CD74, HLA-DRA, HLA-DPA1, and HLA-DPB1) alongside highly specific cDC markers, including CLEC9A, WDFY4, and IRF8. These markers, particularly CLEC9A and WDFY4, are characteristic of the cDC1 lineage, which specializes in antigen cross-presentation."
29646,AAGACCTTCTGCGACG_F02611,conventional dendritic cell,"conventional dendritic cell
This cell type is identified as a conventional dendritic cell (specifically the cDC1 subtype) based on the high expression of MHC class II molecules (CD74, HLA-DRA, HLA-DPA1, HLA-DPB1) and highly specific lineage markers including CLEC9A, S100B, FLT3, and the transcription factor IRF8."
262489,CTTAGGATCAGTTAGC_F01403,conventional dendritic cell,"conventional dendritic cell

This cell population is identified as **conventional dendritic cells (cDCs)**. It highly expresses MHC class II molecules (such as *HLA-DRA*, *HLA-DPA1*, *HLA-DPB1*, and *CD74*) required for antigen presentation, alongside the pan-DC marker *FLT3* and transcription factor *IRF8*. The profile uniquely contains markers for both major cDC subsets: *CLEC9A* (specific for cDC1) and *CD1C*, *CD1A*, and *CD207* (associated with cDC2). The absence of plasmacytoid DC markers (e.g., *CLEC4C*, *LILRA4*) further confirms this identity as conventional dendritic cells."
130955,TCAGGTAAGCCGGTAA_F01513,conventional dendritic cell,"conventional dendritic cell
This cell type is identified as a conventional dendritic cell (specifically the cDC1 subtype) based on the high expression of MHC class II molecules (such as CD74, HLA-DRA, HLA-DPA1, and HLA-DPB1) alongside highly specific cDC1 lineage markers, including CLEC9A, XCR1, WDFY4, and IRF8, as well as the dendritic cell progenitor marker FLT3."
141383,GCATGCGAGATCCCAT_F02526,dendritic cell,"dendritic cell

This cell profile is highly characteristic of mature or migratory dendritic cells (often referred to as LAMP3+ or activated DCs). Key marker genes include *LAMP3*, *FSCN1*, *CCR7*, *CD83*, and *BIRC3*, which are classic markers of dendritic cell maturation and migration. Additionally, the high expression of chemokines (*CCL17*, *CCL19*, *CCL22*) and MHC class II molecules (*CD74*, *HLA-DRA*, *HLA-DRB5*, *HLA-DPA1*) reflects their specialized role in antigen presentation and T-cell homing and activation."
321987,7239220_CGAGAAGGTTAAGAAC,dendritic cell,"dendritic cell

This cell profile is characterized by the high expression of mature/activated dendritic cell markers, including **CCR7**, **CCL22**, **CCL17**, **FSCN1**, and **LAMP3** (indicative of mature dendritic cells or mregDCs). The strong expression of MHC class II molecules (such as **HLA-DRA**, **HLA-DPB1**, and **HLA-DQA1**) along with **CD83** and **IDO1** further confirms its identity as an antigen-presenting dendritic cell."
310396,TCTCATAGTACTCTCC_F01639,dendritic cell,"dendritic cell

This cell type is characterized by the high expression of MHC class II molecules (CD74, HLA-DRA, HLA-DQA1) and key markers of mature, migratory dendritic cells, including CCR7, LAMP3, FSCN1, CD83, and the chemokines CCL17 and CCL22. This profile is highly specific for mature/activated dendritic cells within the lung parenchyma."
75918,TACGGATCATTCCTCG-1-HCATisStab7587202,dendritic cell,"dendritic cell

The provided gene expression profile is highly characteristic of mature or immunoregulatory dendritic cells (mregDCs). Key markers include **CCR7**, **CCL17**, **CCL22**, and **CCL19** (which mediate dendritic cell migration and T-cell homing), **FSCN1** and **CD83** (markers of dendritic cell maturation), **BIRC3**, and **IDO1** (immunoregulatory molecules), alongside exceptionally high expression of MHC class II molecules (**HLA-DRA**, **CD74**, **HLA-DPB1**, **HLA-DQA1**). This profile represents activated antigen-presenting dendritic cells in the lung parenchyma."
190397,P2_7_TCTGAGACAGATAATG,dendritic cell,"dendritic cell

This cell profile is highly characteristic of **dendritic cells** (specifically mature/activated dendritic cells, often termed mregDCs). It is defined by the prominent expression of MHC class II molecules (such as *HLA-DRA*, *HLA-DPB1*, *HLA-DQA1*, *CD74*) required for antigen presentation, along with key dendritic cell chemokines and migration/maturation markers including *CCL17*, *CCL22*, *CCR7*, *FSCN1*, and *CD83*. The presence of both *FCER1A* (cDC2 marker) and *CLEC9A* (cDC1 marker) further supports the broader classification of dendritic cells."
244992,TCTATGTGCATTTC-SC31D,dendritic cell,"dendritic cell

This cell profile is characteristic of a **dendritic cell** (specifically mature/migratory dendritic cells). It is defined by the high expression of MHC class II molecules (such as *HLA-DRA*, *HLA-DPB1*, *HLA-DPA1*, and *CD74*) required for antigen presentation, along with key migration and activation markers like *CCR7*, *CCL17*, *CCL22*, and *CD83*. The presence of both *CD1E* (associated with cDC2) and *CLEC9A* (associated with cDC1) further supports a general dendritic cell classification."
224743,AAATGCCTCGCGTAGC-1-HCATisStab7747200,dendritic cell,"dendritic cell

This cell profile is highly characteristic of mature or regulatory dendritic cells (often termed mregDCs or LAMP3+ DCs). It is defined by the strong expression of migration and lymph-node homing chemokines and receptors (**CCL17**, **CCL22**, **CCL19**, **CCR7**), maturation and immunoregulatory markers (**FSCN1**, **LAMP3**, **CD83**, **IDO1**, **BIRC3**), and high levels of MHC class II molecules (**HLA-DRA**, **CD74**, **HLA-DQA1**, etc.) required for antigen presentation to T cells."
169074,TGGCTGGAGGCCCGTT_F02526,dendritic cell,"dendritic cell

This cell type is identified as a dendritic cell (specifically mature or migratory dendritic cells, often termed mregDCs). It is characterized by the high expression of key dendritic cell markers and homing chemokines/receptors, including CCL17, CCL22, CCL19, CCR7, CD83, FLT3, and FSCN1. These molecules are crucial for antigen presentation, T-cell migration, and dendritic cell maturation. The presence of some immunoglobulin genes (like IGHG2 and IGLC2) is a common finding in lung tissue single-cell datasets due to ambient RNA contamination from highly transcriptionally active plasma cells."
206474,GGTGATTGTTCTGACA_SC142,dendritic cell,"CD1c-positive myeloid dendritic cell
This cell type is characterized by the high expression of MHC class II molecules (such as HLA-DRA, HLA-DPB1, and CD74) and specific dendritic cell markers, including CD1C and FCER1A. The strong expression of chemokines CCL17 and CCL22, along with CCR7 and CD83, indicates activated or migratory CD1c-positive myeloid dendritic cells (cDC2) involved in antigen presentation and T-cell recruitment in the lung parenchyma."
55624,GTCGGGTGTCCTCTTG-1-HCATisStab7747200,dendritic cell,"dendritic cell

This cell profile is characterized by the high expression of mature/migratory dendritic cell markers, including *LAMP3*, *FSCN1*, *CCR7*, *CD83*, and key chemokines (*CCL17*, *CCL22*, *CCL19*). Additionally, it exhibits strong expression of MHC class II molecules (*CD74*, *HLA-DRA*, *HLA-DPA1*, *HLA-DPB1*, *HLA-DRB1*) required for antigen presentation. This signature is highly specific to mature or regulatory dendritic cells (often referred to as mregDCs or LAMP3+ DCs) within the lung parenchyma."
18079,CATCGGGTCGTGGGAA-1-HCATisStab7587205,dendritic cell,"CD1c-positive myeloid dendritic cell

This cell type is characterized by the high expression of MHC class II molecules (such as *HLA-DRA*, *HLA-DPB1*, *HLA-DPA1*, and *CD74*) and specific myeloid dendritic cell markers *CD1C* and *CD1E*. The prominent expression of *CCL17*, *CCL22*, *CCR7*, *CCL19*, and *FSCN1* indicates an activated or mature state of these conventional dendritic cells (often referred to as mregDCs or mature cDCs) within the lung parenchyma."
70986,TCAGCTCAGAGAACAG-1-HCATisStab7747200,dendritic cell,"dendritic cell

This cell profile is highly characteristic of mature or migratory dendritic cells (often referred to as mregDCs). It is defined by the strong expression of mature dendritic cell markers such as *FSCN1*, *CCR7*, *CD83*, *BIRC3*, and the chemokines *CCL22*, *CCL17*, and *CCL19*. Additionally, the profile shows extremely high expression of MHC class II molecules (*HLA-DRA*, *CD74*, *HLA-DPA1*, *HLA-DPB1*) and the dendritic cell lineage transcription factor *IRF8*, which are essential for antigen presentation and T-cell activation."
92285,AGGCCGTCAACTGCTA_F01639,dendritic cell,"dendritic cell

This cell type is a **dendritic cell** (specifically a mature or activated dendritic cell, often referred to as a LAMP3+ or mregDC). It is characterized by the high expression of maturation and migration markers such as *LAMP3*, *FSCN1*, *CCR7*, *CD83*, and *UBD*, along with key chemokines (*CCL17*, *CCL19*, *CCL22*) involved in T-cell homing and activation. Additionally, it exhibits extremely high expression of MHC class II molecules (*HLA-DRA*, *HLA-DQA1*, *HLA-DPB1*, *HLA-DPA1*, *HLA-DRB1*) necessary for antigen presentation."
294498,TTCTTAGTCCATGCTC_F01403,dendritic cell,"CD1c-positive myeloid dendritic cell
This cell type is characterized by the high expression of HLA Class II molecules (CD74, HLA-DRA, HLA-DQA1, HLA-DPB1, HLA-DRB1) involved in antigen presentation, along with dendritic cell migration and activation markers (CCR7, CCL17, CCL22, CD83). The presence of FLT3 and CD1E (a CD1 family member closely related to CD1c) further confirms its identity as a CD1c-positive myeloid dendritic cell (cDC2) within the lung parenchyma."
277621,TTGTTCATCCTGTTGC_SC84,dendritic cell,"dendritic cell

This cell population is characterized by the high expression of MHC class II molecules (such as HLA-DRA, HLA-DPB1, HLA-DQA1, and CD74) alongside key markers of dendritic cell maturation and migration, including CCR7, CCL22, CCL17, FSCN1, BIRC3, and CD83. The presence of CLEC9A further confirms the dendritic cell lineage. This profile is highly specific to mature or activated dendritic cells (often referred to as mregDCs or LAMP3+ DCs) in the lung parenchyma."
68222,TGATTTCAGTGTGGCA_F01367,dendritic cell,"conventional dendritic cell
This cell type is characterized by the high expression of MHC class II molecules (such as CD74, HLA-DRA, HLA-DPA1, and HLA-DPB1) and key markers specific to conventional dendritic cells (specifically the cDC1 lineage), including CLEC9A, WDFY4, and the transcription factor IRF8. These markers are essential for antigen processing and cross-presentation, distinguishing them from other mononuclear phagocytes and dendritic cell subsets in the lung."
262273,GCAATCACAGTAAGCG_F02509,dendritic cell,"dendritic cell

This cell type is identified as a dendritic cell, specifically showing a mature or migratory phenotype. It is characterized by the extremely high expression of MHC class II molecules (such as HLA-DRA, HLA-DQA1, HLA-DPB1, and CD74) alongside key dendritic cell homing and activation markers, including CCL17, CCL22, CCR7, S100B, and FLT3."
318541,TAAGTGCGTCTAGCGC_F02524,dendritic cell,"dendritic cell

This cell profile is characteristic of mature or migratory **dendritic cells** (often referred to as LAMP3+ or CCR7+ DCs). It is defined by the high expression of mature dendritic cell markers such as *FSCN1*, *LAMP3*, *CCR7*, and *CD83*, along with the chemokines *CCL17* and *CCL22* which are involved in T-cell recruitment. Additionally, it shows strong expression of MHC class II molecules (*CD74*, *HLA-DRA*, *HLA-DQA1*) required for antigen presentation, and *IDO1*, which is associated with immunoregulatory functions in mature dendritic cells."
269034,GTCCTCACATCTCCCA_F01851,dendritic cell,"dendritic cell
This cell profile is characterized by the high expression of mature/migratory dendritic cell markers, including *CCL17*, *CCL22*, *FSCN1*, *LAMP3*, *CD83*, and *CCR7*, alongside high levels of MHC class II molecules (*CD74*, *HLA-DRA*, *HLA-DPB1*). These genes are classic hallmarks of activated or mature dendritic cells (often referred to as LAMP3+ or migratory dendritic cells) in the lung parenchyma, which play a key role in antigen presentation and T-cell homing."
281894,GTGCAGCCAGGACCCT-1-HCATisStab7747200,dendritic cell,"dendritic cell
This cell profile is characterized by high expression of MHC class II molecules (HLA-DRA, HLA-DPA1, HLA-DPB1, CD74) and key markers of mature, migratory dendritic cells, including CCL17, CCL22, CCL19, FSCN1, CCR7, and LAMP3. These genes are crucial for antigen presentation, T-cell chemotaxis, and lymph node homing, which are hallmark functions of dendritic cells in the lung parenchyma."
326322,TTGCGTCGTTTGCATG-1-HCATisStab7747197,elicited macrophage,"elicited macrophage

This cell type is identified as an **elicited macrophage** (recruited macrophage). It is characterized by the extremely high expression of pro-inflammatory chemokines (*CXCL8*, *CCL2*, *CCL3*, *CCL20*, *CXCL2*, *CXCL3*) and cytokines (*IL1B*), alongside alarmins (*S100A8*, *S100A9*) and myeloid lineage markers (*TYROBP*, *LYZ*, *AIF1*). This highly active inflammatory profile is typical of macrophages recruited to the lung parenchyma during inflammatory or immune responses, distinguishing them from resident alveolar macrophages (which express *FABP4* and *MARCO*) and classical monocytes (which express *FCN1*)."
45332,TGGTTAGCATCGACGC_F01692,elicited macrophage,"alveolar macrophage
The expression profile is highly characteristic of alveolar macrophages, defined by the strong expression of classic macrophage markers (CD68, CD163, MRC1/CD206), complement components (C1QA, C1QB, C1QC), lipid-associated genes (APOE, APOC1), and specific alveolar macrophage markers such as MARCO and ACP5."
209629,TTTGCGCTCGGCGGTT-SC155,elicited macrophage,"elicited macrophage

This cell profile is characteristic of an **elicited macrophage** (monocyte-derived macrophage). It is defined by the high expression of inflammatory chemokines and cytokines (*CCL2*, *CCL7*, *CCL20*, *CXCL8*, *IL1B*), tissue-remodeling factors (*SPP1*, *TIMP1*), and myeloid/macrophage markers (*CD68*, *CD163*, *MRC1*, *TYROBP*, *AIF1*). This distinct secretory and inflammatory profile distinguishes recruited/elicited macrophages from resident alveolar macrophages, which typically express high levels of *FABP4* and *MARCO*."
322424,CAAGAAAAGAGGTTGC_F03045,elicited macrophage,"Alveolar macrophage
This cell type is identified as an alveolar macrophage. It highly expresses classic macrophage markers such as *CD68*, *CD163*, and *TYROBP*, alongside specific alveolar macrophage signature genes including *MARCO* (a scavenger receptor), *VSIG4*, and complement components (*C1QA*, *C1QB*, *C1QC*). The prominent expression of lipid metabolism genes like *APOE*, *APOC1*, and *PLIN2*, as well as lysosomal enzymes (*CTSD*, *CTSB*, *ACP5*), reflects their specialized role in surfactant clearance and phagocytosis within the lung alveoli."
194008,TACTTGTGTACCCAAT-SC155,elicited macrophage,"elicited macrophage
This cell profile is characterized by macrophage lineage markers (CD68, CD163, MRC1, TYROBP, and LYZ) combined with high expression of recruitment-related chemokines (CCL2, CCL7, CCL20, CXCL2, CXCL3) and SPP1 (osteopontin). The absence of classic resident alveolar macrophage markers (such as FABP4 and MARCO) and the upregulation of inflammatory and tissue-remodeling genes (SPP1, MMP19, AREG, EREG) identify these cells as elicited (recruited or monocyte-derived) macrophages in the lung."
214677,TTGACTTGTAGTACCT-1-HCATisStab7659970,elicited macrophage,"classical monocyte

This cell type is identified as a **classical monocyte** based on the high expression of canonical monocyte markers such as *CD14*, *FCN1*, *LYZ*, and *S100A4*, alongside strong expression of inflammatory chemokines and cytokines (*CCL3*, *IL1B*, *CXCL8*, *CCL4*, *CXCL3*, *CXCL2*) and tissue-extravasation/activation-related genes (*EREG*, *G0S2*). The absence of typical resident alveolar macrophage markers (e.g., *FABP4*, *MARCO*) or interstitial macrophage markers (e.g., *C1QA*, *C1QB*, *APOE*) further distinguishes these as classical monocytes infiltrating the lung parenchyma."
278594,7239220_CTGGTCTCACATTCGA,elicited macrophage,"Alveolar macrophage

This cell type is identified as an alveolar macrophage. It highly expresses classic macrophage lineage markers, including CD68, MRC1 (CD206), MARCO, TYROBP, FCER1G, and AIF1. Additionally, it exhibits high expression of surfactant proteins (SFTPC, SFTPA1, SFTPA2, SFTPB) and lipid metabolism genes (APOE, APOC1), which is a defining characteristic of alveolar macrophages resulting from their specialized role in surfactant clearance and phagocytosis within the lung alveoli."
275715,TCGTAGAAGTCTCCTC-1-HCATisStab7587202,elicited macrophage,"Alveolar macrophage

The profile is highly characteristic of alveolar macrophages, the resident myeloid cells of the lung parenchyma. It features prominent expression of macrophage lineage markers (*CD68*, *TYROBP*, *MSR1*), antigen presentation machinery (*HLA-DRA*, *CD74*, *HLA-DQA1*), and lipid/apolipoprotein metabolism genes (*APOE*, *APOC1*). Additionally, the high expression of metallothioneins (*MT2A*, *MT1X*, *MT1G*), chemokines (*CCL3*, *CCL4*, *CXCL8*), and remodeling factors (*SPP1*, *MMP12*) reflects their specialized activation, phagocytic, and inflammatory states within the alveolar microenvironment."
172323,CCGTTCAGTCTGATTG_F02617,elicited macrophage,"Alveolar macrophage
The profile is characterized by high expression of complement genes (*C1QA*, *C1QB*, *C1QC*), antigen presentation molecules (*CD74*, *HLA-DRA*, *HLA-DPA1*), and macrophage-specific markers such as *CD68*, *MRC1* (CD206), *CD163*, *VSIG4*, and *MARCO*. The presence of *MARCO* and *FABP3* specifically distinguishes these as alveolar macrophages within the lung parenchyma."
108800,GACCTGGAGAGCCCAA_F02730,elicited macrophage,"Alveolar macrophage
This cell profile is highly characteristic of alveolar macrophages, as evidenced by the strong expression of classical macrophage markers (*CD68*, *TYROBP*, *LYZ*), antigen-presenting MHC class II molecules (*CD74*, *HLA-DRA*, *HLA-DRB1*), and complement components (*C1QA*, *C1QB*, *C1QC*). Furthermore, the specific expression of *MARCO*, *MRC1* (CD206), *APOE*, *APOC1*, and *TREM2* is a well-established signature of resident alveolar macrophages in the lung parenchyma."
268043,ATGAGGGAGTCATCCA_F01851,elicited macrophage,"alveolar macrophage
This cell type is identified as an alveolar macrophage. It highly expresses classic macrophage markers such as CD68, MRC1 (CD206), and C1Q genes (C1QA, C1QB, C1QC), alongside antigen-presentation molecules (HLA-DRA, HLA-DRB1). The prominent expression of lipid-associated genes like APOC1 and FABP5 is highly characteristic of alveolar macrophages, reflecting their specialized role in recycling pulmonary surfactant in the lung parenchyma."
80681,7239218_AGTTGGTAGATGCGAC,elicited macrophage,"lung macrophage
This cell type is a lung macrophage (often corresponding to interstitial macrophages). It is characterized by the high expression of complement classical pathway components ($C1QA$, $C1QB$, $C1QC$), MHC class II antigen-presentation molecules ($HLA-DRA$, $HLA-DQA1$, $CD74$), and macrophage lineage markers ($MRC1$, $MAFB$, $CD68$, $AIF1$). In lung tissue datasets, these complement-high macrophages are distinguished from alveolar macrophages, which typically express high levels of $FABP4$ and $MARCO$ instead of prominent $C1q$ and MHC-II signatures."
301125,TTTACCAAGACTCTTG_SC142,elicited macrophage,"alveolar macrophage
This cell type is identified as an alveolar macrophage. It highly expresses classic alveolar macrophage markers such as *FABP4*, *MARCO*, and *MRC1* (CD206), along with complement genes (*C1QA*, *C1QB*, *C1QC*), lipid metabolism genes (*APOE*, *APOC1*), and antigen-presentation molecules (MHC class II genes like *HLA-DRA* and *CD74*). These markers collectively distinguish alveolar macrophages from other lung macrophage populations and monocytes."
286424,TTCGAAGTCAGCGACC-SC156,elicited macrophage,"classical monocyte

This cell type is identified as a classical monocyte. It highly expresses canonical classical monocyte markers such as *CD14*, *S100A8*, *S100A9*, *VCAN*, and *LYZ*. Additionally, the profile shows strong expression of pro-inflammatory cytokines and chemokines (*IL1B*, *CXCL8*, *CXCL2*, *CXCL3*, *CCL3*, *CCL20*) and tissue-invasion/activation markers (*SERPINB2*, *EREG*, *THBS1*), which are characteristic of classical monocytes recruited to the lung parenchyma during inflammatory responses."
107994,TATGCCCAGCGACGTA_SC27,elicited macrophage,"elicited macrophage
This cell type is identified as an elicited macrophage (often monocyte-derived). It is characterized by the extremely high expression of *SPP1* (osteopontin), along with potent inflammatory chemokines (*CCL2*, *CXCL8*, *CXCL3*, *CCL20*, *CCL3*) and pro-inflammatory cytokines (*IL1B*). It also expresses classic myeloid and lysosomal markers such as *CD68*, *LYZ*, *TYROBP*, and various cathepsins (*CTSL*, *CTSD*, *CTSB*), which distinguish these recruited, inflammatory macrophages from resident alveolar macrophages (which typically express *FABP4* and *MARCO*)."
260479,AACCGCGCACTAGTAC_SC27,elicited macrophage,"alveolar macrophage

This cell profile is characteristic of alveolar macrophages. It is defined by the high expression of classical macrophage markers such as *CD68*, *TYROBP*, *FCER1G*, and *MAFB*, alongside complement genes (*C1QA*, *C1QB*, *C1QC*). The top-ranked genes *SPP1* (osteopontin), *FABP5*, *FTL*, *HMOX1*, and various cathepsins (*CTSL*, *CTSD*, *CTSB*) are highly specific to lung alveolar macrophages, particularly in response to the microenvironment of the lung parenchyma."
246822,GCTGGGTCAGTGGAGT-SC45,elicited macrophage,"alveolar macrophage
This cell type is identified as an alveolar macrophage. It highly expresses classic macrophage markers such as *CD68*, *TYROBP*, *CD163*, and *MRC1* (CD206), alongside antigen-presentation genes (*HLA-DRA*). It is specifically characterized as an alveolar macrophage by the high expression of lipid-metabolism genes (*APOE*, *APOC1*), complement components (*C1QA*, *C1QB*, *C1QC*), *MARCO*, and the highly specific chemokine *CCL18*, which are hallmark features of human alveolar macrophages in the lung parenchyma."
260593,TACTCCCTCACTGA-SC31,elicited macrophage,"elicited macrophage
This cell type is identified as an elicited macrophage. It is characterized by the high expression of S100A8 and S100A9, along with strong expression of inflammatory chemokines (CCL2, CCL3, CCL4, CCL7, CCL20, and CXCL8) and pro-inflammatory/activation markers (SPP1, IL1B, G0S2, and PLAUR). This profile is highly indicative of recruited, inflammatory (elicited) macrophages in the lung parenchyma, distinguishing them from resident alveolar macrophages which typically express higher levels of FABP4 and lower levels of these acute inflammatory mediators."
179442,CAGCAGCCAAGTAATG_F01607,elicited macrophage,"Alveolar macrophage
This cell profile is characterized by high expression of macrophage-specific markers such as *CD68*, *AIF1*, and *TYROBP*, along with antigen-presentation genes (*CD74*, *HLA-DRA*). The strong expression of *MARCO*, *MRC1* (CD206), *VSIG4*, and complement genes (*C1QA*, *C1QB*, *C1QC*), alongside lipid metabolism genes (*APOE*, *APOC1*), is highly specific to resident alveolar macrophages in the lung parenchyma."
205896,TGGTTAGCATAACCTG_HD67,elicited macrophage,"Alveolar macrophage

This cell type is identified as an **alveolar macrophage**. The expression profile is highly characteristic of resident macrophages in the lung parenchyma, showing strong enrichment of classical macrophage markers such as *CD68*, *TYROBP*, *FCER1G*, and *CD74*. It is specifically distinguished as an alveolar macrophage by the high expression of complement genes (*C1QA*, *C1QB*, *C1QC*), lipid metabolism and transport genes (*APOC1*, *APOE*), *TREM2*, *MRC1* (CD206), *VSIG4*, and *FBP1* (fructose-bisphosphatase 1, which is highly active in alveolar macrophages)."
255531,GTGCGGTTCGCTAGCG_F02617,endothelial cell of lymphatic vessel,"endothelial cell of lymphatic vessel
This cell type is characterized by the high expression of lymphatic-specific endothelial markers, including CCL21, MMRN1, PDPN (podoplanin), and PROX1 (the master transcription factor for lymphatic endothelial cell identity). It also expresses pan-endothelial markers such as CLDN5, EGFL7, and TIE1, distinguishing it from other endothelial and stromal cell types in the lung parenchyma."
319486,GCTCTGTGTCCAGTGC_F02617,endothelial cell of lymphatic vessel,"Endothelial cell of lymphatic vessel
This cell type is characterized by the highly specific expression of lymphatic endothelial markers, including CCL21, MMRN1, LYVE1, and PDPN (podoplanin), alongside pan-endothelial markers such as CLDN5, RAMP2, and ECSCR."
59056,TAGTGCACAGAGTGTG_SC86,endothelial cell of lymphatic vessel,"endothelial cell of lymphatic vessel
This cell type is characterized by the high expression of lymphatic-specific endothelial markers, including PROX1 (the master transcription factor for lymphatic lineage), CCL21, MMRN1, NRP2, and PDPN (podoplanin). It also expresses pan-endothelial markers such as CLDN5, KDR, and CAV1, distinguishing it from other endothelial populations in the lung."
139756,AACTCTTGTAGCGTAG_F02524,endothelial cell of lymphatic vessel,"endothelial cell of lymphatic vessel
This cell type is characterized by the highly specific expression of lymphatic endothelial markers, including CCL21, MMRN1, LYVE1, and PDPN (podoplanin). It also expresses pan-endothelial markers such as CLDN5, CAV1, RAMP2, and CALCRL, which collectively confirm its identity as a lymphatic endothelial cell within the lung parenchyma."
226769,GTCACAACACCGGAAA_F01851,endothelial cell of lymphatic vessel,"endothelial cell of lymphatic vessel
This cell type is characterized by the high expression of lymphatic-specific endothelial markers, including CCL21, PROX1 (the master lymphatic transcription factor), PDPN (podoplanin), MMRN1, and FLT4 (VEGFR3). The presence of pan-endothelial markers such as CLDN5, RAMP2, and GNG11 further confirms its endothelial lineage, specifically distinguishing it as a lymphatic endothelial cell."
147900,AACTCCCAGAAAGTGG_F02607,endothelial cell of lymphatic vessel,"endothelial cell of lymphatic vessel
This cell type is identified as a lymphatic endothelial cell (endothelial cell of lymphatic vessel) based on the highly specific expression of lymphatic lineage markers, including the master transcription factor PROX1, podoplanin (PDPN), and the lymphatic-specific chemokine CCL21. Additionally, it expresses pan-endothelial markers such as CLDN5, ANGPT2, MMRN1, and TIE1, which distinguish it from other endothelial and stromal populations in the lung parenchyma."
280608,ACACTGAAGATCGATA_F02611,endothelial cell of lymphatic vessel,"endothelial cell of lymphatic vessel
This cell type is characterized by the high expression of lymphatic-specific endothelial markers, including CCL21, MMRN1, PDPN (podoplanin), and LYVE1. It also expresses pan-endothelial markers such as CLDN5, EGFL7, and RAMP2, which collectively and uniquely identify it as a lymphatic endothelial cell (endothelial cell of lymphatic vessel) within the lung parenchyma."
303395,P2_5_CGTCCATTCCACGCAG,endothelial cell of lymphatic vessel,"endothelial cell of lymphatic vessel
This cell type is characterized by the highly specific expression of lymphatic endothelial markers, including CCL21, LYVE1, MMRN1, and PDPN (podoplanin), alongside pan-endothelial markers such as CLDN5, RAMP2, and CAV1."
76117,TGACTTTCAATTGCTG_F02617,endothelial cell of lymphatic vessel,"endothelial cell of lymphatic vessel
This cell type is characterized by the high expression of lymphatic-specific endothelial markers, including *CCL21*, *MMRN1*, *PDPN* (podoplanin), and *RELN*, alongside general endothelial markers such as *CLDN5*, *RAMP2*, *CALCRL*, and *EGFL7*. The presence of epithelial/secretory signals like *SCGB1A1* and *SCGB3A1* represents common ambient RNA contamination from highly abundant airway cells in lung tissue preparations."
104690,ACGAGCCCAAGGGTCA-1-HCATisStab7747198,endothelial cell of lymphatic vessel,"endothelial cell of lymphatic vessel

This cell type is characterized by the highly specific expression of lymphatic endothelial markers, including CCL21, LYVE1, PDPN (podoplanin), and MMRN1. It also expresses pan-endothelial markers such as CLDN5, RAMP2, ECSCR, and TIE1, distinguishing it from other endothelial populations (like capillary or arterial endothelial cells) and epithelial cells in the lung parenchyma."
176127,ATTATCCGTCGCATAT_F02528,endothelial cell of lymphatic vessel,"endothelial cell of lymphatic vessel
This cell type is characterized by the highly specific expression of lymphatic endothelial markers, including CCL21, MMRN1, PDPN (podoplanin), PROX1, and LYVE1, alongside pan-endothelial markers such as CLDN5, RAMP2, and TIE1."
244782,AGATTGCTCCGTAGGC_F02522,endothelial cell of lymphatic vessel,"endothelial cell of lymphatic vessel
This cell type is characterized by the high expression of lymphatic-specific endothelial markers, including CCL21, MMRN1, LYVE1, and the master transcription factor PROX1. General endothelial markers such as CLDN5, ECSCR, and RAMP2 are also highly expressed, confirming its identity as a lymphatic endothelial cell."
105019,P2_2_TCTCTAATCTATCCTA,endothelial cell of lymphatic vessel,"endothelial cell of lymphatic vessel
This cell type is identified as a lymphatic endothelial cell (endothelial cell of lymphatic vessel) based on the highly specific expression of lymphatic lineage markers such as CCL21, MMRN1, PDPN (podoplanin), and the master transcription factor PROX1. Additionally, it expresses pan-endothelial markers including CLDN5, CAV1, RAMP2, and EGFL7, confirming its endothelial origin."
222020,GTAGGCCCATGCCTAA_F02617,endothelial cell of lymphatic vessel,"endothelial cell of lymphatic vessel
This cell type is characterized by the highly specific expression of lymphatic endothelial markers, including CCL21, LYVE1, MMRN1, and PDPN (podoplanin). It also expresses pan-endothelial markers such as CLDN5, RAMP2, EGFL7, and CAV1, confirming its identity as an endothelial cell of the lymphatic vessel in the lung parenchyma."
94657,AAACCTGAGCCCAGCT_F02524,endothelial cell of lymphatic vessel,"endothelial cell of lymphatic vessel
This cell type is characterized by the high and specific expression of lymphatic endothelial markers, including CCL21, MMRN1, PDPN (podoplanin), and the master transcription factor PROX1. It also expresses pan-endothelial markers such as CLDN5, ANGPT2, and RAMP2, distinguishing it as a lymphatic endothelial cell."
262359,GACTGCGAGAGCTTCT_F02522,endothelial cell of lymphatic vessel,"endothelial cell of lymphatic vessel
This cell type is characterized by the highly specific expression of lymphatic endothelial markers such as CCL21, MMRN1, and NRP2. It also expresses pan-endothelial markers including CLDN5, RAMP2, CD34, and ECSCR, confirming its identity as a lymphatic endothelial cell."
155012,TCTATTGGTGATGTCT_F02607,endothelial cell of lymphatic vessel,"endothelial cell of lymphatic vessel
This cell type is characterized by the highly specific expression of lymphatic endothelial markers, including CCL21, MMRN1, PDPN (podoplanin), PROX1, and NRP2. It also expresses pan-endothelial markers such as CLDN5, RAMP2, and CALCRL, which collectively distinguish lymphatic endothelial cells from other vascular endothelial and stromal populations in the lung."
121381,GCATGATCACATCCGG-SC155,endothelial cell of lymphatic vessel,"endothelial cell of lymphatic vessel
This cell type is characterized by the high expression of lymphatic-specific endothelial markers, including CCL21, LYVE1, PROX1, and MMRN1, alongside pan-endothelial markers such as CLDN5, ECSCR, and KDR."
282435,GACGCTCTCCTACC-SC31D,endothelial cell of lymphatic vessel,"endothelial cell of lymphatic vessel
This cell type is characterized by the highly specific expression of lymphatic endothelial markers, including *CCL21*, *PROX1* (the master transcriptional regulator of lymphatic lineage), *LYVE1* (lymphatic vessel endothelial hyaluronan receptor 1), *MMRN1*, and *FLT4* (VEGFR3). General endothelial markers such as *CLDN5*, *KDR*, and *RAMP2* are also present, confirming its endothelial lineage, while the lymphatic-specific markers uniquely distinguish it as a lymphatic endothelial cell."
315885,GTAACGTTCATAACCG_F02730,endothelial cell of lymphatic vessel,"endothelial cell of lymphatic vessel
This cell type is characterized by the highly specific expression of lymphatic endothelial markers such as CCL21, LYVE1, and MMRN1. It also expresses pan-endothelial markers including CLDN5, RAMP2, and ECSCR, distinguishing it as an endothelial cell of the lymphatic vessel within the lung parenchyma."
320138,GCTGCAGAGCGATATA_F02092,epithelial cell of lower respiratory tract,"respiratory tract hillock cell  
This cell type is identified as a respiratory tract hillock cell. It is characterized by the distinct co-expression of basal epithelial markers (such as *KRT17*, *S100A2*, and *TP63*) alongside secretory/club-like markers (such as *SCGB3A1* and *SFTPB*). This unique transitional expression profile is highly specific to hillock cells, which form stratified, dome-like structures in the airway epithelium."
206114,P1_2_TACACGAGTCAGAATA,epithelial cell of lower respiratory tract,"club cell
This cell type is identified as a club cell (formerly Clara cell) of the lung. It is characterized by the extremely high and specific expression of secretoglobins *SCGB3A2* and *SCGB3A1*, which are hallmark markers of club cells. Other highly expressed genes include *SFTPB* (surfactant protein B, also produced by club cells), *SLPI* (secretory leukocyte peptidase inhibitor), *WFDC2*, and *PIGR*, which are characteristic of secretory epithelial cells in the bronchioles."
241972,TCAGGATCAGTCAGAG_F02607,epithelial cell of lower respiratory tract,"club cell
This cell type is a club cell (formerly Clara cell), a non-ciliated secretory epithelial cell of the bronchioles. It is highly characterized by the specific expression of secretoglobins, including SCGB3A1, SCGB1A1, and SCGB3A2, which protect the airway epithelium. Other prominent markers include secretory proteins such as SLPI, BPIFB1, and WFDC2, as well as surfactant protein B (SFTPB)."
203849,CGCGGTAGTAAGGGAA_F02607,epithelial cell of lower respiratory tract,"club cell
This cell type is identified as a club cell (formerly Clara cell) due to the highly specific and abundant expression of secretoglobins *SCGB1A1*, *SCGB3A2*, and *SCGB3A1*. These proteins, along with *SFTPB* (surfactant protein B), *SLPI*, and cytochrome P450 enzymes like *CYP2F1*, are classic markers of club cells in the bronchiolar epithelium of the lung, where they play key roles in host defense, xenobiotic metabolism, and surfactant production."
45723,CGTGTAACAGTCGTGC_F02617,epithelial cell of lower respiratory tract,"club cell
This cell type is identified as a club cell (formerly Clara cell) of the lung parenchyma. It is characterized by the exceptionally high and specific expression of secretoglobins, particularly SCGB3A1 and SCGB1A1, which encode major secretory proteins of the bronchiolar epithelium. Other highly expressed markers include BPIFA1, BPIFB1, and SLPI, which are involved in mucosal host defense and are classic signatures of club cells."
242340,P2_7_CGCTTCAGTCTCTCTG,epithelial cell of lower respiratory tract,"club cell
This cell type is a club cell, characterized by the extremely high and specific expression of secretoglobins *SCGB3A1* and *SCGB1A1*, which are hallmark markers for club cells in the bronchiolar epithelium. Other highly expressed genes like *BPIFB1*, *SLPI*, and *WFDC2* are also characteristic of secretory epithelial cells in the respiratory tract, supporting this identification."
134492,TTTATGCGTTCCATGA-1-HCATisStab7747200,epithelial cell of lower respiratory tract,"club cell
This cell type is identified as a club cell (formerly Clara cell) of the lung. It is characterized by the extremely high and specific expression of secretoglobins, particularly *SCGB3A1*, *SCGB1A1*, and *SCGB3A2*, which encode major secretory proteins of the bronchiolar epithelium. Other highly expressed markers include *BPIFB1*, *SLPI*, and *WFDC2*, which are involved in mucosal defense and are classic signatures of club cells."
29574,ACTGTCCTCTCTAGGA_F02092,epithelial cell of lower respiratory tract,"club cell
The cell type is identified as a club cell (formerly Clara cell) due to the extremely high and specific expression of *SCGB1A1* (secretoglobin family 1A member 1, also known as CC10/CCSP), which is the canonical marker for these non-ciliated bronchiolar secretory cells. This is further supported by the high expression of other secretoglobins (*SCGB3A1*, *SCGB3A2*) and host defense/secretory proteins (*BPIFB1*, *SLPI*, *WFDC2*), which are characteristic of the club cell lineage in the lung parenchyma."
32074,P2_5_TCAGCTCGTGTCGCTG,epithelial cell of lower respiratory tract,"club cell
This cell type is identified as a club cell (formerly Clara cell) of the lung. It is characterized by the extremely high and specific expression of secretoglobins *SCGB3A1* and *SCGB1A1* (also known as club cell secretory protein, CC10), which are major secretory products of these non-ciliated bronchiolar epithelial cells. Other highly expressed markers include *BPIFB1*, *SLPI*, and *WFDC2*, which are involved in mucosal defense and airway homeostasis."
312464,P2_7_AGGTCATGTTGCGTTA,epithelial cell of lower respiratory tract,"club cell
The cell type is a club cell (formerly Clara cell). This is indicated by the highly specific and abundant expression of *SCGB1A1* and *SCGB3A1*, which are canonical secretoglobin markers for club cells in the bronchiolar epithelium. Other highly expressed genes, such as *BPIFB1*, *SLPI*, *WFDC2*, and *PIGR*, are also characteristic of secretory epithelial cells in the airways, particularly club cells, which play a key role in protecting the bronchioalveolar epithelium."
44385,ACTGAACCATTCGACA_F02092,epithelial cell of lower respiratory tract,"club cell
This cell type is a club cell (formerly Clara cell), a non-ciliated secretory epithelial cell of the bronchioles. It is characterized by the highly abundant and specific expression of secretoglobins *SCGB3A1* and *SCGB1A1*, which encode major secretory proteins. Other prominent markers include *BPIFB1*, *SLPI*, *WFDC2*, and *SFTPB*, which are involved in mucosal defense, anti-inflammatory responses, and airway surface liquid homeostasis."
192377,GGAGCAATCAGCGACC_F02522,epithelial cell of lower respiratory tract,"club cell
This cell type is identified as a club cell (formerly Clara cell) due to the extremely high and specific expression of *SCGB1A1* (secretoglobin family 1A member 1), along with *SCGB3A1* and *SCGB3A2*. These secretoglobins, together with other top markers like *BPIFB1*, *SLPI*, and *CYP2F1*, are classic signatures of club cells, which play a crucial role in protecting the bronchiolar epithelium through secretion of immunomodulatory proteins and xenobiotic metabolism."
172485,TTTCCTCTCTCGTTTA_HD68,epithelial cell of lower respiratory tract,"club cell
This cell type is identified as a club cell (formerly Clara cell) due to the highly specific and abundant expression of secretoglobins, particularly *SCGB1A1* (the definitive club cell marker) and *SCGB3A2*. Other top markers such as *SFTPB*, *SLPI*, and *WFDC2* are also characteristic of club cells, which play a crucial role in protecting the bronchiolar epithelium through the secretion of immunomodulatory and host-defense proteins."
210270,AAAGTAGAGCCAGTTT_F02524,epithelial cell of lower respiratory tract,"Club cell
This cell type is identified as a club cell (bronchiolar exocrine cell) based on the highly specific and abundant expression of secretoglobins *SCGB3A2* and *SCGB3A1*, which are classic markers for club cells in the distal airways. Other highly expressed genes such as *SLPI*, *SFTPB*, *WFDC2*, and *CYP4B1* further support this identity, reflecting their secretory and protective functions in the bronchiolar epithelium."
317469,GTCACGGAGGACAGAA_F02611,epithelial cell of lower respiratory tract,"club cell
The cell type is a club cell. This is indicated by the extremely high and specific expression of *SCGB1A1* (uteroglobin) and *SCGB3A1*, which are classic hallmark markers for club cells (formerly Clara cells) in the bronchiolar epithelium. Other highly ranked genes, such as *BPIFB1*, *SLPI*, *WFDC2*, and *CYP2F1*, are also characteristic of club cells, reflecting their roles in mucosal defense, anti-inflammatory response, and xenobiotic metabolism."
268437,CGCATAAGTATGGGAC_SC141,epithelial cell of lower respiratory tract,"club cell
This cell type is a club cell (formerly Clara cell), a non-ciliated secretory epithelial cell of the bronchioles. It is highly characterized by the specific expression of secretoglobins, particularly SCGB1A1 (CC10) and SCGB3A1, which are crucial for airway mucosal defense. Other top markers like BPIFB1, SLPI, and WFDC2 further support this identity as secretory cells involved in host defense and anti-inflammatory responses in the lower respiratory tract."
147016,TTAGGCAGTATCGCAT_F02617,epithelial cell of lower respiratory tract,"club cell
The profile is dominated by the secretoglobins *SCGB3A1* and *SCGB1A1*, which are highly specific hallmark markers for club cells (secretory cells of the bronchiolar epithelium). Other highly expressed genes, such as *SLPI*, *BPIFB1*, *WFDC2*, and *CYP2F1*, further support this identity, reflecting the club cell's roles in mucosal defense, anti-inflammation, and xenobiotic metabolism in the lung."
319991,CTGCCATGTTCGGCTG_SC85,epithelial cell of lower respiratory tract,"club cell
The cell type is a club cell (formerly Clara cell). This is indicated by the extremely high and specific expression of *SCGB1A1* and *SCGB3A1*, which are classic secretoglobin markers for bronchiolar secretory club cells. Other highly expressed genes, such as *SLPI*, *BPIFB1*, *WFDC2*, and *PIGR*, are also characteristic of airway secretory lineages, while the lack of high mucin expression (e.g., *MUC5AC*) rules out goblet cells."
196775,GAGGTGACAGTCGATT_HD70,epithelial cell of lower respiratory tract,"club cell
This cell type is identified as a club cell (formerly Clara cell) due to the extremely high and specific expression of secretoglobins *SCGB3A1* and *SCGB1A1*. Other highly ranked genes, such as *BPIFB1*, *SLPI*, *WFDC2*, and *BPIFA1*, are also characteristic markers of club cells, reflecting their primary roles in mucosal defense, immunomodulation, and surfactant-like secretion in the bronchioles of the lung."
54289,P2_5_ACGAGGAGTCAGCTAT,epithelial cell of lower respiratory tract,"Club cell
This cell type is a club cell (formerly Clara cell), a non-ciliated secretory epithelial cell of the bronchioles. It is characterized by the highly specific and abundant expression of secretoglobins, particularly SCGB3A1 and SCGB1A1, which together make up the vast majority of the specificity signal. Other prominent markers include host defense and immunomodulatory proteins such as BPIFB1, LCN2, and SLPI, which are characteristic of the club cell secretory profile in the lung."
144129,GTGAAGGTCGGTGTTA_F02617,fibroblast,"alveolar adventitial fibroblast
This cell type is identified as an alveolar adventitial fibroblast. The expression profile is characterized by high levels of extracellular matrix genes (*DCN*, *LUM*, *FBLN1*, *MGP*, *COL1A2*, *COL6A2*), complement components (*C3*, *C7*, *C1S*), and specific markers such as *RARRES1*, *ADH1B*, and *PTGDS*. In the lung parenchyma, these cells reside in the adventitial space surrounding large vessels and airways, where they play a key role in maintaining structural integrity and regulating inflammation."
327657,CTCAGAATCTGCCAGG-1-HCATisStab7587208,fibroblast,"alveolar adventitial fibroblast

This cell type is identified as an alveolar adventitial fibroblast. It highly expresses classical fibroblast marker genes (such as *COL1A1*, *COL1A2*, *COL3A1*, *DCN*, and *VIM*) alongside specific adventitial markers like *CCL19*, *CXCL12*, *PTGDS*, *FBLN1*, and complement components (*C1S*, *C1R*, *C3*). In the lung, adventitial fibroblasts reside in the bronchovascular adventitia and play key roles in immunomodulation and extracellular matrix remodeling, characterized by their high expression of *CCL19* and *CXCL12* to interact with immune cells."
215807,GCAATCAGTAAACACA-1-HCATisStab7587208,fibroblast,"alveolar adventitial fibroblast
This cell profile is highly characteristic of alveolar adventitial fibroblasts. It is defined by the strong expression of extracellular matrix components (such as *DCN*, *FBLN1*, *LUM*, and various collagens like *COL1A1* and *COL1A2*) alongside key immunomodulatory and niche-supporting factors. Specifically, *CCL19*, *CXCL12*, *PLA2G2A*, *PTGDS*, and complement factors (*C3*, *C7*) are well-established markers for adventitial fibroblasts in the lung parenchyma, where they localize to the bronchovascular adventitia and interact with immune cells."
23371,P1_4_GTAACGTTCTGGGCCA,fibroblast,"alveolar adventitial fibroblast
This cell profile is characterized by the high expression of collagen genes (*COL1A1*, *COL1A2*, *COL3A1*, *COL6A2*), extracellular matrix proteins (*DCN*, *FBLN1*, *LUM*, *DPT*), and complement components (*C3*, *C7*, *C1S*, *C1R*). The presence of *DPT*, *FGF7*, *PLA2G2A*, and *MGP* specifically identifies these as alveolar adventitial fibroblasts (also known as adventitial fibroblasts), which reside in the adventitial space of bronchovascular bundles in the lung parenchyma."
142350,GATCGTAAGTAGTGCG_F02617,fibroblast,"alveolar adventitial fibroblast
This cell profile is highly characteristic of alveolar adventitial fibroblasts. It is defined by the strong expression of extracellular matrix genes (such as DCN, COL3A1, COL1A1, COL1A2, LUM, and FBLN1) along with key adventitial markers including RARRES1, PTGDS, APOE, ADH1B, MGP, and CXCL12, which distinguish them from other stromal populations like alveolar fibroblasts and myofibroblasts in the lung parenchyma."
75465,7239218_ATCATCTCATCAGTCA,fibroblast,"alveolar adventitial fibroblast
This cell type is identified as an alveolar adventitial fibroblast based on the high expression of collagen genes (*COL1A1*, *COL1A2*, *COL3A1*, *COL6A1/2/3*) and extracellular matrix-associated genes (*DCN*, *FBLN1*, *SPARC*), combined with specific adventitial markers such as *PLA2G2A*, *ADH1B*, *CCDC80*, *CXCL12*, and complement factors (*C3*, *C1R*, *C1S*). This profile distinguishes them from alveolar fibroblasts (which typically express *NPNT*) and other lung stromal populations."
231083,7239218_CAGAGAGTCCATGCTC,fibroblast,"alveolar adventitial fibroblast

This cell type is identified as an **alveolar adventitial fibroblast** (also known as adventitial fibroblast). It is characterized by the high expression of extracellular matrix genes such as *COL1A1*, *COL1A2*, *COL3A1*, and *DCN*, along with key adventitial markers like *FBLN1*, *LUM*, *CXCL12*, *C3*, and *C7*. These cells reside in the adventitial space surrounding bronchovascular bundles in the lung parenchyma, where they support structural integrity and participate in inflammatory and remodeling pathways."
283376,TACTTACAGTCGAGTG_F02617,fibroblast,"alveolar adventitial fibroblast
This cell profile is highly enriched for extracellular matrix components (*DCN*, *COL1A1*, *COL3A1*, *COL1A2*, *LUM*), complement factors (*C3*, *C7*, *C1S*), and key signaling/lipid-binding proteins (*RARRES1*, *APOE*, *PTGDS*, *CXCL12*). In the lung parenchyma, this specific signature of collagen-producing and immunomodulatory genes is highly characteristic of alveolar adventitial fibroblasts, which reside in the adventitial connective tissue surrounding bronchovascular bundles."
41585,7239218_GCCTCTACAGGAACGT,fibroblast,"alveolar adventitial fibroblast

This cell type is identified as an alveolar adventitial fibroblast. It is characterized by the high expression of extracellular matrix genes (such as *COL1A1*, *COL1A2*, *COL3A1*, *DCN*, *LUM*, and *FBLN1*), complement components (*C3*, *C7*, *C1R*, *C1S*), and key fibroblast markers like *PDGFRA*, *CXCL12*, and *FSTL1*. These cells reside in the adventitial connective tissue surrounding bronchovascular bundles in the lung parenchyma, where they play a major role in maintaining structural integrity and regulating inflammatory responses."
248998,7239217_TTGACTTTCGTGGGAA,fibroblast,"alveolar adventitial fibroblast
This cell type is identified as an alveolar adventitial fibroblast. It highly expresses classical fibroblast marker genes encoding extracellular matrix components (such as *COL1A1*, *COL1A2*, *COL3A1*, *DCN*, and *FBLN1*) and complement factors (*C3*, *C1R*, *C1S*). The highly specific expression of *PLA2G2A*, *HP*, *CCDC80*, and *CXCL12* is a distinguishing signature of adventitial fibroblasts in the lung parenchyma, separating them from alveolar type 1 fibroblasts and other stromal populations."
163340,AGCGTATTCTTAGAGC-1-HCATisStab7659969,fibroblast,"alveolar adventitial fibroblast

This cell type is identified as an alveolar adventitial fibroblast. The expression profile is highly enriched for extracellular matrix components (such as *DCN*, *FBLN1*, *LUM*, and various collagen genes like *COL1A1*, *COL1A2*, *COL3A1*, and *COL6A1/2*), metalloproteinase inhibitors (*TIMP1*), and complement pathway genes (*C7*, *C1R*, *C1S*, *C3*). The high expression of *MGP*, *PTGDS*, *IGFBP4*, and *IGFBP6* further distinguishes adventitial fibroblasts from other lung fibroblast subtypes (such as alveolar fibroblasts or myofibroblasts) in the lung parenchyma."
229740,CGAGCCAGTACATGTC-1-HCATisStab7587208,fibroblast,"alveolar adventitial fibroblast
This cell type is identified as an alveolar adventitial fibroblast. The profile is highly enriched for extracellular matrix components (such as COL1A1, COL1A2, COL3A1, DCN, and FBLN1) and complement pathway genes (C1R, C1S, C3, C7), which are characteristic of fibroblasts. Specifically, the strong and specific expression of CCL19, PLA2G2A, PTGDS, and CXCL12 is a well-established signature that distinguishes adventitial fibroblasts from other lung fibroblast populations (such as alveolar fibroblasts or myofibroblasts)."
165624,TACTCATGTCATCGGC-1-HCATisStab7587208,fibroblast,"alveolar adventitial fibroblast

This cell profile is highly characteristic of alveolar adventitial fibroblasts. It is defined by the strong expression of extracellular matrix components (such as *COL1A1*, *COL1A2*, *COL3A1*, *DCN*, and *FBLN1*) alongside specific adventitial markers like *PLA2G2A*, *CCL19*, *PTGDS*, *CXCL12*, and complement factors (*C3*, *C1S*, *C1R*). These cells reside in the adventitial space of bronchovascular bundles in the lung, where they contribute to structural integrity and immune cell recruitment."
203391,AGTGGGATCGAGCCCA-1-HCATisStab7587202,fibroblast,"alveolar adventitial fibroblast
This cell type is identified as an alveolar adventitial fibroblast. It highly expresses specific marker genes such as *PLA2G2A*, *CCL19*, *PTGDS*, *RARRES1*, and *FBLN1*. Additionally, it shows strong expression of extracellular matrix components (*DCN*, *COL1A1*, *COL1A2*, *COL3A1*), complement pathway genes (*C1S*, *C1R*, *C3*), and immunomodulatory chemokines (*CXCL12*, *CCL19*), which are characteristic of adventitial fibroblasts located around large vessels and airways in the lung parenchyma."
192510,AGTGGGAAGCCCGAAA-1-HCATisStab7587208,fibroblast,"alveolar adventitial fibroblast

This cell type is identified as an alveolar adventitial fibroblast. It is characterized by the high expression of extracellular matrix genes (*DCN*, *FBLN1*, *COL1A1*, *COL1A2*) alongside highly specific immunomodulatory and adventitial markers, including *PLA2G2A*, *CCL19*, *PTGDS*, *CXCL12*, and complement factors (*C3*, *C7*). In the lung parenchyma, adventitial fibroblasts reside in the connective tissue sheaths surrounding bronchovascular bundles, where they provide structural support and participate in immune cell recruitment and inflammatory responses."
267123,P1_4_ACCAGTACAGTTAACC,fibroblast,"alveolar adventitial fibroblast
This cell type is identified as an alveolar adventitial fibroblast. It highly expresses key extracellular matrix genes (such as COL1A1, COL1A2, COL3A1, DCN, and FBLN1) along with specific adventitial fibroblast markers including HAS1, PLA2G2A, FST, C7, and complement factors (C3, C1S, C1R). The high expression of metallothioneins (MT2A, MT1X) and FGF7 further distinguishes it from other lung stromal populations, such as alveolar type 1 fibroblasts or myofibroblasts."
245110,P1_4_GTGCAGCAGCCACTAT,fibroblast,"alveolar adventitial fibroblast
This cell profile is characteristic of alveolar adventitial fibroblasts. It is defined by the high expression of extracellular matrix components (such as *DCN*, *COL1A1*, *COL1A2*, *COL3A1*, *FBLN1*, and *DPT*), complement pathway genes (*C3*, *C7*, *C1S*, *C1R*), and hyaluronan synthases (*HAS1*, *HAS2*). These cells reside in the adventitial space of the bronchovascular bundles in the lung parenchyma, where they support structural integrity and participate in inflammatory and remodeling processes."
302688,CACTCCAGTGTTCTTT-1-HCATisStab7587202,fibroblast,"mesothelial cell
This cell type is identified as a mesothelial cell. It highly expresses WT1, a classic and specific marker for mesothelial cells, along with other characteristic markers such as PLA2G2A, CCL19, PTGDS, RARRES1, HP, and various extracellular matrix and complement genes (COL1A1, COL1A2, DCN, C3, C7) that are typical of the pleural mesothelium in the lung."
43434,P1_4_ATTGGACTCTTCGAGA,fibroblast,"mesothelial cell
This cell type is identified as a mesothelial cell. It highly expresses mesothelial-specific markers such as WT1 (Wilms tumor 1) and HAS1 (hyaluronan synthase 1). While it shares many extracellular matrix and structural gene expressions with fibroblasts (such as DCN, COL1A1, COL1A2, COL3A1, and FBLN1) due to its mesodermal origin, the specific expression of WT1, along with metallothioneins (MT2A, MT1X) and follistatin (FST), distinguishes it as a mesothelial cell forming the pleural lining of the lung."
156538,TAGCGATGGATAAG-SC14,fibroblast,"respiratory tract hillock cell
This cell type is identified as a respiratory tract hillock cell. It is characterized by the high expression of squamous/basal-associated keratins, specifically KRT6A, KRT14, KRT16, and KRT5, alongside S100A2. Hillock cells are a specialized, stratified epithelial cell population in the airway involved in barrier function, cell adhesion, and immunomodulation, consistent with the high expression of genes like TIMP1, SPP1, and CXCL8."
20963,P3_5_CTTACCGTCAGTACGT,hematopoietic stem cell,"plasma cell
The cell type is a plasma cell. This is indicated by the extremely high and specific expression of immunoglobulin genes (*IGLC2*, *IGHA1*, *IGLC3*, *IGLL1*) along with *JCHAIN* and *MZB1*, which are classic markers for antibody-secreting plasma cells."
106172,CGACTTCGTGATGCCC-1-HCATisStab7587211,hematopoietic stem cell,"hematopoietic stem cell
This cell profile is characterized by the expression of hematopoietic stem and progenitor cell (HSPC) markers, including key transcription factors (*GATA2*, *GATA1*, *MYB*, *SOX4*, *BCL11A*), progenitor-associated genes (*SPINK2*, *STMN1*, *TYMS*, *PCLAF*), and early lineage-specific markers (*AHSP*, *KLF1*, *CA1* for erythroid; *IGLL1* for lymphoid). This signature of multi-lineage potential and proliferation is highly specific to hematopoietic stem cells."
332842,TACAGTGAGTGTCTCA-1-HCATisStab7587208,hematopoietic stem cell,"hematopoietic stem cell

This cell population is identified as hematopoietic stem cells (HSCs) based on the highly specific expression of progenitor and stemness markers, including *SPINK2*, *PRSS57*, *GATA2*, *BAALC*, *DPPA4*, and *SOX4*. The presence of *SELL* (CD62L) and *CD69* further supports a progenitor or activated stem cell phenotype, while *AVP* and *CRHBP* are known to be expressed in specific primitive hematopoietic compartments."
69057,GGTGAAGCAATAGCAA_SC29,hematopoietic stem cell,"plasma cell
This cell type is identified as a plasma cell due to the high expression of immunoglobulin genes (IGLC3, IGHA1, IGLC2, IGHA2), JCHAIN (essential for dimeric IgA secretion), and key plasma cell markers such as MZB1 and PRDM1 (BLIMP1), which are characteristic of terminally differentiated, antibody-secreting B lineage cells in the lung parenchyma."
147413,TACGGTAAGAGACTTA-1-HCATisStab7587208,hematopoietic stem cell,"hematopoietic stem cell

This cell type is identified as a hematopoietic stem cell (or progenitor cell) based on the expression of key hematopoietic transcription factors and lineage markers, including GATA1, GATA2, KLF1, and IGLL1, alongside progenitor-associated genes like PRSS57 and SOX4. The profile also shows high expression of proliferation-associated genes (such as PCLAF, STMN1, TYMS, and HMGB2), which is characteristic of actively cycling hematopoietic stem and progenitor populations."
191482,ATCTGCCTCAGAGACG-1-HCATisStab7587205,hematopoietic stem cell,"plasmacytoid dendritic cell

This cell type is identified as a plasmacytoid dendritic cell (pDC). It highly expresses key pDC marker genes, including *PLD4*, *MZB1*, *JCHAIN*, *ITM2C*, and *SPINK2*, along with the master transcription factors *IRF7* and *IRF8*, which are essential for pDC development and type I interferon production. The profile also includes *GZMB*, *SOX4*, and *CXCR4*, which are characteristic of this lineage."
125810,AGCTTGACAAGCTGGA_F02526,hematopoietic stem cell,"plasma cell
The cell type is a plasma cell, characterized by the high expression of immunoglobulin genes (such as IGHG1, IGHG2, IGHG3, IGHA1, and IGKC) and JCHAIN, which is essential for the assembly of dimeric IgA and pentameric IgM. Other highly specific markers include MZB1, DERL3, TNFRSF17 (BCMA), and PRDM1 (BLIMP1), which are key regulators and structural components of antibody-secreting plasma cells."
100542,CCTTCGACAGAAGCAC-1-HCATisStab7747198,hematopoietic stem cell,"hematopoietic stem cell
This cell profile is characteristic of hematopoietic stem cells (HSCs) or progenitors. It is defined by the expression of key stem/progenitor markers such as *SPINK2* (highly specific to early hematopoietic progenitors), *MLLT3* (essential for HSC self-renewal), *GATA2* (a master transcriptional regulator of hematopoiesis), *CYTL1*, and *PRSS57*. The presence of proliferation and homing markers like *CDK6*, *CXCR4*, and *SELL* further supports this progenitor phenotype."
332572,CTACACCAGGTAGCCA-1-HCATisStab7587211,hematopoietic stem cell,"hematopoietic stem cell
This cell type is identified as a hematopoietic stem cell (or progenitor) based on the high expression of progenitor-associated markers such as *SPINK2*, *HEMGN*, *GATA2*, *SOX4*, and *DPPA4*. It also expresses early myeloid/progenitor-related genes like *PRSS57* and homing/activation factors (*CXCR4*, *CXCL8*, *CD69*), while lacking mature lineage-specific markers (such as *TPSAB1* for mast cells or *CD14* for monocytes)."
89801,TGACTAGTCAAACGGG_HD66,hematopoietic stem cell,"hematopoietic stem cell
This cell type is identified as a hematopoietic stem cell. It highly expresses key progenitor and lineage-specific stem cell markers, including *SPINK2*, *PRSS57*, *SOX4*, *GATA1*, *KLF1*, *RHEX*, and *NFE2*. The presence of immunoglobulin genes (such as *JCHAIN*, *IGHG2*, and *MZB1*) is a well-documented artifact resulting from ambient RNA contamination from highly abundant plasma cells in the lung parenchyma during single-cell preparation."
207823,GCTGCAGAGCGAAGGG_F02524,hematopoietic stem cell,"plasma cell
The cell profile is dominated by plasma cell-specific marker genes, including JCHAIN, MZB1, DERL3, SEC11C, FKBP11, TXNDC5, TNFRSF17, and FCRL5, alongside a diverse array of immunoglobulin heavy and light chain genes (such as IGHA1, IGHG1, IGHG2, IGLC2, and IGKC). These genes are highly characteristic of antibody-secreting plasma cells. Other detected genes, such as GRP and PRTN3, likely represent ambient RNA contamination from highly expressing neuroendocrine cells and neutrophils in the lung parenchyma."
182834,AGATTGCCATACGCCG_SC24,hematopoietic stem cell,"plasma cell
This cell type is identified as a plasma cell. The expression profile is dominated by immunoglobulin genes (such as IGLC3, IGHG1, IGHG2, and IGKC) along with JCHAIN, which is essential for the assembly of IgM and IgA. Additionally, key plasma cell markers like MZB1, TNFRSF17 (BCMA), FKBP11, and POU2AF1 are highly enriched, reflecting a specialized antibody-secreting cell type."
299715,GCTGGGTTCTTGCAAG-1-HCATisStab7587211,hematopoietic stem cell,"hematopoietic stem cell
This cell type is identified as a hematopoietic stem cell (HSC) or progenitor cell. It highly expresses SPINK2, a specific marker for early hematopoietic progenitors, alongside PRSS57, CYTL1, and SOX4. The profile also features key hematopoietic transcription factors GATA2 and GATA1, as well as progenitor-associated genes like IGLL1, RHEX, and CDK6, which are characteristic of the resident hematopoietic stem and progenitor cell pool in the lung."
98913,TGCGCAGAGATGAGAG-1-HCATisStab7587211,hematopoietic stem cell,"hematopoietic stem cell
This cell population is identified as hematopoietic stem cells (HSCs) or progenitors, characterized by the highly specific expression of progenitor markers such as *SPINK2*, *HEMGN*, *BAALC*, *RHEX*, and *SOX4*. The presence of *IGLL1* (pre-B progenitor marker), *PRSS57* (myeloid progenitor marker), and cell cycle/proliferation regulators like *CDK6* and *MYC* further confirms an undifferentiated, multipotent hematopoietic progenitor state within the lung tissue."
87981,AAGCCGCCAGCGTTCG-1-HCATisStab7587211,hematopoietic stem cell,"hematopoietic stem cell
This cell population is identified as hematopoietic stem cells (HSCs) based on the highly specific expression of key stem and progenitor cell markers, including SPINK2, HEMGN, MLLT3, RHEX, and GATA2. Additionally, the presence of early lineage and proliferation markers such as SOX4, CDK6, and IGLL1 further supports their identity as hematopoietic stem and progenitor cells residing within the lung parenchyma."
278088,TCAGGATCAGCTCCGA_SC10,hematopoietic stem cell,"plasma cell
The profile is dominated by immunoglobulin genes (such as IGLC2, IGLC3, IGHG1, and JCHAIN) and plasma cell-specific markers including MZB1, CD38, TNFRSF17 (BCMA), and FKBP11. The presence of XBP1 and SEC11C further reflects the highly active endoplasmic reticulum machinery required for high-rate antibody secretion, which is characteristic of plasma cells."
253398,ACTGCTCAGTTAGCGG-1-HCATisStab7587211,hematopoietic stem cell,"hematopoietic stem cell
This cell type is identified as a hematopoietic stem cell (HSC) based on the highly specific expression of key progenitor and stem cell markers, including *SPINK2* (a major marker of hematopoietic progenitors), *MLLT3* (essential for HSC self-renewal), *PRSS57*, *CYTL1*, and *SOX4*. Additionally, the expression of *CXCR4* (critical for HSC homing and niche retention) and *SELL* further supports this identity within the lung parenchyma, where resident or circulating hematopoietic progenitors can be detected."
221924,TTTATGCCAGCGTTCG-1-HCATisStab7587205,hematopoietic stem cell,"hematopoietic stem cell

The expression profile is highly characteristic of hematopoietic stem cells (HSCs) or progenitors. It features master hematopoietic transcription factors (GATA2, GATA1, KLF1, SOX4) and markers of early lineage priming, including erythroid (GYPC, CA1), mast/basophil (CPA3, FCER1A, PRSS57), and lymphoid (IGLL1) lineages. Additionally, the presence of active cell cycle and proliferation markers (PCLAF, STMN1, TYMS, HMGB2) reflects the proliferative and self-renewing state of hematopoietic stem and progenitor cells."
62236,CTCGTACAGAGCTTCT-1-HCATisStab7747197,hematopoietic stem cell,"hematopoietic stem cell
This cell profile is characterized by the expression of key hematopoietic progenitor and lineage-priming transcription factors, including *GATA2*, *GATA1*, *KLF1*, and *BCL11A*, alongside early progenitor markers like *PRSS57*, *DPPA4*, and *IGLL1*. The high expression of proliferation-associated genes (*PCLAF*, *STMN1*, *TYMS*, *HMGB2*, and *CKS2*) further indicates an active, self-renewing, or proliferating population of hematopoietic stem and progenitor cells (HSCs) within the lung parenchyma."
176537,AGCAGCCGTCCGAAGA-1-HCATisStab7587205,hematopoietic stem cell,"Hematopoietic stem cell

This cell profile is characterized by the expression of key hematopoietic stem and progenitor cell (HSPC) markers, including **SPINK2** (a regulator of HSC maintenance), **GATA2** (essential for HSC self-renewal), **MLLT3** (a critical regulator of HSC identity), and **PRSS57**. Additionally, the presence of **SOX4**, **CXCR4**, and **SELL** (L-selectin) supports their progenitor status and homing capacity."
5913,CACACTCGTTCGTCTC_F01851,ionocyte,"pulmonary neuroendocrine cell

This cell type is identified as a **pulmonary neuroendocrine cell (PNEC)**. The expression profile is highly specific, dominated by classic neuroendocrine markers such as *GRP* (gastrin-releasing peptide), *CHGA* (chromogranin A), *CALCA* (calcitonin related polypeptide alpha), and the key transcription factor *ASCL1*. It also expresses several secretogranins (*SCG2*, *SCG3*, *SCG5*, *SCGN*) and vesicle-acidifying vacuolar ATPase subunits (*ATP6V1B1*, *ATP6V1G3*, etc.) necessary for neuroepithelial endocrine vesicle transport and secretion."
325651,TTAACTCTCCGAAGAG_HD101,ionocyte,"ionocyte
This cell type is identified as a pulmonary ionocyte, characterized by the expression of the master transcription factors FOXI1 and ASCL3. It also highly expresses vacuolar ATPase subunits (ATP6V1G3, ATP6V1C2, ATP6V1B1, ATP6V0C) and ion transport-related genes (CLCNKB, BSND, SCNN1B, FXYD2), which are key functional markers involved in regulating airway pH and fluid homeostasis."
74927,GAGTCCGTCTGTCAAG_F01508,ionocyte,"pulmonary neuroendocrine cell

This cell type is identified as a pulmonary neuroendocrine cell (PNEC) based on the highly specific expression of classic neuroendocrine markers, including *GRP* (gastrin-releasing peptide), *CHGA* (chromogranin A), *CALCA* (calcitonin), and the transcription factor *ASCL1*. Additionally, it expresses neuroendocrine secretory pathway genes such as *SCG5*, *SCG3*, *SCGN*, and *CPE*."
323204,CGTTGGGGTACTCGCG_F02617,ionocyte,"pulmonary neuroendocrine cell

This cell type is identified as a pulmonary neuroendocrine cell (PNEC). It is characterized by the exceptionally high specificity of *GRP* (Gastrin Releasing Peptide), *CALCA* (Calcitonin Related Polypeptide Alpha), and *CHGA* (Chromogranin A), which are classic marker genes for PNECs in the lung. Additionally, other neuroendocrine-specific markers such as *SCG5*, *SCG2*, *SCG3*, *CHGB*, and *PCSK1N* are highly enriched, confirming its neuroendocrine secretory phenotype."
54242,CCACCTACACCGTTGG_F02607,ionocyte,"pulmonary alveolar type 2 cell

This cell type is identified as a pulmonary alveolar type 2 (AT2) cell. It is characterized by the high expression of surfactant-associated proteins and genes critical for surfactant production and homeostasis, such as *SFTPB*, *SFTA2*, and *SLC34A2* (a phosphate transporter highly expressed in AT2 cells). Additionally, the presence of *SCGB3A2*, *CLU*, and *IGFBP2* is consistent with the secretory and regenerative profile of alveolar type 2 epithelial cells in the lung parenchyma."
190415,P3_6_AGCTTGATCTGAAAGA,ionocyte,"pulmonary neuroendocrine cell
This cell type is identified as a pulmonary neuroendocrine cell (PNEC) due to the highly specific expression of classic neuroendocrine markers, including *GRP* (Gastrin Releasing Peptide), *CALCA* (Calcitonin Related Polypeptide Alpha), *CHGA* (Chromogranin A), *CHGB* (Chromogranin B), and secretogranins (*SCG2*, *SCG5*)."
103781,ACGGGCTCACACATGT_F02611,ionocyte,"ionocyte
This cell type is identified as an **ionocyte**. It is characterized by the expression of the master transcription factor *FOXI1* and *ASCL3*, along with multiple vacuolar ATPase subunits (*ATP6V1G3*, *ATP6V0C*, *ATP6V1C2*, *ATP6V0B*, *ATP6V1B1*) and ion channels (*CLCNKB*, *BSND*) essential for pH and ion regulation in the airway. The presence of neuroendocrine markers like *GRP* and *CALCA* suggests a closely related developmental lineage or co-clustering of these rare pulmonary epithelial cell types."
181582,TCAGGATAGAGCTGGT-SC155,ionocyte,"ionocyte
This cell type is identified as an ionocyte. It is characterized by the expression of the master transcription factor *FOXI1* and *ASCL3*, alongside key ion-transport genes such as *BSND*, *CLCNKB*, *CLCNKA*, and *ATP6V1G3* (encoding vacuolar ATPase subunits and chloride channels). The profile also contains epithelial and basal-like markers (*EPCAM*, *KRT5*, *KRT17*, *S100A2*), which are typical of pulmonary ionocytes."
232875,ATCACGATCGGAATCT-SC45,ionocyte,"pulmonary neuroendocrine cell
This cell type is identified as a pulmonary neuroendocrine cell (PNEC) due to the highly specific expression of classic neuroendocrine markers, including GRP (Gastrin Releasing Peptide), CALCA (Calcitonin Related Polypeptide Alpha), CHGA (Chromogranin A), SCG5, and SCG2, alongside epithelial keratins (KRT17, KRT15, KRT8)."
267687,CCGTACTTCAGAGCTT_HD67,ionocyte,"ionocyte
This cell type is identified as an **ionocyte**. It is characterized by the highly specific expression of the master transcription factor *FOXI1* and *ASCL3*, along with ion-transport-related genes such as *CLCNKB*, *BSND*, and multiple subunits of the vacuolar ATPase proton pump (*ATP6V1G3*, *ATP6V1B1*, *ATP6V0C*, *ATP6V1C2*, *ATP6V0B*). These genes are definitive markers for pulmonary ionocytes, which play a crucial role in regulating pH and ion transport in the respiratory epithelium."
87822,TCAATCTAGCTGAACG_F02617,ionocyte,"ionocyte
This cell type is identified as an ionocyte. It is characterized by the highly specific expression of the master transcription factor *FOXI1* and *ASCL3*, along with multiple subunits of the vacuolar ATPase proton pump (*ATP6V1G3*, *ATP6V1B1*, *ATP6V0C*) and chloride channel-related genes (*BSND*, *CLCNKB*), which are essential for ion transport and pH regulation in the airway epithelium."
257477,GCAAACTCATCCCATC_F02617,ionocyte,"ionocyte
This cell type is identified as an ionocyte. Pulmonary ionocytes are rare, specialized epithelial cells in the respiratory tract characterized by the high expression of vacuolar proton ATPase subunits (such as ATP6V1G3, ATP6V1C2, and ATP6V0C) and chloride channels (such as CLCNKB and BSND), which are essential for regulating pH and ion transport. ASCL3 is a well-established transcription factor and marker for ionocytes and their progenitors in the airway epithelium."
119216,TCAGGATCATGGTCAT_HD67,ionocyte,"pulmonary neuroendocrine cell
The expression profile is highly specific for pulmonary neuroendocrine cells (PNECs), characterized by the prominent expression of classic neuroendocrine markers and neuropeptides. Key markers include *GRP* (gastrin-releasing peptide), *CALCA* (calcitonin-related polypeptide alpha), *CHGA* and *CHGB* (chromogranins A and B), and secretogranins (*SCG3*, *SCG5*, *SCGN*), which are essential for the secretory and sensory functions of these specialized airway epithelial cells."
51483,CACAGGCAGTGGTAGC_F02607,ionocyte,"ionocyte
This cell type is an ionocyte. It is characterized by the highly specific expression of the master transcription factor FOXI1 and ASCL3. Additionally, it expresses key ion transport genes, including vacuolar ATPase subunits (ATP6V1B1, ATP6V1C2, ATP6V1G3, ATP6V0C), chloride channel components (CLCNKB, BSND), and sodium channel subunits (SCNN1B, SCNN1G), which are essential for regulating pH and hydration in the respiratory epithelium."
96646,GCAAACTGTGTGTGCC_F02528,ionocyte,"multiciliated epithelial cell

The provided gene expression profile is highly enriched for genes essential for ciliary structure and function. Key markers include axonemal dyneins (*DNAH12*, *DNAH5*), cilia and flagella-associated proteins (*CFAP157*, *CFAP144*, *CFAP43*, *CFAP276*, *CFAP251*, *CFAP96*), dynein assembly factors (*DNAAF1*, *DNAAF3*), and other cilia-specific markers such as *SNTN* (sentrin, localized to the ciliary tip), *CAPS*, *TMEM190*, *CDHR3*, and *TPPP3*. This specific expression of the ciliogenesis machinery uniquely identifies these cells as multiciliated epithelial cells."
5118,GACAGAGCAGATTGCT_F02611,ionocyte,"Pulmonary artery endothelial cell
This cell type is identified as a pulmonary artery endothelial cell based on the high expression of pan-endothelial markers (such as *CLDN5*, *PECAM1*, *VWF*, and *RAMP2*) alongside highly specific arterial endothelial markers, including *GJA5* (Connexin 40), *GJA4* (Connexin 37), *HEY1*, and *EDN1*."
298547,CAAGATCGTCGAAAGC_F02607,ionocyte,"ionocyte
This cell type is identified as an ionocyte. It is characterized by the highly specific expression of the master transcription factor FOXI1 and ASCL3, alongside multiple subunits of the vacuolar ATPase proton pump (such as ATP6V1G3, ATP6V1B1, ATP6V0C, and ATP6V1C2). The presence of ion transport-related genes like CLCNKB, BSND, and SCNN1B further confirms its identity as a pulmonary ionocyte, which plays a critical role in pH and fluid regulation in the airway epithelium."
121997,CACCTTGCACAACTGT_F02524,ionocyte,"capillary endothelial cell
This cell type is identified as a capillary endothelial cell. It highly expresses pan-endothelial markers such as *VWF*, *PECAM1* (CD31), *CLDN5*, and *CAV1*, alongside key capillary-specific markers including *FCN3* (highly specific to lung general capillary/gCap cells), *RAMP2*, *RAMP3*, *CALCRL*, and *TMEM100*."
72837,TTGACTTAGTACGTTC_F02617,ionocyte,"ionocyte
This cell type is identified as an ionocyte. It is characterized by the highly specific expression of the master transcription factor FOXI1 and ASCL3, along with multiple subunits of the vacuolar ATPase proton pump (ATP6V1G3, ATP6V1B1, ATP6V1C2, ATP6V0C, ATP6V0A4) and ion transport-related genes such as CLCNKB and BSND, which are classic hallmark markers of pulmonary ionocytes."
219762,CAACTAGTCGAATCCA-SC156,ionocyte,"pulmonary neuroendocrine cell
This cell type is identified as a pulmonary neuroendocrine cell (PNEC) based on the highly specific expression of classic neuroendocrine markers, including *GRP* (gastrin-releasing peptide), *CALCA* (calcitonin), *CHGA* (chromogranin A), and secretogranins (*SCG5*, *SCG2*). Additionally, the presence of the key transcription factor *ASCL1* further confirms the neuroendocrine lineage of these cells within the lung parenchyma."
94123,AACTCTTGTTCCACGG-SC59,lung macrophage,"lung macrophage
This cell profile represents a lung macrophage (specifically resembling interstitial macrophages). It is characterized by the high expression of pan-macrophage and antigen-presentation markers such as *LYZ*, *TYROBP*, *FCER1G*, *CD74*, and *HLA-DRA*, alongside tissue-resident macrophage genes like *C1QA*, *C1QB*, *C1QC*, *APOE*, *CD163*, and *MRC1* (CD206). The absence of alveolar-specific macrophage markers (such as *FABP4* and *MARCO*) distinguishes these cells from alveolar macrophages, aligning them with the broader ""lung macrophage"" category."
226035,AGCGGTCAGTGGGCTA_F02092,lung macrophage,"lung macrophage
This cell profile is characteristic of a lung macrophage (specifically an interstitial macrophage), as evidenced by the high expression of *CD163*, *VCAN*, *MRC1* (CD206), *LYVE1*, and complement genes (*C1QA*, *C1QB*, *C1QC*), along with *CD14* and *CSF1R*. This distinct marker profile differentiates them from alveolar macrophages, which typically express *FABP4* and *MARCO* (both absent here)."
147236,GTGCACGAGTCCTGCG_SC142,lung macrophage,"elicited macrophage
This cell type is identified as an elicited macrophage. It exhibits a highly activated, inflammatory, and tissue-remodeling phenotype characteristic of macrophages recruited or activated in the lung parenchyma. This is evidenced by the strong expression of *AREG* (amphiregulin) and *EREG* (epiregulin), which are involved in wound healing, alongside pro-inflammatory cytokines and chemokines (*IL1B*, *CXCL8*, *OSM*, *CCL17*), and classical macrophage/myeloid markers (*LYZ*, *F13A1*, *MRC1*/*CD206*, *CD14*, and *CD163*)."
257535,GAACTGTAGGTATAGT_SC142,lung macrophage,"lung macrophage
This cell profile is characteristic of lung macrophages (specifically interstitial macrophages). It is defined by the high expression of pan-macrophage and interstitial-specific markers such as MRC1 (CD206), CD163, LYVE1, F13A1, and complement factors (C1QA, C1QB, C1QC), along with antigen-presentation molecules (HLA-DRA, HLA-DRB1). The absence of typical alveolar macrophage markers like FABP4 and MARCO further distinguishes this population as lung (interstitial) macrophages."
79092,GCAGCCAAGTGCGATG_HD66,lung macrophage,"lung macrophage
This cell profile is characterized by high expression of complement genes (*C1QA*, *C1QB*, *C1QC*), *F13A1*, *SELENOP*, *FOLR2*, and macrophage markers like *CD163*, *MRC1* (CD206), and *CD68*, along with MHC class II molecules (*HLA-DRA*, *CD74*). This signature is highly specific for interstitial lung macrophages, distinguishing them from alveolar macrophages, which typically express *FABP4* and *MARCO* (both absent here)."
77100,GCATGTACATGCGCAC_HD67,lung macrophage,"lung macrophage
This cell profile is characteristic of lung macrophages (specifically interstitial macrophages). It is defined by the high expression of complement genes (*C1QC*, *C1QA*, *C1QB*), antigen presentation molecules (*CD74*, *HLA-DRA*, *HLA-DPB1*), and macrophage-specific markers such as *CD14*, *CD163*, *MRC1* (CD206), and *CD68*. The absence of alveolar macrophage-specific markers like *FABP4* and *MARCO* further distinguishes these as interstitial lung macrophages."
7854,GAGGGTACACGCGGTT_SC144,lung macrophage,"Alveolar macrophage
This cell type is identified as an alveolar macrophage based on the high expression of myeloid and macrophage-specific markers such as *MRC1* (CD206), *LYZ*, *AIF1*, *TYROBP*, and *C1QB*, alongside antigen-presentation genes (*HLA-DRA*). The prominent expression of *AREG* (amphiregulin), *IL1B*, and chemokines (*CXCL8*, *CCL3*, *CXCL2*) reflects the characteristic activation, tissue-repair, and inflammatory profiling of alveolar macrophages in the lung parenchyma."
303360,AACGTTGCATCGACGC-1-HCATisStab7587208,lung macrophage,"classical monocyte
This cell type is identified as a classical monocyte based on the high expression of canonical markers such as *CD14*, *FCN1*, *S100A8*, *S100A9*, and *LYZ*. It also expresses key myeloid and antigen-presentation genes, including *TYROBP*, *AIF1* (IBA1), *CD74*, and various MHC class II molecules (*HLA-DRA*, *HLA-DRB1*). The absence of mature macrophage markers (like *FABP4* or *MARCO*) further distinguishes these as circulating or newly recruited classical monocytes in the lung parenchyma."
217929,GCCGATGAGCGCTGAA_SC142,lung macrophage,"lung macrophage  
This cell type is identified as a lung macrophage (specifically an interstitial macrophage). The profile is characterized by high expression of classic macrophage markers such as *MRC1* (CD206), *CD163*, *VSIG4*, and *CD14*, alongside complement genes (*C1QA*, *C1QB*) and antigen-presenting MHC class II molecules (*HLA-DRA*, *HLA-DPA1*). The high specificity of *CCL17*, *F13A1*, and *CD163*, coupled with the absence of alveolar macrophage-specific markers like *FABP4* and *MARCO*, distinguishes these as interstitial lung macrophages."
44504,ATGGGAGTCCAAACCA_SC144,lung macrophage,"elicited macrophage
This cell type is characterized by high expression of inflammatory and tissue-repair cytokines/growth factors (CCL17, AREG, IL1B, EREG, CXCL8), macrophage markers (MRC1, F13A1), and MHC class II molecules (HLA-DRA, HLA-DPB1). This profile is highly specific to elicited (monocyte-derived) macrophages in the lung parenchyma, which are recruited during inflammation and play key roles in antigen presentation, tissue remodeling, and wound healing."
286193,CCACAAATCTTCCACG_SC142,lung macrophage,"CD1c-positive myeloid dendritic cell
This cell type is identified as a CD1c-positive myeloid dendritic cell (cDC2) based on the highly specific expression of *CCL17* and *CLEC10A* (classic markers for human cDC2s), alongside strong expression of MHC class II molecules (*HLA-DRA*, *HLA-DPA1*, *HLA-DRB1*, *HLA-DPB1*, *HLA-DQB1*, and *CD74*) required for antigen presentation. The presence of myeloid markers like *FCER1G*, *CSF1R* ligands, and *CD14* further supports this myeloid dendritic cell lineage."
9916,TCATTACCAAAGAATC_HD67,lung macrophage,"lung macrophage
This cell profile is characteristic of lung macrophages (specifically interstitial macrophages). It is defined by the high expression of pan-macrophage and antigen-presentation markers (*CD68*, *CD14*, *CD163*, *CD74*, *HLA-DRA*), complement components (*C1QA*, *C1QB*, *C1QC*), and specific interstitial macrophage markers (*LYVE1*, *CCL24*, *VSIG4*, *FN1*), while lacking classic alveolar macrophage markers such as *FABP4* and *MARCO*."
62185,GAGATGGCAGCTGTAT_SC144,lung macrophage,"CD1c-positive myeloid dendritic cell

This cell type is identified by the exceptionally high and specific expression of *CCL17* (a chemokine highly characteristic of conventional dendritic cells, specifically cDC2/CD1c+ DCs, used to recruit T cells) and *AREG*. It also exhibits strong expression of MHC class II molecules (*HLA-DRA*, *HLA-DPA1*, *HLA-DPB1*, *HLA-DQA2*, *HLA-DQB1*, *HLA-DRB1*) and *CD74*, which are essential for antigen presentation, alongside other myeloid/dendritic markers like *GPR183*, *F13A1*, and *FCER1G*."
268478,CACACAAAGGCTGGAT_SC142,lung macrophage,"CD1c-positive myeloid dendritic cell
This cell type is identified by the highly specific expression of *CCL17*, *CD1C*, *CD1E*, and *CLEC10A*, which are hallmark markers for CD1c+ conventional dendritic cells (cDC2). The profile also shows extremely high expression of MHC class II molecules (such as *HLA-DRA*, *HLA-DPA1*, *HLA-DRB1*, and *CD74*), reflecting their specialized role in antigen presentation. Other supporting myeloid and dendritic cell markers include *CST3*, *FCER1G*, and *AIF1*."
303733,CAGGTGCGTTGTGGAG_F01641,lung macrophage,"lung macrophage
This cell type is identified as a lung macrophage (specifically representing interstitial macrophages of the lung). It is characterized by the high expression of complement genes (*C1QA*, *C1QB*, *C1QC*), antigen presentation molecules (*CD74*, *HLA-DRA*, *HLA-DRB1*), and macrophage-specific markers (*CD163*, *MRC1*/*CD206*, *LYZ*), while lacking classic alveolar macrophage markers such as *FABP4* and *MARCO*."
283411,CACAGTAAGTACTTGC_HD68,lung macrophage,"lung macrophage
This cell type is identified as a lung macrophage (specifically an interstitial macrophage). It is characterized by the high expression of complement genes (*C1QA*, *C1QB*, *C1QC*), *FOLR2*, *CD163*, *MRC1* (CD206), and antigen-presenting MHC class II molecules (*HLA-DRA*, *HLA-DRB1*). This profile distinguishes it from alveolar macrophages, which typically express *FABP4* and *MARCO*."
4681,GGATGTTGTTTGTTGG-SC59,lung macrophage,"lung macrophage
This cell profile represents a lung macrophage (specifically an interstitial macrophage). It is characterized by the high expression of complement genes (*C1QA*, *C1QB*, *C1QC*), antigen presentation molecules (*HLA-DRA*, *CD74*), and classic interstitial macrophage markers such as *F13A1*, *FOLR2*, *CD163*, *MRC1* (CD206), and *STAB1*, distinguishing it from alveolar macrophages which typically express *FABP4* and *MARCO*."
1994,P3_7_AACCATGCAGTACACT,lung macrophage,"lung macrophage
This cell profile is characteristic of lung macrophages (specifically interstitial macrophages). It is defined by the high expression of MHC class II molecules (*HLA-DRA*, *HLA-DQA1*, *CD74*), complement components (*C1QA*, *C1QB*, *C1QC*), and lineage-specific markers such as *FOLR2*, *SELENOP*, *CD14*, *CSF1R*, and *MRC1* (CD206). The absence of typical alveolar macrophage markers (such as *FABP4* and *MARCO*) further distinguishes these as tissue-resident interstitial lung macrophages."
298084,CGACCTTTCGTTGCCT_F01641,lung macrophage,"lung macrophage

This cell profile is characteristic of interstitial macrophages (classified here as **lung macrophages**). It is defined by the high expression of *PLTP*, *F13A1*, *LYVE1*, *FOLR2*, *CD163*, and complement genes (*C1QA*, *C1QB*, *C1QC*). This distinct expression signature distinguishes them from alveolar macrophages, which typically express high levels of *FABP4* and *MARCO* and lack *LYVE1* and *FOLR2*."
26735,ATTATCCGTCCTAGCG_F02992,lung macrophage,"lung macrophage
This cell profile is characterized by high expression of myeloid and macrophage-specific markers, including *LYZ*, *TYROBP*, *CD68*, *AIF1*, and *CD14*, alongside antigen-presentation genes (*CD74*, *HLA-DRA*). The presence of *MRC1* (CD206), *CD163*, *C1QA*, and *C1QC* confirms a macrophage identity. The concurrent expression of *CD14*, *FCN1*, and *VCAN*, combined with the absence of alveolar-specific markers like *FABP4*, identifies these cells as lung macrophages (such as interstitial macrophages) rather than alveolar macrophages."
142227,P3_5_TACCTTACAAAGGAAG,lung pericyte,"lung pericyte
This cell type is identified as a lung pericyte based on the highly specific expression of classic pericyte markers, including *HIGD1B*, *COX4I2*, *NDUFA4L2*, *PDGFRB*, and *RGS5*. Additionally, the expression of contractile genes like *ACTA2*, *MYL9*, and *TPM2*, along with extracellular matrix genes (*BGN*, *DCN*, *COL1A2*), is characteristic of pulmonary mural cells, specifically pericytes."
272685,P3_5_CGATCGGTCTAAGCCA,lung pericyte,"lung pericyte
This cell type is identified as a lung pericyte based on the highly specific expression of classic pericyte and mural cell markers, including *NDUFA4L2*, *COX4I2*, *HIGD1B*, *RGS5*, *PDGFRB*, and *NOTCH3*. The profile also includes contractile and extracellular matrix-associated genes such as *CALD1*, *TPM2*, *ACTA2*, and *BGN*, which are characteristic of perivascular supporting cells in the lung parenchyma."
173308,GTGACGCAGGTCGCCT_SC86,lung pericyte,"lung pericyte
This cell type is identified as a lung pericyte based on the highly specific expression of classic pericyte markers, including *PDGFRB*, *COX4I2*, *HIGD1B*, *MCAM* (CD146), *CSPG4* (NG2), and *NOTCH3*. While they share some contractile and structural genes with smooth muscle cells (such as *CALD1*, *MYH11*, and *TAGLN*), the enrichment of *COX4I2* and *HIGD1B* is highly characteristic of pericytes in the lung microvasculature."
34600,AGGTTACTCGTCTAAG_SC86,lung pericyte,"lung pericyte
This cell type is identified as a lung pericyte based on the high expression of classic pericyte markers, including *PDGFRB*, *MCAM* (CD146), *NOTCH3*, *HIGD1B*, *COX4I2*, and *NDUFA4L2*. It also expresses contractile and structural genes such as *ACTA2*, *TAGLN*, *TPM2*, and *COL4A1*/*COL4A2*, which are characteristic of mural cells. The specific enrichment of *HIGD1B* and *COX4I2* in the lung parenchyma strongly distinguishes pericytes from other vascular and smooth muscle cells."
45413,CTAGACAGTCTCAGAT_SC86,lung pericyte,"lung pericyte
This cell type is identified as a lung pericyte based on the highly specific expression of classic pericyte markers, including PDGFRB, COX4I2, HIGD1B, NDUFA4L2, CSPG4 (NG2), MCAM (CD146), and NOTCH3. The profile also contains basement membrane components (COL4A1, COL4A2) and contractile genes (ACTA2, TAGLN, MYL9) characteristic of perivascular mural cells, distinguishing them from fibroblasts and airway smooth muscle cells."
160266,GCCTCTAAGGAGTCTG_F02524,lung pericyte,"lung pericyte

This cell profile is highly characteristic of lung pericytes. It is defined by the strong and specific expression of *COX4I2*, *NDUFA4L2*, and *HIGD1B*, which are classic marker genes that distinguish pericytes from smooth muscle cells and fibroblasts in the lung. The expression of *PDGFRB*, *CD248*, and contractile genes like *CALD1* and *MYL9* further confirms their identity as perivascular mural cells."
204991,P2_1_ACGATGTAGACCTAGG,lung pericyte,"lung pericyte
This cell type is identified as a lung pericyte. It highly expresses classic pericyte and mural cell markers, including *PDGFRB*, *COX4I2*, *HIGD1B*, and *NDUFA4L2*. Additionally, it shows expression of contractile-associated genes (*CALD1*, *TPM2*, *MYL9*) and extracellular matrix components (*COL4A1*, *COL4A2*), which are characteristic of pericytes in the lung microvasculature."
176309,TTACAGGTCTAGACCA_SC86,lung pericyte,"lung pericyte
This cell type is identified as a lung pericyte based on the highly specific expression of classic pericyte markers, including *PDGFRB*, *CSPG4* (NG2), *NOTCH3*, and *CALD1*, alongside highly specific lung pericyte signature genes such as *COX4I2* and *HIGD1B*."
11145,P3_5_AGGCCACGTCTAGCGC,lung pericyte,"lung pericyte
This cell type is identified as a lung pericyte. It highly expresses specific pericyte markers such as *HIGD1B*, *COX4I2*, *PDGFRB*, *NDUFA4L2*, and *RGS5*. These cells are vascular mural cells that wrap around capillaries and microvessels, regulating blood flow and vessel stability, which is reflected in their expression of contractile and extracellular matrix genes like *CALD1*, *TPM2*, *MYL9*, and *COL4A1*."
61531,P2_5_GGGAGATAGCGGATCA,lung pericyte,"lung pericyte
This cell profile is characterized by the high expression of classic pericyte markers, including *PDGFRB*, *COX4I2*, *HIGD1B*, *NDUFA4L2*, and *CALD1*. These markers, along with contractile genes like *ACTA2* and *TAGLN*, and basement membrane components like *COL4A1*, specifically identify lung pericytes, which wrap around capillaries to regulate microvascular blood flow and vessel stability."
229505,CTCACACGTCACAAGG_F02611,lung pericyte,"endothelial cell of lymphatic vessel
This cell type is characterized by the highly specific expression of CCL21 and MMRN1, which are classic markers for lymphatic endothelial cells. It also expresses pan-endothelial markers such as CLDN5, EGFL7, ECSCR, and RAMP2, confirming its identity as a lymphatic endothelial cell."
143498,P2_5_CAGAATCTCTTTAGTC,lung pericyte,"lung pericyte
This cell type is identified as a lung pericyte. It highly expresses classic, specific pericyte markers such as *COX4I2*, *HIGD1B*, *PDGFRB*, and *NDUFA4L2*. Additionally, the expression of contractile genes like *CALD1*, *ACTA2*, and *TAGLN* reflects their mural, contractile nature, distinguishing them from other stromal cells like fibroblasts in the lung parenchyma."
38070,AAGTACCGTTGTCCCT_SC86,lung pericyte,"lung pericyte
This cell type is identified as a lung pericyte. It highly expresses classic pericyte markers such as *PDGFRB*, *CSPG4* (NG2), and *MCAM* (CD146). Crucially, it exhibits strong and specific expression of *COX4I2*, *HIGD1B*, and *NDUFA4L2*, which are highly specific signature genes that distinguish lung pericytes from vascular smooth muscle cells and fibroblasts. The presence of contractile genes (*ACTA2*, *TAGLN*, *TPM2*) and basement membrane components (*COL4A1*, *COL4A2*) further supports this perivascular identity."
228563,GTATTGGTCACTTGTT_SC86,lung pericyte,"lung pericyte
This cell profile is characteristic of lung pericytes, as evidenced by the high expression of classic pericyte markers such as *PDGFRB* and *CSPG4* (NG2), alongside *COX4I2*, which is highly specific for lung pericytes. Other supporting markers include *CALD1*, *KCNK3*, *CARMN*, and *GJC1*, which distinguish pericytes from other mesenchymal cells like fibroblasts and smooth muscle cells in the lung parenchyma."
140240,CAGCAGCTCCGCTGTT-SC156,lung pericyte,"lung pericyte

This cell profile is characteristic of **lung pericytes**. It features high expression of classic pericyte markers such as *PDGFRB* and *HIGD1B* (a highly specific marker distinguishing pericytes from smooth muscle cells). Additionally, it expresses key contractile and structural genes typical of mural cells, including *CALD1*, *ACTA2* (α-SMA), *TAGLN* (transgelin), *TPM2*, and *MYL9*, along with extracellular matrix and signaling genes like *SPARCL1*, *SCN7A*, and *LGI4*."
285471,TGCGGCAAGGAAGTAG_SC86,lung pericyte,"lung pericyte
This cell profile is characteristic of lung pericytes, defined by the co-expression of classic pericyte markers such as *PDGFRB*, *CSPG4* (NG2), *MCAM* (CD146), and *NOTCH3*. Crucially, it expresses *COX4I2*, a highly specific marker that distinguishes lung pericytes from other vascular and smooth muscle cells. The presence of contractile genes like *CALD1*, *MYH11*, and *SYNM* further supports this contractile mural cell identity."
279740,TCCATCGGTCGTATGT_SC86,lung pericyte,"lung pericyte
This cell type is identified as a lung pericyte based on the high expression of classic pericyte markers, including *PDGFRB*, *CSPG4* (NG2), *MCAM* (CD146), and *NOTCH3*. Additionally, it highly expresses *COX4I2*, *HIGD1B*, and *NDUFA4L2*, which are highly specific markers that distinguish pericytes from vascular smooth muscle cells and fibroblasts in the lung parenchyma."
282064,P2_5_TGCTGCTCAGACGTAG,lung pericyte,"lung pericyte
This cell profile is characteristic of lung pericytes, defined by the highly specific expression of markers such as *HIGD1B*, *COX4I2*, *NDUFA4L2*, and *PDGFRB*. While they share contractile and structural genes like *ACTA2*, *TAGLN*, *CALD1*, and *TPM2* with smooth muscle cells, the enrichment of *HIGD1B* and *COX4I2* uniquely distinguishes pericytes from vascular smooth muscle cells and fibroblasts in the lung parenchyma."
248574,GCTCTGTTCGTTACGA_F02522,lung pericyte,"lung pericyte
This cell type is identified as a lung pericyte based on the highly specific expression of key pericyte markers, including *HIGD1B*, *COX4I2*, *NDUFA4L2*, *RGS5*, and *PDGFRB*. Additionally, the expression of contractile and extracellular matrix-associated genes such as *CALD1*, *TPM2*, *MYL9*, and *SPARCL1* is characteristic of pulmonary mural cells, specifically distinguishing pericytes from smooth muscle cells and fibroblasts in the lung parenchyma."
26150,AGTGCCGCATTGTGCA_SC86,lung pericyte,"lung pericyte
This cell type is identified as a lung pericyte based on the high expression of classic pericyte markers, including *PDGFRB*, *CSPG4* (NG2), *MCAM* (CD146), and *NOTCH3*. The highly specific expression of *COX4I2*, *HIGD1B*, and *NDUFA4L2* further distinguishes pericytes from other vascular mural cells, such as smooth muscle cells, and from fibroblasts in the lung parenchyma."
210819,AGTAGTCAGCTACCTA-1-HCATisStab7747200,mast cell,"Mast cell
The cell profile is highly enriched for classic mast cell markers, including tryptases (*TPSAB1*, *TPSB2*), carboxypeptidase A3 (*CPA3*), the high-affinity IgE receptor subunits (*MS4A2*, *FCER1A*), *KIT* (CD117), and *GATA2*. These genes are highly specific to mast cells residing in the lung parenchyma."
123065,GTTACAGCATGTCTCC-1-HCATisStab7747198,mast cell,"mast cell
The cell type is a mast cell. This is indicated by the highly specific expression of classic mast cell marker genes, including tryptases (*TPSAB1*, *TPSB2*), carboxypeptidase A3 (*CPA3*), the high-affinity IgE receptor subunits (*FCER1A*, *MS4A2*), *KIT* (CD117), *GATA2*, and *HDC* (histidine decarboxylase), which are essential for mast cell identity, granule formation, and function."
196560,P2_7_CGAATGTTCACGAAGG,mast cell,"mast cell
This cell type is a mast cell, as evidenced by the highly specific expression of classic mast cell marker genes, including tryptases (*TPSB2*, *TPSAB1*), carboxypeptidase A3 (*CPA3*), the high-affinity IgE receptor subunits (*MS4A2*, *FCER1A*), *KIT* (CD117), and histidine decarboxylase (*HDC*)."
83218,P2_5_CAGGTGCAGGTGCAAC,mast cell,"mast cell
This cell type is a mast cell, as evidenced by the highly specific expression of classic mast cell marker genes including tryptases (*TPSB2*, *TPSAB1*), carboxypeptidase A3 (*CPA3*), the high-affinity IgE receptor subunit (*MS4A2*), histidine decarboxylase (*HDC*), *KIT* (CD117), and hematopoietic prostaglandin D synthase (*HPGDS*)."
326362,P1_3_CATCCACGTTTCCACC,mast cell,"mast cell
This cell type is identified as a mast cell. The expression profile is dominated by highly specific mast cell marker genes, including tryptases (*TPSAB1*, *TPSB2*), carboxypeptidase A3 (*CPA3*), the high-affinity IgE receptor subunits (*MS4A2*, *FCER1A*), histidine decarboxylase (*HDC*), and the receptor tyrosine kinase *KIT* (CD117). These proteins are essential for mast cell granule synthesis, activation, and inflammatory mediator release."
294480,CTTACCGAGAGTCTGG-1-HCATisStab7659969,mast cell,"mast cell
The cell type is a mast cell. The expression profile is highly enriched for classic mast cell-specific markers, including tryptases (*TPSAB1*, *TPSB2*), carboxypeptidase A3 (*CPA3*), chymase (*CMA1*), the high-affinity IgE receptor subunits (*MS4A2*, *FCER1A*), *KIT* (CD117), and histidine decarboxylase (*HDC*), which are essential for mast cell identity and function."
151674,AGTGTCACATGCCTAA-1-HCATisStab7747197,mast cell,"mast cell
This cell type is identified as a mast cell. It highly and specifically expresses classic mast cell marker genes, including the tryptases *TPSAB1* and *TPSB2*, carboxypeptidase A3 (*CPA3*), histidine decarboxylase (*HDC*), the high-affinity IgE receptor subunits *FCER1A* and *MS4A2*, and the receptor tyrosine kinase *KIT* (CD117), along with the lineage-determining transcription factor *GATA2*."
255331,P3_7_TTGCGTCCACAACTGT,mast cell,"mast cell
The cell type is a mast cell. The expression profile is highly specific, dominated by classic mast cell marker genes including tryptases (*TPSB2*, *TPSAB1*), carboxypeptidase A3 (*CPA3*), the high-affinity IgE receptor subunits (*MS4A2*, *FCER1A*), histidine decarboxylase (*HDC*), and *KIT* (CD117)."
136538,ATGCGATTCACGAAGG-1-HCATisStab7747197,mast cell,"mast cell
This cell type is a mast cell, as evidenced by the highly specific expression of classical mast cell marker genes. These include the tryptases *TPSAB1* and *TPSB2*, carboxypeptidase A3 (*CPA3*), the high-affinity IgE receptor subunits *FCER1A* and *MS4A2*, the receptor tyrosine kinase *KIT* (CD117), and prostaglandin D2 synthase (*HPGDS*)."
151797,TGAGCCGCAAAGTCAA-1-HCATisStab7747198,mast cell,"mast cell
This cell type is a mast cell. It is characterized by the highly specific expression of mast cell-specific proteases (TPSAB1, TPSB2, CPA3), the receptor tyrosine kinase KIT (CD117), the high-affinity IgE receptor subunits (MS4A2, FCER1A), and key enzymes involved in mediator synthesis such as HDC (histamine) and HPGDS (prostaglandin D2). The transcription factor GATA2 is also a well-known regulator of mast cell identity and function."
148408,GGGATGAAGGCCCTCA_F01403,mast cell,"mast cell
The cell type is a mast cell. This is indicated by the highly specific expression of classic mast cell marker genes, including tryptases (*TPSAB1*, *TPSB2*, *TPSD1*), carboxypeptidase A3 (*CPA3*), the high-affinity IgE receptor subunits (*MS4A2*, *FCER1A*), *KIT* (CD117), and *HPGDS* (hematopoietic prostaglandin D synthase)."
181681,P3_6_TTTGGTTTCTGGCGAC,mast cell,"mast cell
The cell type is a mast cell. The expression profile is dominated by highly specific mast cell markers, including tryptases (*TPSB2*, *TPSAB1*), carboxypeptidase A3 (*CPA3*), the high-affinity IgE receptor subunits (*MS4A2*, *FCER1A*), histidine decarboxylase (*HDC*), and *KIT* (CD117), which are characteristic of mast cell lineage and function."
260159,AGCGGTCGTCGCCATG_F01367,mast cell,"Mast cell
The cell type is a mast cell. The expression profile is dominated by highly specific mast cell marker genes, including tryptases (*TPSAB1*, *TPSD1*, *TPSB2*), carboxypeptidase A3 (*CPA3*), the high-affinity IgE receptor subunit beta (*MS4A2*), and *KIT* (CD117). Other characteristic markers present include *HPGDS* (prostaglandin D2 synthase) and *HDC* (histidine decarboxylase), which are essential for mast cell mediator synthesis."
62576,P1_2_CAAGATCGTTTAGCTG,mast cell,"mast cell
This cell type is a mast cell. It is characterized by the highly specific and abundant expression of mast cell-specific marker genes, including tryptases (*TPSAB1*, *TPSB2*), carboxypeptidase A3 (*CPA3*), the high-affinity IgE receptor subunits (*MS4A2*, *FCER1A*), histidine decarboxylase (*HDC*), and the receptor tyrosine kinase *KIT* (CD117)."
31343,CAGCTGGCAGTGACAG_SC07,mast cell,"mast cell
This cell type is a mast cell. It is characterized by the highly specific and abundant expression of mast cell-specific genes, including tryptases (*TPSB2*, *TPSAB1*, *TPSD1*), carboxypeptidase A3 (*CPA3*), the high-affinity IgE receptor subunits (*FCER1A*, *MS4A2*), and the receptor tyrosine kinase *KIT* (CD117). Other key lineage markers present include *GATA2*, *HDC* (histidine decarboxylase), and *HPGDS* (hematopoietic prostaglandin D synthase), which are essential for mast cell function and mediator synthesis."
191006,P2_5_AATCCAGGTAGGGTAC,mast cell,"mast cell
The cell type is a mast cell. The expression profile is dominated by highly specific mast cell marker genes, including tryptases (*TPSB2*, *TPSAB1*), carboxypeptidase A3 (*CPA3*), the high-affinity IgE receptor subunits (*MS4A2*, *FCER1A*), *KIT* (CD117), and histidine decarboxylase (*HDC*), which are characteristic of mast cell lineage and function in the lung."
124568,TGATTTCAGCCCTAAT-1-HCATisStab7747200,mast cell,"mast cell
The cell type is a mast cell. This is indicated by the highly specific expression of classic mast cell marker genes, including tryptases (*TPSAB1*, *TPSB2*), carboxypeptidase A3 (*CPA3*), the receptor tyrosine kinase *KIT* (CD117), histidine decarboxylase (*HDC*), the high-affinity IgE receptor subunit *MS4A2*, and the transcription factor *GATA2*."
292013,CAGTCCTTCTCCCTGA-1-HCATisStab7747199,mast cell,"mast cell
This cell type is identified as a mast cell due to the highly specific expression of classic mast cell marker genes, including tryptases (*TPSAB1*, *TPSB2*), carboxypeptidase A3 (*CPA3*), *KIT* (CD117), *MS4A2* (FcεRIβ), and histidine decarboxylase (*HDC*), along with the mast cell-associated transcription factor *GATA2*."
58635,AGTGGGATCTTGCATT-1-HCATisStab7747198,mast cell,"Mast cell
This cell type is identified as a mast cell. It highly expresses classic mast cell marker genes, including tryptases (*TPSAB1*, *TPSB2*, *TPSD1*), carboxypeptidase A3 (*CPA3*), the high-affinity IgE receptor subunits (*FCER1A*, *MS4A2*), *KIT* (CD117), and enzymes involved in histamine and prostaglandin synthesis (*HDC*, *HPGDS*, *LTC4S*)."
235944,GTTCGGGAGCCGGTAA-SC156,mast cell,"mast cell
The cell profile is characterized by the highly specific expression of mast cell-specific proteases (*TPSAB1*, *TPSB2*, *CPA3*), subunits of the high-affinity IgE receptor (*MS4A2*, *FCER1A*), and key lineage markers such as *KIT*, *HDC* (histidine decarboxylase), and *GATA2*. This expression signature is uniquely diagnostic of mast cells."
59199,P1_4_GATCGCGAGTTCGCGC,mesothelial cell,"Alveolar macrophage
Alveolar macrophages are characterized by the high expression of *FABP4* and *MARCO*, which are highly specific markers for this cell type in the lung. They also express high levels of complement genes (*C1QA*, *C1QB*, *C1QC*), *LYZ*, *CCL18*, and antigen-presentation molecules (*HLA-DRA*, *CD74*), distinguishing them from other myeloid populations like interstitial lung macrophages or monocytes."
38438,CGTCTACCAAGGCTCC_F02617,mesothelial cell,"mesothelial cell
This cell type is identified as a mesothelial cell. It highly expresses classic mesothelial markers such as *MSLN* (mesothelin), *UPK3B* (uroplakin 3B), *PRG4* (lubricin), and *CALB2* (calretinin). Additionally, the high expression of *HP* (haptoglobin), *PLA2G2A*, *ITLN1*, and various extracellular matrix and complement genes (*DCN*, *C3*, *CFB*) is characteristic of the pleural mesothelium in the lung."
154931,CTCTGGTGTGTAAGTA_F02617,mesothelial cell,"mesothelial cell
This cell type is identified as a mesothelial cell. It is characterized by the highly specific expression of classic mesothelial markers, including *UPK3B*, *CALB2* (calretinin), *ITLN1*, *PRG4*, and *PDPN* (podoplanin). The profile also shows a signature combination of epithelial genes (such as *KRT18* and *KRT19*) and stromal/extracellular matrix genes (such as *DCN*, *MGP*, and *COL1A2*), which is typical of the mesothelium lining the pleural cavity of the lung."
303732,TTAGGCAGTACTCTCC_F02617,mesothelial cell,"Mesothelial cell
This cell type is identified as a mesothelial cell. It highly expresses classic mesothelial markers such as *MSLN* (mesothelin), *CALB2* (calretinin), *UPK3B* (uroplakin 3B), and *PRG4* (lubricin). Additionally, the high expression of *HP* (haptoglobin), *ITLN1* (intelectin 1), and keratins (*KRT8*, *KRT18*, *KRT19*) is characteristic of the specialized epithelial-like mesothelium that lines the pleural cavity of the lung parenchyma."
58764,P1_2_TTTGGTTGTGAGGGTT,mesothelial cell,"mesothelial cell
This cell type is identified as a mesothelial cell. It highly expresses classic mesothelial markers such as *UPK3B*, *PRG4*, *ITLN1*, and *CALB2* (calretinin). Additionally, the co-expression of epithelial keratins (*KRT8*, *KRT18*, *KRT19*) and mesenchymal/extracellular matrix genes (*COL1A1*, *COL3A1*, *MGP*, *SPARC*) is characteristic of the dual epithelial-mesenchymal phenotype of mesothelial cells lining the pleural cavity of the lung."
210242,TCGTAGACACATCCAA_F02617,mesothelial cell,"mesothelial cell
This cell type is identified as a mesothelial cell. It highly expresses classic mesothelial markers such as *MSLN* (mesothelin), *UPK3B* (uroplakin 3B), *PRG4* (lubricin), *CALB2* (calretinin), and *ITLN1* (intelectin-1), along with *HP*, *PLA2G2A*, and *PDPN*. These cells line the pleural cavity of the lung parenchyma and exhibit a characteristic expression profile that combines epithelial (e.g., *KRT18*, *KRT19*) and mesenchymal/stromal (e.g., *DCN*, *FBLN1*) features."
98523,P1_4_CATGACATCGCATGGC,mesothelial cell,"mesothelial cell
This cell type is identified as a mesothelial cell. It highly expresses classic mesothelial lineage markers such as *WT1*, *UPK3B*, *CALB2* (calretinin), *PRG4*, and *ITLN1*. Mesothelial cells exhibit a characteristic hybrid phenotype, expressing both epithelial markers (such as *KRT8*, *KRT18*, and *KRT19*) and mesenchymal/extracellular matrix genes (including *COL1A1*, *COL3A1*, *DCN*, and *MGP*), along with complement factors (*C3*, *C1S*, *C1R*) and *PLA2G2A*."
160778,P1_4_CGATGGCAGATGCCTT,mesothelial cell,"mesothelial cell
This cell type is identified as a mesothelial cell. It highly expresses classic mesothelial markers such as *CALB2* (calretinin, a diagnostic clinical marker), *PRG4* (lubricin), and *ITLN1* (intelectin-1). The profile exhibits a characteristic dual epithelial-mesenchymal phenotype, showing co-expression of keratins (*KRT8*, *KRT18*) alongside extracellular matrix and fibroblast-associated genes (*COL1A1*, *COL3A1*, *DCN*, *MGP*). Other highly specific genes like *PLA2G2A*, *HP*, and *HAS1* further support this identification."
214960,AAAGATGCATGTAGTC_F01366,mesothelial cell,"mesothelial cell
This cell type is identified as a mesothelial cell. It highly expresses classic mesothelial markers such as *UPK3B* (uroplakin 3B) and *CALB2* (calretinin). Additionally, it expresses *PRG4* (lubricin), which is crucial for providing a lubricating surface in the pleural cavity, and *ITLN1* (intelectin-1). The high expression of complement pathway components (*C3*, *CFB*, *CFH*, *C1S*, *C1R*) and acute-phase reactants (*HP*, *SAA1*) is also highly characteristic of the protective and immunomodulatory phenotype of visceral pleural mesothelial cells."
331387,CTACGTCTCGATAGAA_F01365,mesothelial cell,"mesothelial cell
This cell type is identified as a mesothelial cell. It highly expresses classic mesothelial markers such as *MSLN* (mesothelin), *PRG4*, *UPK3B*, *CALB2*, and *ITLN1*. Additionally, it shows strong expression of complement pathway components (*C3*, *CFB*, *CFH*, *C1S*, *C1R*) and acute-phase/inflammatory proteins (*HP*, *CHI3L1*), which are characteristic of the pleural mesothelium lining the lung."
144956,CCACGGAAGCGAAGGG_F02617,mesothelial cell,"mesothelial cell
This cell type is identified as a mesothelial cell. It highly expresses classic mesothelial markers such as *MSLN* (mesothelin), *UPK3B* (uroplakin 3B), *PRG4* (lubricin), *ITLN1* (intelectin 1), and *CALB2* (calretinin). The profile also shows high expression of keratins (*KRT18*, *KRT19*), metallothioneins, and *HP* (haptoglobin), which are characteristic of the pleural mesothelium lining the lung."
50145,TCACAAGGTGATAAAC-1-HCATisStab7659970,mesothelial cell,"mesothelial cell
This cell type is characterized by the highly specific expression of mesothelial markers such as MSLN (mesothelin), UPK3B, PRG4, CALB2 (calretinin), and ITLN1. The co-expression of epithelial keratins (KRT8, KRT18, KRT19) and mesenchymal/extracellular matrix genes (COL1A2, COL3A1, SPARC) reflects the dual epithelial-mesenchymal phenotype characteristic of mesothelial cells lining the pleural cavity of the lung."
282993,P1_4_CATATGGAGTACACCT,mesothelial cell,"mesothelial cell
This cell type is identified as a mesothelial cell. It highly expresses classic mesothelial markers such as *PRG4* (lubricin), *CALB2* (calretinin), *ITLN1* (intelectin-1), *HP* (haptoglobin), and *PLA2G2A*. The co-expression of epithelial keratins (*KRT8*, *KRT18*) and extracellular matrix/stromal genes (*COL1A1*, *COL3A1*, *MGP*) is characteristic of the dual epithelial-mesenchymal phenotype of mesothelial cells lining the pleural cavity of the lung."
254863,CTCGGAGTCCACGTGG_F02617,mesothelial cell,"mesothelial cell
This cell type is identified as a mesothelial cell. It highly expresses classic mesothelial markers such as *ITLN1* (intelectin-1), *CALB2* (calretinin), and *UPK3B* (uroplakin-3B), which are highly specific for the mesothelium lining the pleural cavity of the lung. Other supporting markers include *HP* (haptoglobin), *RARRES1*, *DES* (desmin), and keratins (*KRT7*, *KRT18*, *KRT19*), which are characteristic of mesothelial cells."
64644,7239217_GTCGTAACATGCAATC,mesothelial cell,"mesothelial cell
This cell type is identified as a mesothelial cell. It highly expresses classic mesothelial markers such as *MSLN* (mesothelin), *UPK3B* (uroplakin 3B), *PRG4* (lubricin), *CALB2* (calretinin), and *ITLN1* (intelectin-1). Additionally, the expression of keratins (*KRT8*, *KRT18*, *KRT19*) and *PDPN* (podoplanin) further supports this identity, representing the specialized epithelial-like cells that line the pleural cavity of the lung."
102620,GGGTCTGTCTCCAACC_F02617,mesothelial cell,"mesothelial cell
This cell type is identified as a mesothelial cell. It is characterized by the highly specific expression of classic mesothelial markers, including *UPK3B* (uroplakin 3B), *PRG4* (proteoglycan 4/lubricin), *CALB2* (calretinin), *ITLN1* (intelectin 1), and *HP* (haptoglobin). Mesothelial cells line the pleural cavity of the lung and exhibit a hybrid epithelial-mesenchymal phenotype, as evidenced by the co-expression of keratins (*KRT18*, *KRT19*), *PDPN* (podoplanin), and extracellular matrix/complement genes (*C3*, *CFB*, *MGP*, *DCN*)."
206814,ACCGTAACAATTGCTG_F02617,mesothelial cell,"Mesothelial cell
This cell type is identified as a mesothelial cell. It highly expresses classic mesothelial lineage markers such as *MSLN* (mesothelin), *UPK3B* (uroplakin 3B), *PRG4* (lubricin), *CALB2* (calretinin), and *PDPN* (podoplanin). Additionally, the high expression of keratins (*KRT8*, *KRT18*, *KRT19*) combined with secretory and immunomodulatory factors like *HP*, *PLA2G2A*, *ITLN1*, and complement components (*CFB*, *C3*) is highly characteristic of the pleural mesothelium lining the lung parenchyma."
154547,7239217_GGCTCGATCCCTAATT,mesothelial cell,"mesothelial cell
This cell type is identified as a mesothelial cell, characterized by the highly specific expression of *MSLN* (mesothelin), *UPK3B* (uroplakin 3B), *PRG4* (lubricin), *CALB2* (calretinin), and *PDPN* (podoplanin). It also expresses keratins (*KRT8*, *KRT18*, *KRT19*), complement components (*C3*, *CFB*, *C1R*), and acute-phase proteins (*HP*, *SAA1*, *PLA2G2A*), which are characteristic of the secretory and protective functions of the pleural mesothelium in the lung."
307309,TTTATGCAGACTGGGT_F02617,mesothelial cell,"mesothelial cell
This cell type is identified as a mesothelial cell. It highly expresses classic mesothelial marker genes, including *MSLN* (mesothelin), *UPK3B* (uroplakin 3B), *CALB2* (calretinin), *PRG4* (lubricin), and *ITLN1* (intelectin-1), which are essential for reducing friction and maintaining the pleural lining of the lung. The presence of keratins (*KRT18*, *KRT19*) and *HP* (haptoglobin) further supports this epithelial-like mesodermal lineage."
319450,CTTAACTAGAGTAAGG_F02617,mesothelial cell,"mesothelial cell
This cell type is identified as a mesothelial cell. It highly expresses classic mesothelial markers such as *MSLN* (mesothelin), *UPK3B* (uroplakin 3B), *PRG4* (lubricin), and *CALB2* (calretinin). Additionally, the high expression of *ITLN1*, *HP*, and keratins (*KRT8*, *KRT18*, *KRT19*) is characteristic of the mesothelium lining the pleural cavity of the lung parenchyma."
177544,CCTTCGATCTGCTGTC_F02617,mucus secreting cell,"club cell
This cell profile is highly characteristic of club cells (formerly Clara cells), which are non-ciliated secretory epithelial cells of the pulmonary airways. The top identifying markers include *SCGB3A1* and *SCGB1A1* (secretoglobins), *SLPI* (secretory leukocyte peptidase inhibitor), *BPIFB1*, and *CYP2F1* (cytochrome P450 family 2 subfamily F polypeptide 1), which are classic signature genes for club cells involved in mucosal defense and xenobiotic metabolism."
62344,TGGGCGTCACGAAGCA_HD66,multiciliated columnar cell of tracheobronchial tree,"multiciliated columnar cell of tracheobronchial tree

This cell type is characterized by the high expression of genes essential for motile cilia structure and function, including *FOXJ1* (the master transcriptional regulator of ciliogenesis), various cilia and flagella-associated proteins (*CFAP144*, *CFAP276*, *CFAP90*, *CFAP157*, *CFAP43*), dynein axonemal heavy chains (*DNAH12*, *DNAH5*), and other ciliated cell markers such as *CAPS*, *SNTN*, *RSPH1*, and *TUBB4B*. These markers are highly specific to multiciliated columnar cells of the respiratory tract."
320262,P3_6_AGGTCATCAATCGAAA,multiciliated columnar cell of tracheobronchial tree,"multiciliated epithelial cell

This cell type is characterized by the high expression of genes essential for cilia structure, assembly, and motility. Key markers include cilia and flagella-associated proteins (*CFAP144*, *CFAP276*, *CFAP90*, *CFAP43*), axonemal dyneins (*DNAH5*, *DNAH12*, *DNAAF1*), radial spoke components (*RSPH1*), and other established ciliated cell markers such as *CAPS*, *TPPP3*, *SNTN*, and *CCDC78*. These genes are highly specific to multiciliated epithelial cells, which function to clear mucus and foreign particles from the respiratory tract."
233981,GATCGCGTCAGCATGT_F02617,multiciliated columnar cell of tracheobronchial tree,"multiciliated columnar cell of tracheobronchial tree

This cell type is characterized by the high expression of genes associated with ciliary structure and function, such as *CAPS*, *CIMIP1*, *CFAP144*, *TMEM190*, *RSPH1*, *RSPH9*, *SNTN*, *HOATZ*, and *TUBB4B*. These proteins are essential components of the axoneme, radial spokes, and ciliary membranes, which are hallmark features of multiciliated cells in the respiratory tract responsible for mucociliary clearance."
216974,TGGGATTCAGACTGCC_SC144,multiciliated columnar cell of tracheobronchial tree,"club cell
The profile is dominated by SCGB1A1 and SCGB3A1, which are highly specific and classic marker genes for club cells (formerly Clara cells) in the bronchiolar epithelium. Other top markers like BPIFB1, SLPI, and WFDC2 further support this identity, representing secretory proteins characteristic of club cells."
182009,ACGTCCTAGAGTTGAT_SC141,multiciliated columnar cell of tracheobronchial tree,"epithelial cell of lower respiratory tract
This cell profile exhibits a combination of highly specific markers for both secretory/club cells (such as *SCGB1A1*, *SCGB3A2*, and *SFTPB*) and multiciliated cells (such as *CAPS*, *TPPP3*, *RSPH1*, and various *CFAP* genes). This joint expression of secretory and ciliated lineage markers is characteristic of the broader ""epithelial cell of lower respiratory tract"" category in single-cell reference atlases, representing airway epithelial cells of the bronchi and bronchioles."
205205,CTCCTAGAGTGCCAGA_SC18,multiciliated columnar cell of tracheobronchial tree,"multiciliated epithelial cell
The provided gene expression profile is highly enriched for genes associated with cilia structure and function, including numerous cilia- and flagella-associated proteins (CFAP144, CFAP276, CFAP90, CFAP210, CFAP43, CFAP157, CFAP251), dynein heavy chains (DNAH12, DNAH5), radial spoke head components (RSPH1), and other multiciliated cell markers such as TPPP3, CAPS, SNTN, and CDHR3. This profile is highly specific to multiciliated epithelial cells of the respiratory tract."
195368,CGCGTTTGTTCCCGAG_F02611,multiciliated columnar cell of tracheobronchial tree,"multiciliated epithelial cell

This cell type is characterized by the high expression of genes associated with cilia structure and function, such as various cilia and flagella-associated proteins (CFAP276, CFAP144, CFAP90, CFAP157, CFAP53, CFAP95, CFAP47), axonemal dyneins (DNAH11, DNAH12), radial spoke components (RSPH1), and other ciliary markers like CAPS, TMEM190, SNTN, and TPPP3. These genes are essential for the assembly and beating of motile cilia, which are characteristic of multiciliated epithelial cells in the respiratory tract."
263162,ATGAGGGAGGAGCGAG_HD66,multiciliated columnar cell of tracheobronchial tree,"multiciliated epithelial cell

This cell type is a multiciliated epithelial cell. The expression profile is highly enriched for genes essential for ciliary structure and function, including master ciliogenesis regulator *FOXJ1*, multiple cilia and flagella-associated proteins (*CFAP144*, *CFAP276*, *CFAP157*, *CFAP90*, *CFAP43*, *CFAP53*), axonemal dyneins (*DNAH5*, *DNAH12*), radial spoke components (*RSPH1*), and other ciliated cell-specific markers such as *SNTN*, *CAPS*, and *TPPP3*."
170669,P3_6_AGCCTAACATACAGCT,multiciliated columnar cell of tracheobronchial tree,"multiciliated columnar cell of tracheobronchial tree

This cell type is characterized by the highly specific expression of genes essential for cilia structure, assembly, and motility. Key markers include *CAPS* (calcyphosine), *TPPP3* (tubulin polymerization-promoting protein), *SNTN* (sentreon), and numerous cilia- and flagella-associated proteins (*CFAP276*, *CFAP144*, *CFAP90*, *CFAP126*, *CFAP95*). Additionally, axonemal dynein assembly factors (*DNAAF1*, *DNAH12*) and radial spoke head components (*RSPH1*, *RSPH9*) are highly enriched, confirming its identity as a multiciliated epithelial cell of the respiratory tract."
175861,CGAGGCTGTCGTTCAA_SC85,multiciliated columnar cell of tracheobronchial tree,"multiciliated columnar cell of tracheobronchial tree

This cell type is identified by the highly specific expression of genes associated with ciliary structure and function, including *CAPS* (calcyphosine), *TMEM190*, *SNTN* (sarsasapogenin-binding protein/sentrin), and numerous cilia-associated genes such as *RSPH1*, *TPPP3*, *CFAP* family members (e.g., *CFAP144*, *CFAP90*, *CFAP276*), and dynein heavy chains (*DNAH5*, *DNAH7*, *DNAH11*, *DNAH12*). These markers are characteristic of multiciliated cells in the respiratory tract, which are responsible for mucociliary clearance."
117298,ACGCAGCTCCGTACAA_HD66,multiciliated columnar cell of tracheobronchial tree,"pulmonary alveolar type 2 cell
This cell type is characterized by the high expression of surfactant proteins (SFTPC, SFTPA1, SFTPA2, SFTPB, SFTPD) and other specific markers such as NAPSA, SLC34A2, ABCA3, and LAMP3. These proteins are essential for the synthesis, storage, and secretion of pulmonary surfactant, which is the primary function of pulmonary alveolar type 2 (AT2) cells in the lung parenchyma."
102270,TCAATTCGTACTGACT_SC85,multiciliated columnar cell of tracheobronchial tree,"multiciliated epithelial cell

This cell type is characterized by the high expression of *FOXJ1*, the master transcription factor regulating ciliogenesis, alongside numerous cilia- and flagella-associated genes (such as *CFAP144*, *CFAP276*, *CFAP90*, *CFAP210*, *CFAP126*, *RSPH1*, *DNAAF1*, and *SPAG17*). Other highly specific markers include *CAPS*, *TPPP3*, and *SNTN*, which are essential for microtubule stabilization and ciliary function, confirming its identity as a multiciliated epithelial cell."
111142,TCGGGACTCAGGAAGC_SC85,multiciliated columnar cell of tracheobronchial tree,"multiciliated epithelial cell

This cell type is identified as a multiciliated epithelial cell. The gene expression profile is heavily enriched with genes essential for ciliary structure and function, including axonemal dyneins (DNAH5, DNAH7, DNAH11, DNAH12), cilia- and flagella-associated proteins (CFAP44, CFAP46, CFAP54, CFAP70, CFAP157, CFAP251), and dynein assembly factors (DNAAF1, ZMYND10). The presence of SFTPC is likely due to ambient RNA contamination from highly abundant alveolar type 2 cells in the lung parenchyma."
78139,CTAATGGTCATTGCCC_HD66,multiciliated columnar cell of tracheobronchial tree,"multiciliated epithelial cell

This cell type is characterized by the high expression of genes essential for ciliary structure and function, including multiple cilia- and flagella-associated proteins (*CFAP90*, *CFAP95*, *CFAP126*, *CFAP144*, *CFAP157*, *CFAP276*), radial spoke head proteins (*RSPH1*, *RSPH9*), dyneins (*DNAH12*), and tectins (*TEKT2*). It also expresses *FOXJ1*, the master transcription factor regulating ciliogenesis, and other well-known ciliated cell markers such as *CAPS*, *SNTN*, and *TPPP3*, confirming its identity as a multiciliated epithelial cell."
141500,CTGAAGTAGTTCGCAT_HD66,multiciliated columnar cell of tracheobronchial tree,"multiciliated epithelial cell

This cell type is characterized by the high expression of genes essential for the assembly, structure, and function of motile cilia. Key markers include the master ciliogenesis transcription factor *FOXJ1*, along with numerous cilia- and flagella-associated proteins (*CFAP276*, *CFAP144*, *CFAP90*, *CFAP157*, *CFAP126*, *CFAP43*), radial spoke head component *RSPH1*, and other ciliated cell-specific markers like *CAPS*, *SNTN*, and *TPPP3*."
270479,TGTCCCATCCCTAACC_F02611,multiciliated columnar cell of tracheobronchial tree,"club cell
This cell type is identified as a club cell (formerly Clara cell). It is characterized by the extremely high and specific expression of secretoglobins *SCGB3A1* and *SCGB1A1*, which are hallmark markers for club cells in the lung. Other highly expressed genes like *SLPI*, *BPIFB1*, and *WFDC2* are also characteristic secretory proteins produced by these non-ciliated bronchiolar epithelial cells to protect the respiratory tract."
215393,TCACGGGTCATTGTGG_SC85,multiciliated columnar cell of tracheobronchial tree,"multiciliated epithelial cell

The provided gene expression profile is highly specific for multiciliated epithelial cells. It features key markers of ciliary structure, assembly, and motility, including numerous cilia- and flagella-associated proteins (CFAP144, CFAP276, CFAP90, CFAP210, CFAP126, CFAP73), axonemal dyneins (DNAH5, DNAH12, DNAAF1), radial spoke components (RSPH1), and other well-established multiciliated cell markers such as CAPS, TMEM190, SNTN, and TPPP3."
174915,CCTATTAGTAGAAGGA_HD66,multiciliated columnar cell of tracheobronchial tree,"multiciliated epithelial cell

The gene expression profile is highly enriched for markers of motile cilia and ciliogenesis, including *FOXJ1* (the master transcription factor for ciliogenesis), multiple cilia and flagella-associated proteins (*CFAP144*, *CFAP276*, *CFAP90*, *CFAP126*, *CFAP157*, *CFAP43*), radial spoke head components (*RSPH1*, *RSPH9*), dyneins (*DNAH12*), and other ciliary proteins (*SNTN*, *TPPP3*, *TEKT2*). This specific molecular signature uniquely identifies multiciliated epithelial cells in the respiratory tract."
182875,ATCTACTTCGCCGTGA_F02611,multiciliated columnar cell of tracheobronchial tree,"pulmonary alveolar type 2 cell
This cell type is characterized by the extremely high and specific expression of surfactant proteins (*SFTPC*, *SFTPA1*, *SFTPA2*, and *SFTPB*) and *NAPSA* (Napsin A). These markers are highly specific to pulmonary alveolar type 2 (AT2) cells, which synthesize, secrete, and recycle pulmonary surfactant to reduce surface tension in the alveoli."
208164,ATGTGTGAGTTCGATC_F02617,multiciliated columnar cell of tracheobronchial tree,"multiciliated epithelial cell

This cell profile is characterized by the high expression of genes essential for ciliary structure and function, including multiple cilia- and flagella-associated proteins (*CFAP90*, *CFAP144*, *CFAP276*, *CFAP53*, *CFAP119*), radial spoke head components (*RSPH1*), dynein components (*DNALI1*, *DYNLRB2*), and other ciliary markers such as *SPMIP6*, *CAPS*, *HOATZ*, *TMEM190*, *SNTN*, and *TPPP3*. These markers are highly specific to multiciliated epithelial cells, which are responsible for mucociliary clearance in the respiratory tract."
239557,GTTACAGTCTTGACGA_F02611,multiciliated epithelial cell,"multiciliated columnar cell of tracheobronchial tree

This cell type is characterized by the high expression of genes essential for ciliary structure and function, including multiple cilia and flagella-associated proteins (CFAP144, CFAP276, CFAP53, CFAP90, CFAP157, CFAP43), radial spoke head component 1 (RSPH1), CAPS, TMEM190, SNTN, and TPPP3. These markers are highly specific to multiciliated cells of the airway epithelium, which are responsible for mucociliary clearance in the respiratory tract."
117269,GACCAATAGGATGTAT_F01851,multiciliated epithelial cell,"multiciliated epithelial cell

This cell type is characterized by the high expression of genes essential for cilia structure, assembly, and function (such as *CFAP144*, *CFAP90*, *DNAH12*, *RSPH9*, *RSPH1*, and *TEKT2*), as well as key regulators of multiciliogenesis (including *CDC20B*, *CCNO*, *CCDC78*, and the master transcription factor *FOXJ1*). Other prominent markers like *SNTN*, *CAPS*, and *TPPP3* further confirm its identity as a multiciliated epithelial cell."
278252,TGAGCCGCAATGGTCT-SC59,multiciliated epithelial cell,"multiciliated epithelial cell
The gene expression profile is highly enriched for markers of ciliated cells. Key markers include the master ciliogenesis transcription factor *FOXJ1*, multiple cilia-and-flagella-associated proteins (*CFAP144*, *CFAP276*, *CFAP90*, *CFAP43*, *CFAP126*), dynein assembly and motor proteins (*DNAAF1*, *DNAH12*), and other established ciliated cell markers such as *CAPS*, *TPPP3*, *SNTN*, and *RSPH1*. This specific molecular signature confirms the identity as multiciliated epithelial cells."
173139,GTCCTCACAACGCACC_HD67,multiciliated epithelial cell,"multiciliated columnar cell of tracheobronchial tree

This cell type is characterized by the high expression of genes essential for ciliogenesis and ciliary structure/function. Key markers include *FOXJ1* (a master transcription factor for ciliogenesis), *CDC20B*, *CCNO*, *DEUP1*, and *CCDC78* (involved in centriole amplification and deuterostome assembly), as well as numerous cilia-associated genes such as *ZMYND10*, *DNAH12*, *RSPH9*, *RSPH1*, and *CFAP* family members. This profile is highly specific to multiciliated cells of the respiratory tract."
233937,TTTATGCCATCCCACT_SC07,multiciliated epithelial cell,"club cell
The profile is dominated by the high expression of *SCGB1A1*, *SCGB3A1*, and *SCGB3A2*, which are highly specific marker genes for club cells (formerly Clara cells) of the bronchiolar epithelium. The presence of *SFTPB* and other secretory markers further supports this classification."
19385,7185213_CATATTCGTCTGCGGT,multiciliated epithelial cell,"multiciliated epithelial cell

This cell type is characterized by the high expression of genes essential for ciliary structure and function, including *FOXJ1* (the master transcription factor for ciliogenesis), various cilia and flagella-associated proteins (*CFAP276*, *CFAP144*, *CFAP90*, *CFAP45*), radial spoke head proteins (*RSPH1*, *RSPH9*), dynein assembly factors (*DNAAF1*, *DNAH12*), and other ciliated cell markers such as *CAPS*, *TPPP3*, and *SNTN*. These markers are highly specific to multiciliated epithelial cells of the respiratory tract, which function to clear mucus and foreign particles via coordinated ciliary beating."
153185,GCTGCTTCAAACCCAT_HD66,multiciliated epithelial cell,"multiciliated epithelial cell

This cell type is a **multiciliated epithelial cell**. The profile is characterized by the high expression of numerous cilia-related genes, including *CAPS*, *RSPH1*, *CFAP276*, *SNTN*, *TMEM190*, *CFAP144*, *ROPN1L*, *RSPH9*, and *CCDC78*, which are essential for ciliary structure and motility. The presence of *SCGB3A1* and *SCGB1A1* is common in airway epithelial populations and can also reflect ambient RNA contamination from highly abundant secretory cells in the lung parenchyma."
251722,AATCCAGGTTGGACCC_F02528,multiciliated epithelial cell,"club cell
This cell type is identified as a club cell. It is characterized by the extremely high and specific expression of secretoglobulins, particularly SCGB3A1 and SCGB1A1, which are classic markers for club cells in the lung. Other highly expressed marker genes include SLPI, BPIFB1, and WFDC2, which are involved in mucosal defense and are highly characteristic of the secretory lineage of the respiratory epithelium."
107741,TGGACGCAGCGTGAGT_HD67,multiciliated epithelial cell,"multiciliated epithelial cell

The expression profile is highly specific for multiciliated epithelial cells. It features the master ciliogenesis transcription factor *FOXJ1*, along with key regulators of centriole amplification and deuterosome assembly (*CDC20B*, *CCNO*, *DEUP1*). Additionally, there is abundant expression of axonemal dyneins (*DNAH12*, *DNAH10*), radial spoke head components (*RSPH1*, *RSPH9*), and numerous cilia- and flagella-associated proteins (*CFAP144*, *CFAP276*, *CFAP90*, *CFAP157*, *CFAP43*, *CFAP141*), which are essential structural and functional components of motile cilia."
315592,CTGCGGACAGATGAGC_F02611,multiciliated epithelial cell,"multiciliated epithelial cell

This cell type is characterized by the high expression of genes essential for assembly, structure, and function of motile cilia. Key markers include *CDC20B* and *CCNO* (involved in multiciliogenesis), numerous cilia- and flagella-associated proteins (*CFAP144*, *CFAP276*, *CFAP90*, *CFAP300*, *CFAP141*, *CFAP43*, *CFAP95*, *CFAP157*), radial spoke head proteins (*RSPH1*), and dynein components (*DYNLRB2*, *DNAH12*), which are hallmark features of multiciliated epithelial cells in the respiratory tract."
21428,GGAGGATGTGGTCCCA_SC85,multiciliated epithelial cell,"multiciliated columnar cell of tracheobronchial tree

This cell type is characterized by the high expression of genes essential for ciliary structure and function. Key markers include the master ciliogenesis transcription factor *FOXJ1*, multiple cilia and flagella-associated proteins (*CFAP276*, *CFAP144*, *CFAP90*, *CFAP157*), dynein axonemal assembly factors (*DNAAF1*, *DNAH12*), and radial spoke head components (*RSPH1*). Other highly specific markers like *CAPS*, *SNTN*, and *TPPP3* further confirm the identity of multiciliated cells in the respiratory tract."
186749,CGCTGGAAGAGTACCG_HD67,multiciliated epithelial cell,"multiciliated epithelial cell

The provided gene expression profile is highly enriched for genes essential for cilia structure, assembly, and function. Key markers include axonemal dyneins (*DNAH5*, *DNAH9*, *DNAH11*, *DNAH12*), cilia and flagella-associated proteins (*CFAP144*, *CFAP90*, *CFAP157*, *CFAP263*, *CFAP52*, *CFAP276*, *CFAP126*, *CFAP53*), radial spoke head proteins (*RSPH1*, *RSPH9*), and regulators of multiciliogenesis such as *CDC20B*, *CCNO*, and *CCDC78*. This specific molecular signature is characteristic of multiciliated epithelial cells in the respiratory tract."
8429,TCAGGATTCCGAATGT_SC27,multiciliated epithelial cell,"multiciliated epithelial cell

This cell type is characterized by the high expression of genes essential for cilia assembly, structure, and motility. Key markers include numerous cilia- and flagella-associated proteins (*CFAP144*, *CFAP276*, *CFAP90*, *CFAP95*, *CFAP70*, *CFAP53*, *CFAP157*), dynein axonemal components (*DNAH12*, *DNAAF1*, *DYNLRB2*), radial spoke head components (*RSPH1*), and regulators of multiciliogenesis (*CCNO*, *CDC20B*). The presence of *SNTN* (sentreon, a ciliary tip protein) and *CAPS* further confirms its identity as a multiciliated epithelial cell."
262214,AGCAGCCTCTCGCTTG_F01394,multiciliated epithelial cell,"multiciliated columnar cell of tracheobronchial tree

This cell type is identified as a multiciliated columnar cell of the tracheobronchial tree. The expression profile is highly enriched for genes essential for ciliary structure and function, including axonemal dyneins and assembly factors (e.g., *DNAH12*, *DNAAF1*, *DNALI1*), radial spoke head proteins (*RSPH1*, *RSPH9*), and cilia-and-flagella-associated proteins (*CFAP276*, *CFAP144*, *CFAP90*), alongside other classic ciliated cell markers like *CAPS*, *SNTN*, and *TPPP3*. The presence of *SCGB3A1* and *SCGB1A1* reflects their airway epithelial origin."
274550,TAGGCATGTTCCGTCT_F02611,multiciliated epithelial cell,"club cell
The cell type is a club cell (formerly Clara cell). This is indicated by the highly specific and abundant expression of *SCGB1A1* (secretoglobin family 1A member 1, also known as CC16) and *SCGB3A1*, which are classic marker genes for club cells in the bronchiolar epithelium. Other highly ranked genes like *SLPI*, *BPIFB1*, and *WFDC2* are also characteristic secretory proteins produced by these non-ciliated airway epithelial cells."
49078,ACTTTCACATTGAGCT_F01692,multiciliated epithelial cell,"multiciliated epithelial cell

The gene expression profile is highly enriched for markers of ciliogenesis and ciliary structure. Key regulators of multiciliogenesis, such as the master transcription factor FOXJ1, CDC20B, and CCNO, are highly specific. Additionally, numerous genes encoding ciliary structural components (including CAPS, TMEM190, TPPP3, RSPH1, and various CFAP and DNAH family members) are prominently expressed. This specific molecular signature is characteristic of multiciliated epithelial cells in the respiratory tract."
23736,GTCAAGTGTACGCACC_F01851,multiciliated epithelial cell,"multiciliated epithelial cell

The provided gene expression profile is highly enriched for genes essential for the assembly, structure, and function of motile cilia. Key markers include cilia and flagella-associated proteins (such as *CFAP144*, *CFAP276*, *CFAP90*, *CFAP126*, and *CFAP95*), radial spoke head proteins (*RSPH1*, *RSPH9*), and regulators of multiciliogenesis (*CCNO*, *CDC20B*, *CCDC78*). Other highly specific markers like *SNTN*, *TPPP3*, and *DNALI1* further confirm this profile belongs to multiciliated epithelial cells."
89805,TGCGTGGAGAGACTTA_F02509,multiciliated epithelial cell,"multiciliated columnar cell of tracheobronchial tree

This cell type is identified by the prominent expression of genes associated with ciliary structure and function, such as *CAPS*, *SNTN*, *TPPP3*, *RSPH1*, *CCDC78*, and various *CFAP* and *DNAH* family genes (e.g., *CFAP144*, *CFAP157*, *DNAH5*, *DNAH12*). These genes are essential for the assembly and motility of cilia. The presence of epithelial markers like *KRT19*, *KRT8*, *CLDN3*, and *CLDN4* further confirms its epithelial lineage, specifically matching the multiciliated columnar cells of the respiratory tract."
296478,GCGCCAAAGTCATGCT_HD67,multiciliated epithelial cell,"multiciliated columnar cell of tracheobronchial tree

This cell type is characterized by the high expression of genes essential for cilia structure, assembly, and function, including various cilia- and flagella-associated proteins (*CFAP144*, *CFAP276*, *CFAP90*, *CFAP73*, *CFAP157*), radial spoke head components (*RSPH1*, *RSPH9*), dyneins (*DYNLRB2*, *DNAH12*), and tectins (*TEKT2*). Additionally, key regulators of multiciliogenesis such as *CDC20B*, *CCNO*, and *TPPP3* are highly specific, confirming its identity as a multiciliated epithelial cell of the respiratory tract."
325546,ATTTCTGTCTGGTATG_HD67,multiciliated epithelial cell,"multiciliated columnar cell of tracheobronchial tree

This cell type is characterized by the highly specific expression of genes essential for ciliogenesis and ciliary function. Key markers include *CDC20B* and *CCNO*, which are master regulators of multiciliated cell differentiation, alongside structural and functional ciliary components such as *RSPH1*, *RSPH9* (radial spoke head proteins), *TPPP3*, *SNTN*, and various cilia and flagella-associated proteins (*CFAP144*, *CFAP276*, *CFAP90*). This expression profile is diagnostic of multiciliated columnar cells of the tracheobronchial tree."
69920,GTGTGGCAGTATGAGT_SC86,myofibroblast cell,"alveolar type 1 fibroblast cell

This cell type is characterized by the high expression of *PDGFRA*, *ELN* (elastin), *IGFBP5*, *LTBP2*, and *NPNT*. These markers are characteristic of alveolar fibroblasts (classified in the Cell Ontology as alveolar type 1 fibroblast cells), which reside in the alveolar interstitium and are responsible for producing extracellular matrix components, particularly elastic fibers (via *ELN* and *LTBP2*), essential for lung compliance and alveolar structure."
147233,GCCGTGAGTGGCTAGA_SC86,myofibroblast cell,"alveolar type 1 fibroblast cell

This cell type is characterized by the high expression of *IGFBP5*, *ELN* (elastin), *CCN5*, *ITGBL1*, and *LTBP2*. In the lung parenchyma, alveolar type 1 fibroblasts (also known simply as alveolar fibroblasts) play a critical role in producing extracellular matrix components, particularly elastin and collagen, which are essential for the structural integrity and compliance of the alveolar walls."
122583,ATCATGGAGGCTCAGA_F02522,myofibroblast cell,"alveolar adventitial fibroblast

This cell type is identified as an alveolar adventitial fibroblast. It is characterized by the highly specific expression of *ADH1B*, *PRELP*, *MGP*, *DCN*, and *PDGFRA*, along with extracellular matrix-associated genes like *ASPN*, *BGN*, *ELN*, and *CCN2*. These markers distinguish adventitial fibroblasts (typically located in the bronchovascular adventitia) from alveolar fibroblasts (which express *NPNT*) and myofibroblasts (which express high levels of *ACTA2*)."
98340,AACCATGGTGTTTGTG_F02607,myofibroblast cell,"alveolar adventitial fibroblast

This cell type is identified as an alveolar adventitial fibroblast. It highly expresses classic adventitial fibroblast markers such as *ADH1B*, *MGP*, *DCN*, *PRELP*, and *PDGFRA*, which distinguish it from alveolar fibroblasts (typically characterized by *LPL* and *CES1*) and other stromal populations in the lung parenchyma. These cells are primarily located in the adventitia of bronchovascular bundles, where they produce extracellular matrix components like decorin (*DCN*) and biglycan (*BGN*)."
107077,P2_5_ACCAGTACAGCGATCC,myofibroblast cell,"alveolar adventitial fibroblast
This cell type is identified as an alveolar adventitial fibroblast. The expression profile is highly enriched for extracellular matrix-associated genes (such as *DCN*, *MGP*, *LUM*, *BGN*, *COL1A1*, and *COL1A2*) and specific adventitial fibroblast markers like *ASPN*, *COMP*, *DPT*, and *CCL2*, while lacking markers characteristic of alveolar fibroblasts (such as *NPNT*) or classical smooth muscle cells."
218139,GTCTGTCGTGAGCAGT_SC86,myofibroblast cell,"smooth muscle cell
This cell type is identified as a smooth muscle cell (specifically vascular smooth muscle of the lung parenchyma). It is characterized by the high expression of contractile apparatus genes such as *ACTA2*, *MYH11*, *TAGLN*, *CALD1*, *MYLK*, and *TPM2*, along with smooth muscle-specific markers like *CARMN*, *LMOD1*, and *NEXN*. The presence of *CCN5* (WISP2) and *IGFBP5* further supports this identity, distinguishing them from myofibroblasts (which lack *MYH11* and *CARMN*) and airway smooth muscle cells."
238522,P3_5_CATTCGCCAGAGTGTG,myofibroblast cell,"myofibroblast cell
This cell type is identified as a myofibroblast cell. It is characterized by the co-expression of key contractile markers such as *ACTA2* (α-smooth muscle actin), *TAGLN* (transgelin), and *CALD1*, alongside high expression of extracellular matrix (ECM) and fibrotic genes including *COL1A1*, *COL1A2*, *COL3A1*, *DCN*, *ASPN*, *BGN*, *MGP*, and *CCN2* (CTGF). This dual contractile and highly secretory phenotype is the hallmark of myofibroblasts in the lung parenchyma, especially during tissue remodeling and fibrosis."
167607,CTACATTTCGAAGCAG_SC86,myofibroblast cell,"alveolar adventitial fibroblast

This cell profile corresponds to **alveolar adventitial fibroblasts**. It is characterized by the high expression of pan-fibroblast markers like *PDGFRA*, *DCN*, and *COL1A2*, alongside specific adventitial markers such as *ADH1B*, *CCN5* (WISP2), *IGFBP5*, *PIK3R1*, and *GPX3*. These cells reside in the adventitial connective tissue surrounding large bronchovascular bundles in the lung parenchyma, distinguishing them from alveolar fibroblasts (which express *NPNT*) and myofibroblasts (which express contractile genes like *ACTA2*)."
223235,TCACGCTCAGGTTCAT_SC86,myofibroblast cell,"alveolar adventitial fibroblast
This cell type is identified as an alveolar adventitial fibroblast. It is characterized by the high expression of key fibroblast markers such as *PDGFRA*, *COL1A1*, *COL1A2*, and *DCN*, along with specific adventitial markers like *ADH1B*, *MEG3*, *CFH*, and *ELN*. These cells reside in the adventitial connective tissue surrounding bronchovascular bundles in the lung parenchyma and play a critical role in maintaining structural integrity and extracellular matrix remodeling."
242075,P3_6_TCAACGAAGTGGTAGC,myofibroblast cell,"Smooth muscle cell

This cell type is identified as a smooth muscle cell based on the high and specific expression of classic smooth muscle contractile and structural markers, including *ACTA2* (alpha-smooth muscle actin), *TAGLN* (transgelin), *ACTG2*, *DES* (desmin), *MYH11* (myosin heavy chain 11), *CNN1* (calponin 1), *CALD1* (caldesmon), and *LMOD1* (leiomodin 1). The presence of these mature contractile proteins distinguishes smooth muscle cells from myofibroblasts and other stromal populations in the lung parenchyma."
300852,TCATTTGCAGACGCTC-1-HCATisStab7659971,myofibroblast cell,"alveolar adventitial fibroblast

This cell type is identified as an **alveolar adventitial fibroblast** based on the high expression of extracellular matrix and stromal-associated genes such as *MGP*, *CLU*, *DCN*, *LUM*, *COL1A1*, *COL1A2*, *COL3A1*, *FBLN1*, and *DPT*, along with key adventitial markers like *ADH1B*, *IGF1*, and *GDF10*. These cells reside in the adventitial connective tissue of bronchovascular bundles in the lung parenchyma, where they play a critical role in maintaining structural integrity and tissue remodeling."
242638,CTTTCGGCACAGACGA_SC86,myofibroblast cell,"alveolar adventitial fibroblast

This cell type is identified as an alveolar adventitial fibroblast. It is characterized by the high expression of *PDGFRA*, *DCN*, *ADH1B*, *IGFBP5*, *CCN5* (WISP2), and *CFH*. In the lung parenchyma, adventitial fibroblasts reside in the connective tissue sheath (adventitia) surrounding large vessels and airways. They are transcriptionally distinct from alveolar fibroblasts (which more strongly express *NPNT*) and myofibroblasts/smooth muscle cells (which express higher levels of contractile proteins like *ACTA2* and *TAGLN*)."
2589,TGGTTAGAGGTTACCT-1-HCATisStab7747198,myofibroblast cell,"smooth muscle cell
This cell type is identified as a smooth muscle cell. The expression profile is highly enriched for classic contractile and structural markers of smooth muscle, including *TAGLN* (transgelin), *DES* (desmin), *ACTA2* (smooth muscle alpha-actin), *ACTG2*, *MYH11*, *CNN1* (calponin), and *SMTN* (smoothelin). These markers distinguish smooth muscle cells from other lung mesenchymal populations such as fibroblasts or pericytes."
217953,CACATAGCAGGATTGG-1-HCATisStab7747198,myofibroblast cell,"smooth muscle cell
The gene expression profile is characterized by high expression of classic smooth muscle contractile and structural markers, including *TAGLN* (transgelin), *DES* (desmin), *ACTA2* (alpha-smooth muscle actin), *CNN1* (calponin), *SMTN* (smoothelin), and *MYH11* (myosin heavy chain 11). The presence of these mature contractile proteins is highly specific for smooth muscle cells, distinguishing them from myofibroblasts and pericytes in the lung parenchyma."
47971,TTTGATCTCATCTGTT_SC86,myofibroblast cell,"alveolar adventitial fibroblast
This cell type is identified as an alveolar adventitial fibroblast. It is characterized by the high expression of classic adventitial fibroblast markers in the lung, including *PDGFRA*, *DCN*, *ADH1B*, *MGP*, *IGFBP5*, and *CCN5*. The presence of these markers, along with the relatively low expression of alveolar fibroblast-specific genes (such as *NPNT*) and smooth muscle-specific genes, distinguishes it from alveolar fibroblasts, myofibroblasts, and smooth muscle cells within the lung parenchyma."
205272,GGGCATCCAGGAATGC_F01853,myofibroblast cell,"smooth muscle cell

This cell population is identified as smooth muscle cells based on the high expression of contractile and structural markers such as *ACTA2*, *TAGLN*, *MYL9*, *ACTG2*, *MYH11*, *DES*, and *LMOD1*. The co-expression of extracellular matrix and remodeling genes like *MGP*, *CLU*, *DCN*, and *COL1A2* is also highly characteristic of pulmonary vascular and airway smooth muscle cells in the lung parenchyma."
132032,GCTCCTAAGGAATGGA_F02522,myofibroblast cell,"alveolar adventitial fibroblast
This cell type is identified as an alveolar adventitial fibroblast. It is characterized by the highly specific expression of *ADH1B*, along with key extracellular matrix and signaling genes such as *PRELP*, *DCN*, *MGP*, *IGFBP5*, and *PDGFRA*. These markers distinguish adventitial fibroblasts, which reside in the connective tissue sheath surrounding large vessels and airways, from alveolar fibroblasts (which express *NPNT*) and myofibroblasts/smooth muscle cells (which express higher levels of *ACTA2* and *MYLK*)."
58099,CTCTGGTGTTCCCTTG_F02607,myofibroblast cell,"alveolar adventitial fibroblast

This cell profile is characterized by the high expression of extracellular matrix-associated genes (*DCN*, *MGP*, *PRELP*, *BGN*, *MFAP4*, *DPT*) and classic fibroblast markers. Specifically, the strong enrichment of *ADH1B*, *CCN5*, *CLU*, and *GPX3*, coupled with lower relative expression of *TCF21*, is highly specific to alveolar adventitial fibroblasts (rather than alveolar type 1 fibroblasts) within the lung parenchyma."
230117,P3_5_GTAACGTTCGCTTAGA,myofibroblast cell,"myofibroblast cell
This cell profile is characterized by the high expression of contractile genes such as *ACTA2* (α-smooth muscle actin) and *TAGLN* (transgelin), combined with abundant extracellular matrix components (*COL1A1*, *COL1A2*, *COL3A1*, *DCN*, *ASPN*, *LUM*) and profibrotic signaling factors (*CCN2/CTGF*, *CCN1*). This dual contractile and secretory phenotype is the hallmark of myofibroblasts in the lung parenchyma."
56230,TTAGGACGTTGATTGC_HD68,myofibroblast cell,"smooth muscle cell
This cell population is characterized by the high expression of classic smooth muscle contractile genes, including *TAGLN*, *ACTA2*, *TPM2*, *MYL9*, *ACTG2*, *DES*, *CALD1*, *MYH11*, *CNN1*, and *LMOD1*. The presence of highly specific mature smooth muscle markers like *MYH11*, *CNN1*, and *LMOD1* distinguishes these from myofibroblasts and pericytes, while the lung parenchyma tissue context supports ""smooth muscle cell"" over the more proximal ""tracheobronchial smooth muscle cell""."
90960,CACAGTAAGCTCTCGG_F01874,nasal mucosa goblet cell,"alveolar macrophage
This cell type is identified as an alveolar macrophage. It highly expresses classic macrophage markers (CD68, CD163, TYROBP, FCER1G) and complement genes (C1QC). The high expression of APOE, CCL18, and cathepsins (CTSD, CTSL, CTSS), along with the presence of surfactant-associated transcripts like SFTPC (often acquired via phagocytosis of surfactant from alveolar space), are highly specific hallmarks of resident alveolar macrophages in the lung parenchyma."
76740,ACTGTCCGTAAGGGCT_F02617,nasal mucosa goblet cell,"club cell
This cell type is identified as a club cell (formerly Clara cell) due to the highly specific and abundant expression of secretoglobins *SCGB3A2* and *SCGB1A1*, which are classic club cell marker genes. Additionally, the expression of *SLPI*, *WFDC2*, and surfactant-associated proteins like *SFTPB* and *SFTA2* further confirms this secretory epithelial identity in the lung parenchyma."
153992,ACACCCTCATGCGCAC_F02611,nasal mucosa goblet cell,"club cell
This cell type is a club cell, a major secretory epithelial cell of the bronchioles. It is characterized by the highly specific and abundant expression of secretoglobins, including SCGB3A1, SCGB3A2, and SCGB1A1. The presence of other secretory and host-defense markers such as SLPI, WFDC2, and SFTPB (surfactant protein B) further confirms its identity as a club cell."
133875,TACCTTAGTAAGAGGA_F02092,nasal mucosa goblet cell,"club cell
The cell type is a club cell (formerly Clara cell), characterized by the extremely high and specific expression of secretoglobins, particularly SCGB1A1, SCGB3A1, and SCGB3A2. These cells also express surfactant proteins (SFTPB, SFTPA2) and other secretory proteins like PIGR, SLPI, and WFDC2, which are essential for protecting the bronchiolar epithelium."
307789,ATAAGAGGTCCAGTAT_F01874,nasal mucosa goblet cell,"alveolar macrophage

The profile is dominated by highly specific markers of alveolar macrophages, including lipid metabolism and transport genes (*APOE*, *APOC1*, *PLIN2*), complement classical pathway components (*C1QA*, *C1QB*, *C1QC*), and key macrophage markers (*CD68*, *TYROBP*, *LGALS3*, *CTSD*, *CCL18*, and *ACP5*). The presence of some ciliated epithelial genes (e.g., *CFAP43*, *CFAP46*, *HYDIN*) is a common occurrence in lung tissue single-cell datasets due to ambient RNA contamination from fragile ciliated cells."
99425,7239219_TTTATGCCAGGTTTCA,nasal mucosa goblet cell,"club cell
The cell type is a club cell (formerly Clara cell). This is indicated by the highly specific expression of secretoglobins, particularly *SCGB1A1* (the definitive marker for club cells), *SCGB3A1*, and *SCGB3A2*. Other prominent markers include secretory and host defense proteins such as *BPIFB1*, *SLPI*, *WFDC2*, and *PIGR*, which are characteristic of the secretory lineage in the bronchiolar epithelium."
102896,GTATCTTAGTTCGCAT_F01851,nasal mucosa goblet cell,"club cell
This cell type is a club cell (formerly Clara cell), characterized by the extremely high and specific expression of secretoglobins, including SCGB1A1, SCGB3A2, and SCGB3A1. These proteins are major secretory products of club cells in the bronchiolar epithelium. The presence of other markers such as SFTPB, SLPI, and WFDC2 further supports this secretory epithelial phenotype, distinguishing them from other airway epithelial cells like goblet or basal cells."
193274,CCATTCGAGCTAGGCA_F02613,nasal mucosa goblet cell,"respiratory basal cell

This cell type is identified as a respiratory basal cell. It is characterized by the highly specific expression of basal epithelial markers, including S100A2, KRT17, KRT15, and SFN (Stratifin). Additionally, it expresses prominent epithelial keratins (KRT7, KRT19, KRT8, KRT18) and cell-adhesion/junction molecules (CLDN4, CLDN3, CLDN7, TACSTD2/TROP2), which are typical of the basal progenitor population of the respiratory epithelium."
328914,TTGACTTTCTGCTTGC_F02617,nasal mucosa goblet cell,"club cell
This cell type is identified as a club cell (formerly Clara cell) of the lung. It is characterized by the extremely high and specific expression of secretoglobins, particularly *SCGB3A1*, *SCGB1A1*, and *SCGB3A2*, which are major secretory proteins of club cells. Other prominent markers include *BPIFB1*, *SLPI*, *WFDC2*, and *CYP2F1*, which are involved in mucosal defense, anti-inflammatory responses, and xenobiotic metabolism in the bronchiolar epithelium."
51898,CCAATCCAGAACTGTA_F01641,nasal mucosa goblet cell,"club cell
The cell type is identified as a club cell (formerly Clara cell). This is indicated by the exceptionally high and specific expression of secretoglobins, including SCGB3A2, SCGB3A1, and SCGB1A1 (uteroglobin), which are canonical markers for club cells in the bronchiolar epithelium. Other highly expressed markers such as SLPI and WFDC2 further support this lineage, while the presence of surfactant proteins (SFTPC, SFTPB) reflects their close developmental and functional relationship with alveolar type 2 cells or potential progenitor state."
65565,7239219_CATTCGCAGCCGCCTA,nasal mucosa goblet cell,"club cell
The cell type is a club cell (formerly Clara cell). This is indicated by the exceptionally high and specific expression of *SCGB1A1* (secretoglobin family 1A member 1), the canonical marker for club cells. Other top-ranked genes such as *SCGB3A1*, *SCGB3A2*, *SLPI*, *WFDC2*, and *BPIFB1* are also highly characteristic of bronchiolar secretory club cells, which play key roles in airway protection and mucosal immunity."
194923,AACTGGTAGGGCTTCC_HD101,nasal mucosa goblet cell,"Club cell
The cell type is a club cell (bronchiolar exocrine cell). This is indicated by the exceptionally high and specific expression of *SCGB3A2* and *SCGB3A1* (secretoglobins), alongside other characteristic secretory and host-defense markers such as *SFTPB*, *SLPI*, *WFDC2*, and *CXCL17*, which are highly enriched in the bronchiolar secretory epithelium."
294803,AGGGTGATCTCTAAGG_F02522,nasal mucosa goblet cell,"lung macrophage
This cell type is identified as a lung macrophage (likely representing interstitial macrophages or an inflammatory macrophage subset). It is characterized by the high expression of classical macrophage and myeloid markers, including *C1QA/B/C*, *AIF1* (IBA1), *MAFB*, *CSF1R*, *CD163*, and *LYZ*. The strong expression of *CXCL9* and *CXCL11* indicates an interferon-responsive or inflammatory state. The absence of alveolar-specific markers like *FABP4* distinguishes these from alveolar macrophages, aligning them with the broader lung macrophage population."
26550,TTATGCTCAGGATTGG_F02617,nasal mucosa goblet cell,"respiratory tract hillock cell
This cell type is identified as a respiratory tract hillock cell, a specialized epithelial cell of the airway. It is characterized by the high expression of *SLPI*, *SCGB3A1*, *BPIFA1*, *WFDC2*, and *SERPINB3*, along with keratins such as *KRT4*, *KRT5*, *KRT17*, and *KRT19*, and S100 proteins (*S100A2*, *S100P*). These cells form stratified, hillock-like structures in the airway epithelium and play roles in barrier function and immunomodulation."
131755,GTTCGGGTCGGTTCGG_F02617,nasal mucosa goblet cell,"club cell
This cell type is identified as a club cell (formerly Clara cell) based on the high and specific expression of secretoglobins, including SCGB3A2, SCGB3A1, and SCGB1A1. Additionally, the presence of xenobiotic-metabolizing enzymes (CYP2F1, CYP4B1, GSTA1) and mucosal defense proteins (SLPI, WFDC2, BPIFB1, PIGR) is highly characteristic of the secretory and protective functions of club cells in the bronchiolar epithelium."
262780,CATGCCTCAAGCTGGA_F01394,nasal mucosa goblet cell,"club cell
The profile is dominated by the high expression of *SCGB1A1* and *SCGB3A1*, which are classic marker genes for club cells (formerly known as Clara cells) in the bronchiolar epithelium. Other highly specific markers include *SLPI*, *BPIFB1*, *WFDC2*, and *CYP2F1*, which are involved in mucosal defense and xenobiotic metabolism, characteristic of secretory club cells."
125989,GTTCGGGGTTCAGACT_F01851,nasal mucosa goblet cell,"epithelial cell of lower respiratory tract
This cell profile represents an **epithelial cell of lower respiratory tract** (specifically from the bronchiolar/alveolar transition zone). It is characterized by the extremely high expression of secretoglobins (*SCGB3A2*, *SCGB1A1*, *SCGB3A1*) and surfactant proteins (*SFTPB*), alongside a signature of ciliated cell markers (*TMEM190*, *CAPS*, *TPPP3*, and various *CFAP* genes). This hybrid secretory and ciliated expression profile is characteristic of general or transitional airway epithelial cells of the lower respiratory tract."
22178,ACGGGCTTCGGTCCGA_F02607,nasal mucosa goblet cell,"club cell
This cell type is identified as a club cell (formerly Clara cell) due to the highly specific and abundant expression of secretoglobins, particularly *SCGB1A1* (the classic club cell marker) and *SCGB3A2*. Other prominent markers include *SFTPB* (surfactant protein B), *SLPI*, and *WFDC2*, which are characteristic of secretory epithelial cells in the bronchioles of the lung."
284539,AGCATACTCCTGTACC_F02611,nasal mucosa goblet cell,"club cell

The cell type is a club cell. This is primarily indicated by the extremely high and specific expression of *SCGB1A1* (secretoglobin family 1A member 1, also known as CC10/CC16, the classic club cell marker) along with *SCGB3A1* and *SCGB3A2*. Other highly expressed markers such as *SLPI*, *WFDC2*, and *BPIFB1* are also characteristic secretory proteins of club cells in the bronchiolar epithelium of the lung."
69406,ACGGCCATCGTGGTCG_F02528,nasal mucosa goblet cell,"Pulmonary neuroendocrine cell
This cell type is identified as a pulmonary neuroendocrine cell (PNEC) due to the highly specific expression of classic neuroendocrine markers, including *GRP* (gastrin-releasing peptide), *CALCA* (calcitonin-related polypeptide alpha), *CHGA* (chromogranin A), and *SCG5* (secretogranin V)."
169332,AGGGTGAGTTCCACGG_F02607,natural killer cell,"natural killer cell
The gene expression profile is characterized by high expression of cytotoxic effector molecules (GNLY, NKG7, PRF1, GZMB, GZMA, GZMH) and NK-specific markers, including killer cell lectin-like receptors (KLRD1, KLRF1), killer cell immunoglobulin-like receptors (KIR2DL4, KIR2DL1), SPON2, and FGFBP2. The low expression of CD3E and T-cell receptor genes (TRBC1, TRBC2) further distinguishes these as natural killer cells rather than T cells."
180463,P1_4_AGCGTCGTCTGGGCCA,natural killer cell,"natural killer cell
This cell type is characterized by the high expression of cytotoxic effector molecules (*GNLY*, *NKG7*, *GZMB*, *GZMA*, *PRF1*) and natural killer cell-specific receptors (*KLRB1*, *KLRF1*, *KLRD1*, *KLRC1*). The presence of *FCGR3A* (CD16), *TYROBP*, and *IL2RB*, combined with the lack of classical T-cell receptor complex genes (such as *CD3D* or *CD3E*), confirms these are natural killer cells."
309589,P1_4_CCTCAGTAGAAACCAT,natural killer cell,"natural killer cell
This cell type is identified as a natural killer (NK) cell. The expression profile is dominated by key cytotoxic and NK-specific markers, including *GNLY* (granulysin), *NKG7*, *PRF1* (perforin), and various granzymes (*GZMB*, *GZMH*, *GZMA*, *GZMM*). Additionally, it highly expresses NK-specific receptors and signaling molecules such as *KLRD1* (CD94), *KLRF1*, *KLRC1*, *NCR3* (NKp30), *FCGR3A* (CD16), and *TYROBP*, which distinguish it from other cytotoxic T cell populations."
254666,GTCGGGTCAGCTGCAC_HD66,natural killer cell,"natural killer cell
This cell type is identified as a natural killer cell. It highly expresses classic NK cell markers and cytotoxic molecules, including *NKG7*, *GNLY*, *GZMA*, *GZMB*, *PRF1*, and *CST7*. Additionally, the specific expression of NK-cell receptors and lineage-associated genes such as *KLRD1* (CD94), *KLRF1*, *KLRB1*, *FGFBP2*, and *SPON2* strongly distinguishes it from other cytotoxic T cells or lymphoid populations in the lung parenchyma."
229805,GGCGTGTAGTTAGGTA_F01639,natural killer cell,"CD8-positive, alpha-beta T cell
This cell population is characterized by the strong expression of T-cell lineage markers (CD3D, CD3E, CD3G, TRBC2) and CD8 co-receptors (CD8A, CD8B). They also highly express cytotoxic effector molecules (GZMA, GZMB, GZMK, GZMH, GNLY, NKG7) and chemokines (CCL4, CCL5), which are classic signatures of cytotoxic CD8-positive, alpha-beta T cells in the lung parenchyma."
303503,CTAAGACTCTGTCTCG-1-HCATisStab7587202,natural killer cell,"natural killer cell
This cell profile is characterized by the high expression of cytotoxic and NK-specific marker genes, including *GNLY*, *NKG7*, *KLRD1* (CD94), *KLRF1*, *FGFBP2*, *FCGR3A* (CD16), and granzymes (*GZMB*, *GZMA*), alongside the absence of classical T-cell receptor complex genes (such as *CD3D* or *CD3E*). This expression signature is highly specific for natural killer (NK) cells."
113946,GTTAAGCTCTTCGGTC-SC56,natural killer cell,"natural killer cell
This cell profile is characterized by the high expression of cytotoxic and NK-specific marker genes, including *GNLY*, *NKG7*, *GZMB*, *PRF1*, *KLRD1* (CD94), *KLRF1*, *KLRC1*, *FCGR3A* (CD16), and *FGFBP2*. The lack of prominent T-cell receptor complex genes (such as *CD3* subunits or *CD8A/B*) in the top markers distinguishes these as natural killer cells rather than CD8-positive T cells."
123934,P3_6_GATCGCGGTATAGGGC,natural killer cell,"natural killer cell
This cell type is characterized by the high expression of cytotoxic and NK-specific marker genes, including GNLY, NKG7, PRF1, GZMB, GZMA, GZMH, KLRD1 (CD94), KLRF1, and FGFBP2. The lack of CD3 subunits and CD8 coreceptors in the top marker list distinguishes these as natural killer cells rather than CD8-positive T cells."
162593,GTCTCGTAGAGCTGGT-SC56,natural killer cell,"natural killer cell
This cell type is identified as a natural killer cell due to the high expression of cytotoxic and NK-specific marker genes, including *GZMB*, *GNLY*, *NKG7*, *KLRD1* (CD94), *KLRF1*, *KIR2DL1*, and *PRF1* (perforin), coupled with the absence of classical T-cell receptor complex genes (such as *CD3* or *CD8*)."
293037,GTCTTCGGTGCTGTAT-1-HCATisStab7747198,natural killer cell,"natural killer cell
This cell type is identified as a natural killer (NK) cell. It highly expresses classic cytotoxic and NK-specific marker genes, including *GNLY* (granulysin), *NKG7*, *PRF1* (perforin), *GZMB/GZMA/GZMH* (granzymes), and killer cell lectin-like receptors such as *KLRD1* (CD94) and *KLRF1*. The strong expression of these cytolytic mediators and NK receptors, combined with the absence of T-cell receptor complex genes (such as *CD3D/E/G*), distinguishes these cells from CD8-positive T cells."
122766,P3_5_CCTCTGAAGAGTACCG,natural killer cell,"natural killer cell
This cell profile is characterized by the high expression of cytotoxic and NK-specific marker genes, including GNLY, NKG7, GZMB, PRF1, KLRD1, KLRF1, and NCR3, which are hallmark signatures of natural killer cells."
246628,TTCGAAGCAGCTATTG-1-HCATisStab7747197,natural killer cell,"natural killer cell
This cell type is identified as a natural killer (NK) cell. It highly expresses key cytotoxic mediator genes (*GNLY*, *PRF1*, *GZMB*, *GZMA*), NK-specific receptors (*NKG7*, *KLRD1*, *KLRF1*, *NCR3*), and chemokines (*CCL4*, *CCL3*, *XCL1*, *XCL2*). The presence of *FCGR3A* (CD16) and *FGFBP2* further characterizes these as mature, active cytotoxic NK cells."
40529,GACCAATAGTGTGAAT-1-HCATisStab7587211,natural killer cell,"natural killer cell
This cell type is identified as a natural killer (NK) cell due to the high expression of cytotoxic effector molecules (GNLY, GZMB, GZMA, PRF1) and NK-specific markers (NKG7, KLRF1, KLRD1, KLRB1, KLRG1, FCGR3A/CD16). It also highly expresses chemokines involved in immune recruitment (CCL3, CCL4, CCL5) and lacks prominent T-cell receptor complex markers (such as CD3D or CD3E), distinguishing it from CD8+ T cells."
145738,CACAAACTCTGCCCTA_F02522,natural killer cell,"natural killer cell
The cell type is a natural killer (NK) cell. The expression profile is dominated by key cytotoxic and NK-specific markers, including GNLY (granulysin), NKG7, GZMB (granzyme B), PRF1 (perforin), and killer cell lectin-like receptors such as KLRD1, KLRF1, and KLRC1, along with FCGR3A (CD16) and FGFBP2, which are highly characteristic of NK cells."
283235,GTGCATAAGACCTAGG-1-HCATisStab7587211,natural killer cell,"natural killer cell
This cell type is identified as a natural killer cell due to the high and specific expression of cytotoxic effector genes (GNLY, PRF1, GZMB, GZMA, GZMH) and NK cell-specific surface receptors and markers (NKG7, KLRD1, KLRF1, KLRB1, FCGR3A, and SPON2)."
196189,CCGTTCATCGTCTGCT-1-HCATisStab7587211,natural killer cell,"natural killer cell
This cell type is identified as a natural killer (NK) cell. The expression profile is highly enriched for cytotoxic effector molecules (GNLY, NKG7, GZMB, GZMA, PRF1), chemokines (CCL3, CCL4, CCL5, XCL1, XCL2), and NK-specific receptors and markers (KLRD1, KLRF1, KLRB1, NCR3, FCGR3A/CD16, and IL2RB), which are characteristic of NK cells in the lung parenchyma."
178127,GTTCTCGGTAAGCACG-1-HCATisStab7587208,natural killer cell,"natural killer cell
This cell type is identified as a natural killer (NK) cell. The expression profile is dominated by key cytotoxic and NK-specific markers, including *GNLY* (granulysin), *NKG7*, *GZMB*, *GZMA*, and *PRF1* (perforin). It also highly expresses NK-specific receptors such as *KLRF1* (NKp80), *KLRD1* (CD94), *NCR3* (NKp30), and *FCGR3A* (CD16), while lacking prominent T-cell receptor complex genes (like CD3 subunits), distinguishing it from cytotoxic T cells."
280596,CATCAGAAGCTGAACG_F02522,natural killer cell,"natural killer cell
This cell type is identified as a natural killer cell due to the high expression of cytotoxic effector molecules (*GNLY*, *GZMB*, *GZMA*, *PRF1*) and NK-specific markers such as *NKG7*, *KLRD1* (CD94), *KLRF1* (NKp80), *KIR2DL1*, and *TYROBP*."
111794,CTAGTGACACTGAAGG-1-HCATisStab7747200,natural killer cell,"natural killer cell
This cell type is identified as a natural killer cell due to the high expression of cytotoxic effector genes (*GNLY*, *NKG7*, *PRF1*, *GZMB*, *GZMA*, *GZMH*) and NK-specific markers, including killer cell lectin-like receptors (*KLRD1*, *KLRF1*, *KLRB1*), *NCR3* (NKp30), *FCGR3A* (CD16), and *TYROBP*. The relatively low expression of CD3 components (*CD3D*) further distinguishes these from T cells."
102385,P2_1_GAGCAGAAGTGGAGTC,natural killer cell,"natural killer cell
This cell profile is characterized by high expression of cytotoxic effector molecules (*NKG7*, *GZMB*, *GNLY*, *PRF1*, *GZMA*, *GZMH*) and NK-specific receptors, including killer cell lectin-like receptors (*KLRD1*, *KLRB1*, *KLRF1*, *KLRC1*) and killer cell immunoglobulin-like receptors (*KIR2DL3*, *KIR2DL1*). Additional classic NK markers such as *FCGR3A* (CD16), *FGFBP2*, and *SPON2* are highly enriched, while T-cell receptor complex genes (like *CD3D/E*) are absent, confirming these as natural killer cells."
204669,CTCGGGAGTATAGGGC_F02526,non-classical monocyte,"non-classical monocyte
This cell profile is characteristic of non-classical monocytes, defined by the high expression of *FCGR3A* (CD16), *LST1*, *MS4A7*, *RHOB*, *HMOX1*, and *LILRB2*, alongside pan-myeloid markers like *TYROBP*, *AIF1*, and *FCER1G*. The absence of classical monocyte markers (such as *S100A8*, *S100A9*, and *VCAN*) further confirms this identity. The prominent heat shock protein signature (*HSPA1A*, *HSPA6*, *HSPA1B*) represents a typical stress response induced during tissue dissociation."
107886,TTTACTGTCGAGAACG_F01365,non-classical monocyte,"classical monocyte

This cell population is identified as classical monocytes based on the high expression of canonical marker genes including *S100A8*, *S100A9*, *S100A12*, *FCN1*, *VCAN*, and *CD14*. These calcium-binding proteins and adhesion molecules are highly specific to classical monocytes in the blood and lung tissue, distinguishing them from non-classical monocytes (which lack high *S100A8/A9/CD14* expression) and resident alveolar macrophages (which typically express *MARCO* and *FABP4*)."
201601,TTGTAGGTCATCACCC_HD101,non-classical monocyte,"non-classical monocyte
This cell type is identified as a non-classical monocyte. It highly expresses *FCGR3A* (CD16) and *CDKN1C*, which are key distinguishing markers for non-classical (CD14-dim/CD16-positive) monocytes. The profile also features prominent myeloid and monocyte-associated genes such as *LST1*, *LILRB1*, *LILRB2*, *AIF1*, *MS4A7*, and *TYROBP*, while lacking high expression of classical monocyte markers (like *S100A8* and *S100A9*) and alveolar macrophage markers (like *FABP4* and *MARCO*)."
65900,CGAGCACCAGCTGTAT-SC59,non-classical monocyte,"non-classical monocyte

This cell type is identified as a non-classical monocyte. It is characterized by the high expression of *FCGR3A* (CD16), *LST1*, *AIF1*, *TYROBP*, and *MS4A7*, which are key markers distinguishing non-classical (CD16+) monocytes from classical (CD14+) monocytes. Additionally, the relatively lower expression of *S100A8* and *S100A9* compared to classical monocytes further supports this classification."
58923,AGACGTTAGCCTATGT_F02524,non-classical monocyte,"lung macrophage
This cell type is identified as a lung macrophage (specifically interstitial macrophage) due to the extremely high and specific expression of complement genes (*C1QA*, *C1QB*, *C1QC*), antigen-presentation molecules (*CD74*, *HLA-DRA*, *HLA-DPA1*), and pan-macrophage/myeloid markers (*TYROBP*, *AIF1*, *CD68*, *LYZ*). The absence of classical alveolar macrophage markers (such as *FABP4* or *MARCO*) distinguishes these as interstitial lung macrophages."
8550,TTATGCTGTCTGCCAG_HD67,non-classical monocyte,"alveolar macrophage
This cell profile is highly characteristic of alveolar macrophages, the resident macrophages of the lung parenchyma. It is defined by the strong expression of lipid metabolism genes (*APOE*, *APOC1*), complement components (*C1QA*, *C1QB*, *C1QC*), lysosomal enzymes (*LYZ*, *CTSD*, *CTSB*, *CTSS*), and classic macrophage markers (*CD68*, *MRC1*/*CD206*, *CD163*, *TREM2*). Additionally, the high expression of MHC class II molecules (*HLA-DRA*, *CD74*, *HLA-DPB1*, *HLA-DPA1*) reflects their role in antigen presentation within the alveolar space."
142625,CCTTCGATCTGTCCGT_F01639,non-classical monocyte,"non-classical monocyte

This cell type is identified as a **non-classical monocyte** based on the high expression of *FCGR3A* (CD16), *LST1*, *AIF1*, *CX3CR1*, *MS4A7*, and *MTSS1*, which are characteristic markers of non-classical (CD14-dim/CD16-positive) monocytes. The relatively lower expression of *S100A9* and the absence of *S100A8* in the top markers further distinguish them from classical monocytes, while the lack of alveolar macrophage markers (such as *FABP4* or *MARCO*) rules out resident macrophages."
89305,P3_7_CGTTCTGCAAGCGTAG,non-classical monocyte,"non-classical monocyte

This cell type is identified as a non-classical monocyte. It is characterized by the high expression of *FCGR3A* (CD16), *LST1*, *AIF1*, *MS4A7*, *CEBPB*, and *RHOC*. The absence of typical classical monocyte markers (such as *CD14*, *S100A8*, *S100A9*, and *VCAN*) and alveolar macrophage markers (such as *FABP4* and *MARCO*) further confirms this population as non-classical (CD16+) monocytes."
231036,GACGTTAGTACTTCTT_F01367,non-classical monocyte,"CD1c-positive myeloid dendritic cell

This cell type is characterized by the high expression of MHC class II molecules (such as HLA-DRA, HLA-DPA1, HLA-DRB1, and CD74) alongside highly specific markers for conventional dendritic cells (cDC2), including CD1C, CLEC10A, FCER1A, and CD1E. The presence of these markers, along with myeloid-associated genes like LYZ, CST3, and SPI1, confirms its identity as a CD1c-positive myeloid dendritic cell."
309461,GTTCGGGGTAACGACG_F01874,non-classical monocyte,"alveolar macrophage
This cell type is identified as an alveolar macrophage. It is characterized by the high expression of *FABP4*, *MARCO*, and *MRC1* (CD206), which are highly specific markers for alveolar macrophages in the lung. The profile also shows strong expression of complement genes (*C1QA*, *C1QB*, *C1QC*), lipid-associated genes (*APOE*, *APOC1*), and macrophage markers (*CD68*, *TYROBP*). The presence of surfactant-associated transcripts (*SFTPC*, *SFTPB*, *SFTPA1/2*) reflects their specialized role in engulfing and recycling surfactant in the alveolar space."
190082,GCCAACGGTCAGTCGC_SC142,non-classical monocyte,"alveolar macrophage
This cell type is identified as an alveolar macrophage. It is characterized by the extremely high and specific expression of *FABP4*, a canonical marker for alveolar macrophages in the lung. Other highly expressed genes include lipid metabolism-related genes (*APOE*, *APOC1*, *FABP5*, *LPL*), complement components (*C1QA*, *C1QB*, *C1QC*), and classic macrophage markers (*CD68*, *MRC1*, *MSR1*, *MMP9*, *MMP12*)."
95099,TGAGAGGGTTACGACT_F01851,non-classical monocyte,"lung macrophage
This cell type is identified as a lung macrophage (specifically resembling interstitial macrophages). It is characterized by the high expression of complement genes (*C1QA*, *C1QB*, *C1QC*), myeloid lineage markers (*AIF1*, *TYROBP*, *FCER1G*, *CST3*), and antigen-presentation molecules (*CD74*, *HLA-DRA*, *HLA-DRB1*). This profile distinguishes them from alveolar macrophages, which typically express *FABP4* and *MARCO*."
105101,TGTGGTACAGCTGTAT_F01639,non-classical monocyte,"classical monocyte
This cell profile is characterized by the high expression of *S100A8*, *S100A9*, *VCAN*, *FCN1*, and *CD14*, which are hallmark markers of classical monocytes. The presence of other myeloid-specific genes such as *LYZ*, *CSF3R*, *CD300E*, and inflammatory mediators like *IL1B*, *CXCL2*, and *CXCL8* further supports this identification, distinguishing them from non-classical monocytes (which typically express *FCGR3A* and lack high *VCAN*/*FCN1*) and alveolar macrophages (which express *FABP4* and *MARCO*)."
2306,GGTGTTAGTAGTACGG_SC84,non-classical monocyte,"classical monocyte
This cell type is identified as a classical monocyte. It is characterized by the high expression of canonical monocyte markers such as *S100A8*, *S100A9*, *VCAN*, *FCN1*, and *LYZ*, along with inflammatory mediators like *IL1B* and *G0S2*. This profile distinguishes classical monocytes from non-classical monocytes (which typically express higher *CDKN1C* and lower *S100A8/A9*) and resident alveolar macrophages (which express markers like *FABP4* and *MARCO*)."
151693,7239219_GGGAGATTCCAGAGGA,non-classical monocyte,"alveolar macrophage

This cell profile is characteristic of **alveolar macrophages**. It is dominated by myeloid and macrophage-specific markers, including *LYZ*, *HLA-DRA*, *TYROBP*, *AIF1*, and complement genes (*C1QA*, *C1QB*). The presence of S100 proteins (*S100A8*, *S100A9*) and *FCN1* indicates an inflammatory or transitional state. The detection of surfactant transcripts like *SFTPC*, *SFTPA2*, and *SFTPB* is a well-documented phenomenon in alveolar macrophages, resulting from the phagocytosis of surfactant or ambient RNA contamination from neighboring alveolar type II cells in the lung parenchyma."
235610,CGAGCACCAAAGTGCG_F01874,non-classical monocyte,"lung macrophage

This cell type is identified as a lung macrophage (specifically non-alveolar/interstitial). The expression profile shows a strong signature of core macrophage genes, including complement components (*C1QA*, *C1QB*, *C1QC*), antigen presentation molecules (*CD74*, *HLA-DRA*), and myeloid markers (*AIF1*, *TYROBP*, *CD68*). It also expresses monocyte-associated genes (*S100A8*, *S100A9*, *FCN1*), which is characteristic of interstitial lung macrophages that continuously recruit from blood monocytes, while lacking typical alveolar macrophage markers like *FABP4* or *MARCO*."
49987,AAAGCAACAACGATCT_F01394,non-classical monocyte,"lung macrophage
This cell type is identified as a lung macrophage (specifically resembling interstitial macrophages). It is characterized by the high expression of pan-macrophage and myeloid markers such as *AIF1* (Iba1), *TYROBP*, *FCER1G*, *CST3*, and *CD68*, alongside high levels of complement genes (*C1QA*, *C1QB*, *C1QC*) and MHC class II molecules (*CD74*, *HLA-DRA*, *HLA-DPA1*). The absence of alveolar macrophage-specific markers like *FABP4* and *MARCO* distinguishes these as tissue-resident lung/interstitial macrophages."
213564,CTAGAGTGTGGCTCCA_F01394,non-classical monocyte,"alveolar macrophage
Alveolar macrophages are characterized by the exceptionally high and specific expression of FABP4 (fatty acid-binding protein 4) and SPP1. They also highly express complement genes (C1QA, C1QB, C1QC), lipid metabolism-related genes (FABP5, LIPA, CD36, APOC1, LPL), and classic macrophage markers (CD68, TYROBP, TREM2, CSF1R), along with antigen-presentation molecules (CD74, HLA-DRA)."
178151,7135920_CAGTAACAGGCGTACA,non-classical monocyte,"lung macrophage
This cell type is a lung macrophage. The expression profile is dominated by key myeloid and macrophage-associated markers, including LST1, FCER1G, AIF1, TYROBP, FCN1, S100A9, C1QA, and the transcription factor MAFB. The high ranking of epithelial transcripts such as SCGB1A1 and SFTPC is a well-documented phenomenon in lung single-cell transcriptomics, resulting from ambient RNA contamination or the phagocytosis of surfactant and epithelial cell debris by macrophages in the lung microenvironment."
141430,TCACGAACAAGGTTCT_F01394,non-classical monocyte,"lung macrophage
This cell profile is characteristic of a lung macrophage (specifically interstitial macrophages). It is defined by the high expression of pan-macrophage markers (*AIF1*, *CD68*, *TYROBP*), antigen-presentation genes (*CD74*, *HLA-DRA*), and complement components (*C1QA*, *C1QB*, *C1QC*). The presence of *S100A8*, *S100A9*, and *FCN1*, alongside the absence of typical alveolar macrophage markers like *FABP4* and *MARCO*, distinguishes these as tissue-resident lung macrophages rather than alveolar macrophages."
208306,CCGTACTCAGGTGCCT_F01365,plasma cell,"plasma cell
The profile is dominated by immunoglobulin genes (such as IGHG1, IGHA1, IGHM, and IGKC) and key plasma cell markers including JCHAIN, MZB1, TNFRSF17 (BCMA), CD38, XBP1, and IRF4. These genes are essential for high-rate antibody synthesis, secretion, and endoplasmic reticulum stress response, which are characteristic features of plasma cells."
212828,AAATGCCGTTCAGTAC_SC18,plasma cell,"plasma cell
The cell type is a plasma cell, characterized by the extremely high expression of immunoglobulin genes (such as *IGKC*, *IGHA1*, *IGHG1*, and *JCHAIN*) and specific plasma cell markers including *MZB1*, *PRDM1* (BLIMP1), *TNFRSF17* (BCMA), and *FKBP11*, which are essential for antibody production and secretion."
269896,AGTCTTTCAAGCCGTC-SC156,plasma cell,"B cell
The cell type is identified as a B cell. The expression profile is dominated by immunoglobulin genes (IGKC, IGHM, IGHA1, IGHG1, IGHG3) and JCHAIN, which are characteristic of B-lineage cells. The presence of homing and activation markers such as CCR7, LTB, IL7R, CXCR4, and KLF2, alongside relatively lower specificity for plasma cell-specific endoplasmic reticulum stress markers (like MZB1 and FKBP11), distinguishes these as B cells rather than terminally differentiated plasma cells."
137019,TGACGGCAGGCGCTCT_HD67,plasma cell,"plasma cell
The cell profile is characterized by high expression of immunoglobulin genes (such as *IGHG2*, *IGHG3*, *IGHA1*, *IGKC*) and *JCHAIN*, which is essential for polymeric Ig assembly. It also highly expresses plasma cell-specific markers like *MZB1*, *TNFRSF17* (BCMA), *CD38*, and *XBP1*, along with endoplasmic reticulum chaperone and protein folding genes (*TXNDC5*, *FKBP11*, *HSP90B1*) required for high-rate antibody secretion."
157878,TACTTACCACCATCCT_F01365,plasma cell,"plasma cell
The expression profile is dominated by immunoglobulin genes (such as IGHA2, IGLC3, IGHG1, IGHA1, and IGKC) and JCHAIN, which is essential for the assembly of secretory IgA and IgM. Additionally, it features highly specific plasma cell markers including MZB1, TNFRSF17 (BCMA), SDC1 (CD138), DERL3, and key transcription factors like IRF4 and XBP1, which regulate plasma cell differentiation and the unfolded protein response required for high-rate antibody secretion."
32145,TTTCCAGACTAGAC-SC14,plasma cell,"plasma cell
The profile is dominated by immunoglobulin genes (e.g., IGKC, IGLC3, IGHG1, JCHAIN) and plasma cell-specific markers such as MZB1, DERL3, FKBP11, and TNFRSF17 (BCMA). The presence of XBP1 and endoplasmic reticulum-associated genes (SSR4, SEC11C, HSP90B1) reflects the high secretory activity characteristic of plasma cells."
320949,ACTTGTTAGGACCACA-1-HCATisStab7587208,plasma cell,"plasma cell
The gene expression profile is dominated by immunoglobulin genes (such as *IGKC*, *IGLC2*, *IGHA1*, *IGHG1*, and *JCHAIN*) and specific markers of antibody-secreting cells, including *MZB1*, *DERL3*, *FKBP11*, *TNFRSF17* (BCMA), and *CD38*. Additionally, the high expression of endoplasmic reticulum-associated genes involved in protein folding and secretion (e.g., *HSP90B1*, *SSR4*, *SEC11C*, and *XBP1*) is a hallmark of plasma cells."
261476,ATCCACCTCATGTGGT_F01367,plasma cell,"plasma cell
This cell type is identified as a plasma cell. It exhibits high expression of immunoglobulin genes (*IGHA1*, *IGHA2*, *IGKC*, *IGHG1*) and *JCHAIN*, which are essential for antibody synthesis and secretion. Additionally, it expresses key plasma cell markers and regulators of the unfolded protein response and secretory pathway, such as *MZB1*, *DERL3*, *XBP1*, *IRF4*, *TNFRSF17* (BCMA), and *FKBP11*."
90834,AGTGTCATCCGTTGTC_F01641,plasma cell,"plasma cell
The cell type is a plasma cell. The expression profile is dominated by immunoglobulin genes (such as JCHAIN, IGHG2, IGHM, IGKC, and IGHA2) and key plasma cell markers including MZB1, TNFRSF17 (BCMA), CD38, and POU2AF1. Additionally, there is high expression of endoplasmic reticulum-associated genes involved in protein folding and secretion (e.g., TXNDC5, FKBP11, XBP1, and HSP90B1), which is characteristic of antibody-secreting plasma cells."
45203,P3_7_GTTCATTCACGCGAAA,plasma cell,"plasma cell
The profile is dominated by immunoglobulin genes (such as *IGKC*, *IGHA1*, *IGLC2*, and *IGHG1*) and *JCHAIN*, which are characteristic of antibody-secreting cells. Additionally, key plasma cell markers like *MZB1*, *SDC1* (CD138), and *TNFRSF17* (BCMA) are highly specific, alongside endoplasmic reticulum stress and protein transport genes (*XBP1*, *FKBP11*, *SEC11C*, *DERL3*) required for high-rate antibody production."
132510,TTGACTTCACCGATAT_F01365,plasma cell,"plasma cell
The cell profile is dominated by immunoglobulin genes (*JCHAIN*, *IGHG2*, *IGHA1*, *IGKC*, *IGLC2*) and markers of antibody-secreting cells, including *MZB1*, *DERL3*, *TXNDC5*, *TNFRSF17* (BCMA), *CD38*, and the endoplasmic reticulum stress-response transcription factor *XBP1*. This molecular signature is highly specific for plasma cells."
237963,CTGGTCTGTGGTACAG_SC18,plasma cell,"plasma cell
This cell type is identified as a plasma cell due to the high expression of immunoglobulin light and heavy chains (IGKC, IGHM, IGLC3, IGHG1, IGHA1) and key plasma cell markers including JCHAIN, MZB1, and TNFRSF17 (BCMA). The presence of ER stress and protein folding genes (DERL3, FKBP11, SSR4) further supports the active antibody-secreting state characteristic of plasma cells."
325725,AGAGCTTGTCGATTGT_F01366,plasma cell,"plasma cell
The cell type is a plasma cell. The expression profile is dominated by immunoglobulin genes (IGHA1, IGHA2, IGHG1, IGLC2, IGKC) and JCHAIN, which is essential for multimeric IgA/IgM secretion. Additionally, it highly expresses key plasma cell markers and regulators such as MZB1, CD79A, DERL3, TNFRSF17 (BCMA), PRDM1 (BLIMP1), and IRF4, which are characteristic of antibody-secreting plasma cells."
319376,AGGTCCGTCTCCGGTT_SC18,plasma cell,"plasma cell
This cell type is identified as a plasma cell due to the high expression of immunoglobulin genes (IGKC, IGHM, IGHA1, IGHG3, IGHG4, IGHA2, IGHG1) and JCHAIN, which are essential for antibody production. Additionally, it expresses key plasma cell markers such as MZB1 and TNFRSF17 (BCMA), along with endoplasmic reticulum-associated genes involved in protein folding and secretion (FKBP11, SEC11C, SSR4, DERL3)."
314820,TCCGATCAGGAAAGGT_SC84,plasma cell,"plasma cell
The expression profile is dominated by immunoglobulin genes (such as IGKC, IGLC2, IGHM, IGHG, and IGHA) and JCHAIN, which are characteristic of antibody-secreting cells. Additionally, it highly expresses key plasma cell markers and regulators, including MZB1, FKBP11, DERL3, XBP1, TNFRSF17 (BCMA), CD38, and PRDM1 (BLIMP1), which are essential for endoplasmic reticulum stress management and antibody synthesis."
244773,GCGAGAATCTTGTACT_SC18,plasma cell,"plasma cell
This cell type is identified as a plasma cell due to the extremely high expression of immunoglobulin genes (such as *IGKC*, *IGHM*, *IGLC2*, *IGHG1*, and *IGHA1*) and key plasma cell markers including *JCHAIN*, *MZB1*, *FKBP11*, and *TNFRSF17* (BCMA). These genes encode the immunoglobulins and the specialized endoplasmic reticulum machinery required for high-rate antibody secretion, which is the defining feature of plasma cells."
211693,TGCCAAAGTAAGGGCT-1-HCATisStab7747198,plasma cell,"plasma cell
This cell type is identified as a plasma cell due to the extremely high and specific expression of immunoglobulin genes (such as *IGKC*, *IGLC2*, *IGHA1*, *IGHG3*, and *IGHM*), along with *JCHAIN*, which is required for secretory antibodies. Additionally, it expresses key plasma cell markers like *MZB1*, *TNFRSF17* (BCMA), *DERL3*, *FKBP11*, and the transcription factor *XBP1*, which are essential for high-rate antibody synthesis and secretion."
235774,ACCCACTTCTTGAGGT_SC07,plasma cell,"plasma cell
This cell type is characterized by the extremely high expression of immunoglobulin genes (such as *IGKC*, *IGHG1*, *IGHM*, *JCHAIN*, and *IGHA2*) and key plasma cell markers including *MZB1*, *DERL3*, *FKBP11*, *TNFRSF17* (BCMA), *CD38*, *XBP1*, and *PRDM1*. This profile reflects the specialized endoplasmic reticulum and secretory machinery dedicated to high-rate antibody production, diagnostic of plasma cells."
34452,GAACGGAAGTGCGATG_F01366,plasma cell,"plasma cell
This cell type is identified as a plasma cell due to the high expression of immunoglobulin genes (*IGHG1*, *IGHA1*, *IGKC*, *IGLC2*) and *JCHAIN*, which is essential for the assembly of dimeric IgA and pentameric IgM. It also highly expresses plasma cell-specific markers and endoplasmic reticulum stress/secretory pathway genes, including *MZB1*, *DERL3*, *FKBP11*, *TNFRSF17* (BCMA), and key transcription factors like *PRDM1* (BLIMP1), *IRF4*, and *XBP1*, which are crucial for plasma cell differentiation and antibody secretion."
174278,TGCCAAATCATGTAGC_F01394,plasma cell,"plasma cell
This cell population is identified as plasma cells based on the highly specific expression of *JCHAIN*, *MZB1*, and various immunoglobulin heavy and light chain genes (*IGHG2*, *IGLC3*, *IGLL5*, *IGHA1*). It also expresses key plasma cell markers such as *TNFRSF17* (BCMA), *DERL3*, *FKBP11*, *CD38*, and *XBP1*, which are essential for antibody synthesis, protein folding, and endoplasmic reticulum stress responses in terminally differentiated antibody-secreting cells."
103470,P3_7_GCGACCACAAGCCCAC,plasmacytoid dendritic cell,"plasmacytoid dendritic cell
This cell type is identified as a plasmacytoid dendritic cell (pDC) based on the highly specific expression of key pDC marker genes, including LILRA4 (ILT7), CLEC4C (CD303), PLD4, and the master transcription factor TCF4 (E2-2). The profile also features high expression of IRF7, IRF8, BCL11A, and SPIB, which are critical for pDC development and interferon production, alongside GZMB, JCHAIN, and MZB1."
44790,CATGGCGGTTTGTTTC_F02611,plasmacytoid dendritic cell,"plasmacytoid dendritic cell
This cell type is characterized by the highly specific expression of classic plasmacytoid dendritic cell (pDC) markers, including LILRA4, PLD4, IRF7, SPIB, GZMB, JCHAIN, MZB1, and LAMP5, alongside antigen-presentation machinery such as CD74 and various MHC class II molecules (HLA-DRA, HLA-DPB1)."
82741,CGTGTAACATACTCTT_F01639,plasmacytoid dendritic cell,"dendritic cell

This cell type is identified as a **dendritic cell**. The expression profile displays a broad signature of multiple dendritic cell subsets and activation states. This includes markers of mature/migratory dendritic cells (*FSCN1*, *CCL17*, *CCL22*, *LAMP3*, *CCR7*), conventional dendritic cells (*CD1C*, *CD1E*, *FCER1A*), and plasmacytoid dendritic cells (*TCF4*, *SPIB*, *PLD4*). It also features extremely high expression of antigen-presentation machinery, such as MHC class II molecules (*CD74*, *HLA-DRA*, *HLA-DPA1*, *HLA-DRB5*), which is the hallmark of dendritic cells."
258692,ATCGAGTTCCAGAAGG_F01607,plasmacytoid dendritic cell,"plasmacytoid dendritic cell
This cell type is characterized by the highly specific expression of plasmacytoid dendritic cell (pDC) marker genes, including *LILRA4* (ILT7), *CLEC4C* (BDCA-2), *IL3RA* (CD123), *TCF4* (E2-2, the master transcription factor for pDC development), and *IRF7* (critical for type I interferon production). Other prominent markers like *PTGDS*, *PLD4*, *GZMB*, *JCHAIN*, and *MZB1* further confirm its identity as a plasmacytoid dendritic cell."
318501,P2_7_TCGTAGATCGTTGACA,plasmacytoid dendritic cell,"plasmacytoid dendritic cell
This cell type is identified as a plasmacytoid dendritic cell (pDC) based on the highly specific expression of key pDC markers, including LILRA4 (ILT7), CLEC4C (BDCA-2), PLD4, and transcription factors crucial for pDC function such as IRF7 and SPIB. Additionally, the high expression of GZMB, JCHAIN, MZB1, and MHC class II molecules (e.g., HLA-DRA, HLA-DQA1) is characteristic of secretory and antigen-presenting capabilities of plasmacytoid dendritic cells."
329653,ATAGACCCAATAGAGT_F01366,plasmacytoid dendritic cell,"plasmacytoid dendritic cell
This cell type is identified as a plasmacytoid dendritic cell (pDC) based on the highly specific expression of key pDC marker genes, including LILRA4 (ILT7), TCF4 (the master regulator of pDC development), SPIB, PLD4, and GZMB. The presence of JCHAIN, IRF4, IRF8, and MHC class II-associated genes (CD74, CIITA) further supports this identity, distinguishing them from conventional dendritic cells and B cells."
34589,7119453_TATCAGGCAGACAAAT,plasmacytoid dendritic cell,"plasmacytoid dendritic cell
This cell type is characterized by the high and specific expression of classic plasmacytoid dendritic cell (pDC) markers, including LILRA4 (ILT7), IL3RA (CD123), IRF7, PLD4, PTPRS, and LAMP5. The profile also features GZMB, JCHAIN, and MZB1, which are highly characteristic of human pDCs."
284026,P1_2_ACTGTCCTCAGTTTGG,plasmacytoid dendritic cell,"plasmacytoid dendritic cell
This cell type is characterized by the highly specific expression of plasmacytoid dendritic cell (pDC) markers, including LILRA4 (ILT7), CLEC4C (BDCA-2), TCF4, IRF7, and SPIB. The profile also features high expression of GZMB, JCHAIN, MZB1, and ITM2C, which are characteristic of pDCs, alongside antigen-presenting molecules like HLA-DRA and CD74."
241542,P3_7_GGACATTAGAGAGCTC,plasmacytoid dendritic cell,"plasmacytoid dendritic cell
This cell population is identified as plasmacytoid dendritic cells (pDCs) based on the highly specific expression of key pDC marker genes, including LILRA4 (ILT7), CLEC4C (BDCA-2), TCF4, IRF7, and SPIB. The co-expression of GZMB, JCHAIN, MZB1, and PLD4 further confirms this lineage, distinguishing them from conventional dendritic cells and other mononuclear phagocytes."
177673,CTGCGGAGTATAGGTA-1-HCATisStab7587205,plasmacytoid dendritic cell,"plasmacytoid dendritic cell

This cell type is identified as a plasmacytoid dendritic cell (pDC) based on the highly specific expression of key pDC marker genes, including *LILRA4*, *PLD4*, *SPIB*, *IRF7*, and *IRF8*. Additionally, the high expression of *GZMB*, *JCHAIN*, *ITM2C*, and *PTGDS*, alongside MHC class II molecules (*CD74*, *HLA-DRA*), is characteristic of pDCs, which are specialized in producing type I interferons in response to viral infections."
160770,P2_5_TTCGGTCCATGGGAAC,plasmacytoid dendritic cell,"plasma cell
The cell type is a plasma cell. The expression profile is dominated by immunoglobulin genes (such as IGLC2, IGHG1, IGHG2, IGLC3, IGHA1, and IGKC) along with JCHAIN and MZB1, which are highly specific markers for antibody-secreting plasma cells."
175402,P3_7_AGCGTATCACGGCTAC,plasmacytoid dendritic cell,"plasmacytoid dendritic cell
This cell type is characterized by the highly specific expression of plasmacytoid dendritic cell (pDC) markers, including *LILRA4* (ILT7), *CLEC4C* (BDCA-2), *TCF4*, *IRF7*, *IRF8*, and *SPIB*. The co-expression of *GZMB*, *JCHAIN*, *MZB1*, and *PLD4* further confirms its identity as a plasmacytoid dendritic cell."
268481,P3_7_GACGTTACAAAGAATC,plasmacytoid dendritic cell,"plasma cell

The gene expression profile is dominated by immunoglobulin genes (such as *IGLC2*, *IGKC*, *IGLC3*, *IGHG1*, *IGHA1*) and key markers of antibody-secreting cells, including *JCHAIN*, *MZB1*, *DERL3*, *FKBP11*, *TNFRSF17* (BCMA), *XBP1*, and *CD38*. This highly specific signature of immunoglobulin production and endoplasmic reticulum stress/secretory machinery is characteristic of plasma cells."
94831,CGGCTAGGTTTAGGAA_F02524,plasmacytoid dendritic cell,"plasmacytoid dendritic cell
This cell type is identified as a plasmacytoid dendritic cell (pDC) based on the highly specific expression of key pDC marker genes, including LILRA4, CLEC4C (BDCA-2), IL3RA (CD123), IRF7, TCF4, and TLR9, alongside other characteristic transcripts such as JCHAIN, MZB1, and GZMB."
27491,GCGACCAGTACTCGCG-1-HCATisStab7587205,plasmacytoid dendritic cell,"plasmacytoid dendritic cell
This cell type is a plasmacytoid dendritic cell (pDC). It is characterized by the highly specific expression of key pDC marker genes, including LILRA4 (ILT7), CLEC4C (CD303), TCF4, IRF7, and IRF8. The profile also features high levels of GZMB, JCHAIN, MZB1, PLD4, and TCL1A, which are classic signature genes for human plasmacytoid dendritic cells."
201879,P3_7_ACAGCTACAATAGCGG,plasmacytoid dendritic cell,"plasmacytoid dendritic cell
The expression profile is characterized by highly specific markers of plasmacytoid dendritic cells (pDCs), including LILRA4 (ILT7), CLEC4C (BDCA-2), TCF4, IRF7, and IRF8. Additionally, the presence of GZMB, JCHAIN, MZB1, and SPIB further confirms this identity, distinguishing them from other dendritic cell subsets and plasma cells."
331625,GATCTAGGTTAAGACA_F01367,plasmacytoid dendritic cell,"dendritic cell

This cell profile exhibits a combination of markers characteristic of multiple dendritic cell subsets. It includes key conventional dendritic cell (cDC) and migratory DC markers (such as *CD1A*, *CD1E*, *CD207*, *FCER1A*, *CCR7*, *CCL17*, and *CCL22*) alongside prominent plasmacytoid dendritic cell (pDC) markers (such as *LILRA4*, *TCF4*, *PLD4*, and *TCL1A*). The presence of these distinct lineage markers indicates a broad or grouped **dendritic cell** population."
25096,P2_5_ACAGCCGCAAGACACG,plasmacytoid dendritic cell,"plasmacytoid dendritic cell
This cell type is identified as a plasmacytoid dendritic cell (pDC) based on the highly specific expression of key pDC markers, including LILRA4 (ILT7), GZMB, IRF7, IRF8, PLD4, SPIB, and TSPAN13. The profile also shows strong expression of MHC class II molecules (HLA-DRA, CD74) for antigen presentation, alongside secretory-associated genes like JCHAIN and MZB1, which are characteristic of pDCs."
145698,P2_5_CTCAGAACAGATGAGC,plasmacytoid dendritic cell,"plasmacytoid dendritic cell
This cell type is characterized by the high expression of classic plasmacytoid dendritic cell (pDC) markers, including LILRA4 (ILT7), CLEC4C (BDCA-2), PLD4, IRF7, SPIB, and PTCRA. The presence of JCHAIN, MZB1, and GZMB, alongside key transcription factors like IRF8 and BCL11A, further confirms its identity as a plasmacytoid dendritic cell, distinguishing it from conventional dendritic cells and other mononuclear phagocytes."
26390,TACGGATTCCTCGCAT_HD66,plasmacytoid dendritic cell,"Plasmacytoid dendritic cell
This cell type is identified as a plasmacytoid dendritic cell (pDC) based on the highly specific expression of key pDC markers, including LILRA4 (ILT7) and CLEC4C (BDCA-2). Additionally, the profile features high expression of PTGDS, GZMB, JCHAIN, MZB1, and the pDC-specific transcription factors IRF7, IRF8, and SPIB, which are essential for their specialized role in type I interferon production and antigen presentation."
87045,AGTGGGATCAAGGCTT_SC18,pulmonary alveolar epithelial cell,"club cell
This cell type is identified as a club cell (formerly Clara cell) based on the exceptionally high and specific expression of secretoglobins *SCGB1A1* and *SCGB3A2*. Club cells are non-ciliated secretory epithelial cells of the bronchioles that produce protective airway secretions, as evidenced by the co-expression of *SLPI*, *PIGR*, *CXCL17*, and surfactant proteins (*SFTPB*, *SFTPA2*)."
169984,CTTGGCTTCCTCAATT_SC18,pulmonary alveolar epithelial cell,"pulmonary alveolar type 2 cell

This cell type is identified as a pulmonary alveolar type 2 (AT2) cell. It is characterized by the high and specific expression of surfactant proteins (SFTPC, SFTPB, SFTPA1, SFTPA2, and SFTPD), which are essential for reducing alveolar surface tension. Other highly specific markers include NAPSA (napsin A), SLC34A2, and SFTA2, which are well-established signature genes for mature AT2 cells in the lung parenchyma."
294352,GTCACAACAAATACAG_SC18,pulmonary alveolar epithelial cell,"club cell
This cell type is identified as a club cell (formerly Clara cell) of the lung. It is characterized by the exceptionally high expression of secretoglobin *SCGB3A2* and secretory leukocyte peptidase inhibitor (*SLPI*), which are classic markers for bronchiolar secretory cells. Additionally, the expression of surfactant protein B (*SFTPB*), *PIGR*, and cytochrome P450 enzymes like *CYP4B1* further confirms its identity as a club cell, distinguishing it from alveolar type 2 cells (which would have much higher *SFTPC* relative to *SCGB3A2*)."
139169,GTCCTCATCCAAACTG_HD66,pulmonary alveolar epithelial cell,"pulmonary alveolar type 2 cell
This cell type is identified as a pulmonary alveolar type 2 (AT2) cell. It is characterized by the highly specific expression of surfactant proteins (SFTPC, SFTPB, SFTPA1, SFTPA2, and SFTPD), which are essential for reducing surface tension in the alveoli. Other prominent markers include NAPSA (napsin A), SLC34A2, and SFTA2, which are well-established signatures of mature AT2 cells in the lung parenchyma."
206922,CAACTAGTCTGAGTGT_HD67,pulmonary alveolar epithelial cell,"club cell
This cell type is identified as a club cell (secretory cell of the bronchioles). It is characterized by the extremely high and specific expression of secretoglobins *SCGB3A2* and *SCGB1A1*, along with other secretory markers such as *SLPI*, *WFDC2*, and *PIGR*, as well as surfactant proteins like *SFTPB*."
1715,AGTGGGAGTGCCTGTG_SC20,pulmonary alveolar epithelial cell,"pulmonary alveolar epithelial cell
This cell profile exhibits a combination of markers characteristic of both alveolar type 1 (AT1) cells (such as *HOPX*, *AQP5*, *CAV1*, and *EMP2*) and alveolar type 2 (AT2) cells (such as *SFTPB*, *SFTPC*, *SFTA2*, and *SLC34A2*), along with general alveolar epithelial markers like *CLDN18*. The co-presence of these lineage-specific markers identifies the population as pulmonary alveolar epithelial cells."
226207,CGTTAGACACGAAGCA_HD101,pulmonary alveolar epithelial cell,"pulmonary alveolar epithelial cell
This cell profile exhibits key marker genes for both alveolar type 1 (AT1) cells (such as AGER, RTKN2, HOPX, CAV1, and EMP2) and alveolar type 2 (AT2) cells (such as SFTPB, SFTPC, and NAPSA). The concurrent presence of highly specific markers for both lineages indicates that this population represents pulmonary alveolar epithelial cells, the parent class encompassing both AT1 and AT2 cell types."
282100,P3_6_CATGACACACGAGAGT,pulmonary alveolar epithelial cell,"club cell
This cell type is identified as a club cell (secretory cell of the bronchioles) due to the extremely high and specific expression of *SCGB3A2* and *SCGB3A1*. Other prominent markers include *SLPI*, *WFDC2*, *PIGR*, and *CXCL17*, which are characteristic of airway secretory cells. The expression of surfactant proteins (*SFTPB*, *SFTPA1/2*) further supports this identity, as distal club cells are known to express these genes."
251195,P3_6_TAAACCGGTGCGAAAC,pulmonary alveolar epithelial cell,"pulmonary alveolar type 2 cell
This cell type is characterized by the extremely high and specific expression of surfactant proteins, including SFTPC (a highly specific marker for alveolar type 2 cells), SFTPA1, SFTPA2, SFTPB, and SFTPD. Other key markers present include NAPSA (Napsin A), SLC34A2, and the lung-specific transcription factor NKX2-1, which collectively confirm its identity as a pulmonary alveolar type 2 (AT2) cell responsible for surfactant production and lung homeostasis."
133930,GACGGCTGTTTGTGTG_F02617,pulmonary alveolar epithelial cell,"epithelial cell of lower respiratory tract
This cell type is identified as an **epithelial cell of lower respiratory tract**. The expression profile exhibits a broad signature of lower airway and alveolar epithelial lineages. It includes prominent markers of bronchiolar secretory/club cells (*SLPI*, *SCGB3A2*), alveolar type 2 cells (*SFTPB*, *SFTA2*, *SLC34A2*, *NAPSA*), and alveolar type 1 cells (*CAV1*, *HOPX*, *AQP5*, *EMP2*). This mixed expression of both airway and alveolar epithelial markers is characteristic of a generalized or progenitor-like epithelial cell population of the lower respiratory tract."
80988,GATGCTAAGTATCGAA_F02522,pulmonary alveolar epithelial cell,"epithelial cell of lower respiratory tract

This cell type is identified as **epithelial cell of lower respiratory tract**. The expression profile is characterized by high levels of *SCGB3A2*, *SLPI*, and *SFTPB*, which are classic markers of secretory and bronchiolar epithelial cells in the lower airways. The profile also contains markers of both alveolar type 1 cells (*AGER*, *HOPX*, *AQP5*) and alveolar type 2 cells (*SFTPB*, *SFTA2*, *SLC34A2*), reflecting a broad or progenitor-like lower respiratory tract epithelial identity typical of this ontology class in single-cell atlases like Tabula Sapiens."
89292,P3_6_TGAGAGGCAATCTGCA,pulmonary alveolar epithelial cell,"pulmonary alveolar type 2 cell
This cell type is identified as a pulmonary alveolar type 2 (AT2) cell. It is characterized by the highly specific expression of surfactant proteins, including SFTPC (a definitive marker for AT2 cells), SFTPB, SFTPA1, SFTPA2, and SFTPD. Other prominent markers include NAPSA (napsin A), SLC34A2, and CLDN18, which are essential for surfactant production, processing, and maintaining the alveolar epithelial barrier."
312386,GCGAGAACACGAAGCA_F02617,pulmonary alveolar epithelial cell,"club cell
This cell type is identified as a club cell (bronchiolar secretory cell) due to the highly specific and abundant expression of secretoglobins *SCGB3A2* and *SCGB3A1*, along with other classic secretory markers such as *SLPI*, *WFDC2*, and *SFTPB*. These proteins are characteristic of the non-ciliated secretory cells of the bronchiolar epithelium, which play critical roles in host defense and surfactant production."
113711,GACAGAGCATTGTGCA_HD67,pulmonary alveolar epithelial cell,"club cell
This cell profile is characteristic of club cells (formerly Clara cells) of the lung, as evidenced by the extremely high expression of *SCGB3A2* (secretoglobin family 3A member 2) and *SLPI* (secretory leukocyte peptidase inhibitor). Other prominent markers include *WFDC2*, *SFTPB*, and *CYP4B1*, which are classic secretory and metabolic markers of bronchiolar club cells involved in mucosal defense and surfactant production."
11834,TCGGTAATCTCGGACG_F02607,pulmonary alveolar epithelial cell,"pulmonary alveolar type 2 cell
This cell type is identified as a pulmonary alveolar type 2 (AT2) cell, characterized by the highly specific expression of surfactant proteins (SFTPC, SFTPB, SFTPD) and surfactant-associated molecules (SFTA2, SFTA3, SLC34A2, NAPSA). While SCGB3A2 and SLPI are also expressed, the definitive presence of SFTPC—a unique marker for AT2 cells—alongside other alveolar epithelial markers like HOPX and NKX2-1, distinguishes this population from club cells and other airway epithelial cells."
232826,GGAGCAATCACCTCGT_SC22,pulmonary alveolar epithelial cell,"pulmonary alveolar type 2 cell
This cell type is identified as a pulmonary alveolar type 2 (AT2) cell. The expression profile is dominated by surfactant-associated proteins, including SFTPC (a highly specific marker for AT2 cells), SFTPB, SFTPA1, SFTPA2, and SFTPD. Additionally, the presence of SLC34A2 (phosphate transporter), NAPSA (napsin A), and LPCAT1 (involved in surfactant synthesis) further confirms the AT2 phenotype, which is responsible for producing and secreting pulmonary surfactant in the lung alveoli."
226129,CTCGTACGTACCTACA_F01851,pulmonary alveolar epithelial cell,"club cell
This cell type is identified as a club cell (formerly Clara cell) of the lung. It is characterized by the extremely high and specific expression of secretoglobins, particularly *SCGB3A2*, *SCGB3A1*, and *SCGB1A1*, which are major secretory proteins of bronchiolar exocrine cells. Other highly expressed markers include *SLPI*, *WFDC2*, and surfactant-associated protein *SFTPB*, which are characteristic of secretory epithelial cells in the distal airways."
174801,P3_6_AGTGTCAGTCATCCCT,pulmonary alveolar epithelial cell,"club cell
This cell type is identified as a club cell (formerly Clara cell) of the lung. It is characterized by the extremely high and specific expression of secretoglobins, particularly *SCGB3A2*, *SCGB3A1*, and *SCGB1A1*, along with *SLPI* (secretory leukocyte peptidase inhibitor) and surfactant proteins like *SFTPB* and *SFTPD*. These proteins are crucial for the secretory and protective functions of club cells in the bronchiolar epithelium."
260043,AGAGTGGCACATGACT_F01157,pulmonary alveolar epithelial cell,"pulmonary alveolar type 2 cell
This cell type is characterized by the highly specific expression of surfactant proteins (*SFTPC*, *SFTPB*, *SFTPA1*, *SFTPA2*, and *SFTPD*), which are essential for reducing surface tension in the alveoli. Other key markers include *NAPSA* (napsin A), *SLC34A2*, and *CLDN18*. Together, this expression profile is highly specific to pulmonary alveolar type 2 (AT2) cells of the lung parenchyma."
174561,AGGGAGTAGAGCTATA_HD66,pulmonary alveolar epithelial cell,"club cell
The cell type is a club cell (bronchiolar exocrine cell). This is indicated by the highly specific expression of *SCGB3A2* and *SCGB3A1* (secretoglobulins), along with *SLPI*, *WFDC2*, and surfactant-associated proteins (*SFTPB*, *SFTA2*), which are characteristic markers of secretory club cells in the bronchiolar epithelium of the lung."
256343,GTCGTTCTCCAATGCA_SC85,pulmonary alveolar type 1 cell,"pulmonary alveolar type 1 cell
This cell type is identified as a pulmonary alveolar type 1 (AT1) cell. It is characterized by the highly specific expression of *AGER* (a canonical AT1 marker), along with other established AT1-specific markers such as *HOPX*, *EMP2*, *CAV1*, *CAV2*, and *RTKN2*. These cells form the thin barrier required for gas exchange in the lung alveoli."
134285,CTCGAAACACTGTTAG_F02522,pulmonary alveolar type 1 cell,"pulmonary alveolar epithelial cell
This cell profile exhibits a combination of highly specific markers for both alveolar type 1 (AT1) cells (such as AGER, CAV1, HOPX, and RTKN2) and alveolar type 2 (AT2) cells (such as SFTPB, NAPSA, SFTA2, and SLC34A2), along with pan-alveolar epithelial markers like CLDN18. This joint expression of AT1 and AT2 signature genes characterizes pulmonary alveolar epithelial cells."
231784,CAAGAAAAGCGAGAAA-SC155,pulmonary alveolar type 1 cell,"pulmonary alveolar type 1 cell
This cell type is identified as a pulmonary alveolar type 1 (AT1) cell. The top marker genes, *HOPX* and *AGER*, are highly specific and well-established markers for AT1 cells in the lung. Additionally, other highly ranked genes such as *CAV1*, *EMP2*, and *RTKN2* are characteristic of AT1 cells, which are thin, flat epithelial cells responsible for gas exchange in the alveoli."
130473,CCTTACGAGTCAATAG_F02522,pulmonary alveolar type 1 cell,"pulmonary alveolar epithelial cell

This cell population is identified as pulmonary alveolar epithelial cells due to the co-expression of key marker genes for both alveolar type 1 (AT1) and alveolar type 2 (AT2) cells. Specifically, it highly expresses AT2 markers such as surfactant proteins (*SFTPB*, *SFTPC*), *NAPSA*, and *SLC34A2*, alongside prominent AT1 markers including *AGER*, *HOPX*, *CAV1*, and *AQP5*. The presence of *CLDN18* and the lung-specific transcription factor *NKX2-1* further confirms their identity as alveolar epithelial cells of the lung parenchyma."
284552,TAGGAGGCAAGCGGAT_SC85,pulmonary alveolar type 1 cell,"pulmonary alveolar type 1 cell
This cell type is identified as a pulmonary alveolar type 1 (AT1) cell. The expression profile is dominated by highly specific AT1 markers, including AGER (the definitive marker for AT1 cells), HOPX, RTKN2, CAV1, and EMP2. Additionally, the presence of CLDN18 and AQP4 (aquaporin-4) supports their specialized role in forming the thin blood-air barrier for gas exchange in the lung alveoli."
241976,CAACGATAGCCTTCTC_SC85,pulmonary alveolar type 1 cell,"pulmonary alveolar type 2 cell
This cell type is identified as a pulmonary alveolar type 2 (AT2) cell, characterized by the highly specific expression of surfactant proteins, particularly SFTPC (the definitive marker for AT2 cells), SFTPA1, SFTPA2, SFTPB, and SFTA2. Other supporting markers include NAPSA (napsin A) and SFTA1P. Although some alveolar type 1 markers like AGER and HOPX are present, the predominant expression of the surfactant machinery uniquely defines the AT2 phenotype."
41342,CAGCGACGTGCTCTTC_F01607,pulmonary alveolar type 1 cell,"pulmonary alveolar type 1 cell
This cell type is identified as a pulmonary alveolar type 1 (AT1) cell. It is characterized by the highly specific expression of key AT1 marker genes, including *AGER* (advanced glycosylation end-product specific receptor), *HOPX*, *RTKN2*, *EMP2*, and *CLIC5*. These cells also express epithelial markers like *CLDN18* and *EPCAM*, as well as caveolins (*CAV1*, *CAV2*) which are abundant in the caveolae of the thin AT1 cytoplasm, essential for gas exchange in the lung alveoli."
62284,CCTTACGGTCCATGAT_HD66,pulmonary alveolar type 1 cell,"pulmonary alveolar type 1 cell
This cell type is identified as a pulmonary alveolar type 1 (AT1) cell. It is characterized by the highly specific expression of canonical AT1 marker genes, including *AGER* (Advanced Glycosylation End-Product Specific Receptor), *HOPX* (HOP Homeobox), and *RTKN2* (Rhotekin 2). These cells also express *CAV1* and *CAV2*, which are essential for caveolae formation in the thin cytoplasmic extensions of AT1 cells that facilitate gas exchange in the lung alveoli."
332120,ACTGATGGTGCAGGTA_F02607,pulmonary alveolar type 1 cell,"pulmonary alveolar type 1 cell
This cell type is characterized by the high expression of AGER, the canonical marker for pulmonary alveolar type 1 (AT1) cells. Other highly specific AT1 markers in the profile include RTKN2, HOPX, CAV1, and CAV2, which are essential for the structure and gas-exchange function of these flat epithelial cells in the lung alveoli."
20288,GTGCATATCATGTCCC_SC07,pulmonary alveolar type 1 cell,"pulmonary alveolar type 1 cell
This cell type is identified as a pulmonary alveolar type 1 (AT1) cell. It highly expresses definitive AT1 marker genes such as AGER, HOPX, CAV1, CAV2, EMP2, CLIC5, and RTKN2. The presence of epithelial keratins (KRT7, KRT8, KRT18, KRT19) and CEACAM6 confirms its epithelial lineage, while the high specificity of AGER and HOPX clearly distinguishes it from alveolar type 2 (AT2) cells and other airway epithelial populations."
191564,TTTGGTTGTTCGTGAT_F02522,pulmonary alveolar type 1 cell,"pulmonary alveolar type 1 cell
This cell type is identified as a pulmonary alveolar type 1 (AT1) cell. It is characterized by the highly specific expression of *AGER* (Advanced Glycosylation End-Product Specific Receptor) and *HOPX*, which are classic markers for AT1 cells. Other supporting markers include *RTKN2*, *CAV1*, *EMP2*, and *CLDN18*, which are essential for the structural and functional integrity of the alveolar-capillary barrier involved in gas exchange."
139605,GCGAGAATCGGGAGTA_F02526,pulmonary alveolar type 1 cell,"pulmonary alveolar type 1 cell
This cell type is identified as a pulmonary alveolar type 1 (AT1) cell. It is characterized by the highly specific expression of *AGER* (a key AT1 marker), *RTKN2*, *HOPX*, *AQP4*, *CAV1*, and *CLIC5*. These genes are essential for the structure and function of AT1 cells, which cover the majority of the alveolar surface area to facilitate gas exchange in the lung parenchyma."
211504,TGGCGCAGTCAGATAA_HD66,pulmonary alveolar type 1 cell,"pulmonary alveolar epithelial cell

This cell type is identified as a pulmonary alveolar epithelial cell. The expression profile shows a combination of markers characteristic of both alveolar type 1 (AT1) cells (such as AGER, CAV1, RTKN2, EMP2, and HOPX) and alveolar type 2 (AT2) cells (such as SFTPB and NAPSA), along with general alveolar epithelial markers like CLDN18 and GPRC5A. This hybrid signature of both lineages is characteristic of the broader ""pulmonary alveolar epithelial cell"" category in single-cell reference datasets."
267158,P3_6_TACTCGCAGCCTCGTG,pulmonary alveolar type 1 cell,"pulmonary alveolar type 1 cell
This cell type is identified as a pulmonary alveolar type 1 (AT1) cell. It is characterized by the highly specific expression of *AGER* (Advanced Glycosylation End-Product Specific Receptor), along with other classic AT1 markers such as *HOPX*, *CAV1*, *CAV2*, *EMP2*, *RTKN2*, and *CLIC5*. These genes are essential for the structure and function of the thin, flat epithelial cells that facilitate gas exchange in the lung alveoli."
177517,P3_6_GCTGCGATCCTATGTT,pulmonary alveolar type 1 cell,"pulmonary alveolar type 1 cell
This cell type is identified as a pulmonary alveolar type 1 (AT1) cell. The expression profile is dominated by *AGER* (Advanced Glycosylation End-Product Specific Receptor), which is a highly specific and classic marker for AT1 cells. Other prominent markers include *HOPX*, *CAV1*, *CAV2*, and *EMP2*, which are well-established signatures of the thin, flat AT1 epithelial cells responsible for gas exchange in the lung alveoli."
97862,ATCTGCCTCCGCAAGC_F02611,pulmonary alveolar type 1 cell,"pulmonary alveolar type 1 cell
This cell type is identified as a pulmonary alveolar type 1 (AT1) cell. It is characterized by the highly specific expression of *AGER* (a definitive marker for AT1 cells involved in gas exchange) along with other classic AT1 markers such as *HOPX*, *RTKN2*, *EMP2*, *CAV1*, and *CAV2*. The presence of *CLDN18* and *SFTA2* further confirms its alveolar epithelial identity, distinguishing it from type 2 cells and other lung cell types."
177797,TACTTGTTCGTACGGC-SC156,pulmonary alveolar type 1 cell,"pulmonary alveolar type 1 cell
This cell type is identified as a pulmonary alveolar type 1 (AT1) cell. It is characterized by the exceptionally high and specific expression of AGER and HOPX, which are classic markers for AT1 cells. Other highly ranked genes supporting this identity include EMP2, CAV1, CAV2, and CLIC5, which are involved in the specialized thin structure and barrier function of AT1 cells, while the alveolar type 2 marker SFTPC is expressed at much lower levels."
332099,CGCTTCAAGGTGCACA-SC156,pulmonary alveolar type 1 cell,"pulmonary alveolar type 1 cell
This cell type is characterized by the highly specific expression of AGER, HOPX, RTKN2, EMP2, and CAV1, which are well-established marker genes for pulmonary alveolar type 1 (AT1) cells. These cells cover the majority of the alveolar surface area and are crucial for gas exchange in the lung parenchyma."
198910,GGATGTTTCAACACCA-SC156,pulmonary alveolar type 1 cell,"pulmonary alveolar type 1 cell
This cell type is identified as a pulmonary alveolar type 1 (AT1) cell. It is characterized by the highly specific expression of *AGER* (advanced glycosylation end-product specific receptor) and *HOPX*, which are classic markers for AT1 cells. Other supporting markers include *EMP2*, *CAV1*, *CAV2*, and *CLIC5*, which are involved in the specialized thin membrane structure of AT1 cells required for gas exchange. The presence of *EPCAM* and various keratins (*KRT7*, *KRT19*) confirms its epithelial lineage."
46853,GTGTTAGTCGCCTGTT_F02617,pulmonary alveolar type 1 cell,"pulmonary alveolar type 1 cell
This cell type is identified as a pulmonary alveolar type 1 (AT1) cell. The expression profile is dominated by *AGER* and *HOPX*, which are highly specific, gold-standard marker genes for AT1 cells. Other top-ranked genes such as *CAV1*, *EMP2*, and *GPRC5A* are also characteristic of the thin, flat AT1 epithelial cells responsible for gas exchange in the lung, distinguishing them from pulmonary alveolar type 2 cells (which express *SFTPC*) and other respiratory epithelial cells."
319901,7239220_CAAGAAACAAACCCAT,pulmonary alveolar type 2 cell,"pulmonary alveolar type 2 cell
This cell type is characterized by the highly specific expression of surfactant proteins (SFTPC, SFTPA1, SFTPB, SFTPA2, and SFTPD), which are essential for reducing surface tension in the alveoli. Other prominent markers include NAPSA, SLC34A2, ABCA3, and LAMP3, which are well-established signatures of pulmonary alveolar type 2 (AT2) cells. SFTPC, in particular, is an exclusive marker for AT2 cells in the lung parenchyma."
166835,ACTGAGTTCTAACGGT_SC18,pulmonary alveolar type 2 cell,"pulmonary alveolar type 2 cell
This cell type is identified as a pulmonary alveolar type 2 (AT2) cell, characterized by the highly specific expression of surfactant proteins (*SFTPC*, *SFTPA1*, *SFTPA2*, *SFTPB*, and *SFTPD*). Other prominent markers include *NAPSA* (napsin A), *SLC34A2* (phosphate transporter), and *LAMP3*, which are essential for surfactant synthesis, packaging, and secretion in the alveoli."
320892,TACTTACTCCCTCTCC_SC141,pulmonary alveolar type 2 cell,"pulmonary alveolar type 2 cell
This cell type is characterized by the extremely high and specific expression of surfactant proteins (*SFTPC*, *SFTPA1*, *SFTPA2*, *SFTPB*, and *SFTPD*), which are essential for reducing alveolar surface tension. Other prominent markers include *NAPSA* (napsin A), *SLC34A2*, *LAMP3*, and *ABCA3*, which are critical components of lamellar bodies involved in surfactant synthesis, packaging, and secretion. This expression profile is highly specific to pulmonary alveolar type 2 (AT2) cells."
115732,CAGATCACATTAACCG_F02522,pulmonary alveolar type 2 cell,"pulmonary alveolar type 2 cell
This cell type is characterized by the highly specific expression of surfactant proteins (*SFTPC*, *SFTPA1*, *SFTPB*, *SFTPA2*, and *SFTPD*), which are essential for reducing surface tension in the alveoli. Other prominent markers include *NAPSA* (napsin A), *SLC34A2*, *LAMP3*, and *ABCA3*, which are involved in surfactant synthesis, packaging, and secretion. This expression profile is highly specific to pulmonary alveolar type 2 (AT2) cells."
250205,TTATGCTAGCGTCAAG_F02611,pulmonary alveolar type 2 cell,"pulmonary alveolar type 2 cell
This cell type is characterized by the highly specific expression of surfactant proteins, particularly *SFTPC* (Surfactant Protein C), which is a definitive marker for pulmonary alveolar type 2 (AT2) cells. Other top marker genes include other surfactant-associated proteins (*SFTPB*, *SFTPA1*, *SFTPA2*, *SFTPD*), *NAPSA* (Napsin A), and *SLC34A2*, which are essential for surfactant synthesis, secretion, and homeostasis in the lung alveoli."
298874,GCACTCTGTTAAGAAC-1-HCATisStab7747197,pulmonary alveolar type 2 cell,"pulmonary alveolar type 2 cell
This cell type is characterized by the high expression of surfactant proteins (*SFTPC*, *SFTPA1*, *SFTPB*, *SFTPA2*, *SFTPD*), which are specifically synthesized and secreted by pulmonary alveolar type 2 (AT2) cells. Other prominent markers include *NAPSA*, *ABCA3*, *SLC34A2*, and *LAMP3*, which are essential for surfactant production and lamellar body formation, confirming its identity as an AT2 cell."
149662,AGCCTAATCCAACCAA-1-HCATisStab7587208,pulmonary alveolar type 2 cell,"pulmonary alveolar type 2 cell
This cell type is characterized by the extremely high and specific expression of surfactant proteins, including SFTPC (a highly specific marker for alveolar type 2 cells), SFTPA1, SFTPA2, SFTPB, and SFTPD. Other prominent markers include NAPSA, SLC34A2, and LPCAT1, which are essential for surfactant synthesis, packaging, and secretion, confirming its identity as a pulmonary alveolar type 2 (AT2) cell."
179632,GCTCTGTCATTGGGCC_F01851,pulmonary alveolar type 2 cell,"pulmonary alveolar type 2 cell
This cell type is characterized by the highly specific expression of surfactant proteins (SFTPC, SFTPA1, SFTPB, SFTPA2, and SFTPD), which are essential for reducing surface tension in the alveoli. Other prominent markers include NAPSA (napsin A) and SLC34A2, which are classic, highly specific markers for pulmonary alveolar type 2 (AT2) cells."
102193,GGCCGATAGTTCGATC_F01607,pulmonary alveolar type 2 cell,"pulmonary alveolar type 2 cell
This cell type is characterized by the highly specific expression of surfactant proteins, particularly SFTPC (the definitive marker for alveolar type 2 cells), along with SFTPB, SFTPA1, SFTPA2, and SFTPD. Other top markers like SLC34A2, NAPSA, and SFTA2 are also key functional components involved in surfactant synthesis and secretion, confirming its identity as a pulmonary alveolar type 2 (AT2) cell."
139817,TCACGAACAGACAAGC_SC10,pulmonary alveolar type 2 cell,"pulmonary alveolar type 2 cell
This cell type is characterized by the high expression of surfactant proteins (*SFTPC*, *SFTPA1*, *SFTPA2*, *SFTPB*, and *SFTPD*), which are essential for reducing surface tension in the alveoli. Other highly specific markers present include *SLC34A2*, *NAPSA*, *LAMP3*, and *ABCA3*, which are involved in surfactant synthesis, processing, and transport within lamellar bodies, uniquely identifying these as pulmonary alveolar type 2 (AT2) cells."
296867,ACTGATGCAGCACACC_SC85,pulmonary alveolar type 2 cell,"pulmonary alveolar type 2 cell
This cell type is characterized by the highly specific expression of surfactant proteins, particularly SFTPC, SFTPA1, SFTPA2, SFTPB, and SFTPD. Other prominent markers include NAPSA, SLC34A2, LAMP3, and ABCA3, which are essential for surfactant synthesis, packaging, and secretion. This expression profile is uniquely characteristic of pulmonary alveolar type 2 (AT2) cells in the lung parenchyma."
108662,TTCGGTCGTTCCTCCA_F02611,pulmonary alveolar type 2 cell,"pulmonary alveolar type 2 cell
This cell type is characterized by the highly specific expression of surfactant proteins (SFTPC, SFTPA1, SFTPB, SFTPA2, and SFTPD), which are essential for reducing alveolar surface tension. Other prominent markers include LAMP3, ABCA3, NAPSA, and SLC34A2, which are involved in surfactant synthesis, packaging, and secretion within lamellar bodies. This expression profile is uniquely characteristic of pulmonary alveolar type 2 (AT2) cells."
114629,GATCAGTAGACTCTTG_SC141,pulmonary alveolar type 2 cell,"pulmonary alveolar type 2 cell
This cell type is characterized by the high and specific expression of surfactant proteins, including SFTPC (a highly specific marker for alveolar type 2 cells), SFTPA1, SFTPA2, SFTPB, and SFTPD. Other prominent markers include NAPSA (napsin A), SLC34A2, and ABCA3, which are essential for surfactant synthesis, packaging, and secretion, confirming its identity as a pulmonary alveolar type 2 (AT2) cell."
78343,CTCAGAACATGTAGTC_F01851,pulmonary alveolar type 2 cell,"pulmonary alveolar type 2 cell
This cell type is characterized by the high expression of surfactant proteins (SFTPC, SFTPA1, SFTPB, SFTPA2, and SFTPD), which are specifically synthesized and secreted by pulmonary alveolar type 2 (AT2) cells. Other prominent markers include NAPSA (napsin A), SLC34A2, and LAMP3, which are essential for surfactant production, processing, and transport within lamellar bodies."
186087,CATATTCGTTCGGGCT_F01851,pulmonary alveolar type 2 cell,"pulmonary alveolar type 2 cell
This cell type is characterized by the high and specific expression of surfactant proteins (SFTPC, SFTPA1, SFTPB, SFTPA2), which are produced and secreted by pulmonary alveolar type 2 (AT2) cells to lower surface tension in the alveoli. Other highly specific markers present include NAPSA (napsin A), SLC34A2, ABCA3 (involved in surfactant lipid transport), and LAMP3, which are all classic hallmarks of AT2 cells in the lung parenchyma."
327106,AAAGTAGAGAGGACGG_SC10,pulmonary alveolar type 2 cell,"pulmonary alveolar type 2 cell
This cell type is identified as a pulmonary alveolar type 2 (AT2) cell. It is characterized by the highly specific expression of surfactant proteins, particularly SFTPC (a definitive marker for AT2 cells), along with SFTPA1, SFTPA2, SFTPB, and SFTPD. Other key markers include NAPSA, SLC34A2, ABCA3, and LAMP3, which are essential for surfactant synthesis, packaging, and secretion."
295575,CACAGGCAGCTCTCGG-SC56,pulmonary alveolar type 2 cell,"pulmonary alveolar type 2 cell
This cell type is identified as a pulmonary alveolar type 2 (AT2) cell. It is characterized by the highly specific and abundant expression of surfactant proteins (SFTPC, SFTPA1, SFTPA2, SFTPB, and SFTPD), which are essential for reducing surface tension in the alveoli. Other key markers include NAPSA (napsin A) and SLC34A2, which are also highly characteristic of AT2 cells in the lung parenchyma."
128446,TCAACGAGTATCGCAT_F02528,pulmonary alveolar type 2 cell,"pulmonary alveolar type 2 cell
This cell type is characterized by the highly specific expression of surfactant proteins (SFTPC, SFTPB, SFTPA1, SFTPA2, and SFTPD), which are essential for reducing surface tension in the alveoli. Other prominent markers include NAPSA (Napsin A), SLC34A2, and LAMP3, which are well-established, highly specific markers for pulmonary alveolar type 2 (AT2) cells."
303123,ACCTTTAGTAGTAGTA_HD67,pulmonary alveolar type 2 cell,"club cell
This cell type is identified as a club cell (formerly Clara cell) of the lung. It is characterized by the extremely high expression of secretoglobins, particularly *SCGB3A2* and *SCGB3A1*, along with *SLPI* and *WFDC2*, which are classic markers for bronchiolar secretory/club cells. The expression of surfactant proteins (*SFTPB*, *SFTPA1*, *SFTPA2*) and *PIGR* further supports this epithelial secretory phenotype in the distal airways."
95027,7185212_GTTCGGGGTTACTGAC,pulmonary alveolar type 2 cell,"pulmonary alveolar type 2 cell
This cell type is characterized by the highly specific expression of surfactant proteins (SFTPC, SFTPA1, SFTPA2, SFTPB, and SFTPD), which are essential for reducing surface tension in the alveoli. Other prominent markers include NAPSA (napsin A), ABCA3 (involved in surfactant lipid transport), and LAMP3, which are classic hallmark genes of pulmonary alveolar type 2 (AT2) cells."
196057,P1_3_GTATTCTAGCAGGTCA,pulmonary artery endothelial cell,"capillary endothelial cell
This cell type is identified as a capillary endothelial cell. It highly expresses pan-endothelial markers such as *CDH5* (VE-cadherin), *CLDN5*, *RAMP2*, *PTPRB*, and *ECSCR*. The high specificity of *FCN3*, *TMEM100*, *CAV1*, and *CAVIN2* further specifies these as alveolar capillary endothelial cells (including general capillaries or gCaps) within the lung parenchyma, distinguishing them from macrovascular (arterial or venous) and lymphatic endothelial cells."
84905,TGGCCAGGTTACCAGT_F02522,pulmonary artery endothelial cell,"capillary endothelial cell
The expression profile is characterized by pan-endothelial markers such as VWF, PECAM1 (CD31), CLDN5, and RAMP2. The highly specific expression of FCN3, along with TMEM100, VIPR1, and GPX3, is a defining signature of capillary endothelial cells (specifically general capillaries, or gCap) in the lung parenchyma."
83056,P1_3_AAAGATGGTTAAGATG,pulmonary artery endothelial cell,"pulmonary artery endothelial cell

This cell type is identified as a pulmonary artery endothelial cell. It highly expresses classic endothelial markers such as *CLDN5*, *RAMP2*, *VWF*, and *F8*, alongside key arterial-specific markers including *GJA5*, *HEY1*, *DKK2*, and *SOX17*. The expression of *TMEM100*, *CAV1*, and *AQP1* further supports its endothelial identity within the pulmonary vasculature, distinguishing it from capillary, venous, or lymphatic endothelial cells."
212712,GTATCTTAGATCTGCT_F01366,pulmonary artery endothelial cell,"capillary endothelial cell
This cell profile is characterized by classic endothelial markers (PECAM1, CDH5, CLDN5, CD34, VWF) and key capillary-specific genes such as FCN3 (a marker for general capillary cells, or gCaps, in the lung), TMEM100, CALCRL, and RAMP2. These genes collectively define the capillary endothelial cells of the lung parenchyma, which are essential for gas exchange and barrier function."
225499,P1_4_GAACGGAGTGAGGGTT,pulmonary artery endothelial cell,"capillary endothelial cell

This cell profile is characterized by the high expression of key endothelial markers (CLDN5, SOX17, RAMP2, ECSCR, and CLEC14A) and genes highly enriched in lung capillaries, such as CAV1, CAVIN2, and TM4SF1. The presence of metallothioneins (MT2A, MT1X, MT1A) and stress/hypoxia-responsive genes (DEPP1, EMP1) further supports this identity, distinguishing them from other endothelial subtypes in the lung parenchyma."
20561,TTCTCAAAGTAGCGGT_F02528,pulmonary artery endothelial cell,"capillary endothelial cell
This cell type is identified as a capillary endothelial cell. It highly expresses pan-endothelial markers such as PECAM1 (CD31), CLDN5, VWF, and CAV1, alongside capillary-specific markers like GPIHBP1 and FCN3 (highly characteristic of alveolar capillary endothelial cells in the lung). Other supporting markers include RAMP2, TMEM100, and TIE1, which confirm its endothelial lineage and capillary-specific identity."
331362,GTTGCTCCAACAGTGG_SC144,pulmonary artery endothelial cell,"pulmonary artery endothelial cell

This cell type is identified as a pulmonary artery endothelial cell. It expresses pan-endothelial markers such as *CLDN5*, *VWF*, *PTPRB*, *SOX18*, and *RAMP2*. Crucially, it is distinguished from capillary, venous, and lymphatic endothelial cells by the strong and specific expression of arterial-specific endothelial markers, including *GJA5*, *DKK2*, *EFNB2*, *HEY1*, and *SOX17*."
224629,GACACGCAGAAGATTC_F01639,pulmonary artery endothelial cell,"pulmonary artery endothelial cell
This cell type is identified as a pulmonary artery endothelial cell. It highly expresses pan-endothelial markers (such as *PECAM1*, *CDH5*, *VWF*, and *PTPRB*) alongside key arterial-specific markers including *DKK2*, *SOX17*, *TMEM100*, and *MGP*. The presence of *CALCRL* and *RAMP2* (adrenomedullin receptor components) and *VCAM1* further supports its arterial endothelial identity within the lung vasculature."
194225,AGAGTGGAGGTAGCCA_F02607,pulmonary artery endothelial cell,"capillary endothelial cell

This cell type is identified as a capillary endothelial cell. The profile shows high expression of classic endothelial markers such as *CLDN5*, *PECAM1* (CD31), *VWF*, *RAMP2*, *CAV1*, and *EGFL7*, along with endothelial transcription factors like *SOX18*. The high expression of *TMEM100*, *IGFBP3*, *MGP*, and *SPARCL1* in the context of lung parenchyma is highly characteristic of pulmonary capillary endothelial cells (including general capillaries/gCaps and aerocytes/aCaps)."
146044,CGGTTAACACCTCGTT_F02092,pulmonary artery endothelial cell,"capillary endothelial cell
This cell type is identified as a capillary endothelial cell based on the high expression of pan-endothelial markers (such as *PECAM1*, *CLDN5*, *PTPRB*, and *VWF*) alongside capillary-specific markers in the lung parenchyma, notably *FCN3* (highly specific to general capillary or gCap cells), *TMEM100*, *CALCRL*, and *IGFBP3*."
317095,GACCTGGAGGCCGAAT_F01157,pulmonary artery endothelial cell,"pulmonary artery endothelial cell
This cell profile exhibits classic pan-endothelial markers (such as CLDN5, VWF, PECAM1, and TEK) alongside highly specific arterial endothelial markers, including IGFBP3, PDK4, HEY1, and GJA5. The enrichment of these arterial-specific genes, combined with the absence of lymphatic or capillary-specific markers (like PROX1 or high GPIHBP1), identifies these cells as pulmonary artery endothelial cells."
302611,TGGGAAGTCGTGGACC_SC27,pulmonary artery endothelial cell,"vein endothelial cell

This cell type is identified as a vein endothelial cell based on the high expression of *ACKR1* (also known as *DARC*), which is a highly specific marker for venous endothelial cells in the lung. The profile also contains pan-endothelial markers such as *CLDN5*, *RAMP2*, *CAV1*, and *ERG*, alongside various chemokines (*CCL2*, *CCL8*, *CXCL1*, *CXCL8*) and metallothioneins (*MT2A*, *MT1X*, *MT1M*), which are characteristic of activated or specialized venous endothelial populations."
287702,TCTCATAGTACCTACA_F02607,pulmonary artery endothelial cell,"pulmonary artery endothelial cell

This cell type is identified as a pulmonary artery endothelial cell. It highly expresses pan-endothelial markers such as *CLDN5*, *PECAM1* (CD31), *VWF*, *RAMP2*, and *PTPRB*. Crucially, it is distinguished by the expression of arterial-specific endothelial markers, including *GJA5* (Connexin 40), *HEY1*, *DKK2*, and *IGFBP3*, which separate it from capillary, venous, or lymphatic endothelial cells."
273056,CGTGTCTTCTAGCACA_F02607,pulmonary artery endothelial cell,"pulmonary artery endothelial cell
This cell type is identified as a pulmonary artery endothelial cell. It highly expresses pan-endothelial markers such as CLDN5, RAMP2, VWF, PECAM1 (CD31), and ICAM2, alongside key arterial-specific markers including GJA5 (connexin 40) and HEY1. The high expression of IGFBP3, CXCL12, and TMEM100 further supports its identity as arterial endothelial cells within the lung vasculature, distinguishing it from capillary, venous, or lymphatic endothelial cells."
186407,TCTTTCCGTGAAGGCT_F02611,pulmonary artery endothelial cell,"vein endothelial cell

This cell type is identified as a vein endothelial cell. The expression profile features classic endothelial markers such as CLDN5, VWF, RAMP2, and TM4SF1. It is specifically distinguished as a vein endothelial cell by the high expression of CCL14, VWF, MGP, CLEC3B, and IGFBP3, which are well-established marker genes for pulmonary venous endothelial cells in the lung parenchyma, separating them from capillary, arterial, and lymphatic endothelial populations."
261156,P1_2_GATTCAGTCAGTTCGA,pulmonary artery endothelial cell,"pulmonary artery endothelial cell

This cell type is identified as a pulmonary artery endothelial cell (arterial endothelial cell) based on the high expression of pan-endothelial markers (such as *CLDN5*, *RAMP2*, *CAV1*, *PTPRB*, and *F8*) along with key arterial-specific markers including *HEY1*, *DKK2*, *EDN1*, and *TMEM100*. These genes regulate arterial identity, vascular tone, and endothelial barrier function in the pulmonary arterial vasculature."
262887,CTCCATGAGCGAAACC_SC144,pulmonary artery endothelial cell,"capillary endothelial cell

This cell profile is characteristic of **capillary endothelial cells** (specifically general capillary or gCap cells) in the lung. It is defined by the high expression of pan-endothelial markers such as *CLDN5*, *VWF*, *PTPRB*, *CALCRL*, and *RAMP2*, alongside capillary-specific markers like *FCN3*, *TMEM100*, and *BTNL9*. The presence of metallothioneins (*MT1M*, *MT2A*, *MT1X*) and *SPARCL1* further supports this endothelial phenotype within the alveolar microvasculature."
89063,CGTGTCTAGATCCTGT_F01851,pulmonary artery endothelial cell,"pulmonary artery endothelial cell
This cell type is identified as a pulmonary artery endothelial cell. It highly expresses pan-endothelial markers such as *CLDN5*, *RAMP2*, *VWF*, and *PTPRB*, alongside key arterial-specific endothelial markers including *GJA5*, *GJA4*, *DLL4*, and *EFNB2*. The high expression of *MGP* (Matrix Gla Protein) is also highly characteristic of arterial endothelial cells in the lung."
264009,CGCTGGACAGTGGGAT-SC56,pulmonary artery endothelial cell,"pulmonary artery endothelial cell
This cell type is identified as a pulmonary artery endothelial cell. It expresses classic pan-endothelial markers such as *CLDN5*, *RAMP2*, *PTPRB*, *CAV1*, and *F8*, alongside highly specific arterial endothelial markers including *SOX17*, *HEY1*, *BMX*, *DKK2*, and *TMEM100*."
159218,CGTCTACAGAGGGCTT_F02528,pulmonary artery endothelial cell,"capillary endothelial cell

This cell type is identified as a capillary endothelial cell. It highly expresses pan-endothelial markers such as *PECAM1* (CD31), *VWF*, *CLDN5*, *RAMP2*, and *CAV1*. Crucially, the high specificity of *FCN3* and *BTNL9*, along with *AQP1* and *TMEM100*, is characteristic of lung capillary endothelial cells (specifically general capillaries or gCaps) in the lung parenchyma, distinguishing them from arterial, venous, or lymphatic endothelial cells."
124559,ATTCTACCAGTGAGTG_SC27,pulmonary neuroendocrine cell,"Pulmonary neuroendocrine cell
This cell type is identified as a pulmonary neuroendocrine cell (PNEC) due to the highly specific expression of *GRP* (gastrin-releasing peptide), *ASCL1* (a key neuroendocrine transcription factor), and classic neuroendocrine markers such as *CHGA* (chromogranin A), *SCGN* (secretagogin), *NPY*, and *PCSK1N*. The co-expression of epithelial markers (like *EPCAM* and keratins) further confirms their identity as specialized epithelial endocrine cells of the respiratory tract."
310076,ACGATACGTGACAAAT_F02617,pulmonary neuroendocrine cell,"pulmonary neuroendocrine cell
This cell type is identified by the highly specific expression of *GRP* (Gastrin Releasing Peptide), along with other classic neuroendocrine markers such as *CHGA* (Chromogranin A), *CHGB*, *GHRL* (Ghrelin), *SCGN* (Secretagogin), and *SCG3*. These markers are characteristic of pulmonary neuroendocrine cells (PNECs), which are specialized airway epithelial cells that secrete neuropeptides and act as sensory receptors."
188709,AATCGGTAGACGCTTT_F01607,pulmonary neuroendocrine cell,"ionocyte
This cell profile represents **ionocytes**, a rare specialized airway epithelial cell type. It is characterized by the expression of the master transcription factor *FOXI1* and *ASCL3*, along with key ion-transporting genes such as V-type ATPase subunits (*ATP6V1G3*, *ATP6V1B1*, *ATP6V1C2*), chloride channel accessory *BSND*, and *CLCNKB*. The presence of neuroendocrine markers (like *GRP* and *CHGA*) in the profile likely reflects the close developmental relationship or transcriptomic similarity/doublet signatures often observed between these rare pulmonary epithelial cell types in single-cell datasets."
315762,GCGCCAAAGAAGGTTT_HD67,pulmonary neuroendocrine cell,"pulmonary neuroendocrine cell
This cell type is identified as a pulmonary neuroendocrine cell (PNEC) due to the highly specific expression of classic neuroendocrine markers, including *GRP* (gastrin-releasing peptide), *CALCA* (calcitonin-related polypeptide alpha), *CHGA* (chromogranin A), *CHGB*, *SCG3*, *SCG5*, and *SCGN*. These cells act as sensory epithelial cells in the airway, and this distinct transcriptional profile of neuropeptides and secretory granule proteins is unique to PNECs in the lung parenchyma."
85331,TCGCGAGAGGGTTCCC_HD67,pulmonary neuroendocrine cell,"pulmonary neuroendocrine cell
The cell type is identified as a pulmonary neuroendocrine cell (PNEC) due to the highly specific expression of classic neuroendocrine markers, including *GRP* (gastrin-releasing peptide), *CALCA* (calcitonin), *CHGA* (chromogranin A), *CHGB*, *SCG5*, and *SCGN*. These cells function as specialized airway sensors that secrete neuropeptides in response to environmental stimuli."
35784,P1_2_CCTTCCCCAACGATGG,pulmonary neuroendocrine cell,"pulmonary neuroendocrine cell

This cell type is identified as a pulmonary neuroendocrine cell (PNEC) based on the highly specific expression of classic neuroendocrine markers, including *GRP* (gastrin-releasing peptide), *CALCA* (calcitonin), *CHGA* and *CHGB* (chromogranins A and B), *ASCL1*, *SCG5*, and *DDC* (dopa decarboxylase). The presence of immunoglobulin genes (such as *IGLC2* and *IGHG1*) is a well-documented artifact in single-cell RNA-seq of rare lung populations, resulting from ambient RNA contamination from highly transcriptionally active plasma cells."
272781,GGCTGGTAGCTTATCG_SC27,pulmonary neuroendocrine cell,"pulmonary neuroendocrine cell
This cell type is identified as a pulmonary neuroendocrine cell (PNEC). It highly expresses *GRP* (gastrin-releasing peptide), a canonical PNEC marker, along with key neuroendocrine transcription factors and markers such as *ASCL1*, *CHGA* (chromogranin A), *SCGN* (secretagogin), *NPY*, and *PCSK1N*. The co-expression of these neuroendocrine-specific genes alongside epithelial markers (like *KRT7*, *KRT18*, and *KRT19*) is highly characteristic of PNECs in the lung parenchyma."
299302,CTCGAGGCAGTAAGCG-SC56,pulmonary neuroendocrine cell,"pulmonary neuroendocrine cell
This cell type is identified as a pulmonary neuroendocrine cell (PNEC) based on the highly specific expression of classic neuroendocrine markers, including *GRP* (gastrin-releasing peptide), *CALCA* (calcitonin-related polypeptide alpha), *CHGA* and *CHGB* (chromogranins A and B), *SCG5* (secretogranin V), and the key neuroendocrine transcription factor *ASCL1*. Additionally, the expression of *TPH1* (involved in serotonin synthesis) is characteristic of these specialized airway epithelial cells."
287217,ACGATACCACAAGACG_F01692,pulmonary neuroendocrine cell,"pulmonary neuroendocrine cell
This cell type is identified as a pulmonary neuroendocrine cell (PNEC) based on the highly specific expression of classic neuroendocrine markers, including GRP (Gastrin Releasing Peptide), CHGA (Chromogranin A), CALCA, SCG5, SCG3, and SCGN. The presence of immunoglobulin genes (such as JCHAIN and IGHA2) likely represents ambient RNA contamination from highly transcriptionally active plasma cells in the lung parenchyma, which is common in single-cell datasets of rare cell types."
84872,P3_6_GCCTCTATCCGCATCT,pulmonary neuroendocrine cell,"pulmonary neuroendocrine cell
This cell type is identified as a pulmonary neuroendocrine cell (PNEC) based on the highly specific expression of classic neuroendocrine markers, including *GRP* (gastrin-releasing peptide), *CALCA* (calcitonin), *CHGA* and *CHGB* (chromogranins A and B), *ASCL1* (a key neuroendocrine transcription factor), and various secretogranins (*SCG2*, *SCG3*, *SCG5*, *SCGN*). These cells also express epithelial markers like *EPCAM* and keratins (*KRT17*, *KRT5*), confirming their epithelial-endocrine nature in the lung."
77121,CGGACTGTCGAACTGT-SC155,pulmonary neuroendocrine cell,"pulmonary neuroendocrine cell
The cell type is a pulmonary neuroendocrine cell (PNEC). This is indicated by the highly specific expression of classic neuroendocrine markers, including *GRP* (gastrin-releasing peptide), *CALCA* (calcitonin), *CHGA* and *CHGB* (chromogranins), *ASCL1* (a key transcription factor for PNEC differentiation), and various secretogranins (*SCG2*, *SCG5*, *SCGN*). The presence of immunoglobulin genes (e.g., *IGLC2*, *IGHG1*) is a common artifact in lung single-cell transcriptomics resulting from ambient RNA contamination from highly transcriptionally active plasma cells."
262592,TCAGATGAGACGCTTT_F01692,pulmonary neuroendocrine cell,"pulmonary neuroendocrine cell

This cell type is identified as a pulmonary neuroendocrine cell (PNEC) due to the highly specific expression of classic neuroendocrine markers, including GRP (Gastrin-releasing peptide), CHGA (Chromogranin A), CALCA (Calcitonin), and secretogranins (SCG5, SCG3, CHGB, SCGN). These cells act as sensory epithelial cells in the lung parenchyma."
71729,TTGCGTCTCGGTCCGA_F02617,pulmonary neuroendocrine cell,"Pulmonary neuroendocrine cell

This cell type is identified as a pulmonary neuroendocrine cell (PNEC) due to the highly specific expression of *GRP* (gastrin-releasing peptide), a classic PNEC marker. Other prominent neuroendocrine markers in the profile include *CHGA* (chromogranin A), *GHRL* (ghrelin), *SCGN* (secretagogin), *PCSK1N*, and *SCG3* (secretogranin III), which are characteristic of the secretory and sensory machinery of neuroendocrine cells in the respiratory tract."
93532,CAGCGACCAAGTCTAC-SC56,pulmonary neuroendocrine cell,"pulmonary neuroendocrine cell
This cell type is identified as a pulmonary neuroendocrine cell (PNEC) based on the highly specific expression of classic neuroendocrine markers, including *GRP* (gastrin-releasing peptide), *CHGA* (chromogranin A), *CALCA* (calcitonin-related polypeptide alpha), *ASCL1*, and various secretogranins (*SCG2*, *SCG3*, *SCG5*). These cells also express epithelial markers like *EPCAM* and keratins (*KRT5*, *KRT8*, *KRT18*), confirming their epithelial-neuroendocrine lineage in the lung."
190913,CGTCAGGTCCGCTGTT-SC59,pulmonary neuroendocrine cell,"pulmonary neuroendocrine cell
This cell type is identified as a pulmonary neuroendocrine cell (PNEC) based on the highly specific expression of classic neuroendocrine markers, including *GRP* (gastrin-releasing peptide), *CALCA* (calcitonin), *CHGA* and *CHGB* (chromogranins A and B), *SCG2/3/5* (secretogranins), and the key neuroendocrine transcription factor *ASCL1*."
286389,CCACCTACAGGTTTCA_F02611,pulmonary neuroendocrine cell,"Pulmonary neuroendocrine cell

The cell type is identified as a pulmonary neuroendocrine cell (PNEC). This is characterized by the highly specific expression of classic neuroendocrine markers, including *CALCA* (calcitonin-related polypeptide alpha), *GRP* (gastrin-releasing peptide), *ASCL1* (a key transcription factor for neuroendocrine differentiation), and *PCSK1N*. Additionally, *TFF3* is highly expressed in these cells."
60494,P1_2_GTACGTACACTAGTAC,pulmonary neuroendocrine cell,"club cell
This cell type is identified as a club cell. The expression profile is dominated by *SCGB1A1* (uteroglobin/CC10) and *SCGB3A2*, which are highly specific and classic marker genes for club cells (formerly Clara cells) in the bronchiolar epithelium. Other prominent markers include secretory proteins such as *SLPI*, *SFTPB*, *SCGB3A1*, and *PIGR*, which support their role in mucosal defense and surfactant production in the lower respiratory tract."
281419,TTTACTGTCGTGGTCG-SC56,pulmonary neuroendocrine cell,"Pulmonary neuroendocrine cell
This cell type is characterized by the highly specific expression of classic neuroendocrine markers, including *GRP* (gastrin-releasing peptide), *CALCA* (calcitonin), *CHGA* and *CHGB* (chromogranins A and B), secretogranins (*SCG2*, *SCG3*, *SCG5*), and the key neuroendocrine transcription factor *ASCL1*. These markers are highly specific to pulmonary neuroendocrine cells (PNECs) in the lung."
108922,TCGCGTTGTCGTTGTA_HD67,pulmonary neuroendocrine cell,"pulmonary neuroendocrine cell
This cell type is identified as a pulmonary neuroendocrine cell (PNEC) based on the highly specific expression of classic neuroendocrine markers, most notably *GRP* (Gastrin Releasing Peptide) and *CALCA* (Calcitonin Related Polypeptide Alpha), alongside other neuroendocrine-associated genes such as *CHGA* (Chromogranin A), *SCG5*, *SCG3*, and *SCGN*."
53935,TGGATCACACCGTGAC_SC141,respiratory basal cell,"respiratory basal cell

This cell type is identified as a respiratory basal cell. It highly expresses classic basal cell markers, including KRT17, S100A2, KRT15, and the master transcription factor TP63. These cells serve as the resident progenitor cells of the airway epithelium, capable of self-renewal and differentiation into ciliated and secretory lineages."
174120,AAACGGGGTCATGCAT_SC24,respiratory basal cell,"respiratory basal cell

This cell type is identified as a respiratory basal cell. It is characterized by the high and specific expression of classic basal epithelial markers, including keratins (*KRT5*, *KRT15*, *KRT17*, *KRT6A*), *S100A2*, and *NGFR* (p75NTR). These cells serve as the resident progenitor population of the airway epithelium."
9454,P2_1_GGAGCAACATCTATGG,respiratory basal cell,"respiratory basal cell

This cell type is identified as a respiratory basal cell based on the high and specific expression of classic basal epithelial markers, including keratins *KRT17*, *KRT15*, and *KRT5*, along with *S100A2* and *NGFR* (p75NTR). These cells serve as progenitors in the airway epithelium. The presence of *ALDH3A1*, *SFN*, and *TP63*-associated genes further supports this identity, distinguishing them from other differentiated airway epithelial cells like ciliated or secretory cells."
94532,ACTGAGTGTAAGGATT_F01607,respiratory basal cell,"respiratory tract hillock cell

This cell type is identified as a **respiratory tract hillock cell** (or hillock-like epithelial cell). It is characterized by the high expression of basal/squamous-associated keratins (such as *KRT17*, *KRT15*, *KRT5*, *KRT7*, *KRT19*) along with *S100A2*, *CLU*, *TACSTD2* (TROP2), and *SFTPB*. Hillock cells represent a distinct, transitional, or stratified immunomodulatory epithelial cell population in the respiratory tract, displaying a gene expression profile intermediate between basal cells and differentiated club/alveolar epithelial cells."
123865,CTGTGCTAGAAGGACA_HD67,respiratory basal cell,"respiratory tract hillock cell
This cell type is identified as a respiratory tract hillock cell. It is characterized by the high expression of basal-like markers (such as *S100A2*, *KRT17*, *KRT15*, and *KRT5*) alongside secretory/club-like markers (such as *SCGB3A1* and *SFTPB*). Hillock cells represent a distinct, stratified epithelial cell population in the respiratory tract that exhibits this unique transitional phenotype between basal and secretory cells."
188670,TACTTGTTCTGTACGA_SC24,respiratory basal cell,"epithelial cell of lower respiratory tract
This cell profile exhibits a combination of markers from multiple distinct epithelial lineages of the lung, including alveolar markers (*SFTPB*, *HOPX*, *SLC34A2*) and basal/airway epithelial markers (*KRT17*, *S100A2*, *KRT15*, *TP63*, *NGFR*). This broad, mixed expression profile of both alveolar and airway lineages is characteristic of a generalized or transitional population annotated under the broader ontology term **epithelial cell of lower respiratory tract**."
193035,P1_2_TCTCATACAGACGCCT,respiratory basal cell,"respiratory tract hillock cell

This cell type is identified as a respiratory tract hillock cell. It is characterized by the high and specific expression of squamous-associated keratins (KRT17, KRT13, KRT6A), S100A2, LY6D, and PSCA. Hillock cells are a distinct epithelial cell population in the airway, typically located in stratified ""hillock"" structures, and are involved in cell adhesion, barrier function, and rapid turnover."
281900,ACCAGTAAGAACAACT_F02522,respiratory basal cell,"club cell
This cell type is identified as a club cell (formerly Clara cell) of the lung. It is characterized by the extremely high and specific expression of secretoglobins, particularly *SCGB3A1* and *SCGB1A1*, which are major secretory proteins of club cells. Other highly specific markers include *SLPI* (secretory leukocyte peptidase inhibitor), *WFDC2*, *BPIFB1*, and *CYP2F1* (a cytochrome P450 enzyme involved in xenobiotic metabolism, highly characteristic of club cells)."
209399,P2_5_GGTGTTAGTAGCCTAT,respiratory basal cell,"respiratory basal cell

This cell profile is characteristic of **respiratory basal cells**, the resident progenitor cells of the airway epithelium. Key identifying markers include basal-specific keratins such as **KRT17**, **KRT15**, and **KRT6A**, along with **S100A2** (a classic basal cell marker). The high expression of metallothioneins (e.g., **MT2A**, **MT1X**) and chemokines (e.g., **CCL20**, **CXCL1**, **CXCL8**) reflects their role in environmental sensing, stress response, and immune modulation."
259796,GTCTTCGCATTCTCAT_SC20,respiratory basal cell,"epithelial cell of lower respiratory tract

This gene expression profile corresponds to **epithelial cells of the lower respiratory tract**, specifically representing a transitional or ""aberrant basaloid"" epithelial cell state (often KRT17+/KRT5-). These cells are characterized by the co-expression of basal/transitional markers (*KRT17*, *CLU*, *S100A2*, *KRT15*, *CCN2*), alveolar markers (*SFTPB*, *SFTPC*, *CAV1*, *HOPX*), and secretory/club markers (*SCGB3A2*, *SCGB1A1*). In standardized single-cell atlases (such as the Human Lung Cell Atlas), this distinct transitional population is mapped to the Cell Ontology term ""epithelial cell of lower respiratory tract."""
56,P3_6_AAGACCTGTATCACCA,respiratory basal cell,"respiratory tract hillock cell
This cell type is identified as a respiratory tract hillock cell. It exhibits a characteristic transitional phenotype, expressing both basal/squamous epithelial markers (such as *KRT17*, *KRT5*, *S100A2*, and *SERPINB3*) and secretory markers (such as *SCGB3A1*, *SLPI*, and *BPIFB1*). This dual expression profile is highly specific to hillock cells, which form stratified, dome-like structures in the airway epithelium."
167754,P2_1_GGACGTCTCCAAACAC,respiratory basal cell,"respiratory basal cell
This cell type is identified as a respiratory basal cell. It is characterized by the high expression of basal epithelial markers, including keratins (KRT5, KRT15, KRT17), S100A2, and NGFR (p75NTR). These cells serve as the resident progenitor cells of the airway epithelium. The presence of other markers such as SFN, AQP3, and BCAM further confirms their basal epithelial identity."
150868,TGACTAGAGCGTCAAG_F01607,respiratory basal cell,"respiratory basal cell
The profile is highly specific for respiratory basal cells, characterized by the prominent expression of basal epithelial markers such as keratins (*KRT5*, *KRT15*, *KRT17*), *S100A2*, and the master transcription factor *TP63*. These cells serve as progenitors in the airway epithelium."
38642,P3_6_TCTTCGGTCTCGGACG,respiratory basal cell,"respiratory tract hillock cell

This cell type is identified as a **respiratory tract hillock cell** based on the high and specific expression of basal/squamous-associated keratins (**KRT17**, **KRT15**, **KRT5**), along with other characteristic hillock markers such as **S100A2**, **ALDH3A1**, **TACSTD2** (TROP2), and **PERP**. Hillock cells are a distinct epithelial cell population in the respiratory tract characterized by these markers, which support their role in cell adhesion, barrier function, and rapid turnover."
102294,GAACATCGTCGAGATG_F02526,respiratory basal cell,"respiratory tract hillock cell

This cell type is identified as a respiratory tract hillock cell. It is characterized by the high expression of specific markers such as *SERPINB3*, *HP*, *SLPI*, *WFDC2*, *S100A2*, and *CLCA2*, alongside basal-like keratins (*KRT5*, *KRT15*, *KRT17*). Hillock cells are a distinct epithelial population in the respiratory tract that form stratified, hillock-like structures and exhibit a unique transitional or barrier-associated gene expression profile."
155620,ATCTGCCCATGAACCT_HD66,respiratory basal cell,"respiratory basal cell
The expression profile is highly enriched for classic basal cell markers, including KRT5, KRT15, KRT17, and S100A2. These cytokeratins and calcium-binding proteins are characteristic of respiratory basal cells, which act as resident progenitor cells in the airway epithelium."
281735,P2_7_CTCGGGACAAATTGCC,respiratory basal cell,"respiratory basal cell
This cell type is identified as a respiratory basal cell. It is characterized by the high expression of basal epithelial markers such as *KRT17*, *S100A2*, *KRT15*, and *KRT5*, along with other epithelial keratins (*KRT7*, *KRT8*, *KRT19*) and *TACSTD2* (TROP2). These cells serve as the resident progenitor cells of the airway epithelium."
125341,AGAGTGGGTCCTGCTT_F02526,respiratory basal cell,"ionocyte
This cell type is identified as an ionocyte. It is characterized by the specific expression of the master transcription factor FOXI1 and ASCL3, along with vacuolar ATPase subunits (ATP6V1G3, ATP6V0C) and the chloride channel CLCNKB, which are key functional markers of pulmonary ionocytes. The presence of keratins (KRT5, KRT15, KRT17) and S100A2 reflects their epithelial origin and relationship to basal cells."
84160,CACACAATCAGGATCT-SC155,respiratory basal cell,"pulmonary alveolar type 1 cell
This cell type is identified as a pulmonary alveolar type 1 (AT1) cell. The top marker genes, particularly *AGER* (Advanced Glycosylation End-product Specific Receptor) and *HOPX*, are highly specific and well-established markers for AT1 cells in the lung. Other highly ranked genes, such as *FMO2*, *EMP2*, and *RTKN2*, further support this identity, as they are characteristically expressed in the thin, flat epithelial cells that facilitate gas exchange in the pulmonary alveoli."
179134,ACGGGCTTCCGAGCCA_HD67,respiratory basal cell,"club cell
This cell type is identified as a club cell (formerly Clara cell) based on the extremely high and specific expression of *SCGB1A1* and *SCGB3A1*, which encode major secretory globins characteristic of these cells. Additionally, the high expression of *CYP2F1* (involved in xenobiotic metabolism) and other mucosal defense genes like *BPIFB1*, *SLPI*, and *LCN2* further confirms the club cell identity, distinguishing them from goblet cells (which express higher levels of mucins like *MUC5AC*) and ciliated cells."
298514,P1_2_CGAGAAGCATGTAAGA,respiratory tract hillock cell,"respiratory tract hillock cell  
This cell type is characterized by the high expression of specific keratins (KRT6A, KRT16, KRT14, KRT5, KRT13) along with S100A2 and RHCG. This distinct expression profile, particularly the enrichment of KRT13, KRT6A, and RHCG, is the defining signature of respiratory tract hillock cells, which are stratified epithelial cells found in the airway."
222111,P1_3_TGGTTAGAGAAACCAT,respiratory tract hillock cell,"respiratory tract hillock cell
This cell type is identified as a respiratory tract hillock cell. It is characterized by the high expression of specific keratins (KRT6A, KRT16, KRT14, KRT5, KRT13), S100 family genes (S100A2, S100A14, S100A8), and small proline-rich proteins (SPRR2D, SPRR3, SPRR2A). Hillock cells are a distinct, stratified-like epithelial cell population in the airway that express these squamous-associated markers and are involved in barrier function and immunomodulation."
173785,P1_4_GGGCATCAGACCTTTG,respiratory tract hillock cell,"respiratory tract hillock cell

Respiratory tract hillock cells are a distinct epithelial cell population in the airway. They are characterized by the high expression of basal keratins (such as KRT5 and KRT14) alongside squamous-associated keratins (KRT6A, KRT13, KRT16), S100 family proteins (S100A2, S100A14), and other specific markers like LY6D, CLCA2, and GJB2. This unique expression profile distinguishes them from classical respiratory basal cells and other epithelial populations."
189327,P1_4_ACACCAAGTGCTAGCC,respiratory tract hillock cell,"respiratory tract hillock cell
This cell type is identified as a respiratory tract hillock cell. It is characterized by the high expression of squamous-associated keratins, specifically KRT6A, KRT16, KRT14, KRT5, and KRT13, alongside S100A2, LY6D, CLCA2, and SPRR family genes (SPRR2D, SPRR2A). This distinct expression profile represents a specialized stratified-like epithelial population (hillock cells) found in the respiratory tract, distinguishing them from classic respiratory basal cells."
244233,P1_3_ACACCAAGTGCTAGCC,respiratory tract hillock cell,"respiratory tract hillock cell

This cell type is identified as a respiratory tract hillock cell. It is characterized by the high expression of specific keratins associated with squamous differentiation and barrier function (such as KRT6A, KRT16, KRT13, KRT14, and KRT5), along with S100A2, LY6D, and small proline-rich proteins (SPRR2D, SPRR2A). Hillock cells are stratified, squamous-like epithelial cells found in the airway that exhibit high turnover and play roles in barrier maintenance and immunomodulation."
155303,P1_3_GTACTTTAGCGGATCA,respiratory tract hillock cell,"respiratory tract hillock cell
This cell type is identified as a respiratory tract hillock cell. It is characterized by the high expression of specific keratins (KRT6A, KRT16, KRT13, KRT5, KRT14), S100 proteins (S100A2, S100A8, S100A9), and squamous differentiation markers like SPRR3 and SPRR2D. This distinct gene expression profile represents a stratified, squamous-like epithelial cell population recently described in the respiratory tract, distinguishing it from classical basal or club cells."
269537,GCGGGTTGTAGAAGGA_F01494,respiratory tract hillock cell,"respiratory basal cell
This cell type is identified as a respiratory basal cell. It is characterized by the highly specific expression of S100A2, a classic marker for basal cells of the respiratory epithelium, along with basal/epithelial keratins (KRT7, KRT19, KRT18, KRT8) and other basal-associated markers such as SERPINB4 and S100P."
10976,P1_3_GGGCATCAGACCTTTG,respiratory tract hillock cell,"respiratory tract hillock cell
This cell type is identified as a respiratory tract hillock cell. It is characterized by the high expression of keratins associated with stratified-like epithelia (KRT6A, KRT16, KRT14, KRT5, and KRT13), along with specific markers such as S100A2, LY6D, CLCA2, and SPRR2D. Hillock cells are a distinct, newly described epithelial population in the respiratory tract that exhibit high turnover and are immunologically active."
154124,P1_4_TGGTTAGAGAAACCAT,respiratory tract hillock cell,"respiratory tract hillock cell
This cell type is characterized by the high expression of keratins (KRT6A, KRT16, KRT14, KRT5, KRT13), S100 proteins (S100A2), RHCG, and squamous-associated genes (SPRR3, LYPD3, LY6D). These markers are highly specific to respiratory tract hillock cells, a distinct stratified epithelial cell population found in the airway."
309325,P1_4_GTACTTTAGCGGATCA,respiratory tract hillock cell,"respiratory tract hillock cell
This cell type is identified as a respiratory tract hillock cell. It is characterized by the high expression of squamous-associated keratins (KRT6A, KRT16, KRT13, KRT5, KRT14), S100 family proteins (S100A2, S100A8, S100A9), and cornified envelope proteins (SPRR3, SPRR2D, CSTA). Hillock cells represent a distinct, stratified-like epithelial cell population in the airway with high turnover and barrier-protective properties."
232146,P1_2_ACACCAAGTGCTAGCC,respiratory tract hillock cell,"respiratory tract hillock cell
This cell type is identified as a respiratory tract hillock cell. It is characterized by the high expression of basal keratins (KRT5, KRT14, KRT17) along with squamous-associated and stratified epithelial markers such as KRT6A, KRT13, KRT16, S100A2, LY6D, and SERPINB3, which are classic markers defining the hillock epithelial cell population in the respiratory tract."
267602,P1_3_CGAGAAGCATGTAAGA,respiratory tract hillock cell,"respiratory tract hillock cell

This cell type is identified as a respiratory tract hillock cell. It is characterized by the high expression of basal and squamous-associated keratins, including KRT6A, KRT16, KRT5, KRT14, and KRT13, along with S100A2, LY6D, and SPRR family genes (SPRR2D, SPRR2A). These markers are highly specific to hillock cells, which form stratified, immunomodulatory structures in the airway epithelium."
79986,P1_2_GTACTTTAGCGGATCA,respiratory tract hillock cell,"respiratory tract hillock cell

This cell profile is highly characteristic of respiratory tract hillock cells, a specialized epithelial cell population in the airway. They are distinguished by the high expression of keratins associated with stratified squamous-like epithelia (such as KRT6A, KRT16, KRT13, KRT4, KRT5, and KRT14), along with S100 proteins (S100A2, S100A8, S100A9) and cornified envelope precursors like SPRR3."
183729,CATGGCGCAGTCGATT_F02509,respiratory tract hillock cell,"epithelial cell of lower respiratory tract

This cell type is characterized by the expression of general epithelial keratins (KRT7, KRT8, KRT18, KRT19) and EPCAM, along with markers of both alveolar (SFTPB, NAPSA, HOPX, CAV1) and airway/basal epithelial lineages (S100A2, KRT17, SFN, CLDN4). This mixed profile is highly characteristic of the ""epithelial cell of lower respiratory tract"" annotation in the Tabula Sapiens lung dataset, representing a broad or transitional epithelial population in the lower respiratory tract."
24354,P1_2_GGGCATCAGACCTTTG,respiratory tract hillock cell,"respiratory tract hillock cell
This cell type is identified as a respiratory tract hillock cell. It is characterized by the high expression of basal-like keratins (*KRT5*, *KRT14*) alongside specific stratified epithelial markers such as *KRT6A*, *KRT16*, *KRT13*, *S100A2*, *SPRR3*, and *CLCA2*. Hillock cells are a distinct, newly characterized epithelial cell population in the respiratory tract that form stratified, hillock-like structures and exhibit high turnover."
105205,P1_2_TGGTTAGAGAAACCAT,respiratory tract hillock cell,"respiratory tract hillock cell
This cell type is characterized by the high expression of specific keratins (KRT6A, KRT16, KRT14, KRT5, KRT13), S100 proteins (S100A2, S100A8, S100A9), and squamous differentiation markers (SPRR2D, SPRR3, CSTA, LYPD3, LY6D). This distinct expression profile is the hallmark of respiratory tract hillock cells, a specialized epithelial cell population found in the respiratory tract."
187728,P1_4_CGAGAAGCATGTAAGA,respiratory tract hillock cell,"respiratory tract hillock cell
This cell type is identified as a respiratory tract hillock cell. It is characterized by the high expression of keratins *KRT6A*, *KRT16*, *KRT14*, *KRT5*, and *KRT13*, along with *S100A2* and *LY6D*. Hillock cells are a distinct, stratified epithelial cell population in the respiratory tract that exhibit high turnover and express markers associated with squamous differentiation and barrier function, distinguishing them from classic respiratory basal cells."
274890,GTCTGTCTCGAGATGG_SC86,smooth muscle cell,"smooth muscle cell

This cell profile is characterized by the high expression of contractile and structural genes specific to smooth muscle, including *ACTA2* (alpha-smooth muscle actin), *TAGLN* (transgelin), *MYH11* (myosin heavy chain 11), *ACTG2*, *MYL9*, *DES* (desmin), and *CALD1* (caldesmon). The presence of these markers, along with *LMOD1* and *TPM2*, in the lung parenchyma context strongly identifies these cells as smooth muscle cells (such as vascular or alveolar duct smooth muscle cells), distinguishing them from fibroblasts and pericytes."
254399,TCATGTTGTATCGATC_SC86,smooth muscle cell,"smooth muscle cell
This cell profile is characteristic of vascular smooth muscle cells (labeled as ""smooth muscle cell"" in the lung parenchyma). It is defined by the high expression of contractile and structural genes such as *TAGLN*, *TPM2*, *ACTA2*, *MYH11*, *DES*, and *LMOD1*. The presence of mural cell markers like *MCAM*, *PDGFRB*, and *COX4I2* further distinguishes these vascular smooth muscle cells from airway (tracheobronchial) smooth muscle cells and other stromal populations in the lung parenchyma."
211534,CTAAGACAGTACCGGA-1-HCATisStab7587202,smooth muscle cell,"smooth muscle cell
This cell type is identified as a smooth muscle cell (specifically vascular smooth muscle cell in the lung parenchyma) based on the high expression of key contractile and structural markers, including TAGLN, ACTA2, MYH11, CNN1, LMOD1, and DES. The presence of mature smooth muscle markers like MYH11 and CNN1 distinguishes them from pericytes and myofibroblasts, while the parenchymal tissue context aligns with general smooth muscle cells rather than tracheobronchial smooth muscle cells."
329467,GTCACAAGTTCTGGTA_F01367,smooth muscle cell,"smooth muscle cell
This cell type is identified as a smooth muscle cell. The expression profile is dominated by key contractile and structural markers highly specific to smooth muscle, including *TAGLN* (transgelin), *ACTA2* (smooth muscle alpha-actin), *MYH11* (myosin heavy chain 11), *DES* (desmin), *PLN* (phospholamban), and *LMOD1* (leiomodin 1). These genes encode the essential machinery for muscle contraction and filament organization, distinguishing them from other stromal populations like fibroblasts or pericytes in the lung parenchyma."
257960,GGGTTATGTCCGCAGT_SC86,smooth muscle cell,"smooth muscle cell
This cell type is identified as a smooth muscle cell based on the high and specific expression of contractile and structural genes such as *TAGLN* (transgelin), *ACTA2* (smooth muscle alpha-actin), *TPM2*, *MYH11* (myosin heavy chain 11), *CALD1*, *LMOD1*, and *DES* (desmin). While some pericyte markers like *PDGFRB* and *MCAM* are present, the prominent expression of mature smooth muscle markers like *MYH11* and *ACTG2* in the lung parenchyma context strongly distinguishes these as smooth muscle cells (likely vascular smooth muscle)."
59024,AACCTTTAGCATCGAG_SC86,smooth muscle cell,"Smooth muscle cell

This cell profile is characterized by the high expression of classic smooth muscle markers, including *TAGLN* (transgelin), *TPM2*, *ACTA2* (α-smooth muscle actin), *DES* (desmin), *MYH11* (myosin heavy chain 11), *MYL9*, and *LMOD1* (leiomodin 1). The presence of these contractile proteins, along with *PDGFRB* and *MCAM*, and the tissue context of the lung parenchyma (where vascular smooth muscle cells are prominent) distinguishes these as smooth muscle cells rather than pericytes or fibroblasts."
163310,TATCAGGCACTTGAGT_SC143,smooth muscle cell,"smooth muscle cell
This cell type is identified as a smooth muscle cell (specifically vascular smooth muscle of the lung parenchyma). It is characterized by the high and specific expression of key contractile and structural genes, including *TAGLN* (transgelin), *ACTA2* (smooth muscle alpha-actin), *MYH11* (smooth muscle myosin heavy chain), *MYL9*, *LMOD1* (leiomodin 1), and *CNN1* (calponin 1). The presence of *MYH11* and *CNN1* distinguishes these cells from pericytes and fibroblasts, while the parenchymal tissue context localizes them to the vasculature rather than the tracheobronchial airways."
86891,GCTTGGGCAGGACTTT_SC86,smooth muscle cell,"smooth muscle cell
This cell type is identified as a smooth muscle cell. The expression profile is dominated by key contractile and structural genes highly specific to smooth muscle, including *TAGLN*, *TPM2*, *ACTA2*, *MYH11*, *MYL9*, *CALD1*, *DES*, *LMOD1*, and *CNN1*. The high expression of *MYH11* and *CNN1* specifically distinguishes smooth muscle cells from pericytes and fibroblasts in the lung parenchyma."
286515,TGTGGTAAGCCCAGCT-1-HCATisStab7747197,smooth muscle cell,"smooth muscle cell
The gene expression profile is dominated by key contractile and structural markers of smooth muscle, including *TAGLN* (transgelin), *ACTA2* (smooth muscle alpha-actin), *DES* (desmin), *ACTG2*, *CNN1* (calponin), and *MYH11* (myosin heavy chain 11). Given the tissue context of lung parenchyma (distal lung) rather than the conducting airways, these cells represent parenchymal (vascular or bronchiolar) smooth muscle cells."
199072,AGATAGATCTGAATGC_SC86,smooth muscle cell,"smooth muscle cell
This cell type is identified as a smooth muscle cell. The expression profile is highly enriched for classic contractile and structural markers of smooth muscle, including *TAGLN* (transgelin), *TPM2*, *ACTA2* (alpha-smooth muscle actin), *MYH11* (myosin heavy chain 11), *DES* (desmin), *CALD1*, and *CNN1*. The high expression of these specific markers, particularly *MYH11* and *DES*, distinguishes smooth muscle cells from other lung stromal cells such as fibroblasts and pericytes."
33445,CTTTGCGCACAAGCCC-1-HCATisStab7747199,smooth muscle cell,"smooth muscle cell
The expression profile is highly enriched for classic smooth muscle markers, including *TAGLN* (transgelin), *ACTA2* (smooth muscle alpha-actin), *ACTG2*, *CNN1* (calponin), *MYH11* (myosin heavy chain 11), and *DES* (desmin). These structural and contractile proteins are characteristic of smooth muscle cells. Given the tissue context of lung parenchyma, these cells represent vascular or bronchiolar smooth muscle cells, distinguishing them from tracheobronchial smooth muscle cells found in the upper airways."
323135,ATGATCGCACTTCAAG_SC86,smooth muscle cell,"smooth muscle cell
The expression profile is highly enriched for classic smooth muscle markers, including *TAGLN*, *ACTA2*, *TPM2*, *MYH11*, *MYL9*, *DES*, *LMOD1*, and *CNN1*. These genes encode structural and contractile proteins essential for smooth muscle function. The tissue context of lung parenchyma, combined with the absence of specific tracheobronchial markers, identifies these as smooth muscle cells (which include vascular and alveolar duct smooth muscle cells in the parenchyma)."
88372,TACTTGTGTCTAACGT_F02526,smooth muscle cell,"smooth muscle cell
This cell population is identified as a smooth muscle cell. It exhibits high expression of key contractile and structural genes characteristic of smooth muscle, including *ACTA2* (alpha-smooth muscle actin), *TAGLN* (transgelin), *MYL9*, *TPM2*, *ACTG2*, *CNN1* (calponin), *CALD1* (caldesmon), *DES* (desmin), and *MYH11* (myosin heavy chain 11). The presence of these markers, along with the lung parenchyma tissue context, distinguishes them from other stromal populations like fibroblasts or pericytes."
297638,GATTCGAAGTGGTGAC_SC86,smooth muscle cell,"smooth muscle cell
The gene expression profile is highly enriched for classic contractile and structural markers of smooth muscle, including TAGLN (transgelin), ACTA2 (alpha-smooth muscle actin), MYH11 (myosin heavy chain 11), CNN1 (calponin 1), DES (desmin), and LMOD1 (leiomodin 1). The presence of these markers, along with PLN (phospholamban) and CALD1, in the lung parenchyma context strongly identifies these as smooth muscle cells (such as vascular smooth muscle cells), distinguishing them from fibroblasts or other stromal cells."
278641,TACTTGTAGCAGCCTC-1-HCATisStab7659969,smooth muscle cell,"smooth muscle cell
The gene expression profile is highly enriched for classic smooth muscle contractile and structural markers, including *TAGLN* (transgelin), *ACTA2* (alpha-smooth muscle actin), *ACTG2*, *DES* (desmin), *CNN1* (calponin), *CALD1* (caldesmon), and *MYH11* (myosin heavy chain 11). In the context of the lung parenchyma, this signature specifically identifies smooth muscle cells (which include vascular and airway smooth muscle)."
98211,AAGAACATCCAGTACA_SC86,smooth muscle cell,"smooth muscle cell
The gene expression profile is characterized by high specificity for classic smooth muscle contractile apparatus genes, including *ACTA2* (alpha-smooth muscle actin), *TAGLN* (transgelin), *MYH11* (myosin heavy chain 11), *CNN1* (calponin 1), *LMOD1* (leiomodin 1), and *DES* (desmin). The strong expression of mature contractile markers like *MYH11* and *CNN1* distinguishes these from myofibroblasts and pericytes, identifying them as smooth muscle cells within the lung parenchyma (such as vascular or bronchiolar smooth muscle)."
118520,CGACCTTAGACAGGCT-1-HCATisStab7747198,smooth muscle cell,"smooth muscle cell
This cell type is characterized by the high expression of contractile and structural genes specific to smooth muscle, including TAGLN, ACTA2, TPM2, DES, MYL9, ACTG2, CNN1, and MYH11. In the context of the lung parenchyma, these markers identify vascular or bronchiolar smooth muscle cells, which regulate vascular and airway tone."
319029,CAAGTTGGTATTCGTG-1-HCATisStab7747197,smooth muscle cell,"smooth muscle cell
This cell population is characterized by the high expression of key contractile and structural genes specific to smooth muscle, including *TAGLN* (transgelin), *ACTA2* (smooth muscle alpha-actin), *DES* (desmin), *CNN1* (calponin 1), and *MYH11* (myosin heavy chain 11). The presence of these highly specific markers, along with *ACTG2* and *MYL9*, distinguishes them as smooth muscle cells rather than fibroblasts or pericytes within the lung parenchyma."
135265,CCTCACAGTCCATAGT_SC86,smooth muscle cell,"smooth muscle cell
This cell profile is characteristic of smooth muscle cells (specifically vascular smooth muscle cells) in the lung parenchyma. It is defined by the high expression of contractile and structural genes such as *TAGLN* (transgelin), *TPM2* (tropomyosin 2), *ACTA2* (alpha-smooth muscle actin), *MYH11* (myosin heavy chain 11), *LMOD1* (leiomodin 1), and *CALD1* (caldesmon). The presence of *PDGFRB* and *MCAM* further supports a vascular smooth muscle identity, distinguishing it from airway smooth muscle and other mesenchymal populations like fibroblasts or pericytes."
316312,GTTCTCGGTTTGACAC_F02526,smooth muscle cell,"smooth muscle cell
This cell type is identified as a smooth muscle cell. The expression profile is dominated by key contractile and structural genes characteristic of smooth muscle, including *ACTA2* (alpha-smooth muscle actin), *TAGLN* (transgelin), *MYH11* (myosin heavy chain 11), *CNN1* (calponin 1), *CALD1* (caldesmon), and *ACTG2*. The high specificity of these markers, combined with the lung parenchyma tissue context and the absence of dominant collagen genes (ruling out myofibroblasts), strongly supports this classification over other stromal or tracheobronchial-specific cell types."
237670,P3_5_CCTAGCTTCTTCGGTC,stromal cell,"smooth muscle cell
The profile is dominated by classic smooth muscle markers, including contractile proteins such as *TAGLN* (transgelin), *ACTA2* (alpha-smooth muscle actin), *ACTG2*, *MYH11* (myosin heavy chain 11), *CNN1* (calponin), and *SMTN* (smoothelin). The presence of *PLN* (phospholamban) and *KCNMB1* further confirms a highly contractile smooth muscle cell phenotype, typical of vascular or airway smooth muscle cells in the lung parenchyma."
169089,TACTCGCCACACTGCG-1-HCATisStab7747197,stromal cell,"smooth muscle cell
The profile is dominated by key contractile and structural genes highly specific to smooth muscle, including *DES* (desmin), *TAGLN* (transgelin), *ACTA2* (alpha-smooth muscle actin), *ACTG2*, *CNN1* (calponin), and *MYH11* (myosin heavy chain 11). Other markers like *CALD1*, *MYLK*, and *PLN* further confirm a smooth muscle cell phenotype within the lung parenchyma."
107334,GCATACAAGGGTCGAT-1-HCATisStab7747198,stromal cell,"smooth muscle cell
The gene expression profile is dominated by key contractile and structural markers of smooth muscle, including DES (desmin), TAGLN (transgelin), ACTA2 (alpha-smooth muscle actin), CNN1 (calponin 1), and MYH11 (myosin heavy chain 11). The high expression of these specific markers in the lung parenchyma context strongly identifies these cells as smooth muscle cells, distinguishing them from other mesenchymal lineages such as fibroblasts or pericytes."
313886,AGATTGCTCCGTAGGC-1-HCATisStab7747198,stromal cell,"smooth muscle cell
This cell type is identified as a smooth muscle cell. It highly expresses classic smooth muscle contractile and structural markers, including *TAGLN* (transgelin), *ACTA2* (alpha-smooth muscle actin), *DES* (desmin), *ACTG2*, *CNN1* (calponin), *MYH11* (myosin heavy chain 11), and *SMTN* (smoothelin). These genes are characteristic of contractile smooth muscle cells (both vascular and airway) found within the lung parenchyma."
268232,AACGTTGAGTTGAGAT-1-HCATisStab7659969,stromal cell,"smooth muscle cell
This cell type is identified as a smooth muscle cell. The expression profile is dominated by key contractile and structural markers of smooth muscle, including *TAGLN* (transgelin), *ACTA2* (alpha-smooth muscle actin), *DES* (desmin), *ACTG2*, *CNN1* (calponin), and *MYH11* (myosin heavy chain 11). The tissue context of lung parenchyma distinguishes these parenchymal (vascular or alveolar duct) smooth muscle cells from those of the upper airways (tracheobronchial smooth muscle cells)."
67357,CTACACCTCGTGTAGT-1-HCATisStab7747197,stromal cell,"smooth muscle cell
The expression profile is dominated by key contractile and structural markers of smooth muscle, including *TAGLN* (transgelin), *DES* (desmin), *ACTA2* (alpha-smooth muscle actin), *ACTG2*, *CNN1* (calponin), *PLN* (phospholamban), and *MYH11* (myosin heavy chain 11). The presence of these highly specific myogenic markers, along with the lung parenchyma tissue context and relatively low collagen expression, identifies these cells as smooth muscle cells (such as vascular or bronchiolar smooth muscle)."
325560,TCGGGACCAATGGAAT_F02611,stromal cell,"smooth muscle cell
The profile is dominated by classic smooth muscle markers, including contractile proteins and regulators such as *TAGLN* (transgelin), *ACTA2* (smooth muscle alpha-actin), *DES* (desmin), *ACTG2*, *CNN1* (calponin), *MYH11*, and *PLN* (phospholamban). The high expression of these markers, particularly in the lung parenchyma context, is highly characteristic of vascular and parenchymal smooth muscle cells."
259465,AACTCTTTCACGATGT_F00409,stromal cell,"smooth muscle cell
The cell type is a smooth muscle cell. The expression profile is dominated by key contractile and structural proteins highly specific to smooth muscle, including *TAGLN* (transgelin), *ACTA2* (smooth muscle alpha-actin), *ACTG2*, *DES* (desmin), *CNN1* (calponin), *MYH11* (myosin heavy chain 11), and *SMTN* (smoothelin). These markers, along with calcium-sensitizing and regulatory genes like *MYLK* and *PPP1R14A*, are characteristic of mature, contractile smooth muscle cells in the lung."
87771,CTAGTGATCCACGAAT_HD67,stromal cell,"smooth muscle cell
This cell type is identified as a smooth muscle cell. The expression profile is highly enriched for key contractile and structural proteins characteristic of smooth muscle, including ACTA2 (alpha-smooth muscle actin), TAGLN (transgelin), MYH11 (myosin heavy chain 11), CNN1 (calponin), DES (desmin), and LMOD1 (leiomodin 1). The presence of these specific markers, along with other smooth muscle-associated genes like PLN and ACTG2, distinguishes them from other lung mesenchymal populations such as fibroblasts or pericytes."
219700,CATCAAGCATTCCTCG-1-HCATisStab7747199,stromal cell,"smooth muscle cell

This cell profile is characterized by the high expression of classic smooth muscle contractile and structural markers, including *TAGLN* (transgelin), *DES* (desmin), *ACTA2* (alpha-smooth muscle actin), *ACTG2*, *CNN1* (calponin), *SMTN* (smoothelin), and *MYH11* (myosin heavy chain 11). The presence of these highly specific markers, along with *PLN* and *caldesmon* (*CALD1*), in the lung parenchyma context strongly identifies these cells as smooth muscle cells (such as vascular or alveolar duct smooth muscle), distinguishing them from fibroblasts and myofibroblasts."
198593,ACTATCTGTCGTCTTC-1-HCATisStab7747197,stromal cell,"Smooth muscle cell
This cell type is characterized by the high expression of key contractile and structural proteins specific to smooth muscle, including *DES* (desmin), *TAGLN* (transgelin), *ACTA2* (alpha-smooth muscle actin), *ACTG2*, *CNN1* (calponin), and *MYH11* (myosin heavy chain 11). This expression profile is highly specific for smooth muscle cells within the lung parenchyma, distinguishing them from other mesenchymal lineages such as fibroblasts or pericytes."
312326,CACCACTTCACGCATA-1-HCATisStab7659971,stromal cell,"smooth muscle cell
This cell profile is characterized by the high expression of key contractile and structural genes specific to mature smooth muscle, including ACTA2, TAGLN, MYH11, CNN1, DES, and LMOD1. The presence of MYH11 and LMOD1 distinguishes these cells from myofibroblasts and pericytes, confirming their identity as smooth muscle cells. In the context of the lung parenchyma, these typically represent vascular smooth muscle cells."
296717,CCGTACTGTCAGAAGC-1-HCATisStab7659971,stromal cell,"smooth muscle cell
This cell type is identified as a smooth muscle cell. The expression profile is highly enriched for classic contractile and structural proteins characteristic of smooth muscle, including ACTA2 (alpha-smooth muscle actin), TAGLN (transgelin), MYH11 (smooth muscle myosin heavy chain), CNN1 (calponin), MYL9, and DES (desmin). The presence of regulatory genes like PLN (phospholamban) and RERGL further confirms a smooth muscle phenotype within the lung parenchyma, likely representing vascular or alveolar duct smooth muscle cells."
56375,GACACGCAGGTCATCT_HD67,stromal cell,"smooth muscle cell
This cell type is identified as a smooth muscle cell. The expression profile is highly enriched for key contractile and structural proteins characteristic of smooth muscle, including *TAGLN* (transgelin), *ACTA2* (smooth muscle alpha-actin), *MYH11* (myosin heavy chain 11), *CNN1* (calponin), *DES* (desmin), and *LMOD1* (leiomodin 1). These markers, along with *TPM2*, *MYL9*, and *CALD1*, distinguish smooth muscle cells from other stromal and parenchymal cell types in the lung."
14264,P3_5_TTGGCAAGTTCGGCAC,stromal cell,"smooth muscle cell
This cell type is characterized by the high expression of key contractile and structural genes specific to smooth muscle, including *TAGLN* (transgelin), *ACTA2* (alpha-smooth muscle actin), *DES* (desmin), *MYH11* (myosin heavy chain 11), *CNN1* (calponin 1), and *LMOD1* (leiomodin 1). The tissue context of the lung parenchyma, which contains the alveolar walls and blood vessels rather than the conducting airways, distinguishes these as parenchymal (primarily vascular) smooth muscle cells rather than tracheobronchial smooth muscle cells."
251405,AGTGAGGAGCTGATAA-1-HCATisStab7659969,stromal cell,"smooth muscle cell
This cell population is characterized by the high expression of key contractile and structural genes specific to smooth muscle, including *TAGLN* (transgelin), *ACTA2* (alpha-smooth muscle actin), *ACTG2*, *DES* (desmin), *CNN1* (calponin 1), and *MYH11* (myosin heavy chain 11). The presence of *PLN* (phospholamban) and *HSPB6*, combined with the absence of high-level fibrillar collagen expression (e.g., *COL1A1*, *COL3A1*), distinguishes these as smooth muscle cells rather than fibroblasts or myofibroblasts within the lung parenchyma."
185206,AGCGGTCTCGTTACAG-1-HCATisStab7747197,stromal cell,"smooth muscle cell
This cell profile is characterized by the high expression of contractile and structural genes specific to smooth muscle, including *TAGLN* (transgelin), *DES* (desmin), *ACTG2* (smooth muscle gamma-actin), *ACTA2* (smooth muscle alpha-actin), *CNN1* (calponin), and *MYH11* (myosin heavy chain 11). These markers are highly specific for smooth muscle cells (both vascular and airway) within the lung parenchyma, distinguishing them from fibroblasts, myofibroblasts, and pericytes."
33258,P3_5_GACTGCGGTTCCGGCA,stromal cell,"Smooth muscle cell
The profile is dominated by classic smooth muscle markers, including contractile proteins and regulators such as *TAGLN* (transgelin), *ACTA2* (smooth muscle alpha-actin), *ACTG2*, *MYH11* (myosin heavy chain 11), *CNN1* (calponin 1), *DES* (desmin), and *LMOD1* (leiomodin 1). These genes are highly specific for smooth muscle cells, which in the lung parenchyma regulate vascular and airway tone."
314177,AAGGCAGAGGACATTA_F01365,stromal cell,"smooth muscle cell
This cell profile is characterized by the high expression of key contractile and structural genes specific to smooth muscle, including ACTA2, TAGLN, ACTG2, MYH11, CNN1, and MYL9, along with extracellular matrix proteins (MGP, COL1A1, COL1A2, BGN). The presence of mature smooth muscle markers like MYH11 and CNN1 distinguishes these from myofibroblasts and pericytes. Given the lung parenchyma context, these represent parenchymal (primarily vascular) smooth muscle cells rather than tracheobronchial smooth muscle cells."
211553,TGGGAAGAGATTACCC-1-HCATisStab7747198,stromal cell,"smooth muscle cell
The gene expression profile is highly enriched for classic contractile and structural markers of smooth muscle, including *DES* (desmin), *TAGLN* (transgelin), *ACTA2* (alpha-smooth muscle actin), *MYH11* (myosin heavy chain 11), *CNN1* (calponin), and *SMTN* (smoothelin). The tissue context of lung parenchyma, rather than the upper airways, distinguishes these as parenchymal smooth muscle cells (such as vascular smooth muscle) rather than tracheobronchial smooth muscle cells."
260293,GGTATTGAGAACAACT_F01607,tracheobronchial goblet cell,"club cell
This cell type is identified as a club cell (formerly Clara cell) due to the exceptionally high and specific expression of secretoglobins *SCGB3A1* and *SCGB1A1*. Club cells are non-ciliated secretory epithelial cells of the bronchioles that produce protective airway secretions. Other highly expressed markers, such as *BPIFB1*, *SLPI*, *WFDC2*, and *LCN2*, support this secretory and host-defense phenotype, distinguishing them from goblet cells which would express much higher levels of mucins (*MUC5AC*, *MUC5B*) relative to secretoglobins."
328221,CCCTCCTGTCAAACTC-SC45,tracheobronchial goblet cell,"club cell
This cell type is identified as a club cell (formerly Clara cell) due to the extremely high and specific expression of secretoglobins *SCGB1A1* and *SCGB3A1*, which are hallmark markers of club cells in the bronchiolar epithelium. Other highly expressed genes, such as *BPIFB1*, *SLPI*, *BPIFA1*, and *WFDC2*, encode host defense and secretory proteins characteristic of the airway secretory lineage, while the relatively low expression of mucins (*MUC5AC*, *MUC5B*) distinguishes them from goblet cells."
159776,TAGTGGTCACACATGT_HD67,tracheobronchial goblet cell,"club cell
This cell type is identified as a club cell (formerly Clara cell) due to the exceptionally high and specific expression of secretoglobins *SCGB1A1* and *SCGB3A1*. Club cells are non-ciliated secretory epithelial cells of the bronchioles that produce protective airway secretions. The profile also shows expression of other characteristic markers, including host defense proteins (*SLPI*, *BPIFB1*, *WFDC2*) and cytochrome P450 enzymes (*CYP2F1*, *CYP4B1*) involved in xenobiotic metabolism."
98306,AACCGCGTCTGCTGCT_HD67,tracheobronchial goblet cell,"club cell
This cell type is identified as a club cell (formerly Clara cell) due to the highly specific and abundant expression of secretoglobins *SCGB1A1* and *SCGB3A1*, which are canonical markers for club cells in the bronchiolar epithelium. Other highly expressed genes like *BPIFB1*, *SLPI*, and *WFDC2* further support this identity, as they are involved in mucosal host defense and are characteristic of secretory club cells in the lung."
174274,CTCGTACGTACCGTAT_SC18,tracheobronchial goblet cell,"club cell
This cell type is identified as a club cell (formerly Clara cell), a major secretory epithelial cell of the pulmonary airways. The profile is dominated by the highly specific expression of secretoglobins *SCGB3A1* and *SCGB1A1*, which are hallmark markers of club cells. Other highly expressed genes, such as *BPIFB1*, *SLPI*, *WFDC2*, *PIGR*, and the cytochrome P450 enzyme *CYP2F1*, further support this identity, reflecting their roles in mucosal defense, airway surface liquid homeostasis, and xenobiotic metabolism."
24837,CAGATCACATCTCCCA-SC155,tracheobronchial goblet cell,"club cell
This cell type is a club cell. It is characterized by the extremely high and specific expression of secretoglobins, particularly *SCGB1A1* (the classic club cell marker, also known as CC10), *SCGB3A2*, and *SCGB3A1*. Other supporting markers include *BPIFB1*, *SLPI*, *WFDC2*, and *CYP2F1*, which are highly characteristic of the secretory and xenobiotic-metabolizing functions of bronchiolar club cells in the lung parenchyma."
53105,TTGCCGTCAACGATCT_F02092,tracheobronchial goblet cell,"club cell
The cell type is a club cell, characterized by the extremely high and specific expression of *SCGB1A1* and *SCGB3A1* (secretoglobins). Other prominent markers such as *BPIFB1*, *SLPI*, *WFDC2*, and *CYP2F1* are also highly characteristic of club cells, which function as secretory and progenitor cells in the bronchiolar epithelium, contributing to airway defense and xenobiotic metabolism."
290290,CTTCTCTGTATGAATG-SC45,tracheobronchial goblet cell,"club cell
This cell type is identified as a club cell (formerly Clara cell) due to the exceptionally high and specific expression of *SCGB1A1* and *SCGB3A1*, which encode secretoglobins characteristic of these non-ciliated bronchiolar secretory cells. Other highly ranked markers, such as *BPIFB1*, *SLPI*, *BPIFA1*, and *CYP2F1*, further support this identity, as they are involved in mucosal defense and xenobiotic metabolism, which are primary functions of club cells in the lung parenchyma."
272244,TAAGAGACAAGAGGCT_F02528,tracheobronchial goblet cell,"club cell
This cell type is identified as a club cell (formerly Clara cell) due to the extremely high and specific expression of *SCGB1A1* and *SCGB3A1*, which encode secretoglobins characteristic of bronchiolar secretory cells. Other highly ranked markers, such as *BPIFB1*, *SLPI*, and *WFDC2*, are also classic signatures of club cells. While some mucins (*MUC5AC*, *MUC5B*) are present, their lower specificity compared to *SCGB1A1* rules out goblet cells as the primary identity."
259798,AGTAGTCAGCCTATGT_SC20,tracheobronchial goblet cell,"club cell
This cell type is identified as a club cell (formerly Clara cell) due to the extremely high and specific expression of *SCGB1A1* and *SCGB3A1*, which are classic secretoglobin markers for these bronchiolar secretory cells. Other highly ranked genes, such as *SLPI*, *BPIFB1*, *WFDC2*, and *SCGB3A2*, are also characteristic of club cells and are involved in airway mucosal defense and fluid secretion."
330455,AATGGCTTCATGCAGT_SC85,tracheobronchial goblet cell,"club cell
This cell type is identified as a club cell (formerly Clara cell) due to the extremely high and specific expression of *SCGB1A1* and *SCGB3A1*, which encode secretoglobins characteristic of bronchiolar secretory cells. Other highly ranked genes, such as *BPIFB1*, *SLPI*, *WFDC2*, and *PIGR*, further support this secretory epithelial phenotype in the lung parenchyma."
115424,GCTGCAGAGCCCAACC_F01851,tracheobronchial goblet cell,"club cell
This cell type is identified as a club cell (bronchiolar exocrine cell) based on the extremely high and specific expression of secretoglobins *SCGB1A1* and *SCGB3A1*. Other highly expressed marker genes include *SLPI*, *BPIFB1*, *WFDC2*, and *BPIFA1*, which encode host defense and secretory proteins characteristic of club cells in the bronchiolar epithelium of the lung."
248704,CGGAGTCGTCATGCAT-1-HCATisStab7659971,tracheobronchial smooth muscle cell,"smooth muscle cell
This cell population is identified as smooth muscle cells based on the high and specific expression of contractile and structural genes characteristic of smooth muscle, including *ACTA2* (α-smooth muscle actin), *TAGLN* (transgelin), *MYH11* (myosin heavy chain 11), *CNN1* (calponin 1), *ACTG2*, and *TPM2*. The presence of *PLN* (phospholamban) and *MYL9* further supports a smooth muscle phenotype within the lung parenchyma, distinguishing them from other stromal populations like fibroblasts or pericytes."
60899,TTCGGTCAGTGTAGAT_SC86,tracheobronchial smooth muscle cell,"smooth muscle cell
This cell type is identified as a smooth muscle cell. It highly expresses classic smooth muscle markers, including contractile proteins and associated regulators such as *ACTA2* (alpha-smooth muscle actin), *TAGLN* (transgelin), *DES* (desmin), *MYH11* (myosin heavy chain 11), *MYL9*, *CALD1*, and *TPM2*. The presence of *MYH11* and *LMOD1* distinguishes mature smooth muscle cells from myofibroblasts, while the tissue context of lung parenchyma and the absence of specific proximal airway markers point to parenchymal (vascular or bronchiolar) smooth muscle cells."
283564,AAGAACACACACGGAA_SC86,tracheobronchial smooth muscle cell,"smooth muscle cell
This cell type is identified as a smooth muscle cell based on the highly specific expression of key contractile and structural genes, including MYH11, ACTA2, TAGLN, CALD1, LMOD1, and SMTN, as well as the smooth muscle-specific long non-coding RNA CARMN. The tissue context of lung parenchyma, combined with these markers, distinguishes these as parenchymal (likely vascular) smooth muscle cells rather than tracheobronchial smooth muscle cells."
327567,GTTCATTCACCCATGG_F02524,tracheobronchial smooth muscle cell,"smooth muscle cell

This cell type is identified as a smooth muscle cell based on the high and specific expression of contractile and structural markers of smooth muscle, including *TAGLN* (transgelin), *ACTA2* (alpha-smooth muscle actin), *TPM2*, *MYL9*, *MYH11* (myosin heavy chain 11), *ACTG2*, and *LMOD1* (leiomodin 1). The tissue context of lung parenchyma, combined with these markers, distinguishes them from other contractile cells like pericytes (which typically lack *MYH11* and *LMOD1*) and fibroblasts."
173891,CGATCGGCAATGACCT_HD68,tracheobronchial smooth muscle cell,"smooth muscle cell
This cell population is identified as smooth muscle cells based on the high and specific expression of key contractile and structural markers, including *TAGLN* (transgelin), *ACTA2* (smooth muscle alpha-actin), *MYH11* (myosin heavy chain 11), *CNN1* (calponin 1), *DES* (desmin), and *LMOD1* (leiomodin 1). The presence of these markers, along with *ACTG2* and *CALD1*, is highly characteristic of mature, contractile smooth muscle cells within the lung parenchyma."
132192,P3_5_TCGAGGCCACTTACGA,tracheobronchial smooth muscle cell,"smooth muscle cell
This cell profile is characteristic of a **smooth muscle cell** (specifically vascular smooth muscle cells in the lung parenchyma). It is defined by the high expression of contractile and structural genes such as *ACTA2*, *TAGLN*, *TPM2*, *MYL9*, *MYH11*, *ACTG2*, and *CNN1*, along with smooth muscle-specific lncRNA *CARMN*. The presence of *COX4I2* and *HIGD1B* is typical for vascular smooth muscle cells (particularly arteriolar), distinguishing them from airway smooth muscle cells."
236747,P2_2_AGTGGGACAAGCGAGT,tracheobronchial smooth muscle cell,"smooth muscle cell
This cell type is identified as a smooth muscle cell. The expression profile is highly enriched for key contractile and structural proteins characteristic of smooth muscle, including TAGLN (transgelin), ACTA2 (smooth muscle alpha-actin), TPM2, MYL9, CALD1, DES (desmin), MYH11 (myosin heavy chain 11), CNN1 (calponin 1), and LMOD1. The high specificity of MYH11, CNN1, and ACTG2 strongly distinguishes these from pericytes and fibroblasts within the lung parenchyma."
235158,TTGACTTTCAGTTAGC-SC156,tracheobronchial smooth muscle cell,"lung pericyte

This cell profile is characteristic of **lung pericytes**. It is defined by the high expression of contractile and structural markers such as *DES* (Desmin), *TAGLN* (Transgelin), *MGP*, and *DCN*, alongside pericyte-associated genes like *GUCY1B1* and *TMEM37*. The presence of endothelial (*CLDN5*) and immune-related transcripts (*LYZ*, *TYROBP*, *IGHG1*) is a common signature of ambient RNA contamination or close physical association with capillary endothelial cells and immune cells in the lung parenchyma."
87167,CGCTTCAGTCATATGC_F02522,tracheobronchial smooth muscle cell,"smooth muscle cell

This cell type is identified as a smooth muscle cell. The expression profile is highly enriched for classic smooth muscle contractile and structural proteins, including *TAGLN* (transgelin), *ACTA2* (alpha-smooth muscle actin), *TPM2* (tropomyosin 2), *MYL9* (myosin light chain 9), *LMOD1* (leiomodin 1), *CALD1* (caldesmon), and *MYH11* (myosin heavy chain 11). These markers, along with *PPP1R14A*, are characteristic of smooth muscle cells (both vascular and airway) within the lung parenchyma."
221107,TAAGCGTGTCGCGGTT_SC143,tracheobronchial smooth muscle cell,"smooth muscle cell
This cell type is characterized by the high expression of key contractile and structural proteins specific to smooth muscle, including TAGLN (transgelin), ACTA2 (alpha-smooth muscle actin), MYH11 (myosin heavy chain 11), CNN1 (calponin), LMOD1 (leiomodin 1), and PLN (phospholamban). This expression profile is highly specific to smooth muscle cells within the lung parenchyma."
198297,GGGACTCAGTGACCTT_SC86,tracheobronchial smooth muscle cell,"smooth muscle cell
This cell type is identified as a smooth muscle cell. It highly expresses classic contractile and structural markers of smooth muscle, including *ACTA2* (alpha-smooth muscle actin), *TAGLN* (transgelin), *MYH11* (myosin heavy chain 11), *CNN1* (calponin 1), *DES* (desmin), and *TPM2* (tropomyosin 2). These proteins are essential for the contractile function of vascular and airway smooth muscle cells within the lung parenchyma."
200715,P3_5_GACAGAGGTGTGAATA,tracheobronchial smooth muscle cell,"smooth muscle cell
This cell profile is characterized by the high expression of contractile and structural genes specific to smooth muscle, including *ACTA2* (alpha-smooth muscle actin), *TAGLN* (transgelin), *MYH11* (myosin heavy chain 11), *CNN1* (calponin), *DES* (desmin), and *LMOD1* (leiomodin 1). These markers, along with calcium-sensitizing and regulatory proteins like *MYL9*, *CALD1*, and *PPP1R14A*, are classic signatures of smooth muscle cells (such as vascular or airway smooth muscle) within the lung parenchyma."
245653,AAGGAGCAGCCAGTTT-SC155,tracheobronchial smooth muscle cell,"smooth muscle cell
This cell population is characterized by the high expression of key contractile and structural genes specific to smooth muscle, including *TAGLN*, *ACTA2*, *TPM2*, *MYL9*, *DES*, *MYH11*, *CALD1*, and *ACTG2*. The presence of *MYH11* and *CARMN*, combined with the absence of high collagen expression (which would indicate fibroblasts or myofibroblasts), confirms their identity as smooth muscle cells."
249276,TGTCCACAGCGCCTCA_SC141,tracheobronchial smooth muscle cell,"smooth muscle cell
This cell population is characterized by the high expression of classic smooth muscle contractile genes, including *TAGLN* (transgelin), *ACTA2* (smooth muscle alpha-actin), *MYH11*, *CNN1*, *ACTG2*, and *LMOD1*, along with the smooth muscle-specific lncRNA *CARMN*. The presence of these mature contractile markers, combined with the lung parenchyma tissue context, identifies these cells as smooth muscle cells (such as vascular smooth muscle cells), distinguishing them from airway-specific tracheobronchial smooth muscle cells or myofibroblasts."
275401,GCGCAGTTCACCAGGC_F02522,tracheobronchial smooth muscle cell,"lung pericyte

This cell profile is characteristic of lung pericytes. It is defined by the high expression of contractile and structural genes shared with smooth muscle cells (such as ACTA2, TAGLN, and TPM2) alongside highly specific pericyte markers, including COX4I2, NDUFA4L2, PDGFRB, RERGL, and AOC3. This combination distinguishes pericytes from other mural cells like vascular smooth muscle cells and myofibroblasts in the lung parenchyma."
185883,GGAGATGGTAAGGCTG_SC86,tracheobronchial smooth muscle cell,"Smooth muscle cell
The gene expression profile is dominated by key contractile and structural markers highly specific to smooth muscle cells, including *TAGLN* (transgelin), *TPM2*, *DES* (desmin), *MYH11*, *ACTA2* (smooth muscle alpha-actin), *CALD1*, and *CNN1* (calponin). These genes are characteristic of the contractile apparatus of smooth muscle cells in the lung parenchyma, distinguishing them from other stromal populations like fibroblasts or pericytes."
171683,CATACAGAGAATCGAT_SC143,tracheobronchial smooth muscle cell,"lung pericyte
This cell type is identified as a lung pericyte. It is characterized by the highly specific expression of canonical pericyte markers such as *HIGD1B*, *COX4I2*, and *NDUFA4L2*. Additionally, the expression of *PDGFRB*, *MCAM*, *ACTA2*, and *tagln* (transgelin), along with basement membrane components like *COL4A1* and *COL4A2*, distinguishes pericytes from other vascular and stromal cells, such as smooth muscle cells and fibroblasts, in the lung parenchyma."
92815,GCAGTTATCAGGCAAG-SC156,tracheobronchial smooth muscle cell,"smooth muscle cell
The cell type is identified as a smooth muscle cell. The expression profile is dominated by key smooth muscle contractile and structural markers, including *TAGLN* (transgelin), *DES* (desmin), *ACTA2* (alpha-smooth muscle actin), *ACTG2*, *TPM2*, *CNN1* (calponin), and *MYH11* (myosin heavy chain 11). These genes are highly specific for smooth muscle cells, distinguishing them from other stromal populations like fibroblasts or pericytes in the lung parenchyma."
180539,ATCACGAAGGACCACA_F02617,tracheobronchial smooth muscle cell,"smooth muscle cell
This cell type is identified as a smooth muscle cell. The expression profile is dominated by key contractile and structural genes characteristic of smooth muscle, including *TAGLN* (transgelin), *ACTA2* (alpha-smooth muscle actin), *TPM2* (tropomyosin 2), *MYL9* (myosin light chain 9), *CALD1* (caldesmon), *LMOD1* (leiomodin 1), and *MYH11* (myosin heavy chain 11). The presence of these markers, along with extracellular matrix-associated genes like *MGP* and *ELN*, is highly specific to smooth muscle cells within the lung parenchyma (such as vascular smooth muscle cells)."
272635,ACGTAGTAGTCCCAAT_SC86,tracheobronchial smooth muscle cell,"smooth muscle cell
This cell type is identified as a smooth muscle cell. It highly expresses classic contractile and structural markers of smooth muscle, including *TAGLN* (transgelin), *ACTA2* (smooth muscle alpha-actin), *MYH11* (myosin heavy chain 11), *LMOD1* (leiomodin 1), *CARMN*, and *ACTG2*. The presence of *MYH11* and *LMOD1* distinguishes these cells from myofibroblasts and pericytes, confirming a mature smooth muscle phenotype within the lung parenchyma."
81450,7185212_TGACTTTAGTGGACGT,vein endothelial cell,"vein endothelial cell

The profile is highly characteristic of vein endothelial cells (venular endothelial cells) in the lung. ACKR1 (DARC) is a highly specific marker for venous/venular endothelial cells. Other top markers such as COL15A1, PLVAP, CCL14, and VWF, along with pan-endothelial markers like CLDN5, EMCN, and SOX17, further confirm this identity, distinguishing them from capillary, arterial, or lymphatic endothelial cells."
70756,CGGCTAGAGGTGATAT_HD68,vein endothelial cell,"capillary endothelial cell

This cell type is identified as a capillary endothelial cell. It highly expresses pan-endothelial markers such as *VWF*, *CLDN5*, *PECAM1* (CD31), and *CAV1*, alongside markers highly specific to lung capillary endothelial cells (including both general capillaries/gCap and aerocytes/aCap) such as *FCN3*, *CA4*, *RAMP3*, and *TMEM100*."
49926,TTTATGCCACTCAGGC_F02617,vein endothelial cell,"capillary endothelial cell

This cell profile is characteristic of capillary endothelial cells (specifically general capillary or gCap cells) of the lung. It is defined by the highly specific expression of *FCN3* (a key marker for lung capillary endothelial cells), along with pan-endothelial markers such as *VWF*, *CLDN5*, *PECAM1* (CD31), *RAMP2*, and *ENG*. Other highly expressed genes like *PRSS23*, *PTGDS*, and metallothioneins (*MT1M*, *MT2A*, *MT1X*) further support this identity, distinguishing them from other endothelial subtypes (such as lymphatic or arterial) in the lung parenchyma."
308248,P2_7_GATCGATGTTAGTGGG,vein endothelial cell,"vein endothelial cell
This cell population is identified as vein endothelial cells based on the high and specific expression of ACKR1 (DARC), a well-established marker for venular and venous endothelial cells. This is supported by the expression of pan-endothelial markers such as CLDN5, VWF, CAV1, and EGFL7, as well as other venous-associated genes like SELE and MGP, distinguishing them from capillary, arterial, or lymphatic endothelial cells."
216603,ACGAGGAAGGCTACGA_F02522,vein endothelial cell,"vein endothelial cell

This cell type is identified as a vein endothelial cell. The expression profile shows classic endothelial markers (VWF, CLDN5, PECAM1, and ENG) combined with highly specific venous/venular markers, most notably ACKR1 (DARC), CCL23, CCL14, and PRSS23. ACKR1 is a well-established marker that distinguishes venous endothelial cells from capillary and arterial endothelial cells in the lung parenchyma. Other supporting markers include CLU, SLCO2A1, and FCN3."
228111,ACGCCGAAGTGAACAT_F02528,vein endothelial cell,"Vein endothelial cell

This cell population is identified as vein endothelial cells based on the high expression of pan-endothelial markers (such as *VWF*, *PECAM1*, *CLDN5*, *RAMP2*, and *CALCRL*) combined with highly specific venous endothelial markers, most notably *ACKR1* (DARC) and *FCN3*. Other enriched genes like *SLCO2A1*, *CCL14*, and *PRSS23* further support a venous/venular endothelial identity within the lung parenchyma."
120455,P2_1_AACTCTTGTGACGGTA,vein endothelial cell,"vein endothelial cell

This cell type is identified as a vein endothelial cell. It highly expresses pan-endothelial markers such as *VWF*, *CLDN5*, *RAMP2*, and *PTPRB*. Crucially, it is characterized by the highly specific expression of *ACKR1* (DARC), which is a well-established marker for venous/venular endothelial cells in the lung, along with other venous-associated genes like *VCAM1*, *SELE*, and *CCL2*."
320647,CTCGGAGTCCACGTTC_F02524,vein endothelial cell,"vein endothelial cell
This cell type is identified as a vein endothelial cell. It expresses pan-endothelial markers such as VWF, CLDN5, RAMP2, and EGFL7, but is specifically distinguished by the high expression of ACKR1 (DARC) and CCL14, which are highly specific markers for venous/venular endothelial cells in the lung parenchyma, separating them from capillary and arterial endothelial cells."
327399,CATACTTCACCTCAGG_SC144,vein endothelial cell,"vein endothelial cell
This cell profile is characteristic of vein endothelial cells (venules) in the lung. It is defined by the high expression of pan-endothelial markers like *VWF*, *CLDN5*, and *PTPRB*, combined with vein-specific markers such as *ACKR1* (DARC) and *SELE* (E-selectin). Other supporting markers include *SPARCL1*, *C7*, and *MMRN1*, which distinguish venular endothelial cells from capillary, arterial, or lymphatic endothelial cells."
157596,ATTATCCTCAGCTGGC-SC156,vein endothelial cell,"vein endothelial cell
This cell type is characterized by the high and specific expression of ACKR1 (DARC), a well-established marker for vein (venular) endothelial cells. It also expresses pan-endothelial markers such as VWF, CLDN5, RAMP2, and PTPRB, alongside SELE (E-selectin), which is typically restricted to venules. This profile distinguishes it from capillary, arterial, and lymphatic endothelial cells in the lung."
89079,CGTGTCTGTACGCTGC_F02617,vein endothelial cell,"vein endothelial cell
This cell type is identified as a vein endothelial cell based on the high expression of endothelial lineage markers (VWF, CLDN5, PECAM1, RAMP2, and CALCRL) combined with the highly specific expression of ACKR1 (DARC), which is a well-established marker for venous/vein endothelial cells in the lung. Other top-ranked genes like MGP, PTGDS, and CLU are also highly enriched in pulmonary venous endothelial cells."
245218,CCTCTAGAGTGATCGG_SC144,vein endothelial cell,"vein endothelial cell

This cell type is identified as a vein endothelial cell based on the high expression of pan-endothelial markers (such as *VWF*, *PECAM1*, *CLDN5*, *PTPRB*, and *EGFL7*) combined with highly specific venous endothelial markers, most notably *ACKR1* (DARC) and *VCAM1*. *SPARCL1* and *NPR3* are also highly enriched in pulmonary venous endothelial cells compared to capillary or arterial endothelial cells."
114970,GCCTCTATCAAGCCTA_HD67,vein endothelial cell,"capillary endothelial cell
This cell profile is characterized by pan-endothelial markers (CLDN5, PECAM1, VWF, CD34, RAMP2) and specific capillary markers such as FCN3, GPIHBP1, and TMEM100. FCN3 is highly specific to alveolar capillary endothelial cells (specifically general capillaries or gCaps) in the lung parenchyma, which regulate capillary blood flow and solute exchange."
286973,TTAGGACTCGTCCAGG_SC27,vein endothelial cell,"vein endothelial cell

This cell type is identified as a vein endothelial cell. It highly expresses pan-endothelial markers such as *PECAM1* (CD31), *VWF*, *CAV1*, and *ECSCR*, alongside *ACKR1* (DARC), which is a highly specific marker for venous/venular endothelial cells in the lung. Other enriched markers like *VCAM1*, *SELE* (E-selectin), and *MGP* further support a venous endothelial identity over capillary, arterial, or lymphatic lineages."
156991,AGCATACCAAGTTCTG_F02617,vein endothelial cell,"vein endothelial cell

This cell profile is characteristic of vein endothelial cells (venous/venular endothelial cells) in the lung parenchyma. The high specificity of *ACKR1* (DARC) and *VWF* (von Willebrand factor) distinguishes them from capillary and arterial endothelial cells. Other top markers such as *PTGDS*, *CCL23*, *PRSS23*, and *MMRN1* are highly enriched in the venous endothelium of the lung, while *CLDN5*, *PECAM1* (CD31), and *RAMP2/3* confirm their endothelial lineage."
66534,ATGTGTGAGCGTTGCC_SC20,vein endothelial cell,"pulmonary alveolar type 2 cell
The expression profile is dominated by surfactant proteins (SFTPC, SFTPB, SFTPA1, SFTPA2, and SFTPD), which are highly specific markers for pulmonary alveolar type 2 (AT2) cells. Other key markers include NAPSA (napsin A) and SLC34A2, which are essential for surfactant synthesis and secretion, confirming the identity as pulmonary alveolar type 2 cells."
332793,P3_7_TCTCATAAGCCCGAAA,vein endothelial cell,"vein endothelial cell
This cell type is identified as a vein endothelial cell based on the highly specific expression of *ACKR1* (also known as *DARC*), a well-established marker for venular/vein endothelial cells. The profile also features pan-endothelial markers such as *VWF*, *RAMP2*, *PTPRB*, *CLEC14A*, and *CALCRL*, alongside *FCN3* and *MGP*, which are highly expressed in pulmonary venous endothelium."
59369,CTGCGGATCTGGTTCC_F01366,vein endothelial cell,"vein endothelial cell

This cell type is identified as a vein endothelial cell based on the high expression of pan-endothelial markers (*VWF*, *PECAM1*, *CLDN5*, *RAMP2*, *CALCRL*) alongside highly specific venous endothelial markers, most notably *ACKR1* (DARC), *CCL14*, *VCAM1*, and *PLVAP*. These markers distinguish pulmonary vein endothelial cells from capillary, arterial, and lymphatic endothelial cells in the lung parenchyma."
306092,TTGACTTCATCCCATC_F02522,vein endothelial cell,"vein endothelial cell

This cell type is identified as a vein endothelial cell. It highly expresses pan-endothelial markers such as *VWF*, *CLDN5*, *PECAM1* (CD31), and *PTPRB*. Crucially, it is characterized by the strong and specific expression of *ACKR1* (DARC), which is a well-established marker distinguishing venous/venular endothelial cells from capillary and arterial endothelial cells in the lung. Other supporting markers include *FCN3*, *CLU*, and *SLCO2A1*."
294952,GTAACTGTCCTGCAGG_F02607,vein endothelial cell,"vein endothelial cell

This cell profile is characteristic of **vein endothelial cells** (venular endothelial cells) in the lung. It is defined by the high and specific expression of *ACKR1* (DARC), *VWF*, *CCL23*, *CCL14*, and *SLCO2A1*, which are classic markers distinguishing pulmonary veins from capillaries and arteries. General endothelial markers such as *PECAM1* (CD31), *CLDN5*, *RAMP2*, and *TEK* are also highly expressed, confirming its endothelial lineage."
