provider,input_tokens,output_tokens,total_tokens,cached_input_tokens,reasoning_tokens,audio_input_tokens,audio_output_tokens,backend,model,recorded_at_unix,step,phase,cell_idx,cell_barcode,sample_pos,result_index
deepseek,716,240,956,0,193,,,DeepSeekBackend,deepseek-v4-flash,1784120714.8004947,stage1_annotation,annotation,109653.0,E2L4_GTCGAATGTGGTCTCG,,
deepseek,719,283,1002,0,224,,,DeepSeekBackend,deepseek-v4-flash,1784120715.2049515,stage1_annotation,annotation,143579.0,E2L7_GAAGAATTCTATCGTT,,
deepseek,711,313,1024,0,250,,,DeepSeekBackend,deepseek-v4-flash,1784120715.3161852,stage1_annotation,annotation,126676.0,E2L6_ACTGTGAAGAGTTCGG,,
deepseek,711,304,1015,0,225,,,DeepSeekBackend,deepseek-v4-flash,1784120715.3699121,stage1_annotation,annotation,154256.0,E2L8_CGAGTTAAGCTCCATA,,
deepseek,715,238,953,0,179,,,DeepSeekBackend,deepseek-v4-flash,1784120715.5277321,stage1_annotation,annotation,14943.0,L2_ACGTTCCCAGGTCCGT,,
deepseek,720,315,1035,0,266,,,DeepSeekBackend,deepseek-v4-flash,1784120715.5324829,stage1_annotation,annotation,132693.0,E2L6_GCTTGGGCAAGTGCAG,,
deepseek,721,352,1073,0,289,,,DeepSeekBackend,deepseek-v4-flash,1784120716.048469,stage1_annotation,annotation,81561.0,E2L2_CAATCGAGTTGGGTAG,,
deepseek,712,356,1068,0,279,,,DeepSeekBackend,deepseek-v4-flash,1784120716.3810825,stage1_annotation,annotation,148054.0,E2L7_TGAATCGGTGGTGATG,,
deepseek,718,434,1152,0,373,,,DeepSeekBackend,deepseek-v4-flash,1784120716.43067,stage1_annotation,annotation,137078.0,E2L6_TTCCGGTAGTGTAGTA,,
deepseek,723,390,1113,0,335,,,DeepSeekBackend,deepseek-v4-flash,1784120716.4577787,stage1_annotation,annotation,18250.0,L2_CCGGACAAGTTGCGCC,,
deepseek,709,442,1151,0,382,,,DeepSeekBackend,deepseek-v4-flash,1784120716.9763365,stage1_annotation,annotation,98402.0,E2L3_GTTACAGGTTAGGAGC,,
deepseek,713,529,1242,0,475,,,DeepSeekBackend,deepseek-v4-flash,1784120717.1046977,stage1_annotation,annotation,87907.0,E2L2_TCAGCAAAGAACAAGG,,
deepseek,712,435,1147,0,362,,,DeepSeekBackend,deepseek-v4-flash,1784120717.294748,stage1_annotation,annotation,89523.0,E2L2_TGTACAGAGCGACTAG,,
deepseek,712,518,1230,0,515,,,DeepSeekBackend,deepseek-v4-flash,1784120718.1922352,stage1_annotation,annotation,147689.0,E2L7_TCGCACTTCACTTCTA,,
deepseek,713,680,1393,0,619,,,DeepSeekBackend,deepseek-v4-flash,1784120718.3068,stage1_annotation,annotation,25410.0,L2_TGCGGGTCACCCTCTA,,
deepseek,716,600,1316,0,526,,,DeepSeekBackend,deepseek-v4-flash,1784120718.6306221,stage1_annotation,annotation,39262.0,L4_AACAAAGGTACGAAAT,,
deepseek,712,703,1415,0,633,,,DeepSeekBackend,deepseek-v4-flash,1784120718.8348207,stage1_annotation,annotation,116772.0,E2L5_CAGGCCACATAACGGG,,
deepseek,715,274,989,0,271,,,DeepSeekBackend,deepseek-v4-flash,1784120719.7896323,stage1_annotation,annotation,132238.0,E2L6_GCACATAGTGGATACG,,
deepseek,713,380,1093,0,335,,,DeepSeekBackend,deepseek-v4-flash,1784120719.9115,stage1_annotation,annotation,16239.0,L2_ATCACGATCAGCTTGA,,
deepseek,720,335,1055,0,332,,,DeepSeekBackend,deepseek-v4-flash,1784120720.5935266,stage1_annotation,annotation,93977.0,E2L3_CATGCAAGTCACCACG,,
deepseek,713,297,1010,0,294,,,DeepSeekBackend,deepseek-v4-flash,1784120720.7457108,stage1_annotation,annotation,114352.0,E2L5_ACCTGTCCACGCGCAT,,
deepseek,711,372,1083,0,369,,,DeepSeekBackend,deepseek-v4-flash,1784120721.5399392,stage1_annotation,annotation,37598.0,L3_TGATTTCCATTCTGTT,,
deepseek,720,788,1508,0,716,,,DeepSeekBackend,deepseek-v4-flash,1784120721.767065,stage1_annotation,annotation,139354.0,E2L7_AGCTCAATCGCCTATC,,
deepseek,718,1028,1746,0,982,,,DeepSeekBackend,deepseek-v4-flash,1784120723.6013842,stage1_annotation,annotation,65516.0,L5_TGCTTGCCACGCGTCA,,
deepseek,719,518,1237,0,515,,,DeepSeekBackend,deepseek-v4-flash,1784120723.9598906,stage1_annotation,annotation,34925.0,L3_GTATTGGAGCCTGTCG,,
deepseek,719,443,1162,0,440,,,DeepSeekBackend,deepseek-v4-flash,1784120724.0382907,stage1_annotation,annotation,98462.0,E2L3_GTTATGGCACCAACAT,,
deepseek,714,624,1338,0,538,,,DeepSeekBackend,deepseek-v4-flash,1784120724.6225371,stage1_annotation,annotation,91168.0,E2L3_AATTCCTCAGTCCCGA,,
deepseek,712,444,1156,0,441,,,DeepSeekBackend,deepseek-v4-flash,1784120724.8723686,stage1_annotation,annotation,157192.0,E2L8_GGGTAGATCTGGAAGG,,
deepseek,719,385,1104,0,382,,,DeepSeekBackend,deepseek-v4-flash,1784120725.445135,stage1_annotation,annotation,128449.0,E2L6_CAACAGTGTATCCTCC,,
deepseek,720,840,1560,0,778,,,DeepSeekBackend,deepseek-v4-flash,1784120726.180178,stage1_annotation,annotation,129695.0,E2L6_CCGGTAGGTGGTCTAT,,
deepseek,714,871,1585,0,804,,,DeepSeekBackend,deepseek-v4-flash,1784120727.1964464,stage1_annotation,annotation,44845.0,L4_CTCATTACAAGCCCAC,,
deepseek,712,697,1409,0,643,,,DeepSeekBackend,deepseek-v4-flash,1784120727.3169718,stage1_annotation,annotation,9912.0,L1_TAACTTCAGCTCAGAG,,
deepseek,716,316,1032,0,313,,,DeepSeekBackend,deepseek-v4-flash,1784120727.5197265,stage1_annotation,annotation,83842.0,E2L2_CTCTGGTCACGGCTAC,,
deepseek,715,273,988,0,211,,,DeepSeekBackend,deepseek-v4-flash,1784120728.5852451,stage1_annotation,annotation,66327.0,L5_TTCCAATAGGTGGCTA,,
deepseek,712,698,1410,0,622,,,DeepSeekBackend,deepseek-v4-flash,1784120729.7422864,stage1_annotation,annotation,26617.0,L2_TTGGATGTCAGCTCTC,,
deepseek,712,374,1086,0,371,,,DeepSeekBackend,deepseek-v4-flash,1784120730.0621417,stage1_annotation,annotation,138823.0,E2L7_ACTATGGCAGCTGAAG,,
deepseek,722,1471,2193,0,1468,,,DeepSeekBackend,deepseek-v4-flash,1784120730.09456,stage1_annotation,annotation,81589.0,E2L2_CACAACAGTGCAATAA,,
deepseek,719,998,1717,0,897,,,DeepSeekBackend,deepseek-v4-flash,1784120730.590442,stage1_annotation,annotation,78043.0,E2L1_TTCGATTTCCCAATAG,,
deepseek,714,858,1572,0,855,,,DeepSeekBackend,deepseek-v4-flash,1784120732.265298,stage1_annotation,annotation,79677.0,E2L2_ACTCTCGGTACAGTTC,,
deepseek,710,1361,2071,0,1300,,,DeepSeekBackend,deepseek-v4-flash,1784120732.450316,stage1_annotation,annotation,147908.0,E2L7_TCTCACGGTCTAGGTT,,
deepseek,720,379,1099,0,376,,,DeepSeekBackend,deepseek-v4-flash,1784120733.0363653,stage1_annotation,annotation,130769.0,E2L6_CTCATCGAGGATTTGA,,
deepseek,712,1030,1742,0,966,,,DeepSeekBackend,deepseek-v4-flash,1784120733.0494506,stage1_annotation,annotation,104820.0,E2L4_CAATCGATCTTCGTGC,,
deepseek,718,1189,1907,0,1186,,,DeepSeekBackend,deepseek-v4-flash,1784120734.894352,stage1_annotation,annotation,148133.0,E2L7_TGAGCATTCAATCTTC,,
deepseek,717,1571,2288,0,1476,,,DeepSeekBackend,deepseek-v4-flash,1784120735.085957,stage1_annotation,annotation,120045.0,E2L5_GCAGTTACAACGGCTC,,
deepseek,719,680,1399,0,591,,,DeepSeekBackend,deepseek-v4-flash,1784120735.3669243,stage1_annotation,annotation,42957.0,L4_CAGTTAGAGCGACCCT,,
deepseek,713,744,1457,0,650,,,DeepSeekBackend,deepseek-v4-flash,1784120736.2248404,stage1_annotation,annotation,122062.0,E2L5_TAACTTCGTAATACCC,,
deepseek,718,993,1711,0,921,,,DeepSeekBackend,deepseek-v4-flash,1784120736.3752575,stage1_annotation,annotation,135908.0,E2L6_TCTGTCGTCGCTGTTC,,
deepseek,718,516,1234,0,513,,,DeepSeekBackend,deepseek-v4-flash,1784120736.3916721,stage1_annotation,annotation,105380.0,E2L4_CATGCAATCCGTGCGA,,
deepseek,715,282,997,0,279,,,DeepSeekBackend,deepseek-v4-flash,1784120737.1832187,stage1_annotation,annotation,99957.0,E2L3_TCGCTTGAGTGATTCC,,
deepseek,720,619,1339,0,616,,,DeepSeekBackend,deepseek-v4-flash,1784120738.8205488,stage1_annotation,annotation,140762.0,E2L7_CAATACGTCTACGGGC,,
deepseek,716,679,1395,0,592,,,DeepSeekBackend,deepseek-v4-flash,1784120739.0154579,stage1_annotation,annotation,120072.0,E2L5_GCATCTCCATAGTCGT,,
deepseek,717,772,1489,0,675,,,DeepSeekBackend,deepseek-v4-flash,1784120739.124696,stage1_annotation,annotation,89387.0,E2L2_TGGGATTTCTCATGCC,,
deepseek,722,365,1087,0,291,,,DeepSeekBackend,deepseek-v4-flash,1784120739.9951222,stage1_annotation,annotation,17489.0,L2_CAGGCCAAGTCAATCC,,
deepseek,716,1898,2614,0,1809,,,DeepSeekBackend,deepseek-v4-flash,1784120740.715627,stage1_annotation,annotation,130162.0,E2L6_CGCCAGAAGAAAGCGA,,
deepseek,716,352,1068,0,268,,,DeepSeekBackend,deepseek-v4-flash,1784120741.088544,stage1_annotation,annotation,48077.0,L4_GTCTGTCAGGAACGAA,,
deepseek,717,333,1050,0,330,,,DeepSeekBackend,deepseek-v4-flash,1784120741.8566864,stage1_annotation,annotation,133057.0,E2L6_GGGCGTTGTCGCACAC,,
deepseek,716,747,1463,0,671,,,DeepSeekBackend,deepseek-v4-flash,1784120742.0020597,stage1_annotation,annotation,15125.0,L2_ACTTCGCCAGCAGGAT,,
deepseek,716,529,1245,0,526,,,DeepSeekBackend,deepseek-v4-flash,1784120742.5149276,stage1_annotation,annotation,98389.0,E2L3_GTGTTCCCAGACCAAG,,
deepseek,721,1618,2339,0,1548,,,DeepSeekBackend,deepseek-v4-flash,1784120743.2805612,stage1_annotation,annotation,117816.0,E2L5_CGAAGTTGTTCGGACC,,
deepseek,724,1913,2637,0,1910,,,DeepSeekBackend,deepseek-v4-flash,1784120743.438472,stage1_annotation,annotation,112953.0,E2L4_TTCCTTCCACTGCGAC,,
deepseek,714,499,1213,0,443,,,DeepSeekBackend,deepseek-v4-flash,1784120743.5064957,stage1_annotation,annotation,100034.0,E2L3_TCGTAGATCCTAAACG,,
deepseek,713,396,1109,0,345,,,DeepSeekBackend,deepseek-v4-flash,1784120743.7788966,stage1_annotation,annotation,21811.0,L2_GGGACCTCAGAAACCG,,
deepseek,715,433,1148,0,376,,,DeepSeekBackend,deepseek-v4-flash,1784120744.847979,stage1_annotation,annotation,128376.0,E2L6_ATTTACCCACGAAGAC,,
deepseek,713,600,1313,0,524,,,DeepSeekBackend,deepseek-v4-flash,1784120745.3670769,stage1_annotation,annotation,105202.0,E2L4_CAGTTCCCAGGACTAG,,
deepseek,714,521,1235,0,518,,,DeepSeekBackend,deepseek-v4-flash,1784120746.080672,stage1_annotation,annotation,109651.0,E2L4_GTCGAATCACTCCTGT,,
deepseek,718,366,1084,0,304,,,DeepSeekBackend,deepseek-v4-flash,1784120746.13918,stage1_annotation,annotation,114169.0,E2L5_ACAGCCGTCGAACCTA,,
deepseek,715,2051,2766,0,1974,,,DeepSeekBackend,deepseek-v4-flash,1784120746.165783,stage1_annotation,annotation,72013.0,E2L1_CTCAAGACAATCTGCA,,
deepseek,717,1102,1819,0,1035,,,DeepSeekBackend,deepseek-v4-flash,1784120746.4343724,stage1_annotation,annotation,89331.0,E2L2_TGGATCAGTCATATGC,,
deepseek,718,237,955,0,171,,,DeepSeekBackend,deepseek-v4-flash,1784120746.4897616,stage1_annotation,annotation,26671.0,L2_TTGGTTTGTTAGGGTG,,
deepseek,714,510,1224,0,455,,,DeepSeekBackend,deepseek-v4-flash,1784120746.7531214,stage1_annotation,annotation,112127.0,E2L4_TGCATCCTCCCAGCGA,,
deepseek,716,272,988,0,199,,,DeepSeekBackend,deepseek-v4-flash,1784120746.9328027,stage1_annotation,annotation,86240.0,E2L2_GTAGATCAGGTCGTCC,,
deepseek,719,283,1002,0,224,,,DeepSeekBackend,deepseek-v4-flash,1784120747.1330132,stage1_annotation,annotation,31366.0,L3_CCTCTAGAGCGAGTAC,,
deepseek,720,843,1563,0,749,,,DeepSeekBackend,deepseek-v4-flash,1784120747.5367014,stage1_annotation,annotation,101286.0,E2L3_TTCATTGGTTGTAAAG,,
deepseek,715,996,1711,0,900,,,DeepSeekBackend,deepseek-v4-flash,1784120747.7481964,stage1_annotation,annotation,59582.0,L5_GAAGGACGTAGAATGT,,
deepseek,717,428,1145,0,348,,,DeepSeekBackend,deepseek-v4-flash,1784120747.7693648,stage1_annotation,annotation,141644.0,E2L7_CCATAAGAGTTGTCAC,,
deepseek,714,447,1161,0,382,,,DeepSeekBackend,deepseek-v4-flash,1784120748.0568748,stage1_annotation,annotation,99108.0,E2L3_TATCAGGGTATCGGTT,,
deepseek,720,1326,2046,0,1323,,,DeepSeekBackend,deepseek-v4-flash,1784120749.7316568,stage1_annotation,annotation,153348.0,E2L8_CATCGGGTCCCAGTGG,,
deepseek,716,616,1332,0,510,,,DeepSeekBackend,deepseek-v4-flash,1784120749.9141033,stage1_annotation,annotation,81675.0,E2L2_CACGAATCACCTGAAT,,
deepseek,716,1782,2498,0,1779,,,DeepSeekBackend,deepseek-v4-flash,1784120750.096158,stage1_annotation,annotation,139030.0,E2L7_AGAACAATCTAAGGAA,,
deepseek,722,445,1167,0,381,,,DeepSeekBackend,deepseek-v4-flash,1784120750.1119504,stage1_annotation,annotation,74756.0,E2L1_GTCGTTCAGTAGACAT,,
deepseek,722,322,1044,0,251,,,DeepSeekBackend,deepseek-v4-flash,1784120750.775527,stage1_annotation,annotation,60803.0,L5_GCGATCGAGTCACAGG,,
deepseek,716,456,1172,0,401,,,DeepSeekBackend,deepseek-v4-flash,1784120750.8750997,stage1_annotation,annotation,82943.0,E2L2_CGAGAAGTCGCCTATC,,
deepseek,719,370,1089,0,304,,,DeepSeekBackend,deepseek-v4-flash,1784120751.0725205,stage1_annotation,annotation,161156.0,E2L8_TTCATGTCATACCAGT,,
deepseek,714,1979,2693,0,1976,,,DeepSeekBackend,deepseek-v4-flash,1784120751.593045,stage1_annotation,annotation,75176.0,E2L1_GTTATGGAGTATGACA,,
deepseek,720,605,1325,0,519,,,DeepSeekBackend,deepseek-v4-flash,1784120752.4385424,stage1_annotation,annotation,4544.0,L1_CCCATTGCAACTTGCA,,
deepseek,716,832,1548,0,736,,,DeepSeekBackend,deepseek-v4-flash,1784120753.2501116,stage1_annotation,annotation,23889.0,L2_TCAATCTCAGGTTTAC,,
deepseek,718,418,1136,0,357,,,DeepSeekBackend,deepseek-v4-flash,1784120753.3631446,stage1_annotation,annotation,17322.0,L2_CACTGAACAGGGCTTC,,
deepseek,722,631,1353,0,627,,,DeepSeekBackend,deepseek-v4-flash,1784120753.8548372,stage1_annotation,annotation,97268.0,E2L3_GGCGTCATCTTGCGCT,,
deepseek,720,526,1246,0,468,,,DeepSeekBackend,deepseek-v4-flash,1784120754.5405126,stage1_annotation,annotation,75166.0,E2L1_GTTAGTGCAGCGACCT,,
deepseek,716,315,1031,0,312,,,DeepSeekBackend,deepseek-v4-flash,1784120755.0690448,stage1_annotation,annotation,118496.0,E2L5_CTCAATTTCGTCAAAC,,
deepseek,718,746,1464,0,742,,,DeepSeekBackend,deepseek-v4-flash,1784120755.1243453,stage1_annotation,annotation,117989.0,E2L5_CGCCAGAGTATGATCC,,
deepseek,715,378,1093,0,301,,,DeepSeekBackend,deepseek-v4-flash,1784120755.5897636,stage1_annotation,annotation,13748.0,L1_TTTGTTGCAGCGAGTA,,
deepseek,716,3096,3812,0,3021,,,DeepSeekBackend,deepseek-v4-flash,1784120756.0933876,stage1_annotation,annotation,122133.0,E2L5_TAATCTCCATAACGGG,,
deepseek,721,690,1411,0,607,,,DeepSeekBackend,deepseek-v4-flash,1784120756.372895,stage1_annotation,annotation,113367.0,E2L4_TTTCGATAGCTAGAAT,,
deepseek,714,764,1478,0,702,,,DeepSeekBackend,deepseek-v4-flash,1784120756.5859396,stage1_annotation,annotation,134858.0,E2L6_TATCTTGAGTTTGCTG,,
deepseek,720,817,1537,0,813,,,DeepSeekBackend,deepseek-v4-flash,1784120756.60382,stage1_annotation,annotation,63405.0,L5_TAGCACAGTATAGGGC,,
deepseek,712,585,1297,0,485,,,DeepSeekBackend,deepseek-v4-flash,1784120756.681989,stage1_annotation,annotation,130491.0,E2L6_CGTTGGGTCTCCTGCA,,
deepseek,719,701,1420,0,618,,,DeepSeekBackend,deepseek-v4-flash,1784120758.7703536,stage1_annotation,annotation,20242.0,L2_GAATCACAGTGCACAG,,
deepseek,712,746,1458,0,743,,,DeepSeekBackend,deepseek-v4-flash,1784120760.3555238,stage1_annotation,annotation,111605.0,E2L4_TCGTAGAAGAGAATCT,,
deepseek,723,1197,1920,0,1126,,,DeepSeekBackend,deepseek-v4-flash,1784120760.9354157,stage1_annotation,annotation,121753.0,E2L5_GTGTGATGTTCGGTAT,,
deepseek,718,947,1665,0,856,,,DeepSeekBackend,deepseek-v4-flash,1784120761.3865988,stage1_annotation,annotation,128680.0,E2L6_CACATGAAGACCTCAT,,
deepseek,717,1282,1999,0,1213,,,DeepSeekBackend,deepseek-v4-flash,1784120762.231256,stage1_annotation,annotation,89449.0,E2L2_TGGTAGTCAGCTGTAT,,
deepseek,713,625,1338,0,585,,,DeepSeekBackend,deepseek-v4-flash,1784120762.401153,stage1_annotation,annotation,51970.0,L4_TTGACCCTCATTCGTT,,
deepseek,712,505,1217,0,502,,,DeepSeekBackend,deepseek-v4-flash,1784120762.9044237,stage1_annotation,annotation,78167.0,E2L1_TTGATGGTCGGTCTGG,,
deepseek,715,566,1281,0,513,,,DeepSeekBackend,deepseek-v4-flash,1784120763.1825953,stage1_annotation,annotation,127099.0,E2L6_AGCGTATAGCAAACAT,,
deepseek,723,1330,2053,0,1245,,,DeepSeekBackend,deepseek-v4-flash,1784120764.6238568,stage1_annotation,annotation,76477.0,E2L1_TCCTTCTAGGGTCACA,,
deepseek,714,511,1225,0,431,,,DeepSeekBackend,deepseek-v4-flash,1784120764.6608255,stage1_annotation,annotation,70003.0,E2L1_CAAGACTTCGCCTAGG,,
deepseek,712,1106,1818,0,1103,,,DeepSeekBackend,deepseek-v4-flash,1784120765.628504,stage1_annotation,annotation,40387.0,L4_ACTACGACAGACGGAT,,
deepseek,714,925,1639,0,861,,,DeepSeekBackend,deepseek-v4-flash,1784120766.2307146,stage1_annotation,annotation,114594.0,E2L5_ACTGATGCAGGTATGG,,
deepseek,713,885,1598,0,823,,,DeepSeekBackend,deepseek-v4-flash,1784120766.8264031,stage1_annotation,annotation,125445.0,E2L5_TTTGACTTCTAGGCCG,,
deepseek,716,1333,2049,0,1329,,,DeepSeekBackend,deepseek-v4-flash,1784120769.3886743,stage1_annotation,annotation,40081.0,L4_ACCCAAAAGTTAACGA,,
deepseek,713,1323,2036,0,1239,,,DeepSeekBackend,deepseek-v4-flash,1784120770.6248639,stage1_annotation,annotation,40677.0,L4_AGACAGGTCGGACAAG,,
deepseek,715,1250,1965,0,1246,,,DeepSeekBackend,deepseek-v4-flash,1784120771.8109293,stage1_annotation,annotation,71330.0,E2L1_CGAAGGAGTTCAACGT,,
deepseek,718,1585,2303,0,1581,,,DeepSeekBackend,deepseek-v4-flash,1784120773.6683357,stage1_annotation,annotation,155011.0,E2L8_CTCCTCCAGTAAGACT,,
deepseek,715,1080,1795,0,1034,,,DeepSeekBackend,deepseek-v4-flash,1784120774.0941083,stage1_annotation,annotation,56223.0,L5_CAATTTCTCGCCTTTG,,
deepseek,717,1568,2285,0,1512,,,DeepSeekBackend,deepseek-v4-flash,1784120774.4214723,stage1_annotation,annotation,146593.0,E2L7_TACCCACGTGGTCCGT,,
deepseek,723,947,1670,0,889,,,DeepSeekBackend,deepseek-v4-flash,1784120774.7105176,stage1_annotation,annotation,72485.0,E2L1_CTTAGGATCCCTCGAT,,
deepseek,713,1353,2066,0,1279,,,DeepSeekBackend,deepseek-v4-flash,1784120778.2698765,stage1_annotation,annotation,123340.0,E2L5_TCGAAGTAGTCGAAGC,,
deepseek,713,1389,2102,0,1315,,,DeepSeekBackend,deepseek-v4-flash,1784120778.885298,stage1_annotation,annotation,29493.0,L3_ATGATCGGTACGGATG,,
deepseek,717,1936,2653,0,1932,,,DeepSeekBackend,deepseek-v4-flash,1784120778.9014866,stage1_annotation,annotation,18196.0,L2_CCCTTAGCAATGTCTG,,
deepseek,717,647,1364,0,561,,,DeepSeekBackend,deepseek-v4-flash,1784120779.1011102,stage1_annotation,annotation,63597.0,L5_TATCTTGTCCACACCT,,
deepseek,718,942,1660,0,939,,,DeepSeekBackend,deepseek-v4-flash,1784120782.6129067,stage1_annotation,annotation,8370.0,L1_GGGACCTGTATGCTAC,,
deepseek,716,1166,1882,0,1080,,,DeepSeekBackend,deepseek-v4-flash,1784120783.3509111,stage1_annotation,annotation,98838.0,E2L3_TACGCTCCATATCTGG,,
deepseek,714,1042,1756,0,966,,,DeepSeekBackend,deepseek-v4-flash,1784120783.5261576,stage1_annotation,annotation,95481.0,E2L3_CTCCCTCTCCTGCTAC,,
deepseek,718,742,1460,0,662,,,DeepSeekBackend,deepseek-v4-flash,1784120783.6512961,stage1_annotation,annotation,110253.0,E2L4_TAAGCCACAAAGTATG,,
deepseek,714,1788,2502,0,1785,,,DeepSeekBackend,deepseek-v4-flash,1784120784.0768433,stage1_annotation,annotation,46491.0,L4_GCATTAGTCCGCAGTG,,
deepseek,712,193,905,0,150,,,DeepSeekBackend,deepseek-v4-flash,1784120785.2629068,stage1_annotation,annotation,152134.0,E2L8_ATCCTATCAGGCATGA,,
deepseek,710,1580,2290,0,1494,,,DeepSeekBackend,deepseek-v4-flash,1784120786.567426,stage1_annotation,annotation,50068.0,L4_TCGATTTTCTAACGGT,,
deepseek,721,625,1346,0,549,,,DeepSeekBackend,deepseek-v4-flash,1784120787.3089597,stage1_annotation,annotation,8316.0,L1_GGCTTTCGTCCTATAG,,
deepseek,715,862,1577,0,777,,,DeepSeekBackend,deepseek-v4-flash,1784120789.286032,stage1_annotation,annotation,62074.0,L5_GTCATCCTCGCGCCAA,,
deepseek,719,413,1132,0,351,,,DeepSeekBackend,deepseek-v4-flash,1784120789.5642645,stage1_annotation,annotation,71572.0,E2L1_CGGAATTCATGGCACC,,
deepseek,713,2254,2967,0,2180,,,DeepSeekBackend,deepseek-v4-flash,1784120790.4685738,stage1_annotation,annotation,23636.0,L2_TAGGAGGAGCCGTTAT,,
deepseek,715,2539,3254,0,2445,,,DeepSeekBackend,deepseek-v4-flash,1784120790.4730039,stage1_annotation,annotation,52738.0,L5_AACCTGAGTACCTAAC,,
deepseek,721,630,1351,0,581,,,DeepSeekBackend,deepseek-v4-flash,1784120790.8483653,stage1_annotation,annotation,57355.0,L5_CCGAACGTCTCTCTTC,,
deepseek,711,650,1361,0,579,,,DeepSeekBackend,deepseek-v4-flash,1784120791.3024144,stage1_annotation,annotation,35000.0,L3_GTCACTCTCCACCCTA,,
deepseek,721,1186,1907,0,1098,,,DeepSeekBackend,deepseek-v4-flash,1784120792.7821898,stage1_annotation,annotation,118137.0,E2L5_CGGGTGTTCCCGAACG,,
deepseek,717,2610,3327,0,2605,,,DeepSeekBackend,deepseek-v4-flash,1784120794.238868,stage1_annotation,annotation,88737.0,E2L2_TCTCCGAGTTATCTTC,,
deepseek,720,653,1373,0,593,,,DeepSeekBackend,deepseek-v4-flash,1784120794.8358672,stage1_annotation,annotation,54506.0,L5_AGCTCAACATCGATAC,,
deepseek,713,573,1286,0,511,,,DeepSeekBackend,deepseek-v4-flash,1784120794.971814,stage1_annotation,annotation,148576.0,E2L7_TGGCGTGGTCTGTAGT,,
deepseek,714,742,1456,0,674,,,DeepSeekBackend,deepseek-v4-flash,1784120795.6770892,stage1_annotation,annotation,62405.0,L5_GTGCTGGCAAAGCGTG,,
deepseek,712,3430,4142,0,3427,,,DeepSeekBackend,deepseek-v4-flash,1784120795.685819,stage1_annotation,annotation,156599.0,E2L8_GCGAGAACAGTCAGTT,,
deepseek,706,859,1565,0,801,,,DeepSeekBackend,deepseek-v4-flash,1784120795.7959447,stage1_annotation,annotation,60524.0,L5_GCAGCTGTCTGGGATT,,
deepseek,716,3424,4140,0,3421,,,DeepSeekBackend,deepseek-v4-flash,1784120796.246403,stage1_annotation,annotation,123107.0,E2L5_TCCAGAACATTGAGCT,,
deepseek,718,1946,2664,0,1867,,,DeepSeekBackend,deepseek-v4-flash,1784120797.295022,stage1_annotation,annotation,14642.0,L2_ACATTTCAGACTACCT,,
deepseek,719,1486,2205,0,1441,,,DeepSeekBackend,deepseek-v4-flash,1784120797.340374,stage1_annotation,annotation,100629.0,E2L3_TGCTCCAGTCGTACTA,,
deepseek,713,589,1302,0,544,,,DeepSeekBackend,deepseek-v4-flash,1784120797.616673,stage1_annotation,annotation,20684.0,L2_GAGTGTTTCAGGAACG,,
deepseek,714,615,1329,0,554,,,DeepSeekBackend,deepseek-v4-flash,1784120797.7466948,stage1_annotation,annotation,123469.0,E2L5_TCGGGTGAGGTGCAGT,,
deepseek,711,1952,2663,0,1949,,,DeepSeekBackend,deepseek-v4-flash,1784120798.5012143,stage1_annotation,annotation,17381.0,L2_CAGATACCAGAGATGC,,
deepseek,713,381,1094,0,338,,,DeepSeekBackend,deepseek-v4-flash,1784120799.849987,stage1_annotation,annotation,63519.0,L5_TATCAGGCAGTGTACT,,
deepseek,720,446,1166,0,387,,,DeepSeekBackend,deepseek-v4-flash,1784120800.1647081,stage1_annotation,annotation,18435.0,L2_CCTCAGTGTCCCTAAA,,
deepseek,719,251,970,0,244,,,DeepSeekBackend,deepseek-v4-flash,1784120801.2215488,stage1_annotation,annotation,83385.0,E2L2_CGTTGGGAGAACAAGG,,
deepseek,720,499,1219,0,424,,,DeepSeekBackend,deepseek-v4-flash,1784120801.4608123,stage1_annotation,annotation,143468.0,E2L7_CTTGATTGTAACAGTA,,
deepseek,717,364,1081,0,289,,,DeepSeekBackend,deepseek-v4-flash,1784120801.619539,stage1_annotation,annotation,15227.0,L2_AGACAAATCCATGAGT,,
deepseek,714,383,1097,0,329,,,DeepSeekBackend,deepseek-v4-flash,1784120802.7255867,stage1_annotation,annotation,61550.0,L5_GGTAACTGTAACGATA,,
deepseek,715,595,1310,0,543,,,DeepSeekBackend,deepseek-v4-flash,1784120803.1086423,stage1_annotation,annotation,96705.0,E2L3_GCAGGCTAGGGTCACA,,
deepseek,719,445,1164,0,383,,,DeepSeekBackend,deepseek-v4-flash,1784120803.1531162,stage1_annotation,annotation,31491.0,L3_CGAAGTTTCTCGGTCT,,
deepseek,713,597,1310,0,528,,,DeepSeekBackend,deepseek-v4-flash,1784120803.1993067,stage1_annotation,annotation,142020.0,E2L7_CCTCATGTCTATACTC,,
deepseek,717,447,1164,0,377,,,DeepSeekBackend,deepseek-v4-flash,1784120803.2378292,stage1_annotation,annotation,125031.0,E2L5_TTCTTCCAGTCGGGAT,,
deepseek,717,2972,3689,0,2969,,,DeepSeekBackend,deepseek-v4-flash,1784120803.3720202,stage1_annotation,annotation,73554.0,E2L1_GCCAGGTTCGGCGATC,,
deepseek,717,243,960,0,195,,,DeepSeekBackend,deepseek-v4-flash,1784120803.5733366,stage1_annotation,annotation,27871.0,L3_ACCGTTCCACATATGC,,
deepseek,712,369,1081,0,362,,,DeepSeekBackend,deepseek-v4-flash,1784120804.343833,stage1_annotation,annotation,41817.0,L4_ATCGGATTCTTGGTGA,,
deepseek,721,1203,1924,0,1140,,,DeepSeekBackend,deepseek-v4-flash,1784120806.2846167,stage1_annotation,annotation,118128.0,E2L5_CGGGTGTCAGGCCCTA,,
deepseek,716,230,946,0,223,,,DeepSeekBackend,deepseek-v4-flash,1784120806.323543,stage1_annotation,annotation,26087.0,L2_TTACGCCGTTACCCTC,,
deepseek,717,488,1205,0,423,,,DeepSeekBackend,deepseek-v4-flash,1784120806.9229755,stage1_annotation,annotation,143949.0,E2L7_GAGCTGCCAATGCAGG,,
deepseek,710,1254,1964,0,1181,,,DeepSeekBackend,deepseek-v4-flash,1784120807.1145298,stage1_annotation,annotation,61451.0,L5_GGGTATTAGGCAGGTT,,
deepseek,715,1291,2006,0,1223,,,DeepSeekBackend,deepseek-v4-flash,1784120807.278921,stage1_annotation,annotation,152878.0,E2L8_CACAGGCGTAGGAGTC,,
deepseek,717,363,1080,0,304,,,DeepSeekBackend,deepseek-v4-flash,1784120807.3893647,stage1_annotation,annotation,34301.0,L3_GGCGTCACAAATTGCC,,
deepseek,713,476,1189,0,413,,,DeepSeekBackend,deepseek-v4-flash,1784120807.4165301,stage1_annotation,annotation,98160.0,E2L3_GTGAGCCTCCAAACCA,,
deepseek,720,411,1131,0,404,,,DeepSeekBackend,deepseek-v4-flash,1784120807.733078,stage1_annotation,annotation,5818.0,L1_CTATCCGTCTCGCTTG,,
deepseek,712,403,1115,0,400,,,DeepSeekBackend,deepseek-v4-flash,1784120808.3407176,stage1_annotation,annotation,81309.0,E2L2_ATTCTTGGTTTACTTC,,
deepseek,718,479,1197,0,376,,,DeepSeekBackend,deepseek-v4-flash,1784120808.531726,stage1_annotation,annotation,23219.0,L2_TAACCAGAGCCTTTCC,,
deepseek,711,478,1189,0,395,,,DeepSeekBackend,deepseek-v4-flash,1784120808.7970917,stage1_annotation,annotation,124201.0,E2L5_TGGAACTCAGGAGACT,,
deepseek,713,1168,1881,0,1103,,,DeepSeekBackend,deepseek-v4-flash,1784120809.0687451,stage1_annotation,annotation,77215.0,E2L1_TGCCGAGAGCTCACTA,,
deepseek,722,1206,1928,0,1137,,,DeepSeekBackend,deepseek-v4-flash,1784120809.7193077,stage1_annotation,annotation,36137.0,L3_TAGGAGGGTACGATTC,,
deepseek,715,681,1396,0,627,,,DeepSeekBackend,deepseek-v4-flash,1784120811.433318,stage1_annotation,annotation,152364.0,E2L8_ATGGAGGTCAAGGCTT,,
deepseek,718,883,1601,0,833,,,DeepSeekBackend,deepseek-v4-flash,1784120811.5316892,stage1_annotation,annotation,63982.0,L5_TCAGTTTTCACCGGTG,,
deepseek,722,1736,2458,0,1733,,,DeepSeekBackend,deepseek-v4-flash,1784120811.5599594,stage1_annotation,annotation,62956.0,L5_TAACCAGTCGGCCCAA,,
deepseek,713,644,1357,0,582,,,DeepSeekBackend,deepseek-v4-flash,1784120815.4952111,stage1_annotation,annotation,37777.0,L3_TGCTGAAGTTTGGAGG,,
deepseek,712,1760,2472,0,1757,,,DeepSeekBackend,deepseek-v4-flash,1784120816.9735386,stage1_annotation,annotation,10697.0,L1_TCACGCTAGACCTTTG,,
deepseek,708,833,1541,0,754,,,DeepSeekBackend,deepseek-v4-flash,1784120818.0648444,stage1_annotation,annotation,40045.0,L4_ACCAACAGTACCCGCA,,
deepseek,711,781,1492,0,731,,,DeepSeekBackend,deepseek-v4-flash,1784120818.5705037,stage1_annotation,annotation,107841.0,E2L4_GAGGCAATCCACGGAC,,
deepseek,718,4096,4814,0,4096,,,DeepSeekBackend,deepseek-v4-flash,1784120818.7299967,stage1_annotation,annotation,94883.0,E2L3_CGGACACAGCGAACTG,,
deepseek,714,532,1246,0,470,,,DeepSeekBackend,deepseek-v4-flash,1784120821.7440832,stage1_annotation,annotation,138550.0,E2L7_ACCACAATCCGTGACG,,
deepseek,712,1194,1906,0,1116,,,DeepSeekBackend,deepseek-v4-flash,1784120822.2078156,stage1_annotation,annotation,2632.0,L1_ATCACTTTCCAAATGC,,
deepseek,707,1255,1962,0,1206,,,DeepSeekBackend,deepseek-v4-flash,1784120822.5228212,stage1_annotation,annotation,17821.0,L2_CATGGTAGTACTGCCG,,
deepseek,713,1181,1894,0,1115,,,DeepSeekBackend,deepseek-v4-flash,1784120822.6794946,stage1_annotation,annotation,159906.0,E2L8_TCTCACGTCTCAGAAC,,
deepseek,717,1205,1922,0,1150,,,DeepSeekBackend,deepseek-v4-flash,1784120824.057066,stage1_annotation,annotation,5267.0,L1_CGCCATTCACGACTAT,,
deepseek,717,4010,4727,0,4006,,,DeepSeekBackend,deepseek-v4-flash,1784120824.2615135,stage1_annotation,annotation,30724.0,L3_CATGGATTCGCTGTCT,,
deepseek,709,1663,2372,0,1561,,,DeepSeekBackend,deepseek-v4-flash,1784120824.419899,stage1_annotation,annotation,113375.0,E2L4_TTTCGATTCTATGTGG,,
deepseek,706,1424,2130,0,1338,,,DeepSeekBackend,deepseek-v4-flash,1784120824.9891884,stage1_annotation,annotation,62225.0,L5_GTCGTTCTCTGCCTGT,,
deepseek,723,1383,2106,0,1326,,,DeepSeekBackend,deepseek-v4-flash,1784120825.0035758,stage1_annotation,annotation,129104.0,E2L6_CATCCCAGTACCGGCT,,
deepseek,712,1528,2240,0,1523,,,DeepSeekBackend,deepseek-v4-flash,1784120825.5077736,stage1_annotation,annotation,52074.0,L4_TTGGGATAGTGGTCAG,,
deepseek,713,1312,2025,0,1307,,,DeepSeekBackend,deepseek-v4-flash,1784120827.408812,stage1_annotation,annotation,35646.0,L3_GTTGTAGTCGTTCGCT,,
deepseek,717,1790,2507,0,1699,,,DeepSeekBackend,deepseek-v4-flash,1784120827.7146285,stage1_annotation,annotation,138895.0,E2L7_ACTGATGGTCTCTCAC,,
deepseek,722,1053,1775,0,984,,,DeepSeekBackend,deepseek-v4-flash,1784120830.9323,stage1_annotation,annotation,13487.0,L1_TTGTGTTAGTTTGTCG,,
deepseek,713,1836,2549,0,1773,,,DeepSeekBackend,deepseek-v4-flash,1784120831.2206573,stage1_annotation,annotation,154888.0,E2L8_CTCAGTCAGGTCCTGC,,
deepseek,718,825,1543,0,744,,,DeepSeekBackend,deepseek-v4-flash,1784120831.9319756,stage1_annotation,annotation,28881.0,L3_AGGTAGGTCATGGTAC,,
deepseek,714,1780,2494,0,1724,,,DeepSeekBackend,deepseek-v4-flash,1784120832.1153789,stage1_annotation,annotation,26521.0,L2_TTGACCCGTCTTGAGT,,
deepseek,716,2063,2779,0,2000,,,DeepSeekBackend,deepseek-v4-flash,1784120834.0859373,stage1_annotation,annotation,138453.0,E2L7_ACAGAAATCTCGGTCT,,
deepseek,715,908,1623,0,833,,,DeepSeekBackend,deepseek-v4-flash,1784120834.108661,stage1_annotation,annotation,42876.0,L4_CAGCAGCTCGGAGTAG,,
deepseek,711,1429,2140,0,1356,,,DeepSeekBackend,deepseek-v4-flash,1784120834.5479078,stage1_annotation,annotation,10464.0,L1_TATCGCCGTACAGCGA,,
deepseek,709,712,1421,0,637,,,DeepSeekBackend,deepseek-v4-flash,1784120835.5587554,stage1_annotation,annotation,2169.0,L1_AGGTCATCAGATGCGA,,
deepseek,714,1054,1768,0,984,,,DeepSeekBackend,deepseek-v4-flash,1784120836.1996074,stage1_annotation,annotation,64098.0,L5_TCATGTTGTGATTCTG,,
deepseek,719,778,1497,0,775,,,DeepSeekBackend,deepseek-v4-flash,1784120837.4104955,stage1_annotation,annotation,26249.0,L2_TTCCAATAGTGTAGTA,,
deepseek,719,2029,2748,0,2024,,,DeepSeekBackend,deepseek-v4-flash,1784120841.5962253,stage1_annotation,annotation,48533.0,L4_GTTGAACTCTCTAGGA,,
deepseek,709,1432,2141,0,1377,,,DeepSeekBackend,deepseek-v4-flash,1784120841.884469,stage1_annotation,annotation,6565.0,L1_CTTGATTAGGAAGTAG,,
deepseek,710,2771,3481,0,2701,,,DeepSeekBackend,deepseek-v4-flash,1784120842.1649454,stage1_annotation,annotation,56402.0,L5_CACTGAACACCAGTTA,,
deepseek,754,2056,2810,640,2053,,,DeepSeekBackend,deepseek-v4-flash,1784120842.3909104,stage1_annotation,annotation,94883.0,E2L3_CGGACACAGCGAACTG,,
deepseek,716,602,1318,0,550,,,DeepSeekBackend,deepseek-v4-flash,1784120843.0483432,stage1_annotation,annotation,59002.0,L5_CTGATCCAGACCGCCT,,
deepseek,715,787,1502,0,714,,,DeepSeekBackend,deepseek-v4-flash,1784120845.053495,stage1_annotation,annotation,93013.0,E2L3_ATGCGATGTATGACAA,,
deepseek,720,1707,2427,0,1632,,,DeepSeekBackend,deepseek-v4-flash,1784120845.2822957,stage1_annotation,annotation,150979.0,E2L8_ACTGTCCTCGACGCGT,,
deepseek,725,716,1441,0,655,,,DeepSeekBackend,deepseek-v4-flash,1784120845.7910843,stage1_annotation,annotation,15624.0,L2_AGGACTTCAAGAGATT,,
deepseek,715,362,1077,0,318,,,DeepSeekBackend,deepseek-v4-flash,1784120846.9345057,stage1_annotation,annotation,62826.0,L5_GTTGCTCCAACTGAAA,,
deepseek,715,1099,1814,0,1022,,,DeepSeekBackend,deepseek-v4-flash,1784120847.5778317,stage1_annotation,annotation,113394.0,E2L4_TTTGATCTCACGAGGA,,
deepseek,717,1974,2691,0,1969,,,DeepSeekBackend,deepseek-v4-flash,1784120847.6225936,stage1_annotation,annotation,47120.0,L4_GGGACAAAGGTAAACT,,
deepseek,717,1153,1870,0,1064,,,DeepSeekBackend,deepseek-v4-flash,1784120848.7218037,stage1_annotation,annotation,140981.0,E2L7_CACTGGGTCACGGGCT,,
deepseek,711,2003,2714,0,1939,,,DeepSeekBackend,deepseek-v4-flash,1784120848.7390678,stage1_annotation,annotation,20637.0,L2_GAGTCTACATTGTCGA,,
deepseek,711,339,1050,0,265,,,DeepSeekBackend,deepseek-v4-flash,1784120849.5420582,stage1_annotation,annotation,14668.0,L2_ACCAACAAGGGAGAAT,,
deepseek,711,670,1381,0,589,,,DeepSeekBackend,deepseek-v4-flash,1784120851.3279295,stage1_annotation,annotation,48357.0,L4_GTGTGGCTCGCTTGCT,,
deepseek,720,2696,3416,0,2629,,,DeepSeekBackend,deepseek-v4-flash,1784120851.4711714,stage1_annotation,annotation,75669.0,E2L1_TAGACCATCTGGACTA,,
deepseek,716,905,1621,0,812,,,DeepSeekBackend,deepseek-v4-flash,1784120852.5504215,stage1_annotation,annotation,105415.0,E2L4_CATGCTCCATTGGATC,,
deepseek,715,905,1620,0,837,,,DeepSeekBackend,deepseek-v4-flash,1784120852.7417603,stage1_annotation,annotation,124459.0,E2L5_TGTCCCACAATGCAGG,,
deepseek,716,561,1277,0,477,,,DeepSeekBackend,deepseek-v4-flash,1784120854.06441,stage1_annotation,annotation,15869.0,L2_AGTAACCAGCAGCAGT,,
deepseek,716,2681,3397,0,2608,,,DeepSeekBackend,deepseek-v4-flash,1784120854.7790346,stage1_annotation,annotation,123577.0,E2L5_TCTACCGGTTAGCTAC,,
deepseek,717,708,1425,0,638,,,DeepSeekBackend,deepseek-v4-flash,1784120856.039159,stage1_annotation,annotation,69336.0,E2L1_ATCACTTGTCAATGGG,,
deepseek,715,1738,2453,0,1696,,,DeepSeekBackend,deepseek-v4-flash,1784120856.262201,stage1_annotation,annotation,155704.0,E2L8_GACATCAGTATGGTAA,,
deepseek,720,580,1300,0,513,,,DeepSeekBackend,deepseek-v4-flash,1784120856.3203917,stage1_annotation,annotation,38232.0,L3_TGTTGAGCACGACAAG,,
deepseek,710,911,1621,0,829,,,DeepSeekBackend,deepseek-v4-flash,1784120856.7112956,stage1_annotation,annotation,9536.0,L1_GTGGTTAGTTCCGGTG,,
deepseek,710,2155,2865,0,2103,,,DeepSeekBackend,deepseek-v4-flash,1784120858.1626387,stage1_annotation,annotation,161190.0,E2L8_TTCCAATCAGGAATCG,,
deepseek,718,3167,3885,0,3164,,,DeepSeekBackend,deepseek-v4-flash,1784120858.6706793,stage1_annotation,annotation,75350.0,E2L1_TAACACGGTGCATTAC,,
deepseek,710,2362,3072,0,2358,,,DeepSeekBackend,deepseek-v4-flash,1784120859.3984487,stage1_annotation,annotation,156994.0,E2L8_GGCTTGGAGCGAATGC,,
deepseek,705,2265,2970,0,2260,,,DeepSeekBackend,deepseek-v4-flash,1784120859.7905908,stage1_annotation,annotation,117839.0,E2L5_CGACAGCTCTCGGCTT,,
deepseek,713,924,1637,0,834,,,DeepSeekBackend,deepseek-v4-flash,1784120860.6505044,stage1_annotation,annotation,146255.0,E2L7_GTTCATTGTCTCAGAT,,
deepseek,721,971,1692,0,924,,,DeepSeekBackend,deepseek-v4-flash,1784120861.7504387,stage1_annotation,annotation,89568.0,E2L2_TGTCCACCATCCGGCA,,
deepseek,721,1420,2141,0,1320,,,DeepSeekBackend,deepseek-v4-flash,1784120862.2017658,stage1_annotation,annotation,36834.0,L3_TCCCATGCAGTATGAA,,
deepseek,711,764,1475,0,692,,,DeepSeekBackend,deepseek-v4-flash,1784120862.2702093,stage1_annotation,annotation,52729.0,L5_AACCTGAAGCTCTATG,,
deepseek,714,528,1242,0,440,,,DeepSeekBackend,deepseek-v4-flash,1784120862.6879766,stage1_annotation,annotation,144837.0,E2L7_GGAATCTAGGATTCCT,,
deepseek,718,733,1451,0,661,,,DeepSeekBackend,deepseek-v4-flash,1784120863.4333,stage1_annotation,annotation,108368.0,E2L4_GCCAGGTTCTGTCGTC,,
deepseek,723,1264,1987,0,1196,,,DeepSeekBackend,deepseek-v4-flash,1784120863.9368696,stage1_annotation,annotation,9884.0,L1_TAACACGTCATTCGTT,,
deepseek,717,870,1587,0,783,,,DeepSeekBackend,deepseek-v4-flash,1784120864.170193,stage1_annotation,annotation,123541.0,E2L5_TCTAACTAGTGCACTT,,
deepseek,717,1051,1768,0,980,,,DeepSeekBackend,deepseek-v4-flash,1784120864.468756,stage1_annotation,annotation,152387.0,E2L8_ATGGGAGTCTCGTGAA,,
deepseek,715,1520,2235,0,1437,,,DeepSeekBackend,deepseek-v4-flash,1784120865.962056,stage1_annotation,annotation,100314.0,E2L3_TGAATGCAGTTACGTC,,
deepseek,719,868,1587,0,773,,,DeepSeekBackend,deepseek-v4-flash,1784120866.145808,stage1_annotation,annotation,104479.0,E2L4_ATTACCTAGATACAGT,,
deepseek,716,696,1412,0,645,,,DeepSeekBackend,deepseek-v4-flash,1784120867.0001497,stage1_annotation,annotation,53200.0,L5_AATTCCTAGAACGCGT,,
deepseek,715,479,1194,0,475,,,DeepSeekBackend,deepseek-v4-flash,1784120867.7827666,stage1_annotation,annotation,87884.0,E2L2_TCACGGGTCTTGCAGA,,
deepseek,713,865,1578,0,782,,,DeepSeekBackend,deepseek-v4-flash,1784120867.8721771,stage1_annotation,annotation,38307.0,L3_TTACCGCAGCCAGTAG,,
deepseek,711,1331,2042,0,1258,,,DeepSeekBackend,deepseek-v4-flash,1784120868.1631064,stage1_annotation,annotation,117114.0,E2L5_CATTGAGAGAGGTCAC,,
deepseek,721,3001,3722,0,2927,,,DeepSeekBackend,deepseek-v4-flash,1784120868.3542914,stage1_annotation,annotation,54875.0,L5_AGTAACCGTTGAAGTA,,
deepseek,716,705,1421,0,631,,,DeepSeekBackend,deepseek-v4-flash,1784120868.6022446,stage1_annotation,annotation,127272.0,E2L6_AGGCTGCAGAGTCAAT,,
deepseek,710,537,1247,0,453,,,DeepSeekBackend,deepseek-v4-flash,1784120868.6844425,stage1_annotation,annotation,62759.0,L5_GTTCGCTAGTACAGAT,,
deepseek,720,908,1628,0,849,,,DeepSeekBackend,deepseek-v4-flash,1784120868.937561,stage1_annotation,annotation,113094.0,E2L4_TTGAGTGAGACATAGT,,
deepseek,713,2381,3094,0,2307,,,DeepSeekBackend,deepseek-v4-flash,1784120869.3457808,stage1_annotation,annotation,61245.0,L5_GGCTTGGAGGTTCAGG,,
deepseek,719,623,1342,0,616,,,DeepSeekBackend,deepseek-v4-flash,1784120869.7043755,stage1_annotation,annotation,84666.0,E2L2_GAGGGTAGTTTGAAAG,,
deepseek,717,1187,1904,0,1111,,,DeepSeekBackend,deepseek-v4-flash,1784120869.7814658,stage1_annotation,annotation,83238.0,E2L2_CGGGTGTGTACTGTTG,,
deepseek,712,1268,1980,0,1172,,,DeepSeekBackend,deepseek-v4-flash,1784120871.597271,stage1_annotation,annotation,105471.0,E2L4_CATTCCGAGATGGCGT,,
deepseek,724,734,1458,0,669,,,DeepSeekBackend,deepseek-v4-flash,1784120871.6397905,stage1_annotation,annotation,92170.0,E2L3_AGCTTCCCACAATGTC,,
deepseek,714,784,1498,0,706,,,DeepSeekBackend,deepseek-v4-flash,1784120874.6050887,stage1_annotation,annotation,28052.0,L3_ACGTCCTCATCCGTGG,,
deepseek,714,1453,2167,0,1367,,,DeepSeekBackend,deepseek-v4-flash,1784120875.4464614,stage1_annotation,annotation,129079.0,E2L6_CATAGACTCGGTCTGG,,
deepseek,715,623,1338,0,581,,,DeepSeekBackend,deepseek-v4-flash,1784120875.7919433,stage1_annotation,annotation,32084.0,L3_CTACCTGGTGCATGTT,,
deepseek,712,1328,2040,0,1216,,,DeepSeekBackend,deepseek-v4-flash,1784120877.6512601,stage1_annotation,annotation,55993.0,L5_CAAAGAACACCCTATC,,
deepseek,716,1404,2120,0,1305,,,DeepSeekBackend,deepseek-v4-flash,1784120878.394432,stage1_annotation,annotation,1209.0,L1_ACGTAGTGTAATTAGG,,
deepseek,718,1381,2099,0,1291,,,DeepSeekBackend,deepseek-v4-flash,1784120879.8518002,stage1_annotation,annotation,127301.0,E2L6_AGGGAGTTCCGAGTGC,,
deepseek,713,1024,1737,0,953,,,DeepSeekBackend,deepseek-v4-flash,1784120880.0884185,stage1_annotation,annotation,123428.0,E2L5_TCGCTTGGTTCTGAGT,,
deepseek,719,1195,1914,0,1154,,,DeepSeekBackend,deepseek-v4-flash,1784120880.79739,stage1_annotation,annotation,136750.0,E2L6_TGTGTGAAGCCATATC,,
deepseek,714,1008,1722,0,1005,,,DeepSeekBackend,deepseek-v4-flash,1784120881.1993122,stage1_annotation,annotation,76554.0,E2L1_TCGATTTAGGAAAGGT,,
deepseek,713,903,1616,0,834,,,DeepSeekBackend,deepseek-v4-flash,1784120882.190572,stage1_annotation,annotation,159633.0,E2L8_TCGAAGTCATGATGCT,,
deepseek,709,1304,2013,0,1229,,,DeepSeekBackend,deepseek-v4-flash,1784120884.019858,stage1_annotation,annotation,58793.0,L5_CTCCACATCTCGGTCT,,
deepseek,713,1530,2243,0,1431,,,DeepSeekBackend,deepseek-v4-flash,1784120884.1209881,stage1_annotation,annotation,45490.0,L4_GAAATGACATATTCGG,,
deepseek,711,1329,2040,0,1244,,,DeepSeekBackend,deepseek-v4-flash,1784120884.5070863,stage1_annotation,annotation,13245.0,L1_TTCTAGTTCGACATAC,,
deepseek,716,722,1438,0,654,,,DeepSeekBackend,deepseek-v4-flash,1784120884.523412,stage1_annotation,annotation,125339.0,E2L5_TTTAGTCGTTAACCTG,,
deepseek,718,1228,1946,0,1224,,,DeepSeekBackend,deepseek-v4-flash,1784120885.7724118,stage1_annotation,annotation,152811.0,E2L8_CAATCGACACTCAAGT,,
deepseek,718,467,1185,0,464,,,DeepSeekBackend,deepseek-v4-flash,1784120887.1811523,stage1_annotation,annotation,76840.0,E2L1_TCTGCCACACACCGAC,,
deepseek,724,773,1497,0,770,,,DeepSeekBackend,deepseek-v4-flash,1784120889.37638,stage1_annotation,annotation,103904.0,E2L4_AGTGACTCAGGTATGG,,
deepseek,714,1245,1959,0,1183,,,DeepSeekBackend,deepseek-v4-flash,1784120889.4040916,stage1_annotation,annotation,145909.0,E2L7_GTGAGCCGTAGCTCGC,,
deepseek,714,881,1595,0,877,,,DeepSeekBackend,deepseek-v4-flash,1784120890.3830545,stage1_annotation,annotation,93285.0,E2L3_ATTTCACTCGCCGTGA,,
deepseek,720,896,1616,0,816,,,DeepSeekBackend,deepseek-v4-flash,1784120890.890623,stage1_annotation,annotation,140655.0,E2L7_CAACCTCCAGCTGAGA,,
deepseek,716,1868,2584,0,1823,,,DeepSeekBackend,deepseek-v4-flash,1784120891.3505287,stage1_annotation,annotation,106623.0,E2L4_CTACATTCATAGTCAC,,
deepseek,711,632,1343,0,556,,,DeepSeekBackend,deepseek-v4-flash,1784120892.2504086,stage1_annotation,annotation,36899.0,L3_TCCTCCCTCCTCTCGA,,
deepseek,712,2079,2791,0,1973,,,DeepSeekBackend,deepseek-v4-flash,1784120893.271871,stage1_annotation,annotation,39192.0,L4_AAAGGGCTCCTTATCA,,
deepseek,708,1237,1945,0,1131,,,DeepSeekBackend,deepseek-v4-flash,1784120893.3255608,stage1_annotation,annotation,40463.0,L4_ACTGATGGTTCGATTG,,
deepseek,717,741,1458,0,661,,,DeepSeekBackend,deepseek-v4-flash,1784120894.240511,stage1_annotation,annotation,90208.0,E2L2_TTGAGTGCAGTTTCGA,,
deepseek,717,882,1599,0,788,,,DeepSeekBackend,deepseek-v4-flash,1784120895.3985677,stage1_annotation,annotation,65910.0,L5_TGTGGCGCATTGCAAC,,
deepseek,718,324,1042,0,264,,,DeepSeekBackend,deepseek-v4-flash,1784120895.5575705,stage1_annotation,annotation,137289.0,E2L6_TTGAGTGAGGTGCGAT,,
deepseek,716,1463,2179,0,1389,,,DeepSeekBackend,deepseek-v4-flash,1784120895.7992532,stage1_annotation,annotation,29986.0,L3_CAAGCTAGTATCAGGG,,
deepseek,720,288,1008,0,286,,,DeepSeekBackend,deepseek-v4-flash,1784120896.3207994,stage1_annotation,annotation,91900.0,E2L3_AGACACTCAAACAGGC,,
deepseek,716,747,1463,0,664,,,DeepSeekBackend,deepseek-v4-flash,1784120896.4335678,stage1_annotation,annotation,146216.0,E2L7_GTTAGACGTGCCCTTT,,
deepseek,725,616,1341,0,533,,,DeepSeekBackend,deepseek-v4-flash,1784120897.1639485,stage1_annotation,annotation,81605.0,E2L2_CACACAATCTGAGAGG,,
deepseek,717,2335,3052,0,2270,,,DeepSeekBackend,deepseek-v4-flash,1784120897.6761472,stage1_annotation,annotation,127716.0,E2L6_ATAGAGAAGCCGTCGT,,
deepseek,715,596,1311,0,592,,,DeepSeekBackend,deepseek-v4-flash,1784120897.826763,stage1_annotation,annotation,116096.0,E2L5_ATTCACTTCCTCTTTC,,
deepseek,717,703,1420,0,699,,,DeepSeekBackend,deepseek-v4-flash,1784120898.299416,stage1_annotation,annotation,132413.0,E2L6_GCCAGGTCACTGTTCC,,
deepseek,719,404,1123,0,349,,,DeepSeekBackend,deepseek-v4-flash,1784120898.4659314,stage1_annotation,annotation,49199.0,L4_TATCGCCTCGACACCG,,
deepseek,729,1267,1996,0,1174,,,DeepSeekBackend,deepseek-v4-flash,1784120899.4922543,stage1_annotation,annotation,96144.0,E2L3_GACCGTGCATAATGAG,,
deepseek,710,181,891,0,120,,,DeepSeekBackend,deepseek-v4-flash,1784120899.9325418,stage1_annotation,annotation,114282.0,E2L5_ACCATTTTCGGCATAT,,
deepseek,713,343,1056,0,279,,,DeepSeekBackend,deepseek-v4-flash,1784120900.2620397,stage1_annotation,annotation,95626.0,E2L3_CTGCATCAGGCTCCCA,,
deepseek,715,1449,2164,0,1445,,,DeepSeekBackend,deepseek-v4-flash,1784120900.4743862,stage1_annotation,annotation,159410.0,E2L8_TCCATGCCATACTGTG,,
deepseek,709,244,953,0,184,,,DeepSeekBackend,deepseek-v4-flash,1784120900.6401381,stage1_annotation,annotation,144736.0,E2L7_GCTGAATGTTCGAAGG,,
deepseek,707,437,1144,0,377,,,DeepSeekBackend,deepseek-v4-flash,1784120900.759156,stage1_annotation,annotation,122483.0,E2L5_TAGGTACAGCCTATTG,,
deepseek,716,537,1253,0,533,,,DeepSeekBackend,deepseek-v4-flash,1784120901.0380073,stage1_annotation,annotation,133796.0,E2L6_GTCTTTACAATCCTAG,,
deepseek,715,230,945,0,183,,,DeepSeekBackend,deepseek-v4-flash,1784120901.098659,stage1_annotation,annotation,14287.0,L2_AAGTCGTGTCGTATTG,,
deepseek,720,545,1265,0,474,,,DeepSeekBackend,deepseek-v4-flash,1784120901.9495413,stage1_annotation,annotation,127172.0,E2L6_AGGAAATTCCGATGTA,,
deepseek,722,835,1557,0,775,,,DeepSeekBackend,deepseek-v4-flash,1784120902.983272,stage1_annotation,annotation,144126.0,E2L7_GATCACACAAAGAGTT,,
deepseek,713,2627,3340,0,2549,,,DeepSeekBackend,deepseek-v4-flash,1784120903.5664814,stage1_annotation,annotation,24955.0,L2_TCTTCCTAGCCTCTTC,,
deepseek,713,274,987,0,211,,,DeepSeekBackend,deepseek-v4-flash,1784120903.6763802,stage1_annotation,annotation,120178.0,E2L5_GCCCAGAAGACCAGAC,,
deepseek,712,251,963,0,248,,,DeepSeekBackend,deepseek-v4-flash,1784120904.9236488,stage1_annotation,annotation,121317.0,E2L5_GTCAAGTTCTCCCATG,,
deepseek,713,427,1140,0,367,,,DeepSeekBackend,deepseek-v4-flash,1784120905.3468068,stage1_annotation,annotation,128421.0,E2L6_CAAAGAAGTTGGGCCT,,
deepseek,719,1719,2438,0,1715,,,DeepSeekBackend,deepseek-v4-flash,1784120905.5211787,stage1_annotation,annotation,124055.0,E2L5_TGCATGAAGCGTATAA,,
deepseek,719,763,1482,0,676,,,DeepSeekBackend,deepseek-v4-flash,1784120906.7010176,stage1_annotation,annotation,155361.0,E2L8_CTTAGGAGTAGAGGAA,,
deepseek,721,214,935,0,210,,,DeepSeekBackend,deepseek-v4-flash,1784120906.705705,stage1_annotation,annotation,23815.0,L2_TATTGCTGTTAAACCC,,
deepseek,723,430,1153,0,426,,,DeepSeekBackend,deepseek-v4-flash,1784120906.759051,stage1_annotation,annotation,19134.0,L2_CGTTAGAGTCTGCATA,,
deepseek,709,2486,3195,0,2412,,,DeepSeekBackend,deepseek-v4-flash,1784120906.9805279,stage1_annotation,annotation,8032.0,L1_GCTGCAGGTTCTCACC,,
deepseek,712,767,1479,0,721,,,DeepSeekBackend,deepseek-v4-flash,1784120908.1241016,stage1_annotation,annotation,128601.0,E2L6_CAATCGATCGATTCCC,,
deepseek,727,442,1169,0,391,,,DeepSeekBackend,deepseek-v4-flash,1784120908.1396372,stage1_annotation,annotation,18588.0,L2_CCTTTGGTCTGGACCG,,
deepseek,715,3151,3866,0,3148,,,DeepSeekBackend,deepseek-v4-flash,1784120908.444574,stage1_annotation,annotation,34243.0,L3_GGATCTAAGCTGTTAC,,
deepseek,725,566,1291,0,484,,,DeepSeekBackend,deepseek-v4-flash,1784120908.7914112,stage1_annotation,annotation,141622.0,E2L7_CCACGTTCAAGTTTGC,,
deepseek,722,261,983,0,257,,,DeepSeekBackend,deepseek-v4-flash,1784120908.9455104,stage1_annotation,annotation,13294.0,L1_TTCTTGACAATAACGA,,
deepseek,710,508,1218,0,453,,,DeepSeekBackend,deepseek-v4-flash,1784120909.101333,stage1_annotation,annotation,124007.0,E2L5_TGCAGATTCTCAGTCC,,
deepseek,720,201,921,0,197,,,DeepSeekBackend,deepseek-v4-flash,1784120910.6651855,stage1_annotation,annotation,72294.0,E2L1_CTGATCCGTAGCGTCC,,
deepseek,720,1193,1913,0,1142,,,DeepSeekBackend,deepseek-v4-flash,1784120910.8743744,stage1_annotation,annotation,101573.0,E2L3_TTGCTGCGTAATCAGA,,
deepseek,721,261,982,640,204,,,DeepSeekBackend,deepseek-v4-flash,1784120911.2700455,stage1_annotation,annotation,23918.0,L2_TCACAAGTCCTCATAT,,
deepseek,727,195,922,640,191,,,DeepSeekBackend,deepseek-v4-flash,1784120912.036555,stage1_annotation,annotation,14599.0,L2_ACATCCCCAGCTGAGA,,
deepseek,709,3740,4449,0,3695,,,DeepSeekBackend,deepseek-v4-flash,1784120912.2175694,stage1_annotation,annotation,19326.0,L2_CTATAGGGTTAGCGGA,,
deepseek,727,439,1166,0,388,,,DeepSeekBackend,deepseek-v4-flash,1784120912.3683357,stage1_annotation,annotation,39282.0,L4_AACAACCTCAACCCGG,,
deepseek,723,505,1228,0,443,,,DeepSeekBackend,deepseek-v4-flash,1784120912.6336033,stage1_annotation,annotation,33971.0,L3_GCGTGCAAGTAGGATT,,
deepseek,716,570,1286,0,503,,,DeepSeekBackend,deepseek-v4-flash,1784120912.6875718,stage1_annotation,annotation,57669.0,L5_CCTCCTCTCACCTTGC,,
deepseek,721,354,1075,640,350,,,DeepSeekBackend,deepseek-v4-flash,1784120912.7666745,stage1_annotation,annotation,18386.0,L2_CCTATCGGTATCTCTT,,
deepseek,719,736,1455,0,680,,,DeepSeekBackend,deepseek-v4-flash,1784120913.4821327,stage1_annotation,annotation,145486.0,E2L7_GTAATCGTCAGACCGC,,
deepseek,728,443,1171,0,382,,,DeepSeekBackend,deepseek-v4-flash,1784120913.6013277,stage1_annotation,annotation,155480.0,E2L8_CTTTCAAAGGCACGAT,,
deepseek,720,649,1369,0,589,,,DeepSeekBackend,deepseek-v4-flash,1784120913.6901712,stage1_annotation,annotation,12655.0,L1_TGTCCTGCAACTGCCG,,
deepseek,712,1786,2498,0,1723,,,DeepSeekBackend,deepseek-v4-flash,1784120914.26719,stage1_annotation,annotation,8590.0,L1_GGGTTATTCTGGTCAA,,
deepseek,717,299,1016,0,246,,,DeepSeekBackend,deepseek-v4-flash,1784120914.2759688,stage1_annotation,annotation,39538.0,L4_AAGATAGTCGCGATCG,,
deepseek,719,485,1204,0,407,,,DeepSeekBackend,deepseek-v4-flash,1784120914.5987508,stage1_annotation,annotation,124470.0,E2L5_TGTCCTGGTTGGAGAC,,
deepseek,719,657,1376,0,582,,,DeepSeekBackend,deepseek-v4-flash,1784120914.9355094,stage1_annotation,annotation,151229.0,E2L8_AGAGCAGAGTTGTCGT,,
deepseek,718,1330,2048,0,1275,,,DeepSeekBackend,deepseek-v4-flash,1784120915.0404327,stage1_annotation,annotation,33223.0,L3_GAGAGGTGTATCACCA,,
deepseek,728,254,982,0,188,,,DeepSeekBackend,deepseek-v4-flash,1784120915.1450243,stage1_annotation,annotation,52517.0,L5_AAAGGTACACGCGCTA,,
deepseek,715,316,1031,0,271,,,DeepSeekBackend,deepseek-v4-flash,1784120915.7226264,stage1_annotation,annotation,30861.0,L3_CCACAAAAGAGGGCGA,,
deepseek,717,301,1018,0,235,,,DeepSeekBackend,deepseek-v4-flash,1784120916.0767953,stage1_annotation,annotation,155438.0,E2L8_CTTCTCTAGTATAGGT,,
deepseek,720,476,1196,0,419,,,DeepSeekBackend,deepseek-v4-flash,1784120916.828159,stage1_annotation,annotation,26043.0,L2_TTACAGGGTTCGGTAT,,
deepseek,716,259,975,0,197,,,DeepSeekBackend,deepseek-v4-flash,1784120917.335087,stage1_annotation,annotation,49784.0,L4_TCCCACACATGCAGCC,,
deepseek,721,291,1012,0,252,,,DeepSeekBackend,deepseek-v4-flash,1784120917.4625032,stage1_annotation,annotation,13631.0,L1_TTTCAGTTCCATACTT,,
deepseek,720,216,936,0,167,,,DeepSeekBackend,deepseek-v4-flash,1784120917.6893048,stage1_annotation,annotation,42109.0,L4_ATGTCTTCAGAAGCTG,,
deepseek,720,1584,2304,0,1474,,,DeepSeekBackend,deepseek-v4-flash,1784120918.0520408,stage1_annotation,annotation,88438.0,E2L2_TCGACGGTCAAACCCA,,
deepseek,720,221,941,0,166,,,DeepSeekBackend,deepseek-v4-flash,1784120918.3033118,stage1_annotation,annotation,53539.0,L5_ACCCTCAAGAGGCGTT,,
deepseek,723,374,1097,0,301,,,DeepSeekBackend,deepseek-v4-flash,1784120918.35387,stage1_annotation,annotation,43714.0,L4_CCGGTGACACACAGCC,,
deepseek,719,135,854,0,131,,,DeepSeekBackend,deepseek-v4-flash,1784120919.1485631,stage1_annotation,annotation,45808.0,L4_GACTTCCAGGGTGGGA,,
deepseek,722,1560,2282,0,1494,,,DeepSeekBackend,deepseek-v4-flash,1784120920.051463,stage1_annotation,annotation,92341.0,E2L3_AGGGTTTGTTCAGTAC,,
deepseek,716,472,1188,0,468,,,DeepSeekBackend,deepseek-v4-flash,1784120920.2699814,stage1_annotation,annotation,44537.0,L4_CTAACTTGTTGTGGAG,,
deepseek,724,563,1287,0,471,,,DeepSeekBackend,deepseek-v4-flash,1784120920.3008878,stage1_annotation,annotation,41436.0,L4_AGTCTCCAGCCACAAG,,
deepseek,717,537,1254,0,476,,,DeepSeekBackend,deepseek-v4-flash,1784120920.4191973,stage1_annotation,annotation,11418.0,L1_TCGGGACAGCTACGTT,,
deepseek,720,254,974,0,188,,,DeepSeekBackend,deepseek-v4-flash,1784120920.572692,stage1_annotation,annotation,10570.0,L1_TCAAGACAGGCACTAG,,
deepseek,718,489,1207,0,434,,,DeepSeekBackend,deepseek-v4-flash,1784120920.6977324,stage1_annotation,annotation,67052.0,L5_TTTGGAGGTGGTGATG,,
deepseek,716,372,1088,0,315,,,DeepSeekBackend,deepseek-v4-flash,1784120920.7331967,stage1_annotation,annotation,98640.0,E2L3_TAACGACAGCCTTTGA,,
deepseek,719,383,1102,0,333,,,DeepSeekBackend,deepseek-v4-flash,1784120922.0650804,stage1_annotation,annotation,8477.0,L1_GGGCTCAGTCTGTAGT,,
deepseek,720,851,1571,0,847,,,DeepSeekBackend,deepseek-v4-flash,1784120922.3939898,stage1_annotation,annotation,61719.0,L5_GGTTCTCGTTCCAGGC,,
deepseek,713,1761,2474,0,1758,,,DeepSeekBackend,deepseek-v4-flash,1784120922.9787076,stage1_annotation,annotation,42687.0,L4_CACGTGGAGTCATCGT,,
deepseek,716,1066,1782,0,978,,,DeepSeekBackend,deepseek-v4-flash,1784120923.7757697,stage1_annotation,annotation,55605.0,L5_ATGCGATTCCAGTGCG,,
deepseek,720,998,1718,0,933,,,DeepSeekBackend,deepseek-v4-flash,1784120923.9282084,stage1_annotation,annotation,83461.0,E2L2_CTACCCACAGTTAGGG,,
deepseek,717,626,1343,0,579,,,DeepSeekBackend,deepseek-v4-flash,1784120925.0342326,stage1_annotation,annotation,35883.0,L3_TACCCGTCAGTGGCTC,,
deepseek,715,2597,3312,0,2594,,,DeepSeekBackend,deepseek-v4-flash,1784120926.754981,stage1_annotation,annotation,79944.0,E2L2_AGACCCGTCGCTTGAA,,
deepseek,720,452,1172,0,376,,,DeepSeekBackend,deepseek-v4-flash,1784120926.7683692,stage1_annotation,annotation,114471.0,E2L5_ACGTAGTTCCGACGGT,,
deepseek,720,990,1710,0,951,,,DeepSeekBackend,deepseek-v4-flash,1784120927.0949795,stage1_annotation,annotation,38438.0,L3_TTCAATCTCGGTGTTA,,
deepseek,715,787,1502,0,752,,,DeepSeekBackend,deepseek-v4-flash,1784120928.5043604,stage1_annotation,annotation,86295.0,E2L2_GTAGTACCAAGTTCCA,,
deepseek,719,607,1326,0,540,,,DeepSeekBackend,deepseek-v4-flash,1784120928.7161167,stage1_annotation,annotation,129230.0,E2L6_CATGGTAAGTCGAAGC,,
deepseek,719,772,1491,0,769,,,DeepSeekBackend,deepseek-v4-flash,1784120928.8385522,stage1_annotation,annotation,24812.0,L2_TCTACATTCCTGTTGC,,
deepseek,716,963,1679,0,887,,,DeepSeekBackend,deepseek-v4-flash,1784120932.9642186,stage1_annotation,annotation,6012.0,L1_CTCCCAAAGAGTCGAC,,
deepseek,719,751,1470,0,680,,,DeepSeekBackend,deepseek-v4-flash,1784120933.0630333,stage1_annotation,annotation,104650.0,E2L4_ATTTCACTCTATCGTT,,
deepseek,720,1368,2088,0,1297,,,DeepSeekBackend,deepseek-v4-flash,1784120933.7757053,stage1_annotation,annotation,89000.0,E2L2_TGAGTCAGTCCTTAAG,,
deepseek,714,1042,1756,0,965,,,DeepSeekBackend,deepseek-v4-flash,1784120934.7646437,stage1_annotation,annotation,101433.0,E2L3_TTCTAGTCAACCACGC,,
deepseek,714,536,1250,0,533,,,DeepSeekBackend,deepseek-v4-flash,1784120935.0336494,stage1_annotation,annotation,157008.0,E2L8_GGCTTGGTCAAGTAAG,,
deepseek,719,552,1271,0,481,,,DeepSeekBackend,deepseek-v4-flash,1784120935.416468,stage1_annotation,annotation,94593.0,E2L3_CCTCTCCAGCAGGCTA,,
deepseek,717,1162,1879,0,1084,,,DeepSeekBackend,deepseek-v4-flash,1784120935.963485,stage1_annotation,annotation,81719.0,E2L2_CACTAAGAGTTCAACC,,
deepseek,710,931,1641,0,857,,,DeepSeekBackend,deepseek-v4-flash,1784120936.309253,stage1_annotation,annotation,145306.0,E2L7_GGTCACGCAGTTGAAA,,
deepseek,713,1566,2279,0,1480,,,DeepSeekBackend,deepseek-v4-flash,1784120942.9814525,stage1_annotation,annotation,151971.0,E2L8_ATACCTTTCCTGTAAG,,
deepseek,715,1880,2595,0,1877,,,DeepSeekBackend,deepseek-v4-flash,1784120944.1653783,stage1_annotation,annotation,81942.0,E2L2_CAGTGCGGTATGAGCG,,
deepseek,718,766,1484,0,763,,,DeepSeekBackend,deepseek-v4-flash,1784120944.3012283,stage1_annotation,annotation,29212.0,L3_ATCACAGGTTGTAGCT,,
deepseek,725,781,1506,0,714,,,DeepSeekBackend,deepseek-v4-flash,1784120946.219595,stage1_annotation,annotation,99686.0,E2L3_TCCCACAGTGAGTAGC,,
deepseek,715,851,1566,0,848,,,DeepSeekBackend,deepseek-v4-flash,1784120946.7966797,stage1_annotation,annotation,49141.0,L4_TATACCTGTAGATGTA,,
deepseek,712,1868,2580,0,1863,,,DeepSeekBackend,deepseek-v4-flash,1784120947.5339665,stage1_annotation,annotation,117758.0,E2L5_CCTGCATTCGTCGGGT,,
deepseek,719,1999,2718,0,1920,,,DeepSeekBackend,deepseek-v4-flash,1784120948.9128315,stage1_annotation,annotation,71794.0,E2L1_CGTTAGACACACGTGC,,
deepseek,721,1330,2051,0,1247,,,DeepSeekBackend,deepseek-v4-flash,1784120949.7088182,stage1_annotation,annotation,106770.0,E2L4_CTCAATTAGAAACTCA,,
deepseek,713,1137,1850,0,1050,,,DeepSeekBackend,deepseek-v4-flash,1784120950.11257,stage1_annotation,annotation,61838.0,L5_GTACAACGTACTGCGC,,
deepseek,715,1370,2085,0,1307,,,DeepSeekBackend,deepseek-v4-flash,1784120950.8161533,stage1_annotation,annotation,59130.0,L5_CTGGACGCAGTAACGG,,
deepseek,719,2749,3468,0,2684,,,DeepSeekBackend,deepseek-v4-flash,1784120950.8953102,stage1_annotation,annotation,8644.0,L1_GGTAGAGCACACCAGC,,
deepseek,714,2570,3284,0,2467,,,DeepSeekBackend,deepseek-v4-flash,1784120951.3320947,stage1_annotation,annotation,123550.0,E2L5_TCTAACTTCCTCGCAT,,
deepseek,716,2344,3060,0,2341,,,DeepSeekBackend,deepseek-v4-flash,1784120951.6960106,stage1_annotation,annotation,71477.0,E2L1_CGATGGCGTGTTGACT,,
deepseek,713,1315,2028,0,1248,,,DeepSeekBackend,deepseek-v4-flash,1784120951.9155226,stage1_annotation,annotation,17078.0,L2_CAAGACTTCAAGAGTA,,
deepseek,717,811,1528,0,720,,,DeepSeekBackend,deepseek-v4-flash,1784120953.7802715,stage1_annotation,annotation,39947.0,L4_ACAGAAATCCATGCAA,,
deepseek,712,981,1693,0,883,,,DeepSeekBackend,deepseek-v4-flash,1784120953.8199675,stage1_annotation,annotation,34476.0,L3_GGGCTACAGAGGGCGA,,
deepseek,718,2254,2972,0,2168,,,DeepSeekBackend,deepseek-v4-flash,1784120955.3534694,stage1_annotation,annotation,40100.0,L4_ACCCTCATCACCGGGT,,
deepseek,718,2375,3093,0,2294,,,DeepSeekBackend,deepseek-v4-flash,1784120956.6510785,stage1_annotation,annotation,25281.0,L2_TGCACGGTCTGCATGA,,
deepseek,722,412,1134,0,350,,,DeepSeekBackend,deepseek-v4-flash,1784120957.2528853,stage1_annotation,annotation,84815.0,E2L2_GATCATGGTAACGGTG,,
deepseek,715,978,1693,0,888,,,DeepSeekBackend,deepseek-v4-flash,1784120957.2897906,stage1_annotation,annotation,149109.0,E2L7_TTCACCGTCCGCAAAT,,
deepseek,720,737,1457,0,734,,,DeepSeekBackend,deepseek-v4-flash,1784120957.7935603,stage1_annotation,annotation,34742.0,L3_GGTTCTCTCAACGAGG,,
deepseek,719,918,1637,0,915,,,DeepSeekBackend,deepseek-v4-flash,1784120957.817192,stage1_annotation,annotation,144073.0,E2L7_GAGTTACGTAATACCC,,
deepseek,723,575,1298,0,498,,,DeepSeekBackend,deepseek-v4-flash,1784120958.4788926,stage1_annotation,annotation,9197.0,L1_GTCCTCAGTGTTTACG,,
deepseek,718,296,1014,0,243,,,DeepSeekBackend,deepseek-v4-flash,1784120958.5613675,stage1_annotation,annotation,96706.0,E2L3_GCAGGCTAGGTTGACG,,
deepseek,719,2435,3154,0,2340,,,DeepSeekBackend,deepseek-v4-flash,1784120958.6053903,stage1_annotation,annotation,18049.0,L2_CCACTTGAGTACAGCG,,
deepseek,715,1132,1847,0,1072,,,DeepSeekBackend,deepseek-v4-flash,1784120958.8240757,stage1_annotation,annotation,14428.0,L2_AATGGAATCCCAGTGG,,
deepseek,716,622,1338,0,620,,,DeepSeekBackend,deepseek-v4-flash,1784120959.6177037,stage1_annotation,annotation,6614.0,L1_GAAACCTTCGCCAACG,,
deepseek,708,3040,3748,0,3035,,,DeepSeekBackend,deepseek-v4-flash,1784120960.2446835,stage1_annotation,annotation,160458.0,E2L8_TGCTGAATCATCTATC,,
deepseek,717,345,1062,0,286,,,DeepSeekBackend,deepseek-v4-flash,1784120960.3299265,stage1_annotation,annotation,122322.0,E2L5_TACGGGCGTGACTAAA,,
deepseek,719,536,1255,0,454,,,DeepSeekBackend,deepseek-v4-flash,1784120960.8836925,stage1_annotation,annotation,80854.0,E2L2_ATCCGTCGTTGCAAGG,,
deepseek,721,849,1570,0,777,,,DeepSeekBackend,deepseek-v4-flash,1784120961.255037,stage1_annotation,annotation,92254.0,E2L3_AGGCATTCAAGCGAAC,,
deepseek,714,210,924,0,208,,,DeepSeekBackend,deepseek-v4-flash,1784120961.417898,stage1_annotation,annotation,19992.0,L2_CTTCCTTGTGCATGAG,,
deepseek,719,325,1044,0,270,,,DeepSeekBackend,deepseek-v4-flash,1784120962.056129,stage1_annotation,annotation,87474.0,E2L2_TAGACTGAGTCTGTAC,,
deepseek,714,451,1165,0,390,,,DeepSeekBackend,deepseek-v4-flash,1784120963.0168731,stage1_annotation,annotation,136872.0,E2L6_TTACAGGTCGAGAAGC,,
deepseek,718,1099,1817,0,1006,,,DeepSeekBackend,deepseek-v4-flash,1784120963.2859836,stage1_annotation,annotation,25377.0,L2_TGCGACGAGATTCGAA,,
deepseek,717,971,1688,0,894,,,DeepSeekBackend,deepseek-v4-flash,1784120963.6706092,stage1_annotation,annotation,25257.0,L2_TGATTTCAGTGAGGCT,,
deepseek,718,526,1244,0,453,,,DeepSeekBackend,deepseek-v4-flash,1784120964.0350869,stage1_annotation,annotation,82617.0,E2L2_CCGGGTACATGACAGG,,
deepseek,723,381,1104,0,379,,,DeepSeekBackend,deepseek-v4-flash,1784120964.1719666,stage1_annotation,annotation,110134.0,E2L4_GTTGCTCCACACCAGC,,
deepseek,723,377,1100,0,375,,,DeepSeekBackend,deepseek-v4-flash,1784120965.5632381,stage1_annotation,annotation,2631.0,L1_ATCACTTTCACGGGAA,,
deepseek,717,615,1332,0,552,,,DeepSeekBackend,deepseek-v4-flash,1784120967.0575597,stage1_annotation,annotation,117094.0,E2L5_CATTCCGCACTCTAGA,,
deepseek,715,3214,3929,0,3211,,,DeepSeekBackend,deepseek-v4-flash,1784120967.5149665,stage1_annotation,annotation,19706.0,L2_CTGATCCCAACATCGT,,
deepseek,718,387,1105,0,317,,,DeepSeekBackend,deepseek-v4-flash,1784120967.936049,stage1_annotation,annotation,20996.0,L2_GCACGGTAGAGCAGCT,,
deepseek,716,562,1278,0,502,,,DeepSeekBackend,deepseek-v4-flash,1784120968.3139536,stage1_annotation,annotation,143854.0,E2L7_GACTGATGTGTCTAAC,,
deepseek,718,340,1058,0,334,,,DeepSeekBackend,deepseek-v4-flash,1784120968.6164458,stage1_annotation,annotation,3307.0,L1_ATTTCACTCACAAGGG,,
deepseek,714,955,1669,0,953,,,DeepSeekBackend,deepseek-v4-flash,1784120969.1012151,stage1_annotation,annotation,157111.0,E2L8_GGGATGAGTTGGGTTT,,
deepseek,718,902,1620,0,846,,,DeepSeekBackend,deepseek-v4-flash,1784120969.136638,stage1_annotation,annotation,84175.0,E2L2_CTTGATTAGTTGGACG,,
deepseek,719,3177,3896,0,3101,,,DeepSeekBackend,deepseek-v4-flash,1784120969.1938407,stage1_annotation,annotation,19161.0,L2_CGTTGGGCACATGGTT,,
deepseek,719,452,1171,0,390,,,DeepSeekBackend,deepseek-v4-flash,1784120969.287241,stage1_annotation,annotation,106989.0,E2L4_CTCTCAGGTGACTGAG,,
deepseek,712,1163,1875,0,1096,,,DeepSeekBackend,deepseek-v4-flash,1784120969.6192174,stage1_annotation,annotation,63159.0,L5_TACCCGTCAGCGCGTT,,
deepseek,720,1602,2322,0,1599,,,DeepSeekBackend,deepseek-v4-flash,1784120969.9970803,stage1_annotation,annotation,42278.0,L4_ATTGGGTAGCGAGGAG,,
deepseek,721,355,1076,0,353,,,DeepSeekBackend,deepseek-v4-flash,1784120970.2292032,stage1_annotation,annotation,144019.0,E2L7_GAGTCATAGGTTTGAA,,
deepseek,718,754,1472,0,748,,,DeepSeekBackend,deepseek-v4-flash,1784120970.3445454,stage1_annotation,annotation,36977.0,L3_TCCTTTCTCGACTCCT,,
deepseek,718,1978,2696,0,1902,,,DeepSeekBackend,deepseek-v4-flash,1784120970.3981988,stage1_annotation,annotation,70951.0,E2L1_CCCGGAATCGTGACTA,,
deepseek,720,585,1305,0,501,,,DeepSeekBackend,deepseek-v4-flash,1784120971.2214696,stage1_annotation,annotation,2389.0,L1_AGTGACTTCGCTGATA,,
deepseek,724,340,1064,0,261,,,DeepSeekBackend,deepseek-v4-flash,1784120971.7004807,stage1_annotation,annotation,140004.0,E2L7_ATCATTCCAATGCAGG,,
deepseek,715,815,1530,0,716,,,DeepSeekBackend,deepseek-v4-flash,1784120971.922164,stage1_annotation,annotation,103051.0,E2L4_ACTCTCGAGGTTGAGC,,
deepseek,725,325,1050,0,233,,,DeepSeekBackend,deepseek-v4-flash,1784120972.176358,stage1_annotation,annotation,104936.0,E2L4_CACGAATGTAGTCGTT,,
deepseek,712,211,923,0,205,,,DeepSeekBackend,deepseek-v4-flash,1784120972.2503378,stage1_annotation,annotation,100010.0,E2L3_TCGGTCTGTCGCTCGA,,
deepseek,717,441,1158,0,346,,,DeepSeekBackend,deepseek-v4-flash,1784120972.609057,stage1_annotation,annotation,14442.0,L2_AATGGCTGTCAAAGTA,,
deepseek,715,1101,1816,0,1028,,,DeepSeekBackend,deepseek-v4-flash,1784120973.3344867,stage1_annotation,annotation,59405.0,L5_CTTGAGAAGCAATAAC,,
deepseek,716,1052,1768,0,961,,,DeepSeekBackend,deepseek-v4-flash,1784120974.0287678,stage1_annotation,annotation,103140.0,E2L4_ACTTCGCCAAGCGCAA,,
deepseek,721,929,1650,0,869,,,DeepSeekBackend,deepseek-v4-flash,1784120974.8899732,stage1_annotation,annotation,1215.0,L1_ACGTCCTCAATCCTTT,,
deepseek,718,515,1233,0,415,,,DeepSeekBackend,deepseek-v4-flash,1784120975.5156364,stage1_annotation,annotation,29638.0,L3_ATTACCTTCCATTGGA,,
deepseek,720,522,1242,0,438,,,DeepSeekBackend,deepseek-v4-flash,1784120975.6639497,stage1_annotation,annotation,37388.0,L3_TGAATGCGTTGCATTG,,
deepseek,722,586,1308,0,580,,,DeepSeekBackend,deepseek-v4-flash,1784120975.8622692,stage1_annotation,annotation,156959.0,E2L8_GGCAGTCAGAATCGAT,,
deepseek,724,618,1342,0,548,,,DeepSeekBackend,deepseek-v4-flash,1784120975.8669136,stage1_annotation,annotation,126863.0,E2L6_AGACAGGCACATAGCT,,
deepseek,716,507,1223,0,501,,,DeepSeekBackend,deepseek-v4-flash,1784120976.0031116,stage1_annotation,annotation,159860.0,E2L8_TCTACCGAGCTCGACC,,
deepseek,720,1202,1922,0,1081,,,DeepSeekBackend,deepseek-v4-flash,1784120976.7385907,stage1_annotation,annotation,133540.0,E2L6_GTAGTACTCATTACGG,,
deepseek,724,500,1224,0,498,,,DeepSeekBackend,deepseek-v4-flash,1784120976.9267614,stage1_annotation,annotation,127381.0,E2L6_AGGTAGGAGTGCACCC,,
deepseek,724,540,1264,0,538,,,DeepSeekBackend,deepseek-v4-flash,1784120979.043642,stage1_annotation,annotation,85491.0,E2L2_GGAACCCGTTCTCCCA,,
deepseek,721,377,1098,0,327,,,DeepSeekBackend,deepseek-v4-flash,1784120980.3841743,stage1_annotation,annotation,135164.0,E2L6_TCAGTTTAGTACTCGT,,
deepseek,721,415,1136,0,348,,,DeepSeekBackend,deepseek-v4-flash,1784120981.22876,stage1_annotation,annotation,18575.0,L2_CCTTGTGTCTTCGATT,,
deepseek,719,341,1060,0,339,,,DeepSeekBackend,deepseek-v4-flash,1784120981.2775302,stage1_annotation,annotation,130605.0,E2L6_CTAGACACAGGCGTTC,,
deepseek,718,581,1299,0,503,,,DeepSeekBackend,deepseek-v4-flash,1784120981.3317986,stage1_annotation,annotation,35841.0,L3_TACAGGTGTAGTTACC,,
deepseek,719,669,1388,0,600,,,DeepSeekBackend,deepseek-v4-flash,1784120981.3758543,stage1_annotation,annotation,125101.0,E2L5_TTGAGTGCAGAAATTG,,
deepseek,719,1246,1965,0,1170,,,DeepSeekBackend,deepseek-v4-flash,1784120981.64032,stage1_annotation,annotation,74399.0,E2L1_GTAACACCAACACGTT,,
deepseek,718,1004,1722,0,931,,,DeepSeekBackend,deepseek-v4-flash,1784120984.154291,stage1_annotation,annotation,19277.0,L2_CTACTATGTGATCATC,,
deepseek,719,630,1349,0,628,,,DeepSeekBackend,deepseek-v4-flash,1784120984.1728058,stage1_annotation,annotation,5157.0,L1_CGAGTTAGTGTACAGG,,
deepseek,722,1096,1818,0,1017,,,DeepSeekBackend,deepseek-v4-flash,1784120984.3346,stage1_annotation,annotation,92257.0,E2L3_AGGCATTGTGAACGGT,,
deepseek,718,806,1524,0,800,,,DeepSeekBackend,deepseek-v4-flash,1784120984.6999824,stage1_annotation,annotation,117572.0,E2L5_CCGTGAGGTGTGGTCC,,
deepseek,718,1335,2053,0,1260,,,DeepSeekBackend,deepseek-v4-flash,1784120985.087411,stage1_annotation,annotation,22522.0,L2_GTCATTTTCTCATGCC,,
deepseek,725,273,998,0,268,,,DeepSeekBackend,deepseek-v4-flash,1784120985.214511,stage1_annotation,annotation,57480.0,L5_CCGTGAGAGATGCTAA,,
deepseek,719,761,1480,0,755,,,DeepSeekBackend,deepseek-v4-flash,1784120985.2769156,stage1_annotation,annotation,116682.0,E2L5_CAGATACAGATAGCAT,,
deepseek,720,799,1519,0,793,,,DeepSeekBackend,deepseek-v4-flash,1784120985.5075934,stage1_annotation,annotation,95907.0,E2L3_CTTTCAATCGAGTGAG,,
deepseek,726,313,1039,0,308,,,DeepSeekBackend,deepseek-v4-flash,1784120985.5469186,stage1_annotation,annotation,10112.0,L1_TACCTCGCAAAGGCTG,,
deepseek,721,355,1076,0,289,,,DeepSeekBackend,deepseek-v4-flash,1784120985.6101797,stage1_annotation,annotation,154894.0,E2L8_CTCAGTCCAGACGATG,,
deepseek,726,361,1087,0,356,,,DeepSeekBackend,deepseek-v4-flash,1784120985.7215512,stage1_annotation,annotation,24314.0,L2_TCCATCGCATCGGAAG,,
deepseek,722,1199,1921,0,1135,,,DeepSeekBackend,deepseek-v4-flash,1784120986.1679776,stage1_annotation,annotation,135600.0,E2L6_TCGATTTCACCTAAAC,,
deepseek,720,188,908,0,183,,,DeepSeekBackend,deepseek-v4-flash,1784120986.6751053,stage1_annotation,annotation,101868.0,E2L3_TTTGGAGCACCAGGTC,,
deepseek,717,422,1139,0,356,,,DeepSeekBackend,deepseek-v4-flash,1784120986.764641,stage1_annotation,annotation,114465.0,E2L5_ACGTAGTCAGGCTACC,,
deepseek,726,191,917,0,186,,,DeepSeekBackend,deepseek-v4-flash,1784120987.5788078,stage1_annotation,annotation,14967.0,L2_ACTATCTGTTCGGCGT,,
deepseek,723,687,1410,0,605,,,DeepSeekBackend,deepseek-v4-flash,1784120987.6384501,stage1_annotation,annotation,7430.0,L1_GATGCTATCCTGTACC,,
deepseek,721,241,962,0,236,,,DeepSeekBackend,deepseek-v4-flash,1784120987.7944667,stage1_annotation,annotation,70469.0,E2L1_CAGTTCCGTTATTCCT,,
deepseek,718,210,928,0,205,,,DeepSeekBackend,deepseek-v4-flash,1784120987.9811466,stage1_annotation,annotation,516.0,L1_AAGTACCGTGAGGAAA,,
deepseek,727,228,955,0,223,,,DeepSeekBackend,deepseek-v4-flash,1784120988.2372158,stage1_annotation,annotation,160550.0,E2L8_TGGATGTTCCACGTCT,,
deepseek,718,1425,2143,0,1326,,,DeepSeekBackend,deepseek-v4-flash,1784120988.3424773,stage1_annotation,annotation,21188.0,L2_GCCAGCATCGAGCCAC,,
deepseek,716,1053,1769,0,1051,,,DeepSeekBackend,deepseek-v4-flash,1784120988.4791737,stage1_annotation,annotation,112086.0,E2L4_TGCAGGCAGAAGCCTG,,
deepseek,729,273,1002,0,268,,,DeepSeekBackend,deepseek-v4-flash,1784120988.502159,stage1_annotation,annotation,29294.0,L3_ATCCCTGAGGGCAGTT,,
deepseek,718,995,1713,0,933,,,DeepSeekBackend,deepseek-v4-flash,1784120988.5443702,stage1_annotation,annotation,154549.0,E2L8_CGTGAATTCACTCTTA,,
deepseek,722,224,946,0,219,,,DeepSeekBackend,deepseek-v4-flash,1784120988.5775611,stage1_annotation,annotation,127796.0,E2L6_ATCACTTTCCGTGGCA,,
deepseek,722,216,938,0,211,,,DeepSeekBackend,deepseek-v4-flash,1784120988.6521485,stage1_annotation,annotation,79075.0,E2L2_AATGCCAAGTATCCTG,,
deepseek,715,382,1097,0,310,,,DeepSeekBackend,deepseek-v4-flash,1784120988.8865616,stage1_annotation,annotation,59073.0,L5_CTGCCTAGTGTTTACG,,
deepseek,724,233,957,0,228,,,DeepSeekBackend,deepseek-v4-flash,1784120989.2988124,stage1_annotation,annotation,46191.0,L4_GATGAGGTCTCGGTAA,,
deepseek,719,862,1581,0,785,,,DeepSeekBackend,deepseek-v4-flash,1784120989.809097,stage1_annotation,annotation,83172.0,E2L2_CGGAGAACACGGATCC,,
deepseek,716,394,1110,0,389,,,DeepSeekBackend,deepseek-v4-flash,1784120990.2068892,stage1_annotation,annotation,26213.0,L2_TTCATGTAGGAAGAAC,,
deepseek,725,1401,2126,0,1329,,,DeepSeekBackend,deepseek-v4-flash,1784120990.2204983,stage1_annotation,annotation,133682.0,E2L6_GTCCCATAGCCGGATA,,
deepseek,710,118,828,0,115,,,DeepSeekBackend,deepseek-v4-flash,1784120990.2539458,stage1_annotation,annotation,118277.0,E2L5_CGTTAGATCTGAGGCC,,
deepseek,722,300,1022,0,295,,,DeepSeekBackend,deepseek-v4-flash,1784120990.568698,stage1_annotation,annotation,47256.0,L4_GGGCGTTCAAATACGA,,
deepseek,718,338,1056,0,270,,,DeepSeekBackend,deepseek-v4-flash,1784120990.572116,stage1_annotation,annotation,5296.0,L1_CGGAACCTCCGTGGGT,,
deepseek,716,201,917,0,146,,,DeepSeekBackend,deepseek-v4-flash,1784120990.7460885,stage1_annotation,annotation,117904.0,E2L5_CGATCGGGTAGCGTTT,,
deepseek,714,298,1012,0,242,,,DeepSeekBackend,deepseek-v4-flash,1784120990.7904274,stage1_annotation,annotation,125841.0,E2L6_AAGACTCTCAACGCTA,,
deepseek,715,235,950,0,174,,,DeepSeekBackend,deepseek-v4-flash,1784120990.8484414,stage1_annotation,annotation,95604.0,E2L3_CTGATCCGTCGCACAC,,
deepseek,712,185,897,0,182,,,DeepSeekBackend,deepseek-v4-flash,1784120991.1161165,stage1_annotation,annotation,137357.0,E2L6_TTGCTGCCAGCCCACA,,
deepseek,711,216,927,0,158,,,DeepSeekBackend,deepseek-v4-flash,1784120991.1209545,stage1_annotation,annotation,158089.0,E2L8_GTGGTTAGTTGCACGC,,
deepseek,710,227,937,0,175,,,DeepSeekBackend,deepseek-v4-flash,1784120991.2881856,stage1_annotation,annotation,43383.0,L4_CCACACTAGTGATGGC,,
deepseek,720,464,1184,0,459,,,DeepSeekBackend,deepseek-v4-flash,1784120991.4163637,stage1_annotation,annotation,51658.0,L4_TTCAATCAGGCTTCCG,,
deepseek,710,285,995,0,236,,,DeepSeekBackend,deepseek-v4-flash,1784120991.481764,stage1_annotation,annotation,67405.0,E2L1_AAGAACACATAATCGC,,
deepseek,712,282,994,0,228,,,DeepSeekBackend,deepseek-v4-flash,1784120991.8042934,stage1_annotation,annotation,68220.0,E2L1_ACTGATGTCTTCGATT,,
deepseek,713,183,896,0,129,,,DeepSeekBackend,deepseek-v4-flash,1784120991.8124588,stage1_annotation,annotation,83146.0,E2L2_CGGAATTTCGTGGACC,,
deepseek,713,231,944,0,165,,,DeepSeekBackend,deepseek-v4-flash,1784120991.8833106,stage1_annotation,annotation,80288.0,E2L2_AGGCATTAGCCTTTCC,,
deepseek,716,159,875,0,110,,,DeepSeekBackend,deepseek-v4-flash,1784120992.1361263,stage1_annotation,annotation,62837.0,L5_GTTGTAGCAAACGTGG,,
deepseek,712,207,919,0,140,,,DeepSeekBackend,deepseek-v4-flash,1784120992.7229068,stage1_annotation,annotation,151355.0,E2L8_AGCGATTAGGTACATA,,
deepseek,713,206,919,0,145,,,DeepSeekBackend,deepseek-v4-flash,1784120992.8502967,stage1_annotation,annotation,103375.0,E2L4_AGATCGTCAACAGCCC,,
deepseek,711,194,905,0,191,,,DeepSeekBackend,deepseek-v4-flash,1784120993.0654428,stage1_annotation,annotation,98355.0,E2L3_GTGTGATAGGTTCAGG,,
deepseek,711,389,1100,0,334,,,DeepSeekBackend,deepseek-v4-flash,1784120994.7514937,stage1_annotation,annotation,61460.0,L5_GGGTATTTCCCTAGGG,,
deepseek,713,501,1214,0,443,,,DeepSeekBackend,deepseek-v4-flash,1784120995.1251514,stage1_annotation,annotation,101431.0,E2L3_TTCTAGTAGAAGCGCT,,
deepseek,722,2094,2816,0,2016,,,DeepSeekBackend,deepseek-v4-flash,1784120996.8007016,stage1_annotation,annotation,148264.0,E2L7_TGATGGTTCACGGTCG,,
deepseek,711,657,1368,0,618,,,DeepSeekBackend,deepseek-v4-flash,1784121000.5146039,stage1_annotation,annotation,8720.0,L1_GGTGGCTTCTGGCTGG,,
deepseek,710,863,1573,0,810,,,DeepSeekBackend,deepseek-v4-flash,1784121001.2531512,stage1_annotation,annotation,54454.0,L5_AGCGCCAGTGGCTGCT,,
deepseek,720,672,1392,0,614,,,DeepSeekBackend,deepseek-v4-flash,1784121001.5390205,stage1_annotation,annotation,52137.0,L4_TTGTGGACACGCGTCA,,
deepseek,719,1379,2098,0,1274,,,DeepSeekBackend,deepseek-v4-flash,1784121002.8438828,stage1_annotation,annotation,55511.0,L5_ATGAGGGCAAACTCTG,,
deepseek,730,841,1571,0,774,,,DeepSeekBackend,deepseek-v4-flash,1784121002.9555905,stage1_annotation,annotation,49809.0,L4_TCCCATGCACCTGCAG,,
deepseek,721,851,1572,0,771,,,DeepSeekBackend,deepseek-v4-flash,1784121003.4051964,stage1_annotation,annotation,52228.0,L4_TTTACGTCACTGGACC,,
deepseek,709,1203,1912,0,1200,,,DeepSeekBackend,deepseek-v4-flash,1784121004.024339,stage1_annotation,annotation,107081.0,E2L4_CTGCAGGTCGGACTGC,,
deepseek,713,911,1624,0,845,,,DeepSeekBackend,deepseek-v4-flash,1784121004.0701675,stage1_annotation,annotation,38456.0,L3_TTCACGCTCAAAGGTA,,
deepseek,715,915,1630,0,868,,,DeepSeekBackend,deepseek-v4-flash,1784121006.6112435,stage1_annotation,annotation,46657.0,L4_GCGATCGGTGTTCCTC,,
deepseek,720,309,1029,0,243,,,DeepSeekBackend,deepseek-v4-flash,1784121006.6637466,stage1_annotation,annotation,15093.0,L2_ACTTATCAGGTTAGTA,,
deepseek,719,339,1058,0,276,,,DeepSeekBackend,deepseek-v4-flash,1784121007.6350238,stage1_annotation,annotation,47612.0,L4_GTAAGTCGTCGCATGC,,
deepseek,718,325,1043,0,260,,,DeepSeekBackend,deepseek-v4-flash,1784121007.7228358,stage1_annotation,annotation,56244.0,L5_CACAACATCGTGCGAC,,
deepseek,715,476,1191,0,471,,,DeepSeekBackend,deepseek-v4-flash,1784121007.9141762,stage1_annotation,annotation,28558.0,L3_AGCCAGCTCCGATAGT,,
deepseek,721,336,1057,0,276,,,DeepSeekBackend,deepseek-v4-flash,1784121008.1101534,stage1_annotation,annotation,30351.0,L3_CAGATCATCACTTATC,,
deepseek,720,1294,2014,0,1204,,,DeepSeekBackend,deepseek-v4-flash,1784121008.5374298,stage1_annotation,annotation,31678.0,L3_CGCCAGACAGCTGTCG,,
deepseek,718,489,1207,0,412,,,DeepSeekBackend,deepseek-v4-flash,1784121008.6669064,stage1_annotation,annotation,74797.0,E2L1_GTCTCACAGCTGTGCC,,
deepseek,720,1264,1984,0,1184,,,DeepSeekBackend,deepseek-v4-flash,1784121009.8530302,stage1_annotation,annotation,48054.0,L4_GTCTAGAGTATAATGG,,
deepseek,717,1565,2282,0,1499,,,DeepSeekBackend,deepseek-v4-flash,1784121010.496417,stage1_annotation,annotation,17459.0,L2_CAGCAGCTCGCTAATG,,
deepseek,711,1498,2209,0,1418,,,DeepSeekBackend,deepseek-v4-flash,1784121010.8026893,stage1_annotation,annotation,20256.0,L2_GAATCGTCAAGTATCC,,
deepseek,722,1228,1950,0,1182,,,DeepSeekBackend,deepseek-v4-flash,1784121010.806808,stage1_annotation,annotation,56779.0,L5_CATCGCTTCAAACGAA,,
deepseek,717,315,1032,0,266,,,DeepSeekBackend,deepseek-v4-flash,1784121011.978205,stage1_annotation,annotation,116590.0,E2L5_CACGTGGAGGAAAGGT,,
deepseek,723,560,1283,0,497,,,DeepSeekBackend,deepseek-v4-flash,1784121012.8455849,stage1_annotation,annotation,54594.0,L5_AGGAGGTCATCCTTCG,,
deepseek,716,210,926,0,206,,,DeepSeekBackend,deepseek-v4-flash,1784121012.9295404,stage1_annotation,annotation,127899.0,E2L6_ATCGATGAGCTAATGA,,
deepseek,725,437,1162,0,364,,,DeepSeekBackend,deepseek-v4-flash,1784121013.4762301,stage1_annotation,annotation,129612.0,E2L6_CCGAACGAGAGCCGAT,,
deepseek,714,1724,2438,0,1719,,,DeepSeekBackend,deepseek-v4-flash,1784121013.6930277,stage1_annotation,annotation,50541.0,L4_TGACCCTTCGAAGTGG,,
deepseek,719,415,1134,0,348,,,DeepSeekBackend,deepseek-v4-flash,1784121014.2975137,stage1_annotation,annotation,6356.0,L1_CTGTAGAAGACCGCCT,,
deepseek,719,292,1011,0,288,,,DeepSeekBackend,deepseek-v4-flash,1784121015.0630934,stage1_annotation,annotation,11291.0,L1_TCGAAGTCAACCTAAC,,
deepseek,718,1894,2612,0,1891,,,DeepSeekBackend,deepseek-v4-flash,1784121015.5303845,stage1_annotation,annotation,79611.0,E2L2_ACGTTCCTCCCGAGGT,,
deepseek,723,605,1328,0,601,,,DeepSeekBackend,deepseek-v4-flash,1784121015.8092575,stage1_annotation,annotation,54448.0,L5_AGCGCCACAGGTCAAG,,
deepseek,719,167,886,0,163,,,DeepSeekBackend,deepseek-v4-flash,1784121015.9203835,stage1_annotation,annotation,63636.0,L5_TATTGCTAGGGCTTCC,,
deepseek,720,238,958,0,192,,,DeepSeekBackend,deepseek-v4-flash,1784121016.0803137,stage1_annotation,annotation,84449.0,E2L2_GACCCTTAGGCACTAG,,
deepseek,724,407,1131,0,338,,,DeepSeekBackend,deepseek-v4-flash,1784121017.3677437,stage1_annotation,annotation,79136.0,E2L2_ACAAAGAAGTTCCGTA,,
deepseek,719,558,1277,0,496,,,DeepSeekBackend,deepseek-v4-flash,1784121017.752339,stage1_annotation,annotation,76907.0,E2L1_TCTTTGATCGTGGGTC,,
deepseek,716,919,1635,0,841,,,DeepSeekBackend,deepseek-v4-flash,1784121018.5733547,stage1_annotation,annotation,126684.0,E2L6_ACTGTGATCCACGGAC,,
deepseek,723,479,1202,0,414,,,DeepSeekBackend,deepseek-v4-flash,1784121018.5906274,stage1_annotation,annotation,122898.0,E2L5_TCAGTTTTCCATAAGC,,
deepseek,720,365,1085,0,276,,,DeepSeekBackend,deepseek-v4-flash,1784121019.4675262,stage1_annotation,annotation,154468.0,E2L8_CGGTCAGGTGGACTGA,,
deepseek,720,284,1004,0,211,,,DeepSeekBackend,deepseek-v4-flash,1784121019.5114706,stage1_annotation,annotation,26244.0,L2_TTCATTGTCTCCATAT,,
deepseek,720,1027,1747,0,973,,,DeepSeekBackend,deepseek-v4-flash,1784121019.8623335,stage1_annotation,annotation,152675.0,E2L8_CAACAGTCAGGATTCT,,
deepseek,713,2753,3466,0,2683,,,DeepSeekBackend,deepseek-v4-flash,1784121020.2526803,stage1_annotation,annotation,31255.0,L3_CCTACGTAGAAAGTCT,,
deepseek,714,2080,2794,0,2046,,,DeepSeekBackend,deepseek-v4-flash,1784121020.582191,stage1_annotation,annotation,22185.0,L2_GGTTAACTCGGTCACG,,
deepseek,707,1958,2665,0,1894,,,DeepSeekBackend,deepseek-v4-flash,1784121021.3138957,stage1_annotation,annotation,62151.0,L5_GTCCTCACAAGATCCT,,
deepseek,716,313,1029,0,247,,,DeepSeekBackend,deepseek-v4-flash,1784121021.537088,stage1_annotation,annotation,13495.0,L1_TTGTGTTTCTTCACGC,,
deepseek,718,341,1059,0,337,,,DeepSeekBackend,deepseek-v4-flash,1784121022.9306757,stage1_annotation,annotation,126443.0,E2L6_ACGCACGAGAGGGCGA,,
deepseek,713,1937,2650,0,1841,,,DeepSeekBackend,deepseek-v4-flash,1784121023.090881,stage1_annotation,annotation,48510.0,L4_GTTCGCTTCGTTAGAC,,
deepseek,715,1793,2508,0,1741,,,DeepSeekBackend,deepseek-v4-flash,1784121023.294511,stage1_annotation,annotation,57273.0,L5_CCCTCAAGTGCGTTTA,,
deepseek,723,336,1059,0,281,,,DeepSeekBackend,deepseek-v4-flash,1784121024.185925,stage1_annotation,annotation,113531.0,E2L5_AAAGTCCTCGACGTCG,,
deepseek,718,1516,2234,0,1419,,,DeepSeekBackend,deepseek-v4-flash,1784121024.2010365,stage1_annotation,annotation,11118.0,L1_TCCCATGAGGAATGTT,,
deepseek,726,260,986,0,188,,,DeepSeekBackend,deepseek-v4-flash,1784121024.5066547,stage1_annotation,annotation,115008.0,E2L5_AGCGCCAAGGTTATAG,,
deepseek,725,641,1366,0,548,,,DeepSeekBackend,deepseek-v4-flash,1784121024.6771562,stage1_annotation,annotation,127721.0,E2L6_ATAGAGAGTATGGAAT,,
deepseek,715,434,1149,0,373,,,DeepSeekBackend,deepseek-v4-flash,1784121024.9073546,stage1_annotation,annotation,125619.0,E2L6_AAATGGACACTCATAG,,
deepseek,725,992,1717,0,934,,,DeepSeekBackend,deepseek-v4-flash,1784121026.1250055,stage1_annotation,annotation,40896.0,L4_AGCCAGCCATACTGAC,,
deepseek,717,2807,3524,0,2695,,,DeepSeekBackend,deepseek-v4-flash,1784121027.6849663,stage1_annotation,annotation,155038.0,E2L8_CTCGAGGGTAACATGA,,
deepseek,724,930,1654,0,886,,,DeepSeekBackend,deepseek-v4-flash,1784121027.740456,stage1_annotation,annotation,108843.0,E2L4_GGCTGTGTCTGTTCAT,,
deepseek,717,596,1313,0,504,,,DeepSeekBackend,deepseek-v4-flash,1784121027.922577,stage1_annotation,annotation,71815.0,E2L1_CGTTCTGGTAACGCGA,,
deepseek,718,722,1440,0,647,,,DeepSeekBackend,deepseek-v4-flash,1784121028.5834048,stage1_annotation,annotation,149862.0,E2L8_AAAGTGACAAGTGCAG,,
deepseek,722,948,1670,0,878,,,DeepSeekBackend,deepseek-v4-flash,1784121029.4240947,stage1_annotation,annotation,76731.0,E2L1_TCGTGGGTCTCAACGA,,
deepseek,721,886,1607,0,820,,,DeepSeekBackend,deepseek-v4-flash,1784121030.152947,stage1_annotation,annotation,59182.0,L5_CTGTACCAGTGCTACT,,
deepseek,714,1124,1838,0,1121,,,DeepSeekBackend,deepseek-v4-flash,1784121030.4010313,stage1_annotation,annotation,80805.0,E2L2_ATCATTCAGGCAGGTT,,
deepseek,718,1792,2510,0,1718,,,DeepSeekBackend,deepseek-v4-flash,1784121031.269556,stage1_annotation,annotation,7747.0,L1_GCCAGCACAGCAGTTT,,
deepseek,726,901,1627,0,828,,,DeepSeekBackend,deepseek-v4-flash,1784121034.650208,stage1_annotation,annotation,117778.0,E2L5_CCTTCAGTCTGTCCGT,,
deepseek,720,841,1561,0,838,,,DeepSeekBackend,deepseek-v4-flash,1784121034.7035089,stage1_annotation,annotation,20606.0,L2_GAGGGTACAGACATCT,,
deepseek,718,497,1215,0,422,,,DeepSeekBackend,deepseek-v4-flash,1784121036.851559,stage1_annotation,annotation,122724.0,E2L5_TCACAAGTCCGCAAAT,,
deepseek,717,991,1708,0,892,,,DeepSeekBackend,deepseek-v4-flash,1784121037.0586586,stage1_annotation,annotation,58805.0,L5_CTCCCAAAGCAGATAT,,
deepseek,724,631,1355,0,562,,,DeepSeekBackend,deepseek-v4-flash,1784121037.5698225,stage1_annotation,annotation,128937.0,E2L6_CAGCGTGAGTGGAATT,,
deepseek,721,1447,2168,0,1444,,,DeepSeekBackend,deepseek-v4-flash,1784121038.1534808,stage1_annotation,annotation,2382.0,L1_AGTGACTGTATTAAGG,,
deepseek,724,2051,2775,0,2048,,,DeepSeekBackend,deepseek-v4-flash,1784121040.7541826,stage1_annotation,annotation,127869.0,E2L6_ATCCGTCCATCCGTTC,,
deepseek,718,1357,2075,0,1285,,,DeepSeekBackend,deepseek-v4-flash,1784121040.9789248,stage1_annotation,annotation,37398.0,L3_TGACAGTCATCAGCTA,,
deepseek,722,1000,1722,0,995,,,DeepSeekBackend,deepseek-v4-flash,1784121041.1427574,stage1_annotation,annotation,41918.0,L4_ATGAAAGGTGTTTACG,,
deepseek,719,1560,2279,0,1491,,,DeepSeekBackend,deepseek-v4-flash,1784121041.5543652,stage1_annotation,annotation,25458.0,L2_TGCTTCGCACGAAAGC,,
deepseek,714,343,1057,0,273,,,DeepSeekBackend,deepseek-v4-flash,1784121041.599177,stage1_annotation,annotation,6008.0,L1_CTCCATGCATCGGCCA,,
deepseek,713,553,1266,0,470,,,DeepSeekBackend,deepseek-v4-flash,1784121041.8439884,stage1_annotation,annotation,20303.0,L2_GACATCAGTCACCGCA,,
deepseek,713,1080,1793,0,984,,,DeepSeekBackend,deepseek-v4-flash,1784121042.630678,stage1_annotation,annotation,2467.0,L1_AGTTCCCAGCAGCCTC,,
deepseek,714,1550,2264,0,1545,,,DeepSeekBackend,deepseek-v4-flash,1784121043.2126644,stage1_annotation,annotation,15077.0,L2_ACTGTGAGTGATACTC,,
deepseek,724,1683,2407,0,1680,,,DeepSeekBackend,deepseek-v4-flash,1784121043.3053749,stage1_annotation,annotation,2582.0,L1_ATATCCTCATGCCATA,,
deepseek,712,441,1153,0,385,,,DeepSeekBackend,deepseek-v4-flash,1784121043.5387442,stage1_annotation,annotation,141081.0,E2L7_CAGCACGGTACTGACT,,
deepseek,721,499,1220,0,454,,,DeepSeekBackend,deepseek-v4-flash,1784121043.9878883,stage1_annotation,annotation,65735.0,L5_TGTAACGAGATGGGCT,,
deepseek,720,1194,1914,0,1189,,,DeepSeekBackend,deepseek-v4-flash,1784121044.1377017,stage1_annotation,annotation,11341.0,L1_TCGCACTAGCAATTCC,,
deepseek,723,287,1010,0,242,,,DeepSeekBackend,deepseek-v4-flash,1784121044.598136,stage1_annotation,annotation,127818.0,E2L6_ATCATTCGTGGTCTCG,,
deepseek,722,2060,2782,0,1969,,,DeepSeekBackend,deepseek-v4-flash,1784121044.9500315,stage1_annotation,annotation,159767.0,E2L8_TCGGGTGAGCATTGTC,,
deepseek,712,1305,2017,0,1256,,,DeepSeekBackend,deepseek-v4-flash,1784121045.5703492,stage1_annotation,annotation,91936.0,E2L3_AGACTCAAGAATAGTC,,
deepseek,716,1413,2129,0,1408,,,DeepSeekBackend,deepseek-v4-flash,1784121045.6134648,stage1_annotation,annotation,26150.0,L2_TTAGTCTTCTGGCCAG,,
deepseek,721,395,1116,0,327,,,DeepSeekBackend,deepseek-v4-flash,1784121046.2407923,stage1_annotation,annotation,119270.0,E2L5_GAAGTAACATGACTAC,,
deepseek,721,2079,2800,0,2013,,,DeepSeekBackend,deepseek-v4-flash,1784121047.291302,stage1_annotation,annotation,136562.0,E2L6_TGGGTTATCAATCAGC,,
deepseek,722,448,1170,0,375,,,DeepSeekBackend,deepseek-v4-flash,1784121048.341245,stage1_annotation,annotation,98994.0,E2L3_TAGATCGGTTGACGGA,,
deepseek,718,556,1274,0,493,,,DeepSeekBackend,deepseek-v4-flash,1784121048.4323328,stage1_annotation,annotation,108773.0,E2L4_GGAGGTATCGAGCCAC,,
deepseek,723,378,1101,0,320,,,DeepSeekBackend,deepseek-v4-flash,1784121048.7996752,stage1_annotation,annotation,152972.0,E2L8_CACTAAGCAATTGTGC,,
deepseek,717,869,1586,0,811,,,DeepSeekBackend,deepseek-v4-flash,1784121048.9095173,stage1_annotation,annotation,77296.0,E2L1_TGCTTCGAGATCCAAA,,
deepseek,727,649,1376,0,584,,,DeepSeekBackend,deepseek-v4-flash,1784121049.1534886,stage1_annotation,annotation,116360.0,E2L5_CAACGGCCAAATGAGT,,
deepseek,720,330,1050,0,238,,,DeepSeekBackend,deepseek-v4-flash,1784121049.8711922,stage1_annotation,annotation,129143.0,E2L6_CATCGGGTCCTTGAAG,,
deepseek,718,571,1289,0,517,,,DeepSeekBackend,deepseek-v4-flash,1784121050.5253475,stage1_annotation,annotation,125756.0,E2L6_AACGAAACAGTCTGGC,,
deepseek,716,805,1521,0,718,,,DeepSeekBackend,deepseek-v4-flash,1784121050.5414786,stage1_annotation,annotation,93252.0,E2L3_ATTGGGTCATATGGCT,,
deepseek,714,526,1240,0,456,,,DeepSeekBackend,deepseek-v4-flash,1784121050.6385539,stage1_annotation,annotation,145011.0,E2L7_GGCTTTCCAAAGAGTT,,
deepseek,727,629,1356,0,573,,,DeepSeekBackend,deepseek-v4-flash,1784121051.4698112,stage1_annotation,annotation,72587.0,E2L1_CTTTCGGTCCATGCAA,,
deepseek,718,641,1359,0,638,,,DeepSeekBackend,deepseek-v4-flash,1784121051.948537,stage1_annotation,annotation,12021.0,L1_TGATTCTAGAGAGTGA,,
deepseek,716,314,1030,0,257,,,DeepSeekBackend,deepseek-v4-flash,1784121053.120399,stage1_annotation,annotation,38153.0,L3_TGTGGCGAGATGAATC,,
deepseek,709,2411,3120,0,2340,,,DeepSeekBackend,deepseek-v4-flash,1784121053.164608,stage1_annotation,annotation,31210.0,L3_CCGTGAGAGTTCCTGA,,
deepseek,714,838,1552,0,787,,,DeepSeekBackend,deepseek-v4-flash,1784121054.03264,stage1_annotation,annotation,132372.0,E2L6_GCATTAGAGGTAAGGA,,
deepseek,718,382,1100,0,303,,,DeepSeekBackend,deepseek-v4-flash,1784121054.068317,stage1_annotation,annotation,108383.0,E2L4_GCCAGTGTCGGCATTA,,
deepseek,718,553,1271,0,550,,,DeepSeekBackend,deepseek-v4-flash,1784121054.0727067,stage1_annotation,annotation,73366.0,E2L1_GCACGGTCAAGGAGTC,,
deepseek,715,903,1618,0,815,,,DeepSeekBackend,deepseek-v4-flash,1784121054.2633739,stage1_annotation,annotation,76846.0,E2L1_TCTGCCATCAGGTGTT,,
deepseek,717,715,1432,0,644,,,DeepSeekBackend,deepseek-v4-flash,1784121054.5488043,stage1_annotation,annotation,123670.0,E2L5_TCTGCCAGTGTAAACA,,
deepseek,713,472,1185,0,391,,,DeepSeekBackend,deepseek-v4-flash,1784121054.569136,stage1_annotation,annotation,110377.0,E2L4_TACCCACTCGCGGTAC,,
deepseek,719,643,1362,0,552,,,DeepSeekBackend,deepseek-v4-flash,1784121056.1065192,stage1_annotation,annotation,108715.0,E2L4_GGACGTCTCTGACCCT,,
deepseek,716,457,1173,0,359,,,DeepSeekBackend,deepseek-v4-flash,1784121056.1292994,stage1_annotation,annotation,104739.0,E2L4_CAACGATGTATAGGAT,,
deepseek,717,418,1135,0,347,,,DeepSeekBackend,deepseek-v4-flash,1784121056.202508,stage1_annotation,annotation,73970.0,E2L1_GGCAGTCTCCCTCTTT,,
deepseek,720,597,1317,0,594,,,DeepSeekBackend,deepseek-v4-flash,1784121057.1796238,stage1_annotation,annotation,1985.0,L1_AGGAGGTTCCACTGGG,,
deepseek,710,541,1251,0,500,,,DeepSeekBackend,deepseek-v4-flash,1784121057.2612076,stage1_annotation,annotation,73283.0,E2L1_GATTCGATCCTTCTAA,,
deepseek,717,478,1195,0,424,,,DeepSeekBackend,deepseek-v4-flash,1784121058.219465,stage1_annotation,annotation,88572.0,E2L2_TCGTAGAAGATACATG,,
deepseek,719,768,1487,0,709,,,DeepSeekBackend,deepseek-v4-flash,1784121058.6170328,stage1_annotation,annotation,47323.0,L4_GGGTCACTCAAGTGTC,,
deepseek,717,449,1166,0,382,,,DeepSeekBackend,deepseek-v4-flash,1784121059.2461193,stage1_annotation,annotation,44248.0,L4_CGCGTGATCAAACGAA,,
deepseek,714,523,1237,0,446,,,DeepSeekBackend,deepseek-v4-flash,1784121059.3422062,stage1_annotation,annotation,120147.0,E2L5_GCCAGTGTCACCTGTC,,
deepseek,717,461,1178,0,380,,,DeepSeekBackend,deepseek-v4-flash,1784121059.841074,stage1_annotation,annotation,76864.0,E2L1_TCTGTCGTCAGTGGGA,,
deepseek,711,1037,1748,0,946,,,DeepSeekBackend,deepseek-v4-flash,1784121060.4134612,stage1_annotation,annotation,111086.0,E2L4_TCATGCCGTGGTCTAT,,
deepseek,710,563,1273,0,560,,,DeepSeekBackend,deepseek-v4-flash,1784121060.6744685,stage1_annotation,annotation,1707.0,L1_AGATCCACATCATGAC,,
deepseek,714,1167,1881,0,1085,,,DeepSeekBackend,deepseek-v4-flash,1784121060.6884298,stage1_annotation,annotation,99875.0,E2L3_TCGAAGTCATGGCCCA,,
deepseek,713,728,1441,0,682,,,DeepSeekBackend,deepseek-v4-flash,1784121061.7211246,stage1_annotation,annotation,149440.0,E2L7_TTGCTGCCATACCACA,,
deepseek,718,750,1468,0,690,,,DeepSeekBackend,deepseek-v4-flash,1784121061.7956882,stage1_annotation,annotation,5907.0,L1_CTCAGGGTCGAAGGAC,,
deepseek,716,1602,2318,0,1516,,,DeepSeekBackend,deepseek-v4-flash,1784121062.9554207,stage1_annotation,annotation,139675.0,E2L7_AGTACCAAGCGTATAA,,
deepseek,719,756,1475,0,669,,,DeepSeekBackend,deepseek-v4-flash,1784121063.9949205,stage1_annotation,annotation,66932.0,L5_TTTCACAGTCCTGGGT,,
deepseek,708,1060,1768,0,1003,,,DeepSeekBackend,deepseek-v4-flash,1784121066.9408865,stage1_annotation,annotation,85210.0,E2L2_GCCATTCAGCAAGCCA,,
deepseek,713,1778,2491,0,1775,,,DeepSeekBackend,deepseek-v4-flash,1784121070.7108045,stage1_annotation,annotation,81336.0,E2L2_ATTGTTCTCAGAATAG,,
deepseek,722,3495,4217,0,3394,,,DeepSeekBackend,deepseek-v4-flash,1784121075.374871,stage1_annotation,annotation,123003.0,E2L5_TCATGTTCAATCTCTT,,
deepseek,708,3389,4097,0,3314,,,DeepSeekBackend,deepseek-v4-flash,1784121075.6301537,stage1_annotation,annotation,42194.0,L4_ATTCAGGCACAGTACT,,
deepseek,60,34,94,0,32,,,DeepSeekBackend,deepseek-v4-flash,1784121076.6887126,llm_judge_binary,evaluation,,,19.0,19.0
deepseek,60,37,97,0,35,,,DeepSeekBackend,deepseek-v4-flash,1784121076.7445667,llm_judge_binary,evaluation,,,18.0,18.0
deepseek,60,72,132,0,70,,,DeepSeekBackend,deepseek-v4-flash,1784121077.0289369,llm_judge_binary,evaluation,,,2.0,2.0
deepseek,60,72,132,0,70,,,DeepSeekBackend,deepseek-v4-flash,1784121077.0479724,llm_judge_binary,evaluation,,,8.0,8.0
deepseek,60,80,140,0,78,,,DeepSeekBackend,deepseek-v4-flash,1784121077.0578048,llm_judge_binary,evaluation,,,4.0,4.0
deepseek,60,72,132,0,70,,,DeepSeekBackend,deepseek-v4-flash,1784121077.0916212,llm_judge_binary,evaluation,,,0.0,0.0
deepseek,60,67,127,0,65,,,DeepSeekBackend,deepseek-v4-flash,1784121077.0986855,llm_judge_binary,evaluation,,,17.0,17.0
deepseek,60,77,137,0,75,,,DeepSeekBackend,deepseek-v4-flash,1784121077.1120389,llm_judge_binary,evaluation,,,5.0,5.0
deepseek,60,85,145,0,83,,,DeepSeekBackend,deepseek-v4-flash,1784121077.1242073,llm_judge_binary,evaluation,,,15.0,15.0
deepseek,60,78,138,0,76,,,DeepSeekBackend,deepseek-v4-flash,1784121077.140543,llm_judge_binary,evaluation,,,14.0,14.0
deepseek,60,84,144,0,82,,,DeepSeekBackend,deepseek-v4-flash,1784121077.179905,llm_judge_binary,evaluation,,,3.0,3.0
deepseek,60,91,151,0,89,,,DeepSeekBackend,deepseek-v4-flash,1784121077.1931627,llm_judge_binary,evaluation,,,1.0,1.0
deepseek,60,83,143,0,81,,,DeepSeekBackend,deepseek-v4-flash,1784121077.1999211,llm_judge_binary,evaluation,,,10.0,10.0
deepseek,60,79,139,0,77,,,DeepSeekBackend,deepseek-v4-flash,1784121077.2428195,llm_judge_binary,evaluation,,,9.0,9.0
deepseek,60,84,144,0,82,,,DeepSeekBackend,deepseek-v4-flash,1784121077.327594,llm_judge_binary,evaluation,,,7.0,7.0
deepseek,60,99,159,0,97,,,DeepSeekBackend,deepseek-v4-flash,1784121077.5915616,llm_judge_binary,evaluation,,,16.0,16.0
deepseek,60,94,154,0,92,,,DeepSeekBackend,deepseek-v4-flash,1784121077.5985272,llm_judge_binary,evaluation,,,11.0,11.0
deepseek,60,104,164,0,102,,,DeepSeekBackend,deepseek-v4-flash,1784121077.6043057,llm_judge_binary,evaluation,,,6.0,6.0
deepseek,60,59,119,0,57,,,DeepSeekBackend,deepseek-v4-flash,1784121077.8723376,llm_judge_binary,evaluation,,,21.0,21.0
deepseek,60,53,113,0,51,,,DeepSeekBackend,deepseek-v4-flash,1784121078.1727693,llm_judge_binary,evaluation,,,27.0,27.0
deepseek,60,158,218,0,156,,,DeepSeekBackend,deepseek-v4-flash,1784121078.1826315,llm_judge_binary,evaluation,,,13.0,13.0
deepseek,60,82,142,0,80,,,DeepSeekBackend,deepseek-v4-flash,1784121078.2159975,llm_judge_binary,evaluation,,,20.0,20.0
deepseek,60,60,120,0,58,,,DeepSeekBackend,deepseek-v4-flash,1784121078.2402902,llm_judge_binary,evaluation,,,25.0,25.0
deepseek,60,84,144,0,82,,,DeepSeekBackend,deepseek-v4-flash,1784121078.3061244,llm_judge_binary,evaluation,,,22.0,22.0
deepseek,60,63,123,0,61,,,DeepSeekBackend,deepseek-v4-flash,1784121078.3428671,llm_judge_binary,evaluation,,,28.0,28.0
deepseek,60,64,124,0,62,,,DeepSeekBackend,deepseek-v4-flash,1784121078.3563902,llm_judge_binary,evaluation,,,23.0,23.0
deepseek,60,171,231,0,169,,,DeepSeekBackend,deepseek-v4-flash,1784121078.3753953,llm_judge_binary,evaluation,,,12.0,12.0
deepseek,60,75,135,0,73,,,DeepSeekBackend,deepseek-v4-flash,1784121078.5160034,llm_judge_binary,evaluation,,,24.0,24.0
deepseek,60,75,135,0,73,,,DeepSeekBackend,deepseek-v4-flash,1784121078.5949085,llm_judge_binary,evaluation,,,32.0,32.0
deepseek,60,63,123,0,61,,,DeepSeekBackend,deepseek-v4-flash,1784121078.690492,llm_judge_binary,evaluation,,,30.0,30.0
deepseek,60,62,122,0,60,,,DeepSeekBackend,deepseek-v4-flash,1784121078.7269933,llm_judge_binary,evaluation,,,34.0,34.0
deepseek,60,86,146,0,84,,,DeepSeekBackend,deepseek-v4-flash,1784121078.8212283,llm_judge_binary,evaluation,,,33.0,33.0
deepseek,60,101,161,0,99,,,DeepSeekBackend,deepseek-v4-flash,1784121078.834001,llm_judge_binary,evaluation,,,26.0,26.0
deepseek,60,82,142,0,80,,,DeepSeekBackend,deepseek-v4-flash,1784121078.8903484,llm_judge_binary,evaluation,,,36.0,36.0
deepseek,60,110,170,0,108,,,DeepSeekBackend,deepseek-v4-flash,1784121078.8970199,llm_judge_binary,evaluation,,,31.0,31.0
deepseek,60,86,146,0,84,,,DeepSeekBackend,deepseek-v4-flash,1784121078.9936042,llm_judge_binary,evaluation,,,37.0,37.0
deepseek,60,93,153,0,91,,,DeepSeekBackend,deepseek-v4-flash,1784121079.0905905,llm_judge_binary,evaluation,,,35.0,35.0
deepseek,60,41,101,0,39,,,DeepSeekBackend,deepseek-v4-flash,1784121079.1552327,llm_judge_binary,evaluation,,,42.0,42.0
deepseek,60,38,98,0,36,,,DeepSeekBackend,deepseek-v4-flash,1784121079.2247508,llm_judge_binary,evaluation,,,46.0,46.0
deepseek,60,41,101,0,39,,,DeepSeekBackend,deepseek-v4-flash,1784121079.2332137,llm_judge_binary,evaluation,,,43.0,43.0
deepseek,60,52,112,0,50,,,DeepSeekBackend,deepseek-v4-flash,1784121079.272681,llm_judge_binary,evaluation,,,41.0,41.0
deepseek,60,49,109,0,47,,,DeepSeekBackend,deepseek-v4-flash,1784121079.3479116,llm_judge_binary,evaluation,,,40.0,40.0
deepseek,60,92,152,0,90,,,DeepSeekBackend,deepseek-v4-flash,1784121079.370747,llm_judge_binary,evaluation,,,38.0,38.0
deepseek,60,47,107,0,45,,,DeepSeekBackend,deepseek-v4-flash,1784121079.4178526,llm_judge_binary,evaluation,,,45.0,45.0
deepseek,60,41,101,0,39,,,DeepSeekBackend,deepseek-v4-flash,1784121079.4300082,llm_judge_binary,evaluation,,,44.0,44.0
deepseek,60,39,99,0,37,,,DeepSeekBackend,deepseek-v4-flash,1784121079.53069,llm_judge_binary,evaluation,,,47.0,47.0
deepseek,60,37,97,0,35,,,DeepSeekBackend,deepseek-v4-flash,1784121079.5416353,llm_judge_binary,evaluation,,,49.0,49.0
deepseek,60,36,96,0,34,,,DeepSeekBackend,deepseek-v4-flash,1784121079.6398218,llm_judge_binary,evaluation,,,52.0,52.0
deepseek,60,33,93,0,31,,,DeepSeekBackend,deepseek-v4-flash,1784121079.6933274,llm_judge_binary,evaluation,,,51.0,51.0
deepseek,60,49,109,0,47,,,DeepSeekBackend,deepseek-v4-flash,1784121079.7149076,llm_judge_binary,evaluation,,,48.0,48.0
deepseek,60,37,97,0,35,,,DeepSeekBackend,deepseek-v4-flash,1784121079.7340016,llm_judge_binary,evaluation,,,54.0,54.0
deepseek,60,44,104,0,42,,,DeepSeekBackend,deepseek-v4-flash,1784121079.7804968,llm_judge_binary,evaluation,,,53.0,53.0
deepseek,60,37,97,0,35,,,DeepSeekBackend,deepseek-v4-flash,1784121079.8187838,llm_judge_binary,evaluation,,,55.0,55.0
deepseek,60,36,96,0,34,,,DeepSeekBackend,deepseek-v4-flash,1784121079.8397963,llm_judge_binary,evaluation,,,50.0,50.0
deepseek,60,187,247,0,185,,,DeepSeekBackend,deepseek-v4-flash,1784121079.8461704,llm_judge_binary,evaluation,,,29.0,29.0
deepseek,60,98,158,0,96,,,DeepSeekBackend,deepseek-v4-flash,1784121079.8766165,llm_judge_binary,evaluation,,,39.0,39.0
deepseek,60,38,98,0,36,,,DeepSeekBackend,deepseek-v4-flash,1784121080.0962331,llm_judge_binary,evaluation,,,57.0,57.0
deepseek,60,44,104,0,42,,,DeepSeekBackend,deepseek-v4-flash,1784121080.1200457,llm_judge_binary,evaluation,,,59.0,59.0
deepseek,60,33,93,0,31,,,DeepSeekBackend,deepseek-v4-flash,1784121080.1545694,llm_judge_binary,evaluation,,,60.0,60.0
deepseek,60,43,103,0,41,,,DeepSeekBackend,deepseek-v4-flash,1784121080.164244,llm_judge_binary,evaluation,,,58.0,58.0
deepseek,60,32,92,0,30,,,DeepSeekBackend,deepseek-v4-flash,1784121080.1870298,llm_judge_binary,evaluation,,,61.0,61.0
deepseek,60,59,119,0,57,,,DeepSeekBackend,deepseek-v4-flash,1784121080.2317443,llm_judge_binary,evaluation,,,56.0,56.0
deepseek,60,38,98,0,36,,,DeepSeekBackend,deepseek-v4-flash,1784121080.3037581,llm_judge_binary,evaluation,,,64.0,64.0
deepseek,60,33,93,0,31,,,DeepSeekBackend,deepseek-v4-flash,1784121080.3905857,llm_judge_binary,evaluation,,,65.0,65.0
deepseek,60,43,103,0,41,,,DeepSeekBackend,deepseek-v4-flash,1784121080.4495027,llm_judge_binary,evaluation,,,62.0,62.0
deepseek,60,37,97,0,35,,,DeepSeekBackend,deepseek-v4-flash,1784121080.545787,llm_judge_binary,evaluation,,,63.0,63.0
deepseek,60,50,110,0,48,,,DeepSeekBackend,deepseek-v4-flash,1784121080.5517447,llm_judge_binary,evaluation,,,66.0,66.0
deepseek,60,37,97,0,35,,,DeepSeekBackend,deepseek-v4-flash,1784121080.6713247,llm_judge_binary,evaluation,,,71.0,71.0
deepseek,60,38,98,0,36,,,DeepSeekBackend,deepseek-v4-flash,1784121080.6797044,llm_judge_binary,evaluation,,,67.0,67.0
deepseek,60,37,97,0,35,,,DeepSeekBackend,deepseek-v4-flash,1784121080.6863234,llm_judge_binary,evaluation,,,70.0,70.0
deepseek,60,42,102,0,40,,,DeepSeekBackend,deepseek-v4-flash,1784121080.7919378,llm_judge_binary,evaluation,,,69.0,69.0
deepseek,60,42,102,0,40,,,DeepSeekBackend,deepseek-v4-flash,1784121080.840402,llm_judge_binary,evaluation,,,72.0,72.0
deepseek,60,40,100,0,38,,,DeepSeekBackend,deepseek-v4-flash,1784121080.8861015,llm_judge_binary,evaluation,,,68.0,68.0
deepseek,60,36,96,0,34,,,DeepSeekBackend,deepseek-v4-flash,1784121080.9298053,llm_judge_binary,evaluation,,,75.0,75.0
deepseek,60,37,97,0,35,,,DeepSeekBackend,deepseek-v4-flash,1784121080.9396877,llm_judge_binary,evaluation,,,74.0,74.0
deepseek,60,47,107,0,45,,,DeepSeekBackend,deepseek-v4-flash,1784121081.022796,llm_judge_binary,evaluation,,,73.0,73.0
deepseek,60,40,100,0,38,,,DeepSeekBackend,deepseek-v4-flash,1784121081.0291958,llm_judge_binary,evaluation,,,77.0,77.0
deepseek,62,44,106,0,42,,,DeepSeekBackend,deepseek-v4-flash,1784121081.0776353,llm_judge_binary,evaluation,,,81.0,81.0
deepseek,60,40,100,0,38,,,DeepSeekBackend,deepseek-v4-flash,1784121081.1029198,llm_judge_binary,evaluation,,,79.0,79.0
deepseek,62,39,101,0,37,,,DeepSeekBackend,deepseek-v4-flash,1784121081.1222472,llm_judge_binary,evaluation,,,80.0,80.0
deepseek,60,43,103,0,41,,,DeepSeekBackend,deepseek-v4-flash,1784121081.172189,llm_judge_binary,evaluation,,,78.0,78.0
deepseek,60,43,103,0,41,,,DeepSeekBackend,deepseek-v4-flash,1784121081.2645085,llm_judge_binary,evaluation,,,76.0,76.0
deepseek,62,47,109,0,45,,,DeepSeekBackend,deepseek-v4-flash,1784121081.2869036,llm_judge_binary,evaluation,,,83.0,83.0
deepseek,62,42,104,0,40,,,DeepSeekBackend,deepseek-v4-flash,1784121081.3042316,llm_judge_binary,evaluation,,,82.0,82.0
deepseek,62,43,105,0,41,,,DeepSeekBackend,deepseek-v4-flash,1784121081.4097943,llm_judge_binary,evaluation,,,85.0,85.0
deepseek,62,48,110,0,46,,,DeepSeekBackend,deepseek-v4-flash,1784121081.4991424,llm_judge_binary,evaluation,,,86.0,86.0
deepseek,62,39,101,0,37,,,DeepSeekBackend,deepseek-v4-flash,1784121081.5865805,llm_judge_binary,evaluation,,,84.0,84.0
deepseek,62,47,109,0,45,,,DeepSeekBackend,deepseek-v4-flash,1784121081.6913123,llm_judge_binary,evaluation,,,88.0,88.0
deepseek,62,31,93,0,29,,,DeepSeekBackend,deepseek-v4-flash,1784121081.7280264,llm_judge_binary,evaluation,,,90.0,90.0
deepseek,62,31,93,0,29,,,DeepSeekBackend,deepseek-v4-flash,1784121081.8424277,llm_judge_binary,evaluation,,,92.0,92.0
deepseek,62,49,111,0,47,,,DeepSeekBackend,deepseek-v4-flash,1784121081.8831196,llm_judge_binary,evaluation,,,93.0,93.0
deepseek,62,46,108,0,44,,,DeepSeekBackend,deepseek-v4-flash,1784121081.9501135,llm_judge_binary,evaluation,,,89.0,89.0
deepseek,62,45,107,0,43,,,DeepSeekBackend,deepseek-v4-flash,1784121081.9588227,llm_judge_binary,evaluation,,,87.0,87.0
deepseek,62,37,99,0,35,,,DeepSeekBackend,deepseek-v4-flash,1784121081.9752805,llm_judge_binary,evaluation,,,95.0,95.0
deepseek,62,45,107,0,43,,,DeepSeekBackend,deepseek-v4-flash,1784121081.992773,llm_judge_binary,evaluation,,,91.0,91.0
deepseek,62,54,116,0,52,,,DeepSeekBackend,deepseek-v4-flash,1784121082.0276165,llm_judge_binary,evaluation,,,96.0,96.0
deepseek,62,39,101,0,37,,,DeepSeekBackend,deepseek-v4-flash,1784121082.0977144,llm_judge_binary,evaluation,,,98.0,98.0
deepseek,62,45,107,0,43,,,DeepSeekBackend,deepseek-v4-flash,1784121082.1229215,llm_judge_binary,evaluation,,,99.0,99.0
deepseek,62,31,93,0,29,,,DeepSeekBackend,deepseek-v4-flash,1784121082.15652,llm_judge_binary,evaluation,,,97.0,97.0
deepseek,61,69,130,0,67,,,DeepSeekBackend,deepseek-v4-flash,1784121082.338588,llm_judge_binary,evaluation,,,100.0,100.0
deepseek,61,88,149,0,86,,,DeepSeekBackend,deepseek-v4-flash,1784121082.3839014,llm_judge_binary,evaluation,,,94.0,94.0
deepseek,61,48,109,0,46,,,DeepSeekBackend,deepseek-v4-flash,1784121082.4078681,llm_judge_binary,evaluation,,,104.0,104.0
deepseek,61,65,126,0,63,,,DeepSeekBackend,deepseek-v4-flash,1784121082.543226,llm_judge_binary,evaluation,,,101.0,101.0
deepseek,61,58,119,0,56,,,DeepSeekBackend,deepseek-v4-flash,1784121082.576419,llm_judge_binary,evaluation,,,102.0,102.0
deepseek,61,53,114,0,51,,,DeepSeekBackend,deepseek-v4-flash,1784121082.6829598,llm_judge_binary,evaluation,,,103.0,103.0
deepseek,62,46,108,0,44,,,DeepSeekBackend,deepseek-v4-flash,1784121082.706562,llm_judge_binary,evaluation,,,107.0,107.0
deepseek,61,54,115,0,52,,,DeepSeekBackend,deepseek-v4-flash,1784121082.713113,llm_judge_binary,evaluation,,,106.0,106.0
deepseek,61,47,108,0,45,,,DeepSeekBackend,deepseek-v4-flash,1784121082.7212238,llm_judge_binary,evaluation,,,108.0,108.0
deepseek,62,49,111,0,47,,,DeepSeekBackend,deepseek-v4-flash,1784121082.743876,llm_judge_binary,evaluation,,,105.0,105.0
deepseek,61,47,108,0,45,,,DeepSeekBackend,deepseek-v4-flash,1784121082.8457205,llm_judge_binary,evaluation,,,110.0,110.0
deepseek,61,54,115,0,52,,,DeepSeekBackend,deepseek-v4-flash,1784121082.8903148,llm_judge_binary,evaluation,,,109.0,109.0
deepseek,62,34,96,0,32,,,DeepSeekBackend,deepseek-v4-flash,1784121083.0020084,llm_judge_binary,evaluation,,,118.0,118.0
deepseek,62,39,101,0,37,,,DeepSeekBackend,deepseek-v4-flash,1784121083.1160007,llm_judge_binary,evaluation,,,111.0,111.0
deepseek,62,40,102,0,38,,,DeepSeekBackend,deepseek-v4-flash,1784121083.1211653,llm_judge_binary,evaluation,,,112.0,112.0
deepseek,61,69,130,0,67,,,DeepSeekBackend,deepseek-v4-flash,1784121083.2526352,llm_judge_binary,evaluation,,,115.0,115.0
deepseek,61,48,109,0,46,,,DeepSeekBackend,deepseek-v4-flash,1784121083.2841582,llm_judge_binary,evaluation,,,113.0,113.0
deepseek,61,61,122,0,59,,,DeepSeekBackend,deepseek-v4-flash,1784121083.3171897,llm_judge_binary,evaluation,,,116.0,116.0
deepseek,64,46,110,0,44,,,DeepSeekBackend,deepseek-v4-flash,1784121083.5006201,llm_judge_binary,evaluation,,,122.0,122.0
deepseek,61,83,144,0,81,,,DeepSeekBackend,deepseek-v4-flash,1784121083.5576365,llm_judge_binary,evaluation,,,117.0,117.0
deepseek,64,41,105,0,39,,,DeepSeekBackend,deepseek-v4-flash,1784121083.564518,llm_judge_binary,evaluation,,,123.0,123.0
deepseek,64,52,116,0,50,,,DeepSeekBackend,deepseek-v4-flash,1784121083.6566985,llm_judge_binary,evaluation,,,125.0,125.0
deepseek,64,35,99,0,33,,,DeepSeekBackend,deepseek-v4-flash,1784121083.6828926,llm_judge_binary,evaluation,,,129.0,129.0
deepseek,61,81,142,0,79,,,DeepSeekBackend,deepseek-v4-flash,1784121083.7479393,llm_judge_binary,evaluation,,,114.0,114.0
deepseek,62,53,115,0,51,,,DeepSeekBackend,deepseek-v4-flash,1784121083.8024602,llm_judge_binary,evaluation,,,128.0,128.0
deepseek,63,116,179,0,114,,,DeepSeekBackend,deepseek-v4-flash,1784121083.924,llm_judge_binary,evaluation,,,120.0,120.0
deepseek,61,78,139,0,76,,,DeepSeekBackend,deepseek-v4-flash,1784121083.9319751,llm_judge_binary,evaluation,,,119.0,119.0
deepseek,62,82,144,0,80,,,DeepSeekBackend,deepseek-v4-flash,1784121083.9683578,llm_judge_binary,evaluation,,,126.0,126.0
deepseek,63,90,153,0,88,,,DeepSeekBackend,deepseek-v4-flash,1784121084.1560903,llm_judge_binary,evaluation,,,127.0,127.0
deepseek,64,45,109,0,43,,,DeepSeekBackend,deepseek-v4-flash,1784121084.1859548,llm_judge_binary,evaluation,,,133.0,133.0
deepseek,62,107,169,0,105,,,DeepSeekBackend,deepseek-v4-flash,1784121084.2451336,llm_judge_binary,evaluation,,,121.0,121.0
deepseek,62,58,120,0,56,,,DeepSeekBackend,deepseek-v4-flash,1784121084.2766154,llm_judge_binary,evaluation,,,132.0,132.0
deepseek,64,46,110,0,44,,,DeepSeekBackend,deepseek-v4-flash,1784121084.2837846,llm_judge_binary,evaluation,,,136.0,136.0
deepseek,63,92,155,0,90,,,DeepSeekBackend,deepseek-v4-flash,1784121084.304552,llm_judge_binary,evaluation,,,131.0,131.0
deepseek,63,72,135,0,70,,,DeepSeekBackend,deepseek-v4-flash,1784121084.3494945,llm_judge_binary,evaluation,,,135.0,135.0
deepseek,61,91,152,0,89,,,DeepSeekBackend,deepseek-v4-flash,1784121084.460977,llm_judge_binary,evaluation,,,130.0,130.0
deepseek,64,40,104,0,38,,,DeepSeekBackend,deepseek-v4-flash,1784121084.473587,llm_judge_binary,evaluation,,,139.0,139.0
deepseek,63,134,197,0,132,,,DeepSeekBackend,deepseek-v4-flash,1784121084.6031134,llm_judge_binary,evaluation,,,124.0,124.0
deepseek,64,50,114,0,48,,,DeepSeekBackend,deepseek-v4-flash,1784121084.6509311,llm_judge_binary,evaluation,,,138.0,138.0
deepseek,64,41,105,0,39,,,DeepSeekBackend,deepseek-v4-flash,1784121084.657923,llm_judge_binary,evaluation,,,140.0,140.0
deepseek,64,51,115,0,49,,,DeepSeekBackend,deepseek-v4-flash,1784121084.7355707,llm_judge_binary,evaluation,,,141.0,141.0
deepseek,64,57,121,0,55,,,DeepSeekBackend,deepseek-v4-flash,1784121084.742551,llm_judge_binary,evaluation,,,143.0,143.0
deepseek,62,90,152,0,88,,,DeepSeekBackend,deepseek-v4-flash,1784121084.7779572,llm_judge_binary,evaluation,,,134.0,134.0
deepseek,64,46,110,0,44,,,DeepSeekBackend,deepseek-v4-flash,1784121084.8158739,llm_judge_binary,evaluation,,,142.0,142.0
deepseek,64,34,98,0,32,,,DeepSeekBackend,deepseek-v4-flash,1784121084.933378,llm_judge_binary,evaluation,,,145.0,145.0
deepseek,64,48,112,0,46,,,DeepSeekBackend,deepseek-v4-flash,1784121085.0094528,llm_judge_binary,evaluation,,,144.0,144.0
deepseek,64,48,112,0,46,,,DeepSeekBackend,deepseek-v4-flash,1784121085.0618246,llm_judge_binary,evaluation,,,147.0,147.0
deepseek,64,39,103,0,37,,,DeepSeekBackend,deepseek-v4-flash,1784121085.167043,llm_judge_binary,evaluation,,,153.0,153.0
deepseek,64,49,113,0,47,,,DeepSeekBackend,deepseek-v4-flash,1784121085.273108,llm_judge_binary,evaluation,,,150.0,150.0
deepseek,64,41,105,0,39,,,DeepSeekBackend,deepseek-v4-flash,1784121085.2972615,llm_judge_binary,evaluation,,,154.0,154.0
deepseek,64,36,100,0,34,,,DeepSeekBackend,deepseek-v4-flash,1784121085.3080344,llm_judge_binary,evaluation,,,148.0,148.0
deepseek,62,65,127,0,63,,,DeepSeekBackend,deepseek-v4-flash,1784121085.3454773,llm_judge_binary,evaluation,,,152.0,152.0
deepseek,64,87,151,0,85,,,DeepSeekBackend,deepseek-v4-flash,1784121085.3525095,llm_judge_binary,evaluation,,,146.0,146.0
deepseek,64,53,117,0,51,,,DeepSeekBackend,deepseek-v4-flash,1784121085.3988535,llm_judge_binary,evaluation,,,155.0,155.0
deepseek,62,55,117,0,53,,,DeepSeekBackend,deepseek-v4-flash,1784121085.407358,llm_judge_binary,evaluation,,,149.0,149.0
deepseek,62,77,139,0,75,,,DeepSeekBackend,deepseek-v4-flash,1784121085.603893,llm_judge_binary,evaluation,,,151.0,151.0
deepseek,64,47,111,0,45,,,DeepSeekBackend,deepseek-v4-flash,1784121085.6356356,llm_judge_binary,evaluation,,,156.0,156.0
deepseek,68,54,122,0,52,,,DeepSeekBackend,deepseek-v4-flash,1784121085.6444416,llm_judge_binary,evaluation,,,160.0,160.0
deepseek,64,39,103,0,37,,,DeepSeekBackend,deepseek-v4-flash,1784121085.674767,llm_judge_binary,evaluation,,,157.0,157.0
deepseek,64,44,108,0,42,,,DeepSeekBackend,deepseek-v4-flash,1784121085.6886206,llm_judge_binary,evaluation,,,158.0,158.0
deepseek,68,36,104,0,34,,,DeepSeekBackend,deepseek-v4-flash,1784121085.6948354,llm_judge_binary,evaluation,,,162.0,162.0
deepseek,63,187,250,0,185,,,DeepSeekBackend,deepseek-v4-flash,1784121085.7750869,llm_judge_binary,evaluation,,,137.0,137.0
deepseek,62,56,118,0,54,,,DeepSeekBackend,deepseek-v4-flash,1784121085.8042378,llm_judge_binary,evaluation,,,159.0,159.0
deepseek,68,73,141,0,71,,,DeepSeekBackend,deepseek-v4-flash,1784121085.8630893,llm_judge_binary,evaluation,,,161.0,161.0
deepseek,68,46,114,0,44,,,DeepSeekBackend,deepseek-v4-flash,1784121085.8885715,llm_judge_binary,evaluation,,,163.0,163.0
deepseek,68,41,109,0,39,,,DeepSeekBackend,deepseek-v4-flash,1784121086.2228932,llm_judge_binary,evaluation,,,167.0,167.0
deepseek,68,52,120,0,50,,,DeepSeekBackend,deepseek-v4-flash,1784121086.2302125,llm_judge_binary,evaluation,,,168.0,168.0
deepseek,68,61,129,0,59,,,DeepSeekBackend,deepseek-v4-flash,1784121086.263183,llm_judge_binary,evaluation,,,164.0,164.0
deepseek,68,48,116,0,46,,,DeepSeekBackend,deepseek-v4-flash,1784121086.3173366,llm_judge_binary,evaluation,,,165.0,165.0
deepseek,68,45,113,0,43,,,DeepSeekBackend,deepseek-v4-flash,1784121086.3261044,llm_judge_binary,evaluation,,,171.0,171.0
deepseek,68,43,111,0,41,,,DeepSeekBackend,deepseek-v4-flash,1784121086.3677125,llm_judge_binary,evaluation,,,169.0,169.0
deepseek,68,50,118,0,48,,,DeepSeekBackend,deepseek-v4-flash,1784121086.5160367,llm_judge_binary,evaluation,,,172.0,172.0
deepseek,68,67,135,0,65,,,DeepSeekBackend,deepseek-v4-flash,1784121086.5401525,llm_judge_binary,evaluation,,,166.0,166.0
deepseek,68,42,110,0,40,,,DeepSeekBackend,deepseek-v4-flash,1784121086.5486174,llm_judge_binary,evaluation,,,173.0,173.0
deepseek,64,69,133,0,67,,,DeepSeekBackend,deepseek-v4-flash,1784121086.5560455,llm_judge_binary,evaluation,,,170.0,170.0
deepseek,68,48,116,0,46,,,DeepSeekBackend,deepseek-v4-flash,1784121086.6452417,llm_judge_binary,evaluation,,,179.0,179.0
deepseek,64,39,103,0,37,,,DeepSeekBackend,deepseek-v4-flash,1784121086.6883094,llm_judge_binary,evaluation,,,180.0,180.0
deepseek,68,50,118,0,48,,,DeepSeekBackend,deepseek-v4-flash,1784121086.702742,llm_judge_binary,evaluation,,,178.0,178.0
deepseek,64,49,113,0,47,,,DeepSeekBackend,deepseek-v4-flash,1784121086.742909,llm_judge_binary,evaluation,,,181.0,181.0
deepseek,68,44,112,0,42,,,DeepSeekBackend,deepseek-v4-flash,1784121086.7621717,llm_judge_binary,evaluation,,,176.0,176.0
deepseek,68,51,119,0,49,,,DeepSeekBackend,deepseek-v4-flash,1784121086.7795615,llm_judge_binary,evaluation,,,177.0,177.0
deepseek,64,45,109,0,43,,,DeepSeekBackend,deepseek-v4-flash,1784121086.8793569,llm_judge_binary,evaluation,,,182.0,182.0
deepseek,64,66,130,0,64,,,DeepSeekBackend,deepseek-v4-flash,1784121087.0110981,llm_judge_binary,evaluation,,,174.0,174.0
deepseek,64,39,103,0,37,,,DeepSeekBackend,deepseek-v4-flash,1784121087.1391191,llm_judge_binary,evaluation,,,183.0,183.0
deepseek,64,40,104,0,38,,,DeepSeekBackend,deepseek-v4-flash,1784121087.146256,llm_judge_binary,evaluation,,,185.0,185.0
deepseek,64,81,145,0,79,,,DeepSeekBackend,deepseek-v4-flash,1784121087.3102114,llm_judge_binary,evaluation,,,175.0,175.0
deepseek,64,41,105,0,39,,,DeepSeekBackend,deepseek-v4-flash,1784121087.3807929,llm_judge_binary,evaluation,,,190.0,190.0
deepseek,64,57,121,0,55,,,DeepSeekBackend,deepseek-v4-flash,1784121087.4731555,llm_judge_binary,evaluation,,,188.0,188.0
deepseek,64,82,146,0,80,,,DeepSeekBackend,deepseek-v4-flash,1784121087.4879756,llm_judge_binary,evaluation,,,184.0,184.0
deepseek,64,50,114,0,48,,,DeepSeekBackend,deepseek-v4-flash,1784121087.588428,llm_judge_binary,evaluation,,,192.0,192.0
deepseek,64,41,105,0,39,,,DeepSeekBackend,deepseek-v4-flash,1784121087.717297,llm_judge_binary,evaluation,,,196.0,196.0
deepseek,64,79,143,0,77,,,DeepSeekBackend,deepseek-v4-flash,1784121087.7295463,llm_judge_binary,evaluation,,,187.0,187.0
deepseek,64,78,142,0,76,,,DeepSeekBackend,deepseek-v4-flash,1784121087.7367287,llm_judge_binary,evaluation,,,186.0,186.0
deepseek,64,39,103,0,37,,,DeepSeekBackend,deepseek-v4-flash,1784121087.80794,llm_judge_binary,evaluation,,,195.0,195.0
deepseek,64,49,113,0,47,,,DeepSeekBackend,deepseek-v4-flash,1784121087.8145475,llm_judge_binary,evaluation,,,198.0,198.0
deepseek,64,106,170,0,104,,,DeepSeekBackend,deepseek-v4-flash,1784121087.905349,llm_judge_binary,evaluation,,,189.0,189.0
deepseek,64,64,128,0,62,,,DeepSeekBackend,deepseek-v4-flash,1784121087.958903,llm_judge_binary,evaluation,,,191.0,191.0
deepseek,64,74,138,0,72,,,DeepSeekBackend,deepseek-v4-flash,1784121088.0251646,llm_judge_binary,evaluation,,,194.0,194.0
deepseek,63,71,134,0,69,,,DeepSeekBackend,deepseek-v4-flash,1784121088.0701396,llm_judge_binary,evaluation,,,200.0,200.0
deepseek,64,75,139,0,73,,,DeepSeekBackend,deepseek-v4-flash,1784121088.0860798,llm_judge_binary,evaluation,,,199.0,199.0
deepseek,64,66,130,0,64,,,DeepSeekBackend,deepseek-v4-flash,1784121088.1070266,llm_judge_binary,evaluation,,,197.0,197.0
deepseek,61,54,115,0,52,,,DeepSeekBackend,deepseek-v4-flash,1784121088.1459823,llm_judge_binary,evaluation,,,202.0,202.0
deepseek,62,39,101,0,37,,,DeepSeekBackend,deepseek-v4-flash,1784121088.2674701,llm_judge_binary,evaluation,,,206.0,206.0
deepseek,64,118,182,0,116,,,DeepSeekBackend,deepseek-v4-flash,1784121088.3823843,llm_judge_binary,evaluation,,,193.0,193.0
deepseek,63,58,121,0,56,,,DeepSeekBackend,deepseek-v4-flash,1784121088.561769,llm_judge_binary,evaluation,,,204.0,204.0
deepseek,62,39,101,0,37,,,DeepSeekBackend,deepseek-v4-flash,1784121088.617788,llm_judge_binary,evaluation,,,213.0,213.0
deepseek,63,65,128,0,63,,,DeepSeekBackend,deepseek-v4-flash,1784121088.639844,llm_judge_binary,evaluation,,,205.0,205.0
deepseek,63,98,161,0,96,,,DeepSeekBackend,deepseek-v4-flash,1784121088.6482155,llm_judge_binary,evaluation,,,201.0,201.0
deepseek,63,96,159,0,94,,,DeepSeekBackend,deepseek-v4-flash,1784121088.6778708,llm_judge_binary,evaluation,,,203.0,203.0
deepseek,63,73,136,0,71,,,DeepSeekBackend,deepseek-v4-flash,1784121088.882624,llm_judge_binary,evaluation,,,208.0,208.0
deepseek,63,64,127,0,62,,,DeepSeekBackend,deepseek-v4-flash,1784121088.8891592,llm_judge_binary,evaluation,,,209.0,209.0
deepseek,63,65,128,0,63,,,DeepSeekBackend,deepseek-v4-flash,1784121089.1123965,llm_judge_binary,evaluation,,,211.0,211.0
deepseek,64,48,112,0,46,,,DeepSeekBackend,deepseek-v4-flash,1784121089.1233647,llm_judge_binary,evaluation,,,220.0,220.0
deepseek,63,63,126,0,61,,,DeepSeekBackend,deepseek-v4-flash,1784121089.1581185,llm_judge_binary,evaluation,,,215.0,215.0
deepseek,63,67,130,0,65,,,DeepSeekBackend,deepseek-v4-flash,1784121089.197333,llm_judge_binary,evaluation,,,214.0,214.0
deepseek,62,48,110,0,46,,,DeepSeekBackend,deepseek-v4-flash,1784121089.2150733,llm_judge_binary,evaluation,,,217.0,217.0
deepseek,61,102,163,0,100,,,DeepSeekBackend,deepseek-v4-flash,1784121089.274184,llm_judge_binary,evaluation,,,207.0,207.0
deepseek,64,29,93,0,27,,,DeepSeekBackend,deepseek-v4-flash,1784121089.2899916,llm_judge_binary,evaluation,,,226.0,226.0
deepseek,64,50,114,0,48,,,DeepSeekBackend,deepseek-v4-flash,1784121089.4699695,llm_judge_binary,evaluation,,,223.0,223.0
deepseek,64,49,113,0,47,,,DeepSeekBackend,deepseek-v4-flash,1784121089.4826183,llm_judge_binary,evaluation,,,222.0,222.0
deepseek,64,39,103,0,37,,,DeepSeekBackend,deepseek-v4-flash,1784121089.5079997,llm_judge_binary,evaluation,,,225.0,225.0
deepseek,61,84,145,0,82,,,DeepSeekBackend,deepseek-v4-flash,1784121089.5267057,llm_judge_binary,evaluation,,,212.0,212.0
deepseek,63,88,151,0,86,,,DeepSeekBackend,deepseek-v4-flash,1784121089.7066503,llm_judge_binary,evaluation,,,219.0,219.0
deepseek,63,114,177,0,112,,,DeepSeekBackend,deepseek-v4-flash,1784121089.754105,llm_judge_binary,evaluation,,,210.0,210.0
deepseek,63,86,149,0,84,,,DeepSeekBackend,deepseek-v4-flash,1784121089.7603724,llm_judge_binary,evaluation,,,216.0,216.0
deepseek,62,85,147,0,83,,,DeepSeekBackend,deepseek-v4-flash,1784121089.7859359,llm_judge_binary,evaluation,,,221.0,221.0
deepseek,64,52,116,0,50,,,DeepSeekBackend,deepseek-v4-flash,1784121089.8000376,llm_judge_binary,evaluation,,,227.0,227.0
deepseek,64,50,114,0,48,,,DeepSeekBackend,deepseek-v4-flash,1784121089.819915,llm_judge_binary,evaluation,,,224.0,224.0
deepseek,64,41,105,0,39,,,DeepSeekBackend,deepseek-v4-flash,1784121089.8618858,llm_judge_binary,evaluation,,,229.0,229.0
deepseek,64,43,107,0,41,,,DeepSeekBackend,deepseek-v4-flash,1784121089.9408371,llm_judge_binary,evaluation,,,228.0,228.0
deepseek,64,44,108,0,42,,,DeepSeekBackend,deepseek-v4-flash,1784121089.9490232,llm_judge_binary,evaluation,,,231.0,231.0
deepseek,64,48,112,0,46,,,DeepSeekBackend,deepseek-v4-flash,1784121090.0348065,llm_judge_binary,evaluation,,,233.0,233.0
deepseek,64,45,109,0,43,,,DeepSeekBackend,deepseek-v4-flash,1784121090.1998699,llm_judge_binary,evaluation,,,236.0,236.0
deepseek,64,41,105,0,39,,,DeepSeekBackend,deepseek-v4-flash,1784121090.2171075,llm_judge_binary,evaluation,,,234.0,234.0
deepseek,64,45,109,0,43,,,DeepSeekBackend,deepseek-v4-flash,1784121090.2462533,llm_judge_binary,evaluation,,,232.0,232.0
deepseek,63,151,214,0,149,,,DeepSeekBackend,deepseek-v4-flash,1784121090.2533383,llm_judge_binary,evaluation,,,218.0,218.0
deepseek,64,47,111,0,45,,,DeepSeekBackend,deepseek-v4-flash,1784121090.3530626,llm_judge_binary,evaluation,,,237.0,237.0
deepseek,64,59,123,0,57,,,DeepSeekBackend,deepseek-v4-flash,1784121090.360072,llm_judge_binary,evaluation,,,230.0,230.0
deepseek,64,60,124,0,58,,,DeepSeekBackend,deepseek-v4-flash,1784121090.4638913,llm_judge_binary,evaluation,,,235.0,235.0
deepseek,64,43,107,0,41,,,DeepSeekBackend,deepseek-v4-flash,1784121090.5797076,llm_judge_binary,evaluation,,,239.0,239.0
deepseek,64,50,114,0,48,,,DeepSeekBackend,deepseek-v4-flash,1784121090.627627,llm_judge_binary,evaluation,,,238.0,238.0
deepseek,68,60,128,0,58,,,DeepSeekBackend,deepseek-v4-flash,1784121090.695012,llm_judge_binary,evaluation,,,242.0,242.0
deepseek,68,37,105,0,35,,,DeepSeekBackend,deepseek-v4-flash,1784121090.7019496,llm_judge_binary,evaluation,,,244.0,244.0
deepseek,65,75,140,0,73,,,DeepSeekBackend,deepseek-v4-flash,1784121090.8497632,llm_judge_binary,evaluation,,,241.0,241.0
deepseek,67,86,153,0,84,,,DeepSeekBackend,deepseek-v4-flash,1784121090.8560815,llm_judge_binary,evaluation,,,240.0,240.0
deepseek,68,43,111,0,41,,,DeepSeekBackend,deepseek-v4-flash,1784121090.935019,llm_judge_binary,evaluation,,,250.0,250.0
deepseek,64,70,134,0,68,,,DeepSeekBackend,deepseek-v4-flash,1784121090.9428523,llm_judge_binary,evaluation,,,245.0,245.0
deepseek,68,37,105,0,35,,,DeepSeekBackend,deepseek-v4-flash,1784121090.9592893,llm_judge_binary,evaluation,,,246.0,246.0
deepseek,64,85,149,0,83,,,DeepSeekBackend,deepseek-v4-flash,1784121091.0899343,llm_judge_binary,evaluation,,,243.0,243.0
deepseek,68,45,113,0,43,,,DeepSeekBackend,deepseek-v4-flash,1784121091.1054795,llm_judge_binary,evaluation,,,251.0,251.0
deepseek,68,83,151,0,81,,,DeepSeekBackend,deepseek-v4-flash,1784121091.1409924,llm_judge_binary,evaluation,,,247.0,247.0
deepseek,68,46,114,0,44,,,DeepSeekBackend,deepseek-v4-flash,1784121091.2228532,llm_judge_binary,evaluation,,,253.0,253.0
deepseek,68,45,113,0,43,,,DeepSeekBackend,deepseek-v4-flash,1784121091.2312949,llm_judge_binary,evaluation,,,254.0,254.0
deepseek,68,47,115,0,45,,,DeepSeekBackend,deepseek-v4-flash,1784121091.238924,llm_judge_binary,evaluation,,,256.0,256.0
deepseek,68,45,113,0,43,,,DeepSeekBackend,deepseek-v4-flash,1784121091.2929199,llm_judge_binary,evaluation,,,255.0,255.0
deepseek,65,80,145,0,78,,,DeepSeekBackend,deepseek-v4-flash,1784121091.3952656,llm_judge_binary,evaluation,,,248.0,248.0
deepseek,68,42,110,0,40,,,DeepSeekBackend,deepseek-v4-flash,1784121091.5499294,llm_judge_binary,evaluation,,,259.0,259.0
deepseek,68,93,161,0,91,,,DeepSeekBackend,deepseek-v4-flash,1784121091.6216812,llm_judge_binary,evaluation,,,249.0,249.0
deepseek,65,67,132,0,65,,,DeepSeekBackend,deepseek-v4-flash,1784121091.6429605,llm_judge_binary,evaluation,,,258.0,258.0
deepseek,68,47,115,0,45,,,DeepSeekBackend,deepseek-v4-flash,1784121091.7003238,llm_judge_binary,evaluation,,,257.0,257.0
deepseek,64,35,99,0,33,,,DeepSeekBackend,deepseek-v4-flash,1784121091.7722318,llm_judge_binary,evaluation,,,263.0,263.0
deepseek,64,81,145,0,79,,,DeepSeekBackend,deepseek-v4-flash,1784121091.9531555,llm_judge_binary,evaluation,,,260.0,260.0
deepseek,64,48,112,0,46,,,DeepSeekBackend,deepseek-v4-flash,1784121091.959783,llm_judge_binary,evaluation,,,264.0,264.0
deepseek,64,50,114,0,48,,,DeepSeekBackend,deepseek-v4-flash,1784121091.9749665,llm_judge_binary,evaluation,,,266.0,266.0
deepseek,63,80,143,0,78,,,DeepSeekBackend,deepseek-v4-flash,1784121092.0011206,llm_judge_binary,evaluation,,,261.0,261.0
deepseek,64,78,142,0,76,,,DeepSeekBackend,deepseek-v4-flash,1784121092.298686,llm_judge_binary,evaluation,,,267.0,267.0
deepseek,64,77,141,0,75,,,DeepSeekBackend,deepseek-v4-flash,1784121092.30507,llm_judge_binary,evaluation,,,269.0,269.0
deepseek,64,66,130,0,64,,,DeepSeekBackend,deepseek-v4-flash,1784121092.322378,llm_judge_binary,evaluation,,,273.0,273.0
deepseek,63,76,139,0,74,,,DeepSeekBackend,deepseek-v4-flash,1784121092.4034076,llm_judge_binary,evaluation,,,268.0,268.0
deepseek,64,75,139,0,73,,,DeepSeekBackend,deepseek-v4-flash,1784121092.4452803,llm_judge_binary,evaluation,,,270.0,270.0
deepseek,63,113,176,0,111,,,DeepSeekBackend,deepseek-v4-flash,1784121092.520732,llm_judge_binary,evaluation,,,262.0,262.0
deepseek,64,52,116,0,50,,,DeepSeekBackend,deepseek-v4-flash,1784121092.5312428,llm_judge_binary,evaluation,,,274.0,274.0
deepseek,62,77,139,0,75,,,DeepSeekBackend,deepseek-v4-flash,1784121092.617842,llm_judge_binary,evaluation,,,271.0,271.0
deepseek,64,75,139,0,73,,,DeepSeekBackend,deepseek-v4-flash,1784121092.6328447,llm_judge_binary,evaluation,,,275.0,275.0
deepseek,62,105,167,0,103,,,DeepSeekBackend,deepseek-v4-flash,1784121092.6377673,llm_judge_binary,evaluation,,,265.0,265.0
deepseek,64,72,136,0,70,,,DeepSeekBackend,deepseek-v4-flash,1784121092.7331655,llm_judge_binary,evaluation,,,277.0,277.0
deepseek,64,46,110,0,44,,,DeepSeekBackend,deepseek-v4-flash,1784121092.7515094,llm_judge_binary,evaluation,,,279.0,279.0
deepseek,63,68,131,0,66,,,DeepSeekBackend,deepseek-v4-flash,1784121092.778741,llm_judge_binary,evaluation,,,276.0,276.0
deepseek,64,38,102,0,36,,,DeepSeekBackend,deepseek-v4-flash,1784121092.8467546,llm_judge_binary,evaluation,,,278.0,278.0
deepseek,63,111,174,0,109,,,DeepSeekBackend,deepseek-v4-flash,1784121092.8847635,llm_judge_binary,evaluation,,,272.0,272.0
deepseek,62,47,109,0,45,,,DeepSeekBackend,deepseek-v4-flash,1784121092.8926253,llm_judge_binary,evaluation,,,281.0,281.0
deepseek,65,219,284,0,217,,,DeepSeekBackend,deepseek-v4-flash,1784121092.9488761,llm_judge_binary,evaluation,,,252.0,252.0
deepseek,60,71,131,0,69,,,DeepSeekBackend,deepseek-v4-flash,1784121093.071555,llm_judge_binary,evaluation,,,282.0,282.0
deepseek,62,40,102,0,38,,,DeepSeekBackend,deepseek-v4-flash,1784121093.2561395,llm_judge_binary,evaluation,,,284.0,284.0
deepseek,62,83,145,0,81,,,DeepSeekBackend,deepseek-v4-flash,1784121093.3618567,llm_judge_binary,evaluation,,,283.0,283.0
deepseek,62,36,98,0,34,,,DeepSeekBackend,deepseek-v4-flash,1784121093.4050305,llm_judge_binary,evaluation,,,286.0,286.0
deepseek,62,46,108,0,44,,,DeepSeekBackend,deepseek-v4-flash,1784121093.5492268,llm_judge_binary,evaluation,,,291.0,291.0
deepseek,62,105,167,0,103,,,DeepSeekBackend,deepseek-v4-flash,1784121093.578777,llm_judge_binary,evaluation,,,280.0,280.0
deepseek,62,38,100,0,36,,,DeepSeekBackend,deepseek-v4-flash,1784121093.5860634,llm_judge_binary,evaluation,,,288.0,288.0
deepseek,62,48,110,0,46,,,DeepSeekBackend,deepseek-v4-flash,1784121093.6234891,llm_judge_binary,evaluation,,,293.0,293.0
deepseek,63,70,133,0,68,,,DeepSeekBackend,deepseek-v4-flash,1784121093.6715195,llm_judge_binary,evaluation,,,287.0,287.0
deepseek,62,78,140,0,76,,,DeepSeekBackend,deepseek-v4-flash,1784121093.692553,llm_judge_binary,evaluation,,,285.0,285.0
deepseek,60,31,91,0,29,,,DeepSeekBackend,deepseek-v4-flash,1784121093.7265341,llm_judge_binary,evaluation,,,300.0,300.0
deepseek,62,46,108,0,44,,,DeepSeekBackend,deepseek-v4-flash,1784121093.7355456,llm_judge_binary,evaluation,,,299.0,299.0
deepseek,62,85,147,0,83,,,DeepSeekBackend,deepseek-v4-flash,1784121093.8677847,llm_judge_binary,evaluation,,,289.0,289.0
deepseek,63,67,130,0,65,,,DeepSeekBackend,deepseek-v4-flash,1784121094.0177088,llm_judge_binary,evaluation,,,295.0,295.0
deepseek,62,104,166,0,102,,,DeepSeekBackend,deepseek-v4-flash,1784121094.0937576,llm_judge_binary,evaluation,,,290.0,290.0
deepseek,60,81,141,0,79,,,DeepSeekBackend,deepseek-v4-flash,1784121094.1137195,llm_judge_binary,evaluation,,,296.0,296.0
deepseek,62,98,160,0,96,,,DeepSeekBackend,deepseek-v4-flash,1784121094.1934435,llm_judge_binary,evaluation,,,292.0,292.0
deepseek,60,37,97,0,35,,,DeepSeekBackend,deepseek-v4-flash,1784121094.3069324,llm_judge_binary,evaluation,,,301.0,301.0
deepseek,60,45,105,0,43,,,DeepSeekBackend,deepseek-v4-flash,1784121094.3242536,llm_judge_binary,evaluation,,,303.0,303.0
deepseek,62,90,152,0,88,,,DeepSeekBackend,deepseek-v4-flash,1784121094.4557858,llm_judge_binary,evaluation,,,297.0,297.0
deepseek,62,80,142,0,78,,,DeepSeekBackend,deepseek-v4-flash,1784121094.4746892,llm_judge_binary,evaluation,,,294.0,294.0
deepseek,60,38,98,0,36,,,DeepSeekBackend,deepseek-v4-flash,1784121094.542819,llm_judge_binary,evaluation,,,304.0,304.0
deepseek,60,55,115,0,53,,,DeepSeekBackend,deepseek-v4-flash,1784121094.7204628,llm_judge_binary,evaluation,,,308.0,308.0
deepseek,60,57,117,0,55,,,DeepSeekBackend,deepseek-v4-flash,1784121094.726938,llm_judge_binary,evaluation,,,302.0,302.0
deepseek,61,59,120,0,57,,,DeepSeekBackend,deepseek-v4-flash,1784121094.7497458,llm_judge_binary,evaluation,,,309.0,309.0
deepseek,60,56,116,0,54,,,DeepSeekBackend,deepseek-v4-flash,1784121094.7581987,llm_judge_binary,evaluation,,,310.0,310.0
deepseek,60,55,115,0,53,,,DeepSeekBackend,deepseek-v4-flash,1784121094.764969,llm_judge_binary,evaluation,,,311.0,311.0
deepseek,62,125,187,0,123,,,DeepSeekBackend,deepseek-v4-flash,1784121094.7908747,llm_judge_binary,evaluation,,,298.0,298.0
deepseek,60,75,135,0,73,,,DeepSeekBackend,deepseek-v4-flash,1784121094.9201632,llm_judge_binary,evaluation,,,305.0,305.0
deepseek,60,83,143,0,81,,,DeepSeekBackend,deepseek-v4-flash,1784121094.92883,llm_judge_binary,evaluation,,,306.0,306.0
deepseek,61,53,114,0,51,,,DeepSeekBackend,deepseek-v4-flash,1784121095.0101106,llm_judge_binary,evaluation,,,307.0,307.0
deepseek,61,60,121,0,58,,,DeepSeekBackend,deepseek-v4-flash,1784121095.0856285,llm_judge_binary,evaluation,,,313.0,313.0
deepseek,60,30,90,0,28,,,DeepSeekBackend,deepseek-v4-flash,1784121095.1044827,llm_judge_binary,evaluation,,,317.0,317.0
deepseek,60,53,113,0,51,,,DeepSeekBackend,deepseek-v4-flash,1784121095.174819,llm_judge_binary,evaluation,,,316.0,316.0
deepseek,60,100,160,0,98,,,DeepSeekBackend,deepseek-v4-flash,1784121095.197479,llm_judge_binary,evaluation,,,312.0,312.0
deepseek,60,41,101,0,39,,,DeepSeekBackend,deepseek-v4-flash,1784121095.255226,llm_judge_binary,evaluation,,,320.0,320.0
deepseek,60,41,101,0,39,,,DeepSeekBackend,deepseek-v4-flash,1784121095.3994136,llm_judge_binary,evaluation,,,321.0,321.0
deepseek,60,45,105,0,43,,,DeepSeekBackend,deepseek-v4-flash,1784121095.455616,llm_judge_binary,evaluation,,,322.0,322.0
deepseek,61,61,122,0,59,,,DeepSeekBackend,deepseek-v4-flash,1784121095.4772792,llm_judge_binary,evaluation,,,318.0,318.0
deepseek,61,54,115,0,52,,,DeepSeekBackend,deepseek-v4-flash,1784121095.5294523,llm_judge_binary,evaluation,,,315.0,315.0
deepseek,60,42,102,0,40,,,DeepSeekBackend,deepseek-v4-flash,1784121095.5698547,llm_judge_binary,evaluation,,,325.0,325.0
deepseek,60,30,90,0,28,,,DeepSeekBackend,deepseek-v4-flash,1784121095.5926263,llm_judge_binary,evaluation,,,323.0,323.0
deepseek,60,41,101,0,39,,,DeepSeekBackend,deepseek-v4-flash,1784121095.5991433,llm_judge_binary,evaluation,,,326.0,326.0
deepseek,60,41,101,0,39,,,DeepSeekBackend,deepseek-v4-flash,1784121095.614525,llm_judge_binary,evaluation,,,327.0,327.0
deepseek,60,84,144,0,82,,,DeepSeekBackend,deepseek-v4-flash,1784121095.6310885,llm_judge_binary,evaluation,,,314.0,314.0
deepseek,60,43,103,0,41,,,DeepSeekBackend,deepseek-v4-flash,1784121095.7426136,llm_judge_binary,evaluation,,,330.0,330.0
deepseek,60,42,102,0,40,,,DeepSeekBackend,deepseek-v4-flash,1784121095.7609537,llm_judge_binary,evaluation,,,329.0,329.0
deepseek,60,42,102,0,40,,,DeepSeekBackend,deepseek-v4-flash,1784121095.780745,llm_judge_binary,evaluation,,,324.0,324.0
deepseek,60,40,100,0,38,,,DeepSeekBackend,deepseek-v4-flash,1784121095.9710152,llm_judge_binary,evaluation,,,328.0,328.0
deepseek,60,35,95,0,33,,,DeepSeekBackend,deepseek-v4-flash,1784121095.990615,llm_judge_binary,evaluation,,,333.0,333.0
deepseek,60,111,171,0,109,,,DeepSeekBackend,deepseek-v4-flash,1784121096.0424275,llm_judge_binary,evaluation,,,319.0,319.0
deepseek,60,46,106,0,44,,,DeepSeekBackend,deepseek-v4-flash,1784121096.0937994,llm_judge_binary,evaluation,,,335.0,335.0
deepseek,60,30,90,0,28,,,DeepSeekBackend,deepseek-v4-flash,1784121096.1236558,llm_judge_binary,evaluation,,,332.0,332.0
deepseek,60,45,105,0,43,,,DeepSeekBackend,deepseek-v4-flash,1784121096.1301486,llm_judge_binary,evaluation,,,331.0,331.0
deepseek,60,41,101,0,39,,,DeepSeekBackend,deepseek-v4-flash,1784121096.1418805,llm_judge_binary,evaluation,,,334.0,334.0
deepseek,60,34,94,0,32,,,DeepSeekBackend,deepseek-v4-flash,1784121096.2075822,llm_judge_binary,evaluation,,,336.0,336.0
deepseek,60,33,93,0,31,,,DeepSeekBackend,deepseek-v4-flash,1784121096.228073,llm_judge_binary,evaluation,,,337.0,337.0
deepseek,60,49,109,0,47,,,DeepSeekBackend,deepseek-v4-flash,1784121096.3764374,llm_judge_binary,evaluation,,,338.0,338.0
deepseek,60,35,95,0,33,,,DeepSeekBackend,deepseek-v4-flash,1784121096.5045521,llm_judge_binary,evaluation,,,341.0,341.0
deepseek,60,38,98,0,36,,,DeepSeekBackend,deepseek-v4-flash,1784121096.517974,llm_judge_binary,evaluation,,,340.0,340.0
deepseek,60,53,113,0,51,,,DeepSeekBackend,deepseek-v4-flash,1784121096.558503,llm_judge_binary,evaluation,,,344.0,344.0
deepseek,60,40,100,0,38,,,DeepSeekBackend,deepseek-v4-flash,1784121096.59443,llm_judge_binary,evaluation,,,339.0,339.0
deepseek,60,37,97,0,35,,,DeepSeekBackend,deepseek-v4-flash,1784121096.6509197,llm_judge_binary,evaluation,,,347.0,347.0
deepseek,60,38,98,0,36,,,DeepSeekBackend,deepseek-v4-flash,1784121096.659329,llm_judge_binary,evaluation,,,345.0,345.0
deepseek,60,35,95,0,33,,,DeepSeekBackend,deepseek-v4-flash,1784121096.728318,llm_judge_binary,evaluation,,,348.0,348.0
deepseek,60,46,106,0,44,,,DeepSeekBackend,deepseek-v4-flash,1784121096.74024,llm_judge_binary,evaluation,,,342.0,342.0
deepseek,60,38,98,0,36,,,DeepSeekBackend,deepseek-v4-flash,1784121096.8110526,llm_judge_binary,evaluation,,,343.0,343.0
deepseek,60,72,132,0,70,,,DeepSeekBackend,deepseek-v4-flash,1784121096.8524022,llm_judge_binary,evaluation,,,346.0,346.0
deepseek,60,31,91,0,29,,,DeepSeekBackend,deepseek-v4-flash,1784121097.0366688,llm_judge_binary,evaluation,,,350.0,350.0
deepseek,60,40,100,0,38,,,DeepSeekBackend,deepseek-v4-flash,1784121097.085286,llm_judge_binary,evaluation,,,353.0,353.0
deepseek,60,42,102,0,40,,,DeepSeekBackend,deepseek-v4-flash,1784121097.1052346,llm_judge_binary,evaluation,,,357.0,357.0
deepseek,60,46,106,0,44,,,DeepSeekBackend,deepseek-v4-flash,1784121097.1126373,llm_judge_binary,evaluation,,,354.0,354.0
deepseek,60,38,98,0,36,,,DeepSeekBackend,deepseek-v4-flash,1784121097.1330175,llm_judge_binary,evaluation,,,351.0,351.0
deepseek,60,36,96,0,34,,,DeepSeekBackend,deepseek-v4-flash,1784121097.2303216,llm_judge_binary,evaluation,,,356.0,356.0
deepseek,60,42,102,0,40,,,DeepSeekBackend,deepseek-v4-flash,1784121097.300964,llm_judge_binary,evaluation,,,355.0,355.0
deepseek,60,42,102,0,40,,,DeepSeekBackend,deepseek-v4-flash,1784121097.3210495,llm_judge_binary,evaluation,,,352.0,352.0
deepseek,60,43,103,0,41,,,DeepSeekBackend,deepseek-v4-flash,1784121097.3452764,llm_judge_binary,evaluation,,,358.0,358.0
deepseek,60,78,138,0,76,,,DeepSeekBackend,deepseek-v4-flash,1784121097.398619,llm_judge_binary,evaluation,,,349.0,349.0
deepseek,60,32,92,0,30,,,DeepSeekBackend,deepseek-v4-flash,1784121097.8146932,llm_judge_binary,evaluation,,,369.0,369.0
deepseek,60,76,136,0,74,,,DeepSeekBackend,deepseek-v4-flash,1784121097.823926,llm_judge_binary,evaluation,,,362.0,362.0
deepseek,62,78,140,0,76,,,DeepSeekBackend,deepseek-v4-flash,1784121097.9342175,llm_judge_binary,evaluation,,,363.0,363.0
deepseek,60,75,135,0,73,,,DeepSeekBackend,deepseek-v4-flash,1784121097.939415,llm_judge_binary,evaluation,,,364.0,364.0
deepseek,61,68,129,0,66,,,DeepSeekBackend,deepseek-v4-flash,1784121097.9825046,llm_judge_binary,evaluation,,,367.0,367.0
deepseek,60,92,152,0,90,,,DeepSeekBackend,deepseek-v4-flash,1784121098.0526292,llm_judge_binary,evaluation,,,360.0,360.0
deepseek,61,93,154,0,91,,,DeepSeekBackend,deepseek-v4-flash,1784121098.1295795,llm_judge_binary,evaluation,,,361.0,361.0
deepseek,60,107,167,0,105,,,DeepSeekBackend,deepseek-v4-flash,1784121098.2201338,llm_judge_binary,evaluation,,,359.0,359.0
deepseek,62,101,163,0,99,,,DeepSeekBackend,deepseek-v4-flash,1784121098.2819064,llm_judge_binary,evaluation,,,365.0,365.0
deepseek,61,106,167,0,104,,,DeepSeekBackend,deepseek-v4-flash,1784121098.3416796,llm_judge_binary,evaluation,,,366.0,366.0
deepseek,60,35,95,0,33,,,DeepSeekBackend,deepseek-v4-flash,1784121098.3485,llm_judge_binary,evaluation,,,377.0,377.0
deepseek,61,104,165,0,102,,,DeepSeekBackend,deepseek-v4-flash,1784121098.4278197,llm_judge_binary,evaluation,,,368.0,368.0
deepseek,61,61,122,0,59,,,DeepSeekBackend,deepseek-v4-flash,1784121098.483089,llm_judge_binary,evaluation,,,370.0,370.0
deepseek,61,102,163,0,100,,,DeepSeekBackend,deepseek-v4-flash,1784121098.56806,llm_judge_binary,evaluation,,,373.0,373.0
deepseek,62,81,143,0,79,,,DeepSeekBackend,deepseek-v4-flash,1784121098.6408532,llm_judge_binary,evaluation,,,371.0,371.0
deepseek,60,35,95,0,33,,,DeepSeekBackend,deepseek-v4-flash,1784121098.76157,llm_judge_binary,evaluation,,,382.0,382.0
deepseek,62,105,167,0,103,,,DeepSeekBackend,deepseek-v4-flash,1784121098.7827563,llm_judge_binary,evaluation,,,375.0,375.0
deepseek,61,113,174,0,111,,,DeepSeekBackend,deepseek-v4-flash,1784121098.8307126,llm_judge_binary,evaluation,,,374.0,374.0
deepseek,60,37,97,0,35,,,DeepSeekBackend,deepseek-v4-flash,1784121098.994691,llm_judge_binary,evaluation,,,383.0,383.0
deepseek,61,106,167,0,104,,,DeepSeekBackend,deepseek-v4-flash,1784121099.0051386,llm_judge_binary,evaluation,,,376.0,376.0
deepseek,61,103,164,0,101,,,DeepSeekBackend,deepseek-v4-flash,1784121099.0116284,llm_judge_binary,evaluation,,,372.0,372.0
deepseek,60,45,105,0,43,,,DeepSeekBackend,deepseek-v4-flash,1784121099.0246725,llm_judge_binary,evaluation,,,380.0,380.0
deepseek,62,69,131,0,67,,,DeepSeekBackend,deepseek-v4-flash,1784121099.057461,llm_judge_binary,evaluation,,,379.0,379.0
deepseek,62,110,172,0,108,,,DeepSeekBackend,deepseek-v4-flash,1784121099.1033862,llm_judge_binary,evaluation,,,378.0,378.0
deepseek,60,43,103,0,41,,,DeepSeekBackend,deepseek-v4-flash,1784121099.1404982,llm_judge_binary,evaluation,,,386.0,386.0
deepseek,60,47,107,0,45,,,DeepSeekBackend,deepseek-v4-flash,1784121099.163766,llm_judge_binary,evaluation,,,384.0,384.0
deepseek,60,33,93,0,31,,,DeepSeekBackend,deepseek-v4-flash,1784121099.5332453,llm_judge_binary,evaluation,,,389.0,389.0
deepseek,60,52,112,0,50,,,DeepSeekBackend,deepseek-v4-flash,1784121099.5755088,llm_judge_binary,evaluation,,,391.0,391.0
deepseek,60,45,105,0,43,,,DeepSeekBackend,deepseek-v4-flash,1784121099.7117298,llm_judge_binary,evaluation,,,393.0,393.0
deepseek,60,35,95,0,33,,,DeepSeekBackend,deepseek-v4-flash,1784121099.8299646,llm_judge_binary,evaluation,,,395.0,395.0
deepseek,61,128,189,0,126,,,DeepSeekBackend,deepseek-v4-flash,1784121099.8486328,llm_judge_binary,evaluation,,,381.0,381.0
deepseek,60,33,93,0,31,,,DeepSeekBackend,deepseek-v4-flash,1784121099.868594,llm_judge_binary,evaluation,,,398.0,398.0
deepseek,61,66,127,0,64,,,DeepSeekBackend,deepseek-v4-flash,1784121099.9024968,llm_judge_binary,evaluation,,,390.0,390.0
deepseek,62,107,169,0,105,,,DeepSeekBackend,deepseek-v4-flash,1784121099.9372616,llm_judge_binary,evaluation,,,385.0,385.0
deepseek,60,35,95,0,33,,,DeepSeekBackend,deepseek-v4-flash,1784121099.943988,llm_judge_binary,evaluation,,,396.0,396.0
deepseek,58,33,91,0,31,,,DeepSeekBackend,deepseek-v4-flash,1784121100.0046809,llm_judge_binary,evaluation,,,401.0,401.0
deepseek,58,43,101,0,41,,,DeepSeekBackend,deepseek-v4-flash,1784121100.0250719,llm_judge_binary,evaluation,,,402.0,402.0
deepseek,58,32,90,0,30,,,DeepSeekBackend,deepseek-v4-flash,1784121100.0774865,llm_judge_binary,evaluation,,,404.0,404.0
deepseek,61,87,148,0,85,,,DeepSeekBackend,deepseek-v4-flash,1784121100.0921192,llm_judge_binary,evaluation,,,392.0,392.0
deepseek,60,68,128,0,66,,,DeepSeekBackend,deepseek-v4-flash,1784121100.10349,llm_judge_binary,evaluation,,,397.0,397.0
deepseek,61,113,174,0,111,,,DeepSeekBackend,deepseek-v4-flash,1784121100.1104288,llm_judge_binary,evaluation,,,388.0,388.0
deepseek,61,111,172,0,109,,,DeepSeekBackend,deepseek-v4-flash,1784121100.3027685,llm_judge_binary,evaluation,,,387.0,387.0
deepseek,58,42,100,0,40,,,DeepSeekBackend,deepseek-v4-flash,1784121100.3090208,llm_judge_binary,evaluation,,,403.0,403.0
deepseek,58,31,89,0,29,,,DeepSeekBackend,deepseek-v4-flash,1784121100.4023557,llm_judge_binary,evaluation,,,406.0,406.0
deepseek,58,31,89,0,29,,,DeepSeekBackend,deepseek-v4-flash,1784121100.408542,llm_judge_binary,evaluation,,,405.0,405.0
deepseek,61,88,149,0,86,,,DeepSeekBackend,deepseek-v4-flash,1784121100.4508476,llm_judge_binary,evaluation,,,399.0,399.0
deepseek,60,96,156,0,94,,,DeepSeekBackend,deepseek-v4-flash,1784121100.5518813,llm_judge_binary,evaluation,,,400.0,400.0
deepseek,61,127,188,0,125,,,DeepSeekBackend,deepseek-v4-flash,1784121100.5809336,llm_judge_binary,evaluation,,,394.0,394.0
deepseek,58,34,92,0,32,,,DeepSeekBackend,deepseek-v4-flash,1784121100.7640374,llm_judge_binary,evaluation,,,412.0,412.0
deepseek,58,29,87,0,27,,,DeepSeekBackend,deepseek-v4-flash,1784121100.7755167,llm_judge_binary,evaluation,,,414.0,414.0
deepseek,58,26,84,0,24,,,DeepSeekBackend,deepseek-v4-flash,1784121100.8307135,llm_judge_binary,evaluation,,,408.0,408.0
deepseek,58,28,86,0,26,,,DeepSeekBackend,deepseek-v4-flash,1784121100.8774693,llm_judge_binary,evaluation,,,409.0,409.0
deepseek,58,28,86,0,26,,,DeepSeekBackend,deepseek-v4-flash,1784121100.9278748,llm_judge_binary,evaluation,,,410.0,410.0
deepseek,58,44,102,0,42,,,DeepSeekBackend,deepseek-v4-flash,1784121101.076576,llm_judge_binary,evaluation,,,415.0,415.0
deepseek,58,34,92,0,32,,,DeepSeekBackend,deepseek-v4-flash,1784121101.0954046,llm_judge_binary,evaluation,,,416.0,416.0
deepseek,60,94,154,0,92,,,DeepSeekBackend,deepseek-v4-flash,1784121101.1252728,llm_judge_binary,evaluation,,,407.0,407.0
deepseek,58,45,103,0,43,,,DeepSeekBackend,deepseek-v4-flash,1784121101.136225,llm_judge_binary,evaluation,,,413.0,413.0
deepseek,58,34,92,0,32,,,DeepSeekBackend,deepseek-v4-flash,1784121101.1530142,llm_judge_binary,evaluation,,,417.0,417.0
deepseek,58,41,99,0,39,,,DeepSeekBackend,deepseek-v4-flash,1784121101.160747,llm_judge_binary,evaluation,,,419.0,419.0
deepseek,66,46,112,0,44,,,DeepSeekBackend,deepseek-v4-flash,1784121101.1689517,llm_judge_binary,evaluation,,,421.0,421.0
deepseek,58,48,106,0,46,,,DeepSeekBackend,deepseek-v4-flash,1784121101.2064786,llm_judge_binary,evaluation,,,418.0,418.0
deepseek,66,43,109,0,41,,,DeepSeekBackend,deepseek-v4-flash,1784121101.2133875,llm_judge_binary,evaluation,,,423.0,423.0
deepseek,58,42,100,0,40,,,DeepSeekBackend,deepseek-v4-flash,1784121101.231157,llm_judge_binary,evaluation,,,411.0,411.0
deepseek,66,39,105,0,37,,,DeepSeekBackend,deepseek-v4-flash,1784121101.477511,llm_judge_binary,evaluation,,,425.0,425.0
deepseek,66,36,102,0,34,,,DeepSeekBackend,deepseek-v4-flash,1784121101.5664158,llm_judge_binary,evaluation,,,426.0,426.0
deepseek,64,71,135,0,69,,,DeepSeekBackend,deepseek-v4-flash,1784121101.682126,llm_judge_binary,evaluation,,,422.0,422.0
deepseek,66,49,115,0,47,,,DeepSeekBackend,deepseek-v4-flash,1784121101.808683,llm_judge_binary,evaluation,,,427.0,427.0
deepseek,66,44,110,0,42,,,DeepSeekBackend,deepseek-v4-flash,1784121101.8563473,llm_judge_binary,evaluation,,,431.0,431.0
deepseek,67,100,167,0,98,,,DeepSeekBackend,deepseek-v4-flash,1784121101.9863791,llm_judge_binary,evaluation,,,420.0,420.0
deepseek,66,52,118,0,50,,,DeepSeekBackend,deepseek-v4-flash,1784121102.0516758,llm_judge_binary,evaluation,,,437.0,437.0
deepseek,66,51,117,0,49,,,DeepSeekBackend,deepseek-v4-flash,1784121102.0755603,llm_judge_binary,evaluation,,,430.0,430.0
deepseek,66,54,120,0,52,,,DeepSeekBackend,deepseek-v4-flash,1784121102.092178,llm_judge_binary,evaluation,,,434.0,434.0
deepseek,66,42,108,0,40,,,DeepSeekBackend,deepseek-v4-flash,1784121102.139096,llm_judge_binary,evaluation,,,439.0,439.0
deepseek,66,43,109,0,41,,,DeepSeekBackend,deepseek-v4-flash,1784121102.2194078,llm_judge_binary,evaluation,,,438.0,438.0
deepseek,66,51,117,0,49,,,DeepSeekBackend,deepseek-v4-flash,1784121102.2284603,llm_judge_binary,evaluation,,,432.0,432.0
deepseek,66,41,107,0,39,,,DeepSeekBackend,deepseek-v4-flash,1784121102.2332594,llm_judge_binary,evaluation,,,435.0,435.0
deepseek,66,49,115,0,47,,,DeepSeekBackend,deepseek-v4-flash,1784121102.3008547,llm_judge_binary,evaluation,,,436.0,436.0
deepseek,64,76,140,0,74,,,DeepSeekBackend,deepseek-v4-flash,1784121102.3273983,llm_judge_binary,evaluation,,,433.0,433.0
deepseek,64,76,140,0,74,,,DeepSeekBackend,deepseek-v4-flash,1784121102.9118826,llm_judge_binary,evaluation,,,442.0,442.0
deepseek,66,41,107,0,39,,,DeepSeekBackend,deepseek-v4-flash,1784121102.9708498,llm_judge_binary,evaluation,,,450.0,450.0
deepseek,64,68,132,0,66,,,DeepSeekBackend,deepseek-v4-flash,1784121103.0272102,llm_judge_binary,evaluation,,,445.0,445.0
deepseek,66,47,113,0,45,,,DeepSeekBackend,deepseek-v4-flash,1784121103.0866368,llm_judge_binary,evaluation,,,448.0,448.0
deepseek,62,164,226,0,162,,,DeepSeekBackend,deepseek-v4-flash,1784121103.1318717,llm_judge_binary,evaluation,,,429.0,429.0
deepseek,66,47,113,0,45,,,DeepSeekBackend,deepseek-v4-flash,1784121103.1850035,llm_judge_binary,evaluation,,,453.0,453.0
deepseek,62,128,190,0,126,,,DeepSeekBackend,deepseek-v4-flash,1784121103.1945806,llm_judge_binary,evaluation,,,441.0,441.0
deepseek,64,101,165,0,99,,,DeepSeekBackend,deepseek-v4-flash,1784121103.226296,llm_judge_binary,evaluation,,,444.0,444.0
deepseek,64,70,134,0,68,,,DeepSeekBackend,deepseek-v4-flash,1784121103.250598,llm_judge_binary,evaluation,,,446.0,446.0
deepseek,66,46,112,0,44,,,DeepSeekBackend,deepseek-v4-flash,1784121103.2810836,llm_judge_binary,evaluation,,,455.0,455.0
deepseek,66,49,115,0,47,,,DeepSeekBackend,deepseek-v4-flash,1784121103.3390136,llm_judge_binary,evaluation,,,454.0,454.0
deepseek,62,56,118,0,54,,,DeepSeekBackend,deepseek-v4-flash,1784121103.5662947,llm_judge_binary,evaluation,,,456.0,456.0
deepseek,64,91,155,0,89,,,DeepSeekBackend,deepseek-v4-flash,1784121103.720535,llm_judge_binary,evaluation,,,449.0,449.0
deepseek,62,232,294,0,230,,,DeepSeekBackend,deepseek-v4-flash,1784121104.0185864,llm_judge_binary,evaluation,,,428.0,428.0
deepseek,64,44,108,0,42,,,DeepSeekBackend,deepseek-v4-flash,1784121104.0462976,llm_judge_binary,evaluation,,,460.0,460.0
deepseek,64,50,114,0,48,,,DeepSeekBackend,deepseek-v4-flash,1784121104.1491358,llm_judge_binary,evaluation,,,465.0,465.0
deepseek,64,39,103,0,37,,,DeepSeekBackend,deepseek-v4-flash,1784121104.2049088,llm_judge_binary,evaluation,,,467.0,467.0
deepseek,62,234,296,0,232,,,DeepSeekBackend,deepseek-v4-flash,1784121104.2220905,llm_judge_binary,evaluation,,,424.0,424.0
deepseek,64,47,111,0,45,,,DeepSeekBackend,deepseek-v4-flash,1784121104.2751007,llm_judge_binary,evaluation,,,464.0,464.0
deepseek,64,42,106,0,40,,,DeepSeekBackend,deepseek-v4-flash,1784121104.2804372,llm_judge_binary,evaluation,,,463.0,463.0
deepseek,64,50,114,0,48,,,DeepSeekBackend,deepseek-v4-flash,1784121104.3197668,llm_judge_binary,evaluation,,,461.0,461.0
deepseek,64,50,114,0,48,,,DeepSeekBackend,deepseek-v4-flash,1784121104.325448,llm_judge_binary,evaluation,,,462.0,462.0
deepseek,62,198,260,0,196,,,DeepSeekBackend,deepseek-v4-flash,1784121104.4883032,llm_judge_binary,evaluation,,,443.0,443.0
deepseek,62,149,211,0,147,,,DeepSeekBackend,deepseek-v4-flash,1784121104.4948144,llm_judge_binary,evaluation,,,447.0,447.0
deepseek,64,69,133,0,67,,,DeepSeekBackend,deepseek-v4-flash,1784121104.5110521,llm_judge_binary,evaluation,,,459.0,459.0
deepseek,64,47,111,0,45,,,DeepSeekBackend,deepseek-v4-flash,1784121104.5668714,llm_judge_binary,evaluation,,,468.0,468.0
deepseek,64,46,110,0,44,,,DeepSeekBackend,deepseek-v4-flash,1784121104.664698,llm_judge_binary,evaluation,,,466.0,466.0
deepseek,64,39,103,0,37,,,DeepSeekBackend,deepseek-v4-flash,1784121104.6990983,llm_judge_binary,evaluation,,,469.0,469.0
deepseek,64,39,103,0,37,,,DeepSeekBackend,deepseek-v4-flash,1784121104.739623,llm_judge_binary,evaluation,,,470.0,470.0
deepseek,62,284,346,0,282,,,DeepSeekBackend,deepseek-v4-flash,1784121104.9465687,llm_judge_binary,evaluation,,,440.0,440.0
deepseek,62,139,201,0,137,,,DeepSeekBackend,deepseek-v4-flash,1784121105.0935175,llm_judge_binary,evaluation,,,458.0,458.0
deepseek,64,43,107,0,41,,,DeepSeekBackend,deepseek-v4-flash,1784121105.1337178,llm_judge_binary,evaluation,,,478.0,478.0
deepseek,64,49,113,0,47,,,DeepSeekBackend,deepseek-v4-flash,1784121105.1532326,llm_judge_binary,evaluation,,,471.0,471.0
deepseek,64,39,103,0,37,,,DeepSeekBackend,deepseek-v4-flash,1784121105.268856,llm_judge_binary,evaluation,,,477.0,477.0
deepseek,64,45,109,0,43,,,DeepSeekBackend,deepseek-v4-flash,1784121105.2759547,llm_judge_binary,evaluation,,,472.0,472.0
deepseek,64,51,115,0,49,,,DeepSeekBackend,deepseek-v4-flash,1784121105.2877648,llm_judge_binary,evaluation,,,475.0,475.0
deepseek,64,38,102,0,36,,,DeepSeekBackend,deepseek-v4-flash,1784121105.3412116,llm_judge_binary,evaluation,,,473.0,473.0
deepseek,64,50,114,0,48,,,DeepSeekBackend,deepseek-v4-flash,1784121105.4610107,llm_judge_binary,evaluation,,,474.0,474.0
deepseek,64,39,103,0,37,,,DeepSeekBackend,deepseek-v4-flash,1784121105.4683552,llm_judge_binary,evaluation,,,476.0,476.0
deepseek,60,43,103,0,41,,,DeepSeekBackend,deepseek-v4-flash,1784121105.4746623,llm_judge_binary,evaluation,,,480.0,480.0
deepseek,60,42,102,0,40,,,DeepSeekBackend,deepseek-v4-flash,1784121105.5883465,llm_judge_binary,evaluation,,,485.0,485.0
deepseek,64,65,129,0,63,,,DeepSeekBackend,deepseek-v4-flash,1784121105.6188052,llm_judge_binary,evaluation,,,479.0,479.0
deepseek,60,45,105,0,43,,,DeepSeekBackend,deepseek-v4-flash,1784121105.6484542,llm_judge_binary,evaluation,,,483.0,483.0
deepseek,60,44,104,0,42,,,DeepSeekBackend,deepseek-v4-flash,1784121105.7326963,llm_judge_binary,evaluation,,,484.0,484.0
deepseek,62,250,312,0,248,,,DeepSeekBackend,deepseek-v4-flash,1784121105.812248,llm_judge_binary,evaluation,,,451.0,451.0
deepseek,62,71,133,0,69,,,DeepSeekBackend,deepseek-v4-flash,1784121105.8516808,llm_judge_binary,evaluation,,,481.0,481.0
deepseek,60,65,125,0,63,,,DeepSeekBackend,deepseek-v4-flash,1784121105.9124873,llm_judge_binary,evaluation,,,482.0,482.0
deepseek,60,35,95,0,33,,,DeepSeekBackend,deepseek-v4-flash,1784121105.951445,llm_judge_binary,evaluation,,,486.0,486.0
deepseek,60,43,103,0,41,,,DeepSeekBackend,deepseek-v4-flash,1784121106.0301955,llm_judge_binary,evaluation,,,489.0,489.0
deepseek,60,40,100,0,38,,,DeepSeekBackend,deepseek-v4-flash,1784121106.0470006,llm_judge_binary,evaluation,,,487.0,487.0
deepseek,60,31,91,0,29,,,DeepSeekBackend,deepseek-v4-flash,1784121106.2150872,llm_judge_binary,evaluation,,,496.0,496.0
deepseek,60,44,104,0,42,,,DeepSeekBackend,deepseek-v4-flash,1784121106.2278981,llm_judge_binary,evaluation,,,491.0,491.0
deepseek,60,43,103,0,41,,,DeepSeekBackend,deepseek-v4-flash,1784121106.2885332,llm_judge_binary,evaluation,,,493.0,493.0
deepseek,60,47,107,0,45,,,DeepSeekBackend,deepseek-v4-flash,1784121106.2967312,llm_judge_binary,evaluation,,,488.0,488.0
deepseek,60,37,97,0,35,,,DeepSeekBackend,deepseek-v4-flash,1784121106.3303118,llm_judge_binary,evaluation,,,492.0,492.0
deepseek,60,61,121,0,59,,,DeepSeekBackend,deepseek-v4-flash,1784121106.3959186,llm_judge_binary,evaluation,,,490.0,490.0
deepseek,60,44,104,0,42,,,DeepSeekBackend,deepseek-v4-flash,1784121106.4605846,llm_judge_binary,evaluation,,,495.0,495.0
deepseek,60,40,100,0,38,,,DeepSeekBackend,deepseek-v4-flash,1784121106.562241,llm_judge_binary,evaluation,,,497.0,497.0
deepseek,60,38,98,0,36,,,DeepSeekBackend,deepseek-v4-flash,1784121106.568424,llm_judge_binary,evaluation,,,494.0,494.0
deepseek,62,65,127,0,63,,,DeepSeekBackend,deepseek-v4-flash,1784121106.6201901,llm_judge_binary,evaluation,,,498.0,498.0
deepseek,60,50,110,0,48,,,DeepSeekBackend,deepseek-v4-flash,1784121106.751922,llm_judge_binary,evaluation,,,499.0,499.0
deepseek,62,325,387,0,323,,,DeepSeekBackend,deepseek-v4-flash,1784121106.8546786,llm_judge_binary,evaluation,,,452.0,452.0
deepseek,62,295,357,0,293,,,DeepSeekBackend,deepseek-v4-flash,1784121107.2219553,llm_judge_binary,evaluation,,,457.0,457.0
deepseek,60,25,85,0,23,,,DeepSeekBackend,deepseek-v4-flash,1784121107.2287474,llm_judge_binary,evaluation,,,511.0,511.0
deepseek,62,118,180,0,116,,,DeepSeekBackend,deepseek-v4-flash,1784121107.3208737,llm_judge_binary,evaluation,,,500.0,500.0
deepseek,62,94,156,0,92,,,DeepSeekBackend,deepseek-v4-flash,1784121107.344834,llm_judge_binary,evaluation,,,502.0,502.0
deepseek,62,104,166,0,102,,,DeepSeekBackend,deepseek-v4-flash,1784121107.3556318,llm_judge_binary,evaluation,,,501.0,501.0
deepseek,62,79,141,0,77,,,DeepSeekBackend,deepseek-v4-flash,1784121107.362053,llm_judge_binary,evaluation,,,506.0,506.0
deepseek,62,80,142,0,78,,,DeepSeekBackend,deepseek-v4-flash,1784121107.378645,llm_judge_binary,evaluation,,,504.0,504.0
deepseek,62,67,129,0,65,,,DeepSeekBackend,deepseek-v4-flash,1784121107.4812167,llm_judge_binary,evaluation,,,512.0,512.0
deepseek,60,74,134,0,72,,,DeepSeekBackend,deepseek-v4-flash,1784121107.588198,llm_judge_binary,evaluation,,,508.0,508.0
deepseek,62,116,178,0,114,,,DeepSeekBackend,deepseek-v4-flash,1784121107.6758432,llm_judge_binary,evaluation,,,503.0,503.0
deepseek,60,42,102,0,40,,,DeepSeekBackend,deepseek-v4-flash,1784121107.7268171,llm_judge_binary,evaluation,,,516.0,516.0
deepseek,62,122,184,0,120,,,DeepSeekBackend,deepseek-v4-flash,1784121107.7666001,llm_judge_binary,evaluation,,,505.0,505.0
deepseek,62,97,159,0,95,,,DeepSeekBackend,deepseek-v4-flash,1784121107.8790815,llm_judge_binary,evaluation,,,507.0,507.0
deepseek,62,62,124,0,60,,,DeepSeekBackend,deepseek-v4-flash,1784121107.8874683,llm_judge_binary,evaluation,,,514.0,514.0
deepseek,62,106,168,0,104,,,DeepSeekBackend,deepseek-v4-flash,1784121108.0705507,llm_judge_binary,evaluation,,,510.0,510.0
deepseek,60,85,145,0,83,,,DeepSeekBackend,deepseek-v4-flash,1784121108.0872502,llm_judge_binary,evaluation,,,517.0,517.0
deepseek,62,114,176,0,112,,,DeepSeekBackend,deepseek-v4-flash,1784121108.1780627,llm_judge_binary,evaluation,,,509.0,509.0
deepseek,62,46,108,0,44,,,DeepSeekBackend,deepseek-v4-flash,1784121108.207811,llm_judge_binary,evaluation,,,520.0,520.0
deepseek,62,45,107,0,43,,,DeepSeekBackend,deepseek-v4-flash,1784121108.2191966,llm_judge_binary,evaluation,,,521.0,521.0
deepseek,62,44,106,0,42,,,DeepSeekBackend,deepseek-v4-flash,1784121108.3406227,llm_judge_binary,evaluation,,,526.0,526.0
deepseek,62,125,187,0,123,,,DeepSeekBackend,deepseek-v4-flash,1784121108.4415102,llm_judge_binary,evaluation,,,513.0,513.0
deepseek,62,39,101,0,37,,,DeepSeekBackend,deepseek-v4-flash,1784121108.4480293,llm_judge_binary,evaluation,,,525.0,525.0
deepseek,62,104,166,0,102,,,DeepSeekBackend,deepseek-v4-flash,1784121108.4698577,llm_judge_binary,evaluation,,,515.0,515.0
deepseek,62,108,170,0,106,,,DeepSeekBackend,deepseek-v4-flash,1784121108.4930236,llm_judge_binary,evaluation,,,518.0,518.0
deepseek,62,44,106,0,42,,,DeepSeekBackend,deepseek-v4-flash,1784121108.5240352,llm_judge_binary,evaluation,,,524.0,524.0
deepseek,62,44,106,0,42,,,DeepSeekBackend,deepseek-v4-flash,1784121108.5479188,llm_judge_binary,evaluation,,,522.0,522.0
deepseek,62,37,99,0,35,,,DeepSeekBackend,deepseek-v4-flash,1784121108.5539906,llm_judge_binary,evaluation,,,527.0,527.0
deepseek,62,41,103,0,39,,,DeepSeekBackend,deepseek-v4-flash,1784121108.5934975,llm_judge_binary,evaluation,,,523.0,523.0
deepseek,62,44,106,0,42,,,DeepSeekBackend,deepseek-v4-flash,1784121108.6797738,llm_judge_binary,evaluation,,,530.0,530.0
deepseek,62,46,108,0,44,,,DeepSeekBackend,deepseek-v4-flash,1784121108.7209606,llm_judge_binary,evaluation,,,529.0,529.0
deepseek,62,43,105,0,41,,,DeepSeekBackend,deepseek-v4-flash,1784121108.7850935,llm_judge_binary,evaluation,,,528.0,528.0
deepseek,62,39,101,0,37,,,DeepSeekBackend,deepseek-v4-flash,1784121108.8014565,llm_judge_binary,evaluation,,,532.0,532.0
deepseek,62,45,107,0,43,,,DeepSeekBackend,deepseek-v4-flash,1784121108.8366532,llm_judge_binary,evaluation,,,531.0,531.0
deepseek,62,38,100,0,36,,,DeepSeekBackend,deepseek-v4-flash,1784121108.9172642,llm_judge_binary,evaluation,,,534.0,534.0
deepseek,62,45,107,0,43,,,DeepSeekBackend,deepseek-v4-flash,1784121109.0534925,llm_judge_binary,evaluation,,,533.0,533.0
deepseek,62,37,99,0,35,,,DeepSeekBackend,deepseek-v4-flash,1784121109.068587,llm_judge_binary,evaluation,,,537.0,537.0
deepseek,62,111,173,0,109,,,DeepSeekBackend,deepseek-v4-flash,1784121109.0864553,llm_judge_binary,evaluation,,,519.0,519.0
deepseek,62,45,107,0,43,,,DeepSeekBackend,deepseek-v4-flash,1784121109.2370682,llm_judge_binary,evaluation,,,535.0,535.0
deepseek,62,46,108,0,44,,,DeepSeekBackend,deepseek-v4-flash,1784121109.3517766,llm_judge_binary,evaluation,,,540.0,540.0
deepseek,62,49,111,0,47,,,DeepSeekBackend,deepseek-v4-flash,1784121109.4016385,llm_judge_binary,evaluation,,,539.0,539.0
deepseek,62,42,104,0,40,,,DeepSeekBackend,deepseek-v4-flash,1784121109.408193,llm_judge_binary,evaluation,,,536.0,536.0
deepseek,62,56,118,0,54,,,DeepSeekBackend,deepseek-v4-flash,1784121109.4247336,llm_judge_binary,evaluation,,,538.0,538.0
deepseek,62,40,102,0,38,,,DeepSeekBackend,deepseek-v4-flash,1784121109.494714,llm_judge_binary,evaluation,,,543.0,543.0
deepseek,62,56,118,0,54,,,DeepSeekBackend,deepseek-v4-flash,1784121109.501595,llm_judge_binary,evaluation,,,542.0,542.0
deepseek,62,32,94,0,30,,,DeepSeekBackend,deepseek-v4-flash,1784121109.5588832,llm_judge_binary,evaluation,,,548.0,548.0
deepseek,62,31,93,0,29,,,DeepSeekBackend,deepseek-v4-flash,1784121109.690848,llm_judge_binary,evaluation,,,546.0,546.0
deepseek,61,68,129,0,66,,,DeepSeekBackend,deepseek-v4-flash,1784121109.737205,llm_judge_binary,evaluation,,,544.0,544.0
deepseek,62,37,99,0,35,,,DeepSeekBackend,deepseek-v4-flash,1784121109.7445097,llm_judge_binary,evaluation,,,552.0,552.0
deepseek,62,59,121,0,57,,,DeepSeekBackend,deepseek-v4-flash,1784121109.8352377,llm_judge_binary,evaluation,,,550.0,550.0
deepseek,61,62,123,0,60,,,DeepSeekBackend,deepseek-v4-flash,1784121109.8758411,llm_judge_binary,evaluation,,,547.0,547.0
deepseek,61,61,122,0,59,,,DeepSeekBackend,deepseek-v4-flash,1784121109.9093537,llm_judge_binary,evaluation,,,551.0,551.0
deepseek,61,111,172,0,109,,,DeepSeekBackend,deepseek-v4-flash,1784121110.0384343,llm_judge_binary,evaluation,,,541.0,541.0
deepseek,62,70,132,0,68,,,DeepSeekBackend,deepseek-v4-flash,1784121110.0647426,llm_judge_binary,evaluation,,,549.0,549.0
deepseek,62,100,162,0,98,,,DeepSeekBackend,deepseek-v4-flash,1784121110.0943532,llm_judge_binary,evaluation,,,545.0,545.0
deepseek,62,44,106,0,42,,,DeepSeekBackend,deepseek-v4-flash,1784121110.1847715,llm_judge_binary,evaluation,,,556.0,556.0
deepseek,62,51,113,0,49,,,DeepSeekBackend,deepseek-v4-flash,1784121110.405169,llm_judge_binary,evaluation,,,554.0,554.0
deepseek,62,71,133,0,69,,,DeepSeekBackend,deepseek-v4-flash,1784121110.426346,llm_judge_binary,evaluation,,,553.0,553.0
deepseek,62,57,119,0,55,,,DeepSeekBackend,deepseek-v4-flash,1784121110.4928632,llm_judge_binary,evaluation,,,558.0,558.0
deepseek,62,39,101,0,37,,,DeepSeekBackend,deepseek-v4-flash,1784121110.511683,llm_judge_binary,evaluation,,,559.0,559.0
deepseek,62,74,136,0,72,,,DeepSeekBackend,deepseek-v4-flash,1784121110.5181649,llm_judge_binary,evaluation,,,555.0,555.0
deepseek,62,83,145,0,81,,,DeepSeekBackend,deepseek-v4-flash,1784121110.671801,llm_judge_binary,evaluation,,,561.0,561.0
deepseek,61,79,140,0,77,,,DeepSeekBackend,deepseek-v4-flash,1784121110.8271408,llm_judge_binary,evaluation,,,557.0,557.0
deepseek,62,82,144,0,80,,,DeepSeekBackend,deepseek-v4-flash,1784121110.8427186,llm_judge_binary,evaluation,,,562.0,562.0
deepseek,60,78,138,0,76,,,DeepSeekBackend,deepseek-v4-flash,1784121110.8712955,llm_judge_binary,evaluation,,,563.0,563.0
deepseek,62,74,136,0,72,,,DeepSeekBackend,deepseek-v4-flash,1784121110.9807134,llm_judge_binary,evaluation,,,565.0,565.0
deepseek,60,93,153,0,91,,,DeepSeekBackend,deepseek-v4-flash,1784121111.0736668,llm_judge_binary,evaluation,,,560.0,560.0
deepseek,61,85,146,0,83,,,DeepSeekBackend,deepseek-v4-flash,1784121111.1613734,llm_judge_binary,evaluation,,,566.0,566.0
deepseek,62,70,132,0,68,,,DeepSeekBackend,deepseek-v4-flash,1784121111.1858494,llm_judge_binary,evaluation,,,570.0,570.0
deepseek,62,85,147,0,83,,,DeepSeekBackend,deepseek-v4-flash,1784121111.2088058,llm_judge_binary,evaluation,,,567.0,567.0
deepseek,60,98,158,0,96,,,DeepSeekBackend,deepseek-v4-flash,1784121111.2157,llm_judge_binary,evaluation,,,564.0,564.0
deepseek,62,75,137,0,73,,,DeepSeekBackend,deepseek-v4-flash,1784121111.2355433,llm_judge_binary,evaluation,,,571.0,571.0
deepseek,62,82,144,0,80,,,DeepSeekBackend,deepseek-v4-flash,1784121111.3643832,llm_judge_binary,evaluation,,,569.0,569.0
deepseek,62,93,155,0,91,,,DeepSeekBackend,deepseek-v4-flash,1784121111.481611,llm_judge_binary,evaluation,,,568.0,568.0
deepseek,62,84,146,0,82,,,DeepSeekBackend,deepseek-v4-flash,1784121111.5244706,llm_judge_binary,evaluation,,,573.0,573.0
deepseek,62,83,145,0,81,,,DeepSeekBackend,deepseek-v4-flash,1784121111.6617203,llm_judge_binary,evaluation,,,572.0,572.0
deepseek,62,40,102,0,38,,,DeepSeekBackend,deepseek-v4-flash,1784121111.7324536,llm_judge_binary,evaluation,,,580.0,580.0
deepseek,62,67,129,0,65,,,DeepSeekBackend,deepseek-v4-flash,1784121111.7437844,llm_judge_binary,evaluation,,,574.0,574.0
deepseek,62,37,99,0,35,,,DeepSeekBackend,deepseek-v4-flash,1784121111.7464483,llm_judge_binary,evaluation,,,581.0,581.0
deepseek,62,78,140,0,76,,,DeepSeekBackend,deepseek-v4-flash,1784121111.81207,llm_judge_binary,evaluation,,,575.0,575.0
deepseek,62,37,99,0,35,,,DeepSeekBackend,deepseek-v4-flash,1784121111.8666177,llm_judge_binary,evaluation,,,584.0,584.0
deepseek,62,46,108,0,44,,,DeepSeekBackend,deepseek-v4-flash,1784121111.8807597,llm_judge_binary,evaluation,,,583.0,583.0
deepseek,62,49,111,0,47,,,DeepSeekBackend,deepseek-v4-flash,1784121111.889837,llm_judge_binary,evaluation,,,582.0,582.0
deepseek,61,85,146,0,83,,,DeepSeekBackend,deepseek-v4-flash,1784121111.9086652,llm_judge_binary,evaluation,,,579.0,579.0
deepseek,62,67,129,0,65,,,DeepSeekBackend,deepseek-v4-flash,1784121111.933954,llm_judge_binary,evaluation,,,578.0,578.0
deepseek,62,77,139,0,75,,,DeepSeekBackend,deepseek-v4-flash,1784121112.006267,llm_judge_binary,evaluation,,,576.0,576.0
deepseek,62,75,137,0,73,,,DeepSeekBackend,deepseek-v4-flash,1784121112.0457113,llm_judge_binary,evaluation,,,577.0,577.0
deepseek,62,39,101,0,37,,,DeepSeekBackend,deepseek-v4-flash,1784121112.149079,llm_judge_binary,evaluation,,,586.0,586.0
deepseek,62,45,107,0,43,,,DeepSeekBackend,deepseek-v4-flash,1784121112.207396,llm_judge_binary,evaluation,,,589.0,589.0
deepseek,62,41,103,0,39,,,DeepSeekBackend,deepseek-v4-flash,1784121112.267977,llm_judge_binary,evaluation,,,588.0,588.0
deepseek,62,44,106,0,42,,,DeepSeekBackend,deepseek-v4-flash,1784121112.3498938,llm_judge_binary,evaluation,,,587.0,587.0
deepseek,62,50,112,0,48,,,DeepSeekBackend,deepseek-v4-flash,1784121112.4050736,llm_judge_binary,evaluation,,,585.0,585.0
deepseek,62,30,92,0,28,,,DeepSeekBackend,deepseek-v4-flash,1784121112.4291084,llm_judge_binary,evaluation,,,593.0,593.0
deepseek,62,46,108,0,44,,,DeepSeekBackend,deepseek-v4-flash,1784121112.5072439,llm_judge_binary,evaluation,,,592.0,592.0
deepseek,62,43,105,0,41,,,DeepSeekBackend,deepseek-v4-flash,1784121112.5223513,llm_judge_binary,evaluation,,,591.0,591.0
deepseek,62,39,101,0,37,,,DeepSeekBackend,deepseek-v4-flash,1784121112.5660443,llm_judge_binary,evaluation,,,595.0,595.0
deepseek,62,33,95,0,31,,,DeepSeekBackend,deepseek-v4-flash,1784121112.6044652,llm_judge_binary,evaluation,,,594.0,594.0
deepseek,62,36,98,0,34,,,DeepSeekBackend,deepseek-v4-flash,1784121112.6411943,llm_judge_binary,evaluation,,,590.0,590.0
deepseek,60,43,103,0,41,,,DeepSeekBackend,deepseek-v4-flash,1784121112.6603405,llm_judge_binary,evaluation,,,600.0,600.0
deepseek,62,35,97,0,33,,,DeepSeekBackend,deepseek-v4-flash,1784121112.691561,llm_judge_binary,evaluation,,,598.0,598.0
deepseek,62,39,101,0,37,,,DeepSeekBackend,deepseek-v4-flash,1784121112.7352846,llm_judge_binary,evaluation,,,599.0,599.0
deepseek,62,37,99,0,35,,,DeepSeekBackend,deepseek-v4-flash,1784121112.7418797,llm_judge_binary,evaluation,,,596.0,596.0
deepseek,60,39,99,0,37,,,DeepSeekBackend,deepseek-v4-flash,1784121112.8251765,llm_judge_binary,evaluation,,,601.0,601.0
deepseek,60,35,95,0,33,,,DeepSeekBackend,deepseek-v4-flash,1784121112.9216354,llm_judge_binary,evaluation,,,604.0,604.0
deepseek,60,33,93,0,31,,,DeepSeekBackend,deepseek-v4-flash,1784121112.9470878,llm_judge_binary,evaluation,,,605.0,605.0
deepseek,62,49,111,0,47,,,DeepSeekBackend,deepseek-v4-flash,1784121112.9640124,llm_judge_binary,evaluation,,,597.0,597.0
deepseek,60,48,108,0,46,,,DeepSeekBackend,deepseek-v4-flash,1784121113.0561674,llm_judge_binary,evaluation,,,602.0,602.0
deepseek,60,36,96,0,34,,,DeepSeekBackend,deepseek-v4-flash,1784121113.246142,llm_judge_binary,evaluation,,,606.0,606.0
deepseek,60,47,107,0,45,,,DeepSeekBackend,deepseek-v4-flash,1784121113.265696,llm_judge_binary,evaluation,,,608.0,608.0
deepseek,60,30,90,0,28,,,DeepSeekBackend,deepseek-v4-flash,1784121113.302714,llm_judge_binary,evaluation,,,610.0,610.0
deepseek,60,56,116,0,54,,,DeepSeekBackend,deepseek-v4-flash,1784121113.348207,llm_judge_binary,evaluation,,,603.0,603.0
deepseek,60,61,121,0,59,,,DeepSeekBackend,deepseek-v4-flash,1784121113.3927944,llm_judge_binary,evaluation,,,607.0,607.0
deepseek,60,42,102,0,40,,,DeepSeekBackend,deepseek-v4-flash,1784121113.4385424,llm_judge_binary,evaluation,,,609.0,609.0
deepseek,60,31,91,0,29,,,DeepSeekBackend,deepseek-v4-flash,1784121113.4860275,llm_judge_binary,evaluation,,,616.0,616.0
deepseek,60,35,95,0,33,,,DeepSeekBackend,deepseek-v4-flash,1784121113.5335312,llm_judge_binary,evaluation,,,611.0,611.0
deepseek,60,37,97,0,35,,,DeepSeekBackend,deepseek-v4-flash,1784121113.551536,llm_judge_binary,evaluation,,,617.0,617.0
deepseek,60,37,97,0,35,,,DeepSeekBackend,deepseek-v4-flash,1784121113.6169794,llm_judge_binary,evaluation,,,618.0,618.0
deepseek,60,39,99,0,37,,,DeepSeekBackend,deepseek-v4-flash,1784121113.6990001,llm_judge_binary,evaluation,,,612.0,612.0
deepseek,60,39,99,0,37,,,DeepSeekBackend,deepseek-v4-flash,1784121113.7770808,llm_judge_binary,evaluation,,,619.0,619.0
deepseek,60,37,97,0,35,,,DeepSeekBackend,deepseek-v4-flash,1784121113.7982635,llm_judge_binary,evaluation,,,614.0,614.0
deepseek,60,84,144,0,82,,,DeepSeekBackend,deepseek-v4-flash,1784121113.999862,llm_judge_binary,evaluation,,,615.0,615.0
deepseek,60,93,153,0,91,,,DeepSeekBackend,deepseek-v4-flash,1784121114.1708956,llm_judge_binary,evaluation,,,613.0,613.0
