provider,input_tokens,output_tokens,total_tokens,cached_input_tokens,reasoning_tokens,audio_input_tokens,audio_output_tokens,backend,model,recorded_at_unix,step,phase,cell_idx,cell_barcode,sample_pos,result_index
deepseek,715,229,944,0,226,,,DeepSeekBackend,deepseek-v4-flash,1784120054.6513665,stage1_annotation,annotation,143579.0,E2L7_GAAGAATTCTATCGTT,,
deepseek,715,215,930,0,212,,,DeepSeekBackend,deepseek-v4-flash,1784120054.9559526,stage1_annotation,annotation,98402.0,E2L3_GTTACAGGTTAGGAGC,,
deepseek,715,253,968,0,199,,,DeepSeekBackend,deepseek-v4-flash,1784120054.9879644,stage1_annotation,annotation,65516.0,L5_TGCTTGCCACGCGTCA,,
deepseek,715,249,964,0,193,,,DeepSeekBackend,deepseek-v4-flash,1784120055.106715,stage1_annotation,annotation,139354.0,E2L7_AGCTCAATCGCCTATC,,
deepseek,715,232,947,0,165,,,DeepSeekBackend,deepseek-v4-flash,1784120055.2075937,stage1_annotation,annotation,126676.0,E2L6_ACTGTGAAGAGTTCGG,,
deepseek,715,278,993,0,218,,,DeepSeekBackend,deepseek-v4-flash,1784120055.2122324,stage1_annotation,annotation,148054.0,E2L7_TGAATCGGTGGTGATG,,
deepseek,715,294,1009,0,228,,,DeepSeekBackend,deepseek-v4-flash,1784120055.3552947,stage1_annotation,annotation,137078.0,E2L6_TTCCGGTAGTGTAGTA,,
deepseek,715,287,1002,0,226,,,DeepSeekBackend,deepseek-v4-flash,1784120055.5548224,stage1_annotation,annotation,14943.0,L2_ACGTTCCCAGGTCCGT,,
deepseek,715,340,1055,0,276,,,DeepSeekBackend,deepseek-v4-flash,1784120055.7662385,stage1_annotation,annotation,116772.0,E2L5_CAGGCCACATAACGGG,,
deepseek,715,341,1056,0,287,,,DeepSeekBackend,deepseek-v4-flash,1784120055.8417842,stage1_annotation,annotation,109653.0,E2L4_GTCGAATGTGGTCTCG,,
deepseek,715,317,1032,0,261,,,DeepSeekBackend,deepseek-v4-flash,1784120055.8580976,stage1_annotation,annotation,81589.0,E2L2_CACAACAGTGCAATAA,,
deepseek,715,379,1094,0,295,,,DeepSeekBackend,deepseek-v4-flash,1784120056.4343066,stage1_annotation,annotation,132693.0,E2L6_GCTTGGGCAAGTGCAG,,
deepseek,715,441,1156,0,334,,,DeepSeekBackend,deepseek-v4-flash,1784120056.5480225,stage1_annotation,annotation,25410.0,L2_TGCGGGTCACCCTCTA,,
deepseek,715,375,1090,0,305,,,DeepSeekBackend,deepseek-v4-flash,1784120056.899221,stage1_annotation,annotation,147689.0,E2L7_TCGCACTTCACTTCTA,,
deepseek,715,625,1340,0,575,,,DeepSeekBackend,deepseek-v4-flash,1784120058.343298,stage1_annotation,annotation,81561.0,E2L2_CAATCGAGTTGGGTAG,,
deepseek,715,613,1328,0,556,,,DeepSeekBackend,deepseek-v4-flash,1784120058.4502492,stage1_annotation,annotation,89523.0,E2L2_TGTACAGAGCGACTAG,,
deepseek,715,583,1298,0,528,,,DeepSeekBackend,deepseek-v4-flash,1784120058.6662052,stage1_annotation,annotation,154256.0,E2L8_CGAGTTAAGCTCCATA,,
deepseek,715,618,1333,0,564,,,DeepSeekBackend,deepseek-v4-flash,1784120059.2307637,stage1_annotation,annotation,39262.0,L4_AACAAAGGTACGAAAT,,
deepseek,715,733,1448,0,669,,,DeepSeekBackend,deepseek-v4-flash,1784120059.7873833,stage1_annotation,annotation,18250.0,L2_CCGGACAAGTTGCGCC,,
deepseek,715,277,992,640,274,,,DeepSeekBackend,deepseek-v4-flash,1784120060.7976735,stage1_annotation,annotation,129695.0,E2L6_CCGGTAGGTGGTCTAT,,
deepseek,715,295,1010,640,240,,,DeepSeekBackend,deepseek-v4-flash,1784120061.5733862,stage1_annotation,annotation,93977.0,E2L3_CATGCAAGTCACCACG,,
deepseek,715,309,1024,640,306,,,DeepSeekBackend,deepseek-v4-flash,1784120061.7050755,stage1_annotation,annotation,132238.0,E2L6_GCACATAGTGGATACG,,
deepseek,715,367,1082,640,314,,,DeepSeekBackend,deepseek-v4-flash,1784120061.8849375,stage1_annotation,annotation,122133.0,E2L5_TAATCTCCATAACGGG,,
deepseek,715,298,1013,640,237,,,DeepSeekBackend,deepseek-v4-flash,1784120061.9012582,stage1_annotation,annotation,37598.0,L3_TGATTTCCATTCTGTT,,
deepseek,715,492,1207,0,432,,,DeepSeekBackend,deepseek-v4-flash,1784120062.2311656,stage1_annotation,annotation,120045.0,E2L5_GCAGTTACAACGGCTC,,
deepseek,715,379,1094,640,316,,,DeepSeekBackend,deepseek-v4-flash,1784120062.8464441,stage1_annotation,annotation,34925.0,L3_GTATTGGAGCCTGTCG,,
deepseek,715,454,1169,640,375,,,DeepSeekBackend,deepseek-v4-flash,1784120063.3902729,stage1_annotation,annotation,114352.0,E2L5_ACCTGTCCACGCGCAT,,
deepseek,715,355,1070,640,281,,,DeepSeekBackend,deepseek-v4-flash,1784120065.2275128,stage1_annotation,annotation,157192.0,E2L8_GGGTAGATCTGGAAGG,,
deepseek,715,681,1396,640,678,,,DeepSeekBackend,deepseek-v4-flash,1784120065.258405,stage1_annotation,annotation,147908.0,E2L7_TCTCACGGTCTAGGTT,,
deepseek,715,595,1310,640,522,,,DeepSeekBackend,deepseek-v4-flash,1784120065.678036,stage1_annotation,annotation,130162.0,E2L6_CGCCAGAAGAAAGCGA,,
deepseek,715,646,1361,640,643,,,DeepSeekBackend,deepseek-v4-flash,1784120065.8351223,stage1_annotation,annotation,91168.0,E2L3_AATTCCTCAGTCCCGA,,
deepseek,715,628,1343,640,560,,,DeepSeekBackend,deepseek-v4-flash,1784120066.3860567,stage1_annotation,annotation,44845.0,L4_CTCATTACAAGCCCAC,,
deepseek,715,416,1131,640,324,,,DeepSeekBackend,deepseek-v4-flash,1784120066.754216,stage1_annotation,annotation,104820.0,E2L4_CAATCGATCTTCGTGC,,
deepseek,715,558,1273,640,555,,,DeepSeekBackend,deepseek-v4-flash,1784120067.482832,stage1_annotation,annotation,128449.0,E2L6_CAACAGTGTATCCTCC,,
deepseek,715,415,1130,640,356,,,DeepSeekBackend,deepseek-v4-flash,1784120067.9701157,stage1_annotation,annotation,79677.0,E2L2_ACTCTCGGTACAGTTC,,
deepseek,715,679,1394,640,623,,,DeepSeekBackend,deepseek-v4-flash,1784120068.8749192,stage1_annotation,annotation,9912.0,L1_TAACTTCAGCTCAGAG,,
deepseek,715,1556,2271,0,1485,,,DeepSeekBackend,deepseek-v4-flash,1784120069.985918,stage1_annotation,annotation,87907.0,E2L2_TCAGCAAAGAACAAGG,,
deepseek,715,1140,1855,640,1137,,,DeepSeekBackend,deepseek-v4-flash,1784120070.5587769,stage1_annotation,annotation,16239.0,L2_ATCACGATCAGCTTGA,,
deepseek,715,972,1687,640,919,,,DeepSeekBackend,deepseek-v4-flash,1784120070.7741497,stage1_annotation,annotation,78043.0,E2L1_TTCGATTTCCCAATAG,,
deepseek,715,789,1504,640,705,,,DeepSeekBackend,deepseek-v4-flash,1784120073.822897,stage1_annotation,annotation,83842.0,E2L2_CTCTGGTCACGGCTAC,,
deepseek,715,440,1155,640,437,,,DeepSeekBackend,deepseek-v4-flash,1784120074.1801705,stage1_annotation,annotation,66327.0,L5_TTCCAATAGGTGGCTA,,
deepseek,715,801,1516,0,798,,,DeepSeekBackend,deepseek-v4-flash,1784120074.9870496,stage1_annotation,annotation,26617.0,L2_TTGGATGTCAGCTCTC,,
deepseek,715,594,1309,640,591,,,DeepSeekBackend,deepseek-v4-flash,1784120076.372585,stage1_annotation,annotation,122062.0,E2L5_TAACTTCGTAATACCC,,
deepseek,715,661,1376,640,596,,,DeepSeekBackend,deepseek-v4-flash,1784120076.7600543,stage1_annotation,annotation,42957.0,L4_CAGTTAGAGCGACCCT,,
deepseek,715,1124,1839,0,1039,,,DeepSeekBackend,deepseek-v4-flash,1784120077.1097088,stage1_annotation,annotation,135908.0,E2L6_TCTGTCGTCGCTGTTC,,
deepseek,715,376,1091,640,373,,,DeepSeekBackend,deepseek-v4-flash,1784120077.848059,stage1_annotation,annotation,140762.0,E2L7_CAATACGTCTACGGGC,,
deepseek,715,1055,1770,0,1052,,,DeepSeekBackend,deepseek-v4-flash,1784120078.0063915,stage1_annotation,annotation,117816.0,E2L5_CGAAGTTGTTCGGACC,,
deepseek,715,1474,2189,640,1471,,,DeepSeekBackend,deepseek-v4-flash,1784120078.372189,stage1_annotation,annotation,98462.0,E2L3_GTTATGGCACCAACAT,,
deepseek,715,1043,1758,640,939,,,DeepSeekBackend,deepseek-v4-flash,1784120080.3854618,stage1_annotation,annotation,75176.0,E2L1_GTTATGGAGTATGACA,,
deepseek,715,367,1082,0,315,,,DeepSeekBackend,deepseek-v4-flash,1784120081.8306823,stage1_annotation,annotation,99957.0,E2L3_TCGCTTGAGTGATTCC,,
deepseek,715,987,1702,640,984,,,DeepSeekBackend,deepseek-v4-flash,1784120081.868494,stage1_annotation,annotation,105380.0,E2L4_CATGCAATCCGTGCGA,,
deepseek,715,1269,1984,640,1202,,,DeepSeekBackend,deepseek-v4-flash,1784120082.9271252,stage1_annotation,annotation,112953.0,E2L4_TTCCTTCCACTGCGAC,,
deepseek,715,337,1052,640,334,,,DeepSeekBackend,deepseek-v4-flash,1784120082.9430058,stage1_annotation,annotation,15125.0,L2_ACTTCGCCAGCAGGAT,,
deepseek,715,1178,1893,640,1175,,,DeepSeekBackend,deepseek-v4-flash,1784120083.6014893,stage1_annotation,annotation,130769.0,E2L6_CTCATCGAGGATTTGA,,
deepseek,715,331,1046,640,269,,,DeepSeekBackend,deepseek-v4-flash,1784120085.2039292,stage1_annotation,annotation,17489.0,L2_CAGGCCAAGTCAATCC,,
deepseek,715,1538,2253,640,1535,,,DeepSeekBackend,deepseek-v4-flash,1784120085.5370233,stage1_annotation,annotation,138823.0,E2L7_ACTATGGCAGCTGAAG,,
deepseek,715,447,1162,640,375,,,DeepSeekBackend,deepseek-v4-flash,1784120085.7750893,stage1_annotation,annotation,59582.0,L5_GAAGGACGTAGAATGT,,
deepseek,715,303,1018,640,300,,,DeepSeekBackend,deepseek-v4-flash,1784120085.9061658,stage1_annotation,annotation,100034.0,E2L3_TCGTAGATCCTAAACG,,
deepseek,715,1224,1939,640,1219,,,DeepSeekBackend,deepseek-v4-flash,1784120085.9503946,stage1_annotation,annotation,120072.0,E2L5_GCATCTCCATAGTCGT,,
deepseek,715,366,1081,640,281,,,DeepSeekBackend,deepseek-v4-flash,1784120085.9996612,stage1_annotation,annotation,98389.0,E2L3_GTGTTCCCAGACCAAG,,
deepseek,715,352,1067,640,287,,,DeepSeekBackend,deepseek-v4-flash,1784120086.5711894,stage1_annotation,annotation,101286.0,E2L3_TTCATTGGTTGTAAAG,,
deepseek,715,395,1110,640,392,,,DeepSeekBackend,deepseek-v4-flash,1784120086.8287268,stage1_annotation,annotation,48077.0,L4_GTCTGTCAGGAACGAA,,
deepseek,715,1917,2632,0,1826,,,DeepSeekBackend,deepseek-v4-flash,1784120088.941711,stage1_annotation,annotation,72013.0,E2L1_CTCAAGACAATCTGCA,,
deepseek,715,356,1071,640,353,,,DeepSeekBackend,deepseek-v4-flash,1784120089.3931172,stage1_annotation,annotation,133057.0,E2L6_GGGCGTTGTCGCACAC,,
deepseek,715,1592,2307,640,1515,,,DeepSeekBackend,deepseek-v4-flash,1784120089.5545182,stage1_annotation,annotation,139030.0,E2L7_AGAACAATCTAAGGAA,,
deepseek,715,412,1127,640,349,,,DeepSeekBackend,deepseek-v4-flash,1784120090.8271694,stage1_annotation,annotation,105202.0,E2L4_CAGTTCCCAGGACTAG,,
deepseek,715,270,985,640,219,,,DeepSeekBackend,deepseek-v4-flash,1784120090.8672287,stage1_annotation,annotation,112127.0,E2L4_TGCATCCTCCCAGCGA,,
deepseek,715,424,1139,640,349,,,DeepSeekBackend,deepseek-v4-flash,1784120091.3190777,stage1_annotation,annotation,21811.0,L2_GGGACCTCAGAAACCG,,
deepseek,715,1358,2073,640,1284,,,DeepSeekBackend,deepseek-v4-flash,1784120092.8781528,stage1_annotation,annotation,89331.0,E2L2_TGGATCAGTCATATGC,,
deepseek,715,241,956,640,183,,,DeepSeekBackend,deepseek-v4-flash,1784120093.1727798,stage1_annotation,annotation,114169.0,E2L5_ACAGCCGTCGAACCTA,,
deepseek,715,229,944,640,226,,,DeepSeekBackend,deepseek-v4-flash,1784120093.3512285,stage1_annotation,annotation,99108.0,E2L3_TATCAGGGTATCGGTT,,
deepseek,715,309,1024,640,239,,,DeepSeekBackend,deepseek-v4-flash,1784120093.9935246,stage1_annotation,annotation,81675.0,E2L2_CACGAATCACCTGAAT,,
deepseek,715,1855,2570,640,1852,,,DeepSeekBackend,deepseek-v4-flash,1784120094.2154014,stage1_annotation,annotation,89387.0,E2L2_TGGGATTTCTCATGCC,,
deepseek,715,334,1049,640,249,,,DeepSeekBackend,deepseek-v4-flash,1784120094.8949106,stage1_annotation,annotation,141644.0,E2L7_CCATAAGAGTTGTCAC,,
deepseek,715,662,1377,640,584,,,DeepSeekBackend,deepseek-v4-flash,1784120095.0557258,stage1_annotation,annotation,128376.0,E2L6_ATTTACCCACGAAGAC,,
deepseek,715,350,1065,640,289,,,DeepSeekBackend,deepseek-v4-flash,1784120095.2712846,stage1_annotation,annotation,26671.0,L2_TTGGTTTGTTAGGGTG,,
deepseek,715,633,1348,640,595,,,DeepSeekBackend,deepseek-v4-flash,1784120095.5465097,stage1_annotation,annotation,109651.0,E2L4_GTCGAATCACTCCTGT,,
deepseek,715,465,1180,640,384,,,DeepSeekBackend,deepseek-v4-flash,1784120096.3510725,stage1_annotation,annotation,86240.0,E2L2_GTAGATCAGGTCGTCC,,
deepseek,715,2267,2982,640,2264,,,DeepSeekBackend,deepseek-v4-flash,1784120101.7390013,stage1_annotation,annotation,153348.0,E2L8_CATCGGGTCCCAGTGG,,
deepseek,715,3242,3957,640,3239,,,DeepSeekBackend,deepseek-v4-flash,1784120105.4650521,stage1_annotation,annotation,148133.0,E2L7_TGAGCATTCAATCTTC,,
deepseek,714,449,1163,0,379,,,DeepSeekBackend,deepseek-v4-flash,1784120117.2996132,stage1_annotation,annotation,23889.0,L2_TCAATCTCAGGTTTAC,,
deepseek,714,720,1434,640,635,,,DeepSeekBackend,deepseek-v4-flash,1784120124.9626417,stage1_annotation,annotation,31366.0,L3_CCTCTAGAGCGAGTAC,,
deepseek,714,460,1174,640,396,,,DeepSeekBackend,deepseek-v4-flash,1784120129.5802338,stage1_annotation,annotation,121753.0,E2L5_GTGTGATGTTCGGTAT,,
deepseek,715,608,1323,0,540,,,DeepSeekBackend,deepseek-v4-flash,1784120132.800046,stage1_annotation,annotation,111605.0,E2L4_TCGTAGAAGAGAATCT,,
deepseek,714,458,1172,640,392,,,DeepSeekBackend,deepseek-v4-flash,1784120134.0563498,stage1_annotation,annotation,4544.0,L1_CCCATTGCAACTTGCA,,
deepseek,714,840,1554,640,752,,,DeepSeekBackend,deepseek-v4-flash,1784120134.8669019,stage1_annotation,annotation,74756.0,E2L1_GTCGTTCAGTAGACAT,,
deepseek,714,201,915,640,197,,,DeepSeekBackend,deepseek-v4-flash,1784120137.070081,stage1_annotation,annotation,17322.0,L2_CACTGAACAGGGCTTC,,
deepseek,714,352,1066,640,287,,,DeepSeekBackend,deepseek-v4-flash,1784120137.7195795,stage1_annotation,annotation,63405.0,L5_TAGCACAGTATAGGGC,,
deepseek,714,215,929,640,163,,,DeepSeekBackend,deepseek-v4-flash,1784120140.2283711,stage1_annotation,annotation,82943.0,E2L2_CGAGAAGTCGCCTATC,,
deepseek,715,868,1583,640,812,,,DeepSeekBackend,deepseek-v4-flash,1784120140.4929492,stage1_annotation,annotation,118496.0,E2L5_CTCAATTTCGTCAAAC,,
deepseek,714,495,1209,640,434,,,DeepSeekBackend,deepseek-v4-flash,1784120142.5676646,stage1_annotation,annotation,60803.0,L5_GCGATCGAGTCACAGG,,
deepseek,714,480,1194,640,421,,,DeepSeekBackend,deepseek-v4-flash,1784120144.436,stage1_annotation,annotation,117989.0,E2L5_CGCCAGAGTATGATCC,,
deepseek,715,626,1341,640,566,,,DeepSeekBackend,deepseek-v4-flash,1784120145.9616854,stage1_annotation,annotation,40387.0,L4_ACTACGACAGACGGAT,,
deepseek,714,479,1193,640,419,,,DeepSeekBackend,deepseek-v4-flash,1784120146.0218565,stage1_annotation,annotation,75166.0,E2L1_GTTAGTGCAGCGACCT,,
deepseek,714,751,1465,640,747,,,DeepSeekBackend,deepseek-v4-flash,1784120146.8900945,stage1_annotation,annotation,97268.0,E2L3_GGCGTCATCTTGCGCT,,
deepseek,714,363,1077,640,359,,,DeepSeekBackend,deepseek-v4-flash,1784120147.539174,stage1_annotation,annotation,128680.0,E2L6_CACATGAAGACCTCAT,,
deepseek,714,753,1467,640,749,,,DeepSeekBackend,deepseek-v4-flash,1784120148.2181706,stage1_annotation,annotation,161156.0,E2L8_TTCATGTCATACCAGT,,
deepseek,714,681,1395,640,596,,,DeepSeekBackend,deepseek-v4-flash,1784120148.6771975,stage1_annotation,annotation,113367.0,E2L4_TTTCGATAGCTAGAAT,,
deepseek,714,726,1440,640,631,,,DeepSeekBackend,deepseek-v4-flash,1784120149.8810356,stage1_annotation,annotation,134858.0,E2L6_TATCTTGAGTTTGCTG,,
deepseek,714,656,1370,640,584,,,DeepSeekBackend,deepseek-v4-flash,1784120149.8890877,stage1_annotation,annotation,89449.0,E2L2_TGGTAGTCAGCTGTAT,,
deepseek,715,864,1579,640,821,,,DeepSeekBackend,deepseek-v4-flash,1784120150.3604596,stage1_annotation,annotation,40081.0,L4_ACCCAAAAGTTAACGA,,
deepseek,714,766,1480,640,762,,,DeepSeekBackend,deepseek-v4-flash,1784120151.9812152,stage1_annotation,annotation,76477.0,E2L1_TCCTTCTAGGGTCACA,,
deepseek,714,497,1211,640,493,,,DeepSeekBackend,deepseek-v4-flash,1784120152.419344,stage1_annotation,annotation,20242.0,L2_GAATCACAGTGCACAG,,
deepseek,715,731,1446,640,640,,,DeepSeekBackend,deepseek-v4-flash,1784120152.9658768,stage1_annotation,annotation,40677.0,L4_AGACAGGTCGGACAAG,,
deepseek,715,998,1713,640,917,,,DeepSeekBackend,deepseek-v4-flash,1784120153.1582563,stage1_annotation,annotation,155011.0,E2L8_CTCCTCCAGTAAGACT,,
deepseek,715,449,1164,640,445,,,DeepSeekBackend,deepseek-v4-flash,1784120155.654145,stage1_annotation,annotation,127099.0,E2L6_AGCGTATAGCAAACAT,,
deepseek,715,577,1292,640,573,,,DeepSeekBackend,deepseek-v4-flash,1784120156.1390934,stage1_annotation,annotation,146593.0,E2L7_TACCCACGTGGTCCGT,,
deepseek,715,581,1296,640,491,,,DeepSeekBackend,deepseek-v4-flash,1784120156.170863,stage1_annotation,annotation,71330.0,E2L1_CGAAGGAGTTCAACGT,,
deepseek,715,1382,2097,640,1289,,,DeepSeekBackend,deepseek-v4-flash,1784120156.2744286,stage1_annotation,annotation,123107.0,E2L5_TCCAGAACATTGAGCT,,
deepseek,715,1172,1887,640,1168,,,DeepSeekBackend,deepseek-v4-flash,1784120158.1342666,stage1_annotation,annotation,51970.0,L4_TTGACCCTCATTCGTT,,
deepseek,718,496,1214,640,418,,,DeepSeekBackend,deepseek-v4-flash,1784120159.0991738,stage1_annotation,annotation,46491.0,L4_GCATTAGTCCGCAGTG,,
deepseek,718,673,1391,0,595,,,DeepSeekBackend,deepseek-v4-flash,1784120159.4823532,stage1_annotation,annotation,123340.0,E2L5_TCGAAGTAGTCGAAGC,,
deepseek,715,729,1444,640,726,,,DeepSeekBackend,deepseek-v4-flash,1784120161.947761,stage1_annotation,annotation,52738.0,L5_AACCTGAGTACCTAAC,,
deepseek,715,1466,2181,640,1375,,,DeepSeekBackend,deepseek-v4-flash,1784120162.4599822,stage1_annotation,annotation,114594.0,E2L5_ACTGATGCAGGTATGG,,
deepseek,715,989,1704,640,916,,,DeepSeekBackend,deepseek-v4-flash,1784120163.0822313,stage1_annotation,annotation,125445.0,E2L5_TTTGACTTCTAGGCCG,,
deepseek,718,747,1465,640,683,,,DeepSeekBackend,deepseek-v4-flash,1784120163.3924408,stage1_annotation,annotation,23636.0,L2_TAGGAGGAGCCGTTAT,,
deepseek,718,659,1377,640,606,,,DeepSeekBackend,deepseek-v4-flash,1784120164.4900851,stage1_annotation,annotation,94883.0,E2L3_CGGACACAGCGAACTG,,
deepseek,715,1977,2692,640,1973,,,DeepSeekBackend,deepseek-v4-flash,1784120164.5654764,stage1_annotation,annotation,156599.0,E2L8_GCGAGAACAGTCAGTT,,
deepseek,718,674,1392,640,579,,,DeepSeekBackend,deepseek-v4-flash,1784120165.7046444,stage1_annotation,annotation,73554.0,E2L1_GCCAGGTTCGGCGATC,,
deepseek,718,999,1717,640,895,,,DeepSeekBackend,deepseek-v4-flash,1784120166.397817,stage1_annotation,annotation,29493.0,L3_ATGATCGGTACGGATG,,
deepseek,718,794,1512,640,714,,,DeepSeekBackend,deepseek-v4-flash,1784120166.4724846,stage1_annotation,annotation,88737.0,E2L2_TCTCCGAGTTATCTTC,,
deepseek,715,1078,1793,640,998,,,DeepSeekBackend,deepseek-v4-flash,1784120166.705945,stage1_annotation,annotation,56223.0,L5_CAATTTCTCGCCTTTG,,
deepseek,718,552,1270,640,547,,,DeepSeekBackend,deepseek-v4-flash,1784120166.7166126,stage1_annotation,annotation,95481.0,E2L3_CTCCCTCTCCTGCTAC,,
deepseek,715,1524,2239,640,1449,,,DeepSeekBackend,deepseek-v4-flash,1784120169.30336,stage1_annotation,annotation,78167.0,E2L1_TTGATGGTCGGTCTGG,,
deepseek,715,1771,2486,640,1694,,,DeepSeekBackend,deepseek-v4-flash,1784120171.8550298,stage1_annotation,annotation,18196.0,L2_CCCTTAGCAATGTCTG,,
deepseek,718,609,1327,640,544,,,DeepSeekBackend,deepseek-v4-flash,1784120172.7524047,stage1_annotation,annotation,118137.0,E2L5_CGGGTGTTCCCGAACG,,
deepseek,718,1483,2201,640,1394,,,DeepSeekBackend,deepseek-v4-flash,1784120173.3983572,stage1_annotation,annotation,50068.0,L4_TCGATTTTCTAACGGT,,
deepseek,718,1197,1915,640,1118,,,DeepSeekBackend,deepseek-v4-flash,1784120174.7127175,stage1_annotation,annotation,63597.0,L5_TATCTTGTCCACACCT,,
deepseek,715,3206,3921,640,3203,,,DeepSeekBackend,deepseek-v4-flash,1784120175.2703578,stage1_annotation,annotation,13748.0,L1_TTTGTTGCAGCGAGTA,,
deepseek,718,1114,1832,640,1020,,,DeepSeekBackend,deepseek-v4-flash,1784120176.0299726,stage1_annotation,annotation,30724.0,L3_CATGGATTCGCTGTCT,,
deepseek,718,1410,2128,640,1335,,,DeepSeekBackend,deepseek-v4-flash,1784120176.7348776,stage1_annotation,annotation,98838.0,E2L3_TACGCTCCATATCTGG,,
deepseek,718,944,1662,640,870,,,DeepSeekBackend,deepseek-v4-flash,1784120176.9072428,stage1_annotation,annotation,17381.0,L2_CAGATACCAGAGATGC,,
deepseek,718,840,1558,640,776,,,DeepSeekBackend,deepseek-v4-flash,1784120177.3034227,stage1_annotation,annotation,100629.0,E2L3_TGCTCCAGTCGTACTA,,
deepseek,718,1250,1968,640,1171,,,DeepSeekBackend,deepseek-v4-flash,1784120177.7144358,stage1_annotation,annotation,14642.0,L2_ACATTTCAGACTACCT,,
deepseek,718,1817,2535,640,1739,,,DeepSeekBackend,deepseek-v4-flash,1784120178.2228563,stage1_annotation,annotation,72485.0,E2L1_CTTAGGATCCCTCGAT,,
deepseek,714,2681,3395,640,2595,,,DeepSeekBackend,deepseek-v4-flash,1784120179.454432,stage1_annotation,annotation,130491.0,E2L6_CGTTGGGTCTCCTGCA,,
deepseek,718,1234,1952,640,1156,,,DeepSeekBackend,deepseek-v4-flash,1784120180.5268564,stage1_annotation,annotation,110253.0,E2L4_TAAGCCACAAAGTATG,,
deepseek,715,2614,3329,640,2535,,,DeepSeekBackend,deepseek-v4-flash,1784120181.2507443,stage1_annotation,annotation,70003.0,E2L1_CAAGACTTCGCCTAGG,,
deepseek,715,419,1134,0,376,,,DeepSeekBackend,deepseek-v4-flash,1784120182.4350228,stage1_annotation,annotation,57355.0,L5_CCGAACGTCTCTCTTC,,
deepseek,715,521,1236,640,477,,,DeepSeekBackend,deepseek-v4-flash,1784120183.200302,stage1_annotation,annotation,152134.0,E2L8_ATCCTATCAGGCATGA,,
deepseek,715,580,1295,0,522,,,DeepSeekBackend,deepseek-v4-flash,1784120184.3902674,stage1_annotation,annotation,8316.0,L1_GGCTTTCGTCCTATAG,,
deepseek,721,444,1165,0,389,,,DeepSeekBackend,deepseek-v4-flash,1784120189.8740633,stage1_annotation,annotation,18435.0,L2_CCTCAGTGTCCCTAAA,,
deepseek,718,1785,2503,640,1712,,,DeepSeekBackend,deepseek-v4-flash,1784120189.919155,stage1_annotation,annotation,62074.0,L5_GTCATCCTCGCGCCAA,,
deepseek,715,681,1396,640,629,,,DeepSeekBackend,deepseek-v4-flash,1784120190.028151,stage1_annotation,annotation,35000.0,L3_GTCACTCTCCACCCTA,,
deepseek,715,537,1252,640,483,,,DeepSeekBackend,deepseek-v4-flash,1784120190.6518712,stage1_annotation,annotation,60524.0,L5_GCAGCTGTCTGGGATT,,
deepseek,715,611,1326,640,533,,,DeepSeekBackend,deepseek-v4-flash,1784120194.2852726,stage1_annotation,annotation,62405.0,L5_GTGCTGGCAAAGCGTG,,
deepseek,721,345,1066,640,279,,,DeepSeekBackend,deepseek-v4-flash,1784120194.4321961,stage1_annotation,annotation,143468.0,E2L7_CTTGATTGTAACAGTA,,
deepseek,721,457,1178,640,382,,,DeepSeekBackend,deepseek-v4-flash,1784120195.2533402,stage1_annotation,annotation,142020.0,E2L7_CCTCATGTCTATACTC,,
deepseek,715,465,1180,640,406,,,DeepSeekBackend,deepseek-v4-flash,1784120195.3196247,stage1_annotation,annotation,54506.0,L5_AGCTCAACATCGATAC,,
deepseek,715,395,1110,640,326,,,DeepSeekBackend,deepseek-v4-flash,1784120196.0766308,stage1_annotation,annotation,61451.0,L5_GGGTATTAGGCAGGTT,,
deepseek,721,434,1155,640,353,,,DeepSeekBackend,deepseek-v4-flash,1784120196.7600908,stage1_annotation,annotation,61550.0,L5_GGTAACTGTAACGATA,,
deepseek,721,689,1410,640,682,,,DeepSeekBackend,deepseek-v4-flash,1784120197.2631147,stage1_annotation,annotation,15227.0,L2_AGACAAATCCATGAGT,,
deepseek,718,3104,3822,640,3008,,,DeepSeekBackend,deepseek-v4-flash,1784120197.2774856,stage1_annotation,annotation,8370.0,L1_GGGACCTGTATGCTAC,,
deepseek,715,279,994,640,212,,,DeepSeekBackend,deepseek-v4-flash,1784120199.29584,stage1_annotation,annotation,36137.0,L3_TAGGAGGGTACGATTC,,
deepseek,721,246,967,640,177,,,DeepSeekBackend,deepseek-v4-flash,1784120199.8493443,stage1_annotation,annotation,63982.0,L5_TCAGTTTTCACCGGTG,,
deepseek,715,1102,1817,640,1022,,,DeepSeekBackend,deepseek-v4-flash,1784120200.1713398,stage1_annotation,annotation,71572.0,E2L1_CGGAATTCATGGCACC,,
deepseek,715,852,1567,640,782,,,DeepSeekBackend,deepseek-v4-flash,1784120200.7003884,stage1_annotation,annotation,152878.0,E2L8_CACAGGCGTAGGAGTC,,
deepseek,715,784,1499,640,719,,,DeepSeekBackend,deepseek-v4-flash,1784120201.046292,stage1_annotation,annotation,148576.0,E2L7_TGGCGTGGTCTGTAGT,,
deepseek,715,658,1373,640,563,,,DeepSeekBackend,deepseek-v4-flash,1784120201.7891154,stage1_annotation,annotation,62956.0,L5_TAACCAGTCGGCCCAA,,
deepseek,715,738,1453,640,676,,,DeepSeekBackend,deepseek-v4-flash,1784120202.0181978,stage1_annotation,annotation,123469.0,E2L5_TCGGGTGAGGTGCAGT,,
deepseek,721,374,1095,640,296,,,DeepSeekBackend,deepseek-v4-flash,1784120202.501106,stage1_annotation,annotation,143949.0,E2L7_GAGCTGCCAATGCAGG,,
deepseek,715,710,1425,640,641,,,DeepSeekBackend,deepseek-v4-flash,1784120202.567345,stage1_annotation,annotation,118128.0,E2L5_CGGGTGTCAGGCCCTA,,
deepseek,721,592,1313,640,541,,,DeepSeekBackend,deepseek-v4-flash,1784120202.784426,stage1_annotation,annotation,125031.0,E2L5_TTCTTCCAGTCGGGAT,,
deepseek,721,572,1293,640,519,,,DeepSeekBackend,deepseek-v4-flash,1784120203.616891,stage1_annotation,annotation,41817.0,L4_ATCGGATTCTTGGTGA,,
deepseek,715,801,1516,640,733,,,DeepSeekBackend,deepseek-v4-flash,1784120205.0309653,stage1_annotation,annotation,20684.0,L2_GAGTGTTTCAGGAACG,,
deepseek,715,669,1384,640,609,,,DeepSeekBackend,deepseek-v4-flash,1784120205.134225,stage1_annotation,annotation,77215.0,E2L1_TGCCGAGAGCTCACTA,,
deepseek,721,697,1418,640,630,,,DeepSeekBackend,deepseek-v4-flash,1784120205.2516851,stage1_annotation,annotation,98160.0,E2L3_GTGAGCCTCCAAACCA,,
deepseek,715,602,1317,640,548,,,DeepSeekBackend,deepseek-v4-flash,1784120206.4355419,stage1_annotation,annotation,10697.0,L1_TCACGCTAGACCTTTG,,
deepseek,715,748,1463,640,682,,,DeepSeekBackend,deepseek-v4-flash,1784120207.2912374,stage1_annotation,annotation,96705.0,E2L3_GCAGGCTAGGGTCACA,,
deepseek,715,805,1520,640,739,,,DeepSeekBackend,deepseek-v4-flash,1784120208.2695868,stage1_annotation,annotation,63519.0,L5_TATCAGGCAGTGTACT,,
deepseek,721,830,1551,640,757,,,DeepSeekBackend,deepseek-v4-flash,1784120209.2424717,stage1_annotation,annotation,26087.0,L2_TTACGCCGTTACCCTC,,
deepseek,721,566,1287,640,481,,,DeepSeekBackend,deepseek-v4-flash,1784120209.4740386,stage1_annotation,annotation,124201.0,E2L5_TGGAACTCAGGAGACT,,
deepseek,721,1495,2216,640,1428,,,DeepSeekBackend,deepseek-v4-flash,1784120211.4720502,stage1_annotation,annotation,27871.0,L3_ACCGTTCCACATATGC,,
deepseek,721,900,1621,640,847,,,DeepSeekBackend,deepseek-v4-flash,1784120212.0234685,stage1_annotation,annotation,5818.0,L1_CTATCCGTCTCGCTTG,,
deepseek,721,1591,2312,640,1517,,,DeepSeekBackend,deepseek-v4-flash,1784120213.240259,stage1_annotation,annotation,83385.0,E2L2_CGTTGGGAGAACAAGG,,
deepseek,721,1555,2276,640,1459,,,DeepSeekBackend,deepseek-v4-flash,1784120213.761027,stage1_annotation,annotation,31491.0,L3_CGAAGTTTCTCGGTCT,,
deepseek,721,1330,2051,640,1251,,,DeepSeekBackend,deepseek-v4-flash,1784120214.215632,stage1_annotation,annotation,23219.0,L2_TAACCAGAGCCTTTCC,,
deepseek,721,1247,1968,640,1157,,,DeepSeekBackend,deepseek-v4-flash,1784120215.8537207,stage1_annotation,annotation,152364.0,E2L8_ATGGAGGTCAAGGCTT,,
deepseek,721,1346,2067,640,1270,,,DeepSeekBackend,deepseek-v4-flash,1784120216.0382009,stage1_annotation,annotation,81309.0,E2L2_ATTCTTGGTTTACTTC,,
deepseek,721,1724,2445,640,1638,,,DeepSeekBackend,deepseek-v4-flash,1784120220.4674625,stage1_annotation,annotation,34301.0,L3_GGCGTCACAAATTGCC,,
deepseek,707,561,1268,640,486,,,DeepSeekBackend,deepseek-v4-flash,1784120223.2754164,stage1_annotation,annotation,37777.0,L3_TGCTGAAGTTTGGAGG,,
deepseek,707,704,1411,640,617,,,DeepSeekBackend,deepseek-v4-flash,1784120224.2226832,stage1_annotation,annotation,2632.0,L1_ATCACTTTCCAAATGC,,
deepseek,707,781,1488,640,776,,,DeepSeekBackend,deepseek-v4-flash,1784120227.9461641,stage1_annotation,annotation,5267.0,L1_CGCCATTCACGACTAT,,
deepseek,707,883,1590,640,815,,,DeepSeekBackend,deepseek-v4-flash,1784120229.0685928,stage1_annotation,annotation,40045.0,L4_ACCAACAGTACCCGCA,,
deepseek,707,507,1214,640,448,,,DeepSeekBackend,deepseek-v4-flash,1784120230.346091,stage1_annotation,annotation,10464.0,L1_TATCGCCGTACAGCGA,,
deepseek,707,1067,1774,640,1014,,,DeepSeekBackend,deepseek-v4-flash,1784120230.4618394,stage1_annotation,annotation,107841.0,E2L4_GAGGCAATCCACGGAC,,
deepseek,707,1341,2048,640,1336,,,DeepSeekBackend,deepseek-v4-flash,1784120231.7549555,stage1_annotation,annotation,52074.0,L4_TTGGGATAGTGGTCAG,,
deepseek,707,1602,2309,0,1517,,,DeepSeekBackend,deepseek-v4-flash,1784120232.9395688,stage1_annotation,annotation,62225.0,L5_GTCGTTCTCTGCCTGT,,
deepseek,707,1141,1848,640,1136,,,DeepSeekBackend,deepseek-v4-flash,1784120233.1968722,stage1_annotation,annotation,159906.0,E2L8_TCTCACGTCTCAGAAC,,
deepseek,707,1650,2357,640,1600,,,DeepSeekBackend,deepseek-v4-flash,1784120235.0877445,stage1_annotation,annotation,17821.0,L2_CATGGTAGTACTGCCG,,
deepseek,707,1136,1843,640,1094,,,DeepSeekBackend,deepseek-v4-flash,1784120236.8973804,stage1_annotation,annotation,138453.0,E2L7_ACAGAAATCTCGGTCT,,
deepseek,707,1144,1851,640,1097,,,DeepSeekBackend,deepseek-v4-flash,1784120237.0661135,stage1_annotation,annotation,138550.0,E2L7_ACCACAATCCGTGACG,,
deepseek,712,958,1670,0,953,,,DeepSeekBackend,deepseek-v4-flash,1784120237.7187555,stage1_annotation,annotation,48533.0,L4_GTTGAACTCTCTAGGA,,
deepseek,707,1892,2599,640,1848,,,DeepSeekBackend,deepseek-v4-flash,1784120237.9748392,stage1_annotation,annotation,138895.0,E2L7_ACTGATGGTCTCTCAC,,
deepseek,707,955,1662,640,864,,,DeepSeekBackend,deepseek-v4-flash,1784120237.9863975,stage1_annotation,annotation,13487.0,L1_TTGTGTTAGTTTGTCG,,
deepseek,707,1484,2191,640,1479,,,DeepSeekBackend,deepseek-v4-flash,1784120238.4584923,stage1_annotation,annotation,129104.0,E2L6_CATCCCAGTACCGGCT,,
deepseek,712,362,1074,640,357,,,DeepSeekBackend,deepseek-v4-flash,1784120238.9312868,stage1_annotation,annotation,42876.0,L4_CAGCAGCTCGGAGTAG,,
deepseek,707,1306,2013,640,1244,,,DeepSeekBackend,deepseek-v4-flash,1784120240.313708,stage1_annotation,annotation,35646.0,L3_GTTGTAGTCGTTCGCT,,
deepseek,707,1573,2280,640,1568,,,DeepSeekBackend,deepseek-v4-flash,1784120240.827245,stage1_annotation,annotation,56402.0,L5_CACTGAACACCAGTTA,,
deepseek,712,686,1398,640,611,,,DeepSeekBackend,deepseek-v4-flash,1784120241.778612,stage1_annotation,annotation,64098.0,L5_TCATGTTGTGATTCTG,,
deepseek,712,1231,1943,640,1226,,,DeepSeekBackend,deepseek-v4-flash,1784120242.414495,stage1_annotation,annotation,28881.0,L3_AGGTAGGTCATGGTAC,,
deepseek,707,1734,2441,640,1678,,,DeepSeekBackend,deepseek-v4-flash,1784120243.8138475,stage1_annotation,annotation,26521.0,L2_TTGACCCGTCTTGAGT,,
deepseek,712,1101,1813,640,1097,,,DeepSeekBackend,deepseek-v4-flash,1784120243.9286864,stage1_annotation,annotation,75350.0,E2L1_TAACACGGTGCATTAC,,
deepseek,712,794,1506,640,722,,,DeepSeekBackend,deepseek-v4-flash,1784120245.7299232,stage1_annotation,annotation,6565.0,L1_CTTGATTAGGAAGTAG,,
deepseek,712,1210,1922,640,1160,,,DeepSeekBackend,deepseek-v4-flash,1784120246.7316892,stage1_annotation,annotation,123577.0,E2L5_TCTACCGGTTAGCTAC,,
deepseek,712,551,1263,640,465,,,DeepSeekBackend,deepseek-v4-flash,1784120247.4227347,stage1_annotation,annotation,156994.0,E2L8_GGCTTGGAGCGAATGC,,
deepseek,712,618,1330,640,531,,,DeepSeekBackend,deepseek-v4-flash,1784120247.6531546,stage1_annotation,annotation,161190.0,E2L8_TTCCAATCAGGAATCG,,
deepseek,712,394,1106,640,305,,,DeepSeekBackend,deepseek-v4-flash,1784120247.9860275,stage1_annotation,annotation,113394.0,E2L4_TTTGATCTCACGAGGA,,
deepseek,712,789,1501,640,784,,,DeepSeekBackend,deepseek-v4-flash,1784120248.0913415,stage1_annotation,annotation,20637.0,L2_GAGTCTACATTGTCGA,,
deepseek,712,1162,1874,640,1159,,,DeepSeekBackend,deepseek-v4-flash,1784120250.0114582,stage1_annotation,annotation,47120.0,L4_GGGACAAAGGTAAACT,,
deepseek,712,704,1416,640,624,,,DeepSeekBackend,deepseek-v4-flash,1784120251.5176554,stage1_annotation,annotation,93013.0,E2L3_ATGCGATGTATGACAA,,
deepseek,707,2544,3251,640,2491,,,DeepSeekBackend,deepseek-v4-flash,1784120251.7418568,stage1_annotation,annotation,154888.0,E2L8_CTCAGTCAGGTCCTGC,,
deepseek,712,962,1674,640,903,,,DeepSeekBackend,deepseek-v4-flash,1784120252.2394233,stage1_annotation,annotation,117839.0,E2L5_CGACAGCTCTCGGCTT,,
deepseek,716,331,1047,0,262,,,DeepSeekBackend,deepseek-v4-flash,1784120252.2588148,stage1_annotation,annotation,59002.0,L5_CTGATCCAGACCGCCT,,
deepseek,712,1024,1736,640,963,,,DeepSeekBackend,deepseek-v4-flash,1784120252.507702,stage1_annotation,annotation,2169.0,L1_AGGTCATCAGATGCGA,,
deepseek,712,1184,1896,640,1113,,,DeepSeekBackend,deepseek-v4-flash,1784120254.0667088,stage1_annotation,annotation,54875.0,L5_AGTAACCGTTGAAGTA,,
deepseek,712,1623,2335,640,1558,,,DeepSeekBackend,deepseek-v4-flash,1784120254.334659,stage1_annotation,annotation,150979.0,E2L8_ACTGTCCTCGACGCGT,,
deepseek,716,394,1110,640,330,,,DeepSeekBackend,deepseek-v4-flash,1784120259.1961808,stage1_annotation,annotation,124459.0,E2L5_TGTCCCACAATGCAGG,,
deepseek,707,3536,4243,640,3531,,,DeepSeekBackend,deepseek-v4-flash,1784120260.2727723,stage1_annotation,annotation,113375.0,E2L4_TTTCGATTCTATGTGG,,
deepseek,716,471,1187,640,408,,,DeepSeekBackend,deepseek-v4-flash,1784120261.6714554,stage1_annotation,annotation,105415.0,E2L4_CATGCTCCATTGGATC,,
deepseek,716,592,1308,640,515,,,DeepSeekBackend,deepseek-v4-flash,1784120262.2289374,stage1_annotation,annotation,61245.0,L5_GGCTTGGAGGTTCAGG,,
deepseek,712,1874,2586,640,1790,,,DeepSeekBackend,deepseek-v4-flash,1784120262.2880569,stage1_annotation,annotation,26249.0,L2_TTCCAATAGTGTAGTA,,
deepseek,716,1062,1778,640,975,,,DeepSeekBackend,deepseek-v4-flash,1784120263.9539144,stage1_annotation,annotation,155704.0,E2L8_GACATCAGTATGGTAA,,
deepseek,716,733,1449,640,680,,,DeepSeekBackend,deepseek-v4-flash,1784120265.715459,stage1_annotation,annotation,62826.0,L5_GTTGCTCCAACTGAAA,,
deepseek,716,753,1469,640,696,,,DeepSeekBackend,deepseek-v4-flash,1784120265.7259214,stage1_annotation,annotation,14668.0,L2_ACCAACAAGGGAGAAT,,
deepseek,716,566,1282,640,487,,,DeepSeekBackend,deepseek-v4-flash,1784120266.1641006,stage1_annotation,annotation,15869.0,L2_AGTAACCAGCAGCAGT,,
deepseek,716,448,1164,640,374,,,DeepSeekBackend,deepseek-v4-flash,1784120266.3396397,stage1_annotation,annotation,9884.0,L1_TAACACGTCATTCGTT,,
deepseek,716,708,1424,640,609,,,DeepSeekBackend,deepseek-v4-flash,1784120266.4700115,stage1_annotation,annotation,36834.0,L3_TCCCATGCAGTATGAA,,
deepseek,712,2092,2804,640,2026,,,DeepSeekBackend,deepseek-v4-flash,1784120267.4522564,stage1_annotation,annotation,140981.0,E2L7_CACTGGGTCACGGGCT,,
deepseek,716,1628,2344,640,1555,,,DeepSeekBackend,deepseek-v4-flash,1784120268.4793358,stage1_annotation,annotation,15624.0,L2_AGGACTTCAAGAGATT,,
deepseek,716,666,1382,640,611,,,DeepSeekBackend,deepseek-v4-flash,1784120268.5667396,stage1_annotation,annotation,69336.0,E2L1_ATCACTTGTCAATGGG,,
deepseek,713,597,1310,0,496,,,DeepSeekBackend,deepseek-v4-flash,1784120268.9184399,stage1_annotation,annotation,108368.0,E2L4_GCCAGGTTCTGTCGTC,,
deepseek,716,590,1306,640,522,,,DeepSeekBackend,deepseek-v4-flash,1784120269.0967078,stage1_annotation,annotation,100314.0,E2L3_TGAATGCAGTTACGTC,,
deepseek,712,3138,3850,640,3133,,,DeepSeekBackend,deepseek-v4-flash,1784120269.5867612,stage1_annotation,annotation,75669.0,E2L1_TAGACCATCTGGACTA,,
deepseek,716,489,1205,640,422,,,DeepSeekBackend,deepseek-v4-flash,1784120269.6850429,stage1_annotation,annotation,89568.0,E2L2_TGTCCACCATCCGGCA,,
deepseek,716,924,1640,640,865,,,DeepSeekBackend,deepseek-v4-flash,1784120271.1286614,stage1_annotation,annotation,9536.0,L1_GTGGTTAGTTCCGGTG,,
deepseek,713,501,1214,640,426,,,DeepSeekBackend,deepseek-v4-flash,1784120271.761884,stage1_annotation,annotation,83238.0,E2L2_CGGGTGTGTACTGTTG,,
deepseek,713,656,1369,640,555,,,DeepSeekBackend,deepseek-v4-flash,1784120272.3720772,stage1_annotation,annotation,123541.0,E2L5_TCTAACTAGTGCACTT,,
deepseek,713,831,1544,0,737,,,DeepSeekBackend,deepseek-v4-flash,1784120272.4440026,stage1_annotation,annotation,117114.0,E2L5_CATTGAGAGAGGTCAC,,
deepseek,713,334,1047,640,261,,,DeepSeekBackend,deepseek-v4-flash,1784120273.2486746,stage1_annotation,annotation,87884.0,E2L2_TCACGGGTCTTGCAGA,,
deepseek,713,377,1090,640,309,,,DeepSeekBackend,deepseek-v4-flash,1784120273.3005161,stage1_annotation,annotation,129079.0,E2L6_CATAGACTCGGTCTGG,,
deepseek,716,1027,1743,640,965,,,DeepSeekBackend,deepseek-v4-flash,1784120273.3524544,stage1_annotation,annotation,38232.0,L3_TGTTGAGCACGACAAG,,
deepseek,716,1414,2130,640,1360,,,DeepSeekBackend,deepseek-v4-flash,1784120273.877923,stage1_annotation,annotation,48357.0,L4_GTGTGGCTCGCTTGCT,,
deepseek,716,580,1296,640,495,,,DeepSeekBackend,deepseek-v4-flash,1784120273.9396007,stage1_annotation,annotation,52729.0,L5_AACCTGAAGCTCTATG,,
deepseek,713,630,1343,640,623,,,DeepSeekBackend,deepseek-v4-flash,1784120273.9901774,stage1_annotation,annotation,144837.0,E2L7_GGAATCTAGGATTCCT,,
deepseek,713,477,1190,640,398,,,DeepSeekBackend,deepseek-v4-flash,1784120274.2701545,stage1_annotation,annotation,127272.0,E2L6_AGGCTGCAGAGTCAAT,,
deepseek,713,532,1245,640,445,,,DeepSeekBackend,deepseek-v4-flash,1784120274.3382287,stage1_annotation,annotation,113094.0,E2L4_TTGAGTGAGACATAGT,,
deepseek,716,1152,1868,640,1085,,,DeepSeekBackend,deepseek-v4-flash,1784120274.4541063,stage1_annotation,annotation,146255.0,E2L7_GTTCATTGTCTCAGAT,,
deepseek,713,719,1432,640,644,,,DeepSeekBackend,deepseek-v4-flash,1784120275.213166,stage1_annotation,annotation,104479.0,E2L4_ATTACCTAGATACAGT,,
deepseek,713,578,1291,640,477,,,DeepSeekBackend,deepseek-v4-flash,1784120275.2179983,stage1_annotation,annotation,53200.0,L5_AATTCCTAGAACGCGT,,
deepseek,713,817,1530,640,746,,,DeepSeekBackend,deepseek-v4-flash,1784120275.2329903,stage1_annotation,annotation,105471.0,E2L4_CATTCCGAGATGGCGT,,
deepseek,713,488,1201,640,418,,,DeepSeekBackend,deepseek-v4-flash,1784120275.3712647,stage1_annotation,annotation,84666.0,E2L2_GAGGGTAGTTTGAAAG,,
deepseek,713,491,1204,640,424,,,DeepSeekBackend,deepseek-v4-flash,1784120276.0671513,stage1_annotation,annotation,1209.0,L1_ACGTAGTGTAATTAGG,,
deepseek,713,388,1101,640,316,,,DeepSeekBackend,deepseek-v4-flash,1784120278.0527954,stage1_annotation,annotation,127301.0,E2L6_AGGGAGTTCCGAGTGC,,
deepseek,713,483,1196,640,396,,,DeepSeekBackend,deepseek-v4-flash,1784120278.2265477,stage1_annotation,annotation,92170.0,E2L3_AGCTTCCCACAATGTC,,
deepseek,713,501,1214,640,397,,,DeepSeekBackend,deepseek-v4-flash,1784120278.4148042,stage1_annotation,annotation,55993.0,L5_CAAAGAACACCCTATC,,
deepseek,713,1150,1863,640,1071,,,DeepSeekBackend,deepseek-v4-flash,1784120281.7154016,stage1_annotation,annotation,38307.0,L3_TTACCGCAGCCAGTAG,,
deepseek,711,483,1194,640,412,,,DeepSeekBackend,deepseek-v4-flash,1784120282.393176,stage1_annotation,annotation,13245.0,L1_TTCTAGTTCGACATAC,,
deepseek,713,866,1579,640,796,,,DeepSeekBackend,deepseek-v4-flash,1784120283.16976,stage1_annotation,annotation,62759.0,L5_GTTCGCTAGTACAGAT,,
deepseek,711,673,1384,0,668,,,DeepSeekBackend,deepseek-v4-flash,1784120284.2242863,stage1_annotation,annotation,136750.0,E2L6_TGTGTGAAGCCATATC,,
deepseek,711,831,1542,0,781,,,DeepSeekBackend,deepseek-v4-flash,1784120285.340999,stage1_annotation,annotation,45490.0,L4_GAAATGACATATTCGG,,
deepseek,711,696,1407,640,633,,,DeepSeekBackend,deepseek-v4-flash,1784120285.985683,stage1_annotation,annotation,19326.0,L2_CTATAGGGTTAGCGGA,,
deepseek,711,499,1210,640,494,,,DeepSeekBackend,deepseek-v4-flash,1784120286.6318414,stage1_annotation,annotation,145909.0,E2L7_GTGAGCCGTAGCTCGC,,
deepseek,711,681,1392,640,629,,,DeepSeekBackend,deepseek-v4-flash,1784120286.9383264,stage1_annotation,annotation,106623.0,E2L4_CTACATTCATAGTCAC,,
deepseek,713,1441,2154,640,1371,,,DeepSeekBackend,deepseek-v4-flash,1784120289.8971791,stage1_annotation,annotation,28052.0,L3_ACGTCCTCATCCGTGG,,
deepseek,711,1235,1946,640,1152,,,DeepSeekBackend,deepseek-v4-flash,1784120290.3426814,stage1_annotation,annotation,32084.0,L3_CTACCTGGTGCATGTT,,
deepseek,711,1303,2014,640,1237,,,DeepSeekBackend,deepseek-v4-flash,1784120290.9229982,stage1_annotation,annotation,39192.0,L4_AAAGGGCTCCTTATCA,,
deepseek,711,957,1668,640,953,,,DeepSeekBackend,deepseek-v4-flash,1784120293.3115928,stage1_annotation,annotation,24955.0,L2_TCTTCCTAGCCTCTTC,,
deepseek,711,1227,1938,640,1153,,,DeepSeekBackend,deepseek-v4-flash,1784120294.2870407,stage1_annotation,annotation,159633.0,E2L8_TCGAAGTCATGATGCT,,
deepseek,711,1444,2155,640,1371,,,DeepSeekBackend,deepseek-v4-flash,1784120294.9971335,stage1_annotation,annotation,152811.0,E2L8_CAATCGACACTCAAGT,,
deepseek,711,812,1523,640,746,,,DeepSeekBackend,deepseek-v4-flash,1784120295.346553,stage1_annotation,annotation,40463.0,L4_ACTGATGGTTCGATTG,,
deepseek,711,1180,1891,640,1089,,,DeepSeekBackend,deepseek-v4-flash,1784120296.9293082,stage1_annotation,annotation,8032.0,L1_GCTGCAGGTTCTCACC,,
deepseek,711,1498,2209,640,1411,,,DeepSeekBackend,deepseek-v4-flash,1784120297.0194938,stage1_annotation,annotation,34243.0,L3_GGATCTAAGCTGTTAC,,
deepseek,711,1053,1764,640,976,,,DeepSeekBackend,deepseek-v4-flash,1784120297.6782053,stage1_annotation,annotation,125339.0,E2L5_TTTAGTCGTTAACCTG,,
deepseek,711,550,1261,640,483,,,DeepSeekBackend,deepseek-v4-flash,1784120298.578844,stage1_annotation,annotation,93285.0,E2L3_ATTTCACTCGCCGTGA,,
deepseek,711,1783,2494,640,1729,,,DeepSeekBackend,deepseek-v4-flash,1784120299.1865904,stage1_annotation,annotation,123428.0,E2L5_TCGCTTGGTTCTGAGT,,
deepseek,711,723,1434,640,719,,,DeepSeekBackend,deepseek-v4-flash,1784120301.0655081,stage1_annotation,annotation,140655.0,E2L7_CAACCTCCAGCTGAGA,,
deepseek,716,2750,3466,640,2681,,,DeepSeekBackend,deepseek-v4-flash,1784120301.440906,stage1_annotation,annotation,152387.0,E2L8_ATGGGAGTCTCGTGAA,,
deepseek,711,547,1258,640,489,,,DeepSeekBackend,deepseek-v4-flash,1784120302.6942422,stage1_annotation,annotation,36899.0,L3_TCCTCCCTCCTCTCGA,,
deepseek,711,2071,2782,640,2014,,,DeepSeekBackend,deepseek-v4-flash,1784120303.1886177,stage1_annotation,annotation,127716.0,E2L6_ATAGAGAAGCCGTCGT,,
deepseek,711,1283,1994,640,1230,,,DeepSeekBackend,deepseek-v4-flash,1784120303.2344027,stage1_annotation,annotation,29986.0,L3_CAAGCTAGTATCAGGG,,
deepseek,711,784,1495,640,713,,,DeepSeekBackend,deepseek-v4-flash,1784120303.6916876,stage1_annotation,annotation,159410.0,E2L8_TCCATGCCATACTGTG,,
deepseek,711,1121,1832,0,1117,,,DeepSeekBackend,deepseek-v4-flash,1784120304.6336432,stage1_annotation,annotation,103904.0,E2L4_AGTGACTCAGGTATGG,,
deepseek,711,975,1686,640,901,,,DeepSeekBackend,deepseek-v4-flash,1784120304.8549569,stage1_annotation,annotation,76840.0,E2L1_TCTGCCACACACCGAC,,
deepseek,711,2244,2955,640,2174,,,DeepSeekBackend,deepseek-v4-flash,1784120305.2939208,stage1_annotation,annotation,76554.0,E2L1_TCGATTTAGGAAAGGT,,
deepseek,710,169,879,0,116,,,DeepSeekBackend,deepseek-v4-flash,1784120305.9708338,stage1_annotation,annotation,127172.0,E2L6_AGGAAATTCCGATGTA,,
deepseek,710,238,948,0,173,,,DeepSeekBackend,deepseek-v4-flash,1784120307.3509166,stage1_annotation,annotation,79944.0,E2L2_AGACCCGTCGCTTGAA,,
deepseek,711,709,1420,640,634,,,DeepSeekBackend,deepseek-v4-flash,1784120308.4300816,stage1_annotation,annotation,65910.0,L5_TGTGGCGCATTGCAAC,,
deepseek,710,299,1009,640,247,,,DeepSeekBackend,deepseek-v4-flash,1784120308.5476885,stage1_annotation,annotation,101573.0,E2L3_TTGCTGCGTAATCAGA,,
deepseek,710,252,962,640,179,,,DeepSeekBackend,deepseek-v4-flash,1784120309.1409497,stage1_annotation,annotation,114282.0,E2L5_ACCATTTTCGGCATAT,,
deepseek,710,363,1073,640,313,,,DeepSeekBackend,deepseek-v4-flash,1784120309.5749202,stage1_annotation,annotation,122483.0,E2L5_TAGGTACAGCCTATTG,,
deepseek,710,422,1132,640,364,,,DeepSeekBackend,deepseek-v4-flash,1784120310.5992928,stage1_annotation,annotation,95626.0,E2L3_CTGCATCAGGCTCCCA,,
deepseek,711,824,1535,640,759,,,DeepSeekBackend,deepseek-v4-flash,1784120310.8711047,stage1_annotation,annotation,124055.0,E2L5_TGCATGAAGCGTATAA,,
deepseek,710,195,905,640,141,,,DeepSeekBackend,deepseek-v4-flash,1784120311.2605064,stage1_annotation,annotation,14287.0,L2_AAGTCGTGTCGTATTG,,
deepseek,711,2943,3654,640,2894,,,DeepSeekBackend,deepseek-v4-flash,1784120311.8558784,stage1_annotation,annotation,58793.0,L5_CTCCACATCTCGGTCT,,
deepseek,710,339,1049,640,291,,,DeepSeekBackend,deepseek-v4-flash,1784120312.175499,stage1_annotation,annotation,144736.0,E2L7_GCTGAATGTTCGAAGG,,
deepseek,710,365,1075,640,311,,,DeepSeekBackend,deepseek-v4-flash,1784120312.7054427,stage1_annotation,annotation,155361.0,E2L8_CTTAGGAGTAGAGGAA,,
deepseek,711,754,1465,640,673,,,DeepSeekBackend,deepseek-v4-flash,1784120312.841762,stage1_annotation,annotation,132413.0,E2L6_GCCAGGTCACTGTTCC,,
deepseek,710,151,861,640,93,,,DeepSeekBackend,deepseek-v4-flash,1784120312.919184,stage1_annotation,annotation,128421.0,E2L6_CAAAGAAGTTGGGCCT,,
deepseek,711,1033,1744,640,967,,,DeepSeekBackend,deepseek-v4-flash,1784120313.3567379,stage1_annotation,annotation,146216.0,E2L7_GTTAGACGTGCCCTTT,,
deepseek,710,327,1037,640,285,,,DeepSeekBackend,deepseek-v4-flash,1784120313.4966652,stage1_annotation,annotation,33223.0,L3_GAGAGGTGTATCACCA,,
deepseek,711,580,1291,640,492,,,DeepSeekBackend,deepseek-v4-flash,1784120313.6833858,stage1_annotation,annotation,8590.0,L1_GGGTTATTCTGGTCAA,,
deepseek,710,133,843,640,93,,,DeepSeekBackend,deepseek-v4-flash,1784120313.7509654,stage1_annotation,annotation,19134.0,L2_CGTTAGAGTCTGCATA,,
deepseek,711,456,1167,640,389,,,DeepSeekBackend,deepseek-v4-flash,1784120313.8154516,stage1_annotation,annotation,49199.0,L4_TATCGCCTCGACACCG,,
deepseek,710,371,1081,640,308,,,DeepSeekBackend,deepseek-v4-flash,1784120314.0609014,stage1_annotation,annotation,88438.0,E2L2_TCGACGGTCAAACCCA,,
deepseek,711,551,1262,640,450,,,DeepSeekBackend,deepseek-v4-flash,1784120314.306005,stage1_annotation,annotation,91900.0,E2L3_AGACACTCAAACAGGC,,
deepseek,711,1147,1858,640,1077,,,DeepSeekBackend,deepseek-v4-flash,1784120314.4279072,stage1_annotation,annotation,90208.0,E2L2_TTGAGTGCAGTTTCGA,,
deepseek,710,136,846,640,133,,,DeepSeekBackend,deepseek-v4-flash,1784120314.7682211,stage1_annotation,annotation,121317.0,E2L5_GTCAAGTTCTCCCATG,,
deepseek,710,107,817,640,104,,,DeepSeekBackend,deepseek-v4-flash,1784120314.8617725,stage1_annotation,annotation,141622.0,E2L7_CCACGTTCAAGTTTGC,,
deepseek,710,275,985,640,219,,,DeepSeekBackend,deepseek-v4-flash,1784120315.8785243,stage1_annotation,annotation,120178.0,E2L5_GCCCAGAAGACCAGAC,,
deepseek,711,965,1676,640,902,,,DeepSeekBackend,deepseek-v4-flash,1784120316.2559118,stage1_annotation,annotation,116096.0,E2L5_ATTCACTTCCTCTTTC,,
deepseek,710,217,927,640,155,,,DeepSeekBackend,deepseek-v4-flash,1784120316.3542056,stage1_annotation,annotation,124007.0,E2L5_TGCAGATTCTCAGTCC,,
deepseek,711,909,1620,640,906,,,DeepSeekBackend,deepseek-v4-flash,1784120316.7997246,stage1_annotation,annotation,137289.0,E2L6_TTGAGTGAGGTGCGAT,,
deepseek,710,598,1308,640,538,,,DeepSeekBackend,deepseek-v4-flash,1784120317.1213362,stage1_annotation,annotation,128601.0,E2L6_CAATCGATCGATTCCC,,
deepseek,711,769,1480,640,709,,,DeepSeekBackend,deepseek-v4-flash,1784120317.2897053,stage1_annotation,annotation,133796.0,E2L6_GTCTTTACAATCCTAG,,
deepseek,710,315,1025,640,252,,,DeepSeekBackend,deepseek-v4-flash,1784120317.3597693,stage1_annotation,annotation,42687.0,L4_CACGTGGAGTCATCGT,,
deepseek,710,459,1169,640,395,,,DeepSeekBackend,deepseek-v4-flash,1784120317.5025387,stage1_annotation,annotation,92341.0,E2L3_AGGGTTTGTTCAGTAC,,
deepseek,711,1219,1930,640,1175,,,DeepSeekBackend,deepseek-v4-flash,1784120317.734169,stage1_annotation,annotation,81605.0,E2L2_CACACAATCTGAGAGG,,
deepseek,721,339,1060,0,268,,,DeepSeekBackend,deepseek-v4-flash,1784120317.8040633,stage1_annotation,annotation,23815.0,L2_TATTGCTGTTAAACCC,,
deepseek,711,1786,2497,640,1783,,,DeepSeekBackend,deepseek-v4-flash,1784120317.8805203,stage1_annotation,annotation,96144.0,E2L3_GACCGTGCATAATGAG,,
deepseek,721,349,1070,0,278,,,DeepSeekBackend,deepseek-v4-flash,1784120318.6925144,stage1_annotation,annotation,57669.0,L5_CCTCCTCTCACCTTGC,,
deepseek,721,509,1230,0,440,,,DeepSeekBackend,deepseek-v4-flash,1784120318.8259213,stage1_annotation,annotation,18588.0,L2_CCTTTGGTCTGGACCG,,
deepseek,721,341,1062,640,268,,,DeepSeekBackend,deepseek-v4-flash,1784120319.092451,stage1_annotation,annotation,33971.0,L3_GCGTGCAAGTAGGATT,,
deepseek,721,451,1172,640,405,,,DeepSeekBackend,deepseek-v4-flash,1784120319.928785,stage1_annotation,annotation,151229.0,E2L8_AGAGCAGAGTTGTCGT,,
deepseek,721,201,922,640,161,,,DeepSeekBackend,deepseek-v4-flash,1784120320.1937158,stage1_annotation,annotation,52517.0,L5_AAAGGTACACGCGCTA,,
deepseek,721,599,1320,640,539,,,DeepSeekBackend,deepseek-v4-flash,1784120320.3350735,stage1_annotation,annotation,39282.0,L4_AACAACCTCAACCCGG,,
deepseek,721,607,1328,640,551,,,DeepSeekBackend,deepseek-v4-flash,1784120320.6861293,stage1_annotation,annotation,12655.0,L1_TGTCCTGCAACTGCCG,,
deepseek,721,446,1167,640,397,,,DeepSeekBackend,deepseek-v4-flash,1784120320.8679187,stage1_annotation,annotation,72294.0,E2L1_CTGATCCGTAGCGTCC,,
deepseek,721,367,1088,640,315,,,DeepSeekBackend,deepseek-v4-flash,1784120321.0431907,stage1_annotation,annotation,18386.0,L2_CCTATCGGTATCTCTT,,
deepseek,721,696,1417,0,620,,,DeepSeekBackend,deepseek-v4-flash,1784120321.6209407,stage1_annotation,annotation,145486.0,E2L7_GTAATCGTCAGACCGC,,
deepseek,721,352,1073,640,288,,,DeepSeekBackend,deepseek-v4-flash,1784120321.7110188,stage1_annotation,annotation,14599.0,L2_ACATCCCCAGCTGAGA,,
deepseek,721,379,1100,640,313,,,DeepSeekBackend,deepseek-v4-flash,1784120321.924354,stage1_annotation,annotation,124470.0,E2L5_TGTCCTGGTTGGAGAC,,
deepseek,721,593,1314,640,532,,,DeepSeekBackend,deepseek-v4-flash,1784120322.2914138,stage1_annotation,annotation,23918.0,L2_TCACAAGTCCTCATAT,,
deepseek,721,423,1144,640,368,,,DeepSeekBackend,deepseek-v4-flash,1784120322.2984853,stage1_annotation,annotation,155480.0,E2L8_CTTTCAAAGGCACGAT,,
deepseek,721,415,1136,640,337,,,DeepSeekBackend,deepseek-v4-flash,1784120322.6141565,stage1_annotation,annotation,39538.0,L4_AAGATAGTCGCGATCG,,
deepseek,721,420,1141,640,351,,,DeepSeekBackend,deepseek-v4-flash,1784120322.70884,stage1_annotation,annotation,30861.0,L3_CCACAAAAGAGGGCGA,,
deepseek,720,175,895,640,132,,,DeepSeekBackend,deepseek-v4-flash,1784120322.7120464,stage1_annotation,annotation,43714.0,L4_CCGGTGACACACAGCC,,
deepseek,721,650,1371,0,593,,,DeepSeekBackend,deepseek-v4-flash,1784120322.784411,stage1_annotation,annotation,13294.0,L1_TTCTTGACAATAACGA,,
deepseek,720,239,959,640,176,,,DeepSeekBackend,deepseek-v4-flash,1784120323.2375414,stage1_annotation,annotation,61719.0,L5_GGTTCTCGTTCCAGGC,,
deepseek,721,514,1235,640,444,,,DeepSeekBackend,deepseek-v4-flash,1784120323.600166,stage1_annotation,annotation,26043.0,L2_TTACAGGGTTCGGTAT,,
deepseek,720,403,1123,0,347,,,DeepSeekBackend,deepseek-v4-flash,1784120324.0076473,stage1_annotation,annotation,55605.0,L5_ATGCGATTCCAGTGCG,,
deepseek,720,292,1012,640,245,,,DeepSeekBackend,deepseek-v4-flash,1784120324.296614,stage1_annotation,annotation,11418.0,L1_TCGGGACAGCTACGTT,,
deepseek,720,238,958,640,178,,,DeepSeekBackend,deepseek-v4-flash,1784120324.8504274,stage1_annotation,annotation,44537.0,L4_CTAACTTGTTGTGGAG,,
deepseek,720,516,1236,0,452,,,DeepSeekBackend,deepseek-v4-flash,1784120325.0210412,stage1_annotation,annotation,41436.0,L4_AGTCTCCAGCCACAAG,,
deepseek,720,202,922,640,146,,,DeepSeekBackend,deepseek-v4-flash,1784120325.367577,stage1_annotation,annotation,53539.0,L5_ACCCTCAAGAGGCGTT,,
deepseek,720,604,1324,0,531,,,DeepSeekBackend,deepseek-v4-flash,1784120325.7046611,stage1_annotation,annotation,83461.0,E2L2_CTACCCACAGTTAGGG,,
deepseek,720,307,1027,640,234,,,DeepSeekBackend,deepseek-v4-flash,1784120326.4928303,stage1_annotation,annotation,98640.0,E2L3_TAACGACAGCCTTTGA,,
deepseek,720,264,984,640,260,,,DeepSeekBackend,deepseek-v4-flash,1784120326.597444,stage1_annotation,annotation,8477.0,L1_GGGCTCAGTCTGTAGT,,
deepseek,720,314,1034,640,259,,,DeepSeekBackend,deepseek-v4-flash,1784120326.750958,stage1_annotation,annotation,45808.0,L4_GACTTCCAGGGTGGGA,,
deepseek,720,302,1022,640,231,,,DeepSeekBackend,deepseek-v4-flash,1784120327.1770563,stage1_annotation,annotation,35883.0,L3_TACCCGTCAGTGGCTC,,
deepseek,720,577,1297,640,529,,,DeepSeekBackend,deepseek-v4-flash,1784120327.202634,stage1_annotation,annotation,67052.0,L5_TTTGGAGGTGGTGATG,,
deepseek,720,252,972,640,186,,,DeepSeekBackend,deepseek-v4-flash,1784120327.2880926,stage1_annotation,annotation,123550.0,E2L5_TCTAACTTCCTCGCAT,,
deepseek,721,910,1631,640,860,,,DeepSeekBackend,deepseek-v4-flash,1784120327.8735569,stage1_annotation,annotation,155438.0,E2L8_CTTCTCTAGTATAGGT,,
deepseek,720,575,1295,640,505,,,DeepSeekBackend,deepseek-v4-flash,1784120328.607284,stage1_annotation,annotation,42109.0,L4_ATGTCTTCAGAAGCTG,,
deepseek,720,760,1480,640,700,,,DeepSeekBackend,deepseek-v4-flash,1784120329.4541464,stage1_annotation,annotation,13631.0,L1_TTTCAGTTCCATACTT,,
deepseek,720,619,1339,640,569,,,DeepSeekBackend,deepseek-v4-flash,1784120329.5079322,stage1_annotation,annotation,8644.0,L1_GGTAGAGCACACCAGC,,
deepseek,720,845,1565,640,786,,,DeepSeekBackend,deepseek-v4-flash,1784120331.1483614,stage1_annotation,annotation,49784.0,L4_TCCCACACATGCAGCC,,
deepseek,720,809,1529,640,757,,,DeepSeekBackend,deepseek-v4-flash,1784120332.112833,stage1_annotation,annotation,38438.0,L3_TTCAATCTCGGTGTTA,,
deepseek,711,1954,2665,640,1903,,,DeepSeekBackend,deepseek-v4-flash,1784120332.9597442,stage1_annotation,annotation,144126.0,E2L7_GATCACACAAAGAGTT,,
deepseek,710,816,1526,640,741,,,DeepSeekBackend,deepseek-v4-flash,1784120335.7740912,stage1_annotation,annotation,6012.0,L1_CTCCCAAAGAGTCGAC,,
deepseek,710,722,1432,640,664,,,DeepSeekBackend,deepseek-v4-flash,1784120336.0035336,stage1_annotation,annotation,104650.0,E2L4_ATTTCACTCTATCGTT,,
deepseek,710,800,1510,640,752,,,DeepSeekBackend,deepseek-v4-flash,1784120336.5063467,stage1_annotation,annotation,145306.0,E2L7_GGTCACGCAGTTGAAA,,
deepseek,710,905,1615,640,852,,,DeepSeekBackend,deepseek-v4-flash,1784120337.505667,stage1_annotation,annotation,81719.0,E2L2_CACTAAGAGTTCAACC,,
deepseek,720,1273,1993,640,1188,,,DeepSeekBackend,deepseek-v4-flash,1784120337.7409122,stage1_annotation,annotation,10570.0,L1_TCAAGACAGGCACTAG,,
deepseek,710,1314,2024,640,1231,,,DeepSeekBackend,deepseek-v4-flash,1784120340.4057505,stage1_annotation,annotation,71477.0,E2L1_CGATGGCGTGTTGACT,,
deepseek,710,1040,1750,640,1037,,,DeepSeekBackend,deepseek-v4-flash,1784120341.6376338,stage1_annotation,annotation,129230.0,E2L6_CATGGTAAGTCGAAGC,,
deepseek,710,1156,1866,640,1077,,,DeepSeekBackend,deepseek-v4-flash,1784120342.3246965,stage1_annotation,annotation,117758.0,E2L5_CCTGCATTCGTCGGGT,,
deepseek,710,1001,1711,640,903,,,DeepSeekBackend,deepseek-v4-flash,1784120343.0929966,stage1_annotation,annotation,151971.0,E2L8_ATACCTTTCCTGTAAG,,
deepseek,710,965,1675,640,879,,,DeepSeekBackend,deepseek-v4-flash,1784120343.8284686,stage1_annotation,annotation,25281.0,L2_TGCACGGTCTGCATGA,,
deepseek,710,1606,2316,0,1532,,,DeepSeekBackend,deepseek-v4-flash,1784120344.1656299,stage1_annotation,annotation,89000.0,E2L2_TGAGTCAGTCCTTAAG,,
deepseek,710,1565,2275,0,1507,,,DeepSeekBackend,deepseek-v4-flash,1784120344.3125594,stage1_annotation,annotation,24812.0,L2_TCTACATTCCTGTTGC,,
deepseek,710,1554,2264,640,1452,,,DeepSeekBackend,deepseek-v4-flash,1784120344.5125113,stage1_annotation,annotation,101433.0,E2L3_TTCTAGTCAACCACGC,,
deepseek,710,1376,2086,640,1373,,,DeepSeekBackend,deepseek-v4-flash,1784120346.122916,stage1_annotation,annotation,114471.0,E2L5_ACGTAGTTCCGACGGT,,
deepseek,715,930,1645,0,854,,,DeepSeekBackend,deepseek-v4-flash,1784120348.37948,stage1_annotation,annotation,19706.0,L2_CTGATCCCAACATCGT,,
deepseek,710,1296,2006,640,1234,,,DeepSeekBackend,deepseek-v4-flash,1784120349.160506,stage1_annotation,annotation,19161.0,L2_CGTTGGGCACATGGTT,,
deepseek,715,1076,1791,0,1073,,,DeepSeekBackend,deepseek-v4-flash,1784120350.787744,stage1_annotation,annotation,94593.0,E2L3_CCTCTCCAGCAGGCTA,,
deepseek,710,1840,2550,640,1749,,,DeepSeekBackend,deepseek-v4-flash,1784120352.5343392,stage1_annotation,annotation,71794.0,E2L1_CGTTAGACACACGTGC,,
deepseek,715,1412,2127,640,1322,,,DeepSeekBackend,deepseek-v4-flash,1784120354.086314,stage1_annotation,annotation,106770.0,E2L4_CTCAATTAGAAACTCA,,
deepseek,710,1839,2549,640,1768,,,DeepSeekBackend,deepseek-v4-flash,1784120355.0149806,stage1_annotation,annotation,40100.0,L4_ACCCTCATCACCGGGT,,
deepseek,710,2154,2864,640,2078,,,DeepSeekBackend,deepseek-v4-flash,1784120356.6206748,stage1_annotation,annotation,157008.0,E2L8_GGCTTGGTCAAGTAAG,,
deepseek,715,1136,1851,640,1062,,,DeepSeekBackend,deepseek-v4-flash,1784120357.3141968,stage1_annotation,annotation,17078.0,L2_CAAGACTTCAAGAGTA,,
deepseek,710,2830,3540,640,2747,,,DeepSeekBackend,deepseek-v4-flash,1784120360.7940145,stage1_annotation,annotation,160458.0,E2L8_TGCTGAATCATCTATC,,
deepseek,710,2644,3354,640,2564,,,DeepSeekBackend,deepseek-v4-flash,1784120361.2793458,stage1_annotation,annotation,81942.0,E2L2_CAGTGCGGTATGAGCG,,
deepseek,715,1273,1988,640,1196,,,DeepSeekBackend,deepseek-v4-flash,1784120361.790237,stage1_annotation,annotation,59130.0,L5_CTGGACGCAGTAACGG,,
deepseek,715,1388,2103,640,1313,,,DeepSeekBackend,deepseek-v4-flash,1784120361.8901076,stage1_annotation,annotation,99686.0,E2L3_TCCCACAGTGAGTAGC,,
deepseek,715,1569,2284,640,1514,,,DeepSeekBackend,deepseek-v4-flash,1784120362.4115126,stage1_annotation,annotation,61838.0,L5_GTACAACGTACTGCGC,,
deepseek,715,1649,2364,640,1646,,,DeepSeekBackend,deepseek-v4-flash,1784120362.555866,stage1_annotation,annotation,29212.0,L3_ATCACAGGTTGTAGCT,,
deepseek,710,3282,3992,640,3207,,,DeepSeekBackend,deepseek-v4-flash,1784120364.7501118,stage1_annotation,annotation,86295.0,E2L2_GTAGTACCAAGTTCCA,,
deepseek,715,1677,2392,640,1674,,,DeepSeekBackend,deepseek-v4-flash,1784120368.3417034,stage1_annotation,annotation,149109.0,E2L7_TTCACCGTCCGCAAAT,,
deepseek,715,1141,1856,640,1071,,,DeepSeekBackend,deepseek-v4-flash,1784120369.9045658,stage1_annotation,annotation,92254.0,E2L3_AGGCATTCAAGCGAAC,,
deepseek,715,1058,1773,640,1055,,,DeepSeekBackend,deepseek-v4-flash,1784120371.2665062,stage1_annotation,annotation,9197.0,L1_GTCCTCAGTGTTTACG,,
deepseek,715,1847,2562,640,1844,,,DeepSeekBackend,deepseek-v4-flash,1784120372.2216856,stage1_annotation,annotation,14428.0,L2_AATGGAATCCCAGTGG,,
deepseek,715,1456,2171,640,1377,,,DeepSeekBackend,deepseek-v4-flash,1784120373.2541137,stage1_annotation,annotation,42278.0,L4_ATTGGGTAGCGAGGAG,,
deepseek,718,847,1565,0,773,,,DeepSeekBackend,deepseek-v4-flash,1784120373.4942818,stage1_annotation,annotation,25377.0,L2_TGCGACGAGATTCGAA,,
deepseek,715,2092,2807,640,2089,,,DeepSeekBackend,deepseek-v4-flash,1784120373.516506,stage1_annotation,annotation,49141.0,L4_TATACCTGTAGATGTA,,
deepseek,715,2574,3289,640,2490,,,DeepSeekBackend,deepseek-v4-flash,1784120374.9625316,stage1_annotation,annotation,34476.0,L3_GGGCTACAGAGGGCGA,,
deepseek,718,499,1217,640,383,,,DeepSeekBackend,deepseek-v4-flash,1784120375.8945374,stage1_annotation,annotation,6614.0,L1_GAAACCTTCGCCAACG,,
deepseek,715,1932,2647,640,1929,,,DeepSeekBackend,deepseek-v4-flash,1784120376.9082274,stage1_annotation,annotation,34742.0,L3_GGTTCTCTCAACGAGG,,
deepseek,718,455,1173,640,453,,,DeepSeekBackend,deepseek-v4-flash,1784120377.2185638,stage1_annotation,annotation,122322.0,E2L5_TACGGGCGTGACTAAA,,
deepseek,718,672,1390,640,584,,,DeepSeekBackend,deepseek-v4-flash,1784120377.9230537,stage1_annotation,annotation,84815.0,E2L2_GATCATGGTAACGGTG,,
deepseek,718,850,1568,640,782,,,DeepSeekBackend,deepseek-v4-flash,1784120379.3940735,stage1_annotation,annotation,96706.0,E2L3_GCAGGCTAGGTTGACG,,
deepseek,715,2280,2995,640,2222,,,DeepSeekBackend,deepseek-v4-flash,1784120380.1982303,stage1_annotation,annotation,144073.0,E2L7_GAGTTACGTAATACCC,,
deepseek,718,601,1319,640,519,,,DeepSeekBackend,deepseek-v4-flash,1784120380.4534726,stage1_annotation,annotation,63159.0,L5_TACCCGTCAGCGCGTT,,
deepseek,718,915,1633,640,848,,,DeepSeekBackend,deepseek-v4-flash,1784120381.0895739,stage1_annotation,annotation,80854.0,E2L2_ATCCGTCGTTGCAAGG,,
deepseek,715,3033,3748,640,2951,,,DeepSeekBackend,deepseek-v4-flash,1784120381.1542203,stage1_annotation,annotation,39947.0,L4_ACAGAAATCCATGCAA,,
deepseek,718,443,1161,640,441,,,DeepSeekBackend,deepseek-v4-flash,1784120381.6260836,stage1_annotation,annotation,136872.0,E2L6_TTACAGGTCGAGAAGC,,
deepseek,718,291,1009,640,219,,,DeepSeekBackend,deepseek-v4-flash,1784120382.1484847,stage1_annotation,annotation,82617.0,E2L2_CCGGGTACATGACAGG,,
deepseek,718,281,999,640,279,,,DeepSeekBackend,deepseek-v4-flash,1784120384.6770318,stage1_annotation,annotation,87474.0,E2L2_TAGACTGAGTCTGTAC,,
deepseek,715,343,1058,0,273,,,DeepSeekBackend,deepseek-v4-flash,1784120384.8047748,stage1_annotation,annotation,103051.0,E2L4_ACTCTCGAGGTTGAGC,,
deepseek,715,3143,3858,640,3070,,,DeepSeekBackend,deepseek-v4-flash,1784120385.9031122,stage1_annotation,annotation,70951.0,E2L1_CCCGGAATCGTGACTA,,
deepseek,715,247,962,640,167,,,DeepSeekBackend,deepseek-v4-flash,1784120386.1276772,stage1_annotation,annotation,106989.0,E2L4_CTCTCAGGTGACTGAG,,
deepseek,715,462,1177,640,381,,,DeepSeekBackend,deepseek-v4-flash,1784120386.9778821,stage1_annotation,annotation,133540.0,E2L6_GTAGTACTCATTACGG,,
deepseek,715,4094,4809,640,4007,,,DeepSeekBackend,deepseek-v4-flash,1784120387.1004195,stage1_annotation,annotation,18049.0,L2_CCACTTGAGTACAGCG,,
deepseek,718,1306,2024,640,1220,,,DeepSeekBackend,deepseek-v4-flash,1784120387.112062,stage1_annotation,annotation,25257.0,L2_TGATTTCAGTGAGGCT,,
deepseek,715,468,1183,0,399,,,DeepSeekBackend,deepseek-v4-flash,1784120387.182058,stage1_annotation,annotation,36977.0,L3_TCCTTTCTCGACTCCT,,
deepseek,718,232,950,640,230,,,DeepSeekBackend,deepseek-v4-flash,1784120388.1953163,stage1_annotation,annotation,2631.0,L1_ATCACTTTCACGGGAA,,
deepseek,718,275,993,640,273,,,DeepSeekBackend,deepseek-v4-flash,1784120388.9481027,stage1_annotation,annotation,103140.0,E2L4_ACTTCGCCAAGCGCAA,,
deepseek,718,555,1273,640,503,,,DeepSeekBackend,deepseek-v4-flash,1784120389.2244613,stage1_annotation,annotation,110134.0,E2L4_GTTGCTCCACACCAGC,,
deepseek,715,424,1139,640,339,,,DeepSeekBackend,deepseek-v4-flash,1784120390.7415612,stage1_annotation,annotation,144019.0,E2L7_GAGTCATAGGTTTGAA,,
deepseek,718,826,1544,640,763,,,DeepSeekBackend,deepseek-v4-flash,1784120391.1343443,stage1_annotation,annotation,117094.0,E2L5_CATTCCGCACTCTAGA,,
deepseek,718,886,1604,640,824,,,DeepSeekBackend,deepseek-v4-flash,1784120391.2403374,stage1_annotation,annotation,19992.0,L2_CTTCCTTGTGCATGAG,,
deepseek,715,448,1163,640,360,,,DeepSeekBackend,deepseek-v4-flash,1784120391.5025806,stage1_annotation,annotation,140004.0,E2L7_ATCATTCCAATGCAGG,,
deepseek,718,579,1297,640,516,,,DeepSeekBackend,deepseek-v4-flash,1784120393.058195,stage1_annotation,annotation,143854.0,E2L7_GACTGATGTGTCTAAC,,
deepseek,715,386,1101,640,312,,,DeepSeekBackend,deepseek-v4-flash,1784120393.1061945,stage1_annotation,annotation,156959.0,E2L8_GGCAGTCAGAATCGAT,,
deepseek,715,386,1101,640,380,,,DeepSeekBackend,deepseek-v4-flash,1784120393.3717074,stage1_annotation,annotation,22522.0,L2_GTCATTTTCTCATGCC,,
deepseek,715,1120,1835,640,1038,,,DeepSeekBackend,deepseek-v4-flash,1784120393.484484,stage1_annotation,annotation,1215.0,L1_ACGTCCTCAATCCTTT,,
deepseek,715,779,1494,640,695,,,DeepSeekBackend,deepseek-v4-flash,1784120394.1296427,stage1_annotation,annotation,3307.0,L1_ATTTCACTCACAAGGG,,
deepseek,715,569,1284,640,563,,,DeepSeekBackend,deepseek-v4-flash,1784120394.3431067,stage1_annotation,annotation,126863.0,E2L6_AGACAGGCACATAGCT,,
deepseek,715,1003,1718,640,908,,,DeepSeekBackend,deepseek-v4-flash,1784120394.544894,stage1_annotation,annotation,20996.0,L2_GCACGGTAGAGCAGCT,,
deepseek,715,728,1443,640,633,,,DeepSeekBackend,deepseek-v4-flash,1784120395.3084042,stage1_annotation,annotation,14442.0,L2_AATGGCTGTCAAAGTA,,
deepseek,715,710,1425,640,621,,,DeepSeekBackend,deepseek-v4-flash,1784120395.5174909,stage1_annotation,annotation,104936.0,E2L4_CACGAATGTAGTCGTT,,
deepseek,715,1041,1756,640,960,,,DeepSeekBackend,deepseek-v4-flash,1784120395.5807374,stage1_annotation,annotation,2389.0,L1_AGTGACTTCGCTGATA,,
deepseek,715,373,1088,640,312,,,DeepSeekBackend,deepseek-v4-flash,1784120396.1864302,stage1_annotation,annotation,29638.0,L3_ATTACCTTCCATTGGA,,
deepseek,715,620,1335,640,614,,,DeepSeekBackend,deepseek-v4-flash,1784120396.6779037,stage1_annotation,annotation,37388.0,L3_TGAATGCGTTGCATTG,,
deepseek,715,531,1246,640,457,,,DeepSeekBackend,deepseek-v4-flash,1784120397.7499144,stage1_annotation,annotation,100010.0,E2L3_TCGGTCTGTCGCTCGA,,
deepseek,720,308,1028,640,306,,,DeepSeekBackend,deepseek-v4-flash,1784120398.0834801,stage1_annotation,annotation,148264.0,E2L7_TGATGGTTCACGGTCG,,
deepseek,715,709,1424,640,631,,,DeepSeekBackend,deepseek-v4-flash,1784120398.1280212,stage1_annotation,annotation,159860.0,E2L8_TCTACCGAGCTCGACC,,
deepseek,718,1279,1997,640,1216,,,DeepSeekBackend,deepseek-v4-flash,1784120400.2382338,stage1_annotation,annotation,59405.0,L5_CTTGAGAAGCAATAAC,,
deepseek,720,885,1605,0,825,,,DeepSeekBackend,deepseek-v4-flash,1784120402.1652684,stage1_annotation,annotation,21188.0,L2_GCCAGCATCGAGCCAC,,
deepseek,715,1298,2013,640,1292,,,DeepSeekBackend,deepseek-v4-flash,1784120403.1083114,stage1_annotation,annotation,74399.0,E2L1_GTAACACCAACACGTT,,
deepseek,718,1583,2301,640,1503,,,DeepSeekBackend,deepseek-v4-flash,1784120403.560094,stage1_annotation,annotation,84175.0,E2L2_CTTGATTAGTTGGACG,,
deepseek,720,1042,1762,640,1040,,,DeepSeekBackend,deepseek-v4-flash,1784120407.2110348,stage1_annotation,annotation,135600.0,E2L6_TCGATTTCACCTAAAC,,
deepseek,719,262,981,0,181,,,DeepSeekBackend,deepseek-v4-flash,1784120407.510193,stage1_annotation,annotation,7430.0,L1_GATGCTATCCTGTACC,,
deepseek,720,1143,1863,640,1052,,,DeepSeekBackend,deepseek-v4-flash,1784120407.8967276,stage1_annotation,annotation,133682.0,E2L6_GTCCCATAGCCGGATA,,
deepseek,720,1035,1755,640,939,,,DeepSeekBackend,deepseek-v4-flash,1784120408.240917,stage1_annotation,annotation,112086.0,E2L4_TGCAGGCAGAAGCCTG,,
deepseek,720,1120,1840,640,1066,,,DeepSeekBackend,deepseek-v4-flash,1784120410.4135067,stage1_annotation,annotation,117572.0,E2L5_CCGTGAGGTGTGGTCC,,
deepseek,719,251,970,640,246,,,DeepSeekBackend,deepseek-v4-flash,1784120410.7668564,stage1_annotation,annotation,154894.0,E2L8_CTCAGTCCAGACGATG,,
deepseek,719,226,945,640,159,,,DeepSeekBackend,deepseek-v4-flash,1784120410.8319633,stage1_annotation,annotation,24314.0,L2_TCCATCGCATCGGAAG,,
deepseek,719,162,881,640,157,,,DeepSeekBackend,deepseek-v4-flash,1784120411.1062553,stage1_annotation,annotation,10112.0,L1_TACCTCGCAAAGGCTG,,
deepseek,720,913,1633,640,806,,,DeepSeekBackend,deepseek-v4-flash,1784120411.3959131,stage1_annotation,annotation,130605.0,E2L6_CTAGACACAGGCGTTC,,
deepseek,719,261,980,640,256,,,DeepSeekBackend,deepseek-v4-flash,1784120411.9464135,stage1_annotation,annotation,114465.0,E2L5_ACGTAGTCAGGCTACC,,
deepseek,720,1147,1867,640,1061,,,DeepSeekBackend,deepseek-v4-flash,1784120412.7326033,stage1_annotation,annotation,18575.0,L2_CCTTGTGTCTTCGATT,,
deepseek,720,1090,1810,640,1030,,,DeepSeekBackend,deepseek-v4-flash,1784120412.91033,stage1_annotation,annotation,154549.0,E2L8_CGTGAATTCACTCTTA,,
deepseek,720,1447,2167,640,1441,,,DeepSeekBackend,deepseek-v4-flash,1784120413.43203,stage1_annotation,annotation,125101.0,E2L5_TTGAGTGCAGAAATTG,,
deepseek,720,1474,2194,640,1468,,,DeepSeekBackend,deepseek-v4-flash,1784120413.7304077,stage1_annotation,annotation,85491.0,E2L2_GGAACCCGTTCTCCCA,,
deepseek,720,1784,2504,640,1711,,,DeepSeekBackend,deepseek-v4-flash,1784120414.0640957,stage1_annotation,annotation,92257.0,E2L3_AGGCATTGTGAACGGT,,
deepseek,720,1551,2271,640,1486,,,DeepSeekBackend,deepseek-v4-flash,1784120414.2172787,stage1_annotation,annotation,19277.0,L2_CTACTATGTGATCATC,,
deepseek,719,285,1004,640,213,,,DeepSeekBackend,deepseek-v4-flash,1784120414.2214873,stage1_annotation,annotation,57480.0,L5_CCGTGAGAGATGCTAA,,
deepseek,719,198,917,640,193,,,DeepSeekBackend,deepseek-v4-flash,1784120414.2826557,stage1_annotation,annotation,70469.0,E2L1_CAGTTCCGTTATTCCT,,
deepseek,719,207,926,640,151,,,DeepSeekBackend,deepseek-v4-flash,1784120414.3924623,stage1_annotation,annotation,14967.0,L2_ACTATCTGTTCGGCGT,,
deepseek,719,262,981,640,184,,,DeepSeekBackend,deepseek-v4-flash,1784120414.4265037,stage1_annotation,annotation,101868.0,E2L3_TTTGGAGCACCAGGTC,,
deepseek,720,977,1697,640,893,,,DeepSeekBackend,deepseek-v4-flash,1784120414.8334932,stage1_annotation,annotation,83172.0,E2L2_CGGAGAACACGGATCC,,
deepseek,719,293,1012,640,288,,,DeepSeekBackend,deepseek-v4-flash,1784120414.93464,stage1_annotation,annotation,59073.0,L5_CTGCCTAGTGTTTACG,,
deepseek,719,164,883,640,159,,,DeepSeekBackend,deepseek-v4-flash,1784120415.010082,stage1_annotation,annotation,29294.0,L3_ATCCCTGAGGGCAGTT,,
deepseek,719,174,893,640,169,,,DeepSeekBackend,deepseek-v4-flash,1784120415.5992942,stage1_annotation,annotation,516.0,L1_AAGTACCGTGAGGAAA,,
deepseek,720,1484,2204,640,1397,,,DeepSeekBackend,deepseek-v4-flash,1784120415.8872523,stage1_annotation,annotation,135164.0,E2L6_TCAGTTTAGTACTCGT,,
deepseek,719,170,889,640,165,,,DeepSeekBackend,deepseek-v4-flash,1784120416.3801126,stage1_annotation,annotation,79075.0,E2L2_AATGCCAAGTATCCTG,,
deepseek,719,161,880,640,156,,,DeepSeekBackend,deepseek-v4-flash,1784120416.4123778,stage1_annotation,annotation,127796.0,E2L6_ATCACTTTCCGTGGCA,,
deepseek,719,353,1072,640,295,,,DeepSeekBackend,deepseek-v4-flash,1784120416.8315184,stage1_annotation,annotation,160550.0,E2L8_TGGATGTTCCACGTCT,,
deepseek,718,2664,3382,640,2559,,,DeepSeekBackend,deepseek-v4-flash,1784120417.186769,stage1_annotation,annotation,157111.0,E2L8_GGGATGAGTTGGGTTT,,
deepseek,719,206,925,640,144,,,DeepSeekBackend,deepseek-v4-flash,1784120417.4170961,stage1_annotation,annotation,26213.0,L2_TTCATGTAGGAAGAAC,,
deepseek,720,1740,2460,640,1678,,,DeepSeekBackend,deepseek-v4-flash,1784120417.4385998,stage1_annotation,annotation,35841.0,L3_TACAGGTGTAGTTACC,,
deepseek,719,254,973,640,249,,,DeepSeekBackend,deepseek-v4-flash,1784120417.868601,stage1_annotation,annotation,51658.0,L4_TTCAATCAGGCTTCCG,,
deepseek,719,285,1004,640,224,,,DeepSeekBackend,deepseek-v4-flash,1784120417.980661,stage1_annotation,annotation,47256.0,L4_GGGCGTTCAAATACGA,,
deepseek,714,230,944,0,177,,,DeepSeekBackend,deepseek-v4-flash,1784120418.125216,stage1_annotation,annotation,125841.0,E2L6_AAGACTCTCAACGCTA,,
deepseek,720,1530,2250,640,1463,,,DeepSeekBackend,deepseek-v4-flash,1784120418.392469,stage1_annotation,annotation,116682.0,E2L5_CAGATACAGATAGCAT,,
deepseek,719,367,1086,640,286,,,DeepSeekBackend,deepseek-v4-flash,1784120418.6197548,stage1_annotation,annotation,46191.0,L4_GATGAGGTCTCGGTAA,,
deepseek,714,321,1035,0,273,,,DeepSeekBackend,deepseek-v4-flash,1784120418.9843912,stage1_annotation,annotation,55511.0,L5_ATGAGGGCAAACTCTG,,
deepseek,719,400,1119,640,338,,,DeepSeekBackend,deepseek-v4-flash,1784120419.1546667,stage1_annotation,annotation,5296.0,L1_CGGAACCTCCGTGGGT,,
deepseek,714,320,1034,0,261,,,DeepSeekBackend,deepseek-v4-flash,1784120419.2466443,stage1_annotation,annotation,107081.0,E2L4_CTGCAGGTCGGACTGC,,
deepseek,714,218,932,640,171,,,DeepSeekBackend,deepseek-v4-flash,1784120419.5380166,stage1_annotation,annotation,67405.0,E2L1_AAGAACACATAATCGC,,
deepseek,714,286,1000,640,224,,,DeepSeekBackend,deepseek-v4-flash,1784120420.0650377,stage1_annotation,annotation,117904.0,E2L5_CGATCGGGTAGCGTTT,,
deepseek,714,235,949,640,173,,,DeepSeekBackend,deepseek-v4-flash,1784120420.4156203,stage1_annotation,annotation,118277.0,E2L5_CGTTAGATCTGAGGCC,,
deepseek,720,1446,2166,640,1370,,,DeepSeekBackend,deepseek-v4-flash,1784120420.7260108,stage1_annotation,annotation,5157.0,L1_CGAGTTAGTGTACAGG,,
deepseek,714,459,1173,0,395,,,DeepSeekBackend,deepseek-v4-flash,1784120420.9910603,stage1_annotation,annotation,95604.0,E2L3_CTGATCCGTCGCACAC,,
deepseek,714,246,960,640,186,,,DeepSeekBackend,deepseek-v4-flash,1784120421.0201812,stage1_annotation,annotation,137357.0,E2L6_TTGCTGCCAGCCCACA,,
deepseek,714,277,991,640,220,,,DeepSeekBackend,deepseek-v4-flash,1784120421.0739818,stage1_annotation,annotation,68220.0,E2L1_ACTGATGTCTTCGATT,,
deepseek,714,243,957,640,183,,,DeepSeekBackend,deepseek-v4-flash,1784120421.7768621,stage1_annotation,annotation,158089.0,E2L8_GTGGTTAGTTGCACGC,,
deepseek,714,240,954,640,187,,,DeepSeekBackend,deepseek-v4-flash,1784120421.874983,stage1_annotation,annotation,43383.0,L4_CCACACTAGTGATGGC,,
deepseek,714,231,945,640,175,,,DeepSeekBackend,deepseek-v4-flash,1784120421.9656348,stage1_annotation,annotation,80288.0,E2L2_AGGCATTAGCCTTTCC,,
deepseek,714,171,885,640,168,,,DeepSeekBackend,deepseek-v4-flash,1784120422.0622003,stage1_annotation,annotation,101431.0,E2L3_TTCTAGTAGAAGCGCT,,
deepseek,714,191,905,640,137,,,DeepSeekBackend,deepseek-v4-flash,1784120422.7675028,stage1_annotation,annotation,103375.0,E2L4_AGATCGTCAACAGCCC,,
deepseek,714,167,881,640,164,,,DeepSeekBackend,deepseek-v4-flash,1784120422.8455317,stage1_annotation,annotation,98355.0,E2L3_GTGTGATAGGTTCAGG,,
deepseek,714,267,981,640,215,,,DeepSeekBackend,deepseek-v4-flash,1784120423.0269034,stage1_annotation,annotation,83146.0,E2L2_CGGAATTTCGTGGACC,,
deepseek,714,213,927,640,157,,,DeepSeekBackend,deepseek-v4-flash,1784120423.7569356,stage1_annotation,annotation,155038.0,E2L8_CTCGAGGGTAACATGA,,
deepseek,708,104,812,640,101,,,DeepSeekBackend,deepseek-v4-flash,1784120424.057504,stage1_annotation,annotation,17459.0,L2_CAGCAGCTCGCTAATG,,
deepseek,714,440,1154,640,385,,,DeepSeekBackend,deepseek-v4-flash,1784120424.1333773,stage1_annotation,annotation,62837.0,L5_GTTGTAGCAAACGTGG,,
deepseek,714,260,974,640,198,,,DeepSeekBackend,deepseek-v4-flash,1784120424.1493099,stage1_annotation,annotation,61460.0,L5_GGGTATTTCCCTAGGG,,
deepseek,708,394,1102,0,345,,,DeepSeekBackend,deepseek-v4-flash,1784120425.6740916,stage1_annotation,annotation,31255.0,L3_CCTACGTAGAAAGTCT,,
deepseek,708,348,1056,0,300,,,DeepSeekBackend,deepseek-v4-flash,1784120425.7102826,stage1_annotation,annotation,50541.0,L4_TGACCCTTCGAAGTGG,,
deepseek,708,269,977,640,221,,,DeepSeekBackend,deepseek-v4-flash,1784120425.857813,stage1_annotation,annotation,52228.0,L4_TTTACGTCACTGGACC,,
deepseek,714,647,1361,640,587,,,DeepSeekBackend,deepseek-v4-flash,1784120426.5724907,stage1_annotation,annotation,151355.0,E2L8_AGCGATTAGGTACATA,,
deepseek,720,2771,3491,0,2768,,,DeepSeekBackend,deepseek-v4-flash,1784120426.5908198,stage1_annotation,annotation,127381.0,E2L6_AGGTAGGAGTGCACCC,,
deepseek,708,343,1051,640,340,,,DeepSeekBackend,deepseek-v4-flash,1784120426.889738,stage1_annotation,annotation,54454.0,L5_AGCGCCAGTGGCTGCT,,
deepseek,708,216,924,640,213,,,DeepSeekBackend,deepseek-v4-flash,1784120427.7494578,stage1_annotation,annotation,48054.0,L4_GTCTAGAGTATAATGG,,
deepseek,708,256,964,640,253,,,DeepSeekBackend,deepseek-v4-flash,1784120427.787894,stage1_annotation,annotation,79611.0,E2L2_ACGTTCCTCCCGAGGT,,
deepseek,708,341,1049,640,284,,,DeepSeekBackend,deepseek-v4-flash,1784120428.1792095,stage1_annotation,annotation,49809.0,L4_TCCCATGCACCTGCAG,,
deepseek,708,216,924,640,213,,,DeepSeekBackend,deepseek-v4-flash,1784120428.3187795,stage1_annotation,annotation,22185.0,L2_GGTTAACTCGGTCACG,,
deepseek,708,499,1207,640,456,,,DeepSeekBackend,deepseek-v4-flash,1784120428.443076,stage1_annotation,annotation,31678.0,L3_CGCCAGACAGCTGTCG,,
deepseek,708,271,979,640,227,,,DeepSeekBackend,deepseek-v4-flash,1784120428.7225788,stage1_annotation,annotation,38456.0,L3_TTCACGCTCAAAGGTA,,
deepseek,708,367,1075,640,311,,,DeepSeekBackend,deepseek-v4-flash,1784120428.8111837,stage1_annotation,annotation,52137.0,L4_TTGTGGACACGCGTCA,,
deepseek,708,336,1044,640,333,,,DeepSeekBackend,deepseek-v4-flash,1784120429.4168713,stage1_annotation,annotation,46657.0,L4_GCGATCGGTGTTCCTC,,
deepseek,708,262,970,640,214,,,DeepSeekBackend,deepseek-v4-flash,1784120429.6347115,stage1_annotation,annotation,62151.0,L5_GTCCTCACAAGATCCT,,
deepseek,708,278,986,640,225,,,DeepSeekBackend,deepseek-v4-flash,1784120429.7276769,stage1_annotation,annotation,48510.0,L4_GTTCGCTTCGTTAGAC,,
deepseek,708,556,1264,640,492,,,DeepSeekBackend,deepseek-v4-flash,1784120430.2975583,stage1_annotation,annotation,8720.0,L1_GGTGGCTTCTGGCTGG,,
deepseek,708,266,974,640,222,,,DeepSeekBackend,deepseek-v4-flash,1784120430.5585408,stage1_annotation,annotation,28558.0,L3_AGCCAGCTCCGATAGT,,
deepseek,708,296,1004,640,225,,,DeepSeekBackend,deepseek-v4-flash,1784120431.0295038,stage1_annotation,annotation,57273.0,L5_CCCTCAAGTGCGTTTA,,
deepseek,719,341,1060,0,275,,,DeepSeekBackend,deepseek-v4-flash,1784120431.052969,stage1_annotation,annotation,74797.0,E2L1_GTCTCACAGCTGTGCC,,
deepseek,719,368,1087,0,306,,,DeepSeekBackend,deepseek-v4-flash,1784120431.2071023,stage1_annotation,annotation,15093.0,L2_ACTTATCAGGTTAGTA,,
deepseek,708,503,1211,640,443,,,DeepSeekBackend,deepseek-v4-flash,1784120431.3492274,stage1_annotation,annotation,56779.0,L5_CATCGCTTCAAACGAA,,
deepseek,708,862,1570,0,779,,,DeepSeekBackend,deepseek-v4-flash,1784120431.9337611,stage1_annotation,annotation,20256.0,L2_GAATCGTCAAGTATCC,,
deepseek,719,305,1024,640,238,,,DeepSeekBackend,deepseek-v4-flash,1784120432.7158904,stage1_annotation,annotation,54448.0,L5_AGCGCCACAGGTCAAG,,
deepseek,719,464,1183,640,419,,,DeepSeekBackend,deepseek-v4-flash,1784120434.1599565,stage1_annotation,annotation,129612.0,E2L6_CCGAACGAGAGCCGAT,,
deepseek,719,371,1090,640,309,,,DeepSeekBackend,deepseek-v4-flash,1784120434.419541,stage1_annotation,annotation,127899.0,E2L6_ATCGATGAGCTAATGA,,
deepseek,719,286,1005,640,235,,,DeepSeekBackend,deepseek-v4-flash,1784120434.8058245,stage1_annotation,annotation,79136.0,E2L2_ACAAAGAAGTTCCGTA,,
deepseek,719,298,1017,640,238,,,DeepSeekBackend,deepseek-v4-flash,1784120435.1604595,stage1_annotation,annotation,76907.0,E2L1_TCTTTGATCGTGGGTC,,
deepseek,719,448,1167,640,402,,,DeepSeekBackend,deepseek-v4-flash,1784120435.3051512,stage1_annotation,annotation,6356.0,L1_CTGTAGAAGACCGCCT,,
deepseek,719,370,1089,640,319,,,DeepSeekBackend,deepseek-v4-flash,1784120435.3819904,stage1_annotation,annotation,11291.0,L1_TCGAAGTCAACCTAAC,,
deepseek,719,297,1016,640,293,,,DeepSeekBackend,deepseek-v4-flash,1784120435.5951824,stage1_annotation,annotation,122898.0,E2L5_TCAGTTTTCCATAAGC,,
deepseek,720,2992,3712,640,2901,,,DeepSeekBackend,deepseek-v4-flash,1784120436.185299,stage1_annotation,annotation,95907.0,E2L3_CTTTCAATCGAGTGAG,,
deepseek,719,368,1087,640,294,,,DeepSeekBackend,deepseek-v4-flash,1784120436.4087467,stage1_annotation,annotation,84449.0,E2L2_GACCCTTAGGCACTAG,,
deepseek,719,780,1499,640,698,,,DeepSeekBackend,deepseek-v4-flash,1784120436.6391673,stage1_annotation,annotation,30351.0,L3_CAGATCATCACTTATC,,
deepseek,719,509,1228,640,467,,,DeepSeekBackend,deepseek-v4-flash,1784120436.869945,stage1_annotation,annotation,7747.0,L1_GCCAGCACAGCAGTTT,,
deepseek,719,630,1349,640,552,,,DeepSeekBackend,deepseek-v4-flash,1784120437.8281286,stage1_annotation,annotation,11118.0,L1_TCCCATGAGGAATGTT,,
deepseek,719,491,1210,0,431,,,DeepSeekBackend,deepseek-v4-flash,1784120438.38098,stage1_annotation,annotation,63636.0,L5_TATTGCTAGGGCTTCC,,
deepseek,719,1134,1853,640,1073,,,DeepSeekBackend,deepseek-v4-flash,1784120439.5666819,stage1_annotation,annotation,54594.0,L5_AGGAGGTCATCCTTCG,,
deepseek,719,938,1657,640,934,,,DeepSeekBackend,deepseek-v4-flash,1784120439.9458084,stage1_annotation,annotation,152675.0,E2L8_CAACAGTCAGGATTCT,,
deepseek,719,1134,1853,640,1130,,,DeepSeekBackend,deepseek-v4-flash,1784120440.3292654,stage1_annotation,annotation,56244.0,L5_CACAACATCGTGCGAC,,
deepseek,719,654,1373,640,599,,,DeepSeekBackend,deepseek-v4-flash,1784120442.1007285,stage1_annotation,annotation,154468.0,E2L8_CGGTCAGGTGGACTGA,,
deepseek,719,583,1302,640,528,,,DeepSeekBackend,deepseek-v4-flash,1784120442.9883556,stage1_annotation,annotation,108843.0,E2L4_GGCTGTGTCTGTTCAT,,
deepseek,719,504,1223,640,431,,,DeepSeekBackend,deepseek-v4-flash,1784120443.0057046,stage1_annotation,annotation,13495.0,L1_TTGTGTTTCTTCACGC,,
deepseek,719,454,1173,640,393,,,DeepSeekBackend,deepseek-v4-flash,1784120443.0792687,stage1_annotation,annotation,76731.0,E2L1_TCGTGGGTCTCAACGA,,
deepseek,719,517,1236,640,451,,,DeepSeekBackend,deepseek-v4-flash,1784120444.7640407,stage1_annotation,annotation,149862.0,E2L8_AAAGTGACAAGTGCAG,,
deepseek,719,645,1364,640,570,,,DeepSeekBackend,deepseek-v4-flash,1784120444.9569564,stage1_annotation,annotation,2382.0,L1_AGTGACTGTATTAAGG,,
deepseek,719,663,1382,640,594,,,DeepSeekBackend,deepseek-v4-flash,1784120445.9898777,stage1_annotation,annotation,125619.0,E2L6_AAATGGACACTCATAG,,
deepseek,719,1403,2122,640,1329,,,DeepSeekBackend,deepseek-v4-flash,1784120446.0368052,stage1_annotation,annotation,126684.0,E2L6_ACTGTGATCCACGGAC,,
deepseek,719,1534,2253,0,1472,,,DeepSeekBackend,deepseek-v4-flash,1784120447.3344007,stage1_annotation,annotation,47612.0,L4_GTAAGTCGTCGCATGC,,
deepseek,719,502,1221,640,498,,,DeepSeekBackend,deepseek-v4-flash,1784120448.2366111,stage1_annotation,annotation,71815.0,E2L1_CGTTCTGGTAACGCGA,,
deepseek,719,788,1507,640,784,,,DeepSeekBackend,deepseek-v4-flash,1784120448.3719337,stage1_annotation,annotation,59182.0,L5_CTGTACCAGTGCTACT,,
deepseek,719,385,1104,0,329,,,DeepSeekBackend,deepseek-v4-flash,1784120449.0038817,stage1_annotation,annotation,136562.0,E2L6_TGGGTTATCAATCAGC,,
deepseek,719,1070,1789,640,1018,,,DeepSeekBackend,deepseek-v4-flash,1784120449.4137018,stage1_annotation,annotation,26244.0,L2_TTCATTGTCTCCATAT,,
deepseek,719,996,1715,640,992,,,DeepSeekBackend,deepseek-v4-flash,1784120449.770124,stage1_annotation,annotation,80805.0,E2L2_ATCATTCAGGCAGGTT,,
deepseek,719,867,1586,640,790,,,DeepSeekBackend,deepseek-v4-flash,1784120450.0378146,stage1_annotation,annotation,113531.0,E2L5_AAAGTCCTCGACGTCG,,
deepseek,719,1103,1822,640,1099,,,DeepSeekBackend,deepseek-v4-flash,1784120452.1130955,stage1_annotation,annotation,126443.0,E2L6_ACGCACGAGAGGGCGA,,
deepseek,719,628,1347,640,529,,,DeepSeekBackend,deepseek-v4-flash,1784120452.642408,stage1_annotation,annotation,117778.0,E2L5_CCTTCAGTCTGTCCGT,,
deepseek,719,1457,2176,640,1453,,,DeepSeekBackend,deepseek-v4-flash,1784120452.9407046,stage1_annotation,annotation,127721.0,E2L6_ATAGAGAGTATGGAAT,,
deepseek,719,678,1397,640,616,,,DeepSeekBackend,deepseek-v4-flash,1784120453.5517151,stage1_annotation,annotation,20606.0,L2_GAGGGTACAGACATCT,,
deepseek,719,788,1507,0,704,,,DeepSeekBackend,deepseek-v4-flash,1784120454.2574725,stage1_annotation,annotation,15077.0,L2_ACTGTGAGTGATACTC,,
deepseek,719,1813,2532,640,1756,,,DeepSeekBackend,deepseek-v4-flash,1784120455.2462053,stage1_annotation,annotation,127869.0,E2L6_ATCCGTCCATCCGTTC,,
deepseek,719,2109,2828,640,2039,,,DeepSeekBackend,deepseek-v4-flash,1784120456.4657032,stage1_annotation,annotation,116590.0,E2L5_CACGTGGAGGAAAGGT,,
deepseek,719,551,1270,640,460,,,DeepSeekBackend,deepseek-v4-flash,1784120456.7722163,stage1_annotation,annotation,2467.0,L1_AGTTCCCAGCAGCCTC,,
deepseek,719,1767,2486,640,1696,,,DeepSeekBackend,deepseek-v4-flash,1784120457.7002635,stage1_annotation,annotation,40896.0,L4_AGCCAGCCATACTGAC,,
deepseek,719,911,1630,640,851,,,DeepSeekBackend,deepseek-v4-flash,1784120458.7356339,stage1_annotation,annotation,58805.0,L5_CTCCCAAAGCAGATAT,,
deepseek,719,1601,2320,640,1515,,,DeepSeekBackend,deepseek-v4-flash,1784120460.4108098,stage1_annotation,annotation,159767.0,E2L8_TCGGGTGAGCATTGTC,,
deepseek,719,559,1278,640,462,,,DeepSeekBackend,deepseek-v4-flash,1784120460.5345898,stage1_annotation,annotation,42194.0,L4_ATTCAGGCACAGTACT,,
deepseek,719,610,1329,640,539,,,DeepSeekBackend,deepseek-v4-flash,1784120461.4357166,stage1_annotation,annotation,128937.0,E2L6_CAGCGTGAGTGGAATT,,
deepseek,719,470,1189,640,418,,,DeepSeekBackend,deepseek-v4-flash,1784120463.0268824,stage1_annotation,annotation,6008.0,L1_CTCCATGCATCGGCCA,,
deepseek,719,1901,2620,640,1833,,,DeepSeekBackend,deepseek-v4-flash,1784120464.6193871,stage1_annotation,annotation,115008.0,E2L5_AGCGCCAAGGTTATAG,,
deepseek,719,1336,2055,640,1282,,,DeepSeekBackend,deepseek-v4-flash,1784120464.6980789,stage1_annotation,annotation,25458.0,L2_TGCTTCGCACGAAAGC,,
deepseek,719,1011,1730,640,952,,,DeepSeekBackend,deepseek-v4-flash,1784120464.956814,stage1_annotation,annotation,122724.0,E2L5_TCACAAGTCCGCAAAT,,
deepseek,718,673,1391,0,606,,,DeepSeekBackend,deepseek-v4-flash,1784120465.7046754,stage1_annotation,annotation,141081.0,E2L7_CAGCACGGTACTGACT,,
deepseek,719,1433,2152,640,1377,,,DeepSeekBackend,deepseek-v4-flash,1784120466.3395271,stage1_annotation,annotation,41918.0,L4_ATGAAAGGTGTTTACG,,
deepseek,718,629,1347,640,555,,,DeepSeekBackend,deepseek-v4-flash,1784120466.4904253,stage1_annotation,annotation,77296.0,E2L1_TGCTTCGAGATCCAAA,,
deepseek,719,921,1640,640,866,,,DeepSeekBackend,deepseek-v4-flash,1784120466.909332,stage1_annotation,annotation,20303.0,L2_GACATCAGTCACCGCA,,
deepseek,718,294,1012,640,291,,,DeepSeekBackend,deepseek-v4-flash,1784120467.0220284,stage1_annotation,annotation,116360.0,E2L5_CAACGGCCAAATGAGT,,
deepseek,719,1307,2026,640,1302,,,DeepSeekBackend,deepseek-v4-flash,1784120467.2101612,stage1_annotation,annotation,11341.0,L1_TCGCACTAGCAATTCC,,
deepseek,718,467,1185,640,404,,,DeepSeekBackend,deepseek-v4-flash,1784120467.761992,stage1_annotation,annotation,119270.0,E2L5_GAAGTAACATGACTAC,,
deepseek,719,1575,2294,640,1506,,,DeepSeekBackend,deepseek-v4-flash,1784120468.3838675,stage1_annotation,annotation,37398.0,L3_TGACAGTCATCAGCTA,,
deepseek,718,634,1352,640,559,,,DeepSeekBackend,deepseek-v4-flash,1784120468.9382432,stage1_annotation,annotation,93252.0,E2L3_ATTGGGTCATATGGCT,,
deepseek,718,386,1104,640,309,,,DeepSeekBackend,deepseek-v4-flash,1784120468.9985795,stage1_annotation,annotation,108773.0,E2L4_GGAGGTATCGAGCCAC,,
deepseek,719,1530,2249,640,1468,,,DeepSeekBackend,deepseek-v4-flash,1784120469.1270638,stage1_annotation,annotation,91936.0,E2L3_AGACTCAAGAATAGTC,,
deepseek,718,273,991,640,193,,,DeepSeekBackend,deepseek-v4-flash,1784120469.5446646,stage1_annotation,annotation,98994.0,E2L3_TAGATCGGTTGACGGA,,
deepseek,718,969,1687,640,915,,,DeepSeekBackend,deepseek-v4-flash,1784120471.0812097,stage1_annotation,annotation,127818.0,E2L6_ATCATTCGTGGTCTCG,,
deepseek,718,276,994,640,273,,,DeepSeekBackend,deepseek-v4-flash,1784120471.5422661,stage1_annotation,annotation,12021.0,L1_TGATTCTAGAGAGTGA,,
deepseek,719,1243,1962,640,1173,,,DeepSeekBackend,deepseek-v4-flash,1784120471.8191984,stage1_annotation,annotation,65735.0,L5_TGTAACGAGATGGGCT,,
deepseek,718,222,940,640,183,,,DeepSeekBackend,deepseek-v4-flash,1784120473.1910243,stage1_annotation,annotation,129143.0,E2L6_CATCGGGTCCTTGAAG,,
deepseek,718,519,1237,640,445,,,DeepSeekBackend,deepseek-v4-flash,1784120473.6511598,stage1_annotation,annotation,72587.0,E2L1_CTTTCGGTCCATGCAA,,
deepseek,718,580,1298,640,514,,,DeepSeekBackend,deepseek-v4-flash,1784120473.6737316,stage1_annotation,annotation,125756.0,E2L6_AACGAAACAGTCTGGC,,
deepseek,719,1913,2632,640,1845,,,DeepSeekBackend,deepseek-v4-flash,1784120474.1680388,stage1_annotation,annotation,123003.0,E2L5_TCATGTTCAATCTCTT,,
deepseek,718,329,1047,640,247,,,DeepSeekBackend,deepseek-v4-flash,1784120474.6777446,stage1_annotation,annotation,99875.0,E2L3_TCGAAGTCATGGCCCA,,
deepseek,718,395,1113,640,332,,,DeepSeekBackend,deepseek-v4-flash,1784120475.0972824,stage1_annotation,annotation,73366.0,E2L1_GCACGGTCAAGGAGTC,,
deepseek,718,571,1289,640,494,,,DeepSeekBackend,deepseek-v4-flash,1784120475.4740012,stage1_annotation,annotation,152972.0,E2L8_CACTAAGCAATTGTGC,,
deepseek,713,468,1181,0,410,,,DeepSeekBackend,deepseek-v4-flash,1784120475.479839,stage1_annotation,annotation,111086.0,E2L4_TCATGCCGTGGTCTAT,,
deepseek,719,1894,2613,640,1891,,,DeepSeekBackend,deepseek-v4-flash,1784120475.903236,stage1_annotation,annotation,26150.0,L2_TTAGTCTTCTGGCCAG,,
deepseek,718,593,1311,640,518,,,DeepSeekBackend,deepseek-v4-flash,1784120476.205535,stage1_annotation,annotation,132372.0,E2L6_GCATTAGAGGTAAGGA,,
deepseek,719,2692,3411,640,2613,,,DeepSeekBackend,deepseek-v4-flash,1784120476.7040925,stage1_annotation,annotation,2582.0,L1_ATATCCTCATGCCATA,,
deepseek,718,644,1362,640,576,,,DeepSeekBackend,deepseek-v4-flash,1784120476.8768675,stage1_annotation,annotation,123670.0,E2L5_TCTGCCAGTGTAAACA,,
deepseek,713,231,944,640,159,,,DeepSeekBackend,deepseek-v4-flash,1784120477.2627134,stage1_annotation,annotation,47323.0,L4_GGGTCACTCAAGTGTC,,
deepseek,718,814,1532,640,743,,,DeepSeekBackend,deepseek-v4-flash,1784120477.33849,stage1_annotation,annotation,139675.0,E2L7_AGTACCAAGCGTATAA,,
deepseek,713,329,1042,640,230,,,DeepSeekBackend,deepseek-v4-flash,1784120477.4821982,stage1_annotation,annotation,108383.0,E2L4_GCCAGTGTCGGCATTA,,
deepseek,713,434,1147,640,431,,,DeepSeekBackend,deepseek-v4-flash,1784120478.4690485,stage1_annotation,annotation,104739.0,E2L4_CAACGATGTATAGGAT,,
deepseek,713,614,1327,640,611,,,DeepSeekBackend,deepseek-v4-flash,1784120478.9656205,stage1_annotation,annotation,81336.0,E2L2_ATTGTTCTCAGAATAG,,
deepseek,713,686,1399,640,613,,,DeepSeekBackend,deepseek-v4-flash,1784120479.7252436,stage1_annotation,annotation,38153.0,L3_TGTGGCGAGATGAATC,,
deepseek,718,905,1623,640,821,,,DeepSeekBackend,deepseek-v4-flash,1784120480.0178857,stage1_annotation,annotation,145011.0,E2L7_GGCTTTCCAAAGAGTT,,
deepseek,713,408,1121,640,335,,,DeepSeekBackend,deepseek-v4-flash,1784120480.0818229,stage1_annotation,annotation,73970.0,E2L1_GGCAGTCTCCCTCTTT,,
deepseek,713,908,1621,0,849,,,DeepSeekBackend,deepseek-v4-flash,1784120480.127364,stage1_annotation,annotation,110377.0,E2L4_TACCCACTCGCGGTAC,,
deepseek,713,468,1181,640,389,,,DeepSeekBackend,deepseek-v4-flash,1784120481.1116402,stage1_annotation,annotation,88572.0,E2L2_TCGTAGAAGATACATG,,
deepseek,713,596,1309,640,524,,,DeepSeekBackend,deepseek-v4-flash,1784120481.179491,stage1_annotation,annotation,73283.0,E2L1_GATTCGATCCTTCTAA,,
deepseek,713,428,1141,640,357,,,DeepSeekBackend,deepseek-v4-flash,1784120481.783013,stage1_annotation,annotation,1707.0,L1_AGATCCACATCATGAC,,
deepseek,713,904,1617,640,830,,,DeepSeekBackend,deepseek-v4-flash,1784120482.3175285,stage1_annotation,annotation,108715.0,E2L4_GGACGTCTCTGACCCT,,
deepseek,713,517,1230,640,452,,,DeepSeekBackend,deepseek-v4-flash,1784120482.8482296,stage1_annotation,annotation,44248.0,L4_CGCGTGATCAAACGAA,,
deepseek,718,1387,2105,640,1331,,,DeepSeekBackend,deepseek-v4-flash,1784120483.6671073,stage1_annotation,annotation,76846.0,E2L1_TCTGCCATCAGGTGTT,,
deepseek,713,735,1448,640,645,,,DeepSeekBackend,deepseek-v4-flash,1784120483.7161307,stage1_annotation,annotation,120147.0,E2L5_GCCAGTGTCACCTGTC,,
deepseek,713,710,1423,640,636,,,DeepSeekBackend,deepseek-v4-flash,1784120484.1058264,stage1_annotation,annotation,85210.0,E2L2_GCCATTCAGCAAGCCA,,
deepseek,719,3418,4137,640,3333,,,DeepSeekBackend,deepseek-v4-flash,1784120484.419386,stage1_annotation,annotation,31210.0,L3_CCGTGAGAGTTCCTGA,,
deepseek,713,646,1359,640,594,,,DeepSeekBackend,deepseek-v4-flash,1784120484.6688235,stage1_annotation,annotation,66932.0,L5_TTTCACAGTCCTGGGT,,
deepseek,713,962,1675,640,872,,,DeepSeekBackend,deepseek-v4-flash,1784120485.7531815,stage1_annotation,annotation,1985.0,L1_AGGAGGTTCCACTGGG,,
deepseek,713,933,1646,640,881,,,DeepSeekBackend,deepseek-v4-flash,1784120486.5054832,stage1_annotation,annotation,5907.0,L1_CTCAGGGTCGAAGGAC,,
deepseek,713,749,1462,640,677,,,DeepSeekBackend,deepseek-v4-flash,1784120487.8198075,stage1_annotation,annotation,76864.0,E2L1_TCTGTCGTCAGTGGGA,,
deepseek,713,1026,1739,640,966,,,DeepSeekBackend,deepseek-v4-flash,1784120489.7730412,stage1_annotation,annotation,149440.0,E2L7_TTGCTGCCATACCACA,,
deepseek,60,73,133,0,71,,,DeepSeekBackend,deepseek-v4-flash,1784120491.1699562,llm_judge_binary,evaluation,,,11.0,11.0
deepseek,60,70,130,0,68,,,DeepSeekBackend,deepseek-v4-flash,1784120491.2153878,llm_judge_binary,evaluation,,,9.0,9.0
deepseek,60,73,133,0,71,,,DeepSeekBackend,deepseek-v4-flash,1784120491.250599,llm_judge_binary,evaluation,,,12.0,12.0
deepseek,60,69,129,0,67,,,DeepSeekBackend,deepseek-v4-flash,1784120491.2575042,llm_judge_binary,evaluation,,,7.0,7.0
deepseek,60,78,138,0,76,,,DeepSeekBackend,deepseek-v4-flash,1784120491.3005383,llm_judge_binary,evaluation,,,0.0,0.0
deepseek,60,70,130,0,68,,,DeepSeekBackend,deepseek-v4-flash,1784120491.3229399,llm_judge_binary,evaluation,,,2.0,2.0
deepseek,60,81,141,0,79,,,DeepSeekBackend,deepseek-v4-flash,1784120491.3460386,llm_judge_binary,evaluation,,,4.0,4.0
deepseek,60,74,134,0,72,,,DeepSeekBackend,deepseek-v4-flash,1784120491.3920143,llm_judge_binary,evaluation,,,19.0,19.0
deepseek,60,69,129,0,67,,,DeepSeekBackend,deepseek-v4-flash,1784120491.4016185,llm_judge_binary,evaluation,,,1.0,1.0
deepseek,60,77,137,0,75,,,DeepSeekBackend,deepseek-v4-flash,1784120491.4283638,llm_judge_binary,evaluation,,,13.0,13.0
deepseek,60,104,164,0,102,,,DeepSeekBackend,deepseek-v4-flash,1784120491.535487,llm_judge_binary,evaluation,,,14.0,14.0
deepseek,60,83,143,0,81,,,DeepSeekBackend,deepseek-v4-flash,1784120491.5449908,llm_judge_binary,evaluation,,,17.0,17.0
deepseek,60,98,158,0,96,,,DeepSeekBackend,deepseek-v4-flash,1784120491.6336076,llm_judge_binary,evaluation,,,8.0,8.0
deepseek,60,95,155,0,93,,,DeepSeekBackend,deepseek-v4-flash,1784120491.6855588,llm_judge_binary,evaluation,,,18.0,18.0
deepseek,60,92,152,0,90,,,DeepSeekBackend,deepseek-v4-flash,1784120491.7318268,llm_judge_binary,evaluation,,,6.0,6.0
deepseek,60,105,165,0,103,,,DeepSeekBackend,deepseek-v4-flash,1784120491.747182,llm_judge_binary,evaluation,,,5.0,5.0
deepseek,60,110,170,0,108,,,DeepSeekBackend,deepseek-v4-flash,1784120491.9296925,llm_judge_binary,evaluation,,,3.0,3.0
deepseek,60,128,188,0,126,,,DeepSeekBackend,deepseek-v4-flash,1784120492.13778,llm_judge_binary,evaluation,,,15.0,15.0
deepseek,60,151,211,0,149,,,DeepSeekBackend,deepseek-v4-flash,1784120492.2428517,llm_judge_binary,evaluation,,,10.0,10.0
deepseek,60,60,120,0,58,,,DeepSeekBackend,deepseek-v4-flash,1784120492.4862375,llm_judge_binary,evaluation,,,20.0,20.0
deepseek,60,63,123,0,61,,,DeepSeekBackend,deepseek-v4-flash,1784120492.716677,llm_judge_binary,evaluation,,,25.0,25.0
deepseek,60,80,140,0,78,,,DeepSeekBackend,deepseek-v4-flash,1784120492.7691271,llm_judge_binary,evaluation,,,28.0,28.0
deepseek,60,69,129,0,67,,,DeepSeekBackend,deepseek-v4-flash,1784120492.8232725,llm_judge_binary,evaluation,,,27.0,27.0
deepseek,60,72,132,0,70,,,DeepSeekBackend,deepseek-v4-flash,1784120492.8482347,llm_judge_binary,evaluation,,,23.0,23.0
deepseek,60,66,126,0,64,,,DeepSeekBackend,deepseek-v4-flash,1784120492.8743172,llm_judge_binary,evaluation,,,29.0,29.0
deepseek,60,64,124,0,62,,,DeepSeekBackend,deepseek-v4-flash,1784120492.984753,llm_judge_binary,evaluation,,,24.0,24.0
deepseek,60,72,132,0,70,,,DeepSeekBackend,deepseek-v4-flash,1784120492.9914465,llm_judge_binary,evaluation,,,22.0,22.0
deepseek,60,61,121,0,59,,,DeepSeekBackend,deepseek-v4-flash,1784120492.998792,llm_judge_binary,evaluation,,,35.0,35.0
deepseek,60,88,148,0,86,,,DeepSeekBackend,deepseek-v4-flash,1784120493.0168161,llm_judge_binary,evaluation,,,26.0,26.0
deepseek,60,85,145,0,83,,,DeepSeekBackend,deepseek-v4-flash,1784120493.06933,llm_judge_binary,evaluation,,,31.0,31.0
deepseek,60,67,127,0,65,,,DeepSeekBackend,deepseek-v4-flash,1784120493.0897677,llm_judge_binary,evaluation,,,33.0,33.0
deepseek,60,88,148,0,86,,,DeepSeekBackend,deepseek-v4-flash,1784120493.3692443,llm_judge_binary,evaluation,,,34.0,34.0
deepseek,60,56,116,0,54,,,DeepSeekBackend,deepseek-v4-flash,1784120493.4165823,llm_judge_binary,evaluation,,,38.0,38.0
deepseek,60,125,185,0,123,,,DeepSeekBackend,deepseek-v4-flash,1784120493.5284793,llm_judge_binary,evaluation,,,21.0,21.0
deepseek,60,94,154,0,92,,,DeepSeekBackend,deepseek-v4-flash,1784120493.554629,llm_judge_binary,evaluation,,,32.0,32.0
deepseek,60,37,97,0,35,,,DeepSeekBackend,deepseek-v4-flash,1784120493.5791287,llm_judge_binary,evaluation,,,40.0,40.0
deepseek,60,123,183,0,121,,,DeepSeekBackend,deepseek-v4-flash,1784120493.7031863,llm_judge_binary,evaluation,,,30.0,30.0
deepseek,60,82,142,0,80,,,DeepSeekBackend,deepseek-v4-flash,1784120493.723588,llm_judge_binary,evaluation,,,37.0,37.0
deepseek,60,62,122,0,60,,,DeepSeekBackend,deepseek-v4-flash,1784120493.746021,llm_judge_binary,evaluation,,,39.0,39.0
deepseek,60,33,93,0,31,,,DeepSeekBackend,deepseek-v4-flash,1784120493.8541088,llm_judge_binary,evaluation,,,43.0,43.0
deepseek,60,34,94,0,32,,,DeepSeekBackend,deepseek-v4-flash,1784120493.8603275,llm_judge_binary,evaluation,,,49.0,49.0
deepseek,60,42,102,0,40,,,DeepSeekBackend,deepseek-v4-flash,1784120493.9415622,llm_judge_binary,evaluation,,,50.0,50.0
deepseek,60,39,99,0,37,,,DeepSeekBackend,deepseek-v4-flash,1784120493.970841,llm_judge_binary,evaluation,,,45.0,45.0
deepseek,60,37,97,0,35,,,DeepSeekBackend,deepseek-v4-flash,1784120493.9796329,llm_judge_binary,evaluation,,,46.0,46.0
deepseek,60,34,94,0,32,,,DeepSeekBackend,deepseek-v4-flash,1784120493.986129,llm_judge_binary,evaluation,,,44.0,44.0
deepseek,60,42,102,0,40,,,DeepSeekBackend,deepseek-v4-flash,1784120493.9925487,llm_judge_binary,evaluation,,,42.0,42.0
deepseek,60,45,105,0,43,,,DeepSeekBackend,deepseek-v4-flash,1784120494.1174884,llm_judge_binary,evaluation,,,47.0,47.0
deepseek,60,47,107,0,45,,,DeepSeekBackend,deepseek-v4-flash,1784120494.1594386,llm_judge_binary,evaluation,,,48.0,48.0
deepseek,62,71,133,0,69,,,DeepSeekBackend,deepseek-v4-flash,1784120494.2493055,llm_judge_binary,evaluation,,,41.0,41.0
deepseek,60,41,101,0,39,,,DeepSeekBackend,deepseek-v4-flash,1784120494.2924256,llm_judge_binary,evaluation,,,51.0,51.0
deepseek,60,143,203,0,141,,,DeepSeekBackend,deepseek-v4-flash,1784120494.3473415,llm_judge_binary,evaluation,,,36.0,36.0
deepseek,60,33,93,0,31,,,DeepSeekBackend,deepseek-v4-flash,1784120494.4018195,llm_judge_binary,evaluation,,,53.0,53.0
deepseek,60,27,87,0,25,,,DeepSeekBackend,deepseek-v4-flash,1784120494.4465783,llm_judge_binary,evaluation,,,52.0,52.0
deepseek,60,309,369,0,307,,,DeepSeekBackend,deepseek-v4-flash,1784120494.5000308,llm_judge_binary,evaluation,,,16.0,16.0
deepseek,60,42,102,0,40,,,DeepSeekBackend,deepseek-v4-flash,1784120494.5649354,llm_judge_binary,evaluation,,,54.0,54.0
deepseek,60,37,97,0,35,,,DeepSeekBackend,deepseek-v4-flash,1784120494.6586676,llm_judge_binary,evaluation,,,56.0,56.0
deepseek,60,26,86,0,24,,,DeepSeekBackend,deepseek-v4-flash,1784120494.9402254,llm_judge_binary,evaluation,,,59.0,59.0
deepseek,60,46,106,0,44,,,DeepSeekBackend,deepseek-v4-flash,1784120494.9476566,llm_judge_binary,evaluation,,,60.0,60.0
deepseek,60,51,111,0,49,,,DeepSeekBackend,deepseek-v4-flash,1784120494.9734206,llm_judge_binary,evaluation,,,57.0,57.0
deepseek,60,50,110,0,48,,,DeepSeekBackend,deepseek-v4-flash,1784120494.9908345,llm_judge_binary,evaluation,,,65.0,65.0
deepseek,60,46,106,0,44,,,DeepSeekBackend,deepseek-v4-flash,1784120494.9977908,llm_judge_binary,evaluation,,,62.0,62.0
deepseek,60,41,101,0,39,,,DeepSeekBackend,deepseek-v4-flash,1784120495.0253563,llm_judge_binary,evaluation,,,64.0,64.0
deepseek,60,36,96,0,34,,,DeepSeekBackend,deepseek-v4-flash,1784120495.1053615,llm_judge_binary,evaluation,,,61.0,61.0
deepseek,62,95,157,0,93,,,DeepSeekBackend,deepseek-v4-flash,1784120495.1126034,llm_judge_binary,evaluation,,,55.0,55.0
deepseek,60,51,111,0,49,,,DeepSeekBackend,deepseek-v4-flash,1784120495.164954,llm_judge_binary,evaluation,,,58.0,58.0
deepseek,60,44,104,0,42,,,DeepSeekBackend,deepseek-v4-flash,1784120495.170336,llm_judge_binary,evaluation,,,67.0,67.0
deepseek,60,45,105,0,43,,,DeepSeekBackend,deepseek-v4-flash,1784120495.2143312,llm_judge_binary,evaluation,,,63.0,63.0
deepseek,60,42,102,0,40,,,DeepSeekBackend,deepseek-v4-flash,1784120495.228883,llm_judge_binary,evaluation,,,66.0,66.0
deepseek,60,37,97,0,35,,,DeepSeekBackend,deepseek-v4-flash,1784120495.3316944,llm_judge_binary,evaluation,,,68.0,68.0
deepseek,60,33,93,0,31,,,DeepSeekBackend,deepseek-v4-flash,1784120495.4375353,llm_judge_binary,evaluation,,,69.0,69.0
deepseek,60,37,97,0,35,,,DeepSeekBackend,deepseek-v4-flash,1784120495.469579,llm_judge_binary,evaluation,,,70.0,70.0
deepseek,60,52,112,0,50,,,DeepSeekBackend,deepseek-v4-flash,1784120495.4790223,llm_judge_binary,evaluation,,,74.0,74.0
deepseek,60,44,104,0,42,,,DeepSeekBackend,deepseek-v4-flash,1784120495.5042646,llm_judge_binary,evaluation,,,71.0,71.0
deepseek,60,35,95,0,33,,,DeepSeekBackend,deepseek-v4-flash,1784120495.5814164,llm_judge_binary,evaluation,,,73.0,73.0
deepseek,60,34,94,0,32,,,DeepSeekBackend,deepseek-v4-flash,1784120495.5924087,llm_judge_binary,evaluation,,,72.0,72.0
deepseek,60,42,102,0,40,,,DeepSeekBackend,deepseek-v4-flash,1784120495.6368527,llm_judge_binary,evaluation,,,75.0,75.0
deepseek,60,35,95,0,33,,,DeepSeekBackend,deepseek-v4-flash,1784120495.8097346,llm_judge_binary,evaluation,,,78.0,78.0
deepseek,60,45,105,0,43,,,DeepSeekBackend,deepseek-v4-flash,1784120495.9229681,llm_judge_binary,evaluation,,,79.0,79.0
deepseek,60,45,105,0,43,,,DeepSeekBackend,deepseek-v4-flash,1784120495.9753861,llm_judge_binary,evaluation,,,76.0,76.0
deepseek,62,49,111,0,47,,,DeepSeekBackend,deepseek-v4-flash,1784120495.9991865,llm_judge_binary,evaluation,,,80.0,80.0
deepseek,62,41,103,0,39,,,DeepSeekBackend,deepseek-v4-flash,1784120496.0316737,llm_judge_binary,evaluation,,,82.0,82.0
deepseek,60,47,107,0,45,,,DeepSeekBackend,deepseek-v4-flash,1784120496.0383182,llm_judge_binary,evaluation,,,77.0,77.0
deepseek,62,49,111,0,47,,,DeepSeekBackend,deepseek-v4-flash,1784120496.08889,llm_judge_binary,evaluation,,,83.0,83.0
deepseek,62,45,107,0,43,,,DeepSeekBackend,deepseek-v4-flash,1784120496.0956979,llm_judge_binary,evaluation,,,81.0,81.0
deepseek,62,41,103,0,39,,,DeepSeekBackend,deepseek-v4-flash,1784120496.1607153,llm_judge_binary,evaluation,,,87.0,87.0
deepseek,62,34,96,0,32,,,DeepSeekBackend,deepseek-v4-flash,1784120496.2843943,llm_judge_binary,evaluation,,,86.0,86.0
deepseek,62,43,105,0,41,,,DeepSeekBackend,deepseek-v4-flash,1784120496.3167794,llm_judge_binary,evaluation,,,84.0,84.0
deepseek,62,38,100,0,36,,,DeepSeekBackend,deepseek-v4-flash,1784120496.3715997,llm_judge_binary,evaluation,,,90.0,90.0
deepseek,62,56,118,0,54,,,DeepSeekBackend,deepseek-v4-flash,1784120496.3787484,llm_judge_binary,evaluation,,,85.0,85.0
deepseek,62,47,109,0,45,,,DeepSeekBackend,deepseek-v4-flash,1784120496.4207654,llm_judge_binary,evaluation,,,89.0,89.0
deepseek,62,58,120,0,56,,,DeepSeekBackend,deepseek-v4-flash,1784120496.510194,llm_judge_binary,evaluation,,,88.0,88.0
deepseek,62,34,96,0,32,,,DeepSeekBackend,deepseek-v4-flash,1784120496.5649674,llm_judge_binary,evaluation,,,93.0,93.0
deepseek,62,31,93,0,29,,,DeepSeekBackend,deepseek-v4-flash,1784120496.5822122,llm_judge_binary,evaluation,,,94.0,94.0
deepseek,62,42,104,0,40,,,DeepSeekBackend,deepseek-v4-flash,1784120496.6817365,llm_judge_binary,evaluation,,,92.0,92.0
deepseek,62,38,100,0,36,,,DeepSeekBackend,deepseek-v4-flash,1784120496.7072625,llm_judge_binary,evaluation,,,95.0,95.0
deepseek,62,48,110,0,46,,,DeepSeekBackend,deepseek-v4-flash,1784120496.7739155,llm_judge_binary,evaluation,,,91.0,91.0
deepseek,62,38,100,0,36,,,DeepSeekBackend,deepseek-v4-flash,1784120496.8295805,llm_judge_binary,evaluation,,,97.0,97.0
deepseek,62,56,118,0,54,,,DeepSeekBackend,deepseek-v4-flash,1784120497.0789855,llm_judge_binary,evaluation,,,96.0,96.0
deepseek,62,45,107,0,43,,,DeepSeekBackend,deepseek-v4-flash,1784120497.1819963,llm_judge_binary,evaluation,,,99.0,99.0
deepseek,62,26,88,0,24,,,DeepSeekBackend,deepseek-v4-flash,1784120497.1955457,llm_judge_binary,evaluation,,,104.0,104.0
deepseek,62,37,99,0,35,,,DeepSeekBackend,deepseek-v4-flash,1784120497.3126523,llm_judge_binary,evaluation,,,107.0,107.0
deepseek,62,45,107,0,43,,,DeepSeekBackend,deepseek-v4-flash,1784120497.3193789,llm_judge_binary,evaluation,,,108.0,108.0
deepseek,61,68,129,0,66,,,DeepSeekBackend,deepseek-v4-flash,1784120497.331639,llm_judge_binary,evaluation,,,98.0,98.0
deepseek,62,32,94,0,30,,,DeepSeekBackend,deepseek-v4-flash,1784120497.3687294,llm_judge_binary,evaluation,,,109.0,109.0
deepseek,61,60,121,0,58,,,DeepSeekBackend,deepseek-v4-flash,1784120497.3918655,llm_judge_binary,evaluation,,,101.0,101.0
deepseek,61,48,109,0,46,,,DeepSeekBackend,deepseek-v4-flash,1784120497.4175434,llm_judge_binary,evaluation,,,103.0,103.0
deepseek,62,46,108,0,44,,,DeepSeekBackend,deepseek-v4-flash,1784120497.4466615,llm_judge_binary,evaluation,,,106.0,106.0
deepseek,62,32,94,0,30,,,DeepSeekBackend,deepseek-v4-flash,1784120497.4504824,llm_judge_binary,evaluation,,,110.0,110.0
deepseek,61,76,137,0,74,,,DeepSeekBackend,deepseek-v4-flash,1784120497.455621,llm_judge_binary,evaluation,,,105.0,105.0
deepseek,61,66,127,0,64,,,DeepSeekBackend,deepseek-v4-flash,1784120497.5376844,llm_judge_binary,evaluation,,,102.0,102.0
deepseek,61,75,136,0,73,,,DeepSeekBackend,deepseek-v4-flash,1784120497.62672,llm_judge_binary,evaluation,,,100.0,100.0
deepseek,62,40,102,0,38,,,DeepSeekBackend,deepseek-v4-flash,1784120497.6550028,llm_judge_binary,evaluation,,,113.0,113.0
deepseek,62,47,109,0,45,,,DeepSeekBackend,deepseek-v4-flash,1784120497.6626246,llm_judge_binary,evaluation,,,114.0,114.0
deepseek,61,61,122,0,59,,,DeepSeekBackend,deepseek-v4-flash,1784120497.803503,llm_judge_binary,evaluation,,,112.0,112.0
deepseek,62,37,99,0,35,,,DeepSeekBackend,deepseek-v4-flash,1784120497.810268,llm_judge_binary,evaluation,,,115.0,115.0
deepseek,61,55,116,0,53,,,DeepSeekBackend,deepseek-v4-flash,1784120497.8672323,llm_judge_binary,evaluation,,,111.0,111.0
deepseek,61,65,126,0,63,,,DeepSeekBackend,deepseek-v4-flash,1784120498.2880213,llm_judge_binary,evaluation,,,116.0,116.0
deepseek,64,41,105,0,39,,,DeepSeekBackend,deepseek-v4-flash,1784120498.3030374,llm_judge_binary,evaluation,,,125.0,125.0
deepseek,61,69,130,0,67,,,DeepSeekBackend,deepseek-v4-flash,1784120498.3768034,llm_judge_binary,evaluation,,,117.0,117.0
deepseek,62,36,98,0,34,,,DeepSeekBackend,deepseek-v4-flash,1784120498.3942099,llm_judge_binary,evaluation,,,119.0,119.0
deepseek,61,55,116,0,53,,,DeepSeekBackend,deepseek-v4-flash,1784120498.4009187,llm_judge_binary,evaluation,,,118.0,118.0
deepseek,64,41,105,0,39,,,DeepSeekBackend,deepseek-v4-flash,1784120498.407272,llm_judge_binary,evaluation,,,123.0,123.0
deepseek,64,44,108,0,42,,,DeepSeekBackend,deepseek-v4-flash,1784120498.4132059,llm_judge_binary,evaluation,,,120.0,120.0
deepseek,64,49,113,0,47,,,DeepSeekBackend,deepseek-v4-flash,1784120498.4366808,llm_judge_binary,evaluation,,,121.0,121.0
deepseek,64,38,102,0,36,,,DeepSeekBackend,deepseek-v4-flash,1784120498.4440708,llm_judge_binary,evaluation,,,130.0,130.0
deepseek,62,72,134,0,70,,,DeepSeekBackend,deepseek-v4-flash,1784120498.497244,llm_judge_binary,evaluation,,,122.0,122.0
deepseek,64,39,103,0,37,,,DeepSeekBackend,deepseek-v4-flash,1784120498.542524,llm_judge_binary,evaluation,,,124.0,124.0
deepseek,64,53,117,0,51,,,DeepSeekBackend,deepseek-v4-flash,1784120498.5571995,llm_judge_binary,evaluation,,,129.0,129.0
deepseek,64,44,108,0,42,,,DeepSeekBackend,deepseek-v4-flash,1784120498.5760303,llm_judge_binary,evaluation,,,128.0,128.0
deepseek,64,48,112,0,46,,,DeepSeekBackend,deepseek-v4-flash,1784120498.651374,llm_judge_binary,evaluation,,,131.0,131.0
deepseek,64,40,104,0,38,,,DeepSeekBackend,deepseek-v4-flash,1784120498.7180145,llm_judge_binary,evaluation,,,126.0,126.0
deepseek,64,43,107,0,41,,,DeepSeekBackend,deepseek-v4-flash,1784120498.8510172,llm_judge_binary,evaluation,,,134.0,134.0
deepseek,64,39,103,0,37,,,DeepSeekBackend,deepseek-v4-flash,1784120498.861564,llm_judge_binary,evaluation,,,133.0,133.0
deepseek,64,41,105,0,39,,,DeepSeekBackend,deepseek-v4-flash,1784120498.955786,llm_judge_binary,evaluation,,,135.0,135.0
deepseek,63,92,155,0,90,,,DeepSeekBackend,deepseek-v4-flash,1784120498.9907787,llm_judge_binary,evaluation,,,132.0,132.0
deepseek,64,38,102,0,36,,,DeepSeekBackend,deepseek-v4-flash,1784120499.2412746,llm_judge_binary,evaluation,,,138.0,138.0
deepseek,63,99,162,0,97,,,DeepSeekBackend,deepseek-v4-flash,1784120499.2545714,llm_judge_binary,evaluation,,,127.0,127.0
deepseek,64,37,101,0,35,,,DeepSeekBackend,deepseek-v4-flash,1784120499.2892978,llm_judge_binary,evaluation,,,136.0,136.0
deepseek,64,45,109,0,43,,,DeepSeekBackend,deepseek-v4-flash,1784120499.305034,llm_judge_binary,evaluation,,,142.0,142.0
deepseek,64,37,101,0,35,,,DeepSeekBackend,deepseek-v4-flash,1784120499.327499,llm_judge_binary,evaluation,,,140.0,140.0
deepseek,64,37,101,0,35,,,DeepSeekBackend,deepseek-v4-flash,1784120499.3588524,llm_judge_binary,evaluation,,,137.0,137.0
deepseek,64,43,107,0,41,,,DeepSeekBackend,deepseek-v4-flash,1784120499.3658404,llm_judge_binary,evaluation,,,141.0,141.0
deepseek,64,48,112,0,46,,,DeepSeekBackend,deepseek-v4-flash,1784120499.4532175,llm_judge_binary,evaluation,,,148.0,148.0
deepseek,64,41,105,0,39,,,DeepSeekBackend,deepseek-v4-flash,1784120499.4698403,llm_judge_binary,evaluation,,,145.0,145.0
deepseek,64,47,111,0,45,,,DeepSeekBackend,deepseek-v4-flash,1784120499.5896556,llm_judge_binary,evaluation,,,147.0,147.0
deepseek,64,47,111,0,45,,,DeepSeekBackend,deepseek-v4-flash,1784120499.5977674,llm_judge_binary,evaluation,,,150.0,150.0
deepseek,64,35,99,0,33,,,DeepSeekBackend,deepseek-v4-flash,1784120499.6906834,llm_judge_binary,evaluation,,,146.0,146.0
deepseek,64,51,115,0,49,,,DeepSeekBackend,deepseek-v4-flash,1784120499.7393694,llm_judge_binary,evaluation,,,143.0,143.0
deepseek,63,76,139,0,74,,,DeepSeekBackend,deepseek-v4-flash,1784120499.7561104,llm_judge_binary,evaluation,,,139.0,139.0
deepseek,64,46,110,0,44,,,DeepSeekBackend,deepseek-v4-flash,1784120499.7902296,llm_judge_binary,evaluation,,,149.0,149.0
deepseek,64,55,119,0,53,,,DeepSeekBackend,deepseek-v4-flash,1784120499.8920999,llm_judge_binary,evaluation,,,152.0,152.0
deepseek,64,33,97,0,31,,,DeepSeekBackend,deepseek-v4-flash,1784120499.9034984,llm_judge_binary,evaluation,,,154.0,154.0
deepseek,64,48,112,0,46,,,DeepSeekBackend,deepseek-v4-flash,1784120499.9118044,llm_judge_binary,evaluation,,,153.0,153.0
deepseek,64,41,105,0,39,,,DeepSeekBackend,deepseek-v4-flash,1784120499.95401,llm_judge_binary,evaluation,,,151.0,151.0
deepseek,64,76,140,0,74,,,DeepSeekBackend,deepseek-v4-flash,1784120500.048023,llm_judge_binary,evaluation,,,144.0,144.0
deepseek,64,47,111,0,45,,,DeepSeekBackend,deepseek-v4-flash,1784120500.053837,llm_judge_binary,evaluation,,,156.0,156.0
deepseek,64,37,101,0,35,,,DeepSeekBackend,deepseek-v4-flash,1784120500.2645047,llm_judge_binary,evaluation,,,155.0,155.0
deepseek,68,43,111,0,41,,,DeepSeekBackend,deepseek-v4-flash,1784120500.3161504,llm_judge_binary,evaluation,,,162.0,162.0
deepseek,64,33,97,0,31,,,DeepSeekBackend,deepseek-v4-flash,1784120500.323039,llm_judge_binary,evaluation,,,159.0,159.0
deepseek,68,43,111,0,41,,,DeepSeekBackend,deepseek-v4-flash,1784120500.3587203,llm_judge_binary,evaluation,,,160.0,160.0
deepseek,68,50,118,0,48,,,DeepSeekBackend,deepseek-v4-flash,1784120500.4444716,llm_judge_binary,evaluation,,,163.0,163.0
deepseek,68,50,118,0,48,,,DeepSeekBackend,deepseek-v4-flash,1784120500.4660888,llm_judge_binary,evaluation,,,161.0,161.0
deepseek,64,51,115,0,49,,,DeepSeekBackend,deepseek-v4-flash,1784120500.5313058,llm_judge_binary,evaluation,,,158.0,158.0
deepseek,68,44,112,0,42,,,DeepSeekBackend,deepseek-v4-flash,1784120500.6015344,llm_judge_binary,evaluation,,,168.0,168.0
deepseek,64,51,115,0,49,,,DeepSeekBackend,deepseek-v4-flash,1784120500.6096392,llm_judge_binary,evaluation,,,157.0,157.0
deepseek,68,55,123,0,53,,,DeepSeekBackend,deepseek-v4-flash,1784120500.6370888,llm_judge_binary,evaluation,,,165.0,165.0
deepseek,68,48,116,0,46,,,DeepSeekBackend,deepseek-v4-flash,1784120500.7752044,llm_judge_binary,evaluation,,,164.0,164.0
deepseek,68,55,123,0,53,,,DeepSeekBackend,deepseek-v4-flash,1784120500.8048642,llm_judge_binary,evaluation,,,166.0,166.0
deepseek,68,42,110,0,40,,,DeepSeekBackend,deepseek-v4-flash,1784120500.8453019,llm_judge_binary,evaluation,,,170.0,170.0
deepseek,68,41,109,0,39,,,DeepSeekBackend,deepseek-v4-flash,1784120500.9130049,llm_judge_binary,evaluation,,,167.0,167.0
deepseek,68,41,109,0,39,,,DeepSeekBackend,deepseek-v4-flash,1784120500.9931228,llm_judge_binary,evaluation,,,173.0,173.0
deepseek,68,45,113,0,43,,,DeepSeekBackend,deepseek-v4-flash,1784120501.0035067,llm_judge_binary,evaluation,,,175.0,175.0
deepseek,68,46,114,0,44,,,DeepSeekBackend,deepseek-v4-flash,1784120501.0147588,llm_judge_binary,evaluation,,,169.0,169.0
deepseek,68,43,111,0,41,,,DeepSeekBackend,deepseek-v4-flash,1784120501.0216904,llm_judge_binary,evaluation,,,172.0,172.0
deepseek,68,54,122,0,52,,,DeepSeekBackend,deepseek-v4-flash,1784120501.0464323,llm_judge_binary,evaluation,,,171.0,171.0
deepseek,68,55,123,0,53,,,DeepSeekBackend,deepseek-v4-flash,1784120501.095396,llm_judge_binary,evaluation,,,174.0,174.0
deepseek,68,54,122,0,52,,,DeepSeekBackend,deepseek-v4-flash,1784120501.3192225,llm_judge_binary,evaluation,,,178.0,178.0
deepseek,68,51,119,0,49,,,DeepSeekBackend,deepseek-v4-flash,1784120501.4035885,llm_judge_binary,evaluation,,,176.0,176.0
deepseek,64,50,114,0,48,,,DeepSeekBackend,deepseek-v4-flash,1784120501.5030217,llm_judge_binary,evaluation,,,180.0,180.0
deepseek,68,65,133,0,63,,,DeepSeekBackend,deepseek-v4-flash,1784120501.5666575,llm_judge_binary,evaluation,,,179.0,179.0
deepseek,64,39,103,0,37,,,DeepSeekBackend,deepseek-v4-flash,1784120501.6080136,llm_judge_binary,evaluation,,,182.0,182.0
deepseek,64,64,128,0,62,,,DeepSeekBackend,deepseek-v4-flash,1784120501.6465409,llm_judge_binary,evaluation,,,177.0,177.0
deepseek,64,61,125,0,59,,,DeepSeekBackend,deepseek-v4-flash,1784120501.6547549,llm_judge_binary,evaluation,,,181.0,181.0
deepseek,64,49,113,0,47,,,DeepSeekBackend,deepseek-v4-flash,1784120501.6957827,llm_judge_binary,evaluation,,,186.0,186.0
deepseek,64,38,102,0,36,,,DeepSeekBackend,deepseek-v4-flash,1784120501.718042,llm_judge_binary,evaluation,,,185.0,185.0
deepseek,64,56,120,0,54,,,DeepSeekBackend,deepseek-v4-flash,1784120501.866034,llm_judge_binary,evaluation,,,184.0,184.0
deepseek,64,42,106,0,40,,,DeepSeekBackend,deepseek-v4-flash,1784120501.89757,llm_judge_binary,evaluation,,,190.0,190.0
deepseek,64,39,103,0,37,,,DeepSeekBackend,deepseek-v4-flash,1784120501.9916253,llm_judge_binary,evaluation,,,189.0,189.0
deepseek,64,41,105,0,39,,,DeepSeekBackend,deepseek-v4-flash,1784120502.0402656,llm_judge_binary,evaluation,,,195.0,195.0
deepseek,64,69,133,0,67,,,DeepSeekBackend,deepseek-v4-flash,1784120502.1383593,llm_judge_binary,evaluation,,,187.0,187.0
deepseek,64,83,147,0,81,,,DeepSeekBackend,deepseek-v4-flash,1784120502.1577873,llm_judge_binary,evaluation,,,183.0,183.0
deepseek,64,48,112,0,46,,,DeepSeekBackend,deepseek-v4-flash,1784120502.2048898,llm_judge_binary,evaluation,,,192.0,192.0
deepseek,64,65,129,0,63,,,DeepSeekBackend,deepseek-v4-flash,1784120502.296636,llm_judge_binary,evaluation,,,194.0,194.0
deepseek,64,55,119,0,53,,,DeepSeekBackend,deepseek-v4-flash,1784120502.3849485,llm_judge_binary,evaluation,,,193.0,193.0
deepseek,64,38,102,0,36,,,DeepSeekBackend,deepseek-v4-flash,1784120502.4113348,llm_judge_binary,evaluation,,,196.0,196.0
deepseek,63,61,124,0,59,,,DeepSeekBackend,deepseek-v4-flash,1784120502.4656117,llm_judge_binary,evaluation,,,197.0,197.0
deepseek,64,70,134,0,68,,,DeepSeekBackend,deepseek-v4-flash,1784120502.5366285,llm_judge_binary,evaluation,,,191.0,191.0
deepseek,64,80,144,0,78,,,DeepSeekBackend,deepseek-v4-flash,1784120502.6144836,llm_judge_binary,evaluation,,,188.0,188.0
deepseek,64,37,101,0,35,,,DeepSeekBackend,deepseek-v4-flash,1784120502.6211402,llm_judge_binary,evaluation,,,198.0,198.0
deepseek,62,41,103,0,39,,,DeepSeekBackend,deepseek-v4-flash,1784120502.6277826,llm_judge_binary,evaluation,,,202.0,202.0
deepseek,64,37,101,0,35,,,DeepSeekBackend,deepseek-v4-flash,1784120502.740368,llm_judge_binary,evaluation,,,199.0,199.0
deepseek,63,68,131,0,66,,,DeepSeekBackend,deepseek-v4-flash,1784120502.8621137,llm_judge_binary,evaluation,,,201.0,201.0
deepseek,62,39,101,0,37,,,DeepSeekBackend,deepseek-v4-flash,1784120503.0406513,llm_judge_binary,evaluation,,,206.0,206.0
deepseek,63,89,152,0,87,,,DeepSeekBackend,deepseek-v4-flash,1784120503.1088796,llm_judge_binary,evaluation,,,204.0,204.0
deepseek,63,92,155,0,90,,,DeepSeekBackend,deepseek-v4-flash,1784120503.3656054,llm_judge_binary,evaluation,,,205.0,205.0
deepseek,63,97,160,0,95,,,DeepSeekBackend,deepseek-v4-flash,1784120503.5143368,llm_judge_binary,evaluation,,,207.0,207.0
deepseek,63,117,180,0,115,,,DeepSeekBackend,deepseek-v4-flash,1784120503.5491781,llm_judge_binary,evaluation,,,203.0,203.0
deepseek,63,64,127,0,62,,,DeepSeekBackend,deepseek-v4-flash,1784120503.5814874,llm_judge_binary,evaluation,,,211.0,211.0
deepseek,63,70,133,0,68,,,DeepSeekBackend,deepseek-v4-flash,1784120503.5883267,llm_judge_binary,evaluation,,,210.0,210.0
deepseek,64,50,114,0,48,,,DeepSeekBackend,deepseek-v4-flash,1784120503.7434459,llm_judge_binary,evaluation,,,220.0,220.0
deepseek,63,91,154,0,89,,,DeepSeekBackend,deepseek-v4-flash,1784120503.7811189,llm_judge_binary,evaluation,,,212.0,212.0
deepseek,63,95,158,0,93,,,DeepSeekBackend,deepseek-v4-flash,1784120503.8395646,llm_judge_binary,evaluation,,,208.0,208.0
deepseek,63,78,141,0,76,,,DeepSeekBackend,deepseek-v4-flash,1784120503.867628,llm_judge_binary,evaluation,,,213.0,213.0
deepseek,63,80,143,0,78,,,DeepSeekBackend,deepseek-v4-flash,1784120503.8767898,llm_judge_binary,evaluation,,,215.0,215.0
deepseek,64,38,102,0,36,,,DeepSeekBackend,deepseek-v4-flash,1784120503.9001048,llm_judge_binary,evaluation,,,222.0,222.0
deepseek,64,44,108,0,42,,,DeepSeekBackend,deepseek-v4-flash,1784120503.9864159,llm_judge_binary,evaluation,,,221.0,221.0
deepseek,63,72,135,0,70,,,DeepSeekBackend,deepseek-v4-flash,1784120504.0215793,llm_judge_binary,evaluation,,,216.0,216.0
deepseek,63,92,155,0,90,,,DeepSeekBackend,deepseek-v4-flash,1784120504.1487846,llm_judge_binary,evaluation,,,218.0,218.0
deepseek,63,142,205,0,140,,,DeepSeekBackend,deepseek-v4-flash,1784120504.1783617,llm_judge_binary,evaluation,,,200.0,200.0
deepseek,64,44,108,0,42,,,DeepSeekBackend,deepseek-v4-flash,1784120504.2847917,llm_judge_binary,evaluation,,,223.0,223.0
deepseek,61,114,175,0,112,,,DeepSeekBackend,deepseek-v4-flash,1784120504.2914913,llm_judge_binary,evaluation,,,209.0,209.0
deepseek,63,100,163,0,98,,,DeepSeekBackend,deepseek-v4-flash,1784120504.4255238,llm_judge_binary,evaluation,,,214.0,214.0
deepseek,63,107,170,0,105,,,DeepSeekBackend,deepseek-v4-flash,1784120504.550043,llm_judge_binary,evaluation,,,219.0,219.0
deepseek,64,47,111,0,45,,,DeepSeekBackend,deepseek-v4-flash,1784120504.5783813,llm_judge_binary,evaluation,,,224.0,224.0
deepseek,64,43,107,0,41,,,DeepSeekBackend,deepseek-v4-flash,1784120504.641164,llm_judge_binary,evaluation,,,226.0,226.0
deepseek,63,129,192,0,127,,,DeepSeekBackend,deepseek-v4-flash,1784120504.6498778,llm_judge_binary,evaluation,,,217.0,217.0
deepseek,64,49,113,0,47,,,DeepSeekBackend,deepseek-v4-flash,1784120504.711062,llm_judge_binary,evaluation,,,228.0,228.0
deepseek,64,52,116,0,50,,,DeepSeekBackend,deepseek-v4-flash,1784120504.7387116,llm_judge_binary,evaluation,,,225.0,225.0
deepseek,64,32,96,0,30,,,DeepSeekBackend,deepseek-v4-flash,1784120504.763278,llm_judge_binary,evaluation,,,227.0,227.0
deepseek,64,48,112,0,46,,,DeepSeekBackend,deepseek-v4-flash,1784120504.7703896,llm_judge_binary,evaluation,,,231.0,231.0
deepseek,64,43,107,0,41,,,DeepSeekBackend,deepseek-v4-flash,1784120504.7961576,llm_judge_binary,evaluation,,,232.0,232.0
deepseek,64,48,112,0,46,,,DeepSeekBackend,deepseek-v4-flash,1784120504.837763,llm_judge_binary,evaluation,,,235.0,235.0
deepseek,64,43,107,0,41,,,DeepSeekBackend,deepseek-v4-flash,1784120504.878575,llm_judge_binary,evaluation,,,229.0,229.0
deepseek,64,41,105,0,39,,,DeepSeekBackend,deepseek-v4-flash,1784120504.904329,llm_judge_binary,evaluation,,,230.0,230.0
deepseek,64,49,113,0,47,,,DeepSeekBackend,deepseek-v4-flash,1784120504.9199324,llm_judge_binary,evaluation,,,233.0,233.0
deepseek,64,46,110,0,44,,,DeepSeekBackend,deepseek-v4-flash,1784120504.9281144,llm_judge_binary,evaluation,,,234.0,234.0
deepseek,64,38,102,0,36,,,DeepSeekBackend,deepseek-v4-flash,1784120505.2448676,llm_judge_binary,evaluation,,,236.0,236.0
deepseek,64,35,99,0,33,,,DeepSeekBackend,deepseek-v4-flash,1784120505.2579176,llm_judge_binary,evaluation,,,237.0,237.0
deepseek,64,42,106,0,40,,,DeepSeekBackend,deepseek-v4-flash,1784120505.2776449,llm_judge_binary,evaluation,,,238.0,238.0
deepseek,64,46,110,0,44,,,DeepSeekBackend,deepseek-v4-flash,1784120505.430483,llm_judge_binary,evaluation,,,239.0,239.0
deepseek,68,51,119,0,49,,,DeepSeekBackend,deepseek-v4-flash,1784120505.451478,llm_judge_binary,evaluation,,,240.0,240.0
deepseek,68,53,121,0,51,,,DeepSeekBackend,deepseek-v4-flash,1784120505.4754937,llm_judge_binary,evaluation,,,241.0,241.0
deepseek,68,46,114,0,44,,,DeepSeekBackend,deepseek-v4-flash,1784120505.5058496,llm_judge_binary,evaluation,,,244.0,244.0
deepseek,68,53,121,0,51,,,DeepSeekBackend,deepseek-v4-flash,1784120505.6151948,llm_judge_binary,evaluation,,,245.0,245.0
deepseek,68,36,104,0,34,,,DeepSeekBackend,deepseek-v4-flash,1784120505.6542773,llm_judge_binary,evaluation,,,242.0,242.0
deepseek,68,44,112,0,42,,,DeepSeekBackend,deepseek-v4-flash,1784120505.6770546,llm_judge_binary,evaluation,,,249.0,249.0
deepseek,68,50,118,0,48,,,DeepSeekBackend,deepseek-v4-flash,1784120505.6837015,llm_judge_binary,evaluation,,,248.0,248.0
deepseek,68,45,113,0,43,,,DeepSeekBackend,deepseek-v4-flash,1784120505.749129,llm_judge_binary,evaluation,,,251.0,251.0
deepseek,68,49,117,0,47,,,DeepSeekBackend,deepseek-v4-flash,1784120505.7568555,llm_judge_binary,evaluation,,,243.0,243.0
deepseek,68,49,117,0,47,,,DeepSeekBackend,deepseek-v4-flash,1784120505.7693167,llm_judge_binary,evaluation,,,250.0,250.0
deepseek,68,45,113,0,43,,,DeepSeekBackend,deepseek-v4-flash,1784120505.9018965,llm_judge_binary,evaluation,,,252.0,252.0
deepseek,68,51,119,0,49,,,DeepSeekBackend,deepseek-v4-flash,1784120505.9534807,llm_judge_binary,evaluation,,,246.0,246.0
deepseek,68,49,117,0,47,,,DeepSeekBackend,deepseek-v4-flash,1784120506.0091994,llm_judge_binary,evaluation,,,255.0,255.0
deepseek,68,43,111,0,41,,,DeepSeekBackend,deepseek-v4-flash,1784120506.0697265,llm_judge_binary,evaluation,,,254.0,254.0
deepseek,68,50,118,0,48,,,DeepSeekBackend,deepseek-v4-flash,1784120506.0859911,llm_judge_binary,evaluation,,,253.0,253.0
deepseek,68,42,110,0,40,,,DeepSeekBackend,deepseek-v4-flash,1784120506.1298265,llm_judge_binary,evaluation,,,256.0,256.0
deepseek,67,68,135,0,66,,,DeepSeekBackend,deepseek-v4-flash,1784120506.1444757,llm_judge_binary,evaluation,,,247.0,247.0
deepseek,68,50,118,0,48,,,DeepSeekBackend,deepseek-v4-flash,1784120506.241073,llm_judge_binary,evaluation,,,258.0,258.0
deepseek,68,50,118,0,48,,,DeepSeekBackend,deepseek-v4-flash,1784120506.2712917,llm_judge_binary,evaluation,,,257.0,257.0
deepseek,64,38,102,0,36,,,DeepSeekBackend,deepseek-v4-flash,1784120506.284572,llm_judge_binary,evaluation,,,260.0,260.0
deepseek,68,43,111,0,41,,,DeepSeekBackend,deepseek-v4-flash,1784120506.475403,llm_judge_binary,evaluation,,,259.0,259.0
deepseek,64,47,111,0,45,,,DeepSeekBackend,deepseek-v4-flash,1784120506.5505388,llm_judge_binary,evaluation,,,263.0,263.0
deepseek,64,38,102,0,36,,,DeepSeekBackend,deepseek-v4-flash,1784120506.5723498,llm_judge_binary,evaluation,,,268.0,268.0
deepseek,64,48,112,0,46,,,DeepSeekBackend,deepseek-v4-flash,1784120506.595346,llm_judge_binary,evaluation,,,262.0,262.0
deepseek,64,47,111,0,45,,,DeepSeekBackend,deepseek-v4-flash,1784120506.7051313,llm_judge_binary,evaluation,,,267.0,267.0
deepseek,64,47,111,0,45,,,DeepSeekBackend,deepseek-v4-flash,1784120506.7606947,llm_judge_binary,evaluation,,,261.0,261.0
deepseek,64,51,115,0,49,,,DeepSeekBackend,deepseek-v4-flash,1784120506.9179819,llm_judge_binary,evaluation,,,269.0,269.0
deepseek,64,44,108,0,42,,,DeepSeekBackend,deepseek-v4-flash,1784120506.9720042,llm_judge_binary,evaluation,,,265.0,265.0
deepseek,64,42,106,0,40,,,DeepSeekBackend,deepseek-v4-flash,1784120507.107007,llm_judge_binary,evaluation,,,271.0,271.0
deepseek,64,76,140,0,74,,,DeepSeekBackend,deepseek-v4-flash,1784120507.12028,llm_judge_binary,evaluation,,,264.0,264.0
deepseek,64,50,114,0,48,,,DeepSeekBackend,deepseek-v4-flash,1784120507.239728,llm_judge_binary,evaluation,,,278.0,278.0
deepseek,64,40,104,0,38,,,DeepSeekBackend,deepseek-v4-flash,1784120507.2542636,llm_judge_binary,evaluation,,,275.0,275.0
deepseek,64,60,124,0,58,,,DeepSeekBackend,deepseek-v4-flash,1784120507.2871203,llm_judge_binary,evaluation,,,272.0,272.0
deepseek,64,68,132,0,66,,,DeepSeekBackend,deepseek-v4-flash,1784120507.3595824,llm_judge_binary,evaluation,,,273.0,273.0
deepseek,64,76,140,0,74,,,DeepSeekBackend,deepseek-v4-flash,1784120507.3938954,llm_judge_binary,evaluation,,,270.0,270.0
deepseek,64,41,105,0,39,,,DeepSeekBackend,deepseek-v4-flash,1784120507.403229,llm_judge_binary,evaluation,,,279.0,279.0
deepseek,64,77,141,0,75,,,DeepSeekBackend,deepseek-v4-flash,1784120507.434776,llm_judge_binary,evaluation,,,276.0,276.0
deepseek,63,74,137,0,72,,,DeepSeekBackend,deepseek-v4-flash,1784120507.4542801,llm_judge_binary,evaluation,,,274.0,274.0
deepseek,62,46,108,0,44,,,DeepSeekBackend,deepseek-v4-flash,1784120507.4646783,llm_judge_binary,evaluation,,,280.0,280.0
deepseek,62,41,103,0,39,,,DeepSeekBackend,deepseek-v4-flash,1784120507.507863,llm_judge_binary,evaluation,,,282.0,282.0
deepseek,64,68,132,0,66,,,DeepSeekBackend,deepseek-v4-flash,1784120507.593768,llm_judge_binary,evaluation,,,277.0,277.0
deepseek,62,78,140,0,76,,,DeepSeekBackend,deepseek-v4-flash,1784120507.7578344,llm_judge_binary,evaluation,,,281.0,281.0
deepseek,64,128,192,0,126,,,DeepSeekBackend,deepseek-v4-flash,1784120507.9848385,llm_judge_binary,evaluation,,,266.0,266.0
deepseek,62,97,159,0,95,,,DeepSeekBackend,deepseek-v4-flash,1784120508.100895,llm_judge_binary,evaluation,,,283.0,283.0
deepseek,62,66,128,0,64,,,DeepSeekBackend,deepseek-v4-flash,1784120508.3479805,llm_judge_binary,evaluation,,,289.0,289.0
deepseek,62,73,135,0,71,,,DeepSeekBackend,deepseek-v4-flash,1784120508.3924875,llm_judge_binary,evaluation,,,284.0,284.0
deepseek,62,73,135,0,71,,,DeepSeekBackend,deepseek-v4-flash,1784120508.4778552,llm_judge_binary,evaluation,,,288.0,288.0
deepseek,62,70,132,0,68,,,DeepSeekBackend,deepseek-v4-flash,1784120508.5499554,llm_judge_binary,evaluation,,,295.0,295.0
deepseek,62,106,168,0,104,,,DeepSeekBackend,deepseek-v4-flash,1784120508.6513326,llm_judge_binary,evaluation,,,286.0,286.0
deepseek,62,75,137,0,73,,,DeepSeekBackend,deepseek-v4-flash,1784120508.669628,llm_judge_binary,evaluation,,,297.0,297.0
deepseek,62,67,129,0,65,,,DeepSeekBackend,deepseek-v4-flash,1784120508.6948392,llm_judge_binary,evaluation,,,296.0,296.0
deepseek,62,79,141,0,77,,,DeepSeekBackend,deepseek-v4-flash,1784120508.7598555,llm_judge_binary,evaluation,,,290.0,290.0
deepseek,62,121,183,0,119,,,DeepSeekBackend,deepseek-v4-flash,1784120508.7964628,llm_judge_binary,evaluation,,,287.0,287.0
deepseek,62,65,127,0,63,,,DeepSeekBackend,deepseek-v4-flash,1784120508.803212,llm_judge_binary,evaluation,,,299.0,299.0
deepseek,62,85,147,0,83,,,DeepSeekBackend,deepseek-v4-flash,1784120508.811686,llm_judge_binary,evaluation,,,292.0,292.0
deepseek,60,43,103,0,41,,,DeepSeekBackend,deepseek-v4-flash,1784120508.8235343,llm_judge_binary,evaluation,,,300.0,300.0
deepseek,62,129,191,0,127,,,DeepSeekBackend,deepseek-v4-flash,1784120508.9272747,llm_judge_binary,evaluation,,,285.0,285.0
deepseek,60,81,141,0,79,,,DeepSeekBackend,deepseek-v4-flash,1784120509.0753124,llm_judge_binary,evaluation,,,301.0,301.0
deepseek,62,110,172,0,108,,,DeepSeekBackend,deepseek-v4-flash,1784120509.174122,llm_judge_binary,evaluation,,,294.0,294.0
deepseek,60,63,123,0,61,,,DeepSeekBackend,deepseek-v4-flash,1784120509.3242726,llm_judge_binary,evaluation,,,303.0,303.0
deepseek,62,149,211,0,147,,,DeepSeekBackend,deepseek-v4-flash,1784120509.3690593,llm_judge_binary,evaluation,,,298.0,298.0
deepseek,62,145,207,0,143,,,DeepSeekBackend,deepseek-v4-flash,1784120509.4405293,llm_judge_binary,evaluation,,,293.0,293.0
deepseek,62,141,203,0,139,,,DeepSeekBackend,deepseek-v4-flash,1784120509.4733462,llm_judge_binary,evaluation,,,291.0,291.0
deepseek,60,68,128,0,66,,,DeepSeekBackend,deepseek-v4-flash,1784120509.4831822,llm_judge_binary,evaluation,,,302.0,302.0
deepseek,60,58,118,0,56,,,DeepSeekBackend,deepseek-v4-flash,1784120509.5666118,llm_judge_binary,evaluation,,,304.0,304.0
deepseek,60,71,131,0,69,,,DeepSeekBackend,deepseek-v4-flash,1784120509.6823778,llm_judge_binary,evaluation,,,306.0,306.0
deepseek,60,69,129,0,67,,,DeepSeekBackend,deepseek-v4-flash,1784120509.8781161,llm_judge_binary,evaluation,,,308.0,308.0
deepseek,60,76,136,0,74,,,DeepSeekBackend,deepseek-v4-flash,1784120509.9247468,llm_judge_binary,evaluation,,,305.0,305.0
deepseek,60,52,112,0,50,,,DeepSeekBackend,deepseek-v4-flash,1784120509.935907,llm_judge_binary,evaluation,,,311.0,311.0
deepseek,60,94,154,0,92,,,DeepSeekBackend,deepseek-v4-flash,1784120510.0123868,llm_judge_binary,evaluation,,,307.0,307.0
deepseek,60,67,127,0,65,,,DeepSeekBackend,deepseek-v4-flash,1784120510.0262277,llm_judge_binary,evaluation,,,309.0,309.0
deepseek,60,65,125,0,63,,,DeepSeekBackend,deepseek-v4-flash,1784120510.0361264,llm_judge_binary,evaluation,,,312.0,312.0
deepseek,60,68,128,0,66,,,DeepSeekBackend,deepseek-v4-flash,1784120510.3842232,llm_judge_binary,evaluation,,,317.0,317.0
deepseek,60,121,181,0,119,,,DeepSeekBackend,deepseek-v4-flash,1784120510.418318,llm_judge_binary,evaluation,,,310.0,310.0
deepseek,60,65,125,0,63,,,DeepSeekBackend,deepseek-v4-flash,1784120510.4288282,llm_judge_binary,evaluation,,,318.0,318.0
deepseek,60,35,95,0,33,,,DeepSeekBackend,deepseek-v4-flash,1784120510.4438598,llm_judge_binary,evaluation,,,323.0,323.0
deepseek,60,47,107,0,45,,,DeepSeekBackend,deepseek-v4-flash,1784120510.4629123,llm_judge_binary,evaluation,,,321.0,321.0
deepseek,60,71,131,0,69,,,DeepSeekBackend,deepseek-v4-flash,1784120510.4750912,llm_judge_binary,evaluation,,,316.0,316.0
deepseek,60,34,94,0,32,,,DeepSeekBackend,deepseek-v4-flash,1784120510.4841237,llm_judge_binary,evaluation,,,324.0,324.0
deepseek,60,44,104,0,42,,,DeepSeekBackend,deepseek-v4-flash,1784120510.5012903,llm_judge_binary,evaluation,,,320.0,320.0
deepseek,60,91,151,0,89,,,DeepSeekBackend,deepseek-v4-flash,1784120510.5269334,llm_judge_binary,evaluation,,,314.0,314.0
deepseek,60,79,139,0,77,,,DeepSeekBackend,deepseek-v4-flash,1784120510.5731657,llm_judge_binary,evaluation,,,313.0,313.0
deepseek,60,84,144,0,82,,,DeepSeekBackend,deepseek-v4-flash,1784120510.5900247,llm_judge_binary,evaluation,,,315.0,315.0
deepseek,60,46,106,0,44,,,DeepSeekBackend,deepseek-v4-flash,1784120510.6017373,llm_judge_binary,evaluation,,,322.0,322.0
deepseek,60,58,118,0,56,,,DeepSeekBackend,deepseek-v4-flash,1784120510.7306056,llm_judge_binary,evaluation,,,319.0,319.0
deepseek,60,35,95,0,33,,,DeepSeekBackend,deepseek-v4-flash,1784120510.7377355,llm_judge_binary,evaluation,,,325.0,325.0
deepseek,60,47,107,0,45,,,DeepSeekBackend,deepseek-v4-flash,1784120510.9212132,llm_judge_binary,evaluation,,,326.0,326.0
deepseek,60,39,99,0,37,,,DeepSeekBackend,deepseek-v4-flash,1784120511.014793,llm_judge_binary,evaluation,,,331.0,331.0
deepseek,60,41,101,0,39,,,DeepSeekBackend,deepseek-v4-flash,1784120511.0868387,llm_judge_binary,evaluation,,,329.0,329.0
deepseek,60,45,105,0,43,,,DeepSeekBackend,deepseek-v4-flash,1784120511.0931761,llm_judge_binary,evaluation,,,328.0,328.0
deepseek,60,34,94,0,32,,,DeepSeekBackend,deepseek-v4-flash,1784120511.100665,llm_judge_binary,evaluation,,,327.0,327.0
deepseek,60,44,104,0,42,,,DeepSeekBackend,deepseek-v4-flash,1784120511.2053864,llm_judge_binary,evaluation,,,330.0,330.0
deepseek,60,35,95,0,33,,,DeepSeekBackend,deepseek-v4-flash,1784120511.3896573,llm_judge_binary,evaluation,,,341.0,341.0
deepseek,60,34,94,0,32,,,DeepSeekBackend,deepseek-v4-flash,1784120511.3968215,llm_judge_binary,evaluation,,,343.0,343.0
deepseek,60,42,102,0,40,,,DeepSeekBackend,deepseek-v4-flash,1784120511.4775105,llm_judge_binary,evaluation,,,334.0,334.0
deepseek,60,34,94,0,32,,,DeepSeekBackend,deepseek-v4-flash,1784120511.5105453,llm_judge_binary,evaluation,,,340.0,340.0
deepseek,60,37,97,0,35,,,DeepSeekBackend,deepseek-v4-flash,1784120511.5170636,llm_judge_binary,evaluation,,,333.0,333.0
deepseek,60,30,90,0,28,,,DeepSeekBackend,deepseek-v4-flash,1784120511.5313551,llm_judge_binary,evaluation,,,337.0,337.0
deepseek,60,43,103,0,41,,,DeepSeekBackend,deepseek-v4-flash,1784120511.5381534,llm_judge_binary,evaluation,,,335.0,335.0
deepseek,60,36,96,0,34,,,DeepSeekBackend,deepseek-v4-flash,1784120511.5550463,llm_judge_binary,evaluation,,,332.0,332.0
deepseek,60,33,93,0,31,,,DeepSeekBackend,deepseek-v4-flash,1784120511.5672278,llm_judge_binary,evaluation,,,339.0,339.0
deepseek,60,47,107,0,45,,,DeepSeekBackend,deepseek-v4-flash,1784120511.5759413,llm_judge_binary,evaluation,,,338.0,338.0
deepseek,60,46,106,0,44,,,DeepSeekBackend,deepseek-v4-flash,1784120511.5815783,llm_judge_binary,evaluation,,,336.0,336.0
deepseek,60,49,109,0,47,,,DeepSeekBackend,deepseek-v4-flash,1784120511.6710641,llm_judge_binary,evaluation,,,342.0,342.0
deepseek,60,50,110,0,48,,,DeepSeekBackend,deepseek-v4-flash,1784120511.8581474,llm_judge_binary,evaluation,,,346.0,346.0
deepseek,60,38,98,0,36,,,DeepSeekBackend,deepseek-v4-flash,1784120511.914033,llm_judge_binary,evaluation,,,345.0,345.0
deepseek,60,36,96,0,34,,,DeepSeekBackend,deepseek-v4-flash,1784120511.9536233,llm_judge_binary,evaluation,,,344.0,344.0
deepseek,60,38,98,0,36,,,DeepSeekBackend,deepseek-v4-flash,1784120511.9608507,llm_judge_binary,evaluation,,,347.0,347.0
deepseek,60,34,94,0,32,,,DeepSeekBackend,deepseek-v4-flash,1784120511.9696841,llm_judge_binary,evaluation,,,350.0,350.0
deepseek,60,39,99,0,37,,,DeepSeekBackend,deepseek-v4-flash,1784120512.1685872,llm_judge_binary,evaluation,,,348.0,348.0
deepseek,60,31,91,0,29,,,DeepSeekBackend,deepseek-v4-flash,1784120512.2515986,llm_judge_binary,evaluation,,,352.0,352.0
deepseek,60,43,103,0,41,,,DeepSeekBackend,deepseek-v4-flash,1784120512.3185072,llm_judge_binary,evaluation,,,351.0,351.0
deepseek,60,46,106,0,44,,,DeepSeekBackend,deepseek-v4-flash,1784120512.331338,llm_judge_binary,evaluation,,,357.0,357.0
deepseek,60,37,97,0,35,,,DeepSeekBackend,deepseek-v4-flash,1784120512.3383434,llm_judge_binary,evaluation,,,354.0,354.0
deepseek,60,57,117,0,55,,,DeepSeekBackend,deepseek-v4-flash,1784120512.366292,llm_judge_binary,evaluation,,,349.0,349.0
deepseek,60,30,90,0,28,,,DeepSeekBackend,deepseek-v4-flash,1784120512.422685,llm_judge_binary,evaluation,,,353.0,353.0
deepseek,60,43,103,0,41,,,DeepSeekBackend,deepseek-v4-flash,1784120512.4420812,llm_judge_binary,evaluation,,,355.0,355.0
deepseek,60,45,105,0,43,,,DeepSeekBackend,deepseek-v4-flash,1784120512.486764,llm_judge_binary,evaluation,,,356.0,356.0
deepseek,60,45,105,0,43,,,DeepSeekBackend,deepseek-v4-flash,1784120512.5282266,llm_judge_binary,evaluation,,,359.0,359.0
deepseek,60,37,97,0,35,,,DeepSeekBackend,deepseek-v4-flash,1784120512.5978456,llm_judge_binary,evaluation,,,358.0,358.0
deepseek,61,60,121,0,58,,,DeepSeekBackend,deepseek-v4-flash,1784120512.990795,llm_judge_binary,evaluation,,,365.0,365.0
deepseek,60,37,97,0,35,,,DeepSeekBackend,deepseek-v4-flash,1784120513.1069553,llm_judge_binary,evaluation,,,366.0,366.0
deepseek,61,97,158,0,95,,,DeepSeekBackend,deepseek-v4-flash,1784120513.1253867,llm_judge_binary,evaluation,,,361.0,361.0
deepseek,61,73,134,0,71,,,DeepSeekBackend,deepseek-v4-flash,1784120513.2580369,llm_judge_binary,evaluation,,,360.0,360.0
deepseek,60,42,102,0,40,,,DeepSeekBackend,deepseek-v4-flash,1784120513.2843647,llm_judge_binary,evaluation,,,374.0,374.0
deepseek,61,121,182,0,119,,,DeepSeekBackend,deepseek-v4-flash,1784120513.3844976,llm_judge_binary,evaluation,,,362.0,362.0
deepseek,61,71,132,0,69,,,DeepSeekBackend,deepseek-v4-flash,1784120513.4443624,llm_judge_binary,evaluation,,,367.0,367.0
deepseek,61,64,125,0,62,,,DeepSeekBackend,deepseek-v4-flash,1784120513.607449,llm_judge_binary,evaluation,,,375.0,375.0
deepseek,61,68,129,0,66,,,DeepSeekBackend,deepseek-v4-flash,1784120513.645092,llm_judge_binary,evaluation,,,372.0,372.0
deepseek,61,121,182,0,119,,,DeepSeekBackend,deepseek-v4-flash,1784120513.6753047,llm_judge_binary,evaluation,,,363.0,363.0
deepseek,61,109,170,0,107,,,DeepSeekBackend,deepseek-v4-flash,1784120513.6922648,llm_judge_binary,evaluation,,,364.0,364.0
deepseek,61,106,167,0,104,,,DeepSeekBackend,deepseek-v4-flash,1784120513.7161646,llm_judge_binary,evaluation,,,370.0,370.0
deepseek,61,66,127,0,64,,,DeepSeekBackend,deepseek-v4-flash,1784120513.83534,llm_judge_binary,evaluation,,,376.0,376.0
deepseek,61,113,174,0,111,,,DeepSeekBackend,deepseek-v4-flash,1784120513.8618157,llm_judge_binary,evaluation,,,368.0,368.0
deepseek,61,82,143,0,80,,,DeepSeekBackend,deepseek-v4-flash,1784120513.9038813,llm_judge_binary,evaluation,,,377.0,377.0
deepseek,60,32,92,0,30,,,DeepSeekBackend,deepseek-v4-flash,1784120513.913886,llm_judge_binary,evaluation,,,380.0,380.0
deepseek,61,108,169,0,106,,,DeepSeekBackend,deepseek-v4-flash,1784120514.0146914,llm_judge_binary,evaluation,,,369.0,369.0
deepseek,61,95,156,0,93,,,DeepSeekBackend,deepseek-v4-flash,1784120514.1041842,llm_judge_binary,evaluation,,,371.0,371.0
deepseek,61,97,158,0,95,,,DeepSeekBackend,deepseek-v4-flash,1784120514.1106143,llm_judge_binary,evaluation,,,373.0,373.0
deepseek,60,35,95,0,33,,,DeepSeekBackend,deepseek-v4-flash,1784120514.3137817,llm_judge_binary,evaluation,,,383.0,383.0
deepseek,60,42,102,0,40,,,DeepSeekBackend,deepseek-v4-flash,1784120514.3209946,llm_judge_binary,evaluation,,,381.0,381.0
deepseek,60,47,107,0,45,,,DeepSeekBackend,deepseek-v4-flash,1784120514.357631,llm_judge_binary,evaluation,,,386.0,386.0
deepseek,60,42,102,0,40,,,DeepSeekBackend,deepseek-v4-flash,1784120514.3871634,llm_judge_binary,evaluation,,,382.0,382.0
deepseek,61,102,163,0,100,,,DeepSeekBackend,deepseek-v4-flash,1784120514.3940463,llm_judge_binary,evaluation,,,379.0,379.0
deepseek,61,119,180,0,117,,,DeepSeekBackend,deepseek-v4-flash,1784120514.446744,llm_judge_binary,evaluation,,,378.0,378.0
deepseek,60,60,120,0,58,,,DeepSeekBackend,deepseek-v4-flash,1784120514.5623176,llm_judge_binary,evaluation,,,384.0,384.0
deepseek,60,51,111,0,49,,,DeepSeekBackend,deepseek-v4-flash,1784120514.6648102,llm_judge_binary,evaluation,,,389.0,389.0
deepseek,60,42,102,0,40,,,DeepSeekBackend,deepseek-v4-flash,1784120514.6924367,llm_judge_binary,evaluation,,,388.0,388.0
deepseek,60,36,96,0,34,,,DeepSeekBackend,deepseek-v4-flash,1784120514.7024512,llm_judge_binary,evaluation,,,394.0,394.0
deepseek,60,42,102,0,40,,,DeepSeekBackend,deepseek-v4-flash,1784120514.7541723,llm_judge_binary,evaluation,,,387.0,387.0
deepseek,60,45,105,0,43,,,DeepSeekBackend,deepseek-v4-flash,1784120514.9307761,llm_judge_binary,evaluation,,,392.0,392.0
deepseek,60,30,90,0,28,,,DeepSeekBackend,deepseek-v4-flash,1784120514.9582615,llm_judge_binary,evaluation,,,395.0,395.0
deepseek,60,36,96,0,34,,,DeepSeekBackend,deepseek-v4-flash,1784120515.0216994,llm_judge_binary,evaluation,,,398.0,398.0
deepseek,61,74,135,0,72,,,DeepSeekBackend,deepseek-v4-flash,1784120515.0792599,llm_judge_binary,evaluation,,,391.0,391.0
deepseek,60,50,110,0,48,,,DeepSeekBackend,deepseek-v4-flash,1784120515.1696775,llm_judge_binary,evaluation,,,393.0,393.0
deepseek,61,89,150,0,87,,,DeepSeekBackend,deepseek-v4-flash,1784120515.1761758,llm_judge_binary,evaluation,,,385.0,385.0
deepseek,58,33,91,0,31,,,DeepSeekBackend,deepseek-v4-flash,1784120515.1849458,llm_judge_binary,evaluation,,,403.0,403.0
deepseek,58,43,101,0,41,,,DeepSeekBackend,deepseek-v4-flash,1784120515.211197,llm_judge_binary,evaluation,,,401.0,401.0
deepseek,60,42,102,0,40,,,DeepSeekBackend,deepseek-v4-flash,1784120515.2195973,llm_judge_binary,evaluation,,,396.0,396.0
deepseek,61,85,146,0,83,,,DeepSeekBackend,deepseek-v4-flash,1784120515.277306,llm_judge_binary,evaluation,,,390.0,390.0
deepseek,58,42,100,0,40,,,DeepSeekBackend,deepseek-v4-flash,1784120515.4170005,llm_judge_binary,evaluation,,,406.0,406.0
deepseek,60,54,114,0,52,,,DeepSeekBackend,deepseek-v4-flash,1784120515.4768171,llm_judge_binary,evaluation,,,399.0,399.0
deepseek,58,33,91,0,31,,,DeepSeekBackend,deepseek-v4-flash,1784120515.5511577,llm_judge_binary,evaluation,,,409.0,409.0
deepseek,60,67,127,0,65,,,DeepSeekBackend,deepseek-v4-flash,1784120515.5737097,llm_judge_binary,evaluation,,,402.0,402.0
deepseek,58,42,100,0,40,,,DeepSeekBackend,deepseek-v4-flash,1784120515.5809393,llm_judge_binary,evaluation,,,405.0,405.0
deepseek,58,33,91,0,31,,,DeepSeekBackend,deepseek-v4-flash,1784120515.5864282,llm_judge_binary,evaluation,,,404.0,404.0
deepseek,58,39,97,0,37,,,DeepSeekBackend,deepseek-v4-flash,1784120515.590472,llm_judge_binary,evaluation,,,408.0,408.0
deepseek,58,34,92,0,32,,,DeepSeekBackend,deepseek-v4-flash,1784120515.7705874,llm_judge_binary,evaluation,,,411.0,411.0
deepseek,58,31,89,0,29,,,DeepSeekBackend,deepseek-v4-flash,1784120515.816558,llm_judge_binary,evaluation,,,412.0,412.0
deepseek,58,65,123,0,63,,,DeepSeekBackend,deepseek-v4-flash,1784120515.845945,llm_judge_binary,evaluation,,,407.0,407.0
deepseek,58,33,91,0,31,,,DeepSeekBackend,deepseek-v4-flash,1784120515.8683255,llm_judge_binary,evaluation,,,410.0,410.0
deepseek,58,43,101,0,41,,,DeepSeekBackend,deepseek-v4-flash,1784120516.1165836,llm_judge_binary,evaluation,,,417.0,417.0
deepseek,58,41,99,0,39,,,DeepSeekBackend,deepseek-v4-flash,1784120516.1327848,llm_judge_binary,evaluation,,,418.0,418.0
deepseek,61,111,172,0,109,,,DeepSeekBackend,deepseek-v4-flash,1784120516.1393867,llm_judge_binary,evaluation,,,397.0,397.0
deepseek,58,40,98,0,38,,,DeepSeekBackend,deepseek-v4-flash,1784120516.156615,llm_judge_binary,evaluation,,,416.0,416.0
deepseek,60,115,175,0,113,,,DeepSeekBackend,deepseek-v4-flash,1784120516.2063386,llm_judge_binary,evaluation,,,400.0,400.0
deepseek,58,38,96,0,36,,,DeepSeekBackend,deepseek-v4-flash,1784120516.222388,llm_judge_binary,evaluation,,,413.0,413.0
deepseek,58,33,91,0,31,,,DeepSeekBackend,deepseek-v4-flash,1784120516.2272873,llm_judge_binary,evaluation,,,419.0,419.0
deepseek,66,39,105,0,37,,,DeepSeekBackend,deepseek-v4-flash,1784120516.4785388,llm_judge_binary,evaluation,,,423.0,423.0
deepseek,66,34,100,0,32,,,DeepSeekBackend,deepseek-v4-flash,1784120516.4854803,llm_judge_binary,evaluation,,,422.0,422.0
deepseek,66,45,111,0,43,,,DeepSeekBackend,deepseek-v4-flash,1784120516.5262942,llm_judge_binary,evaluation,,,420.0,420.0
deepseek,60,71,131,0,69,,,DeepSeekBackend,deepseek-v4-flash,1784120516.5492435,llm_judge_binary,evaluation,,,414.0,414.0
deepseek,60,72,132,0,70,,,DeepSeekBackend,deepseek-v4-flash,1784120516.5703979,llm_judge_binary,evaluation,,,415.0,415.0
deepseek,66,48,114,0,46,,,DeepSeekBackend,deepseek-v4-flash,1784120516.625582,llm_judge_binary,evaluation,,,421.0,421.0
deepseek,66,63,129,0,61,,,DeepSeekBackend,deepseek-v4-flash,1784120516.6320837,llm_judge_binary,evaluation,,,424.0,424.0
deepseek,66,51,117,0,49,,,DeepSeekBackend,deepseek-v4-flash,1784120516.7261882,llm_judge_binary,evaluation,,,427.0,427.0
deepseek,66,41,107,0,39,,,DeepSeekBackend,deepseek-v4-flash,1784120516.783257,llm_judge_binary,evaluation,,,429.0,429.0
deepseek,66,54,120,0,52,,,DeepSeekBackend,deepseek-v4-flash,1784120516.8066254,llm_judge_binary,evaluation,,,425.0,425.0
deepseek,66,62,128,0,60,,,DeepSeekBackend,deepseek-v4-flash,1784120516.81258,llm_judge_binary,evaluation,,,426.0,426.0
deepseek,66,53,119,0,51,,,DeepSeekBackend,deepseek-v4-flash,1784120516.8987591,llm_judge_binary,evaluation,,,428.0,428.0
deepseek,66,43,109,0,41,,,DeepSeekBackend,deepseek-v4-flash,1784120517.0606916,llm_judge_binary,evaluation,,,430.0,430.0
deepseek,66,43,109,0,41,,,DeepSeekBackend,deepseek-v4-flash,1784120517.1115415,llm_judge_binary,evaluation,,,434.0,434.0
deepseek,66,47,113,0,45,,,DeepSeekBackend,deepseek-v4-flash,1784120517.1211085,llm_judge_binary,evaluation,,,437.0,437.0
deepseek,66,37,103,0,35,,,DeepSeekBackend,deepseek-v4-flash,1784120517.130262,llm_judge_binary,evaluation,,,435.0,435.0
deepseek,66,49,115,0,47,,,DeepSeekBackend,deepseek-v4-flash,1784120517.1556883,llm_judge_binary,evaluation,,,436.0,436.0
deepseek,66,46,112,0,44,,,DeepSeekBackend,deepseek-v4-flash,1784120517.1619718,llm_judge_binary,evaluation,,,431.0,431.0
deepseek,66,35,101,0,33,,,DeepSeekBackend,deepseek-v4-flash,1784120517.3744755,llm_judge_binary,evaluation,,,438.0,438.0
deepseek,66,44,110,0,42,,,DeepSeekBackend,deepseek-v4-flash,1784120517.4426594,llm_judge_binary,evaluation,,,432.0,432.0
deepseek,66,51,117,0,49,,,DeepSeekBackend,deepseek-v4-flash,1784120517.4512186,llm_judge_binary,evaluation,,,433.0,433.0
deepseek,66,42,108,0,40,,,DeepSeekBackend,deepseek-v4-flash,1784120517.6400542,llm_judge_binary,evaluation,,,447.0,447.0
deepseek,66,52,118,0,50,,,DeepSeekBackend,deepseek-v4-flash,1784120517.650788,llm_judge_binary,evaluation,,,439.0,439.0
deepseek,66,38,104,0,36,,,DeepSeekBackend,deepseek-v4-flash,1784120517.8619518,llm_judge_binary,evaluation,,,448.0,448.0
deepseek,62,73,135,0,71,,,DeepSeekBackend,deepseek-v4-flash,1784120517.886481,llm_judge_binary,evaluation,,,444.0,444.0
deepseek,64,52,116,0,50,,,DeepSeekBackend,deepseek-v4-flash,1784120517.9546697,llm_judge_binary,evaluation,,,442.0,442.0
deepseek,63,83,146,0,81,,,DeepSeekBackend,deepseek-v4-flash,1784120518.0555058,llm_judge_binary,evaluation,,,441.0,441.0
deepseek,66,49,115,0,47,,,DeepSeekBackend,deepseek-v4-flash,1784120518.0982513,llm_judge_binary,evaluation,,,449.0,449.0
deepseek,64,108,172,0,106,,,DeepSeekBackend,deepseek-v4-flash,1784120518.2058306,llm_judge_binary,evaluation,,,443.0,443.0
deepseek,64,73,137,0,71,,,DeepSeekBackend,deepseek-v4-flash,1784120518.2979333,llm_judge_binary,evaluation,,,450.0,450.0
deepseek,62,59,121,0,57,,,DeepSeekBackend,deepseek-v4-flash,1784120518.4472733,llm_judge_binary,evaluation,,,454.0,454.0
deepseek,63,63,126,0,61,,,DeepSeekBackend,deepseek-v4-flash,1784120518.4942067,llm_judge_binary,evaluation,,,452.0,452.0
deepseek,66,48,114,0,46,,,DeepSeekBackend,deepseek-v4-flash,1784120518.5635796,llm_judge_binary,evaluation,,,458.0,458.0
deepseek,64,93,157,0,91,,,DeepSeekBackend,deepseek-v4-flash,1784120518.5878725,llm_judge_binary,evaluation,,,446.0,446.0
deepseek,66,49,115,0,47,,,DeepSeekBackend,deepseek-v4-flash,1784120518.6011,llm_judge_binary,evaluation,,,457.0,457.0
deepseek,64,68,132,0,66,,,DeepSeekBackend,deepseek-v4-flash,1784120518.698149,llm_judge_binary,evaluation,,,453.0,453.0
deepseek,64,107,171,0,105,,,DeepSeekBackend,deepseek-v4-flash,1784120518.7357476,llm_judge_binary,evaluation,,,451.0,451.0
deepseek,64,42,106,0,40,,,DeepSeekBackend,deepseek-v4-flash,1784120518.770361,llm_judge_binary,evaluation,,,460.0,460.0
deepseek,64,77,141,0,75,,,DeepSeekBackend,deepseek-v4-flash,1784120518.873688,llm_judge_binary,evaluation,,,456.0,456.0
deepseek,64,42,106,0,40,,,DeepSeekBackend,deepseek-v4-flash,1784120519.0064983,llm_judge_binary,evaluation,,,461.0,461.0
deepseek,64,46,110,0,44,,,DeepSeekBackend,deepseek-v4-flash,1784120519.023517,llm_judge_binary,evaluation,,,462.0,462.0
deepseek,64,67,131,0,65,,,DeepSeekBackend,deepseek-v4-flash,1784120519.050817,llm_judge_binary,evaluation,,,459.0,459.0
deepseek,64,36,100,0,34,,,DeepSeekBackend,deepseek-v4-flash,1784120519.202496,llm_judge_binary,evaluation,,,463.0,463.0
deepseek,64,32,96,0,30,,,DeepSeekBackend,deepseek-v4-flash,1784120519.2526088,llm_judge_binary,evaluation,,,467.0,467.0
deepseek,64,69,133,0,67,,,DeepSeekBackend,deepseek-v4-flash,1784120519.3555179,llm_judge_binary,evaluation,,,465.0,465.0
deepseek,64,38,102,0,36,,,DeepSeekBackend,deepseek-v4-flash,1784120519.362705,llm_judge_binary,evaluation,,,466.0,466.0
deepseek,64,39,103,0,37,,,DeepSeekBackend,deepseek-v4-flash,1784120519.3684409,llm_judge_binary,evaluation,,,468.0,468.0
deepseek,64,38,102,0,36,,,DeepSeekBackend,deepseek-v4-flash,1784120519.5245175,llm_judge_binary,evaluation,,,472.0,472.0
deepseek,64,45,109,0,43,,,DeepSeekBackend,deepseek-v4-flash,1784120519.5602903,llm_judge_binary,evaluation,,,471.0,471.0
deepseek,64,55,119,0,53,,,DeepSeekBackend,deepseek-v4-flash,1784120519.5962074,llm_judge_binary,evaluation,,,464.0,464.0
deepseek,64,46,110,0,44,,,DeepSeekBackend,deepseek-v4-flash,1784120519.7502034,llm_judge_binary,evaluation,,,470.0,470.0
deepseek,64,51,115,0,49,,,DeepSeekBackend,deepseek-v4-flash,1784120519.8023393,llm_judge_binary,evaluation,,,474.0,474.0
deepseek,64,51,115,0,49,,,DeepSeekBackend,deepseek-v4-flash,1784120519.8311586,llm_judge_binary,evaluation,,,473.0,473.0
deepseek,64,50,114,0,48,,,DeepSeekBackend,deepseek-v4-flash,1784120519.8559635,llm_judge_binary,evaluation,,,469.0,469.0
deepseek,62,239,301,0,237,,,DeepSeekBackend,deepseek-v4-flash,1784120519.9232373,llm_judge_binary,evaluation,,,440.0,440.0
deepseek,64,47,111,0,45,,,DeepSeekBackend,deepseek-v4-flash,1784120519.9301655,llm_judge_binary,evaluation,,,477.0,477.0
deepseek,64,46,110,0,44,,,DeepSeekBackend,deepseek-v4-flash,1784120519.938388,llm_judge_binary,evaluation,,,475.0,475.0
deepseek,64,47,111,0,45,,,DeepSeekBackend,deepseek-v4-flash,1784120520.0836627,llm_judge_binary,evaluation,,,478.0,478.0
deepseek,64,50,114,0,48,,,DeepSeekBackend,deepseek-v4-flash,1784120520.0905344,llm_judge_binary,evaluation,,,476.0,476.0
deepseek,64,30,94,0,28,,,DeepSeekBackend,deepseek-v4-flash,1784120520.1159282,llm_judge_binary,evaluation,,,479.0,479.0
deepseek,60,35,95,0,33,,,DeepSeekBackend,deepseek-v4-flash,1784120520.2586384,llm_judge_binary,evaluation,,,480.0,480.0
deepseek,60,34,94,0,32,,,DeepSeekBackend,deepseek-v4-flash,1784120520.3765361,llm_judge_binary,evaluation,,,481.0,481.0
deepseek,60,44,104,0,42,,,DeepSeekBackend,deepseek-v4-flash,1784120520.3930435,llm_judge_binary,evaluation,,,485.0,485.0
deepseek,60,42,102,0,40,,,DeepSeekBackend,deepseek-v4-flash,1784120520.4323418,llm_judge_binary,evaluation,,,484.0,484.0
deepseek,60,45,105,0,43,,,DeepSeekBackend,deepseek-v4-flash,1784120520.438327,llm_judge_binary,evaluation,,,482.0,482.0
deepseek,60,42,102,0,40,,,DeepSeekBackend,deepseek-v4-flash,1784120520.4443414,llm_judge_binary,evaluation,,,483.0,483.0
deepseek,62,221,283,0,219,,,DeepSeekBackend,deepseek-v4-flash,1784120520.4643912,llm_judge_binary,evaluation,,,445.0,445.0
deepseek,62,205,267,0,203,,,DeepSeekBackend,deepseek-v4-flash,1784120520.506488,llm_judge_binary,evaluation,,,455.0,455.0
deepseek,60,27,87,0,25,,,DeepSeekBackend,deepseek-v4-flash,1784120520.6814795,llm_judge_binary,evaluation,,,489.0,489.0
deepseek,60,51,111,0,49,,,DeepSeekBackend,deepseek-v4-flash,1784120520.6933408,llm_judge_binary,evaluation,,,487.0,487.0
deepseek,60,35,95,0,33,,,DeepSeekBackend,deepseek-v4-flash,1784120520.7426405,llm_judge_binary,evaluation,,,486.0,486.0
deepseek,60,34,94,0,32,,,DeepSeekBackend,deepseek-v4-flash,1784120520.8298934,llm_judge_binary,evaluation,,,491.0,491.0
deepseek,60,43,103,0,41,,,DeepSeekBackend,deepseek-v4-flash,1784120520.9245026,llm_judge_binary,evaluation,,,490.0,490.0
deepseek,60,65,125,0,63,,,DeepSeekBackend,deepseek-v4-flash,1784120520.9309747,llm_judge_binary,evaluation,,,488.0,488.0
deepseek,60,34,94,0,32,,,DeepSeekBackend,deepseek-v4-flash,1784120520.9585953,llm_judge_binary,evaluation,,,497.0,497.0
deepseek,60,44,104,0,42,,,DeepSeekBackend,deepseek-v4-flash,1784120521.005291,llm_judge_binary,evaluation,,,494.0,494.0
deepseek,60,46,106,0,44,,,DeepSeekBackend,deepseek-v4-flash,1784120521.0389037,llm_judge_binary,evaluation,,,493.0,493.0
deepseek,60,45,105,0,43,,,DeepSeekBackend,deepseek-v4-flash,1784120521.0877695,llm_judge_binary,evaluation,,,492.0,492.0
deepseek,60,45,105,0,43,,,DeepSeekBackend,deepseek-v4-flash,1784120521.1804466,llm_judge_binary,evaluation,,,495.0,495.0
deepseek,60,49,109,0,47,,,DeepSeekBackend,deepseek-v4-flash,1784120521.2536743,llm_judge_binary,evaluation,,,496.0,496.0
deepseek,60,35,95,0,33,,,DeepSeekBackend,deepseek-v4-flash,1784120521.2826638,llm_judge_binary,evaluation,,,503.0,503.0
deepseek,60,43,103,0,41,,,DeepSeekBackend,deepseek-v4-flash,1784120521.3061159,llm_judge_binary,evaluation,,,498.0,498.0
deepseek,60,39,99,0,37,,,DeepSeekBackend,deepseek-v4-flash,1784120521.351225,llm_judge_binary,evaluation,,,504.0,504.0
deepseek,60,43,103,0,41,,,DeepSeekBackend,deepseek-v4-flash,1784120521.4225852,llm_judge_binary,evaluation,,,501.0,501.0
deepseek,60,42,102,0,40,,,DeepSeekBackend,deepseek-v4-flash,1784120521.532141,llm_judge_binary,evaluation,,,500.0,500.0
deepseek,60,43,103,0,41,,,DeepSeekBackend,deepseek-v4-flash,1784120521.538737,llm_judge_binary,evaluation,,,502.0,502.0
deepseek,60,34,94,0,32,,,DeepSeekBackend,deepseek-v4-flash,1784120521.6185575,llm_judge_binary,evaluation,,,508.0,508.0
deepseek,60,30,90,0,28,,,DeepSeekBackend,deepseek-v4-flash,1784120521.626632,llm_judge_binary,evaluation,,,506.0,506.0
deepseek,60,43,103,0,41,,,DeepSeekBackend,deepseek-v4-flash,1784120521.6609619,llm_judge_binary,evaluation,,,499.0,499.0
deepseek,60,41,101,0,39,,,DeepSeekBackend,deepseek-v4-flash,1784120521.6974888,llm_judge_binary,evaluation,,,505.0,505.0
deepseek,60,31,91,0,29,,,DeepSeekBackend,deepseek-v4-flash,1784120521.8263564,llm_judge_binary,evaluation,,,512.0,512.0
deepseek,60,48,108,0,46,,,DeepSeekBackend,deepseek-v4-flash,1784120521.872605,llm_judge_binary,evaluation,,,507.0,507.0
deepseek,60,47,107,0,45,,,DeepSeekBackend,deepseek-v4-flash,1784120521.893832,llm_judge_binary,evaluation,,,511.0,511.0
deepseek,60,40,100,0,38,,,DeepSeekBackend,deepseek-v4-flash,1784120521.9234722,llm_judge_binary,evaluation,,,510.0,510.0
deepseek,60,35,95,0,33,,,DeepSeekBackend,deepseek-v4-flash,1784120521.936269,llm_judge_binary,evaluation,,,509.0,509.0
deepseek,60,36,96,0,34,,,DeepSeekBackend,deepseek-v4-flash,1784120522.0188406,llm_judge_binary,evaluation,,,514.0,514.0
deepseek,60,32,92,0,30,,,DeepSeekBackend,deepseek-v4-flash,1784120522.159964,llm_judge_binary,evaluation,,,515.0,515.0
deepseek,60,36,96,0,34,,,DeepSeekBackend,deepseek-v4-flash,1784120522.1660492,llm_judge_binary,evaluation,,,516.0,516.0
deepseek,60,39,99,0,37,,,DeepSeekBackend,deepseek-v4-flash,1784120522.2662117,llm_judge_binary,evaluation,,,513.0,513.0
deepseek,62,43,105,0,41,,,DeepSeekBackend,deepseek-v4-flash,1784120522.3274455,llm_judge_binary,evaluation,,,520.0,520.0
deepseek,60,36,96,0,34,,,DeepSeekBackend,deepseek-v4-flash,1784120522.344556,llm_judge_binary,evaluation,,,519.0,519.0
deepseek,62,44,106,0,42,,,DeepSeekBackend,deepseek-v4-flash,1784120522.3847325,llm_judge_binary,evaluation,,,522.0,522.0
deepseek,60,42,102,0,40,,,DeepSeekBackend,deepseek-v4-flash,1784120522.4590921,llm_judge_binary,evaluation,,,518.0,518.0
deepseek,60,42,102,0,40,,,DeepSeekBackend,deepseek-v4-flash,1784120522.4772806,llm_judge_binary,evaluation,,,517.0,517.0
deepseek,62,29,91,0,27,,,DeepSeekBackend,deepseek-v4-flash,1784120522.5241594,llm_judge_binary,evaluation,,,524.0,524.0
deepseek,62,47,109,0,45,,,DeepSeekBackend,deepseek-v4-flash,1784120522.5435793,llm_judge_binary,evaluation,,,521.0,521.0
deepseek,62,43,105,0,41,,,DeepSeekBackend,deepseek-v4-flash,1784120522.6247807,llm_judge_binary,evaluation,,,525.0,525.0
deepseek,62,36,98,0,34,,,DeepSeekBackend,deepseek-v4-flash,1784120522.6339242,llm_judge_binary,evaluation,,,523.0,523.0
deepseek,62,45,107,0,43,,,DeepSeekBackend,deepseek-v4-flash,1784120522.72735,llm_judge_binary,evaluation,,,527.0,527.0
deepseek,62,45,107,0,43,,,DeepSeekBackend,deepseek-v4-flash,1784120522.7384663,llm_judge_binary,evaluation,,,530.0,530.0
deepseek,62,39,101,0,37,,,DeepSeekBackend,deepseek-v4-flash,1784120522.7983606,llm_judge_binary,evaluation,,,526.0,526.0
deepseek,62,45,107,0,43,,,DeepSeekBackend,deepseek-v4-flash,1784120522.9189515,llm_judge_binary,evaluation,,,528.0,528.0
deepseek,62,37,99,0,35,,,DeepSeekBackend,deepseek-v4-flash,1784120522.9268494,llm_judge_binary,evaluation,,,533.0,533.0
deepseek,62,50,112,0,48,,,DeepSeekBackend,deepseek-v4-flash,1784120522.9337857,llm_judge_binary,evaluation,,,532.0,532.0
deepseek,62,37,99,0,35,,,DeepSeekBackend,deepseek-v4-flash,1784120522.980275,llm_judge_binary,evaluation,,,531.0,531.0
deepseek,62,44,106,0,42,,,DeepSeekBackend,deepseek-v4-flash,1784120523.0725431,llm_judge_binary,evaluation,,,535.0,535.0
deepseek,62,45,107,0,43,,,DeepSeekBackend,deepseek-v4-flash,1784120523.1621757,llm_judge_binary,evaluation,,,529.0,529.0
deepseek,62,42,104,0,40,,,DeepSeekBackend,deepseek-v4-flash,1784120523.2074337,llm_judge_binary,evaluation,,,534.0,534.0
deepseek,62,37,99,0,35,,,DeepSeekBackend,deepseek-v4-flash,1784120523.3249695,llm_judge_binary,evaluation,,,537.0,537.0
deepseek,62,32,94,0,30,,,DeepSeekBackend,deepseek-v4-flash,1784120523.4303696,llm_judge_binary,evaluation,,,541.0,541.0
deepseek,62,42,104,0,40,,,DeepSeekBackend,deepseek-v4-flash,1784120523.452238,llm_judge_binary,evaluation,,,536.0,536.0
deepseek,62,42,104,0,40,,,DeepSeekBackend,deepseek-v4-flash,1784120523.4799647,llm_judge_binary,evaluation,,,538.0,538.0
deepseek,62,44,106,0,42,,,DeepSeekBackend,deepseek-v4-flash,1784120523.5069528,llm_judge_binary,evaluation,,,540.0,540.0
deepseek,62,49,111,0,47,,,DeepSeekBackend,deepseek-v4-flash,1784120523.6156738,llm_judge_binary,evaluation,,,539.0,539.0
deepseek,62,49,111,0,47,,,DeepSeekBackend,deepseek-v4-flash,1784120523.6227417,llm_judge_binary,evaluation,,,544.0,544.0
deepseek,62,39,101,0,37,,,DeepSeekBackend,deepseek-v4-flash,1784120523.6498532,llm_judge_binary,evaluation,,,542.0,542.0
deepseek,62,42,104,0,40,,,DeepSeekBackend,deepseek-v4-flash,1784120523.7245932,llm_judge_binary,evaluation,,,543.0,543.0
deepseek,62,42,104,0,40,,,DeepSeekBackend,deepseek-v4-flash,1784120523.7357028,llm_judge_binary,evaluation,,,546.0,546.0
deepseek,62,43,105,0,41,,,DeepSeekBackend,deepseek-v4-flash,1784120523.8041008,llm_judge_binary,evaluation,,,548.0,548.0
deepseek,62,52,114,0,50,,,DeepSeekBackend,deepseek-v4-flash,1784120523.8419917,llm_judge_binary,evaluation,,,545.0,545.0
deepseek,62,33,95,0,31,,,DeepSeekBackend,deepseek-v4-flash,1784120523.9561157,llm_judge_binary,evaluation,,,550.0,550.0
deepseek,62,50,112,0,48,,,DeepSeekBackend,deepseek-v4-flash,1784120523.980268,llm_judge_binary,evaluation,,,547.0,547.0
deepseek,62,39,101,0,37,,,DeepSeekBackend,deepseek-v4-flash,1784120524.0383258,llm_judge_binary,evaluation,,,554.0,554.0
deepseek,62,46,108,0,44,,,DeepSeekBackend,deepseek-v4-flash,1784120524.076917,llm_judge_binary,evaluation,,,552.0,552.0
deepseek,62,43,105,0,41,,,DeepSeekBackend,deepseek-v4-flash,1784120524.1139576,llm_judge_binary,evaluation,,,553.0,553.0
deepseek,62,57,119,0,55,,,DeepSeekBackend,deepseek-v4-flash,1784120524.119619,llm_judge_binary,evaluation,,,549.0,549.0
deepseek,62,31,93,0,29,,,DeepSeekBackend,deepseek-v4-flash,1784120524.2185278,llm_judge_binary,evaluation,,,557.0,557.0
deepseek,62,59,121,0,57,,,DeepSeekBackend,deepseek-v4-flash,1784120524.318749,llm_judge_binary,evaluation,,,551.0,551.0
deepseek,62,46,108,0,44,,,DeepSeekBackend,deepseek-v4-flash,1784120524.3849983,llm_judge_binary,evaluation,,,555.0,555.0
deepseek,62,47,109,0,45,,,DeepSeekBackend,deepseek-v4-flash,1784120524.4195533,llm_judge_binary,evaluation,,,556.0,556.0
deepseek,62,32,94,0,30,,,DeepSeekBackend,deepseek-v4-flash,1784120524.5257993,llm_judge_binary,evaluation,,,559.0,559.0
deepseek,61,66,127,0,64,,,DeepSeekBackend,deepseek-v4-flash,1784120524.7007363,llm_judge_binary,evaluation,,,558.0,558.0
deepseek,62,65,127,0,63,,,DeepSeekBackend,deepseek-v4-flash,1784120524.7462041,llm_judge_binary,evaluation,,,560.0,560.0
deepseek,62,61,123,0,59,,,DeepSeekBackend,deepseek-v4-flash,1784120524.7900562,llm_judge_binary,evaluation,,,561.0,561.0
deepseek,60,35,95,0,33,,,DeepSeekBackend,deepseek-v4-flash,1784120524.8143744,llm_judge_binary,evaluation,,,569.0,569.0
deepseek,62,73,135,0,71,,,DeepSeekBackend,deepseek-v4-flash,1784120524.9288092,llm_judge_binary,evaluation,,,563.0,563.0
deepseek,62,67,129,0,65,,,DeepSeekBackend,deepseek-v4-flash,1784120525.0123227,llm_judge_binary,evaluation,,,566.0,566.0
deepseek,62,78,140,0,76,,,DeepSeekBackend,deepseek-v4-flash,1784120525.0394812,llm_judge_binary,evaluation,,,564.0,564.0
deepseek,62,77,139,0,75,,,DeepSeekBackend,deepseek-v4-flash,1784120525.0855083,llm_judge_binary,evaluation,,,562.0,562.0
deepseek,62,75,137,0,73,,,DeepSeekBackend,deepseek-v4-flash,1784120525.2027204,llm_judge_binary,evaluation,,,570.0,570.0
deepseek,62,75,137,0,73,,,DeepSeekBackend,deepseek-v4-flash,1784120525.2087169,llm_judge_binary,evaluation,,,567.0,567.0
deepseek,62,75,137,0,73,,,DeepSeekBackend,deepseek-v4-flash,1784120525.2140956,llm_judge_binary,evaluation,,,568.0,568.0
deepseek,62,68,130,0,66,,,DeepSeekBackend,deepseek-v4-flash,1784120525.2625723,llm_judge_binary,evaluation,,,565.0,565.0
deepseek,62,71,133,0,69,,,DeepSeekBackend,deepseek-v4-flash,1784120525.5472806,llm_judge_binary,evaluation,,,572.0,572.0
deepseek,62,107,169,0,105,,,DeepSeekBackend,deepseek-v4-flash,1784120525.5742004,llm_judge_binary,evaluation,,,571.0,571.0
deepseek,62,80,142,0,78,,,DeepSeekBackend,deepseek-v4-flash,1784120525.6176178,llm_judge_binary,evaluation,,,576.0,576.0
deepseek,62,74,136,0,72,,,DeepSeekBackend,deepseek-v4-flash,1784120525.6312206,llm_judge_binary,evaluation,,,573.0,573.0
deepseek,62,43,105,0,41,,,DeepSeekBackend,deepseek-v4-flash,1784120525.733548,llm_judge_binary,evaluation,,,581.0,581.0
deepseek,62,71,133,0,69,,,DeepSeekBackend,deepseek-v4-flash,1784120525.7420526,llm_judge_binary,evaluation,,,574.0,574.0
deepseek,62,45,107,0,43,,,DeepSeekBackend,deepseek-v4-flash,1784120525.752551,llm_judge_binary,evaluation,,,580.0,580.0
deepseek,62,43,105,0,41,,,DeepSeekBackend,deepseek-v4-flash,1784120525.8009417,llm_judge_binary,evaluation,,,583.0,583.0
deepseek,62,38,100,0,36,,,DeepSeekBackend,deepseek-v4-flash,1784120525.8220372,llm_judge_binary,evaluation,,,582.0,582.0
deepseek,62,48,110,0,46,,,DeepSeekBackend,deepseek-v4-flash,1784120525.8428504,llm_judge_binary,evaluation,,,585.0,585.0
deepseek,62,68,130,0,66,,,DeepSeekBackend,deepseek-v4-flash,1784120525.8776333,llm_judge_binary,evaluation,,,577.0,577.0
deepseek,62,46,108,0,44,,,DeepSeekBackend,deepseek-v4-flash,1784120525.962757,llm_judge_binary,evaluation,,,584.0,584.0
deepseek,62,73,135,0,71,,,DeepSeekBackend,deepseek-v4-flash,1784120525.9871202,llm_judge_binary,evaluation,,,578.0,578.0
deepseek,62,113,175,0,111,,,DeepSeekBackend,deepseek-v4-flash,1784120526.0058568,llm_judge_binary,evaluation,,,575.0,575.0
deepseek,62,46,108,0,44,,,DeepSeekBackend,deepseek-v4-flash,1784120526.104808,llm_judge_binary,evaluation,,,588.0,588.0
deepseek,62,33,95,0,31,,,DeepSeekBackend,deepseek-v4-flash,1784120526.1485403,llm_judge_binary,evaluation,,,587.0,587.0
deepseek,62,39,101,0,37,,,DeepSeekBackend,deepseek-v4-flash,1784120526.189599,llm_judge_binary,evaluation,,,590.0,590.0
deepseek,62,44,106,0,42,,,DeepSeekBackend,deepseek-v4-flash,1784120526.1997576,llm_judge_binary,evaluation,,,589.0,589.0
deepseek,62,81,143,0,79,,,DeepSeekBackend,deepseek-v4-flash,1784120526.2360203,llm_judge_binary,evaluation,,,579.0,579.0
deepseek,62,35,97,0,33,,,DeepSeekBackend,deepseek-v4-flash,1784120526.241254,llm_judge_binary,evaluation,,,586.0,586.0
deepseek,62,34,96,0,32,,,DeepSeekBackend,deepseek-v4-flash,1784120526.5654752,llm_judge_binary,evaluation,,,591.0,591.0
deepseek,62,45,107,0,43,,,DeepSeekBackend,deepseek-v4-flash,1784120526.6884754,llm_judge_binary,evaluation,,,592.0,592.0
deepseek,62,38,100,0,36,,,DeepSeekBackend,deepseek-v4-flash,1784120526.6956403,llm_judge_binary,evaluation,,,593.0,593.0
deepseek,62,49,111,0,47,,,DeepSeekBackend,deepseek-v4-flash,1784120526.7554085,llm_judge_binary,evaluation,,,594.0,594.0
deepseek,62,39,101,0,37,,,DeepSeekBackend,deepseek-v4-flash,1784120526.76215,llm_judge_binary,evaluation,,,597.0,597.0
deepseek,62,46,108,0,44,,,DeepSeekBackend,deepseek-v4-flash,1784120526.7829401,llm_judge_binary,evaluation,,,598.0,598.0
deepseek,60,41,101,0,39,,,DeepSeekBackend,deepseek-v4-flash,1784120526.8895574,llm_judge_binary,evaluation,,,600.0,600.0
deepseek,62,37,99,0,35,,,DeepSeekBackend,deepseek-v4-flash,1784120526.8989463,llm_judge_binary,evaluation,,,596.0,596.0
deepseek,62,49,111,0,47,,,DeepSeekBackend,deepseek-v4-flash,1784120526.9363444,llm_judge_binary,evaluation,,,595.0,595.0
deepseek,60,37,97,0,35,,,DeepSeekBackend,deepseek-v4-flash,1784120526.9470067,llm_judge_binary,evaluation,,,604.0,604.0
deepseek,60,29,89,0,27,,,DeepSeekBackend,deepseek-v4-flash,1784120526.9477959,llm_judge_binary,evaluation,,,601.0,601.0
deepseek,60,38,98,0,36,,,DeepSeekBackend,deepseek-v4-flash,1784120527.0685256,llm_judge_binary,evaluation,,,602.0,602.0
deepseek,60,32,92,0,30,,,DeepSeekBackend,deepseek-v4-flash,1784120527.0756092,llm_judge_binary,evaluation,,,603.0,603.0
deepseek,60,33,93,0,31,,,DeepSeekBackend,deepseek-v4-flash,1784120527.0874968,llm_judge_binary,evaluation,,,608.0,608.0
deepseek,62,36,98,0,34,,,DeepSeekBackend,deepseek-v4-flash,1784120527.0892582,llm_judge_binary,evaluation,,,599.0,599.0
deepseek,60,41,101,0,39,,,DeepSeekBackend,deepseek-v4-flash,1784120527.124005,llm_judge_binary,evaluation,,,607.0,607.0
deepseek,60,35,95,0,33,,,DeepSeekBackend,deepseek-v4-flash,1784120527.1394234,llm_judge_binary,evaluation,,,606.0,606.0
deepseek,60,31,91,0,29,,,DeepSeekBackend,deepseek-v4-flash,1784120527.1461005,llm_judge_binary,evaluation,,,605.0,605.0
deepseek,60,50,110,0,48,,,DeepSeekBackend,deepseek-v4-flash,1784120527.263708,llm_judge_binary,evaluation,,,610.0,610.0
deepseek,60,35,95,0,33,,,DeepSeekBackend,deepseek-v4-flash,1784120527.363756,llm_judge_binary,evaluation,,,609.0,609.0
deepseek,60,37,97,0,35,,,DeepSeekBackend,deepseek-v4-flash,1784120527.618228,llm_judge_binary,evaluation,,,614.0,614.0
deepseek,60,46,106,0,44,,,DeepSeekBackend,deepseek-v4-flash,1784120527.774698,llm_judge_binary,evaluation,,,611.0,611.0
deepseek,60,38,98,0,36,,,DeepSeekBackend,deepseek-v4-flash,1784120527.8348975,llm_judge_binary,evaluation,,,615.0,615.0
deepseek,60,29,89,0,27,,,DeepSeekBackend,deepseek-v4-flash,1784120527.8628638,llm_judge_binary,evaluation,,,613.0,613.0
deepseek,60,37,97,0,35,,,DeepSeekBackend,deepseek-v4-flash,1784120527.8738189,llm_judge_binary,evaluation,,,612.0,612.0
deepseek,60,45,105,0,43,,,DeepSeekBackend,deepseek-v4-flash,1784120527.912387,llm_judge_binary,evaluation,,,616.0,616.0
deepseek,60,39,99,0,37,,,DeepSeekBackend,deepseek-v4-flash,1784120528.0325058,llm_judge_binary,evaluation,,,618.0,618.0
deepseek,60,46,106,0,44,,,DeepSeekBackend,deepseek-v4-flash,1784120528.0623412,llm_judge_binary,evaluation,,,617.0,617.0
deepseek,60,46,106,0,44,,,DeepSeekBackend,deepseek-v4-flash,1784120528.1390824,llm_judge_binary,evaluation,,,619.0,619.0
