provider,input_tokens,output_tokens,total_tokens,cached_input_tokens,reasoning_tokens,audio_input_tokens,audio_output_tokens,backend,model,recorded_at_unix,step,phase,cell_idx,cell_barcode,sample_pos,result_index
deepseek,721,244,965,0,180,,,DeepSeekBackend,deepseek-v4-flash,1784119993.65918,stage1_annotation,annotation,126676.0,E2L6_ACTGTGAAGAGTTCGG,,
deepseek,721,236,957,0,169,,,DeepSeekBackend,deepseek-v4-flash,1784119993.719179,stage1_annotation,annotation,148054.0,E2L7_TGAATCGGTGGTGATG,,
deepseek,721,290,1011,0,224,,,DeepSeekBackend,deepseek-v4-flash,1784119994.0282412,stage1_annotation,annotation,87907.0,E2L2_TCAGCAAAGAACAAGG,,
deepseek,721,457,1178,0,391,,,DeepSeekBackend,deepseek-v4-flash,1784119994.877695,stage1_annotation,annotation,147689.0,E2L7_TCGCACTTCACTTCTA,,
deepseek,721,402,1123,0,341,,,DeepSeekBackend,deepseek-v4-flash,1784119994.887321,stage1_annotation,annotation,89523.0,E2L2_TGTACAGAGCGACTAG,,
deepseek,721,470,1191,0,431,,,DeepSeekBackend,deepseek-v4-flash,1784119995.0583847,stage1_annotation,annotation,109653.0,E2L4_GTCGAATGTGGTCTCG,,
deepseek,721,389,1110,0,331,,,DeepSeekBackend,deepseek-v4-flash,1784119995.1832995,stage1_annotation,annotation,139354.0,E2L7_AGCTCAATCGCCTATC,,
deepseek,721,430,1151,0,388,,,DeepSeekBackend,deepseek-v4-flash,1784119995.4942393,stage1_annotation,annotation,18250.0,L2_CCGGACAAGTTGCGCC,,
deepseek,721,498,1219,0,442,,,DeepSeekBackend,deepseek-v4-flash,1784119995.813149,stage1_annotation,annotation,81561.0,E2L2_CAATCGAGTTGGGTAG,,
deepseek,721,391,1112,0,332,,,DeepSeekBackend,deepseek-v4-flash,1784119995.9403455,stage1_annotation,annotation,65516.0,L5_TGCTTGCCACGCGTCA,,
deepseek,721,536,1257,0,485,,,DeepSeekBackend,deepseek-v4-flash,1784119996.2142313,stage1_annotation,annotation,39262.0,L4_AACAAAGGTACGAAAT,,
deepseek,721,616,1337,0,562,,,DeepSeekBackend,deepseek-v4-flash,1784119996.6263244,stage1_annotation,annotation,98402.0,E2L3_GTTACAGGTTAGGAGC,,
deepseek,721,574,1295,0,511,,,DeepSeekBackend,deepseek-v4-flash,1784119996.941632,stage1_annotation,annotation,143579.0,E2L7_GAAGAATTCTATCGTT,,
deepseek,721,691,1412,0,651,,,DeepSeekBackend,deepseek-v4-flash,1784119997.3516598,stage1_annotation,annotation,154256.0,E2L8_CGAGTTAAGCTCCATA,,
deepseek,721,736,1457,0,666,,,DeepSeekBackend,deepseek-v4-flash,1784119998.2715085,stage1_annotation,annotation,25410.0,L2_TGCGGGTCACCCTCTA,,
deepseek,721,1021,1742,0,952,,,DeepSeekBackend,deepseek-v4-flash,1784120001.0998073,stage1_annotation,annotation,116772.0,E2L5_CAGGCCACATAACGGG,,
deepseek,716,475,1191,640,374,,,DeepSeekBackend,deepseek-v4-flash,1784120004.367511,stage1_annotation,annotation,44845.0,L4_CTCATTACAAGCCCAC,,
deepseek,716,706,1422,640,656,,,DeepSeekBackend,deepseek-v4-flash,1784120004.5149655,stage1_annotation,annotation,93977.0,E2L3_CATGCAAGTCACCACG,,
deepseek,716,421,1137,640,336,,,DeepSeekBackend,deepseek-v4-flash,1784120004.9687757,stage1_annotation,annotation,9912.0,L1_TAACTTCAGCTCAGAG,,
deepseek,716,606,1322,640,603,,,DeepSeekBackend,deepseek-v4-flash,1784120005.7411168,stage1_annotation,annotation,130162.0,E2L6_CGCCAGAAGAAAGCGA,,
deepseek,721,1369,2090,0,1280,,,DeepSeekBackend,deepseek-v4-flash,1784120005.805543,stage1_annotation,annotation,14943.0,L2_ACGTTCCCAGGTCCGT,,
deepseek,716,556,1272,640,553,,,DeepSeekBackend,deepseek-v4-flash,1784120006.0506344,stage1_annotation,annotation,78043.0,E2L1_TTCGATTTCCCAATAG,,
deepseek,716,794,1510,640,791,,,DeepSeekBackend,deepseek-v4-flash,1784120006.122894,stage1_annotation,annotation,132238.0,E2L6_GCACATAGTGGATACG,,
deepseek,716,697,1413,640,694,,,DeepSeekBackend,deepseek-v4-flash,1784120006.1784294,stage1_annotation,annotation,34925.0,L3_GTATTGGAGCCTGTCG,,
deepseek,716,945,1661,0,872,,,DeepSeekBackend,deepseek-v4-flash,1784120006.486228,stage1_annotation,annotation,129695.0,E2L6_CCGGTAGGTGGTCTAT,,
deepseek,721,1466,2187,0,1371,,,DeepSeekBackend,deepseek-v4-flash,1784120006.931235,stage1_annotation,annotation,132693.0,E2L6_GCTTGGGCAAGTGCAG,,
deepseek,716,1027,1743,0,1024,,,DeepSeekBackend,deepseek-v4-flash,1784120006.9677005,stage1_annotation,annotation,16239.0,L2_ATCACGATCAGCTTGA,,
deepseek,716,763,1479,640,717,,,DeepSeekBackend,deepseek-v4-flash,1784120007.5015767,stage1_annotation,annotation,91168.0,E2L3_AATTCCTCAGTCCCGA,,
deepseek,716,1138,1854,640,1049,,,DeepSeekBackend,deepseek-v4-flash,1784120010.092597,stage1_annotation,annotation,114352.0,E2L5_ACCTGTCCACGCGCAT,,
deepseek,721,1757,2478,0,1677,,,DeepSeekBackend,deepseek-v4-flash,1784120010.7761972,stage1_annotation,annotation,81589.0,E2L2_CACAACAGTGCAATAA,,
deepseek,716,484,1200,640,401,,,DeepSeekBackend,deepseek-v4-flash,1784120012.099138,stage1_annotation,annotation,128449.0,E2L6_CAACAGTGTATCCTCC,,
deepseek,713,450,1163,0,355,,,DeepSeekBackend,deepseek-v4-flash,1784120013.5455086,stage1_annotation,annotation,135908.0,E2L6_TCTGTCGTCGCTGTTC,,
deepseek,721,2093,2814,0,2007,,,DeepSeekBackend,deepseek-v4-flash,1784120014.0779867,stage1_annotation,annotation,137078.0,E2L6_TTCCGGTAGTGTAGTA,,
deepseek,713,429,1142,640,423,,,DeepSeekBackend,deepseek-v4-flash,1784120014.7921112,stage1_annotation,annotation,138823.0,E2L7_ACTATGGCAGCTGAAG,,
deepseek,716,1580,2296,0,1577,,,DeepSeekBackend,deepseek-v4-flash,1784120015.0744562,stage1_annotation,annotation,120045.0,E2L5_GCAGTTACAACGGCTC,,
deepseek,716,1571,2287,640,1568,,,DeepSeekBackend,deepseek-v4-flash,1784120015.5402944,stage1_annotation,annotation,37598.0,L3_TGATTTCCATTCTGTT,,
deepseek,713,601,1314,640,512,,,DeepSeekBackend,deepseek-v4-flash,1784120015.940997,stage1_annotation,annotation,83842.0,E2L2_CTCTGGTCACGGCTAC,,
deepseek,713,274,987,640,178,,,DeepSeekBackend,deepseek-v4-flash,1784120016.5751214,stage1_annotation,annotation,122062.0,E2L5_TAACTTCGTAATACCC,,
deepseek,716,1128,1844,640,1125,,,DeepSeekBackend,deepseek-v4-flash,1784120017.411492,stage1_annotation,annotation,98462.0,E2L3_GTTATGGCACCAACAT,,
deepseek,713,555,1268,640,470,,,DeepSeekBackend,deepseek-v4-flash,1784120018.156636,stage1_annotation,annotation,112953.0,E2L4_TTCCTTCCACTGCGAC,,
deepseek,716,1833,2549,640,1830,,,DeepSeekBackend,deepseek-v4-flash,1784120018.4297993,stage1_annotation,annotation,147908.0,E2L7_TCTCACGGTCTAGGTT,,
deepseek,713,1228,1941,0,1124,,,DeepSeekBackend,deepseek-v4-flash,1784120020.6289055,stage1_annotation,annotation,26617.0,L2_TTGGATGTCAGCTCTC,,
deepseek,713,647,1360,640,568,,,DeepSeekBackend,deepseek-v4-flash,1784120020.6378193,stage1_annotation,annotation,42957.0,L4_CAGTTAGAGCGACCCT,,
deepseek,713,957,1670,640,854,,,DeepSeekBackend,deepseek-v4-flash,1784120020.9699063,stage1_annotation,annotation,148133.0,E2L7_TGAGCATTCAATCTTC,,
deepseek,716,1271,1987,640,1268,,,DeepSeekBackend,deepseek-v4-flash,1784120022.133925,stage1_annotation,annotation,79677.0,E2L2_ACTCTCGGTACAGTTC,,
deepseek,713,423,1136,640,321,,,DeepSeekBackend,deepseek-v4-flash,1784120022.9776669,stage1_annotation,annotation,89387.0,E2L2_TGGGATTTCTCATGCC,,
deepseek,713,483,1196,640,377,,,DeepSeekBackend,deepseek-v4-flash,1784120023.3112466,stage1_annotation,annotation,120072.0,E2L5_GCATCTCCATAGTCGT,,
deepseek,713,666,1379,640,587,,,DeepSeekBackend,deepseek-v4-flash,1784120024.4432657,stage1_annotation,annotation,130769.0,E2L6_CTCATCGAGGATTTGA,,
deepseek,713,595,1308,640,490,,,DeepSeekBackend,deepseek-v4-flash,1784120025.7147791,stage1_annotation,annotation,140762.0,E2L7_CAATACGTCTACGGGC,,
deepseek,717,359,1076,0,289,,,DeepSeekBackend,deepseek-v4-flash,1784120026.1742938,stage1_annotation,annotation,99957.0,E2L3_TCGCTTGAGTGATTCC,,
deepseek,713,1574,2287,640,1504,,,DeepSeekBackend,deepseek-v4-flash,1784120027.24529,stage1_annotation,annotation,66327.0,L5_TTCCAATAGGTGGCTA,,
deepseek,716,1592,2308,640,1589,,,DeepSeekBackend,deepseek-v4-flash,1784120027.6314754,stage1_annotation,annotation,104820.0,E2L4_CAATCGATCTTCGTGC,,
deepseek,713,1564,2277,0,1559,,,DeepSeekBackend,deepseek-v4-flash,1784120027.7258441,stage1_annotation,annotation,72013.0,E2L1_CTCAAGACAATCTGCA,,
deepseek,717,312,1029,640,264,,,DeepSeekBackend,deepseek-v4-flash,1784120028.8583236,stage1_annotation,annotation,15125.0,L2_ACTTCGCCAGCAGGAT,,
deepseek,717,429,1146,640,374,,,DeepSeekBackend,deepseek-v4-flash,1784120029.4034455,stage1_annotation,annotation,17489.0,L2_CAGGCCAAGTCAATCC,,
deepseek,717,314,1031,640,249,,,DeepSeekBackend,deepseek-v4-flash,1784120029.680493,stage1_annotation,annotation,98389.0,E2L3_GTGTTCCCAGACCAAG,,
deepseek,717,290,1007,640,225,,,DeepSeekBackend,deepseek-v4-flash,1784120029.9279485,stage1_annotation,annotation,100034.0,E2L3_TCGTAGATCCTAAACG,,
deepseek,717,514,1231,640,427,,,DeepSeekBackend,deepseek-v4-flash,1784120030.4062457,stage1_annotation,annotation,59582.0,L5_GAAGGACGTAGAATGT,,
deepseek,713,761,1474,640,664,,,DeepSeekBackend,deepseek-v4-flash,1784120030.4072604,stage1_annotation,annotation,89331.0,E2L2_TGGATCAGTCATATGC,,
deepseek,716,2681,3397,640,2678,,,DeepSeekBackend,deepseek-v4-flash,1784120030.8061745,stage1_annotation,annotation,122133.0,E2L5_TAATCTCCATAACGGG,,
deepseek,713,1909,2622,0,1906,,,DeepSeekBackend,deepseek-v4-flash,1784120031.1975362,stage1_annotation,annotation,117816.0,E2L5_CGAAGTTGTTCGGACC,,
deepseek,717,387,1104,640,330,,,DeepSeekBackend,deepseek-v4-flash,1784120032.2523117,stage1_annotation,annotation,101286.0,E2L3_TTCATTGGTTGTAAAG,,
deepseek,717,537,1254,640,479,,,DeepSeekBackend,deepseek-v4-flash,1784120033.3052037,stage1_annotation,annotation,48077.0,L4_GTCTGTCAGGAACGAA,,
deepseek,717,288,1005,640,285,,,DeepSeekBackend,deepseek-v4-flash,1784120033.3591273,stage1_annotation,annotation,21811.0,L2_GGGACCTCAGAAACCG,,
deepseek,716,2214,2930,640,2142,,,DeepSeekBackend,deepseek-v4-flash,1784120033.597953,stage1_annotation,annotation,157192.0,E2L8_GGGTAGATCTGGAAGG,,
deepseek,717,324,1041,640,321,,,DeepSeekBackend,deepseek-v4-flash,1784120033.7391472,stage1_annotation,annotation,133057.0,E2L6_GGGCGTTGTCGCACAC,,
deepseek,713,1519,2232,640,1443,,,DeepSeekBackend,deepseek-v4-flash,1784120034.9077592,stage1_annotation,annotation,75176.0,E2L1_GTTATGGAGTATGACA,,
deepseek,713,1158,1871,640,1087,,,DeepSeekBackend,deepseek-v4-flash,1784120034.9694865,stage1_annotation,annotation,153348.0,E2L8_CATCGGGTCCCAGTGG,,
deepseek,717,289,1006,640,190,,,DeepSeekBackend,deepseek-v4-flash,1784120035.071324,stage1_annotation,annotation,109651.0,E2L4_GTCGAATCACTCCTGT,,
deepseek,713,1537,2250,640,1457,,,DeepSeekBackend,deepseek-v4-flash,1784120035.4802938,stage1_annotation,annotation,105380.0,E2L4_CATGCAATCCGTGCGA,,
deepseek,717,417,1134,640,336,,,DeepSeekBackend,deepseek-v4-flash,1784120035.5949523,stage1_annotation,annotation,105202.0,E2L4_CAGTTCCCAGGACTAG,,
deepseek,713,1634,2347,640,1525,,,DeepSeekBackend,deepseek-v4-flash,1784120036.0026429,stage1_annotation,annotation,139030.0,E2L7_AGAACAATCTAAGGAA,,
deepseek,717,309,1026,640,242,,,DeepSeekBackend,deepseek-v4-flash,1784120037.1948583,stage1_annotation,annotation,114169.0,E2L5_ACAGCCGTCGAACCTA,,
deepseek,717,504,1221,640,436,,,DeepSeekBackend,deepseek-v4-flash,1784120037.4827785,stage1_annotation,annotation,128376.0,E2L6_ATTTACCCACGAAGAC,,
deepseek,717,402,1119,640,320,,,DeepSeekBackend,deepseek-v4-flash,1784120038.9824085,stage1_annotation,annotation,99108.0,E2L3_TATCAGGGTATCGGTT,,
deepseek,717,548,1265,640,471,,,DeepSeekBackend,deepseek-v4-flash,1784120039.5280344,stage1_annotation,annotation,112127.0,E2L4_TGCATCCTCCCAGCGA,,
deepseek,717,444,1161,640,368,,,DeepSeekBackend,deepseek-v4-flash,1784120039.5905082,stage1_annotation,annotation,86240.0,E2L2_GTAGATCAGGTCGTCC,,
deepseek,717,484,1201,640,400,,,DeepSeekBackend,deepseek-v4-flash,1784120039.6543977,stage1_annotation,annotation,81675.0,E2L2_CACGAATCACCTGAAT,,
deepseek,717,503,1220,640,500,,,DeepSeekBackend,deepseek-v4-flash,1784120041.2877257,stage1_annotation,annotation,26671.0,L2_TTGGTTTGTTAGGGTG,,
deepseek,717,675,1392,640,601,,,DeepSeekBackend,deepseek-v4-flash,1784120042.1653981,stage1_annotation,annotation,141644.0,E2L7_CCATAAGAGTTGTCAC,,
deepseek,722,510,1232,0,427,,,DeepSeekBackend,deepseek-v4-flash,1784120067.4680912,stage1_annotation,annotation,23889.0,L2_TCAATCTCAGGTTTAC,,
deepseek,722,450,1172,640,446,,,DeepSeekBackend,deepseek-v4-flash,1784120073.811427,stage1_annotation,annotation,74756.0,E2L1_GTCGTTCAGTAGACAT,,
deepseek,722,556,1278,640,484,,,DeepSeekBackend,deepseek-v4-flash,1784120074.0450919,stage1_annotation,annotation,60803.0,L5_GCGATCGAGTCACAGG,,
deepseek,722,297,1019,640,293,,,DeepSeekBackend,deepseek-v4-flash,1784120074.6343353,stage1_annotation,annotation,161156.0,E2L8_TTCATGTCATACCAGT,,
deepseek,722,660,1382,640,588,,,DeepSeekBackend,deepseek-v4-flash,1784120075.095904,stage1_annotation,annotation,4544.0,L1_CCCATTGCAACTTGCA,,
deepseek,722,665,1387,640,592,,,DeepSeekBackend,deepseek-v4-flash,1784120075.14062,stage1_annotation,annotation,31366.0,L3_CCTCTAGAGCGAGTAC,,
deepseek,722,373,1095,640,304,,,DeepSeekBackend,deepseek-v4-flash,1784120075.2621903,stage1_annotation,annotation,97268.0,E2L3_GGCGTCATCTTGCGCT,,
deepseek,722,542,1264,640,481,,,DeepSeekBackend,deepseek-v4-flash,1784120075.39791,stage1_annotation,annotation,121753.0,E2L5_GTGTGATGTTCGGTAT,,
deepseek,722,356,1078,640,277,,,DeepSeekBackend,deepseek-v4-flash,1784120075.8505256,stage1_annotation,annotation,63405.0,L5_TAGCACAGTATAGGGC,,
deepseek,722,707,1429,640,616,,,DeepSeekBackend,deepseek-v4-flash,1784120077.9154418,stage1_annotation,annotation,117989.0,E2L5_CGCCAGAGTATGATCC,,
deepseek,722,481,1203,640,410,,,DeepSeekBackend,deepseek-v4-flash,1784120077.9344106,stage1_annotation,annotation,75166.0,E2L1_GTTAGTGCAGCGACCT,,
deepseek,722,406,1128,640,330,,,DeepSeekBackend,deepseek-v4-flash,1784120078.3751764,stage1_annotation,annotation,20242.0,L2_GAATCACAGTGCACAG,,
deepseek,722,607,1329,640,540,,,DeepSeekBackend,deepseek-v4-flash,1784120079.4296668,stage1_annotation,annotation,76477.0,E2L1_TCCTTCTAGGGTCACA,,
deepseek,722,566,1288,640,499,,,DeepSeekBackend,deepseek-v4-flash,1784120080.2020965,stage1_annotation,annotation,113367.0,E2L4_TTTCGATAGCTAGAAT,,
deepseek,722,465,1187,640,403,,,DeepSeekBackend,deepseek-v4-flash,1784120080.4630713,stage1_annotation,annotation,134858.0,E2L6_TATCTTGAGTTTGCTG,,
deepseek,722,701,1423,640,697,,,DeepSeekBackend,deepseek-v4-flash,1784120080.783942,stage1_annotation,annotation,82943.0,E2L2_CGAGAAGTCGCCTATC,,
deepseek,722,538,1260,640,534,,,DeepSeekBackend,deepseek-v4-flash,1784120082.523982,stage1_annotation,annotation,89449.0,E2L2_TGGTAGTCAGCTGTAT,,
deepseek,722,662,1384,640,595,,,DeepSeekBackend,deepseek-v4-flash,1784120082.964046,stage1_annotation,annotation,128680.0,E2L6_CACATGAAGACCTCAT,,
deepseek,722,711,1433,640,628,,,DeepSeekBackend,deepseek-v4-flash,1784120085.08044,stage1_annotation,annotation,130491.0,E2L6_CGTTGGGTCTCCTGCA,,
deepseek,723,1220,1943,0,1216,,,DeepSeekBackend,deepseek-v4-flash,1784120085.8630574,stage1_annotation,annotation,111605.0,E2L4_TCGTAGAAGAGAATCT,,
deepseek,722,994,1716,640,902,,,DeepSeekBackend,deepseek-v4-flash,1784120087.417771,stage1_annotation,annotation,17322.0,L2_CACTGAACAGGGCTTC,,
deepseek,723,972,1695,640,968,,,DeepSeekBackend,deepseek-v4-flash,1784120089.1432037,stage1_annotation,annotation,118496.0,E2L5_CTCAATTTCGTCAAAC,,
deepseek,723,910,1633,640,832,,,DeepSeekBackend,deepseek-v4-flash,1784120089.542957,stage1_annotation,annotation,40081.0,L4_ACCCAAAAGTTAACGA,,
deepseek,723,946,1669,640,942,,,DeepSeekBackend,deepseek-v4-flash,1784120090.0108297,stage1_annotation,annotation,40387.0,L4_ACTACGACAGACGGAT,,
deepseek,723,776,1499,640,707,,,DeepSeekBackend,deepseek-v4-flash,1784120091.1648352,stage1_annotation,annotation,18196.0,L2_CCCTTAGCAATGTCTG,,
deepseek,723,1058,1781,640,988,,,DeepSeekBackend,deepseek-v4-flash,1784120092.1804864,stage1_annotation,annotation,155011.0,E2L8_CTCCTCCAGTAAGACT,,
deepseek,723,864,1587,640,860,,,DeepSeekBackend,deepseek-v4-flash,1784120092.36352,stage1_annotation,annotation,71330.0,E2L1_CGAAGGAGTTCAACGT,,
deepseek,723,724,1447,640,721,,,DeepSeekBackend,deepseek-v4-flash,1784120092.520347,stage1_annotation,annotation,125445.0,E2L5_TTTGACTTCTAGGCCG,,
deepseek,723,954,1677,640,848,,,DeepSeekBackend,deepseek-v4-flash,1784120093.0223856,stage1_annotation,annotation,51970.0,L4_TTGACCCTCATTCGTT,,
deepseek,723,565,1288,640,562,,,DeepSeekBackend,deepseek-v4-flash,1784120094.2631836,stage1_annotation,annotation,52738.0,L5_AACCTGAGTACCTAAC,,
deepseek,723,948,1671,640,884,,,DeepSeekBackend,deepseek-v4-flash,1784120094.3944561,stage1_annotation,annotation,146593.0,E2L7_TACCCACGTGGTCCGT,,
deepseek,723,1415,2138,640,1319,,,DeepSeekBackend,deepseek-v4-flash,1784120095.2979884,stage1_annotation,annotation,156599.0,E2L8_GCGAGAACAGTCAGTT,,
deepseek,723,993,1716,640,921,,,DeepSeekBackend,deepseek-v4-flash,1784120096.3809376,stage1_annotation,annotation,70003.0,E2L1_CAAGACTTCGCCTAGG,,
deepseek,723,812,1535,640,763,,,DeepSeekBackend,deepseek-v4-flash,1784120096.5204055,stage1_annotation,annotation,78167.0,E2L1_TTGATGGTCGGTCTGG,,
deepseek,717,799,1516,0,715,,,DeepSeekBackend,deepseek-v4-flash,1784120096.9387488,stage1_annotation,annotation,123340.0,E2L5_TCGAAGTAGTCGAAGC,,
deepseek,723,1398,2121,640,1342,,,DeepSeekBackend,deepseek-v4-flash,1784120097.0840225,stage1_annotation,annotation,123107.0,E2L5_TCCAGAACATTGAGCT,,
deepseek,717,590,1307,640,517,,,DeepSeekBackend,deepseek-v4-flash,1784120097.214424,stage1_annotation,annotation,46491.0,L4_GCATTAGTCCGCAGTG,,
deepseek,717,561,1278,640,468,,,DeepSeekBackend,deepseek-v4-flash,1784120099.822495,stage1_annotation,annotation,88737.0,E2L2_TCTCCGAGTTATCTTC,,
deepseek,723,1413,2136,640,1409,,,DeepSeekBackend,deepseek-v4-flash,1784120100.2320518,stage1_annotation,annotation,127099.0,E2L6_AGCGTATAGCAAACAT,,
deepseek,723,1879,2602,640,1788,,,DeepSeekBackend,deepseek-v4-flash,1784120102.5058002,stage1_annotation,annotation,40677.0,L4_AGACAGGTCGGACAAG,,
deepseek,717,871,1588,640,788,,,DeepSeekBackend,deepseek-v4-flash,1784120103.2996392,stage1_annotation,annotation,50068.0,L4_TCGATTTTCTAACGGT,,
deepseek,717,538,1255,640,452,,,DeepSeekBackend,deepseek-v4-flash,1784120103.987637,stage1_annotation,annotation,14642.0,L2_ACATTTCAGACTACCT,,
deepseek,717,930,1647,640,867,,,DeepSeekBackend,deepseek-v4-flash,1784120104.2825449,stage1_annotation,annotation,73554.0,E2L1_GCCAGGTTCGGCGATC,,
deepseek,723,1874,2597,640,1870,,,DeepSeekBackend,deepseek-v4-flash,1784120104.5924459,stage1_annotation,annotation,114594.0,E2L5_ACTGATGCAGGTATGG,,
deepseek,717,573,1290,640,494,,,DeepSeekBackend,deepseek-v4-flash,1784120104.717893,stage1_annotation,annotation,110253.0,E2L4_TAAGCCACAAAGTATG,,
deepseek,723,2154,2877,640,2150,,,DeepSeekBackend,deepseek-v4-flash,1784120105.4022894,stage1_annotation,annotation,13748.0,L1_TTTGTTGCAGCGAGTA,,
deepseek,717,1027,1744,640,950,,,DeepSeekBackend,deepseek-v4-flash,1784120106.0506217,stage1_annotation,annotation,94883.0,E2L3_CGGACACAGCGAACTG,,
deepseek,717,1355,2072,640,1294,,,DeepSeekBackend,deepseek-v4-flash,1784120106.4398541,stage1_annotation,annotation,72485.0,E2L1_CTTAGGATCCCTCGAT,,
deepseek,717,1250,1967,640,1168,,,DeepSeekBackend,deepseek-v4-flash,1784120106.5943534,stage1_annotation,annotation,29493.0,L3_ATGATCGGTACGGATG,,
deepseek,717,1169,1886,640,1093,,,DeepSeekBackend,deepseek-v4-flash,1784120108.0825682,stage1_annotation,annotation,95481.0,E2L3_CTCCCTCTCCTGCTAC,,
deepseek,717,970,1687,640,868,,,DeepSeekBackend,deepseek-v4-flash,1784120108.9527652,stage1_annotation,annotation,63597.0,L5_TATCTTGTCCACACCT,,
deepseek,717,1207,1924,640,1204,,,DeepSeekBackend,deepseek-v4-flash,1784120110.296264,stage1_annotation,annotation,98838.0,E2L3_TACGCTCCATATCTGG,,
deepseek,717,1053,1770,640,964,,,DeepSeekBackend,deepseek-v4-flash,1784120110.3640773,stage1_annotation,annotation,8370.0,L1_GGGACCTGTATGCTAC,,
deepseek,717,946,1663,640,874,,,DeepSeekBackend,deepseek-v4-flash,1784120110.435249,stage1_annotation,annotation,118137.0,E2L5_CGGGTGTTCCCGAACG,,
deepseek,717,784,1501,640,703,,,DeepSeekBackend,deepseek-v4-flash,1784120111.0943198,stage1_annotation,annotation,100629.0,E2L3_TGCTCCAGTCGTACTA,,
deepseek,717,1195,1912,640,1132,,,DeepSeekBackend,deepseek-v4-flash,1784120112.096684,stage1_annotation,annotation,30724.0,L3_CATGGATTCGCTGTCT,,
deepseek,717,1648,2365,640,1552,,,DeepSeekBackend,deepseek-v4-flash,1784120112.8921232,stage1_annotation,annotation,23636.0,L2_TAGGAGGAGCCGTTAT,,
deepseek,717,1260,1977,640,1191,,,DeepSeekBackend,deepseek-v4-flash,1784120114.1195602,stage1_annotation,annotation,17381.0,L2_CAGATACCAGAGATGC,,
deepseek,717,1491,2208,640,1422,,,DeepSeekBackend,deepseek-v4-flash,1784120120.6392763,stage1_annotation,annotation,62074.0,L5_GTCATCCTCGCGCCAA,,
deepseek,721,715,1436,640,661,,,DeepSeekBackend,deepseek-v4-flash,1784120126.046419,stage1_annotation,annotation,57355.0,L5_CCGAACGTCTCTCTTC,,
deepseek,721,609,1330,640,535,,,DeepSeekBackend,deepseek-v4-flash,1784120126.5070393,stage1_annotation,annotation,62405.0,L5_GTGCTGGCAAAGCGTG,,
deepseek,721,786,1507,640,710,,,DeepSeekBackend,deepseek-v4-flash,1784120127.3880162,stage1_annotation,annotation,60524.0,L5_GCAGCTGTCTGGGATT,,
deepseek,723,3264,3987,640,3260,,,DeepSeekBackend,deepseek-v4-flash,1784120128.301435,stage1_annotation,annotation,56223.0,L5_CAATTTCTCGCCTTTG,,
deepseek,721,303,1024,640,237,,,DeepSeekBackend,deepseek-v4-flash,1784120130.5965302,stage1_annotation,annotation,152878.0,E2L8_CACAGGCGTAGGAGTC,,
deepseek,721,797,1518,640,742,,,DeepSeekBackend,deepseek-v4-flash,1784120131.3474686,stage1_annotation,annotation,20684.0,L2_GAGTGTTTCAGGAACG,,
deepseek,721,237,958,640,161,,,DeepSeekBackend,deepseek-v4-flash,1784120131.5320282,stage1_annotation,annotation,96705.0,E2L3_GCAGGCTAGGGTCACA,,
deepseek,721,1122,1843,640,1068,,,DeepSeekBackend,deepseek-v4-flash,1784120131.598002,stage1_annotation,annotation,148576.0,E2L7_TGGCGTGGTCTGTAGT,,
deepseek,717,338,1055,640,267,,,DeepSeekBackend,deepseek-v4-flash,1784120131.6613324,stage1_annotation,annotation,142020.0,E2L7_CCTCATGTCTATACTC,,
deepseek,721,704,1425,640,627,,,DeepSeekBackend,deepseek-v4-flash,1784120131.9593925,stage1_annotation,annotation,54506.0,L5_AGCTCAACATCGATAC,,
deepseek,717,412,1129,0,326,,,DeepSeekBackend,deepseek-v4-flash,1784120131.9631085,stage1_annotation,annotation,18435.0,L2_CCTCAGTGTCCCTAAA,,
deepseek,721,488,1209,640,436,,,DeepSeekBackend,deepseek-v4-flash,1784120132.4767904,stage1_annotation,annotation,77215.0,E2L1_TGCCGAGAGCTCACTA,,
deepseek,721,1578,2299,0,1520,,,DeepSeekBackend,deepseek-v4-flash,1784120132.7029896,stage1_annotation,annotation,8316.0,L1_GGCTTTCGTCCTATAG,,
deepseek,721,1307,2028,640,1218,,,DeepSeekBackend,deepseek-v4-flash,1784120133.8740265,stage1_annotation,annotation,71572.0,E2L1_CGGAATTCATGGCACC,,
deepseek,721,420,1141,640,344,,,DeepSeekBackend,deepseek-v4-flash,1784120134.9641676,stage1_annotation,annotation,61451.0,L5_GGGTATTAGGCAGGTT,,
deepseek,717,319,1036,640,270,,,DeepSeekBackend,deepseek-v4-flash,1784120135.380284,stage1_annotation,annotation,125031.0,E2L5_TTCTTCCAGTCGGGAT,,
deepseek,717,388,1105,640,318,,,DeepSeekBackend,deepseek-v4-flash,1784120136.4192016,stage1_annotation,annotation,41817.0,L4_ATCGGATTCTTGGTGA,,
deepseek,717,489,1206,640,417,,,DeepSeekBackend,deepseek-v4-flash,1784120136.5778878,stage1_annotation,annotation,61550.0,L5_GGTAACTGTAACGATA,,
deepseek,717,490,1207,640,424,,,DeepSeekBackend,deepseek-v4-flash,1784120137.4793246,stage1_annotation,annotation,27871.0,L3_ACCGTTCCACATATGC,,
deepseek,717,455,1172,640,368,,,DeepSeekBackend,deepseek-v4-flash,1784120137.8312693,stage1_annotation,annotation,98160.0,E2L3_GTGAGCCTCCAAACCA,,
deepseek,717,627,1344,640,549,,,DeepSeekBackend,deepseek-v4-flash,1784120138.4788353,stage1_annotation,annotation,83385.0,E2L2_CGTTGGGAGAACAAGG,,
deepseek,717,897,1614,640,890,,,DeepSeekBackend,deepseek-v4-flash,1784120139.1502762,stage1_annotation,annotation,143468.0,E2L7_CTTGATTGTAACAGTA,,
deepseek,717,737,1454,640,684,,,DeepSeekBackend,deepseek-v4-flash,1784120139.5338101,stage1_annotation,annotation,31491.0,L3_CGAAGTTTCTCGGTCT,,
deepseek,717,514,1231,640,439,,,DeepSeekBackend,deepseek-v4-flash,1784120139.5813031,stage1_annotation,annotation,143949.0,E2L7_GAGCTGCCAATGCAGG,,
deepseek,717,707,1424,640,654,,,DeepSeekBackend,deepseek-v4-flash,1784120139.669985,stage1_annotation,annotation,15227.0,L2_AGACAAATCCATGAGT,,
deepseek,721,1823,2544,640,1737,,,DeepSeekBackend,deepseek-v4-flash,1784120139.7579088,stage1_annotation,annotation,35000.0,L3_GTCACTCTCCACCCTA,,
deepseek,721,1214,1935,640,1158,,,DeepSeekBackend,deepseek-v4-flash,1784120141.2877922,stage1_annotation,annotation,62956.0,L5_TAACCAGTCGGCCCAA,,
deepseek,721,1126,1847,640,1055,,,DeepSeekBackend,deepseek-v4-flash,1784120141.328073,stage1_annotation,annotation,118128.0,E2L5_CGGGTGTCAGGCCCTA,,
deepseek,721,440,1161,640,359,,,DeepSeekBackend,deepseek-v4-flash,1784120141.6548102,stage1_annotation,annotation,10697.0,L1_TCACGCTAGACCTTTG,,
deepseek,717,587,1304,640,479,,,DeepSeekBackend,deepseek-v4-flash,1784120141.911533,stage1_annotation,annotation,81309.0,E2L2_ATTCTTGGTTTACTTC,,
deepseek,721,1103,1824,640,1036,,,DeepSeekBackend,deepseek-v4-flash,1784120142.0686452,stage1_annotation,annotation,123469.0,E2L5_TCGGGTGAGGTGCAGT,,
deepseek,721,587,1308,640,517,,,DeepSeekBackend,deepseek-v4-flash,1784120142.1067638,stage1_annotation,annotation,63519.0,L5_TATCAGGCAGTGTACT,,
deepseek,717,686,1403,640,608,,,DeepSeekBackend,deepseek-v4-flash,1784120142.9779487,stage1_annotation,annotation,23219.0,L2_TAACCAGAGCCTTTCC,,
deepseek,717,646,1363,640,560,,,DeepSeekBackend,deepseek-v4-flash,1784120143.0582788,stage1_annotation,annotation,26087.0,L2_TTACGCCGTTACCCTC,,
deepseek,717,665,1382,640,603,,,DeepSeekBackend,deepseek-v4-flash,1784120143.5752997,stage1_annotation,annotation,152364.0,E2L8_ATGGAGGTCAAGGCTT,,
deepseek,717,527,1244,640,438,,,DeepSeekBackend,deepseek-v4-flash,1784120144.3761315,stage1_annotation,annotation,124201.0,E2L5_TGGAACTCAGGAGACT,,
deepseek,717,1271,1988,640,1191,,,DeepSeekBackend,deepseek-v4-flash,1784120146.1601748,stage1_annotation,annotation,63982.0,L5_TCAGTTTTCACCGGTG,,
deepseek,717,1038,1755,640,947,,,DeepSeekBackend,deepseek-v4-flash,1784120148.9415836,stage1_annotation,annotation,5818.0,L1_CTATCCGTCTCGCTTG,,
deepseek,721,1594,2315,640,1547,,,DeepSeekBackend,deepseek-v4-flash,1784120149.3158796,stage1_annotation,annotation,36137.0,L3_TAGGAGGGTACGATTC,,
deepseek,717,1199,1916,640,1116,,,DeepSeekBackend,deepseek-v4-flash,1784120151.2491126,stage1_annotation,annotation,34301.0,L3_GGCGTCACAAATTGCC,,
deepseek,721,2744,3465,640,2674,,,DeepSeekBackend,deepseek-v4-flash,1784120151.8599834,stage1_annotation,annotation,152134.0,E2L8_ATCCTATCAGGCATGA,,
deepseek,712,677,1389,0,672,,,DeepSeekBackend,deepseek-v4-flash,1784120158.8352282,stage1_annotation,annotation,113375.0,E2L4_TTTCGATTCTATGTGG,,
deepseek,712,756,1468,640,664,,,DeepSeekBackend,deepseek-v4-flash,1784120162.5339592,stage1_annotation,annotation,2632.0,L1_ATCACTTTCCAAATGC,,
deepseek,712,451,1163,640,372,,,DeepSeekBackend,deepseek-v4-flash,1784120164.741124,stage1_annotation,annotation,13487.0,L1_TTGTGTTAGTTTGTCG,,
deepseek,712,984,1696,640,898,,,DeepSeekBackend,deepseek-v4-flash,1784120165.8668091,stage1_annotation,annotation,138453.0,E2L7_ACAGAAATCTCGGTCT,,
deepseek,712,1005,1717,640,929,,,DeepSeekBackend,deepseek-v4-flash,1784120166.715291,stage1_annotation,annotation,159906.0,E2L8_TCTCACGTCTCAGAAC,,
deepseek,712,1193,1905,640,1095,,,DeepSeekBackend,deepseek-v4-flash,1784120168.1587453,stage1_annotation,annotation,129104.0,E2L6_CATCCCAGTACCGGCT,,
deepseek,712,1185,1897,640,1120,,,DeepSeekBackend,deepseek-v4-flash,1784120168.2180047,stage1_annotation,annotation,37777.0,L3_TGCTGAAGTTTGGAGG,,
deepseek,712,1541,2253,640,1450,,,DeepSeekBackend,deepseek-v4-flash,1784120168.3720353,stage1_annotation,annotation,62225.0,L5_GTCGTTCTCTGCCTGT,,
deepseek,712,1598,2310,0,1509,,,DeepSeekBackend,deepseek-v4-flash,1784120170.2724268,stage1_annotation,annotation,52074.0,L4_TTGGGATAGTGGTCAG,,
deepseek,712,1419,2131,640,1415,,,DeepSeekBackend,deepseek-v4-flash,1784120172.0899582,stage1_annotation,annotation,154888.0,E2L8_CTCAGTCAGGTCCTGC,,
deepseek,712,1759,2471,0,1675,,,DeepSeekBackend,deepseek-v4-flash,1784120172.989505,stage1_annotation,annotation,17821.0,L2_CATGGTAGTACTGCCG,,
deepseek,712,1686,2398,640,1682,,,DeepSeekBackend,deepseek-v4-flash,1784120175.1862628,stage1_annotation,annotation,40045.0,L4_ACCAACAGTACCCGCA,,
deepseek,712,1517,2229,640,1513,,,DeepSeekBackend,deepseek-v4-flash,1784120175.2354093,stage1_annotation,annotation,35646.0,L3_GTTGTAGTCGTTCGCT,,
deepseek,712,2172,2884,640,2167,,,DeepSeekBackend,deepseek-v4-flash,1784120178.0819952,stage1_annotation,annotation,107841.0,E2L4_GAGGCAATCCACGGAC,,
deepseek,713,1546,2259,0,1471,,,DeepSeekBackend,deepseek-v4-flash,1784120178.1234274,stage1_annotation,annotation,48533.0,L4_GTTGAACTCTCTAGGA,,
deepseek,712,2513,3225,0,2436,,,DeepSeekBackend,deepseek-v4-flash,1784120178.4902349,stage1_annotation,annotation,138895.0,E2L7_ACTGATGGTCTCTCAC,,
deepseek,712,1973,2685,640,1895,,,DeepSeekBackend,deepseek-v4-flash,1784120179.4600499,stage1_annotation,annotation,5267.0,L1_CGCCATTCACGACTAT,,
deepseek,713,985,1698,640,902,,,DeepSeekBackend,deepseek-v4-flash,1784120179.9502602,stage1_annotation,annotation,123577.0,E2L5_TCTACCGGTTAGCTAC,,
deepseek,713,845,1558,640,791,,,DeepSeekBackend,deepseek-v4-flash,1784120180.4664204,stage1_annotation,annotation,150979.0,E2L8_ACTGTCCTCGACGCGT,,
deepseek,712,1898,2610,640,1801,,,DeepSeekBackend,deepseek-v4-flash,1784120182.5451522,stage1_annotation,annotation,10464.0,L1_TATCGCCGTACAGCGA,,
deepseek,713,1084,1797,640,1002,,,DeepSeekBackend,deepseek-v4-flash,1784120182.5600002,stage1_annotation,annotation,64098.0,L5_TCATGTTGTGATTCTG,,
deepseek,713,1560,2273,640,1481,,,DeepSeekBackend,deepseek-v4-flash,1784120184.6069877,stage1_annotation,annotation,75350.0,E2L1_TAACACGGTGCATTAC,,
deepseek,713,347,1060,640,275,,,DeepSeekBackend,deepseek-v4-flash,1784120185.0373173,stage1_annotation,annotation,161190.0,E2L8_TTCCAATCAGGAATCG,,
deepseek,712,2180,2892,640,2093,,,DeepSeekBackend,deepseek-v4-flash,1784120186.1911643,stage1_annotation,annotation,138550.0,E2L7_ACCACAATCCGTGACG,,
deepseek,713,1215,1928,640,1149,,,DeepSeekBackend,deepseek-v4-flash,1784120186.3739424,stage1_annotation,annotation,42876.0,L4_CAGCAGCTCGGAGTAG,,
deepseek,713,634,1347,640,570,,,DeepSeekBackend,deepseek-v4-flash,1784120188.3519654,stage1_annotation,annotation,54875.0,L5_AGTAACCGTTGAAGTA,,
deepseek,712,2758,3470,640,2661,,,DeepSeekBackend,deepseek-v4-flash,1784120190.4160316,stage1_annotation,annotation,56402.0,L5_CACTGAACACCAGTTA,,
deepseek,713,1663,2376,640,1569,,,DeepSeekBackend,deepseek-v4-flash,1784120190.8829353,stage1_annotation,annotation,75669.0,E2L1_TAGACCATCTGGACTA,,
deepseek,712,2710,3422,640,2705,,,DeepSeekBackend,deepseek-v4-flash,1784120192.74965,stage1_annotation,annotation,26521.0,L2_TTGACCCGTCTTGAGT,,
deepseek,713,1690,2403,640,1581,,,DeepSeekBackend,deepseek-v4-flash,1784120193.522697,stage1_annotation,annotation,6565.0,L1_CTTGATTAGGAAGTAG,,
deepseek,713,1641,2354,640,1586,,,DeepSeekBackend,deepseek-v4-flash,1784120193.626343,stage1_annotation,annotation,47120.0,L4_GGGACAAAGGTAAACT,,
deepseek,715,578,1293,0,520,,,DeepSeekBackend,deepseek-v4-flash,1784120194.5597858,stage1_annotation,annotation,59002.0,L5_CTGATCCAGACCGCCT,,
deepseek,713,888,1601,640,818,,,DeepSeekBackend,deepseek-v4-flash,1784120195.4192874,stage1_annotation,annotation,93013.0,E2L3_ATGCGATGTATGACAA,,
deepseek,713,1256,1969,640,1172,,,DeepSeekBackend,deepseek-v4-flash,1784120195.4502935,stage1_annotation,annotation,2169.0,L1_AGGTCATCAGATGCGA,,
deepseek,713,1145,1858,640,1140,,,DeepSeekBackend,deepseek-v4-flash,1784120195.6784928,stage1_annotation,annotation,117839.0,E2L5_CGACAGCTCTCGGCTT,,
deepseek,715,377,1092,640,325,,,DeepSeekBackend,deepseek-v4-flash,1784120198.020857,stage1_annotation,annotation,124459.0,E2L5_TGTCCCACAATGCAGG,,
deepseek,713,1320,2033,640,1249,,,DeepSeekBackend,deepseek-v4-flash,1784120198.154552,stage1_annotation,annotation,156994.0,E2L8_GGCTTGGAGCGAATGC,,
deepseek,715,432,1147,640,387,,,DeepSeekBackend,deepseek-v4-flash,1784120198.6492164,stage1_annotation,annotation,61245.0,L5_GGCTTGGAGGTTCAGG,,
deepseek,715,311,1026,640,262,,,DeepSeekBackend,deepseek-v4-flash,1784120198.6663527,stage1_annotation,annotation,105415.0,E2L4_CATGCTCCATTGGATC,,
deepseek,715,715,1430,640,655,,,DeepSeekBackend,deepseek-v4-flash,1784120199.934384,stage1_annotation,annotation,155704.0,E2L8_GACATCAGTATGGTAA,,
deepseek,713,2014,2727,640,1953,,,DeepSeekBackend,deepseek-v4-flash,1784120202.5039263,stage1_annotation,annotation,26249.0,L2_TTCCAATAGTGTAGTA,,
deepseek,715,1186,1901,640,1120,,,DeepSeekBackend,deepseek-v4-flash,1784120203.987753,stage1_annotation,annotation,15624.0,L2_AGGACTTCAAGAGATT,,
deepseek,713,1952,2665,640,1947,,,DeepSeekBackend,deepseek-v4-flash,1784120203.992943,stage1_annotation,annotation,113394.0,E2L4_TTTGATCTCACGAGGA,,
deepseek,715,656,1371,640,603,,,DeepSeekBackend,deepseek-v4-flash,1784120204.8737833,stage1_annotation,annotation,62826.0,L5_GTTGCTCCAACTGAAA,,
deepseek,715,272,987,640,202,,,DeepSeekBackend,deepseek-v4-flash,1784120205.6539931,stage1_annotation,annotation,15869.0,L2_AGTAACCAGCAGCAGT,,
deepseek,715,411,1126,640,343,,,DeepSeekBackend,deepseek-v4-flash,1784120206.478852,stage1_annotation,annotation,9536.0,L1_GTGGTTAGTTCCGGTG,,
deepseek,715,417,1132,640,369,,,DeepSeekBackend,deepseek-v4-flash,1784120206.745262,stage1_annotation,annotation,36834.0,L3_TCCCATGCAGTATGAA,,
deepseek,713,443,1156,0,376,,,DeepSeekBackend,deepseek-v4-flash,1784120207.050516,stage1_annotation,annotation,117114.0,E2L5_CATTGAGAGAGGTCAC,,
deepseek,715,277,992,640,218,,,DeepSeekBackend,deepseek-v4-flash,1784120207.733626,stage1_annotation,annotation,69336.0,E2L1_ATCACTTGTCAATGGG,,
deepseek,715,379,1094,640,289,,,DeepSeekBackend,deepseek-v4-flash,1784120208.025099,stage1_annotation,annotation,9884.0,L1_TAACACGTCATTCGTT,,
deepseek,713,3346,4059,640,3342,,,DeepSeekBackend,deepseek-v4-flash,1784120208.4035752,stage1_annotation,annotation,28881.0,L3_AGGTAGGTCATGGTAC,,
deepseek,715,452,1167,640,409,,,DeepSeekBackend,deepseek-v4-flash,1784120210.3550098,stage1_annotation,annotation,146255.0,E2L7_GTTCATTGTCTCAGAT,,
deepseek,715,948,1663,640,898,,,DeepSeekBackend,deepseek-v4-flash,1784120211.0361135,stage1_annotation,annotation,14668.0,L2_ACCAACAAGGGAGAAT,,
deepseek,713,2268,2981,640,2210,,,DeepSeekBackend,deepseek-v4-flash,1784120211.2941706,stage1_annotation,annotation,140981.0,E2L7_CACTGGGTCACGGGCT,,
deepseek,715,667,1382,640,609,,,DeepSeekBackend,deepseek-v4-flash,1784120212.691605,stage1_annotation,annotation,38232.0,L3_TGTTGAGCACGACAAG,,
deepseek,715,552,1267,640,547,,,DeepSeekBackend,deepseek-v4-flash,1784120213.140402,stage1_annotation,annotation,52729.0,L5_AACCTGAAGCTCTATG,,
deepseek,713,839,1552,640,766,,,DeepSeekBackend,deepseek-v4-flash,1784120213.80682,stage1_annotation,annotation,108368.0,E2L4_GCCAGGTTCTGTCGTC,,
deepseek,713,587,1300,640,537,,,DeepSeekBackend,deepseek-v4-flash,1784120214.7833948,stage1_annotation,annotation,129079.0,E2L6_CATAGACTCGGTCTGG,,
deepseek,713,656,1369,640,568,,,DeepSeekBackend,deepseek-v4-flash,1784120215.1908898,stage1_annotation,annotation,113094.0,E2L4_TTGAGTGAGACATAGT,,
deepseek,713,939,1652,640,863,,,DeepSeekBackend,deepseek-v4-flash,1784120215.783575,stage1_annotation,annotation,83238.0,E2L2_CGGGTGTGTACTGTTG,,
deepseek,713,585,1298,640,541,,,DeepSeekBackend,deepseek-v4-flash,1784120216.485607,stage1_annotation,annotation,127272.0,E2L6_AGGCTGCAGAGTCAAT,,
deepseek,715,1043,1758,640,963,,,DeepSeekBackend,deepseek-v4-flash,1784120216.8624675,stage1_annotation,annotation,152387.0,E2L8_ATGGGAGTCTCGTGAA,,
deepseek,713,443,1156,640,367,,,DeepSeekBackend,deepseek-v4-flash,1784120216.8691175,stage1_annotation,annotation,84666.0,E2L2_GAGGGTAGTTTGAAAG,,
deepseek,713,926,1639,640,865,,,DeepSeekBackend,deepseek-v4-flash,1784120217.1458464,stage1_annotation,annotation,105471.0,E2L4_CATTCCGAGATGGCGT,,
deepseek,713,895,1608,640,822,,,DeepSeekBackend,deepseek-v4-flash,1784120218.06611,stage1_annotation,annotation,144837.0,E2L7_GGAATCTAGGATTCCT,,
deepseek,713,716,1429,640,641,,,DeepSeekBackend,deepseek-v4-flash,1784120218.1516733,stage1_annotation,annotation,87884.0,E2L2_TCACGGGTCTTGCAGA,,
deepseek,713,1145,1858,640,1138,,,DeepSeekBackend,deepseek-v4-flash,1784120219.0977566,stage1_annotation,annotation,123541.0,E2L5_TCTAACTAGTGCACTT,,
deepseek,715,2014,2729,640,1940,,,DeepSeekBackend,deepseek-v4-flash,1784120219.3972912,stage1_annotation,annotation,48357.0,L4_GTGTGGCTCGCTTGCT,,
deepseek,715,1230,1945,640,1162,,,DeepSeekBackend,deepseek-v4-flash,1784120219.9124289,stage1_annotation,annotation,89568.0,E2L2_TGTCCACCATCCGGCA,,
deepseek,715,1354,2069,640,1283,,,DeepSeekBackend,deepseek-v4-flash,1784120220.186209,stage1_annotation,annotation,100314.0,E2L3_TGAATGCAGTTACGTC,,
deepseek,713,3538,4251,640,3461,,,DeepSeekBackend,deepseek-v4-flash,1784120221.1073647,stage1_annotation,annotation,20637.0,L2_GAGTCTACATTGTCGA,,
deepseek,713,1401,2114,640,1319,,,DeepSeekBackend,deepseek-v4-flash,1784120222.2731438,stage1_annotation,annotation,104479.0,E2L4_ATTACCTAGATACAGT,,
deepseek,713,816,1529,640,809,,,DeepSeekBackend,deepseek-v4-flash,1784120222.4163587,stage1_annotation,annotation,1209.0,L1_ACGTAGTGTAATTAGG,,
deepseek,713,675,1388,640,594,,,DeepSeekBackend,deepseek-v4-flash,1784120223.5204842,stage1_annotation,annotation,127301.0,E2L6_AGGGAGTTCCGAGTGC,,
deepseek,713,1656,2369,640,1532,,,DeepSeekBackend,deepseek-v4-flash,1784120226.303598,stage1_annotation,annotation,53200.0,L5_AATTCCTAGAACGCGT,,
deepseek,713,1033,1746,640,938,,,DeepSeekBackend,deepseek-v4-flash,1784120226.9904535,stage1_annotation,annotation,28052.0,L3_ACGTCCTCATCCGTGG,,
deepseek,721,1096,1817,640,1021,,,DeepSeekBackend,deepseek-v4-flash,1784120232.3745916,stage1_annotation,annotation,13245.0,L1_TTCTAGTTCGACATAC,,
deepseek,713,2269,2982,640,2188,,,DeepSeekBackend,deepseek-v4-flash,1784120234.2784545,stage1_annotation,annotation,38307.0,L3_TTACCGCAGCCAGTAG,,
deepseek,713,1717,2430,640,1710,,,DeepSeekBackend,deepseek-v4-flash,1784120234.6415157,stage1_annotation,annotation,55993.0,L5_CAAAGAACACCCTATC,,
deepseek,713,2134,2847,640,2131,,,DeepSeekBackend,deepseek-v4-flash,1784120237.6941361,stage1_annotation,annotation,92170.0,E2L3_AGCTTCCCACAATGTC,,
deepseek,713,2014,2727,640,2011,,,DeepSeekBackend,deepseek-v4-flash,1784120238.1817834,stage1_annotation,annotation,62759.0,L5_GTTCGCTAGTACAGAT,,
deepseek,721,806,1527,640,711,,,DeepSeekBackend,deepseek-v4-flash,1784120238.4351203,stage1_annotation,annotation,24955.0,L2_TCTTCCTAGCCTCTTC,,
deepseek,721,1859,2580,0,1786,,,DeepSeekBackend,deepseek-v4-flash,1784120241.634443,stage1_annotation,annotation,45490.0,L4_GAAATGACATATTCGG,,
deepseek,721,1563,2284,640,1474,,,DeepSeekBackend,deepseek-v4-flash,1784120242.2198548,stage1_annotation,annotation,106623.0,E2L4_CTACATTCATAGTCAC,,
deepseek,721,1683,2404,640,1603,,,DeepSeekBackend,deepseek-v4-flash,1784120243.0954645,stage1_annotation,annotation,123428.0,E2L5_TCGCTTGGTTCTGAGT,,
deepseek,721,1849,2570,640,1844,,,DeepSeekBackend,deepseek-v4-flash,1784120243.4516077,stage1_annotation,annotation,58793.0,L5_CTCCACATCTCGGTCT,,
deepseek,721,2445,3166,640,2385,,,DeepSeekBackend,deepseek-v4-flash,1784120245.431736,stage1_annotation,annotation,32084.0,L3_CTACCTGGTGCATGTT,,
deepseek,717,434,1151,0,350,,,DeepSeekBackend,deepseek-v4-flash,1784120247.5511816,stage1_annotation,annotation,103904.0,E2L4_AGTGACTCAGGTATGG,,
deepseek,721,2281,3002,640,2204,,,DeepSeekBackend,deepseek-v4-flash,1784120249.9721267,stage1_annotation,annotation,76554.0,E2L1_TCGATTTAGGAAAGGT,,
deepseek,721,2184,2905,640,2179,,,DeepSeekBackend,deepseek-v4-flash,1784120250.6391697,stage1_annotation,annotation,127716.0,E2L6_ATAGAGAAGCCGTCGT,,
deepseek,717,753,1470,0,673,,,DeepSeekBackend,deepseek-v4-flash,1784120252.055129,stage1_annotation,annotation,93285.0,E2L3_ATTTCACTCGCCGTGA,,
deepseek,717,483,1200,640,479,,,DeepSeekBackend,deepseek-v4-flash,1784120252.3537357,stage1_annotation,annotation,140655.0,E2L7_CAACCTCCAGCTGAGA,,
deepseek,721,2877,3598,640,2783,,,DeepSeekBackend,deepseek-v4-flash,1784120253.2384732,stage1_annotation,annotation,39192.0,L4_AAAGGGCTCCTTATCA,,
deepseek,721,2568,3289,0,2512,,,DeepSeekBackend,deepseek-v4-flash,1784120253.4451745,stage1_annotation,annotation,136750.0,E2L6_TGTGTGAAGCCATATC,,
deepseek,721,1884,2605,640,1790,,,DeepSeekBackend,deepseek-v4-flash,1784120253.5345502,stage1_annotation,annotation,145909.0,E2L7_GTGAGCCGTAGCTCGC,,
deepseek,717,567,1284,640,456,,,DeepSeekBackend,deepseek-v4-flash,1784120253.9307363,stage1_annotation,annotation,159410.0,E2L8_TCCATGCCATACTGTG,,
deepseek,717,620,1337,640,548,,,DeepSeekBackend,deepseek-v4-flash,1784120256.016564,stage1_annotation,annotation,76840.0,E2L1_TCTGCCACACACCGAC,,
deepseek,717,749,1466,640,664,,,DeepSeekBackend,deepseek-v4-flash,1784120257.28238,stage1_annotation,annotation,96144.0,E2L3_GACCGTGCATAATGAG,,
deepseek,721,1479,2200,640,1413,,,DeepSeekBackend,deepseek-v4-flash,1784120259.2230847,stage1_annotation,annotation,29986.0,L3_CAAGCTAGTATCAGGG,,
deepseek,717,633,1350,640,578,,,DeepSeekBackend,deepseek-v4-flash,1784120259.2334993,stage1_annotation,annotation,36899.0,L3_TCCTCCCTCCTCTCGA,,
deepseek,717,619,1336,640,542,,,DeepSeekBackend,deepseek-v4-flash,1784120259.69276,stage1_annotation,annotation,65910.0,L5_TGTGGCGCATTGCAAC,,
deepseek,721,2190,2911,640,2186,,,DeepSeekBackend,deepseek-v4-flash,1784120262.0902143,stage1_annotation,annotation,8032.0,L1_GCTGCAGGTTCTCACC,,
deepseek,717,248,965,0,199,,,DeepSeekBackend,deepseek-v4-flash,1784120263.2533176,stage1_annotation,annotation,127172.0,E2L6_AGGAAATTCCGATGTA,,
deepseek,721,3053,3774,640,3050,,,DeepSeekBackend,deepseek-v4-flash,1784120264.2702067,stage1_annotation,annotation,159633.0,E2L8_TCGAAGTCATGATGCT,,
deepseek,717,154,871,640,95,,,DeepSeekBackend,deepseek-v4-flash,1784120264.5850127,stage1_annotation,annotation,79944.0,E2L2_AGACCCGTCGCTTGAA,,
deepseek,717,602,1319,640,527,,,DeepSeekBackend,deepseek-v4-flash,1784120264.798296,stage1_annotation,annotation,90208.0,E2L2_TTGAGTGCAGTTTCGA,,
deepseek,717,161,878,640,95,,,DeepSeekBackend,deepseek-v4-flash,1784120265.5553315,stage1_annotation,annotation,122483.0,E2L5_TAGGTACAGCCTATTG,,
deepseek,721,3321,4042,640,3234,,,DeepSeekBackend,deepseek-v4-flash,1784120265.5989342,stage1_annotation,annotation,19326.0,L2_CTATAGGGTTAGCGGA,,
deepseek,717,601,1318,640,529,,,DeepSeekBackend,deepseek-v4-flash,1784120266.0546536,stage1_annotation,annotation,146216.0,E2L7_GTTAGACGTGCCCTTT,,
deepseek,717,815,1532,640,737,,,DeepSeekBackend,deepseek-v4-flash,1784120266.2860289,stage1_annotation,annotation,124055.0,E2L5_TGCATGAAGCGTATAA,,
deepseek,717,180,897,640,120,,,DeepSeekBackend,deepseek-v4-flash,1784120267.1435225,stage1_annotation,annotation,95626.0,E2L3_CTGCATCAGGCTCCCA,,
deepseek,717,617,1334,640,519,,,DeepSeekBackend,deepseek-v4-flash,1784120267.3709414,stage1_annotation,annotation,116096.0,E2L5_ATTCACTTCCTCTTTC,,
deepseek,721,3351,4072,640,3268,,,DeepSeekBackend,deepseek-v4-flash,1784120267.6164494,stage1_annotation,annotation,34243.0,L3_GGATCTAAGCTGTTAC,,
deepseek,717,515,1232,640,454,,,DeepSeekBackend,deepseek-v4-flash,1784120267.8256137,stage1_annotation,annotation,144126.0,E2L7_GATCACACAAAGAGTT,,
deepseek,717,317,1034,640,269,,,DeepSeekBackend,deepseek-v4-flash,1784120267.8299103,stage1_annotation,annotation,101573.0,E2L3_TTGCTGCGTAATCAGA,,
deepseek,717,177,894,640,128,,,DeepSeekBackend,deepseek-v4-flash,1784120267.89396,stage1_annotation,annotation,144736.0,E2L7_GCTGAATGTTCGAAGG,,
deepseek,717,738,1455,640,656,,,DeepSeekBackend,deepseek-v4-flash,1784120268.1930377,stage1_annotation,annotation,81605.0,E2L2_CACACAATCTGAGAGG,,
deepseek,717,465,1182,640,404,,,DeepSeekBackend,deepseek-v4-flash,1784120268.8583677,stage1_annotation,annotation,133796.0,E2L6_GTCTTTACAATCCTAG,,
deepseek,717,735,1452,640,652,,,DeepSeekBackend,deepseek-v4-flash,1784120268.8637524,stage1_annotation,annotation,137289.0,E2L6_TTGAGTGAGGTGCGAT,,
deepseek,717,203,920,640,138,,,DeepSeekBackend,deepseek-v4-flash,1784120268.8656385,stage1_annotation,annotation,14287.0,L2_AAGTCGTGTCGTATTG,,
deepseek,717,309,1026,640,236,,,DeepSeekBackend,deepseek-v4-flash,1784120268.8721974,stage1_annotation,annotation,114282.0,E2L5_ACCATTTTCGGCATAT,,
deepseek,717,250,967,640,188,,,DeepSeekBackend,deepseek-v4-flash,1784120269.2299054,stage1_annotation,annotation,155361.0,E2L8_CTTAGGAGTAGAGGAA,,
deepseek,717,142,859,640,86,,,DeepSeekBackend,deepseek-v4-flash,1784120269.489081,stage1_annotation,annotation,128421.0,E2L6_CAAAGAAGTTGGGCCT,,
deepseek,717,234,951,640,184,,,DeepSeekBackend,deepseek-v4-flash,1784120270.391733,stage1_annotation,annotation,33223.0,L3_GAGAGGTGTATCACCA,,
deepseek,717,181,898,640,130,,,DeepSeekBackend,deepseek-v4-flash,1784120270.444943,stage1_annotation,annotation,19134.0,L2_CGTTAGAGTCTGCATA,,
deepseek,721,3726,4447,640,3644,,,DeepSeekBackend,deepseek-v4-flash,1784120270.6727386,stage1_annotation,annotation,152811.0,E2L8_CAATCGACACTCAAGT,,
deepseek,717,202,919,640,151,,,DeepSeekBackend,deepseek-v4-flash,1784120270.9126954,stage1_annotation,annotation,92341.0,E2L3_AGGGTTTGTTCAGTAC,,
deepseek,717,265,982,640,212,,,DeepSeekBackend,deepseek-v4-flash,1784120271.2177815,stage1_annotation,annotation,120178.0,E2L5_GCCCAGAAGACCAGAC,,
deepseek,721,2599,3320,640,2513,,,DeepSeekBackend,deepseek-v4-flash,1784120271.3445916,stage1_annotation,annotation,40463.0,L4_ACTGATGGTTCGATTG,,
deepseek,717,420,1137,640,375,,,DeepSeekBackend,deepseek-v4-flash,1784120271.4783545,stage1_annotation,annotation,88438.0,E2L2_TCGACGGTCAAACCCA,,
deepseek,717,262,979,640,204,,,DeepSeekBackend,deepseek-v4-flash,1784120271.853969,stage1_annotation,annotation,121317.0,E2L5_GTCAAGTTCTCCCATG,,
deepseek,717,248,965,640,159,,,DeepSeekBackend,deepseek-v4-flash,1784120272.4379625,stage1_annotation,annotation,42687.0,L4_CACGTGGAGTCATCGT,,
deepseek,717,264,981,640,209,,,DeepSeekBackend,deepseek-v4-flash,1784120272.5501876,stage1_annotation,annotation,141622.0,E2L7_CCACGTTCAAGTTTGC,,
deepseek,730,282,1012,0,222,,,DeepSeekBackend,deepseek-v4-flash,1784120272.611019,stage1_annotation,annotation,23815.0,L2_TATTGCTGTTAAACCC,,
deepseek,717,329,1046,640,253,,,DeepSeekBackend,deepseek-v4-flash,1784120272.6645381,stage1_annotation,annotation,124007.0,E2L5_TGCAGATTCTCAGTCC,,
deepseek,717,492,1209,640,441,,,DeepSeekBackend,deepseek-v4-flash,1784120273.039051,stage1_annotation,annotation,128601.0,E2L6_CAATCGATCGATTCCC,,
deepseek,730,391,1121,0,321,,,DeepSeekBackend,deepseek-v4-flash,1784120273.1652148,stage1_annotation,annotation,18588.0,L2_CCTTTGGTCTGGACCG,,
deepseek,721,2827,3548,640,2776,,,DeepSeekBackend,deepseek-v4-flash,1784120273.251797,stage1_annotation,annotation,125339.0,E2L5_TTTAGTCGTTAACCTG,,
deepseek,717,1069,1786,640,999,,,DeepSeekBackend,deepseek-v4-flash,1784120273.5516534,stage1_annotation,annotation,8590.0,L1_GGGTTATTCTGGTCAA,,
deepseek,717,1127,1844,640,1057,,,DeepSeekBackend,deepseek-v4-flash,1784120274.0402644,stage1_annotation,annotation,132413.0,E2L6_GCCAGGTCACTGTTCC,,
deepseek,730,275,1005,640,209,,,DeepSeekBackend,deepseek-v4-flash,1784120274.072017,stage1_annotation,annotation,39282.0,L4_AACAACCTCAACCCGG,,
deepseek,730,434,1164,0,377,,,DeepSeekBackend,deepseek-v4-flash,1784120274.2806194,stage1_annotation,annotation,145486.0,E2L7_GTAATCGTCAGACCGC,,
deepseek,730,365,1095,640,278,,,DeepSeekBackend,deepseek-v4-flash,1784120275.101814,stage1_annotation,annotation,13294.0,L1_TTCTTGACAATAACGA,,
deepseek,730,384,1114,640,326,,,DeepSeekBackend,deepseek-v4-flash,1784120275.2648664,stage1_annotation,annotation,12655.0,L1_TGTCCTGCAACTGCCG,,
deepseek,730,336,1066,640,332,,,DeepSeekBackend,deepseek-v4-flash,1784120275.6946282,stage1_annotation,annotation,72294.0,E2L1_CTGATCCGTAGCGTCC,,
deepseek,717,890,1607,640,813,,,DeepSeekBackend,deepseek-v4-flash,1784120275.7287006,stage1_annotation,annotation,49199.0,L4_TATCGCCTCGACACCG,,
deepseek,730,356,1086,640,296,,,DeepSeekBackend,deepseek-v4-flash,1784120275.7638178,stage1_annotation,annotation,23918.0,L2_TCACAAGTCCTCATAT,,
deepseek,730,378,1108,640,374,,,DeepSeekBackend,deepseek-v4-flash,1784120276.1543055,stage1_annotation,annotation,33971.0,L3_GCGTGCAAGTAGGATT,,
deepseek,730,397,1127,640,346,,,DeepSeekBackend,deepseek-v4-flash,1784120276.9911754,stage1_annotation,annotation,18386.0,L2_CCTATCGGTATCTCTT,,
deepseek,730,506,1236,640,401,,,DeepSeekBackend,deepseek-v4-flash,1784120277.2168837,stage1_annotation,annotation,57669.0,L5_CCTCCTCTCACCTTGC,,
deepseek,730,421,1151,640,332,,,DeepSeekBackend,deepseek-v4-flash,1784120277.5632825,stage1_annotation,annotation,155480.0,E2L8_CTTTCAAAGGCACGAT,,
deepseek,730,448,1178,640,384,,,DeepSeekBackend,deepseek-v4-flash,1784120277.5679083,stage1_annotation,annotation,14599.0,L2_ACATCCCCAGCTGAGA,,
deepseek,730,384,1114,640,320,,,DeepSeekBackend,deepseek-v4-flash,1784120277.5896218,stage1_annotation,annotation,26043.0,L2_TTACAGGGTTCGGTAT,,
deepseek,730,303,1033,640,230,,,DeepSeekBackend,deepseek-v4-flash,1784120277.6528997,stage1_annotation,annotation,155438.0,E2L8_CTTCTCTAGTATAGGT,,
deepseek,730,322,1052,640,268,,,DeepSeekBackend,deepseek-v4-flash,1784120277.8406556,stage1_annotation,annotation,30861.0,L3_CCACAAAAGAGGGCGA,,
deepseek,717,1236,1953,640,1149,,,DeepSeekBackend,deepseek-v4-flash,1784120278.1003313,stage1_annotation,annotation,91900.0,E2L3_AGACACTCAAACAGGC,,
deepseek,730,461,1191,640,405,,,DeepSeekBackend,deepseek-v4-flash,1784120278.1136396,stage1_annotation,annotation,39538.0,L4_AAGATAGTCGCGATCG,,
deepseek,730,489,1219,640,433,,,DeepSeekBackend,deepseek-v4-flash,1784120278.7787242,stage1_annotation,annotation,124470.0,E2L5_TGTCCTGGTTGGAGAC,,
deepseek,730,417,1147,640,348,,,DeepSeekBackend,deepseek-v4-flash,1784120278.8397775,stage1_annotation,annotation,52517.0,L5_AAAGGTACACGCGCTA,,
deepseek,730,749,1479,640,673,,,DeepSeekBackend,deepseek-v4-flash,1784120280.5142727,stage1_annotation,annotation,151229.0,E2L8_AGAGCAGAGTTGTCGT,,
deepseek,718,677,1395,0,638,,,DeepSeekBackend,deepseek-v4-flash,1784120282.2259123,stage1_annotation,annotation,83461.0,E2L2_CTACCCACAGTTAGGG,,
deepseek,718,378,1096,640,312,,,DeepSeekBackend,deepseek-v4-flash,1784120283.0616195,stage1_annotation,annotation,8644.0,L1_GGTAGAGCACACCAGC,,
deepseek,718,774,1492,0,688,,,DeepSeekBackend,deepseek-v4-flash,1784120283.097111,stage1_annotation,annotation,55605.0,L5_ATGCGATTCCAGTGCG,,
deepseek,718,559,1277,640,497,,,DeepSeekBackend,deepseek-v4-flash,1784120284.3305237,stage1_annotation,annotation,53539.0,L5_ACCCTCAAGAGGCGTT,,
deepseek,718,380,1098,640,299,,,DeepSeekBackend,deepseek-v4-flash,1784120284.4564874,stage1_annotation,annotation,8477.0,L1_GGGCTCAGTCTGTAGT,,
deepseek,718,687,1405,640,638,,,DeepSeekBackend,deepseek-v4-flash,1784120284.4913878,stage1_annotation,annotation,67052.0,L5_TTTGGAGGTGGTGATG,,
deepseek,718,639,1357,640,635,,,DeepSeekBackend,deepseek-v4-flash,1784120285.2637215,stage1_annotation,annotation,42109.0,L4_ATGTCTTCAGAAGCTG,,
deepseek,718,741,1459,640,663,,,DeepSeekBackend,deepseek-v4-flash,1784120285.6723976,stage1_annotation,annotation,49784.0,L4_TCCCACACATGCAGCC,,
deepseek,718,619,1337,640,559,,,DeepSeekBackend,deepseek-v4-flash,1784120286.2377284,stage1_annotation,annotation,35883.0,L3_TACCCGTCAGTGGCTC,,
deepseek,718,669,1387,640,584,,,DeepSeekBackend,deepseek-v4-flash,1784120286.5937712,stage1_annotation,annotation,98640.0,E2L3_TAACGACAGCCTTTGA,,
deepseek,718,700,1418,640,627,,,DeepSeekBackend,deepseek-v4-flash,1784120286.6975527,stage1_annotation,annotation,38438.0,L3_TTCAATCTCGGTGTTA,,
deepseek,722,693,1415,640,603,,,DeepSeekBackend,deepseek-v4-flash,1784120292.0428123,stage1_annotation,annotation,89000.0,E2L2_TGAGTCAGTCCTTAAG,,
deepseek,718,1318,2036,640,1246,,,DeepSeekBackend,deepseek-v4-flash,1784120292.572878,stage1_annotation,annotation,44537.0,L4_CTAACTTGTTGTGGAG,,
deepseek,718,1741,2459,640,1642,,,DeepSeekBackend,deepseek-v4-flash,1784120297.2566128,stage1_annotation,annotation,10570.0,L1_TCAAGACAGGCACTAG,,
deepseek,722,424,1146,640,352,,,DeepSeekBackend,deepseek-v4-flash,1784120298.3167908,stage1_annotation,annotation,104650.0,E2L4_ATTTCACTCTATCGTT,,
deepseek,718,1544,2262,640,1541,,,DeepSeekBackend,deepseek-v4-flash,1784120299.6431367,stage1_annotation,annotation,123550.0,E2L5_TCTAACTTCCTCGCAT,,
deepseek,718,2123,2841,640,2120,,,DeepSeekBackend,deepseek-v4-flash,1784120302.8281944,stage1_annotation,annotation,11418.0,L1_TCGGGACAGCTACGTT,,
deepseek,718,2547,3265,640,2543,,,DeepSeekBackend,deepseek-v4-flash,1784120305.0216277,stage1_annotation,annotation,43714.0,L4_CCGGTGACACACAGCC,,
deepseek,718,2949,3667,640,2946,,,DeepSeekBackend,deepseek-v4-flash,1784120306.6850767,stage1_annotation,annotation,41436.0,L4_AGTCTCCAGCCACAAG,,
deepseek,722,1203,1925,640,1136,,,DeepSeekBackend,deepseek-v4-flash,1784120308.1097453,stage1_annotation,annotation,145306.0,E2L7_GGTCACGCAGTTGAAA,,
deepseek,722,1808,2530,640,1755,,,DeepSeekBackend,deepseek-v4-flash,1784120308.3305566,stage1_annotation,annotation,129230.0,E2L6_CATGGTAAGTCGAAGC,,
deepseek,722,947,1669,640,886,,,DeepSeekBackend,deepseek-v4-flash,1784120309.0109458,stage1_annotation,annotation,71794.0,E2L1_CGTTAGACACACGTGC,,
deepseek,718,2753,3471,640,2749,,,DeepSeekBackend,deepseek-v4-flash,1784120310.5674865,stage1_annotation,annotation,61719.0,L5_GGTTCTCGTTCCAGGC,,
deepseek,722,2357,3079,0,2354,,,DeepSeekBackend,deepseek-v4-flash,1784120314.2113287,stage1_annotation,annotation,24812.0,L2_TCTACATTCCTGTTGC,,
deepseek,718,3379,4097,640,3376,,,DeepSeekBackend,deepseek-v4-flash,1784120315.2322657,stage1_annotation,annotation,45808.0,L4_GACTTCCAGGGTGGGA,,
deepseek,718,3034,3752,640,2948,,,DeepSeekBackend,deepseek-v4-flash,1784120315.8958945,stage1_annotation,annotation,13631.0,L1_TTTCAGTTCCATACTT,,
deepseek,722,2612,3334,640,2484,,,DeepSeekBackend,deepseek-v4-flash,1784120317.0913446,stage1_annotation,annotation,6012.0,L1_CTCCCAAAGAGTCGAC,,
deepseek,722,1112,1834,640,1033,,,DeepSeekBackend,deepseek-v4-flash,1784120318.0996137,stage1_annotation,annotation,157008.0,E2L8_GGCTTGGTCAAGTAAG,,
deepseek,722,2567,3289,640,2564,,,DeepSeekBackend,deepseek-v4-flash,1784120318.483766,stage1_annotation,annotation,114471.0,E2L5_ACGTAGTTCCGACGGT,,
deepseek,722,3120,3842,640,3117,,,DeepSeekBackend,deepseek-v4-flash,1784120324.508076,stage1_annotation,annotation,81719.0,E2L2_CACTAAGAGTTCAACC,,
deepseek,722,3221,3943,640,3218,,,DeepSeekBackend,deepseek-v4-flash,1784120325.0953512,stage1_annotation,annotation,71477.0,E2L1_CGATGGCGTGTTGACT,,
deepseek,722,3210,3932,640,3207,,,DeepSeekBackend,deepseek-v4-flash,1784120327.2155936,stage1_annotation,annotation,81942.0,E2L2_CAGTGCGGTATGAGCG,,
deepseek,723,1619,2342,0,1565,,,DeepSeekBackend,deepseek-v4-flash,1784120327.4034343,stage1_annotation,annotation,19706.0,L2_CTGATCCCAACATCGT,,
deepseek,722,1798,2520,640,1795,,,DeepSeekBackend,deepseek-v4-flash,1784120328.1064456,stage1_annotation,annotation,40100.0,L4_ACCCTCATCACCGGGT,,
deepseek,723,1149,1872,640,1074,,,DeepSeekBackend,deepseek-v4-flash,1784120330.6275983,stage1_annotation,annotation,17078.0,L2_CAAGACTTCAAGAGTA,,
deepseek,723,1515,2238,640,1512,,,DeepSeekBackend,deepseek-v4-flash,1784120331.2616596,stage1_annotation,annotation,106770.0,E2L4_CTCAATTAGAAACTCA,,
deepseek,722,2777,3499,640,2683,,,DeepSeekBackend,deepseek-v4-flash,1784120332.3133113,stage1_annotation,annotation,151971.0,E2L8_ATACCTTTCCTGTAAG,,
deepseek,722,2368,3090,640,2365,,,DeepSeekBackend,deepseek-v4-flash,1784120335.356434,stage1_annotation,annotation,19161.0,L2_CGTTGGGCACATGGTT,,
deepseek,722,4096,4818,640,4096,,,DeepSeekBackend,deepseek-v4-flash,1784120336.3950465,stage1_annotation,annotation,160458.0,E2L8_TGCTGAATCATCTATC,,
deepseek,722,4097,4819,640,4097,,,DeepSeekBackend,deepseek-v4-flash,1784120336.6472156,stage1_annotation,annotation,86295.0,E2L2_GTAGTACCAAGTTCCA,,
deepseek,722,4096,4818,640,4096,,,DeepSeekBackend,deepseek-v4-flash,1784120337.471839,stage1_annotation,annotation,101433.0,E2L3_TTCTAGTCAACCACGC,,
deepseek,723,1520,2243,640,1446,,,DeepSeekBackend,deepseek-v4-flash,1784120338.2863734,stage1_annotation,annotation,99686.0,E2L3_TCCCACAGTGAGTAGC,,
deepseek,723,2331,3054,640,2328,,,DeepSeekBackend,deepseek-v4-flash,1784120340.4445717,stage1_annotation,annotation,18049.0,L2_CCACTTGAGTACAGCG,,
deepseek,723,2360,3083,640,2357,,,DeepSeekBackend,deepseek-v4-flash,1784120342.6002612,stage1_annotation,annotation,61838.0,L5_GTACAACGTACTGCGC,,
deepseek,758,514,1272,640,443,,,DeepSeekBackend,deepseek-v4-flash,1784120342.923441,stage1_annotation,annotation,86295.0,E2L2_GTAGTACCAAGTTCCA,,
deepseek,723,2024,2747,640,2021,,,DeepSeekBackend,deepseek-v4-flash,1784120343.4346364,stage1_annotation,annotation,59130.0,L5_CTGGACGCAGTAACGG,,
deepseek,723,1576,2299,640,1508,,,DeepSeekBackend,deepseek-v4-flash,1784120344.9620507,stage1_annotation,annotation,34476.0,L3_GGGCTACAGAGGGCGA,,
deepseek,723,1289,2012,640,1286,,,DeepSeekBackend,deepseek-v4-flash,1784120347.1596491,stage1_annotation,annotation,149109.0,E2L7_TTCACCGTCCGCAAAT,,
deepseek,722,4096,4818,640,4096,,,DeepSeekBackend,deepseek-v4-flash,1784120348.5221496,stage1_annotation,annotation,117758.0,E2L5_CCTGCATTCGTCGGGT,,
deepseek,723,1523,2246,640,1454,,,DeepSeekBackend,deepseek-v4-flash,1784120349.4474509,stage1_annotation,annotation,144073.0,E2L7_GAGTTACGTAATACCC,,
deepseek,723,1113,1836,640,1017,,,DeepSeekBackend,deepseek-v4-flash,1784120350.153655,stage1_annotation,annotation,42278.0,L4_ATTGGGTAGCGAGGAG,,
deepseek,723,1614,2337,640,1560,,,DeepSeekBackend,deepseek-v4-flash,1784120350.8958771,stage1_annotation,annotation,34742.0,L3_GGTTCTCTCAACGAGG,,
deepseek,758,1312,2070,640,1243,,,DeepSeekBackend,deepseek-v4-flash,1784120353.027998,stage1_annotation,annotation,160458.0,E2L8_TGCTGAATCATCTATC,,
deepseek,723,4096,4819,640,4081,,,DeepSeekBackend,deepseek-v4-flash,1784120354.5987654,stage1_annotation,annotation,94593.0,E2L3_CCTCTCCAGCAGGCTA,,
deepseek,758,1357,2115,640,1311,,,DeepSeekBackend,deepseek-v4-flash,1784120354.8143547,stage1_annotation,annotation,101433.0,E2L3_TTCTAGTCAACCACGC,,
deepseek,722,4096,4818,640,4096,,,DeepSeekBackend,deepseek-v4-flash,1784120354.8667269,stage1_annotation,annotation,25281.0,L2_TGCACGGTCTGCATGA,,
deepseek,723,2389,3112,640,2317,,,DeepSeekBackend,deepseek-v4-flash,1784120357.2050564,stage1_annotation,annotation,14428.0,L2_AATGGAATCCCAGTGG,,
deepseek,723,2218,2941,640,2117,,,DeepSeekBackend,deepseek-v4-flash,1784120357.7981546,stage1_annotation,annotation,39947.0,L4_ACAGAAATCCATGCAA,,
deepseek,723,4096,4819,640,4096,,,DeepSeekBackend,deepseek-v4-flash,1784120360.321864,stage1_annotation,annotation,29212.0,L3_ATCACAGGTTGTAGCT,,
deepseek,723,973,1696,0,892,,,DeepSeekBackend,deepseek-v4-flash,1784120361.2753193,stage1_annotation,annotation,25377.0,L2_TGCGACGAGATTCGAA,,
deepseek,723,1156,1879,640,1057,,,DeepSeekBackend,deepseek-v4-flash,1784120362.29128,stage1_annotation,annotation,6614.0,L1_GAAACCTTCGCCAACG,,
deepseek,758,1105,1863,640,1032,,,DeepSeekBackend,deepseek-v4-flash,1784120363.1189218,stage1_annotation,annotation,117758.0,E2L5_CCTGCATTCGTCGGGT,,
deepseek,723,483,1206,640,429,,,DeepSeekBackend,deepseek-v4-flash,1784120363.150328,stage1_annotation,annotation,63159.0,L5_TACCCGTCAGCGCGTT,,
deepseek,723,1062,1785,640,969,,,DeepSeekBackend,deepseek-v4-flash,1784120363.9791708,stage1_annotation,annotation,84815.0,E2L2_GATCATGGTAACGGTG,,
deepseek,723,2155,2878,640,2152,,,DeepSeekBackend,deepseek-v4-flash,1784120364.2270648,stage1_annotation,annotation,92254.0,E2L3_AGGCATTCAAGCGAAC,,
deepseek,723,3089,3812,640,3026,,,DeepSeekBackend,deepseek-v4-flash,1784120364.321123,stage1_annotation,annotation,49141.0,L4_TATACCTGTAGATGTA,,
deepseek,723,924,1647,640,922,,,DeepSeekBackend,deepseek-v4-flash,1784120365.75632,stage1_annotation,annotation,96706.0,E2L3_GCAGGCTAGGTTGACG,,
deepseek,723,487,1210,640,485,,,DeepSeekBackend,deepseek-v4-flash,1784120367.1979475,stage1_annotation,annotation,82617.0,E2L2_CCGGGTACATGACAGG,,
deepseek,723,2463,3186,640,2385,,,DeepSeekBackend,deepseek-v4-flash,1784120367.8638206,stage1_annotation,annotation,9197.0,L1_GTCCTCAGTGTTTACG,,
deepseek,723,3203,3926,640,3132,,,DeepSeekBackend,deepseek-v4-flash,1784120368.1789784,stage1_annotation,annotation,70951.0,E2L1_CCCGGAATCGTGACTA,,
deepseek,723,1142,1865,640,1139,,,DeepSeekBackend,deepseek-v4-flash,1784120369.6871238,stage1_annotation,annotation,122322.0,E2L5_TACGGGCGTGACTAAA,,
deepseek,723,1271,1994,640,1176,,,DeepSeekBackend,deepseek-v4-flash,1784120372.4196572,stage1_annotation,annotation,80854.0,E2L2_ATCCGTCGTTGCAAGG,,
deepseek,723,1007,1730,640,929,,,DeepSeekBackend,deepseek-v4-flash,1784120373.841137,stage1_annotation,annotation,19992.0,L2_CTTCCTTGTGCATGAG,,
deepseek,711,559,1270,640,505,,,DeepSeekBackend,deepseek-v4-flash,1784120374.623307,stage1_annotation,annotation,36977.0,L3_TCCTTTCTCGACTCCT,,
deepseek,711,636,1347,640,560,,,DeepSeekBackend,deepseek-v4-flash,1784120376.548156,stage1_annotation,annotation,133540.0,E2L6_GTAGTACTCATTACGG,,
deepseek,723,1036,1759,640,958,,,DeepSeekBackend,deepseek-v4-flash,1784120376.6825483,stage1_annotation,annotation,110134.0,E2L4_GTTGCTCCACACCAGC,,
deepseek,711,796,1507,640,740,,,DeepSeekBackend,deepseek-v4-flash,1784120378.0562415,stage1_annotation,annotation,20996.0,L2_GCACGGTAGAGCAGCT,,
deepseek,723,1241,1964,640,1238,,,DeepSeekBackend,deepseek-v4-flash,1784120378.449583,stage1_annotation,annotation,87474.0,E2L2_TAGACTGAGTCTGTAC,,
deepseek,711,646,1357,640,590,,,DeepSeekBackend,deepseek-v4-flash,1784120378.4976778,stage1_annotation,annotation,1215.0,L1_ACGTCCTCAATCCTTT,,
deepseek,723,615,1338,640,539,,,DeepSeekBackend,deepseek-v4-flash,1784120378.6481037,stage1_annotation,annotation,59405.0,L5_CTTGAGAAGCAATAAC,,
deepseek,711,974,1685,0,897,,,DeepSeekBackend,deepseek-v4-flash,1784120378.9444337,stage1_annotation,annotation,103051.0,E2L4_ACTCTCGAGGTTGAGC,,
deepseek,711,716,1427,640,652,,,DeepSeekBackend,deepseek-v4-flash,1784120380.6047447,stage1_annotation,annotation,2389.0,L1_AGTGACTTCGCTGATA,,
deepseek,723,894,1617,640,812,,,DeepSeekBackend,deepseek-v4-flash,1784120381.9887693,stage1_annotation,annotation,84175.0,E2L2_CTTGATTAGTTGGACG,,
deepseek,723,1048,1771,640,966,,,DeepSeekBackend,deepseek-v4-flash,1784120382.27842,stage1_annotation,annotation,103140.0,E2L4_ACTTCGCCAAGCGCAA,,
deepseek,723,1858,2581,640,1856,,,DeepSeekBackend,deepseek-v4-flash,1784120383.1984823,stage1_annotation,annotation,136872.0,E2L6_TTACAGGTCGAGAAGC,,
deepseek,723,978,1701,640,976,,,DeepSeekBackend,deepseek-v4-flash,1784120383.304269,stage1_annotation,annotation,2631.0,L1_ATCACTTTCACGGGAA,,
deepseek,711,502,1213,640,435,,,DeepSeekBackend,deepseek-v4-flash,1784120383.5199535,stage1_annotation,annotation,144019.0,E2L7_GAGTCATAGGTTTGAA,,
deepseek,758,2497,3255,640,2396,,,DeepSeekBackend,deepseek-v4-flash,1784120383.727368,stage1_annotation,annotation,25281.0,L2_TGCACGGTCTGCATGA,,
deepseek,711,383,1094,640,330,,,DeepSeekBackend,deepseek-v4-flash,1784120384.0630069,stage1_annotation,annotation,104936.0,E2L4_CACGAATGTAGTCGTT,,
deepseek,759,2000,2759,640,1926,,,DeepSeekBackend,deepseek-v4-flash,1784120384.752391,stage1_annotation,annotation,29212.0,L3_ATCACAGGTTGTAGCT,,
deepseek,711,864,1575,640,785,,,DeepSeekBackend,deepseek-v4-flash,1784120384.834599,stage1_annotation,annotation,3307.0,L1_ATTTCACTCACAAGGG,,
deepseek,711,367,1078,640,309,,,DeepSeekBackend,deepseek-v4-flash,1784120384.9365714,stage1_annotation,annotation,156959.0,E2L8_GGCAGTCAGAATCGAT,,
deepseek,723,2838,3561,640,2744,,,DeepSeekBackend,deepseek-v4-flash,1784120385.555395,stage1_annotation,annotation,25257.0,L2_TGATTTCAGTGAGGCT,,
deepseek,723,1285,2008,640,1282,,,DeepSeekBackend,deepseek-v4-flash,1784120385.6282008,stage1_annotation,annotation,117094.0,E2L5_CATTCCGCACTCTAGA,,
deepseek,711,584,1295,640,496,,,DeepSeekBackend,deepseek-v4-flash,1784120386.5434952,stage1_annotation,annotation,74399.0,E2L1_GTAACACCAACACGTT,,
deepseek,711,337,1048,640,252,,,DeepSeekBackend,deepseek-v4-flash,1784120386.6090128,stage1_annotation,annotation,37388.0,L3_TGAATGCGTTGCATTG,,
deepseek,711,542,1253,640,465,,,DeepSeekBackend,deepseek-v4-flash,1784120386.6151316,stage1_annotation,annotation,126863.0,E2L6_AGACAGGCACATAGCT,,
deepseek,711,649,1360,640,555,,,DeepSeekBackend,deepseek-v4-flash,1784120386.8656006,stage1_annotation,annotation,140004.0,E2L7_ATCATTCCAATGCAGG,,
deepseek,711,836,1547,640,764,,,DeepSeekBackend,deepseek-v4-flash,1784120388.2651207,stage1_annotation,annotation,14442.0,L2_AATGGCTGTCAAAGTA,,
deepseek,723,1652,2375,640,1562,,,DeepSeekBackend,deepseek-v4-flash,1784120389.4185686,stage1_annotation,annotation,143854.0,E2L7_GACTGATGTGTCTAAC,,
deepseek,711,1273,1984,640,1205,,,DeepSeekBackend,deepseek-v4-flash,1784120389.670485,stage1_annotation,annotation,106989.0,E2L4_CTCTCAGGTGACTGAG,,
deepseek,723,1684,2407,640,1620,,,DeepSeekBackend,deepseek-v4-flash,1784120391.0042524,stage1_annotation,annotation,157111.0,E2L8_GGGATGAGTTGGGTTT,,
deepseek,731,383,1114,640,306,,,DeepSeekBackend,deepseek-v4-flash,1784120394.3120337,stage1_annotation,annotation,135164.0,E2L6_TCAGTTTAGTACTCGT,,
deepseek,711,1018,1729,640,951,,,DeepSeekBackend,deepseek-v4-flash,1784120394.6718593,stage1_annotation,annotation,159860.0,E2L8_TCTACCGAGCTCGACC,,
deepseek,731,909,1640,0,903,,,DeepSeekBackend,deepseek-v4-flash,1784120394.7752845,stage1_annotation,annotation,127381.0,E2L6_AGGTAGGAGTGCACCC,,
deepseek,711,876,1587,640,806,,,DeepSeekBackend,deepseek-v4-flash,1784120395.7760246,stage1_annotation,annotation,100010.0,E2L3_TCGGTCTGTCGCTCGA,,
deepseek,711,1595,2306,640,1592,,,DeepSeekBackend,deepseek-v4-flash,1784120400.4456806,stage1_annotation,annotation,22522.0,L2_GTCATTTTCTCATGCC,,
deepseek,731,1180,1911,0,1109,,,DeepSeekBackend,deepseek-v4-flash,1784120400.4901235,stage1_annotation,annotation,92257.0,E2L3_AGGCATTGTGAACGGT,,
deepseek,731,1130,1861,640,1128,,,DeepSeekBackend,deepseek-v4-flash,1784120401.663788,stage1_annotation,annotation,125101.0,E2L5_TTGAGTGCAGAAATTG,,
deepseek,731,1242,1973,640,1236,,,DeepSeekBackend,deepseek-v4-flash,1784120403.3947282,stage1_annotation,annotation,95907.0,E2L3_CTTTCAATCGAGTGAG,,
deepseek,731,1474,2205,640,1398,,,DeepSeekBackend,deepseek-v4-flash,1784120404.2121458,stage1_annotation,annotation,135600.0,E2L6_TCGATTTCACCTAAAC,,
deepseek,718,308,1026,0,254,,,DeepSeekBackend,deepseek-v4-flash,1784120404.2627306,stage1_annotation,annotation,7430.0,L1_GATGCTATCCTGTACC,,
deepseek,731,1869,2600,0,1784,,,DeepSeekBackend,deepseek-v4-flash,1784120404.9252694,stage1_annotation,annotation,21188.0,L2_GCCAGCATCGAGCCAC,,
deepseek,718,391,1109,0,302,,,DeepSeekBackend,deepseek-v4-flash,1784120405.0450869,stage1_annotation,annotation,154894.0,E2L8_CTCAGTCCAGACGATG,,
deepseek,718,214,932,640,143,,,DeepSeekBackend,deepseek-v4-flash,1784120405.108779,stage1_annotation,annotation,24314.0,L2_TCCATCGCATCGGAAG,,
deepseek,731,1462,2193,640,1383,,,DeepSeekBackend,deepseek-v4-flash,1784120405.2472477,stage1_annotation,annotation,117572.0,E2L5_CCGTGAGGTGTGGTCC,,
deepseek,731,1646,2377,640,1554,,,DeepSeekBackend,deepseek-v4-flash,1784120405.4632201,stage1_annotation,annotation,85491.0,E2L2_GGAACCCGTTCTCCCA,,
deepseek,731,1532,2263,640,1526,,,DeepSeekBackend,deepseek-v4-flash,1784120406.0058925,stage1_annotation,annotation,133682.0,E2L6_GTCCCATAGCCGGATA,,
deepseek,731,907,1638,640,832,,,DeepSeekBackend,deepseek-v4-flash,1784120406.1949646,stage1_annotation,annotation,5157.0,L1_CGAGTTAGTGTACAGG,,
deepseek,711,2075,2786,640,2000,,,DeepSeekBackend,deepseek-v4-flash,1784120407.1514192,stage1_annotation,annotation,29638.0,L3_ATTACCTTCCATTGGA,,
deepseek,731,1570,2301,640,1564,,,DeepSeekBackend,deepseek-v4-flash,1784120407.39676,stage1_annotation,annotation,35841.0,L3_TACAGGTGTAGTTACC,,
deepseek,718,229,947,640,224,,,DeepSeekBackend,deepseek-v4-flash,1784120407.4224427,stage1_annotation,annotation,10112.0,L1_TACCTCGCAAAGGCTG,,
deepseek,718,323,1041,640,234,,,DeepSeekBackend,deepseek-v4-flash,1784120407.609015,stage1_annotation,annotation,114465.0,E2L5_ACGTAGTCAGGCTACC,,
deepseek,731,1086,1817,640,1080,,,DeepSeekBackend,deepseek-v4-flash,1784120407.641216,stage1_annotation,annotation,18575.0,L2_CCTTGTGTCTTCGATT,,
deepseek,718,197,915,640,192,,,DeepSeekBackend,deepseek-v4-flash,1784120408.6140733,stage1_annotation,annotation,70469.0,E2L1_CAGTTCCGTTATTCCT,,
deepseek,718,266,984,640,261,,,DeepSeekBackend,deepseek-v4-flash,1784120408.8533657,stage1_annotation,annotation,59073.0,L5_CTGCCTAGTGTTTACG,,
deepseek,718,257,975,640,188,,,DeepSeekBackend,deepseek-v4-flash,1784120408.8823445,stage1_annotation,annotation,101868.0,E2L3_TTTGGAGCACCAGGTC,,
deepseek,718,172,890,640,167,,,DeepSeekBackend,deepseek-v4-flash,1784120408.9245794,stage1_annotation,annotation,516.0,L1_AAGTACCGTGAGGAAA,,
deepseek,718,278,996,640,211,,,DeepSeekBackend,deepseek-v4-flash,1784120409.04582,stage1_annotation,annotation,14967.0,L2_ACTATCTGTTCGGCGT,,
deepseek,718,252,970,640,247,,,DeepSeekBackend,deepseek-v4-flash,1784120409.1744678,stage1_annotation,annotation,29294.0,L3_ATCCCTGAGGGCAGTT,,
deepseek,718,551,1269,640,475,,,DeepSeekBackend,deepseek-v4-flash,1784120410.3680906,stage1_annotation,annotation,57480.0,L5_CCGTGAGAGATGCTAA,,
deepseek,718,337,1055,640,332,,,DeepSeekBackend,deepseek-v4-flash,1784120410.3958251,stage1_annotation,annotation,160550.0,E2L8_TGGATGTTCCACGTCT,,
deepseek,718,193,911,640,188,,,DeepSeekBackend,deepseek-v4-flash,1784120410.7014668,stage1_annotation,annotation,26213.0,L2_TTCATGTAGGAAGAAC,,
deepseek,731,1747,2478,640,1673,,,DeepSeekBackend,deepseek-v4-flash,1784120410.8714085,stage1_annotation,annotation,154549.0,E2L8_CGTGAATTCACTCTTA,,
deepseek,718,165,883,640,160,,,DeepSeekBackend,deepseek-v4-flash,1784120411.1783602,stage1_annotation,annotation,5296.0,L1_CGGAACCTCCGTGGGT,,
deepseek,718,259,977,640,254,,,DeepSeekBackend,deepseek-v4-flash,1784120411.2591572,stage1_annotation,annotation,127796.0,E2L6_ATCACTTTCCGTGGCA,,
deepseek,718,339,1057,640,334,,,DeepSeekBackend,deepseek-v4-flash,1784120411.4944165,stage1_annotation,annotation,79075.0,E2L2_AATGCCAAGTATCCTG,,
deepseek,718,310,1028,640,231,,,DeepSeekBackend,deepseek-v4-flash,1784120411.875433,stage1_annotation,annotation,51658.0,L4_TTCAATCAGGCTTCCG,,
deepseek,718,298,1016,640,214,,,DeepSeekBackend,deepseek-v4-flash,1784120411.9705884,stage1_annotation,annotation,46191.0,L4_GATGAGGTCTCGGTAA,,
deepseek,718,255,973,640,250,,,DeepSeekBackend,deepseek-v4-flash,1784120412.4944322,stage1_annotation,annotation,47256.0,L4_GGGCGTTCAAATACGA,,
deepseek,731,1329,2060,640,1323,,,DeepSeekBackend,deepseek-v4-flash,1784120412.5267205,stage1_annotation,annotation,130605.0,E2L6_CTAGACACAGGCGTTC,,
deepseek,715,208,923,0,150,,,DeepSeekBackend,deepseek-v4-flash,1784120412.5848079,stage1_annotation,annotation,55511.0,L5_ATGAGGGCAAACTCTG,,
deepseek,715,257,972,0,183,,,DeepSeekBackend,deepseek-v4-flash,1784120413.13955,stage1_annotation,annotation,125841.0,E2L6_AAGACTCTCAACGCTA,,
deepseek,715,239,954,0,183,,,DeepSeekBackend,deepseek-v4-flash,1784120413.1600883,stage1_annotation,annotation,107081.0,E2L4_CTGCAGGTCGGACTGC,,
deepseek,715,309,1024,0,252,,,DeepSeekBackend,deepseek-v4-flash,1784120413.6590996,stage1_annotation,annotation,95604.0,E2L3_CTGATCCGTCGCACAC,,
deepseek,731,2123,2854,640,2117,,,DeepSeekBackend,deepseek-v4-flash,1784120413.8779094,stage1_annotation,annotation,112086.0,E2L4_TGCAGGCAGAAGCCTG,,
deepseek,715,198,913,640,195,,,DeepSeekBackend,deepseek-v4-flash,1784120414.1653836,stage1_annotation,annotation,117904.0,E2L5_CGATCGGGTAGCGTTT,,
deepseek,715,153,868,640,150,,,DeepSeekBackend,deepseek-v4-flash,1784120415.1841521,stage1_annotation,annotation,80288.0,E2L2_AGGCATTAGCCTTTCC,,
deepseek,731,2314,3045,640,2254,,,DeepSeekBackend,deepseek-v4-flash,1784120415.2587583,stage1_annotation,annotation,19277.0,L2_CTACTATGTGATCATC,,
deepseek,715,305,1020,640,302,,,DeepSeekBackend,deepseek-v4-flash,1784120415.2685282,stage1_annotation,annotation,67405.0,E2L1_AAGAACACATAATCGC,,
deepseek,715,280,995,640,228,,,DeepSeekBackend,deepseek-v4-flash,1784120415.3429046,stage1_annotation,annotation,118277.0,E2L5_CGTTAGATCTGAGGCC,,
deepseek,715,211,926,640,155,,,DeepSeekBackend,deepseek-v4-flash,1784120415.3765976,stage1_annotation,annotation,158089.0,E2L8_GTGGTTAGTTGCACGC,,
deepseek,715,260,975,640,221,,,DeepSeekBackend,deepseek-v4-flash,1784120415.3937685,stage1_annotation,annotation,68220.0,E2L1_ACTGATGTCTTCGATT,,
deepseek,715,174,889,640,118,,,DeepSeekBackend,deepseek-v4-flash,1784120415.4916606,stage1_annotation,annotation,83146.0,E2L2_CGGAATTTCGTGGACC,,
deepseek,715,252,967,640,186,,,DeepSeekBackend,deepseek-v4-flash,1784120415.7503037,stage1_annotation,annotation,43383.0,L4_CCACACTAGTGATGGC,,
deepseek,715,245,960,640,188,,,DeepSeekBackend,deepseek-v4-flash,1784120416.516944,stage1_annotation,annotation,151355.0,E2L8_AGCGATTAGGTACATA,,
deepseek,715,235,950,640,170,,,DeepSeekBackend,deepseek-v4-flash,1784120416.58165,stage1_annotation,annotation,101431.0,E2L3_TTCTAGTAGAAGCGCT,,
deepseek,715,207,922,640,204,,,DeepSeekBackend,deepseek-v4-flash,1784120416.8558857,stage1_annotation,annotation,103375.0,E2L4_AGATCGTCAACAGCCC,,
deepseek,715,405,1120,640,340,,,DeepSeekBackend,deepseek-v4-flash,1784120417.3107681,stage1_annotation,annotation,137357.0,E2L6_TTGCTGCCAGCCCACA,,
deepseek,715,202,917,640,147,,,DeepSeekBackend,deepseek-v4-flash,1784120417.3421385,stage1_annotation,annotation,61460.0,L5_GGGTATTTCCCTAGGG,,
deepseek,715,271,986,640,210,,,DeepSeekBackend,deepseek-v4-flash,1784120417.657242,stage1_annotation,annotation,62837.0,L5_GTTGTAGCAAACGTGG,,
deepseek,715,291,1006,640,228,,,DeepSeekBackend,deepseek-v4-flash,1784120417.7958825,stage1_annotation,annotation,98355.0,E2L3_GTGTGATAGGTTCAGG,,
deepseek,715,240,955,640,237,,,DeepSeekBackend,deepseek-v4-flash,1784120418.0607004,stage1_annotation,annotation,155038.0,E2L8_CTCGAGGGTAACATGA,,
deepseek,718,255,973,0,192,,,DeepSeekBackend,deepseek-v4-flash,1784120418.6861596,stage1_annotation,annotation,31255.0,L3_CCTACGTAGAAAGTCT,,
deepseek,718,148,866,640,98,,,DeepSeekBackend,deepseek-v4-flash,1784120419.2711957,stage1_annotation,annotation,49809.0,L4_TCCCATGCACCTGCAG,,
deepseek,718,142,860,640,88,,,DeepSeekBackend,deepseek-v4-flash,1784120419.3850534,stage1_annotation,annotation,52228.0,L4_TTTACGTCACTGGACC,,
deepseek,718,191,909,640,129,,,DeepSeekBackend,deepseek-v4-flash,1784120419.518247,stage1_annotation,annotation,20256.0,L2_GAATCGTCAAGTATCC,,
deepseek,718,229,947,640,163,,,DeepSeekBackend,deepseek-v4-flash,1784120419.5553427,stage1_annotation,annotation,50541.0,L4_TGACCCTTCGAAGTGG,,
deepseek,718,191,909,640,125,,,DeepSeekBackend,deepseek-v4-flash,1784120419.6115768,stage1_annotation,annotation,54454.0,L5_AGCGCCAGTGGCTGCT,,
deepseek,718,246,964,640,188,,,DeepSeekBackend,deepseek-v4-flash,1784120419.824097,stage1_annotation,annotation,17459.0,L2_CAGCAGCTCGCTAATG,,
deepseek,718,227,945,640,162,,,DeepSeekBackend,deepseek-v4-flash,1784120419.8434403,stage1_annotation,annotation,31678.0,L3_CGCCAGACAGCTGTCG,,
deepseek,718,189,907,640,126,,,DeepSeekBackend,deepseek-v4-flash,1784120419.85528,stage1_annotation,annotation,79611.0,E2L2_ACGTTCCTCCCGAGGT,,
deepseek,718,159,877,640,107,,,DeepSeekBackend,deepseek-v4-flash,1784120420.0748103,stage1_annotation,annotation,52137.0,L4_TTGTGGACACGCGTCA,,
deepseek,718,145,863,640,87,,,DeepSeekBackend,deepseek-v4-flash,1784120420.3861122,stage1_annotation,annotation,8720.0,L1_GGTGGCTTCTGGCTGG,,
deepseek,718,192,910,640,124,,,DeepSeekBackend,deepseek-v4-flash,1784120420.853708,stage1_annotation,annotation,22185.0,L2_GGTTAACTCGGTCACG,,
deepseek,731,2852,3583,640,2771,,,DeepSeekBackend,deepseek-v4-flash,1784120421.2506125,stage1_annotation,annotation,148264.0,E2L7_TGATGGTTCACGGTCG,,
deepseek,718,183,901,640,122,,,DeepSeekBackend,deepseek-v4-flash,1784120421.3452652,stage1_annotation,annotation,48054.0,L4_GTCTAGAGTATAATGG,,
deepseek,718,198,916,640,143,,,DeepSeekBackend,deepseek-v4-flash,1784120421.5037785,stage1_annotation,annotation,38456.0,L3_TTCACGCTCAAAGGTA,,
deepseek,718,213,931,640,168,,,DeepSeekBackend,deepseek-v4-flash,1784120421.8755343,stage1_annotation,annotation,48510.0,L4_GTTCGCTTCGTTAGAC,,
deepseek,731,2067,2798,640,1978,,,DeepSeekBackend,deepseek-v4-flash,1784120422.0293562,stage1_annotation,annotation,83172.0,E2L2_CGGAGAACACGGATCC,,
deepseek,718,240,958,640,184,,,DeepSeekBackend,deepseek-v4-flash,1784120422.171451,stage1_annotation,annotation,56779.0,L5_CATCGCTTCAAACGAA,,
deepseek,718,235,953,640,181,,,DeepSeekBackend,deepseek-v4-flash,1784120422.2194717,stage1_annotation,annotation,46657.0,L4_GCGATCGGTGTTCCTC,,
deepseek,723,133,856,0,129,,,DeepSeekBackend,deepseek-v4-flash,1784120422.4308956,stage1_annotation,annotation,126684.0,E2L6_ACTGTGATCCACGGAC,,
deepseek,718,212,930,640,167,,,DeepSeekBackend,deepseek-v4-flash,1784120423.0441287,stage1_annotation,annotation,57273.0,L5_CCCTCAAGTGCGTTTA,,
deepseek,718,302,1020,640,250,,,DeepSeekBackend,deepseek-v4-flash,1784120423.3712327,stage1_annotation,annotation,62151.0,L5_GTCCTCACAAGATCCT,,
deepseek,718,240,958,640,182,,,DeepSeekBackend,deepseek-v4-flash,1784120423.4791708,stage1_annotation,annotation,28558.0,L3_AGCCAGCTCCGATAGT,,
deepseek,723,301,1024,0,229,,,DeepSeekBackend,deepseek-v4-flash,1784120423.691146,stage1_annotation,annotation,74797.0,E2L1_GTCTCACAGCTGTGCC,,
deepseek,723,194,917,0,143,,,DeepSeekBackend,deepseek-v4-flash,1784120423.7460432,stage1_annotation,annotation,129612.0,E2L6_CCGAACGAGAGCCGAT,,
deepseek,723,349,1072,0,280,,,DeepSeekBackend,deepseek-v4-flash,1784120424.3975542,stage1_annotation,annotation,30351.0,L3_CAGATCATCACTTATC,,
deepseek,723,342,1065,0,294,,,DeepSeekBackend,deepseek-v4-flash,1784120424.3993165,stage1_annotation,annotation,54594.0,L5_AGGAGGTCATCCTTCG,,
deepseek,723,210,933,640,148,,,DeepSeekBackend,deepseek-v4-flash,1784120424.5809917,stage1_annotation,annotation,6356.0,L1_CTGTAGAAGACCGCCT,,
deepseek,723,298,1021,640,246,,,DeepSeekBackend,deepseek-v4-flash,1784120425.3200254,stage1_annotation,annotation,11118.0,L1_TCCCATGAGGAATGTT,,
deepseek,723,260,983,640,208,,,DeepSeekBackend,deepseek-v4-flash,1784120425.5340583,stage1_annotation,annotation,152675.0,E2L8_CAACAGTCAGGATTCT,,
deepseek,723,433,1156,0,383,,,DeepSeekBackend,deepseek-v4-flash,1784120425.6060634,stage1_annotation,annotation,47612.0,L4_GTAAGTCGTCGCATGC,,
deepseek,723,256,979,640,200,,,DeepSeekBackend,deepseek-v4-flash,1784120425.626528,stage1_annotation,annotation,127899.0,E2L6_ATCGATGAGCTAATGA,,
deepseek,723,294,1017,640,240,,,DeepSeekBackend,deepseek-v4-flash,1784120426.2177527,stage1_annotation,annotation,76907.0,E2L1_TCTTTGATCGTGGGTC,,
deepseek,723,282,1005,640,229,,,DeepSeekBackend,deepseek-v4-flash,1784120426.3404675,stage1_annotation,annotation,11291.0,L1_TCGAAGTCAACCTAAC,,
deepseek,723,190,913,640,138,,,DeepSeekBackend,deepseek-v4-flash,1784120426.566806,stage1_annotation,annotation,122898.0,E2L5_TCAGTTTTCCATAAGC,,
deepseek,723,333,1056,640,277,,,DeepSeekBackend,deepseek-v4-flash,1784120426.6298597,stage1_annotation,annotation,7747.0,L1_GCCAGCACAGCAGTTT,,
deepseek,723,313,1036,640,260,,,DeepSeekBackend,deepseek-v4-flash,1784120427.012018,stage1_annotation,annotation,79136.0,E2L2_ACAAAGAAGTTCCGTA,,
deepseek,723,672,1395,0,633,,,DeepSeekBackend,deepseek-v4-flash,1784120427.5821555,stage1_annotation,annotation,15093.0,L2_ACTTATCAGGTTAGTA,,
deepseek,723,328,1051,640,276,,,DeepSeekBackend,deepseek-v4-flash,1784120427.6795278,stage1_annotation,annotation,84449.0,E2L2_GACCCTTAGGCACTAG,,
deepseek,723,621,1344,640,572,,,DeepSeekBackend,deepseek-v4-flash,1784120428.4425418,stage1_annotation,annotation,54448.0,L5_AGCGCCACAGGTCAAG,,
deepseek,723,701,1424,0,646,,,DeepSeekBackend,deepseek-v4-flash,1784120429.3079972,stage1_annotation,annotation,56244.0,L5_CACAACATCGTGCGAC,,
deepseek,723,706,1429,640,649,,,DeepSeekBackend,deepseek-v4-flash,1784120429.6375978,stage1_annotation,annotation,116590.0,E2L5_CACGTGGAGGAAAGGT,,
deepseek,731,3148,3879,640,3142,,,DeepSeekBackend,deepseek-v4-flash,1784120430.0046568,stage1_annotation,annotation,116682.0,E2L5_CAGATACAGATAGCAT,,
deepseek,724,460,1184,640,381,,,DeepSeekBackend,deepseek-v4-flash,1784120431.941695,stage1_annotation,annotation,40896.0,L4_AGCCAGCCATACTGAC,,
deepseek,724,417,1141,640,413,,,DeepSeekBackend,deepseek-v4-flash,1784120432.9352896,stage1_annotation,annotation,149862.0,E2L8_AAAGTGACAAGTGCAG,,
deepseek,724,506,1230,640,502,,,DeepSeekBackend,deepseek-v4-flash,1784120433.1599245,stage1_annotation,annotation,126443.0,E2L6_ACGCACGAGAGGGCGA,,
deepseek,724,601,1325,640,484,,,DeepSeekBackend,deepseek-v4-flash,1784120434.5082643,stage1_annotation,annotation,26244.0,L2_TTCATTGTCTCCATAT,,
deepseek,724,906,1630,0,812,,,DeepSeekBackend,deepseek-v4-flash,1784120435.2157185,stage1_annotation,annotation,63636.0,L5_TATTGCTAGGGCTTCC,,
deepseek,724,520,1244,640,421,,,DeepSeekBackend,deepseek-v4-flash,1784120437.2963424,stage1_annotation,annotation,159767.0,E2L8_TCGGGTGAGCATTGTC,,
deepseek,724,943,1667,0,855,,,DeepSeekBackend,deepseek-v4-flash,1784120437.4725127,stage1_annotation,annotation,127869.0,E2L6_ATCCGTCCATCCGTTC,,
deepseek,724,735,1459,640,675,,,DeepSeekBackend,deepseek-v4-flash,1784120438.223407,stage1_annotation,annotation,59182.0,L5_CTGTACCAGTGCTACT,,
deepseek,724,955,1679,640,951,,,DeepSeekBackend,deepseek-v4-flash,1784120438.5962987,stage1_annotation,annotation,80805.0,E2L2_ATCATTCAGGCAGGTT,,
deepseek,724,931,1655,640,858,,,DeepSeekBackend,deepseek-v4-flash,1784120439.1899645,stage1_annotation,annotation,13495.0,L1_TTGTGTTTCTTCACGC,,
deepseek,724,815,1539,640,760,,,DeepSeekBackend,deepseek-v4-flash,1784120439.9301915,stage1_annotation,annotation,115008.0,E2L5_AGCGCCAAGGTTATAG,,
deepseek,724,643,1367,640,639,,,DeepSeekBackend,deepseek-v4-flash,1784120440.145997,stage1_annotation,annotation,117778.0,E2L5_CCTTCAGTCTGTCCGT,,
deepseek,724,1079,1803,640,1075,,,DeepSeekBackend,deepseek-v4-flash,1784120440.5779312,stage1_annotation,annotation,127721.0,E2L6_ATAGAGAGTATGGAAT,,
deepseek,724,980,1704,640,903,,,DeepSeekBackend,deepseek-v4-flash,1784120441.0496798,stage1_annotation,annotation,113531.0,E2L5_AAAGTCCTCGACGTCG,,
deepseek,724,1164,1888,640,1093,,,DeepSeekBackend,deepseek-v4-flash,1784120442.3409164,stage1_annotation,annotation,76731.0,E2L1_TCGTGGGTCTCAACGA,,
deepseek,724,1296,2020,640,1293,,,DeepSeekBackend,deepseek-v4-flash,1784120442.73595,stage1_annotation,annotation,108843.0,E2L4_GGCTGTGTCTGTTCAT,,
deepseek,724,1422,2146,640,1350,,,DeepSeekBackend,deepseek-v4-flash,1784120446.1660588,stage1_annotation,annotation,125619.0,E2L6_AAATGGACACTCATAG,,
deepseek,724,2045,2769,0,1970,,,DeepSeekBackend,deepseek-v4-flash,1784120447.2486932,stage1_annotation,annotation,154468.0,E2L8_CGGTCAGGTGGACTGA,,
deepseek,729,1470,2199,640,1381,,,DeepSeekBackend,deepseek-v4-flash,1784120450.000209,stage1_annotation,annotation,15077.0,L2_ACTGTGAGTGATACTC,,
deepseek,729,994,1723,640,914,,,DeepSeekBackend,deepseek-v4-flash,1784120450.531949,stage1_annotation,annotation,58805.0,L5_CTCCCAAAGCAGATAT,,
deepseek,729,1136,1865,640,1053,,,DeepSeekBackend,deepseek-v4-flash,1784120454.618757,stage1_annotation,annotation,11341.0,L1_TCGCACTAGCAATTCC,,
deepseek,729,1068,1797,640,1014,,,DeepSeekBackend,deepseek-v4-flash,1784120455.0440376,stage1_annotation,annotation,122724.0,E2L5_TCACAAGTCCGCAAAT,,
deepseek,729,1086,1815,640,1083,,,DeepSeekBackend,deepseek-v4-flash,1784120456.277618,stage1_annotation,annotation,2467.0,L1_AGTTCCCAGCAGCCTC,,
deepseek,729,1661,2390,640,1658,,,DeepSeekBackend,deepseek-v4-flash,1784120457.1661625,stage1_annotation,annotation,25458.0,L2_TGCTTCGCACGAAAGC,,
deepseek,729,1952,2681,640,1860,,,DeepSeekBackend,deepseek-v4-flash,1784120457.1723151,stage1_annotation,annotation,31210.0,L3_CCGTGAGAGTTCCTGA,,
deepseek,729,1097,1826,640,1094,,,DeepSeekBackend,deepseek-v4-flash,1784120457.9359734,stage1_annotation,annotation,123003.0,E2L5_TCATGTTCAATCTCTT,,
deepseek,729,1502,2231,640,1400,,,DeepSeekBackend,deepseek-v4-flash,1784120458.3061316,stage1_annotation,annotation,26150.0,L2_TTAGTCTTCTGGCCAG,,
deepseek,718,192,910,0,122,,,DeepSeekBackend,deepseek-v4-flash,1784120458.8423324,stage1_annotation,annotation,77296.0,E2L1_TGCTTCGAGATCCAAA,,
deepseek,718,243,961,0,240,,,DeepSeekBackend,deepseek-v4-flash,1784120459.8045042,stage1_annotation,annotation,141081.0,E2L7_CAGCACGGTACTGACT,,
deepseek,718,217,935,640,132,,,DeepSeekBackend,deepseek-v4-flash,1784120460.420636,stage1_annotation,annotation,127818.0,E2L6_ATCATTCGTGGTCTCG,,
deepseek,729,2019,2748,640,2016,,,DeepSeekBackend,deepseek-v4-flash,1784120460.5259106,stage1_annotation,annotation,20606.0,L2_GAGGGTACAGACATCT,,
deepseek,729,1878,2607,640,1875,,,DeepSeekBackend,deepseek-v4-flash,1784120460.7143664,stage1_annotation,annotation,2582.0,L1_ATATCCTCATGCCATA,,
deepseek,729,2030,2759,640,2027,,,DeepSeekBackend,deepseek-v4-flash,1784120461.6796513,stage1_annotation,annotation,37398.0,L3_TGACAGTCATCAGCTA,,
deepseek,718,242,960,640,145,,,DeepSeekBackend,deepseek-v4-flash,1784120462.6511126,stage1_annotation,annotation,116360.0,E2L5_CAACGGCCAAATGAGT,,
deepseek,718,346,1064,640,256,,,DeepSeekBackend,deepseek-v4-flash,1784120462.98208,stage1_annotation,annotation,119270.0,E2L5_GAAGTAACATGACTAC,,
deepseek,718,238,956,640,148,,,DeepSeekBackend,deepseek-v4-flash,1784120463.0380633,stage1_annotation,annotation,108773.0,E2L4_GGAGGTATCGAGCCAC,,
deepseek,718,253,971,640,167,,,DeepSeekBackend,deepseek-v4-flash,1784120463.747891,stage1_annotation,annotation,98994.0,E2L3_TAGATCGGTTGACGGA,,
deepseek,724,2874,3598,640,2803,,,DeepSeekBackend,deepseek-v4-flash,1784120463.8556602,stage1_annotation,annotation,2382.0,L1_AGTGACTGTATTAAGG,,
deepseek,729,2575,3304,0,2496,,,DeepSeekBackend,deepseek-v4-flash,1784120463.9539952,stage1_annotation,annotation,136562.0,E2L6_TGGGTTATCAATCAGC,,
deepseek,718,404,1122,640,312,,,DeepSeekBackend,deepseek-v4-flash,1784120464.0922077,stage1_annotation,annotation,93252.0,E2L3_ATTGGGTCATATGGCT,,
deepseek,729,1358,2087,640,1355,,,DeepSeekBackend,deepseek-v4-flash,1784120465.7250133,stage1_annotation,annotation,6008.0,L1_CTCCATGCATCGGCCA,,
deepseek,724,2918,3642,640,2843,,,DeepSeekBackend,deepseek-v4-flash,1784120465.7416852,stage1_annotation,annotation,71815.0,E2L1_CGTTCTGGTAACGCGA,,
deepseek,718,271,989,640,190,,,DeepSeekBackend,deepseek-v4-flash,1784120466.0376914,stage1_annotation,annotation,139675.0,E2L7_AGTACCAAGCGTATAA,,
deepseek,718,368,1086,640,264,,,DeepSeekBackend,deepseek-v4-flash,1784120466.0472856,stage1_annotation,annotation,125756.0,E2L6_AACGAAACAGTCTGGC,,
deepseek,718,235,953,640,147,,,DeepSeekBackend,deepseek-v4-flash,1784120466.298225,stage1_annotation,annotation,12021.0,L1_TGATTCTAGAGAGTGA,,
deepseek,729,2206,2935,640,2203,,,DeepSeekBackend,deepseek-v4-flash,1784120466.7973511,stage1_annotation,annotation,128937.0,E2L6_CAGCGTGAGTGGAATT,,
deepseek,718,352,1070,640,274,,,DeepSeekBackend,deepseek-v4-flash,1784120466.8048875,stage1_annotation,annotation,72587.0,E2L1_CTTTCGGTCCATGCAA,,
deepseek,718,247,965,640,244,,,DeepSeekBackend,deepseek-v4-flash,1784120467.3270788,stage1_annotation,annotation,152972.0,E2L8_CACTAAGCAATTGTGC,,
deepseek,718,456,1174,640,373,,,DeepSeekBackend,deepseek-v4-flash,1784120467.4492433,stage1_annotation,annotation,76846.0,E2L1_TCTGCCATCAGGTGTT,,
deepseek,718,172,890,640,169,,,DeepSeekBackend,deepseek-v4-flash,1784120467.9447598,stage1_annotation,annotation,123670.0,E2L5_TCTGCCAGTGTAAACA,,
deepseek,718,205,923,640,202,,,DeepSeekBackend,deepseek-v4-flash,1784120468.2531357,stage1_annotation,annotation,99875.0,E2L3_TCGAAGTCATGGCCCA,,
deepseek,718,334,1052,640,252,,,DeepSeekBackend,deepseek-v4-flash,1784120469.2301164,stage1_annotation,annotation,145011.0,E2L7_GGCTTTCCAAAGAGTT,,
deepseek,717,233,950,0,174,,,DeepSeekBackend,deepseek-v4-flash,1784120469.271977,stage1_annotation,annotation,111086.0,E2L4_TCATGCCGTGGTCTAT,,
deepseek,729,2125,2854,640,2029,,,DeepSeekBackend,deepseek-v4-flash,1784120469.6953604,stage1_annotation,annotation,91936.0,E2L3_AGACTCAAGAATAGTC,,
deepseek,717,383,1100,0,314,,,DeepSeekBackend,deepseek-v4-flash,1784120470.3050423,stage1_annotation,annotation,110377.0,E2L4_TACCCACTCGCGGTAC,,
deepseek,718,351,1069,640,285,,,DeepSeekBackend,deepseek-v4-flash,1784120470.3268638,stage1_annotation,annotation,73366.0,E2L1_GCACGGTCAAGGAGTC,,
deepseek,718,400,1118,640,334,,,DeepSeekBackend,deepseek-v4-flash,1784120470.6423738,stage1_annotation,annotation,129143.0,E2L6_CATCGGGTCCTTGAAG,,
deepseek,717,273,990,640,226,,,DeepSeekBackend,deepseek-v4-flash,1784120470.6841888,stage1_annotation,annotation,1985.0,L1_AGGAGGTTCCACTGGG,,
deepseek,729,1978,2707,640,1975,,,DeepSeekBackend,deepseek-v4-flash,1784120470.782066,stage1_annotation,annotation,20303.0,L2_GACATCAGTCACCGCA,,
deepseek,718,465,1183,640,462,,,DeepSeekBackend,deepseek-v4-flash,1784120470.8239172,stage1_annotation,annotation,132372.0,E2L6_GCATTAGAGGTAAGGA,,
deepseek,729,2560,3289,640,2498,,,DeepSeekBackend,deepseek-v4-flash,1784120471.1079447,stage1_annotation,annotation,41918.0,L4_ATGAAAGGTGTTTACG,,
deepseek,717,389,1106,0,334,,,DeepSeekBackend,deepseek-v4-flash,1784120471.1926398,stage1_annotation,annotation,108715.0,E2L4_GGACGTCTCTGACCCT,,
deepseek,717,415,1132,640,353,,,DeepSeekBackend,deepseek-v4-flash,1784120471.7356577,stage1_annotation,annotation,104739.0,E2L4_CAACGATGTATAGGAT,,
deepseek,717,240,957,640,190,,,DeepSeekBackend,deepseek-v4-flash,1784120472.0349822,stage1_annotation,annotation,73970.0,E2L1_GGCAGTCTCCCTCTTT,,
deepseek,717,329,1046,640,287,,,DeepSeekBackend,deepseek-v4-flash,1784120472.3014898,stage1_annotation,annotation,73283.0,E2L1_GATTCGATCCTTCTAA,,
deepseek,717,438,1155,640,368,,,DeepSeekBackend,deepseek-v4-flash,1784120472.5036247,stage1_annotation,annotation,108383.0,E2L4_GCCAGTGTCGGCATTA,,
deepseek,717,543,1260,0,475,,,DeepSeekBackend,deepseek-v4-flash,1784120473.3932505,stage1_annotation,annotation,81336.0,E2L2_ATTGTTCTCAGAATAG,,
deepseek,717,310,1027,640,259,,,DeepSeekBackend,deepseek-v4-flash,1784120473.772762,stage1_annotation,annotation,120147.0,E2L5_GCCAGTGTCACCTGTC,,
deepseek,717,515,1232,640,457,,,DeepSeekBackend,deepseek-v4-flash,1784120473.911618,stage1_annotation,annotation,47323.0,L4_GGGTCACTCAAGTGTC,,
deepseek,717,284,1001,640,234,,,DeepSeekBackend,deepseek-v4-flash,1784120473.95118,stage1_annotation,annotation,85210.0,E2L2_GCCATTCAGCAAGCCA,,
deepseek,717,283,1000,640,230,,,DeepSeekBackend,deepseek-v4-flash,1784120474.2170799,stage1_annotation,annotation,1707.0,L1_AGATCCACATCATGAC,,
deepseek,717,383,1100,640,311,,,DeepSeekBackend,deepseek-v4-flash,1784120474.3898342,stage1_annotation,annotation,88572.0,E2L2_TCGTAGAAGATACATG,,
deepseek,717,301,1018,640,233,,,DeepSeekBackend,deepseek-v4-flash,1784120474.9250987,stage1_annotation,annotation,149440.0,E2L7_TTGCTGCCATACCACA,,
deepseek,717,343,1060,640,258,,,DeepSeekBackend,deepseek-v4-flash,1784120475.3910463,stage1_annotation,annotation,5907.0,L1_CTCAGGGTCGAAGGAC,,
deepseek,717,327,1044,640,275,,,DeepSeekBackend,deepseek-v4-flash,1784120475.490246,stage1_annotation,annotation,44248.0,L4_CGCGTGATCAAACGAA,,
deepseek,717,338,1055,640,271,,,DeepSeekBackend,deepseek-v4-flash,1784120475.562507,stage1_annotation,annotation,76864.0,E2L1_TCTGTCGTCAGTGGGA,,
deepseek,717,812,1529,0,727,,,DeepSeekBackend,deepseek-v4-flash,1784120476.9766865,stage1_annotation,annotation,38153.0,L3_TGTGGCGAGATGAATC,,
deepseek,717,665,1382,640,612,,,DeepSeekBackend,deepseek-v4-flash,1784120478.6176517,stage1_annotation,annotation,66932.0,L5_TTTCACAGTCCTGGGT,,
deepseek,729,2780,3509,640,2706,,,DeepSeekBackend,deepseek-v4-flash,1784120480.873324,stage1_annotation,annotation,42194.0,L4_ATTCAGGCACAGTACT,,
deepseek,729,2671,3400,640,2597,,,DeepSeekBackend,deepseek-v4-flash,1784120481.5282829,stage1_annotation,annotation,65735.0,L5_TGTAACGAGATGGGCT,,
deepseek,60,41,101,0,39,,,DeepSeekBackend,deepseek-v4-flash,1784120482.7705822,llm_judge_binary,evaluation,,,11.0,11.0
deepseek,60,47,107,0,45,,,DeepSeekBackend,deepseek-v4-flash,1784120482.878177,llm_judge_binary,evaluation,,,7.0,7.0
deepseek,60,81,141,0,79,,,DeepSeekBackend,deepseek-v4-flash,1784120483.1273346,llm_judge_binary,evaluation,,,0.0,0.0
deepseek,60,77,137,0,75,,,DeepSeekBackend,deepseek-v4-flash,1784120483.2070687,llm_judge_binary,evaluation,,,3.0,3.0
deepseek,60,88,148,0,86,,,DeepSeekBackend,deepseek-v4-flash,1784120483.297812,llm_judge_binary,evaluation,,,6.0,6.0
deepseek,60,87,147,0,85,,,DeepSeekBackend,deepseek-v4-flash,1784120483.3128035,llm_judge_binary,evaluation,,,9.0,9.0
deepseek,60,72,132,0,70,,,DeepSeekBackend,deepseek-v4-flash,1784120483.334145,llm_judge_binary,evaluation,,,8.0,8.0
deepseek,60,78,138,0,76,,,DeepSeekBackend,deepseek-v4-flash,1784120483.3627582,llm_judge_binary,evaluation,,,4.0,4.0
deepseek,60,80,140,0,78,,,DeepSeekBackend,deepseek-v4-flash,1784120483.404218,llm_judge_binary,evaluation,,,16.0,16.0
deepseek,60,104,164,0,102,,,DeepSeekBackend,deepseek-v4-flash,1784120483.4483254,llm_judge_binary,evaluation,,,1.0,1.0
deepseek,60,82,142,0,80,,,DeepSeekBackend,deepseek-v4-flash,1784120483.457538,llm_judge_binary,evaluation,,,15.0,15.0
deepseek,60,88,148,0,86,,,DeepSeekBackend,deepseek-v4-flash,1784120483.5463426,llm_judge_binary,evaluation,,,2.0,2.0
deepseek,60,91,151,0,89,,,DeepSeekBackend,deepseek-v4-flash,1784120483.567294,llm_judge_binary,evaluation,,,5.0,5.0
deepseek,60,96,156,0,94,,,DeepSeekBackend,deepseek-v4-flash,1784120483.5796971,llm_judge_binary,evaluation,,,12.0,12.0
deepseek,60,86,146,0,84,,,DeepSeekBackend,deepseek-v4-flash,1784120483.6051733,llm_judge_binary,evaluation,,,17.0,17.0
deepseek,60,112,172,0,110,,,DeepSeekBackend,deepseek-v4-flash,1784120483.634138,llm_judge_binary,evaluation,,,10.0,10.0
deepseek,60,92,152,0,90,,,DeepSeekBackend,deepseek-v4-flash,1784120483.6504,llm_judge_binary,evaluation,,,18.0,18.0
deepseek,60,109,169,0,107,,,DeepSeekBackend,deepseek-v4-flash,1784120483.6608398,llm_judge_binary,evaluation,,,14.0,14.0
deepseek,60,131,191,0,129,,,DeepSeekBackend,deepseek-v4-flash,1784120484.1378384,llm_judge_binary,evaluation,,,19.0,19.0
deepseek,60,33,93,0,31,,,DeepSeekBackend,deepseek-v4-flash,1784120484.2447968,llm_judge_binary,evaluation,,,26.0,26.0
deepseek,60,75,135,0,73,,,DeepSeekBackend,deepseek-v4-flash,1784120484.5568056,llm_judge_binary,evaluation,,,22.0,22.0
deepseek,60,108,168,0,106,,,DeepSeekBackend,deepseek-v4-flash,1784120484.5750852,llm_judge_binary,evaluation,,,21.0,21.0
deepseek,60,70,130,0,68,,,DeepSeekBackend,deepseek-v4-flash,1784120484.7679734,llm_judge_binary,evaluation,,,24.0,24.0
deepseek,60,68,128,0,66,,,DeepSeekBackend,deepseek-v4-flash,1784120484.8383126,llm_judge_binary,evaluation,,,33.0,33.0
deepseek,60,46,106,0,44,,,DeepSeekBackend,deepseek-v4-flash,1784120484.87755,llm_judge_binary,evaluation,,,36.0,36.0
deepseek,60,91,151,0,89,,,DeepSeekBackend,deepseek-v4-flash,1784120484.9131513,llm_judge_binary,evaluation,,,25.0,25.0
deepseek,60,68,128,0,66,,,DeepSeekBackend,deepseek-v4-flash,1784120484.9266758,llm_judge_binary,evaluation,,,30.0,30.0
deepseek,60,82,142,0,80,,,DeepSeekBackend,deepseek-v4-flash,1784120484.947291,llm_judge_binary,evaluation,,,28.0,28.0
deepseek,60,76,136,0,74,,,DeepSeekBackend,deepseek-v4-flash,1784120484.959021,llm_judge_binary,evaluation,,,23.0,23.0
deepseek,60,81,141,0,79,,,DeepSeekBackend,deepseek-v4-flash,1784120485.0122516,llm_judge_binary,evaluation,,,32.0,32.0
deepseek,60,88,148,0,86,,,DeepSeekBackend,deepseek-v4-flash,1784120485.1061504,llm_judge_binary,evaluation,,,29.0,29.0
deepseek,60,186,246,0,184,,,DeepSeekBackend,deepseek-v4-flash,1784120485.3638282,llm_judge_binary,evaluation,,,20.0,20.0
deepseek,60,108,168,0,106,,,DeepSeekBackend,deepseek-v4-flash,1784120485.5511925,llm_judge_binary,evaluation,,,31.0,31.0
deepseek,60,56,116,0,54,,,DeepSeekBackend,deepseek-v4-flash,1784120485.5861018,llm_judge_binary,evaluation,,,38.0,38.0
deepseek,60,42,102,0,40,,,DeepSeekBackend,deepseek-v4-flash,1784120485.667465,llm_judge_binary,evaluation,,,42.0,42.0
deepseek,60,44,104,0,42,,,DeepSeekBackend,deepseek-v4-flash,1784120485.7947354,llm_judge_binary,evaluation,,,44.0,44.0
deepseek,60,27,87,0,25,,,DeepSeekBackend,deepseek-v4-flash,1784120485.808209,llm_judge_binary,evaluation,,,40.0,40.0
deepseek,60,42,102,0,40,,,DeepSeekBackend,deepseek-v4-flash,1784120485.941159,llm_judge_binary,evaluation,,,49.0,49.0
deepseek,60,141,201,0,139,,,DeepSeekBackend,deepseek-v4-flash,1784120485.97131,llm_judge_binary,evaluation,,,37.0,37.0
deepseek,60,95,155,0,93,,,DeepSeekBackend,deepseek-v4-flash,1784120485.9784868,llm_judge_binary,evaluation,,,39.0,39.0
deepseek,60,46,106,0,44,,,DeepSeekBackend,deepseek-v4-flash,1784120485.9888747,llm_judge_binary,evaluation,,,45.0,45.0
deepseek,60,47,107,0,45,,,DeepSeekBackend,deepseek-v4-flash,1784120486.0555267,llm_judge_binary,evaluation,,,47.0,47.0
deepseek,60,39,99,0,37,,,DeepSeekBackend,deepseek-v4-flash,1784120486.0621529,llm_judge_binary,evaluation,,,43.0,43.0
deepseek,60,46,106,0,44,,,DeepSeekBackend,deepseek-v4-flash,1784120486.1681888,llm_judge_binary,evaluation,,,46.0,46.0
deepseek,60,163,223,0,161,,,DeepSeekBackend,deepseek-v4-flash,1784120486.2589524,llm_judge_binary,evaluation,,,27.0,27.0
deepseek,62,58,120,0,56,,,DeepSeekBackend,deepseek-v4-flash,1784120486.2786133,llm_judge_binary,evaluation,,,48.0,48.0
deepseek,60,45,105,0,43,,,DeepSeekBackend,deepseek-v4-flash,1784120486.2847977,llm_judge_binary,evaluation,,,50.0,50.0
deepseek,62,95,157,0,93,,,DeepSeekBackend,deepseek-v4-flash,1784120486.3553364,llm_judge_binary,evaluation,,,41.0,41.0
deepseek,60,170,230,0,168,,,DeepSeekBackend,deepseek-v4-flash,1784120486.5847752,llm_judge_binary,evaluation,,,35.0,35.0
deepseek,60,40,100,0,38,,,DeepSeekBackend,deepseek-v4-flash,1784120486.7332897,llm_judge_binary,evaluation,,,55.0,55.0
deepseek,60,45,105,0,43,,,DeepSeekBackend,deepseek-v4-flash,1784120486.798499,llm_judge_binary,evaluation,,,56.0,56.0
deepseek,60,47,107,0,45,,,DeepSeekBackend,deepseek-v4-flash,1784120486.8060098,llm_judge_binary,evaluation,,,52.0,52.0
deepseek,60,42,102,0,40,,,DeepSeekBackend,deepseek-v4-flash,1784120486.852901,llm_judge_binary,evaluation,,,53.0,53.0
deepseek,60,48,108,0,46,,,DeepSeekBackend,deepseek-v4-flash,1784120486.9038033,llm_judge_binary,evaluation,,,54.0,54.0
deepseek,60,29,89,0,27,,,DeepSeekBackend,deepseek-v4-flash,1784120486.9167185,llm_judge_binary,evaluation,,,59.0,59.0
deepseek,60,44,104,0,42,,,DeepSeekBackend,deepseek-v4-flash,1784120487.1281157,llm_judge_binary,evaluation,,,58.0,58.0
deepseek,60,42,102,0,40,,,DeepSeekBackend,deepseek-v4-flash,1784120487.13537,llm_judge_binary,evaluation,,,60.0,60.0
deepseek,60,102,162,0,100,,,DeepSeekBackend,deepseek-v4-flash,1784120487.1418352,llm_judge_binary,evaluation,,,51.0,51.0
deepseek,60,35,95,0,33,,,DeepSeekBackend,deepseek-v4-flash,1784120487.1493092,llm_judge_binary,evaluation,,,57.0,57.0
deepseek,60,29,89,0,27,,,DeepSeekBackend,deepseek-v4-flash,1784120487.1565773,llm_judge_binary,evaluation,,,62.0,62.0
deepseek,60,48,108,0,46,,,DeepSeekBackend,deepseek-v4-flash,1784120487.1661751,llm_judge_binary,evaluation,,,61.0,61.0
deepseek,60,242,302,0,240,,,DeepSeekBackend,deepseek-v4-flash,1784120487.1799986,llm_judge_binary,evaluation,,,34.0,34.0
deepseek,60,38,98,0,36,,,DeepSeekBackend,deepseek-v4-flash,1784120487.2888014,llm_judge_binary,evaluation,,,63.0,63.0
deepseek,60,37,97,0,35,,,DeepSeekBackend,deepseek-v4-flash,1784120487.4377432,llm_judge_binary,evaluation,,,65.0,65.0
deepseek,60,36,96,0,34,,,DeepSeekBackend,deepseek-v4-flash,1784120487.502903,llm_judge_binary,evaluation,,,64.0,64.0
deepseek,60,36,96,0,34,,,DeepSeekBackend,deepseek-v4-flash,1784120487.5398834,llm_judge_binary,evaluation,,,66.0,66.0
deepseek,60,38,98,0,36,,,DeepSeekBackend,deepseek-v4-flash,1784120487.5659614,llm_judge_binary,evaluation,,,68.0,68.0
deepseek,60,45,105,0,43,,,DeepSeekBackend,deepseek-v4-flash,1784120487.5920749,llm_judge_binary,evaluation,,,67.0,67.0
deepseek,60,38,98,0,36,,,DeepSeekBackend,deepseek-v4-flash,1784120487.7385244,llm_judge_binary,evaluation,,,71.0,71.0
deepseek,60,44,104,0,42,,,DeepSeekBackend,deepseek-v4-flash,1784120487.8491106,llm_judge_binary,evaluation,,,72.0,72.0
deepseek,60,35,95,0,33,,,DeepSeekBackend,deepseek-v4-flash,1784120487.8978245,llm_judge_binary,evaluation,,,69.0,69.0
deepseek,60,44,104,0,42,,,DeepSeekBackend,deepseek-v4-flash,1784120487.9856756,llm_judge_binary,evaluation,,,70.0,70.0
deepseek,60,34,94,0,32,,,DeepSeekBackend,deepseek-v4-flash,1784120488.038821,llm_judge_binary,evaluation,,,74.0,74.0
deepseek,60,40,100,0,38,,,DeepSeekBackend,deepseek-v4-flash,1784120488.0846581,llm_judge_binary,evaluation,,,73.0,73.0
deepseek,62,45,107,0,43,,,DeepSeekBackend,deepseek-v4-flash,1784120488.1844006,llm_judge_binary,evaluation,,,80.0,80.0
deepseek,60,38,98,0,36,,,DeepSeekBackend,deepseek-v4-flash,1784120488.2355602,llm_judge_binary,evaluation,,,77.0,77.0
deepseek,60,47,107,0,45,,,DeepSeekBackend,deepseek-v4-flash,1784120488.278855,llm_judge_binary,evaluation,,,76.0,76.0
deepseek,60,47,107,0,45,,,DeepSeekBackend,deepseek-v4-flash,1784120488.3075948,llm_judge_binary,evaluation,,,79.0,79.0
deepseek,60,46,106,0,44,,,DeepSeekBackend,deepseek-v4-flash,1784120488.3145278,llm_judge_binary,evaluation,,,75.0,75.0
deepseek,60,43,103,0,41,,,DeepSeekBackend,deepseek-v4-flash,1784120488.3211367,llm_judge_binary,evaluation,,,78.0,78.0
deepseek,62,48,110,0,46,,,DeepSeekBackend,deepseek-v4-flash,1784120488.4248295,llm_judge_binary,evaluation,,,81.0,81.0
deepseek,62,41,103,0,39,,,DeepSeekBackend,deepseek-v4-flash,1784120488.4709253,llm_judge_binary,evaluation,,,83.0,83.0
deepseek,62,42,104,0,40,,,DeepSeekBackend,deepseek-v4-flash,1784120488.4984286,llm_judge_binary,evaluation,,,85.0,85.0
deepseek,62,42,104,0,40,,,DeepSeekBackend,deepseek-v4-flash,1784120488.5035386,llm_judge_binary,evaluation,,,82.0,82.0
deepseek,62,34,96,0,32,,,DeepSeekBackend,deepseek-v4-flash,1784120488.5769646,llm_judge_binary,evaluation,,,88.0,88.0
deepseek,62,37,99,0,35,,,DeepSeekBackend,deepseek-v4-flash,1784120488.6412349,llm_judge_binary,evaluation,,,86.0,86.0
deepseek,62,45,107,0,43,,,DeepSeekBackend,deepseek-v4-flash,1784120488.658492,llm_judge_binary,evaluation,,,87.0,87.0
deepseek,62,36,98,0,34,,,DeepSeekBackend,deepseek-v4-flash,1784120488.7317238,llm_judge_binary,evaluation,,,84.0,84.0
deepseek,60,601,661,0,599,,,DeepSeekBackend,deepseek-v4-flash,1784120488.9330764,llm_judge_binary,evaluation,,,13.0,13.0
deepseek,62,42,104,0,40,,,DeepSeekBackend,deepseek-v4-flash,1784120488.9399903,llm_judge_binary,evaluation,,,93.0,93.0
deepseek,62,36,98,0,34,,,DeepSeekBackend,deepseek-v4-flash,1784120488.9580896,llm_judge_binary,evaluation,,,92.0,92.0
deepseek,62,39,101,0,37,,,DeepSeekBackend,deepseek-v4-flash,1784120488.9906301,llm_judge_binary,evaluation,,,89.0,89.0
deepseek,62,38,100,0,36,,,DeepSeekBackend,deepseek-v4-flash,1784120489.0014856,llm_judge_binary,evaluation,,,90.0,90.0
deepseek,62,45,107,0,43,,,DeepSeekBackend,deepseek-v4-flash,1784120489.01172,llm_judge_binary,evaluation,,,91.0,91.0
deepseek,62,32,94,0,30,,,DeepSeekBackend,deepseek-v4-flash,1784120489.1563709,llm_judge_binary,evaluation,,,94.0,94.0
deepseek,62,34,96,0,32,,,DeepSeekBackend,deepseek-v4-flash,1784120489.2070217,llm_judge_binary,evaluation,,,95.0,95.0
deepseek,62,33,95,0,31,,,DeepSeekBackend,deepseek-v4-flash,1784120489.2695193,llm_judge_binary,evaluation,,,97.0,97.0
deepseek,62,46,108,0,44,,,DeepSeekBackend,deepseek-v4-flash,1784120489.3160565,llm_judge_binary,evaluation,,,99.0,99.0
deepseek,62,45,107,0,43,,,DeepSeekBackend,deepseek-v4-flash,1784120489.3948283,llm_judge_binary,evaluation,,,98.0,98.0
deepseek,62,42,104,0,40,,,DeepSeekBackend,deepseek-v4-flash,1784120489.4315093,llm_judge_binary,evaluation,,,100.0,100.0
deepseek,62,49,111,0,47,,,DeepSeekBackend,deepseek-v4-flash,1784120489.4406245,llm_judge_binary,evaluation,,,101.0,101.0
deepseek,62,49,111,0,47,,,DeepSeekBackend,deepseek-v4-flash,1784120489.446834,llm_judge_binary,evaluation,,,96.0,96.0
deepseek,62,46,108,0,44,,,DeepSeekBackend,deepseek-v4-flash,1784120489.5665143,llm_judge_binary,evaluation,,,104.0,104.0
deepseek,62,43,105,0,41,,,DeepSeekBackend,deepseek-v4-flash,1784120489.5944726,llm_judge_binary,evaluation,,,105.0,105.0
deepseek,62,36,98,0,34,,,DeepSeekBackend,deepseek-v4-flash,1784120489.613011,llm_judge_binary,evaluation,,,103.0,103.0
deepseek,62,44,106,0,42,,,DeepSeekBackend,deepseek-v4-flash,1784120489.6339123,llm_judge_binary,evaluation,,,102.0,102.0
deepseek,62,52,114,0,50,,,DeepSeekBackend,deepseek-v4-flash,1784120489.836513,llm_judge_binary,evaluation,,,106.0,106.0
deepseek,62,36,98,0,34,,,DeepSeekBackend,deepseek-v4-flash,1784120489.8436894,llm_judge_binary,evaluation,,,111.0,111.0
deepseek,61,57,118,0,55,,,DeepSeekBackend,deepseek-v4-flash,1784120489.890909,llm_judge_binary,evaluation,,,107.0,107.0
deepseek,62,41,103,0,39,,,DeepSeekBackend,deepseek-v4-flash,1784120489.9457269,llm_judge_binary,evaluation,,,109.0,109.0
deepseek,62,37,99,0,35,,,DeepSeekBackend,deepseek-v4-flash,1784120489.983376,llm_judge_binary,evaluation,,,112.0,112.0
deepseek,62,43,105,0,41,,,DeepSeekBackend,deepseek-v4-flash,1784120490.0913715,llm_judge_binary,evaluation,,,110.0,110.0
deepseek,62,44,106,0,42,,,DeepSeekBackend,deepseek-v4-flash,1784120490.2861094,llm_judge_binary,evaluation,,,114.0,114.0
deepseek,62,44,106,0,42,,,DeepSeekBackend,deepseek-v4-flash,1784120490.3029966,llm_judge_binary,evaluation,,,119.0,119.0
deepseek,61,65,126,0,63,,,DeepSeekBackend,deepseek-v4-flash,1784120490.3628829,llm_judge_binary,evaluation,,,113.0,113.0
deepseek,61,63,124,0,61,,,DeepSeekBackend,deepseek-v4-flash,1784120490.4092948,llm_judge_binary,evaluation,,,116.0,116.0
deepseek,62,96,158,0,94,,,DeepSeekBackend,deepseek-v4-flash,1784120490.4611924,llm_judge_binary,evaluation,,,108.0,108.0
deepseek,61,63,124,0,61,,,DeepSeekBackend,deepseek-v4-flash,1784120490.521011,llm_judge_binary,evaluation,,,117.0,117.0
deepseek,61,82,143,0,80,,,DeepSeekBackend,deepseek-v4-flash,1784120490.6271908,llm_judge_binary,evaluation,,,115.0,115.0
deepseek,64,45,109,0,43,,,DeepSeekBackend,deepseek-v4-flash,1784120490.734214,llm_judge_binary,evaluation,,,123.0,123.0
deepseek,61,61,122,0,59,,,DeepSeekBackend,deepseek-v4-flash,1784120490.7870133,llm_judge_binary,evaluation,,,118.0,118.0
deepseek,63,101,164,0,99,,,DeepSeekBackend,deepseek-v4-flash,1784120490.8192027,llm_judge_binary,evaluation,,,121.0,121.0
deepseek,63,79,142,0,77,,,DeepSeekBackend,deepseek-v4-flash,1784120491.0576544,llm_judge_binary,evaluation,,,126.0,126.0
deepseek,63,95,158,0,93,,,DeepSeekBackend,deepseek-v4-flash,1784120491.1558125,llm_judge_binary,evaluation,,,120.0,120.0
deepseek,63,91,154,0,89,,,DeepSeekBackend,deepseek-v4-flash,1784120491.2789118,llm_judge_binary,evaluation,,,129.0,129.0
deepseek,63,87,150,0,85,,,DeepSeekBackend,deepseek-v4-flash,1784120491.2860165,llm_judge_binary,evaluation,,,127.0,127.0
deepseek,63,113,176,0,111,,,DeepSeekBackend,deepseek-v4-flash,1784120491.3614452,llm_judge_binary,evaluation,,,122.0,122.0
deepseek,64,49,113,0,47,,,DeepSeekBackend,deepseek-v4-flash,1784120491.519193,llm_judge_binary,evaluation,,,132.0,132.0
deepseek,63,115,178,0,113,,,DeepSeekBackend,deepseek-v4-flash,1784120491.567811,llm_judge_binary,evaluation,,,124.0,124.0
deepseek,63,117,180,0,115,,,DeepSeekBackend,deepseek-v4-flash,1784120491.6319916,llm_judge_binary,evaluation,,,128.0,128.0
deepseek,63,84,147,0,82,,,DeepSeekBackend,deepseek-v4-flash,1784120491.6413088,llm_judge_binary,evaluation,,,130.0,130.0
deepseek,63,87,150,0,85,,,DeepSeekBackend,deepseek-v4-flash,1784120491.6896732,llm_judge_binary,evaluation,,,131.0,131.0
deepseek,63,92,155,0,90,,,DeepSeekBackend,deepseek-v4-flash,1784120491.7323968,llm_judge_binary,evaluation,,,133.0,133.0
deepseek,63,96,159,0,94,,,DeepSeekBackend,deepseek-v4-flash,1784120491.752417,llm_judge_binary,evaluation,,,136.0,136.0
deepseek,63,178,241,0,176,,,DeepSeekBackend,deepseek-v4-flash,1784120491.8838913,llm_judge_binary,evaluation,,,125.0,125.0
deepseek,63,105,168,0,103,,,DeepSeekBackend,deepseek-v4-flash,1784120491.8907228,llm_judge_binary,evaluation,,,135.0,135.0
deepseek,64,47,111,0,45,,,DeepSeekBackend,deepseek-v4-flash,1784120491.8971827,llm_judge_binary,evaluation,,,140.0,140.0
deepseek,64,49,113,0,47,,,DeepSeekBackend,deepseek-v4-flash,1784120492.018969,llm_judge_binary,evaluation,,,141.0,141.0
deepseek,64,44,108,0,42,,,DeepSeekBackend,deepseek-v4-flash,1784120492.0452945,llm_judge_binary,evaluation,,,143.0,143.0
deepseek,64,49,113,0,47,,,DeepSeekBackend,deepseek-v4-flash,1784120492.0628285,llm_judge_binary,evaluation,,,142.0,142.0
deepseek,63,93,156,0,91,,,DeepSeekBackend,deepseek-v4-flash,1784120492.0754116,llm_judge_binary,evaluation,,,138.0,138.0
deepseek,63,113,176,0,111,,,DeepSeekBackend,deepseek-v4-flash,1784120492.1141872,llm_judge_binary,evaluation,,,137.0,137.0
deepseek,63,96,159,0,94,,,DeepSeekBackend,deepseek-v4-flash,1784120492.1997588,llm_judge_binary,evaluation,,,134.0,134.0
deepseek,64,43,107,0,41,,,DeepSeekBackend,deepseek-v4-flash,1784120492.280642,llm_judge_binary,evaluation,,,145.0,145.0
deepseek,63,64,127,0,62,,,DeepSeekBackend,deepseek-v4-flash,1784120492.350731,llm_judge_binary,evaluation,,,139.0,139.0
deepseek,64,31,95,0,29,,,DeepSeekBackend,deepseek-v4-flash,1784120492.3581057,llm_judge_binary,evaluation,,,144.0,144.0
deepseek,64,39,103,0,37,,,DeepSeekBackend,deepseek-v4-flash,1784120492.6156158,llm_judge_binary,evaluation,,,152.0,152.0
deepseek,64,52,116,0,50,,,DeepSeekBackend,deepseek-v4-flash,1784120492.6380734,llm_judge_binary,evaluation,,,148.0,148.0
deepseek,64,52,116,0,50,,,DeepSeekBackend,deepseek-v4-flash,1784120492.6660497,llm_judge_binary,evaluation,,,151.0,151.0
deepseek,64,74,138,0,72,,,DeepSeekBackend,deepseek-v4-flash,1784120492.6829443,llm_judge_binary,evaluation,,,146.0,146.0
deepseek,64,43,107,0,41,,,DeepSeekBackend,deepseek-v4-flash,1784120492.7016394,llm_judge_binary,evaluation,,,147.0,147.0
deepseek,64,39,103,0,37,,,DeepSeekBackend,deepseek-v4-flash,1784120492.7542129,llm_judge_binary,evaluation,,,149.0,149.0
deepseek,64,47,111,0,45,,,DeepSeekBackend,deepseek-v4-flash,1784120492.7860646,llm_judge_binary,evaluation,,,150.0,150.0
deepseek,64,42,106,0,40,,,DeepSeekBackend,deepseek-v4-flash,1784120492.8497446,llm_judge_binary,evaluation,,,154.0,154.0
deepseek,64,46,110,0,44,,,DeepSeekBackend,deepseek-v4-flash,1784120492.905562,llm_judge_binary,evaluation,,,153.0,153.0
deepseek,64,35,99,0,33,,,DeepSeekBackend,deepseek-v4-flash,1784120492.9204876,llm_judge_binary,evaluation,,,157.0,157.0
deepseek,64,38,102,0,36,,,DeepSeekBackend,deepseek-v4-flash,1784120492.996691,llm_judge_binary,evaluation,,,156.0,156.0
deepseek,64,49,113,0,47,,,DeepSeekBackend,deepseek-v4-flash,1784120493.0249288,llm_judge_binary,evaluation,,,155.0,155.0
deepseek,64,41,105,0,39,,,DeepSeekBackend,deepseek-v4-flash,1784120493.0530715,llm_judge_binary,evaluation,,,159.0,159.0
deepseek,64,48,112,0,46,,,DeepSeekBackend,deepseek-v4-flash,1784120493.1105425,llm_judge_binary,evaluation,,,158.0,158.0
deepseek,68,45,113,0,43,,,DeepSeekBackend,deepseek-v4-flash,1784120493.2671535,llm_judge_binary,evaluation,,,161.0,161.0
deepseek,68,59,127,0,57,,,DeepSeekBackend,deepseek-v4-flash,1784120493.324305,llm_judge_binary,evaluation,,,160.0,160.0
deepseek,68,42,110,0,40,,,DeepSeekBackend,deepseek-v4-flash,1784120493.3868608,llm_judge_binary,evaluation,,,164.0,164.0
deepseek,68,39,107,0,37,,,DeepSeekBackend,deepseek-v4-flash,1784120493.4014916,llm_judge_binary,evaluation,,,162.0,162.0
deepseek,68,51,119,0,49,,,DeepSeekBackend,deepseek-v4-flash,1784120493.4892554,llm_judge_binary,evaluation,,,165.0,165.0
deepseek,68,40,108,0,38,,,DeepSeekBackend,deepseek-v4-flash,1784120493.5171614,llm_judge_binary,evaluation,,,168.0,168.0
deepseek,68,45,113,0,43,,,DeepSeekBackend,deepseek-v4-flash,1784120493.5841975,llm_judge_binary,evaluation,,,170.0,170.0
deepseek,68,52,120,0,50,,,DeepSeekBackend,deepseek-v4-flash,1784120493.6531296,llm_judge_binary,evaluation,,,169.0,169.0
deepseek,68,54,122,0,52,,,DeepSeekBackend,deepseek-v4-flash,1784120493.6824658,llm_judge_binary,evaluation,,,166.0,166.0
deepseek,64,86,150,0,84,,,DeepSeekBackend,deepseek-v4-flash,1784120493.6994686,llm_judge_binary,evaluation,,,163.0,163.0
deepseek,68,44,112,0,42,,,DeepSeekBackend,deepseek-v4-flash,1784120493.7062345,llm_judge_binary,evaluation,,,171.0,171.0
deepseek,68,49,117,0,47,,,DeepSeekBackend,deepseek-v4-flash,1784120493.740388,llm_judge_binary,evaluation,,,167.0,167.0
deepseek,68,60,128,0,58,,,DeepSeekBackend,deepseek-v4-flash,1784120493.830049,llm_judge_binary,evaluation,,,174.0,174.0
deepseek,68,53,121,0,51,,,DeepSeekBackend,deepseek-v4-flash,1784120493.9155357,llm_judge_binary,evaluation,,,175.0,175.0
deepseek,68,51,119,0,49,,,DeepSeekBackend,deepseek-v4-flash,1784120493.9384997,llm_judge_binary,evaluation,,,172.0,172.0
deepseek,68,53,121,0,51,,,DeepSeekBackend,deepseek-v4-flash,1784120493.971863,llm_judge_binary,evaluation,,,173.0,173.0
deepseek,68,45,113,0,43,,,DeepSeekBackend,deepseek-v4-flash,1784120494.0357955,llm_judge_binary,evaluation,,,177.0,177.0
deepseek,68,40,108,0,38,,,DeepSeekBackend,deepseek-v4-flash,1784120494.0744736,llm_judge_binary,evaluation,,,176.0,176.0
deepseek,68,47,115,0,45,,,DeepSeekBackend,deepseek-v4-flash,1784120494.1069982,llm_judge_binary,evaluation,,,179.0,179.0
deepseek,64,46,110,0,44,,,DeepSeekBackend,deepseek-v4-flash,1784120494.1227589,llm_judge_binary,evaluation,,,180.0,180.0
deepseek,64,34,98,0,32,,,DeepSeekBackend,deepseek-v4-flash,1784120494.1788173,llm_judge_binary,evaluation,,,181.0,181.0
deepseek,68,48,116,0,46,,,DeepSeekBackend,deepseek-v4-flash,1784120494.240622,llm_judge_binary,evaluation,,,178.0,178.0
deepseek,64,41,105,0,39,,,DeepSeekBackend,deepseek-v4-flash,1784120494.4821227,llm_judge_binary,evaluation,,,185.0,185.0
deepseek,63,68,131,0,66,,,DeepSeekBackend,deepseek-v4-flash,1784120494.5407755,llm_judge_binary,evaluation,,,182.0,182.0
deepseek,64,36,100,0,34,,,DeepSeekBackend,deepseek-v4-flash,1784120494.5643604,llm_judge_binary,evaluation,,,184.0,184.0
deepseek,64,41,105,0,39,,,DeepSeekBackend,deepseek-v4-flash,1784120494.6326683,llm_judge_binary,evaluation,,,188.0,188.0
deepseek,64,43,107,0,41,,,DeepSeekBackend,deepseek-v4-flash,1784120494.6578383,llm_judge_binary,evaluation,,,189.0,189.0
deepseek,64,48,112,0,46,,,DeepSeekBackend,deepseek-v4-flash,1784120494.6976671,llm_judge_binary,evaluation,,,187.0,187.0
deepseek,64,50,114,0,48,,,DeepSeekBackend,deepseek-v4-flash,1784120494.715178,llm_judge_binary,evaluation,,,183.0,183.0
deepseek,63,67,130,0,65,,,DeepSeekBackend,deepseek-v4-flash,1784120494.7222676,llm_judge_binary,evaluation,,,186.0,186.0
deepseek,64,38,102,0,36,,,DeepSeekBackend,deepseek-v4-flash,1784120494.7292247,llm_judge_binary,evaluation,,,192.0,192.0
deepseek,64,38,102,0,36,,,DeepSeekBackend,deepseek-v4-flash,1784120494.8725111,llm_judge_binary,evaluation,,,194.0,194.0
deepseek,64,46,110,0,44,,,DeepSeekBackend,deepseek-v4-flash,1784120494.8800912,llm_judge_binary,evaluation,,,190.0,190.0
deepseek,64,39,103,0,37,,,DeepSeekBackend,deepseek-v4-flash,1784120494.8859913,llm_judge_binary,evaluation,,,193.0,193.0
deepseek,64,46,110,0,44,,,DeepSeekBackend,deepseek-v4-flash,1784120494.9888966,llm_judge_binary,evaluation,,,196.0,196.0
deepseek,64,39,103,0,37,,,DeepSeekBackend,deepseek-v4-flash,1784120495.1290364,llm_judge_binary,evaluation,,,198.0,198.0
deepseek,64,44,108,0,42,,,DeepSeekBackend,deepseek-v4-flash,1784120495.186695,llm_judge_binary,evaluation,,,199.0,199.0
deepseek,63,81,144,0,79,,,DeepSeekBackend,deepseek-v4-flash,1784120495.3399882,llm_judge_binary,evaluation,,,197.0,197.0
deepseek,62,50,112,0,48,,,DeepSeekBackend,deepseek-v4-flash,1784120495.349079,llm_judge_binary,evaluation,,,201.0,201.0
deepseek,63,73,136,0,71,,,DeepSeekBackend,deepseek-v4-flash,1784120495.4598818,llm_judge_binary,evaluation,,,200.0,200.0
deepseek,63,87,150,0,85,,,DeepSeekBackend,deepseek-v4-flash,1784120495.5914176,llm_judge_binary,evaluation,,,195.0,195.0
deepseek,63,97,160,0,95,,,DeepSeekBackend,deepseek-v4-flash,1784120495.7510889,llm_judge_binary,evaluation,,,191.0,191.0
deepseek,63,83,146,0,81,,,DeepSeekBackend,deepseek-v4-flash,1784120495.9198372,llm_judge_binary,evaluation,,,202.0,202.0
deepseek,63,58,121,0,56,,,DeepSeekBackend,deepseek-v4-flash,1784120496.1409326,llm_judge_binary,evaluation,,,211.0,211.0
deepseek,63,60,123,0,58,,,DeepSeekBackend,deepseek-v4-flash,1784120496.1666222,llm_judge_binary,evaluation,,,206.0,206.0
deepseek,63,83,146,0,81,,,DeepSeekBackend,deepseek-v4-flash,1784120496.2237022,llm_judge_binary,evaluation,,,213.0,213.0
deepseek,63,94,157,0,92,,,DeepSeekBackend,deepseek-v4-flash,1784120496.2303028,llm_judge_binary,evaluation,,,204.0,204.0
deepseek,63,75,138,0,73,,,DeepSeekBackend,deepseek-v4-flash,1784120496.2488134,llm_judge_binary,evaluation,,,214.0,214.0
deepseek,61,84,145,0,82,,,DeepSeekBackend,deepseek-v4-flash,1784120496.2554688,llm_judge_binary,evaluation,,,210.0,210.0
deepseek,63,96,159,0,94,,,DeepSeekBackend,deepseek-v4-flash,1784120496.2929852,llm_judge_binary,evaluation,,,203.0,203.0
deepseek,63,85,148,0,83,,,DeepSeekBackend,deepseek-v4-flash,1784120496.3228002,llm_judge_binary,evaluation,,,205.0,205.0
deepseek,63,81,144,0,79,,,DeepSeekBackend,deepseek-v4-flash,1784120496.3531184,llm_judge_binary,evaluation,,,208.0,208.0
deepseek,63,65,128,0,63,,,DeepSeekBackend,deepseek-v4-flash,1784120496.3840795,llm_judge_binary,evaluation,,,215.0,215.0
deepseek,62,48,110,0,46,,,DeepSeekBackend,deepseek-v4-flash,1784120496.455848,llm_judge_binary,evaluation,,,217.0,217.0
deepseek,64,33,97,0,31,,,DeepSeekBackend,deepseek-v4-flash,1784120496.4892375,llm_judge_binary,evaluation,,,220.0,220.0
deepseek,63,108,171,0,106,,,DeepSeekBackend,deepseek-v4-flash,1784120496.77787,llm_judge_binary,evaluation,,,212.0,212.0
deepseek,64,46,110,0,44,,,DeepSeekBackend,deepseek-v4-flash,1784120496.7895567,llm_judge_binary,evaluation,,,221.0,221.0
deepseek,63,78,141,0,76,,,DeepSeekBackend,deepseek-v4-flash,1784120496.83749,llm_judge_binary,evaluation,,,216.0,216.0
deepseek,63,68,131,0,66,,,DeepSeekBackend,deepseek-v4-flash,1784120496.886854,llm_judge_binary,evaluation,,,218.0,218.0
deepseek,63,128,191,0,126,,,DeepSeekBackend,deepseek-v4-flash,1784120496.933795,llm_judge_binary,evaluation,,,207.0,207.0
deepseek,64,39,103,0,37,,,DeepSeekBackend,deepseek-v4-flash,1784120496.958448,llm_judge_binary,evaluation,,,222.0,222.0
deepseek,64,40,104,0,38,,,DeepSeekBackend,deepseek-v4-flash,1784120496.9990475,llm_judge_binary,evaluation,,,224.0,224.0
deepseek,64,50,114,0,48,,,DeepSeekBackend,deepseek-v4-flash,1784120497.0197394,llm_judge_binary,evaluation,,,223.0,223.0
deepseek,63,98,161,0,96,,,DeepSeekBackend,deepseek-v4-flash,1784120497.116006,llm_judge_binary,evaluation,,,219.0,219.0
deepseek,64,29,93,0,27,,,DeepSeekBackend,deepseek-v4-flash,1784120497.1608126,llm_judge_binary,evaluation,,,232.0,232.0
deepseek,64,41,105,0,39,,,DeepSeekBackend,deepseek-v4-flash,1784120497.195039,llm_judge_binary,evaluation,,,227.0,227.0
deepseek,63,145,208,0,143,,,DeepSeekBackend,deepseek-v4-flash,1784120497.2277644,llm_judge_binary,evaluation,,,209.0,209.0
deepseek,64,46,110,0,44,,,DeepSeekBackend,deepseek-v4-flash,1784120497.296664,llm_judge_binary,evaluation,,,228.0,228.0
deepseek,64,44,108,0,42,,,DeepSeekBackend,deepseek-v4-flash,1784120497.302799,llm_judge_binary,evaluation,,,226.0,226.0
deepseek,64,51,115,0,49,,,DeepSeekBackend,deepseek-v4-flash,1784120497.3078318,llm_judge_binary,evaluation,,,230.0,230.0
deepseek,64,43,107,0,41,,,DeepSeekBackend,deepseek-v4-flash,1784120497.3669288,llm_judge_binary,evaluation,,,225.0,225.0
deepseek,64,50,114,0,48,,,DeepSeekBackend,deepseek-v4-flash,1784120497.3961513,llm_judge_binary,evaluation,,,229.0,229.0
deepseek,64,51,115,0,49,,,DeepSeekBackend,deepseek-v4-flash,1784120497.4029937,llm_judge_binary,evaluation,,,231.0,231.0
deepseek,64,57,121,0,55,,,DeepSeekBackend,deepseek-v4-flash,1784120497.6714654,llm_judge_binary,evaluation,,,234.0,234.0
deepseek,64,39,103,0,37,,,DeepSeekBackend,deepseek-v4-flash,1784120497.6890595,llm_judge_binary,evaluation,,,237.0,237.0
deepseek,64,41,105,0,39,,,DeepSeekBackend,deepseek-v4-flash,1784120497.7202806,llm_judge_binary,evaluation,,,233.0,233.0
deepseek,64,38,102,0,36,,,DeepSeekBackend,deepseek-v4-flash,1784120497.7733111,llm_judge_binary,evaluation,,,238.0,238.0
deepseek,64,41,105,0,39,,,DeepSeekBackend,deepseek-v4-flash,1784120497.8838716,llm_judge_binary,evaluation,,,239.0,239.0
deepseek,64,50,114,0,48,,,DeepSeekBackend,deepseek-v4-flash,1784120497.891067,llm_judge_binary,evaluation,,,236.0,236.0
deepseek,68,52,120,0,50,,,DeepSeekBackend,deepseek-v4-flash,1784120497.9705257,llm_judge_binary,evaluation,,,242.0,242.0
deepseek,64,43,107,0,41,,,DeepSeekBackend,deepseek-v4-flash,1784120498.0438151,llm_judge_binary,evaluation,,,235.0,235.0
deepseek,68,43,111,0,41,,,DeepSeekBackend,deepseek-v4-flash,1784120498.0672677,llm_judge_binary,evaluation,,,241.0,241.0
deepseek,68,42,110,0,40,,,DeepSeekBackend,deepseek-v4-flash,1784120498.164577,llm_judge_binary,evaluation,,,248.0,248.0
deepseek,68,53,121,0,51,,,DeepSeekBackend,deepseek-v4-flash,1784120498.1882212,llm_judge_binary,evaluation,,,247.0,247.0
deepseek,68,56,124,0,54,,,DeepSeekBackend,deepseek-v4-flash,1784120498.2319705,llm_judge_binary,evaluation,,,240.0,240.0
deepseek,68,43,111,0,41,,,DeepSeekBackend,deepseek-v4-flash,1784120498.2606616,llm_judge_binary,evaluation,,,250.0,250.0
deepseek,68,48,116,0,46,,,DeepSeekBackend,deepseek-v4-flash,1784120498.2669728,llm_judge_binary,evaluation,,,244.0,244.0
deepseek,68,47,115,0,45,,,DeepSeekBackend,deepseek-v4-flash,1784120498.3422894,llm_judge_binary,evaluation,,,243.0,243.0
deepseek,68,48,116,0,46,,,DeepSeekBackend,deepseek-v4-flash,1784120498.356609,llm_judge_binary,evaluation,,,245.0,245.0
deepseek,68,50,118,0,48,,,DeepSeekBackend,deepseek-v4-flash,1784120498.425962,llm_judge_binary,evaluation,,,246.0,246.0
deepseek,64,78,142,0,76,,,DeepSeekBackend,deepseek-v4-flash,1784120498.5690567,llm_judge_binary,evaluation,,,249.0,249.0
deepseek,68,50,118,0,48,,,DeepSeekBackend,deepseek-v4-flash,1784120498.5929873,llm_judge_binary,evaluation,,,252.0,252.0
deepseek,68,51,119,0,49,,,DeepSeekBackend,deepseek-v4-flash,1784120498.6858318,llm_judge_binary,evaluation,,,254.0,254.0
deepseek,68,47,115,0,45,,,DeepSeekBackend,deepseek-v4-flash,1784120498.6965718,llm_judge_binary,evaluation,,,253.0,253.0
deepseek,68,48,116,0,46,,,DeepSeekBackend,deepseek-v4-flash,1784120498.7035384,llm_judge_binary,evaluation,,,251.0,251.0
deepseek,64,42,106,0,40,,,DeepSeekBackend,deepseek-v4-flash,1784120498.9278135,llm_judge_binary,evaluation,,,262.0,262.0
deepseek,64,72,136,0,70,,,DeepSeekBackend,deepseek-v4-flash,1784120498.9720387,llm_judge_binary,evaluation,,,255.0,255.0
deepseek,68,44,112,0,42,,,DeepSeekBackend,deepseek-v4-flash,1784120498.9963815,llm_judge_binary,evaluation,,,259.0,259.0
deepseek,68,50,118,0,48,,,DeepSeekBackend,deepseek-v4-flash,1784120499.0326583,llm_judge_binary,evaluation,,,258.0,258.0
deepseek,68,53,121,0,51,,,DeepSeekBackend,deepseek-v4-flash,1784120499.0415642,llm_judge_binary,evaluation,,,256.0,256.0
deepseek,64,42,106,0,40,,,DeepSeekBackend,deepseek-v4-flash,1784120499.2273598,llm_judge_binary,evaluation,,,266.0,266.0
deepseek,64,47,111,0,45,,,DeepSeekBackend,deepseek-v4-flash,1784120499.2349048,llm_judge_binary,evaluation,,,268.0,268.0
deepseek,64,66,130,0,64,,,DeepSeekBackend,deepseek-v4-flash,1784120499.2420583,llm_judge_binary,evaluation,,,257.0,257.0
deepseek,64,47,111,0,45,,,DeepSeekBackend,deepseek-v4-flash,1784120499.2486007,llm_judge_binary,evaluation,,,265.0,265.0
deepseek,64,50,114,0,48,,,DeepSeekBackend,deepseek-v4-flash,1784120499.3163629,llm_judge_binary,evaluation,,,263.0,263.0
deepseek,64,48,112,0,46,,,DeepSeekBackend,deepseek-v4-flash,1784120499.3635802,llm_judge_binary,evaluation,,,269.0,269.0
deepseek,63,83,146,0,81,,,DeepSeekBackend,deepseek-v4-flash,1784120499.62883,llm_judge_binary,evaluation,,,264.0,264.0
deepseek,62,66,128,0,64,,,DeepSeekBackend,deepseek-v4-flash,1784120499.6803944,llm_judge_binary,evaluation,,,267.0,267.0
deepseek,64,43,107,0,41,,,DeepSeekBackend,deepseek-v4-flash,1784120499.7029972,llm_judge_binary,evaluation,,,270.0,270.0
deepseek,64,41,105,0,39,,,DeepSeekBackend,deepseek-v4-flash,1784120499.7715557,llm_judge_binary,evaluation,,,274.0,274.0
deepseek,62,78,140,0,76,,,DeepSeekBackend,deepseek-v4-flash,1784120499.7785275,llm_judge_binary,evaluation,,,260.0,260.0
deepseek,64,44,108,0,42,,,DeepSeekBackend,deepseek-v4-flash,1784120499.8717241,llm_judge_binary,evaluation,,,275.0,275.0
deepseek,62,77,139,0,75,,,DeepSeekBackend,deepseek-v4-flash,1784120499.9259791,llm_judge_binary,evaluation,,,271.0,271.0
deepseek,64,46,110,0,44,,,DeepSeekBackend,deepseek-v4-flash,1784120499.9592335,llm_judge_binary,evaluation,,,278.0,278.0
deepseek,62,60,122,0,58,,,DeepSeekBackend,deepseek-v4-flash,1784120500.0342112,llm_judge_binary,evaluation,,,273.0,273.0
deepseek,63,65,128,0,63,,,DeepSeekBackend,deepseek-v4-flash,1784120500.1088464,llm_judge_binary,evaluation,,,272.0,272.0
deepseek,63,127,190,0,125,,,DeepSeekBackend,deepseek-v4-flash,1784120500.348758,llm_judge_binary,evaluation,,,261.0,261.0
deepseek,62,71,133,0,69,,,DeepSeekBackend,deepseek-v4-flash,1784120500.4032168,llm_judge_binary,evaluation,,,283.0,283.0
deepseek,62,46,108,0,44,,,DeepSeekBackend,deepseek-v4-flash,1784120500.4450476,llm_judge_binary,evaluation,,,282.0,282.0
deepseek,63,78,141,0,76,,,DeepSeekBackend,deepseek-v4-flash,1784120500.493543,llm_judge_binary,evaluation,,,279.0,279.0
deepseek,63,89,152,0,87,,,DeepSeekBackend,deepseek-v4-flash,1784120500.5537038,llm_judge_binary,evaluation,,,277.0,277.0
deepseek,62,61,123,0,59,,,DeepSeekBackend,deepseek-v4-flash,1784120500.6877534,llm_judge_binary,evaluation,,,281.0,281.0
deepseek,62,37,99,0,35,,,DeepSeekBackend,deepseek-v4-flash,1784120500.8637965,llm_judge_binary,evaluation,,,290.0,290.0
deepseek,62,74,136,0,72,,,DeepSeekBackend,deepseek-v4-flash,1784120500.8706295,llm_judge_binary,evaluation,,,284.0,284.0
deepseek,62,87,149,0,85,,,DeepSeekBackend,deepseek-v4-flash,1784120500.9600759,llm_judge_binary,evaluation,,,280.0,280.0
deepseek,63,130,193,0,128,,,DeepSeekBackend,deepseek-v4-flash,1784120501.0306323,llm_judge_binary,evaluation,,,276.0,276.0
deepseek,62,80,142,0,78,,,DeepSeekBackend,deepseek-v4-flash,1784120501.0472972,llm_judge_binary,evaluation,,,287.0,287.0
deepseek,62,37,99,0,35,,,DeepSeekBackend,deepseek-v4-flash,1784120501.0620067,llm_judge_binary,evaluation,,,293.0,293.0
deepseek,62,97,159,0,95,,,DeepSeekBackend,deepseek-v4-flash,1784120501.163755,llm_judge_binary,evaluation,,,285.0,285.0
deepseek,62,96,158,0,94,,,DeepSeekBackend,deepseek-v4-flash,1784120501.196894,llm_judge_binary,evaluation,,,286.0,286.0
deepseek,62,76,138,0,74,,,DeepSeekBackend,deepseek-v4-flash,1784120501.203786,llm_judge_binary,evaluation,,,288.0,288.0
deepseek,62,60,122,0,58,,,DeepSeekBackend,deepseek-v4-flash,1784120501.2852585,llm_judge_binary,evaluation,,,292.0,292.0
deepseek,62,74,136,0,72,,,DeepSeekBackend,deepseek-v4-flash,1784120501.3334916,llm_judge_binary,evaluation,,,289.0,289.0
deepseek,62,99,161,0,97,,,DeepSeekBackend,deepseek-v4-flash,1784120501.7196379,llm_judge_binary,evaluation,,,294.0,294.0
deepseek,62,78,140,0,76,,,DeepSeekBackend,deepseek-v4-flash,1784120501.7861004,llm_judge_binary,evaluation,,,295.0,295.0
deepseek,62,116,178,0,114,,,DeepSeekBackend,deepseek-v4-flash,1784120501.8229628,llm_judge_binary,evaluation,,,291.0,291.0
deepseek,62,71,133,0,69,,,DeepSeekBackend,deepseek-v4-flash,1784120501.924096,llm_judge_binary,evaluation,,,298.0,298.0
deepseek,62,89,151,0,87,,,DeepSeekBackend,deepseek-v4-flash,1784120501.9299495,llm_judge_binary,evaluation,,,296.0,296.0
deepseek,60,59,119,0,57,,,DeepSeekBackend,deepseek-v4-flash,1784120501.9387486,llm_judge_binary,evaluation,,,300.0,300.0
deepseek,62,67,129,0,65,,,DeepSeekBackend,deepseek-v4-flash,1784120501.9514403,llm_judge_binary,evaluation,,,299.0,299.0
deepseek,60,69,129,0,67,,,DeepSeekBackend,deepseek-v4-flash,1784120502.0073502,llm_judge_binary,evaluation,,,301.0,301.0
deepseek,62,117,179,0,115,,,DeepSeekBackend,deepseek-v4-flash,1784120502.1430657,llm_judge_binary,evaluation,,,297.0,297.0
deepseek,60,57,117,0,55,,,DeepSeekBackend,deepseek-v4-flash,1784120502.2001824,llm_judge_binary,evaluation,,,303.0,303.0
deepseek,60,58,118,0,56,,,DeepSeekBackend,deepseek-v4-flash,1784120502.2972536,llm_judge_binary,evaluation,,,306.0,306.0
deepseek,60,40,100,0,38,,,DeepSeekBackend,deepseek-v4-flash,1784120502.3082094,llm_judge_binary,evaluation,,,311.0,311.0
deepseek,60,72,132,0,70,,,DeepSeekBackend,deepseek-v4-flash,1784120502.3809457,llm_judge_binary,evaluation,,,307.0,307.0
deepseek,60,78,138,0,76,,,DeepSeekBackend,deepseek-v4-flash,1784120502.4898741,llm_judge_binary,evaluation,,,309.0,309.0
deepseek,60,78,138,0,76,,,DeepSeekBackend,deepseek-v4-flash,1784120502.5595715,llm_judge_binary,evaluation,,,305.0,305.0
deepseek,60,71,131,0,69,,,DeepSeekBackend,deepseek-v4-flash,1784120502.6136885,llm_judge_binary,evaluation,,,308.0,308.0
deepseek,60,75,135,0,73,,,DeepSeekBackend,deepseek-v4-flash,1784120502.681819,llm_judge_binary,evaluation,,,304.0,304.0
deepseek,60,97,157,0,95,,,DeepSeekBackend,deepseek-v4-flash,1784120502.729769,llm_judge_binary,evaluation,,,310.0,310.0
deepseek,60,91,151,0,89,,,DeepSeekBackend,deepseek-v4-flash,1784120502.799693,llm_judge_binary,evaluation,,,302.0,302.0
deepseek,60,42,102,0,40,,,DeepSeekBackend,deepseek-v4-flash,1784120502.9235842,llm_judge_binary,evaluation,,,320.0,320.0
deepseek,60,73,133,0,71,,,DeepSeekBackend,deepseek-v4-flash,1784120502.9302843,llm_judge_binary,evaluation,,,312.0,312.0
deepseek,60,56,116,0,54,,,DeepSeekBackend,deepseek-v4-flash,1784120503.0129936,llm_judge_binary,evaluation,,,313.0,313.0
deepseek,60,50,110,0,48,,,DeepSeekBackend,deepseek-v4-flash,1784120503.0542204,llm_judge_binary,evaluation,,,315.0,315.0
deepseek,60,45,105,0,43,,,DeepSeekBackend,deepseek-v4-flash,1784120503.2467463,llm_judge_binary,evaluation,,,323.0,323.0
deepseek,60,69,129,0,67,,,DeepSeekBackend,deepseek-v4-flash,1784120503.2744741,llm_judge_binary,evaluation,,,319.0,319.0
deepseek,60,42,102,0,40,,,DeepSeekBackend,deepseek-v4-flash,1784120503.3138566,llm_judge_binary,evaluation,,,321.0,321.0
deepseek,60,44,104,0,42,,,DeepSeekBackend,deepseek-v4-flash,1784120503.3533223,llm_judge_binary,evaluation,,,322.0,322.0
deepseek,60,69,129,0,67,,,DeepSeekBackend,deepseek-v4-flash,1784120503.3603904,llm_judge_binary,evaluation,,,314.0,314.0
deepseek,60,41,101,0,39,,,DeepSeekBackend,deepseek-v4-flash,1784120503.3675556,llm_judge_binary,evaluation,,,324.0,324.0
deepseek,60,62,122,0,60,,,DeepSeekBackend,deepseek-v4-flash,1784120503.3874404,llm_judge_binary,evaluation,,,317.0,317.0
deepseek,60,62,122,0,60,,,DeepSeekBackend,deepseek-v4-flash,1784120503.4023857,llm_judge_binary,evaluation,,,318.0,318.0
deepseek,60,44,104,0,42,,,DeepSeekBackend,deepseek-v4-flash,1784120503.465811,llm_judge_binary,evaluation,,,327.0,327.0
deepseek,60,85,145,0,83,,,DeepSeekBackend,deepseek-v4-flash,1784120503.5266626,llm_judge_binary,evaluation,,,316.0,316.0
deepseek,60,40,100,0,38,,,DeepSeekBackend,deepseek-v4-flash,1784120503.5484679,llm_judge_binary,evaluation,,,326.0,326.0
deepseek,60,42,102,0,40,,,DeepSeekBackend,deepseek-v4-flash,1784120503.5677729,llm_judge_binary,evaluation,,,325.0,325.0
deepseek,60,38,98,0,36,,,DeepSeekBackend,deepseek-v4-flash,1784120503.7033615,llm_judge_binary,evaluation,,,330.0,330.0
deepseek,60,42,102,0,40,,,DeepSeekBackend,deepseek-v4-flash,1784120503.7107558,llm_judge_binary,evaluation,,,329.0,329.0
deepseek,60,41,101,0,39,,,DeepSeekBackend,deepseek-v4-flash,1784120503.803088,llm_judge_binary,evaluation,,,328.0,328.0
deepseek,60,33,93,0,31,,,DeepSeekBackend,deepseek-v4-flash,1784120503.8211648,llm_judge_binary,evaluation,,,334.0,334.0
deepseek,60,45,105,0,43,,,DeepSeekBackend,deepseek-v4-flash,1784120503.9035003,llm_judge_binary,evaluation,,,333.0,333.0
deepseek,60,37,97,0,35,,,DeepSeekBackend,deepseek-v4-flash,1784120503.9339461,llm_judge_binary,evaluation,,,331.0,331.0
deepseek,60,48,108,0,46,,,DeepSeekBackend,deepseek-v4-flash,1784120503.9571476,llm_judge_binary,evaluation,,,332.0,332.0
deepseek,60,42,102,0,40,,,DeepSeekBackend,deepseek-v4-flash,1784120504.071356,llm_judge_binary,evaluation,,,337.0,337.0
deepseek,60,41,101,0,39,,,DeepSeekBackend,deepseek-v4-flash,1784120504.0884418,llm_judge_binary,evaluation,,,335.0,335.0
deepseek,60,38,98,0,36,,,DeepSeekBackend,deepseek-v4-flash,1784120504.2803404,llm_judge_binary,evaluation,,,336.0,336.0
deepseek,60,37,97,0,35,,,DeepSeekBackend,deepseek-v4-flash,1784120504.3917785,llm_judge_binary,evaluation,,,344.0,344.0
deepseek,60,44,104,0,42,,,DeepSeekBackend,deepseek-v4-flash,1784120504.5757651,llm_judge_binary,evaluation,,,339.0,339.0
deepseek,60,44,104,0,42,,,DeepSeekBackend,deepseek-v4-flash,1784120504.5846846,llm_judge_binary,evaluation,,,343.0,343.0
deepseek,60,38,98,0,36,,,DeepSeekBackend,deepseek-v4-flash,1784120504.590852,llm_judge_binary,evaluation,,,340.0,340.0
deepseek,60,56,116,0,54,,,DeepSeekBackend,deepseek-v4-flash,1784120504.6124308,llm_judge_binary,evaluation,,,338.0,338.0
deepseek,60,35,95,0,33,,,DeepSeekBackend,deepseek-v4-flash,1784120504.7215843,llm_judge_binary,evaluation,,,347.0,347.0
deepseek,60,42,102,0,40,,,DeepSeekBackend,deepseek-v4-flash,1784120504.727593,llm_judge_binary,evaluation,,,350.0,350.0
deepseek,60,43,103,0,41,,,DeepSeekBackend,deepseek-v4-flash,1784120504.7361887,llm_judge_binary,evaluation,,,346.0,346.0
deepseek,60,34,94,0,32,,,DeepSeekBackend,deepseek-v4-flash,1784120504.768387,llm_judge_binary,evaluation,,,351.0,351.0
deepseek,60,54,114,0,52,,,DeepSeekBackend,deepseek-v4-flash,1784120504.826255,llm_judge_binary,evaluation,,,341.0,341.0
deepseek,60,33,93,0,31,,,DeepSeekBackend,deepseek-v4-flash,1784120504.8606389,llm_judge_binary,evaluation,,,349.0,349.0
deepseek,60,60,120,0,58,,,DeepSeekBackend,deepseek-v4-flash,1784120504.8678782,llm_judge_binary,evaluation,,,348.0,348.0
deepseek,60,75,135,0,73,,,DeepSeekBackend,deepseek-v4-flash,1784120504.9402637,llm_judge_binary,evaluation,,,342.0,342.0
deepseek,60,46,106,0,44,,,DeepSeekBackend,deepseek-v4-flash,1784120504.951964,llm_judge_binary,evaluation,,,352.0,352.0
deepseek,60,43,103,0,41,,,DeepSeekBackend,deepseek-v4-flash,1784120505.13836,llm_judge_binary,evaluation,,,353.0,353.0
deepseek,60,35,95,0,33,,,DeepSeekBackend,deepseek-v4-flash,1784120505.1449695,llm_judge_binary,evaluation,,,354.0,354.0
deepseek,60,97,157,0,95,,,DeepSeekBackend,deepseek-v4-flash,1784120505.3594759,llm_judge_binary,evaluation,,,345.0,345.0
deepseek,60,42,102,0,40,,,DeepSeekBackend,deepseek-v4-flash,1784120505.3976195,llm_judge_binary,evaluation,,,360.0,360.0
deepseek,60,74,134,0,72,,,DeepSeekBackend,deepseek-v4-flash,1784120505.4668972,llm_judge_binary,evaluation,,,356.0,356.0
deepseek,60,39,99,0,37,,,DeepSeekBackend,deepseek-v4-flash,1784120505.4798844,llm_judge_binary,evaluation,,,357.0,357.0
deepseek,60,43,103,0,41,,,DeepSeekBackend,deepseek-v4-flash,1784120505.5311775,llm_judge_binary,evaluation,,,361.0,361.0
deepseek,60,53,113,0,51,,,DeepSeekBackend,deepseek-v4-flash,1784120505.6590693,llm_judge_binary,evaluation,,,358.0,358.0
deepseek,60,45,105,0,43,,,DeepSeekBackend,deepseek-v4-flash,1784120505.70893,llm_judge_binary,evaluation,,,365.0,365.0
deepseek,60,105,165,0,103,,,DeepSeekBackend,deepseek-v4-flash,1784120505.8490548,llm_judge_binary,evaluation,,,355.0,355.0
deepseek,60,33,93,0,31,,,DeepSeekBackend,deepseek-v4-flash,1784120505.8838675,llm_judge_binary,evaluation,,,370.0,370.0
deepseek,60,46,106,0,44,,,DeepSeekBackend,deepseek-v4-flash,1784120506.003631,llm_judge_binary,evaluation,,,368.0,368.0
deepseek,60,66,126,0,64,,,DeepSeekBackend,deepseek-v4-flash,1784120506.0118444,llm_judge_binary,evaluation,,,362.0,362.0
deepseek,60,68,128,0,66,,,DeepSeekBackend,deepseek-v4-flash,1784120506.0183017,llm_judge_binary,evaluation,,,359.0,359.0
deepseek,60,49,109,0,47,,,DeepSeekBackend,deepseek-v4-flash,1784120506.1288233,llm_judge_binary,evaluation,,,371.0,371.0
deepseek,60,34,94,0,32,,,DeepSeekBackend,deepseek-v4-flash,1784120506.135178,llm_judge_binary,evaluation,,,373.0,373.0
deepseek,60,64,124,0,62,,,DeepSeekBackend,deepseek-v4-flash,1784120506.1402411,llm_judge_binary,evaluation,,,367.0,367.0
deepseek,60,78,138,0,76,,,DeepSeekBackend,deepseek-v4-flash,1784120506.1518962,llm_judge_binary,evaluation,,,366.0,366.0
deepseek,60,90,150,0,88,,,DeepSeekBackend,deepseek-v4-flash,1784120506.2351515,llm_judge_binary,evaluation,,,363.0,363.0
deepseek,60,79,139,0,77,,,DeepSeekBackend,deepseek-v4-flash,1784120506.3090103,llm_judge_binary,evaluation,,,369.0,369.0
deepseek,60,71,131,0,69,,,DeepSeekBackend,deepseek-v4-flash,1784120506.3914404,llm_judge_binary,evaluation,,,364.0,364.0
deepseek,60,32,92,0,30,,,DeepSeekBackend,deepseek-v4-flash,1784120506.5352862,llm_judge_binary,evaluation,,,380.0,380.0
deepseek,60,76,136,0,74,,,DeepSeekBackend,deepseek-v4-flash,1784120506.5431073,llm_judge_binary,evaluation,,,372.0,372.0
deepseek,60,35,95,0,33,,,DeepSeekBackend,deepseek-v4-flash,1784120506.6671095,llm_judge_binary,evaluation,,,377.0,377.0
deepseek,60,70,130,0,68,,,DeepSeekBackend,deepseek-v4-flash,1784120506.6737149,llm_judge_binary,evaluation,,,375.0,375.0
deepseek,60,36,96,0,34,,,DeepSeekBackend,deepseek-v4-flash,1784120506.740936,llm_judge_binary,evaluation,,,381.0,381.0
deepseek,60,38,98,0,36,,,DeepSeekBackend,deepseek-v4-flash,1784120506.8489594,llm_judge_binary,evaluation,,,382.0,382.0
deepseek,60,84,144,0,82,,,DeepSeekBackend,deepseek-v4-flash,1784120506.855927,llm_judge_binary,evaluation,,,374.0,374.0
deepseek,60,33,93,0,31,,,DeepSeekBackend,deepseek-v4-flash,1784120506.9889245,llm_judge_binary,evaluation,,,383.0,383.0
deepseek,60,41,101,0,39,,,DeepSeekBackend,deepseek-v4-flash,1784120507.015216,llm_judge_binary,evaluation,,,385.0,385.0
deepseek,60,83,143,0,81,,,DeepSeekBackend,deepseek-v4-flash,1784120507.0256739,llm_judge_binary,evaluation,,,378.0,378.0
deepseek,60,60,120,0,58,,,DeepSeekBackend,deepseek-v4-flash,1784120507.0954728,llm_judge_binary,evaluation,,,379.0,379.0
deepseek,60,37,97,0,35,,,DeepSeekBackend,deepseek-v4-flash,1784120507.102162,llm_judge_binary,evaluation,,,388.0,388.0
deepseek,60,41,101,0,39,,,DeepSeekBackend,deepseek-v4-flash,1784120507.1083012,llm_judge_binary,evaluation,,,389.0,389.0
deepseek,60,40,100,0,38,,,DeepSeekBackend,deepseek-v4-flash,1784120507.1821802,llm_judge_binary,evaluation,,,387.0,387.0
deepseek,60,43,103,0,41,,,DeepSeekBackend,deepseek-v4-flash,1784120507.2837496,llm_judge_binary,evaluation,,,386.0,386.0
deepseek,60,94,154,0,92,,,DeepSeekBackend,deepseek-v4-flash,1784120507.295525,llm_judge_binary,evaluation,,,376.0,376.0
deepseek,60,69,129,0,67,,,DeepSeekBackend,deepseek-v4-flash,1784120507.308903,llm_judge_binary,evaluation,,,384.0,384.0
deepseek,60,33,93,0,31,,,DeepSeekBackend,deepseek-v4-flash,1784120507.3928018,llm_judge_binary,evaluation,,,390.0,390.0
deepseek,60,51,111,0,49,,,DeepSeekBackend,deepseek-v4-flash,1784120507.4885054,llm_judge_binary,evaluation,,,391.0,391.0
deepseek,60,40,100,0,38,,,DeepSeekBackend,deepseek-v4-flash,1784120507.4951487,llm_judge_binary,evaluation,,,393.0,393.0
deepseek,60,44,104,0,42,,,DeepSeekBackend,deepseek-v4-flash,1784120507.548895,llm_judge_binary,evaluation,,,392.0,392.0
deepseek,60,40,100,0,38,,,DeepSeekBackend,deepseek-v4-flash,1784120507.6325884,llm_judge_binary,evaluation,,,396.0,396.0
deepseek,60,40,100,0,38,,,DeepSeekBackend,deepseek-v4-flash,1784120507.6972706,llm_judge_binary,evaluation,,,394.0,394.0
deepseek,60,39,99,0,37,,,DeepSeekBackend,deepseek-v4-flash,1784120507.7318063,llm_judge_binary,evaluation,,,395.0,395.0
deepseek,60,42,102,0,40,,,DeepSeekBackend,deepseek-v4-flash,1784120507.7695227,llm_judge_binary,evaluation,,,398.0,398.0
deepseek,58,41,99,0,39,,,DeepSeekBackend,deepseek-v4-flash,1784120507.8607786,llm_judge_binary,evaluation,,,400.0,400.0
deepseek,60,55,115,0,53,,,DeepSeekBackend,deepseek-v4-flash,1784120507.9945104,llm_judge_binary,evaluation,,,397.0,397.0
deepseek,58,34,92,0,32,,,DeepSeekBackend,deepseek-v4-flash,1784120508.114209,llm_judge_binary,evaluation,,,404.0,404.0
deepseek,58,41,99,0,39,,,DeepSeekBackend,deepseek-v4-flash,1784120508.2709332,llm_judge_binary,evaluation,,,403.0,403.0
deepseek,60,52,112,0,50,,,DeepSeekBackend,deepseek-v4-flash,1784120508.3417726,llm_judge_binary,evaluation,,,407.0,407.0
deepseek,58,38,96,0,36,,,DeepSeekBackend,deepseek-v4-flash,1784120508.3961086,llm_judge_binary,evaluation,,,409.0,409.0
deepseek,58,49,107,0,47,,,DeepSeekBackend,deepseek-v4-flash,1784120508.4031978,llm_judge_binary,evaluation,,,408.0,408.0
deepseek,60,68,128,0,66,,,DeepSeekBackend,deepseek-v4-flash,1784120508.4503138,llm_judge_binary,evaluation,,,402.0,402.0
deepseek,58,32,90,0,30,,,DeepSeekBackend,deepseek-v4-flash,1784120508.4677477,llm_judge_binary,evaluation,,,410.0,410.0
deepseek,58,31,89,0,29,,,DeepSeekBackend,deepseek-v4-flash,1784120508.623699,llm_judge_binary,evaluation,,,417.0,417.0
deepseek,60,113,173,0,111,,,DeepSeekBackend,deepseek-v4-flash,1784120508.6589916,llm_judge_binary,evaluation,,,401.0,401.0
deepseek,60,67,127,0,65,,,DeepSeekBackend,deepseek-v4-flash,1784120508.6729448,llm_judge_binary,evaluation,,,412.0,412.0
deepseek,62,91,153,0,89,,,DeepSeekBackend,deepseek-v4-flash,1784120508.6946235,llm_judge_binary,evaluation,,,399.0,399.0
deepseek,60,59,119,0,57,,,DeepSeekBackend,deepseek-v4-flash,1784120508.7003562,llm_judge_binary,evaluation,,,411.0,411.0
deepseek,58,28,86,0,26,,,DeepSeekBackend,deepseek-v4-flash,1784120508.7692661,llm_judge_binary,evaluation,,,416.0,416.0
deepseek,58,33,91,0,31,,,DeepSeekBackend,deepseek-v4-flash,1784120508.7804983,llm_judge_binary,evaluation,,,415.0,415.0
deepseek,60,102,162,0,100,,,DeepSeekBackend,deepseek-v4-flash,1784120508.8535573,llm_judge_binary,evaluation,,,405.0,405.0
deepseek,60,110,170,0,108,,,DeepSeekBackend,deepseek-v4-flash,1784120508.9657483,llm_judge_binary,evaluation,,,406.0,406.0
deepseek,60,78,138,0,76,,,DeepSeekBackend,deepseek-v4-flash,1784120509.184334,llm_judge_binary,evaluation,,,413.0,413.0
deepseek,60,70,130,0,68,,,DeepSeekBackend,deepseek-v4-flash,1784120509.2208488,llm_judge_binary,evaluation,,,418.0,418.0
deepseek,66,44,110,0,42,,,DeepSeekBackend,deepseek-v4-flash,1784120509.2315037,llm_judge_binary,evaluation,,,421.0,421.0
deepseek,60,99,159,0,97,,,DeepSeekBackend,deepseek-v4-flash,1784120509.273516,llm_judge_binary,evaluation,,,414.0,414.0
deepseek,66,48,114,0,46,,,DeepSeekBackend,deepseek-v4-flash,1784120509.3056602,llm_judge_binary,evaluation,,,420.0,420.0
deepseek,66,53,119,0,51,,,DeepSeekBackend,deepseek-v4-flash,1784120509.3743434,llm_judge_binary,evaluation,,,422.0,422.0
deepseek,66,39,105,0,37,,,DeepSeekBackend,deepseek-v4-flash,1784120509.3851814,llm_judge_binary,evaluation,,,424.0,424.0
deepseek,60,63,123,0,61,,,DeepSeekBackend,deepseek-v4-flash,1784120509.3924417,llm_judge_binary,evaluation,,,419.0,419.0
deepseek,66,50,116,0,48,,,DeepSeekBackend,deepseek-v4-flash,1784120509.6312778,llm_judge_binary,evaluation,,,429.0,429.0
deepseek,66,47,113,0,45,,,DeepSeekBackend,deepseek-v4-flash,1784120509.6658478,llm_judge_binary,evaluation,,,428.0,428.0
deepseek,66,43,109,0,41,,,DeepSeekBackend,deepseek-v4-flash,1784120509.719837,llm_judge_binary,evaluation,,,430.0,430.0
deepseek,66,44,110,0,42,,,DeepSeekBackend,deepseek-v4-flash,1784120509.7336748,llm_judge_binary,evaluation,,,432.0,432.0
deepseek,66,48,114,0,46,,,DeepSeekBackend,deepseek-v4-flash,1784120509.754682,llm_judge_binary,evaluation,,,431.0,431.0
deepseek,66,41,107,0,39,,,DeepSeekBackend,deepseek-v4-flash,1784120509.7859519,llm_judge_binary,evaluation,,,434.0,434.0
deepseek,67,94,161,0,92,,,DeepSeekBackend,deepseek-v4-flash,1784120509.839799,llm_judge_binary,evaluation,,,425.0,425.0
deepseek,66,42,108,0,40,,,DeepSeekBackend,deepseek-v4-flash,1784120509.933097,llm_judge_binary,evaluation,,,427.0,427.0
deepseek,63,79,142,0,77,,,DeepSeekBackend,deepseek-v4-flash,1784120509.9383373,llm_judge_binary,evaluation,,,426.0,426.0
deepseek,66,52,118,0,50,,,DeepSeekBackend,deepseek-v4-flash,1784120510.0185142,llm_judge_binary,evaluation,,,435.0,435.0
deepseek,63,101,164,0,99,,,DeepSeekBackend,deepseek-v4-flash,1784120510.3860538,llm_judge_binary,evaluation,,,433.0,433.0
deepseek,66,42,108,0,40,,,DeepSeekBackend,deepseek-v4-flash,1784120510.407354,llm_judge_binary,evaluation,,,441.0,441.0
deepseek,66,51,117,0,49,,,DeepSeekBackend,deepseek-v4-flash,1784120510.4254906,llm_judge_binary,evaluation,,,436.0,436.0
deepseek,67,101,168,0,99,,,DeepSeekBackend,deepseek-v4-flash,1784120510.4429233,llm_judge_binary,evaluation,,,423.0,423.0
deepseek,63,60,123,0,58,,,DeepSeekBackend,deepseek-v4-flash,1784120510.454816,llm_judge_binary,evaluation,,,439.0,439.0
deepseek,66,34,100,0,32,,,DeepSeekBackend,deepseek-v4-flash,1784120510.5105364,llm_judge_binary,evaluation,,,440.0,440.0
deepseek,66,51,117,0,49,,,DeepSeekBackend,deepseek-v4-flash,1784120510.5222533,llm_judge_binary,evaluation,,,442.0,442.0
deepseek,66,51,117,0,49,,,DeepSeekBackend,deepseek-v4-flash,1784120510.5818992,llm_judge_binary,evaluation,,,443.0,443.0
deepseek,66,44,110,0,42,,,DeepSeekBackend,deepseek-v4-flash,1784120510.6515276,llm_judge_binary,evaluation,,,444.0,444.0
deepseek,66,50,116,0,48,,,DeepSeekBackend,deepseek-v4-flash,1784120510.6832535,llm_judge_binary,evaluation,,,449.0,449.0
deepseek,66,37,103,0,35,,,DeepSeekBackend,deepseek-v4-flash,1784120510.7285287,llm_judge_binary,evaluation,,,447.0,447.0
deepseek,66,32,98,0,30,,,DeepSeekBackend,deepseek-v4-flash,1784120510.7367048,llm_judge_binary,evaluation,,,445.0,445.0
deepseek,66,49,115,0,47,,,DeepSeekBackend,deepseek-v4-flash,1784120510.8088899,llm_judge_binary,evaluation,,,450.0,450.0
deepseek,67,85,152,0,83,,,DeepSeekBackend,deepseek-v4-flash,1784120510.8431196,llm_judge_binary,evaluation,,,437.0,437.0
deepseek,67,79,146,0,77,,,DeepSeekBackend,deepseek-v4-flash,1784120510.848747,llm_judge_binary,evaluation,,,438.0,438.0
deepseek,66,50,116,0,48,,,DeepSeekBackend,deepseek-v4-flash,1784120511.0860453,llm_judge_binary,evaluation,,,451.0,451.0
deepseek,63,69,132,0,67,,,DeepSeekBackend,deepseek-v4-flash,1784120511.2014816,llm_judge_binary,evaluation,,,446.0,446.0
deepseek,66,49,115,0,47,,,DeepSeekBackend,deepseek-v4-flash,1784120511.2946239,llm_judge_binary,evaluation,,,453.0,453.0
deepseek,66,51,117,0,49,,,DeepSeekBackend,deepseek-v4-flash,1784120511.317422,llm_judge_binary,evaluation,,,454.0,454.0
deepseek,66,38,104,0,36,,,DeepSeekBackend,deepseek-v4-flash,1784120511.4372435,llm_judge_binary,evaluation,,,455.0,455.0
deepseek,64,45,109,0,43,,,DeepSeekBackend,deepseek-v4-flash,1784120511.4945502,llm_judge_binary,evaluation,,,461.0,461.0
deepseek,66,39,105,0,37,,,DeepSeekBackend,deepseek-v4-flash,1784120511.5133507,llm_judge_binary,evaluation,,,456.0,456.0
deepseek,64,41,105,0,39,,,DeepSeekBackend,deepseek-v4-flash,1784120511.5542114,llm_judge_binary,evaluation,,,462.0,462.0
deepseek,66,50,116,0,48,,,DeepSeekBackend,deepseek-v4-flash,1784120511.5897295,llm_judge_binary,evaluation,,,457.0,457.0
deepseek,64,49,113,0,47,,,DeepSeekBackend,deepseek-v4-flash,1784120511.6133542,llm_judge_binary,evaluation,,,460.0,460.0
deepseek,66,47,113,0,45,,,DeepSeekBackend,deepseek-v4-flash,1784120511.6305914,llm_judge_binary,evaluation,,,459.0,459.0
deepseek,66,49,115,0,47,,,DeepSeekBackend,deepseek-v4-flash,1784120511.7133179,llm_judge_binary,evaluation,,,458.0,458.0
deepseek,64,57,121,0,55,,,DeepSeekBackend,deepseek-v4-flash,1784120511.8102303,llm_judge_binary,evaluation,,,465.0,465.0
deepseek,64,41,105,0,39,,,DeepSeekBackend,deepseek-v4-flash,1784120511.8283591,llm_judge_binary,evaluation,,,468.0,468.0
deepseek,64,49,113,0,47,,,DeepSeekBackend,deepseek-v4-flash,1784120511.8378048,llm_judge_binary,evaluation,,,463.0,463.0
deepseek,64,46,110,0,44,,,DeepSeekBackend,deepseek-v4-flash,1784120511.8680122,llm_judge_binary,evaluation,,,464.0,464.0
deepseek,64,49,113,0,47,,,DeepSeekBackend,deepseek-v4-flash,1784120511.9435422,llm_judge_binary,evaluation,,,466.0,466.0
deepseek,64,49,113,0,47,,,DeepSeekBackend,deepseek-v4-flash,1784120511.9820807,llm_judge_binary,evaluation,,,467.0,467.0
deepseek,64,34,98,0,32,,,DeepSeekBackend,deepseek-v4-flash,1784120512.0592566,llm_judge_binary,evaluation,,,470.0,470.0
deepseek,64,37,101,0,35,,,DeepSeekBackend,deepseek-v4-flash,1784120512.0719898,llm_judge_binary,evaluation,,,469.0,469.0
deepseek,64,40,104,0,38,,,DeepSeekBackend,deepseek-v4-flash,1784120512.2313118,llm_judge_binary,evaluation,,,471.0,471.0
deepseek,62,157,219,0,155,,,DeepSeekBackend,deepseek-v4-flash,1784120512.2843926,llm_judge_binary,evaluation,,,448.0,448.0
deepseek,64,35,99,0,33,,,DeepSeekBackend,deepseek-v4-flash,1784120512.367854,llm_judge_binary,evaluation,,,474.0,474.0
deepseek,64,41,105,0,39,,,DeepSeekBackend,deepseek-v4-flash,1784120512.374637,llm_judge_binary,evaluation,,,472.0,472.0
deepseek,64,38,102,0,36,,,DeepSeekBackend,deepseek-v4-flash,1784120512.3880122,llm_judge_binary,evaluation,,,473.0,473.0
deepseek,64,31,95,0,29,,,DeepSeekBackend,deepseek-v4-flash,1784120512.4032898,llm_judge_binary,evaluation,,,475.0,475.0
deepseek,64,42,106,0,40,,,DeepSeekBackend,deepseek-v4-flash,1784120512.5215821,llm_judge_binary,evaluation,,,476.0,476.0
deepseek,64,47,111,0,45,,,DeepSeekBackend,deepseek-v4-flash,1784120512.5559034,llm_judge_binary,evaluation,,,479.0,479.0
deepseek,60,42,102,0,40,,,DeepSeekBackend,deepseek-v4-flash,1784120512.6232045,llm_judge_binary,evaluation,,,480.0,480.0
deepseek,64,41,105,0,39,,,DeepSeekBackend,deepseek-v4-flash,1784120512.679744,llm_judge_binary,evaluation,,,477.0,477.0
deepseek,60,33,93,0,31,,,DeepSeekBackend,deepseek-v4-flash,1784120512.7238698,llm_judge_binary,evaluation,,,482.0,482.0
deepseek,60,27,87,0,25,,,DeepSeekBackend,deepseek-v4-flash,1784120512.7714746,llm_judge_binary,evaluation,,,481.0,481.0
deepseek,64,46,110,0,44,,,DeepSeekBackend,deepseek-v4-flash,1784120512.813751,llm_judge_binary,evaluation,,,478.0,478.0
deepseek,60,35,95,0,33,,,DeepSeekBackend,deepseek-v4-flash,1784120512.8703644,llm_judge_binary,evaluation,,,487.0,487.0
deepseek,60,42,102,0,40,,,DeepSeekBackend,deepseek-v4-flash,1784120512.905657,llm_judge_binary,evaluation,,,486.0,486.0
deepseek,60,47,107,0,45,,,DeepSeekBackend,deepseek-v4-flash,1784120512.9492342,llm_judge_binary,evaluation,,,484.0,484.0
deepseek,60,42,102,0,40,,,DeepSeekBackend,deepseek-v4-flash,1784120512.9989302,llm_judge_binary,evaluation,,,483.0,483.0
deepseek,60,43,103,0,41,,,DeepSeekBackend,deepseek-v4-flash,1784120513.0111494,llm_judge_binary,evaluation,,,485.0,485.0
deepseek,60,44,104,0,42,,,DeepSeekBackend,deepseek-v4-flash,1784120513.1088324,llm_judge_binary,evaluation,,,488.0,488.0
deepseek,62,231,293,0,229,,,DeepSeekBackend,deepseek-v4-flash,1784120513.2043276,llm_judge_binary,evaluation,,,452.0,452.0
deepseek,60,33,93,0,31,,,DeepSeekBackend,deepseek-v4-flash,1784120513.276326,llm_judge_binary,evaluation,,,494.0,494.0
deepseek,60,48,108,0,46,,,DeepSeekBackend,deepseek-v4-flash,1784120513.287456,llm_judge_binary,evaluation,,,490.0,490.0
deepseek,60,46,106,0,44,,,DeepSeekBackend,deepseek-v4-flash,1784120513.3507218,llm_judge_binary,evaluation,,,493.0,493.0
deepseek,60,30,90,0,28,,,DeepSeekBackend,deepseek-v4-flash,1784120513.4542365,llm_judge_binary,evaluation,,,496.0,496.0
deepseek,60,39,99,0,37,,,DeepSeekBackend,deepseek-v4-flash,1784120513.5435584,llm_judge_binary,evaluation,,,497.0,497.0
deepseek,60,48,108,0,46,,,DeepSeekBackend,deepseek-v4-flash,1784120513.5580928,llm_judge_binary,evaluation,,,491.0,491.0
deepseek,60,49,109,0,47,,,DeepSeekBackend,deepseek-v4-flash,1784120513.586653,llm_judge_binary,evaluation,,,489.0,489.0
deepseek,60,44,104,0,42,,,DeepSeekBackend,deepseek-v4-flash,1784120513.6724982,llm_judge_binary,evaluation,,,495.0,495.0
deepseek,60,43,103,0,41,,,DeepSeekBackend,deepseek-v4-flash,1784120513.708535,llm_judge_binary,evaluation,,,498.0,498.0
deepseek,60,36,96,0,34,,,DeepSeekBackend,deepseek-v4-flash,1784120513.7499208,llm_judge_binary,evaluation,,,499.0,499.0
deepseek,60,36,96,0,34,,,DeepSeekBackend,deepseek-v4-flash,1784120513.7556314,llm_judge_binary,evaluation,,,500.0,500.0
deepseek,60,59,119,0,57,,,DeepSeekBackend,deepseek-v4-flash,1784120513.7616875,llm_judge_binary,evaluation,,,492.0,492.0
deepseek,60,36,96,0,34,,,DeepSeekBackend,deepseek-v4-flash,1784120513.784572,llm_judge_binary,evaluation,,,504.0,504.0
deepseek,60,38,98,0,36,,,DeepSeekBackend,deepseek-v4-flash,1784120513.8558667,llm_judge_binary,evaluation,,,501.0,501.0
deepseek,60,37,97,0,35,,,DeepSeekBackend,deepseek-v4-flash,1784120513.89207,llm_judge_binary,evaluation,,,503.0,503.0
deepseek,60,38,98,0,36,,,DeepSeekBackend,deepseek-v4-flash,1784120513.9342437,llm_judge_binary,evaluation,,,502.0,502.0
deepseek,60,55,115,0,53,,,DeepSeekBackend,deepseek-v4-flash,1784120514.1777327,llm_judge_binary,evaluation,,,508.0,508.0
deepseek,60,39,99,0,37,,,DeepSeekBackend,deepseek-v4-flash,1784120514.1917799,llm_judge_binary,evaluation,,,505.0,505.0
deepseek,60,38,98,0,36,,,DeepSeekBackend,deepseek-v4-flash,1784120514.1973267,llm_judge_binary,evaluation,,,506.0,506.0
deepseek,60,57,117,0,55,,,DeepSeekBackend,deepseek-v4-flash,1784120514.3020618,llm_judge_binary,evaluation,,,509.0,509.0
deepseek,60,31,91,0,29,,,DeepSeekBackend,deepseek-v4-flash,1784120514.319179,llm_judge_binary,evaluation,,,507.0,507.0
deepseek,60,69,129,0,67,,,DeepSeekBackend,deepseek-v4-flash,1784120514.3897598,llm_judge_binary,evaluation,,,510.0,510.0
deepseek,60,45,105,0,43,,,DeepSeekBackend,deepseek-v4-flash,1784120514.4064693,llm_judge_binary,evaluation,,,512.0,512.0
deepseek,60,35,95,0,33,,,DeepSeekBackend,deepseek-v4-flash,1784120514.4523823,llm_judge_binary,evaluation,,,513.0,513.0
deepseek,60,35,95,0,33,,,DeepSeekBackend,deepseek-v4-flash,1784120514.5595016,llm_judge_binary,evaluation,,,514.0,514.0
deepseek,60,45,105,0,43,,,DeepSeekBackend,deepseek-v4-flash,1784120514.6539712,llm_judge_binary,evaluation,,,515.0,515.0
deepseek,60,37,97,0,35,,,DeepSeekBackend,deepseek-v4-flash,1784120514.669106,llm_judge_binary,evaluation,,,517.0,517.0
deepseek,60,47,107,0,45,,,DeepSeekBackend,deepseek-v4-flash,1784120514.6999335,llm_judge_binary,evaluation,,,516.0,516.0
deepseek,60,53,113,0,51,,,DeepSeekBackend,deepseek-v4-flash,1784120514.724386,llm_judge_binary,evaluation,,,519.0,519.0
deepseek,62,36,98,0,34,,,DeepSeekBackend,deepseek-v4-flash,1784120514.7382998,llm_judge_binary,evaluation,,,524.0,524.0
deepseek,60,44,104,0,42,,,DeepSeekBackend,deepseek-v4-flash,1784120514.7444935,llm_judge_binary,evaluation,,,511.0,511.0
deepseek,60,31,91,0,29,,,DeepSeekBackend,deepseek-v4-flash,1784120514.7676697,llm_judge_binary,evaluation,,,518.0,518.0
deepseek,62,41,103,0,39,,,DeepSeekBackend,deepseek-v4-flash,1784120514.848153,llm_judge_binary,evaluation,,,521.0,521.0
deepseek,62,66,128,0,64,,,DeepSeekBackend,deepseek-v4-flash,1784120514.884396,llm_judge_binary,evaluation,,,520.0,520.0
deepseek,62,38,100,0,36,,,DeepSeekBackend,deepseek-v4-flash,1784120514.9548035,llm_judge_binary,evaluation,,,522.0,522.0
deepseek,62,37,99,0,35,,,DeepSeekBackend,deepseek-v4-flash,1784120515.094374,llm_judge_binary,evaluation,,,525.0,525.0
deepseek,62,41,103,0,39,,,DeepSeekBackend,deepseek-v4-flash,1784120515.1007683,llm_judge_binary,evaluation,,,527.0,527.0
deepseek,62,42,104,0,40,,,DeepSeekBackend,deepseek-v4-flash,1784120515.1646273,llm_judge_binary,evaluation,,,526.0,526.0
deepseek,62,58,120,0,56,,,DeepSeekBackend,deepseek-v4-flash,1784120515.1712399,llm_judge_binary,evaluation,,,523.0,523.0
deepseek,62,43,105,0,41,,,DeepSeekBackend,deepseek-v4-flash,1784120515.2423627,llm_judge_binary,evaluation,,,529.0,529.0
deepseek,62,48,110,0,46,,,DeepSeekBackend,deepseek-v4-flash,1784120515.4759974,llm_judge_binary,evaluation,,,531.0,531.0
deepseek,62,39,101,0,37,,,DeepSeekBackend,deepseek-v4-flash,1784120515.4827335,llm_judge_binary,evaluation,,,533.0,533.0
deepseek,62,30,92,0,28,,,DeepSeekBackend,deepseek-v4-flash,1784120515.4965987,llm_judge_binary,evaluation,,,534.0,534.0
deepseek,62,37,99,0,35,,,DeepSeekBackend,deepseek-v4-flash,1784120515.5051203,llm_judge_binary,evaluation,,,530.0,530.0
deepseek,62,53,115,0,51,,,DeepSeekBackend,deepseek-v4-flash,1784120515.5727642,llm_judge_binary,evaluation,,,528.0,528.0
deepseek,62,45,107,0,43,,,DeepSeekBackend,deepseek-v4-flash,1784120515.5912683,llm_judge_binary,evaluation,,,532.0,532.0
deepseek,62,48,110,0,46,,,DeepSeekBackend,deepseek-v4-flash,1784120515.598342,llm_judge_binary,evaluation,,,537.0,537.0
deepseek,62,37,99,0,35,,,DeepSeekBackend,deepseek-v4-flash,1784120515.6039145,llm_judge_binary,evaluation,,,535.0,535.0
deepseek,62,37,99,0,35,,,DeepSeekBackend,deepseek-v4-flash,1784120515.7127924,llm_judge_binary,evaluation,,,541.0,541.0
deepseek,62,35,97,0,33,,,DeepSeekBackend,deepseek-v4-flash,1784120515.756222,llm_judge_binary,evaluation,,,539.0,539.0
deepseek,62,42,104,0,40,,,DeepSeekBackend,deepseek-v4-flash,1784120515.8116739,llm_judge_binary,evaluation,,,538.0,538.0
deepseek,62,37,99,0,35,,,DeepSeekBackend,deepseek-v4-flash,1784120515.8674583,llm_judge_binary,evaluation,,,536.0,536.0
deepseek,62,43,105,0,41,,,DeepSeekBackend,deepseek-v4-flash,1784120515.8892303,llm_judge_binary,evaluation,,,542.0,542.0
deepseek,62,46,108,0,44,,,DeepSeekBackend,deepseek-v4-flash,1784120515.9165304,llm_judge_binary,evaluation,,,540.0,540.0
deepseek,62,37,99,0,35,,,DeepSeekBackend,deepseek-v4-flash,1784120516.0647407,llm_judge_binary,evaluation,,,544.0,544.0
deepseek,62,36,98,0,34,,,DeepSeekBackend,deepseek-v4-flash,1784120516.175866,llm_judge_binary,evaluation,,,546.0,546.0
deepseek,62,48,110,0,46,,,DeepSeekBackend,deepseek-v4-flash,1784120516.2227957,llm_judge_binary,evaluation,,,545.0,545.0
deepseek,61,80,141,0,78,,,DeepSeekBackend,deepseek-v4-flash,1784120516.339771,llm_judge_binary,evaluation,,,543.0,543.0
deepseek,62,39,101,0,37,,,DeepSeekBackend,deepseek-v4-flash,1784120516.4556255,llm_judge_binary,evaluation,,,551.0,551.0
deepseek,62,38,100,0,36,,,DeepSeekBackend,deepseek-v4-flash,1784120516.4945354,llm_judge_binary,evaluation,,,555.0,555.0
deepseek,61,65,126,0,63,,,DeepSeekBackend,deepseek-v4-flash,1784120516.5295193,llm_judge_binary,evaluation,,,547.0,547.0
deepseek,62,38,100,0,36,,,DeepSeekBackend,deepseek-v4-flash,1784120516.5425417,llm_judge_binary,evaluation,,,552.0,552.0
deepseek,62,30,92,0,28,,,DeepSeekBackend,deepseek-v4-flash,1784120516.5483146,llm_judge_binary,evaluation,,,553.0,553.0
deepseek,62,56,118,0,54,,,DeepSeekBackend,deepseek-v4-flash,1784120516.63472,llm_judge_binary,evaluation,,,550.0,550.0
deepseek,62,30,92,0,28,,,DeepSeekBackend,deepseek-v4-flash,1784120516.8367395,llm_judge_binary,evaluation,,,557.0,557.0
deepseek,61,72,133,0,70,,,DeepSeekBackend,deepseek-v4-flash,1784120516.8661838,llm_judge_binary,evaluation,,,549.0,549.0
deepseek,61,93,154,0,91,,,DeepSeekBackend,deepseek-v4-flash,1784120516.9401712,llm_judge_binary,evaluation,,,548.0,548.0
deepseek,62,44,106,0,42,,,DeepSeekBackend,deepseek-v4-flash,1784120516.9518828,llm_judge_binary,evaluation,,,559.0,559.0
deepseek,61,79,140,0,77,,,DeepSeekBackend,deepseek-v4-flash,1784120517.1728458,llm_judge_binary,evaluation,,,556.0,556.0
deepseek,61,75,136,0,73,,,DeepSeekBackend,deepseek-v4-flash,1784120517.1835217,llm_judge_binary,evaluation,,,558.0,558.0
deepseek,60,79,139,0,77,,,DeepSeekBackend,deepseek-v4-flash,1784120517.279428,llm_judge_binary,evaluation,,,562.0,562.0
deepseek,61,82,143,0,80,,,DeepSeekBackend,deepseek-v4-flash,1784120517.328912,llm_judge_binary,evaluation,,,554.0,554.0
deepseek,60,64,124,0,62,,,DeepSeekBackend,deepseek-v4-flash,1784120517.3490813,llm_judge_binary,evaluation,,,560.0,560.0
deepseek,60,35,95,0,33,,,DeepSeekBackend,deepseek-v4-flash,1784120517.3853178,llm_judge_binary,evaluation,,,569.0,569.0
deepseek,60,63,123,0,61,,,DeepSeekBackend,deepseek-v4-flash,1784120517.461111,llm_judge_binary,evaluation,,,565.0,565.0
deepseek,60,82,142,0,80,,,DeepSeekBackend,deepseek-v4-flash,1784120517.466124,llm_judge_binary,evaluation,,,564.0,564.0
deepseek,60,70,130,0,68,,,DeepSeekBackend,deepseek-v4-flash,1784120517.474822,llm_judge_binary,evaluation,,,561.0,561.0
deepseek,62,75,137,0,73,,,DeepSeekBackend,deepseek-v4-flash,1784120517.7722685,llm_judge_binary,evaluation,,,568.0,568.0
deepseek,60,66,126,0,64,,,DeepSeekBackend,deepseek-v4-flash,1784120517.8043187,llm_judge_binary,evaluation,,,566.0,566.0
deepseek,60,99,159,0,97,,,DeepSeekBackend,deepseek-v4-flash,1784120517.9438157,llm_judge_binary,evaluation,,,563.0,563.0
deepseek,60,89,149,0,87,,,DeepSeekBackend,deepseek-v4-flash,1784120517.9734342,llm_judge_binary,evaluation,,,572.0,572.0
deepseek,62,42,104,0,40,,,DeepSeekBackend,deepseek-v4-flash,1784120518.147905,llm_judge_binary,evaluation,,,580.0,580.0
deepseek,62,81,143,0,79,,,DeepSeekBackend,deepseek-v4-flash,1784120518.204744,llm_judge_binary,evaluation,,,576.0,576.0
deepseek,62,36,98,0,34,,,DeepSeekBackend,deepseek-v4-flash,1784120518.3222287,llm_judge_binary,evaluation,,,583.0,583.0
deepseek,60,101,161,0,99,,,DeepSeekBackend,deepseek-v4-flash,1784120518.35467,llm_judge_binary,evaluation,,,571.0,571.0
deepseek,62,34,96,0,32,,,DeepSeekBackend,deepseek-v4-flash,1784120518.392659,llm_judge_binary,evaluation,,,581.0,581.0
deepseek,62,37,99,0,35,,,DeepSeekBackend,deepseek-v4-flash,1784120518.3985584,llm_judge_binary,evaluation,,,582.0,582.0
deepseek,60,90,150,0,88,,,DeepSeekBackend,deepseek-v4-flash,1784120518.418909,llm_judge_binary,evaluation,,,570.0,570.0
deepseek,60,103,163,0,101,,,DeepSeekBackend,deepseek-v4-flash,1784120518.5006785,llm_judge_binary,evaluation,,,573.0,573.0
deepseek,60,120,180,0,118,,,DeepSeekBackend,deepseek-v4-flash,1784120518.538839,llm_judge_binary,evaluation,,,567.0,567.0
deepseek,60,90,150,0,88,,,DeepSeekBackend,deepseek-v4-flash,1784120518.6385646,llm_judge_binary,evaluation,,,574.0,574.0
deepseek,62,37,99,0,35,,,DeepSeekBackend,deepseek-v4-flash,1784120518.642124,llm_judge_binary,evaluation,,,584.0,584.0
deepseek,60,61,121,0,59,,,DeepSeekBackend,deepseek-v4-flash,1784120518.6861284,llm_judge_binary,evaluation,,,578.0,578.0
deepseek,60,109,169,0,107,,,DeepSeekBackend,deepseek-v4-flash,1784120518.7023935,llm_judge_binary,evaluation,,,575.0,575.0
deepseek,60,68,128,0,66,,,DeepSeekBackend,deepseek-v4-flash,1784120518.7090352,llm_judge_binary,evaluation,,,577.0,577.0
deepseek,62,44,106,0,42,,,DeepSeekBackend,deepseek-v4-flash,1784120518.7389657,llm_judge_binary,evaluation,,,585.0,585.0
deepseek,60,84,144,0,82,,,DeepSeekBackend,deepseek-v4-flash,1784120518.7755666,llm_judge_binary,evaluation,,,579.0,579.0
deepseek,62,39,101,0,37,,,DeepSeekBackend,deepseek-v4-flash,1784120518.8113694,llm_judge_binary,evaluation,,,586.0,586.0
deepseek,62,43,105,0,41,,,DeepSeekBackend,deepseek-v4-flash,1784120518.8908477,llm_judge_binary,evaluation,,,587.0,587.0
deepseek,62,43,105,0,41,,,DeepSeekBackend,deepseek-v4-flash,1784120519.0346854,llm_judge_binary,evaluation,,,589.0,589.0
deepseek,62,51,113,0,49,,,DeepSeekBackend,deepseek-v4-flash,1784120519.1165636,llm_judge_binary,evaluation,,,588.0,588.0
deepseek,62,38,100,0,36,,,DeepSeekBackend,deepseek-v4-flash,1784120519.2494235,llm_judge_binary,evaluation,,,590.0,590.0
deepseek,62,38,100,0,36,,,DeepSeekBackend,deepseek-v4-flash,1784120519.2560472,llm_judge_binary,evaluation,,,593.0,593.0
deepseek,62,37,99,0,35,,,DeepSeekBackend,deepseek-v4-flash,1784120519.2643838,llm_judge_binary,evaluation,,,591.0,591.0
deepseek,62,45,107,0,43,,,DeepSeekBackend,deepseek-v4-flash,1784120519.2758517,llm_judge_binary,evaluation,,,592.0,592.0
deepseek,62,37,99,0,35,,,DeepSeekBackend,deepseek-v4-flash,1784120519.4212406,llm_judge_binary,evaluation,,,597.0,597.0
deepseek,62,29,91,0,27,,,DeepSeekBackend,deepseek-v4-flash,1784120519.4554253,llm_judge_binary,evaluation,,,598.0,598.0
deepseek,62,37,99,0,35,,,DeepSeekBackend,deepseek-v4-flash,1784120519.51491,llm_judge_binary,evaluation,,,594.0,594.0
deepseek,60,37,97,0,35,,,DeepSeekBackend,deepseek-v4-flash,1784120519.5733857,llm_judge_binary,evaluation,,,604.0,604.0
deepseek,60,31,91,0,29,,,DeepSeekBackend,deepseek-v4-flash,1784120519.5802839,llm_judge_binary,evaluation,,,601.0,601.0
deepseek,62,42,104,0,40,,,DeepSeekBackend,deepseek-v4-flash,1784120519.5880046,llm_judge_binary,evaluation,,,595.0,595.0
deepseek,62,45,107,0,43,,,DeepSeekBackend,deepseek-v4-flash,1784120519.6318755,llm_judge_binary,evaluation,,,596.0,596.0
deepseek,60,35,95,0,33,,,DeepSeekBackend,deepseek-v4-flash,1784120519.7384915,llm_judge_binary,evaluation,,,606.0,606.0
deepseek,62,47,109,0,45,,,DeepSeekBackend,deepseek-v4-flash,1784120519.749752,llm_judge_binary,evaluation,,,599.0,599.0
deepseek,60,38,98,0,36,,,DeepSeekBackend,deepseek-v4-flash,1784120519.7698503,llm_judge_binary,evaluation,,,603.0,603.0
deepseek,60,45,105,0,43,,,DeepSeekBackend,deepseek-v4-flash,1784120519.7986813,llm_judge_binary,evaluation,,,600.0,600.0
deepseek,60,31,91,0,29,,,DeepSeekBackend,deepseek-v4-flash,1784120519.8768015,llm_judge_binary,evaluation,,,605.0,605.0
deepseek,60,34,94,0,32,,,DeepSeekBackend,deepseek-v4-flash,1784120519.9893486,llm_judge_binary,evaluation,,,608.0,608.0
deepseek,60,37,97,0,35,,,DeepSeekBackend,deepseek-v4-flash,1784120520.0059276,llm_judge_binary,evaluation,,,609.0,609.0
deepseek,60,63,123,0,61,,,DeepSeekBackend,deepseek-v4-flash,1784120520.0309138,llm_judge_binary,evaluation,,,602.0,602.0
deepseek,60,48,108,0,46,,,DeepSeekBackend,deepseek-v4-flash,1784120520.112032,llm_judge_binary,evaluation,,,607.0,607.0
deepseek,60,35,95,0,33,,,DeepSeekBackend,deepseek-v4-flash,1784120520.1638494,llm_judge_binary,evaluation,,,613.0,613.0
deepseek,60,35,95,0,33,,,DeepSeekBackend,deepseek-v4-flash,1784120520.1874335,llm_judge_binary,evaluation,,,612.0,612.0
deepseek,60,33,93,0,31,,,DeepSeekBackend,deepseek-v4-flash,1784120520.3315306,llm_judge_binary,evaluation,,,610.0,610.0
deepseek,60,33,93,0,31,,,DeepSeekBackend,deepseek-v4-flash,1784120520.409281,llm_judge_binary,evaluation,,,616.0,616.0
deepseek,60,41,101,0,39,,,DeepSeekBackend,deepseek-v4-flash,1784120520.4220343,llm_judge_binary,evaluation,,,611.0,611.0
deepseek,60,43,103,0,41,,,DeepSeekBackend,deepseek-v4-flash,1784120520.5810523,llm_judge_binary,evaluation,,,619.0,619.0
deepseek,60,33,93,0,31,,,DeepSeekBackend,deepseek-v4-flash,1784120520.5906909,llm_judge_binary,evaluation,,,618.0,618.0
deepseek,60,37,97,0,35,,,DeepSeekBackend,deepseek-v4-flash,1784120520.614418,llm_judge_binary,evaluation,,,615.0,615.0
deepseek,60,46,106,0,44,,,DeepSeekBackend,deepseek-v4-flash,1784120520.6221437,llm_judge_binary,evaluation,,,614.0,614.0
deepseek,60,41,101,0,39,,,DeepSeekBackend,deepseek-v4-flash,1784120520.6608176,llm_judge_binary,evaluation,,,617.0,617.0
