provider,input_tokens,output_tokens,total_tokens,cached_input_tokens,reasoning_tokens,audio_input_tokens,audio_output_tokens,backend,model,recorded_at_unix,step,phase,cell_idx,cell_barcode,sample_pos,result_index
deepseek,622,241,863,512,200,,,DeepSeekBackend,deepseek-v4-flash,1784093823.039714,stage1_annotation,annotation,111389.0,TTTGGTTAGGATTCAA_T166,,
deepseek,622,248,870,512,199,,,DeepSeekBackend,deepseek-v4-flash,1784093823.0400944,stage1_annotation,annotation,19206.0,D372_Biop_Pro1_GCTGGGTAGGCAAAGA-1-32,,
deepseek,622,258,880,512,197,,,DeepSeekBackend,deepseek-v4-flash,1784093823.1246653,stage1_annotation,annotation,35911.0,P3_3_GCTCTGTTCTATCGCC,,
deepseek,622,246,868,512,194,,,DeepSeekBackend,deepseek-v4-flash,1784093823.2614567,stage1_annotation,annotation,78982.0,TGAATCGAGATGTTAG_SC88,,
deepseek,622,271,893,512,209,,,DeepSeekBackend,deepseek-v4-flash,1784093823.2889807,stage1_annotation,annotation,43966.0,TGGGAGACACCTAAAC_T166,,
deepseek,622,299,921,512,239,,,DeepSeekBackend,deepseek-v4-flash,1784093823.5456643,stage1_annotation,annotation,163334.0,TGGTGATCATAGATGA_T166,,
deepseek,622,304,926,512,245,,,DeepSeekBackend,deepseek-v4-flash,1784093823.64071,stage1_annotation,annotation,51112.0,CGTTCTGAGTTACGAA_T165,,
deepseek,622,348,970,512,296,,,DeepSeekBackend,deepseek-v4-flash,1784093823.8551912,stage1_annotation,annotation,40213.0,D326_Biop_Pro1_TCAACGAAGTCGTACT-1-3,,
deepseek,622,262,884,512,192,,,DeepSeekBackend,deepseek-v4-flash,1784093823.861589,stage1_annotation,annotation,129728.0,TTCTTGAGTCTAGGTT_T164,,
deepseek,622,290,912,512,226,,,DeepSeekBackend,deepseek-v4-flash,1784093823.9991903,stage1_annotation,annotation,88191.0,ATCGTCCCACTTGTCC_T164,,
deepseek,622,374,996,512,322,,,DeepSeekBackend,deepseek-v4-flash,1784093824.05818,stage1_annotation,annotation,164541.0,D326_Biop_Pro1_TGAAAGAAGGCGCTCT-1-3,,
deepseek,622,460,1082,512,415,,,DeepSeekBackend,deepseek-v4-flash,1784093824.3835304,stage1_annotation,annotation,141331.0,TGGTAGTCACTTGGGC_T153,,
deepseek,622,459,1081,512,403,,,DeepSeekBackend,deepseek-v4-flash,1784093824.516573,stage1_annotation,annotation,10981.0,D326_Biop_Int1_GTCTCGTCAAGCCCAC-1-4,,
deepseek,622,517,1139,512,456,,,DeepSeekBackend,deepseek-v4-flash,1784093825.0505905,stage1_annotation,annotation,149799.0,CCATAAGGTGCCTGAC_T167,,
deepseek,634,517,1151,512,440,,,DeepSeekBackend,deepseek-v4-flash,1784094060.4260714,stage1_annotation,annotation,70654.0,D353_Brus_Dis1_AGTGAGGGTTCGAATC-1-19,,
deepseek,634,890,1524,512,820,,,DeepSeekBackend,deepseek-v4-flash,1784094067.1612232,stage1_annotation,annotation,39251.0,CTGCGATCTTCGGTC_GRO-03_biopsy,,
deepseek,638,253,891,512,192,,,DeepSeekBackend,deepseek-v4-flash,1784094069.1322532,stage1_annotation,annotation,24035.0,GATCAGTAGACGTCGA_T154,,
deepseek,634,522,1156,512,466,,,DeepSeekBackend,deepseek-v4-flash,1784094070.6182764,stage1_annotation,annotation,4929.0,D363_Biop_Int2_CATGGCGAGATCCTGT-1-25,,
deepseek,638,337,975,512,277,,,DeepSeekBackend,deepseek-v4-flash,1784094078.3087711,stage1_annotation,annotation,16545.0,GAACATCAGTGTACGG_T89,,
deepseek,638,329,967,512,264,,,DeepSeekBackend,deepseek-v4-flash,1784094078.3115914,stage1_annotation,annotation,3561.0,GATCATGGTGACCGAA_T154,,
deepseek,634,287,921,512,231,,,DeepSeekBackend,deepseek-v4-flash,1784094078.3168051,stage1_annotation,annotation,47244.0,CACTGTCATGCC_GRO-03_biopsy,,
deepseek,638,308,946,512,258,,,DeepSeekBackend,deepseek-v4-flash,1784094078.4704788,stage1_annotation,annotation,108774.0,ACTTGTTCACAACTGT_T89,,
deepseek,634,657,1291,512,582,,,DeepSeekBackend,deepseek-v4-flash,1784094084.3687093,stage1_annotation,annotation,145528.0,D354_Brus_Dis1_ACACCGGTCATCTGTT-1-22,,
deepseek,638,357,995,512,284,,,DeepSeekBackend,deepseek-v4-flash,1784094084.5206406,stage1_annotation,annotation,5357.0,CAATTTCGTTCATCTT_T154,,
deepseek,638,387,1025,512,321,,,DeepSeekBackend,deepseek-v4-flash,1784094084.8616426,stage1_annotation,annotation,142922.0,AATGAAGCATCCGGCA_T154,,
deepseek,638,440,1078,512,353,,,DeepSeekBackend,deepseek-v4-flash,1784094085.8407462,stage1_annotation,annotation,20166.0,CTCATTAAGAAATTGC_T165,,
deepseek,638,435,1073,512,357,,,DeepSeekBackend,deepseek-v4-flash,1784094085.8520157,stage1_annotation,annotation,99743.0,TCATCCGTCACTGGTA_T154,,
deepseek,634,530,1164,512,459,,,DeepSeekBackend,deepseek-v4-flash,1784094085.868786,stage1_annotation,annotation,135029.0,TTGAGTGAGGCCACCT_T165,,
deepseek,634,604,1238,512,538,,,DeepSeekBackend,deepseek-v4-flash,1784094086.6509392,stage1_annotation,annotation,84550.0,D367_Biop_Pro1_AAGGTTCTCTTTACGT-1-28,,
deepseek,634,237,871,512,172,,,DeepSeekBackend,deepseek-v4-flash,1784094088.5834231,stage1_annotation,annotation,41564.0,D354_Biop_Int2_CTACATTCATTCACTT-1-21,,
deepseek,634,1803,2437,512,1798,,,DeepSeekBackend,deepseek-v4-flash,1784094090.0614834,stage1_annotation,annotation,103451.0,CCTCTAGAGCCATTTG_SC88,,
deepseek,638,192,830,512,187,,,DeepSeekBackend,deepseek-v4-flash,1784094090.227607,stage1_annotation,annotation,41105.0,GCTGCAGAGCCATTTG_T154,,
deepseek,638,266,904,512,197,,,DeepSeekBackend,deepseek-v4-flash,1784094091.3895004,stage1_annotation,annotation,16552.0,TGGTTAGGTCAAAGCG_T121,,
deepseek,638,261,899,512,197,,,DeepSeekBackend,deepseek-v4-flash,1784094091.3913264,stage1_annotation,annotation,55286.0,CAATGACGTCTTCAAG_T154,,
deepseek,638,328,966,512,275,,,DeepSeekBackend,deepseek-v4-flash,1784094092.067697,stage1_annotation,annotation,42629.0,GAAGCCCCAAGTGACG_T154,,
deepseek,638,245,883,512,202,,,DeepSeekBackend,deepseek-v4-flash,1784094092.0722394,stage1_annotation,annotation,158678.0,GATGTTGGTGACACAG_T154,,
deepseek,638,406,1044,512,320,,,DeepSeekBackend,deepseek-v4-flash,1784094092.0778847,stage1_annotation,annotation,161324.0,ACACAGTCACTCACTC_T154,,
deepseek,638,250,888,512,180,,,DeepSeekBackend,deepseek-v4-flash,1784094093.111836,stage1_annotation,annotation,8416.0,GGGAGTAAGATTGTGA_T154,,
deepseek,638,598,1236,512,525,,,DeepSeekBackend,deepseek-v4-flash,1784094093.9472911,stage1_annotation,annotation,1483.0,TGCATGAAGATACCAA_T154,,
deepseek,634,717,1351,512,714,,,DeepSeekBackend,deepseek-v4-flash,1784094095.1013074,stage1_annotation,annotation,239.0,ACTGCGCACTCTGTC_GRO-10_biopsy,,
deepseek,638,263,901,512,206,,,DeepSeekBackend,deepseek-v4-flash,1784094097.2025304,stage1_annotation,annotation,82327.0,GGGTATTTCGTAACCA_T154,,
deepseek,634,1035,1669,512,962,,,DeepSeekBackend,deepseek-v4-flash,1784094097.2210891,stage1_annotation,annotation,55526.0,D354_Biop_Int2_ACTTTCATCCGTCAAA-1-21,,
deepseek,638,203,841,512,141,,,DeepSeekBackend,deepseek-v4-flash,1784094097.8324797,stage1_annotation,annotation,33960.0,GACCCTTTCATGAGGG_T154,,
deepseek,628,379,1007,512,326,,,DeepSeekBackend,deepseek-v4-flash,1784094098.804986,stage1_annotation,annotation,2752.0,D339_Biop_Pro1_GGACATTCAGCGATCC-1-8,,
deepseek,638,264,902,512,199,,,DeepSeekBackend,deepseek-v4-flash,1784094099.6959004,stage1_annotation,annotation,27555.0,CTGATCCAGCGTCTAT_T89,,
deepseek,634,268,902,512,197,,,DeepSeekBackend,deepseek-v4-flash,1784094099.7997143,stage1_annotation,annotation,74333.0,D372_Biop_Pro1_GGGCATCTCATAACCG-1-32,,
deepseek,628,257,885,512,248,,,DeepSeekBackend,deepseek-v4-flash,1784094100.1012464,stage1_annotation,annotation,77083.0,D326_Biop_Pro1_GCATGATTCGCGATCG-1-3,,
deepseek,634,302,936,512,222,,,DeepSeekBackend,deepseek-v4-flash,1784094100.3127103,stage1_annotation,annotation,27724.0,D326_Biop_Pro1_GGACATTCAGCGAACA-1-3,,
deepseek,634,771,1405,512,699,,,DeepSeekBackend,deepseek-v4-flash,1784094100.4913952,stage1_annotation,annotation,80661.0,ATCATGGAGAGACTTA_GRO-03_biopsy,,
deepseek,634,436,1070,512,376,,,DeepSeekBackend,deepseek-v4-flash,1784094100.5169315,stage1_annotation,annotation,95413.0,CTGAAACGTCCCTTGT_GRO-06_biopsy,,
deepseek,634,566,1200,512,511,,,DeepSeekBackend,deepseek-v4-flash,1784094100.6456983,stage1_annotation,annotation,91658.0,CGGGCATTCCTTGAAG_T101,,
deepseek,638,433,1071,512,347,,,DeepSeekBackend,deepseek-v4-flash,1784094101.04445,stage1_annotation,annotation,123053.0,TCCACCATCCAGTGCG_T154,,
deepseek,634,932,1566,512,857,,,DeepSeekBackend,deepseek-v4-flash,1784094101.21583,stage1_annotation,annotation,57318.0,ACCTACCGTGAGCTCC_T90,,
deepseek,634,453,1087,512,372,,,DeepSeekBackend,deepseek-v4-flash,1784094101.2481906,stage1_annotation,annotation,87867.0,CCAATCCGTCCGAACC_T89,,
deepseek,628,461,1089,512,401,,,DeepSeekBackend,deepseek-v4-flash,1784094101.6305864,stage1_annotation,annotation,139251.0,D322_Biop_Pro1_GTCTCGTAGACTGGGT-1-1,,
deepseek,634,477,1111,512,472,,,DeepSeekBackend,deepseek-v4-flash,1784094101.819852,stage1_annotation,annotation,44706.0,TCGAGGCGTTACGTCA_T85,,
deepseek,628,849,1477,512,784,,,DeepSeekBackend,deepseek-v4-flash,1784094102.8149707,stage1_annotation,annotation,135345.0,D339_Biop_Pro1_GGGCACTCACAGGAGT-1-8,,
deepseek,628,584,1212,512,531,,,DeepSeekBackend,deepseek-v4-flash,1784094102.8953164,stage1_annotation,annotation,34183.0,AAGGCAGAGACTACAA_GRO-10_biopsy,,
deepseek,628,295,923,512,238,,,DeepSeekBackend,deepseek-v4-flash,1784094103.269171,stage1_annotation,annotation,150112.0,CCTCACAGTCGGTACC_SC89,,
deepseek,628,770,1398,512,691,,,DeepSeekBackend,deepseek-v4-flash,1784094103.7486591,stage1_annotation,annotation,148964.0,D326_Biop_Int1_AAGACCTGTACGCACC-1-4,,
deepseek,628,339,967,512,279,,,DeepSeekBackend,deepseek-v4-flash,1784094104.0266683,stage1_annotation,annotation,130825.0,ATCACTTCACAGGATG_SC89,,
deepseek,628,814,1442,512,736,,,DeepSeekBackend,deepseek-v4-flash,1784094104.0482674,stage1_annotation,annotation,72964.0,D339_Biop_Pro1_CATGACAAGACGCAAC-1-8,,
deepseek,628,505,1133,512,430,,,DeepSeekBackend,deepseek-v4-flash,1784094104.1469364,stage1_annotation,annotation,40953.0,AGCATACGTCGCGGTT_GRO-10_biopsy,,
deepseek,634,829,1463,512,752,,,DeepSeekBackend,deepseek-v4-flash,1784094104.410153,stage1_annotation,annotation,18874.0,TCATACTCAGGCAATG_SC88,,
deepseek,628,719,1347,512,655,,,DeepSeekBackend,deepseek-v4-flash,1784094104.6056595,stage1_annotation,annotation,15509.0,CGTAGTACATCGATAC_SC88,,
deepseek,628,442,1070,512,373,,,DeepSeekBackend,deepseek-v4-flash,1784094104.9628787,stage1_annotation,annotation,47262.0,CATGGCGCATATGGTC_GRO-06_biopsy,,
deepseek,628,614,1242,512,556,,,DeepSeekBackend,deepseek-v4-flash,1784094105.0421984,stage1_annotation,annotation,77533.0,TCGGGTAGGTAGCT_GRO-09_biopsy,,
deepseek,628,909,1537,512,823,,,DeepSeekBackend,deepseek-v4-flash,1784094105.0716903,stage1_annotation,annotation,110880.0,AGCATACGTGTTTGGT_T85,,
deepseek,628,640,1268,512,631,,,DeepSeekBackend,deepseek-v4-flash,1784094105.1276402,stage1_annotation,annotation,81149.0,ACTGTGACACGCGGTT_T167,,
deepseek,628,516,1144,512,451,,,DeepSeekBackend,deepseek-v4-flash,1784094105.1504712,stage1_annotation,annotation,8533.0,GAAATGATCTCGGTAA_SC89,,
deepseek,628,542,1170,512,482,,,DeepSeekBackend,deepseek-v4-flash,1784094105.2949467,stage1_annotation,annotation,110266.0,CCATTCGGTACCCAAT_GRO-04_biopsy,,
deepseek,628,476,1104,512,409,,,DeepSeekBackend,deepseek-v4-flash,1784094105.6484582,stage1_annotation,annotation,121052.0,TGCGGTAGATCTGCT_GRO-11_biopsy,,
deepseek,628,357,985,512,306,,,DeepSeekBackend,deepseek-v4-flash,1784094106.3248496,stage1_annotation,annotation,92848.0,CGAGCACAGTCAAGC_GRO-11_biopsy,,
deepseek,628,742,1370,512,677,,,DeepSeekBackend,deepseek-v4-flash,1784094106.4036057,stage1_annotation,annotation,62571.0,TAGGCCTCGTTTA_GRO-10_biopsy,,
deepseek,628,598,1226,512,537,,,DeepSeekBackend,deepseek-v4-flash,1784094106.5358655,stage1_annotation,annotation,20468.0,ACCAAACTCGACATAC_SC89,,
deepseek,628,465,1093,512,418,,,DeepSeekBackend,deepseek-v4-flash,1784094106.6943235,stage1_annotation,annotation,10502.0,CACATATCGCGATC_GRO-08_biopsy,,
deepseek,628,638,1266,512,560,,,DeepSeekBackend,deepseek-v4-flash,1784094106.7086227,stage1_annotation,annotation,158068.0,CTGAAGTAGCCAGTTT_GRO-07_biopsy,,
deepseek,628,385,1013,512,320,,,DeepSeekBackend,deepseek-v4-flash,1784094107.171668,stage1_annotation,annotation,114554.0,AGCGCTGGTAGAGGAA_SC89,,
deepseek,628,296,924,512,233,,,DeepSeekBackend,deepseek-v4-flash,1784094107.2324173,stage1_annotation,annotation,90198.0,TCAATCTGTACTCGC_GRO-06_biopsy,,
deepseek,628,826,1454,512,772,,,DeepSeekBackend,deepseek-v4-flash,1784094107.3414514,stage1_annotation,annotation,91150.0,CTCTAATAGCGTAATA_GRO-11_biopsy,,
deepseek,624,219,843,512,168,,,DeepSeekBackend,deepseek-v4-flash,1784094107.4272592,stage1_annotation,annotation,60213.0,D372_Biop_Int2_CCTCAGTTCAGGTTCA-1-34,,
deepseek,628,405,1033,512,353,,,DeepSeekBackend,deepseek-v4-flash,1784094107.5535443,stage1_annotation,annotation,118178.0,CATGCCTGTTCAGACT_GRO-10_biopsy,,
deepseek,628,441,1069,512,379,,,DeepSeekBackend,deepseek-v4-flash,1784094107.6871033,stage1_annotation,annotation,139834.0,ATTCTACTCAGAGCTT_GRO-11_biopsy,,
deepseek,628,544,1172,512,471,,,DeepSeekBackend,deepseek-v4-flash,1784094107.8407605,stage1_annotation,annotation,143729.0,AGGGAGTCAAGCGTA_GRO-11_biopsy,,
deepseek,624,303,927,512,244,,,DeepSeekBackend,deepseek-v4-flash,1784094108.1654139,stage1_annotation,annotation,64900.0,D322_Biop_Pro1_TGACAACTCAACCAAC-1-1,,
deepseek,624,329,953,512,257,,,DeepSeekBackend,deepseek-v4-flash,1784094108.364163,stage1_annotation,annotation,145843.0,D372_Biop_Int2_GATCAGTAGGGTTTCT-1-34,,
deepseek,628,521,1149,512,454,,,DeepSeekBackend,deepseek-v4-flash,1784094108.454688,stage1_annotation,annotation,23471.0,CCGGGATCATAAGACA_GRO-11_biopsy,,
deepseek,624,395,1019,512,331,,,DeepSeekBackend,deepseek-v4-flash,1784094108.679036,stage1_annotation,annotation,101341.0,D353_Biop_Int2_GTTCTCGAGTTACCCA-1-18,,
deepseek,628,463,1091,512,403,,,DeepSeekBackend,deepseek-v4-flash,1784094108.820481,stage1_annotation,annotation,106957.0,GGTTAACTCGCCTATC_SC89,,
deepseek,628,534,1162,512,470,,,DeepSeekBackend,deepseek-v4-flash,1784094109.1365035,stage1_annotation,annotation,138302.0,CCCAGTTAGGAGTACC_GRO-11_biopsy,,
deepseek,624,536,1160,512,482,,,DeepSeekBackend,deepseek-v4-flash,1784094110.4113941,stage1_annotation,annotation,82505.0,D372_Biop_Int2_CTCTGGTGTGTCAATC-1-34,,
deepseek,624,486,1110,512,430,,,DeepSeekBackend,deepseek-v4-flash,1784094110.6365356,stage1_annotation,annotation,23384.0,D353_Biop_Int2_AAAGCAACATGTTCCC-1-18,,
deepseek,624,499,1123,512,441,,,DeepSeekBackend,deepseek-v4-flash,1784094110.671464,stage1_annotation,annotation,71712.0,D372_Biop_Int2_CTACATTCACCCTATC-1-34,,
deepseek,624,355,979,512,307,,,DeepSeekBackend,deepseek-v4-flash,1784094111.020478,stage1_annotation,annotation,30192.0,CATATGGAGGCTCTTA_GRO-10_biopsy,,
deepseek,624,567,1191,512,498,,,DeepSeekBackend,deepseek-v4-flash,1784094111.066035,stage1_annotation,annotation,98797.0,D372_Biop_Int2_ACACTGACAAGCGAGT-1-34,,
deepseek,624,485,1109,512,425,,,DeepSeekBackend,deepseek-v4-flash,1784094111.068332,stage1_annotation,annotation,46688.0,D353_Biop_Int2_GTAACGTGTGTCCTCT-1-18,,
deepseek,624,447,1071,512,381,,,DeepSeekBackend,deepseek-v4-flash,1784094111.075905,stage1_annotation,annotation,18968.0,D372_Biop_Int2_CATATGGTCAGTCCCT-1-34,,
deepseek,624,446,1070,512,378,,,DeepSeekBackend,deepseek-v4-flash,1784094111.1104918,stage1_annotation,annotation,32317.0,D372_Biop_Int2_TACTTACCACCTGGTG-1-34,,
deepseek,624,306,930,512,252,,,DeepSeekBackend,deepseek-v4-flash,1784094111.1462011,stage1_annotation,annotation,146349.0,D363_Biop_Pro1_GCATGATTCTCGCTTG-1-24,,
deepseek,635,212,847,512,167,,,DeepSeekBackend,deepseek-v4-flash,1784094111.3666387,stage1_annotation,annotation,85407.0,D367_Brus_Dis1_ACTTGTTAGACTAAGT-1-30,,
deepseek,624,802,1426,512,738,,,DeepSeekBackend,deepseek-v4-flash,1784094111.7825003,stage1_annotation,annotation,21514.0,D344_Biop_Int1_ACTGAACCATGGTTGT-1-13,,
deepseek,624,478,1102,512,416,,,DeepSeekBackend,deepseek-v4-flash,1784094111.833365,stage1_annotation,annotation,11196.0,D363_Biop_Pro1_GAGCAGAAGTCTTGCA-1-24,,
deepseek,624,533,1157,512,484,,,DeepSeekBackend,deepseek-v4-flash,1784094112.1322453,stage1_annotation,annotation,119439.0,P3_4_ACTGTCCCACGTCTCT,,
deepseek,635,324,959,512,276,,,DeepSeekBackend,deepseek-v4-flash,1784094112.1808028,stage1_annotation,annotation,24739.0,D372_Brus_Dis1_TTGGCAACAGCTCGAC-1-35,,
deepseek,624,649,1273,512,582,,,DeepSeekBackend,deepseek-v4-flash,1784094112.2419236,stage1_annotation,annotation,87067.0,D372_Biop_Int2_CGTAGCGAGGCTATCT-1-34,,
deepseek,635,369,1004,512,316,,,DeepSeekBackend,deepseek-v4-flash,1784094112.3843272,stage1_annotation,annotation,118944.0,D367_Brus_Dis1_CCTAAAGAGCTACCGC-1-30,,
deepseek,635,334,969,512,270,,,DeepSeekBackend,deepseek-v4-flash,1784094112.483508,stage1_annotation,annotation,44670.0,D354_Biop_Int2_GTTCATTGTAAGTTCC-1-21,,
deepseek,624,644,1268,512,580,,,DeepSeekBackend,deepseek-v4-flash,1784094112.5729766,stage1_annotation,annotation,87414.0,D353_Biop_Int2_GGGAATGCAGATGGGT-1-18,,
deepseek,624,602,1226,512,550,,,DeepSeekBackend,deepseek-v4-flash,1784094112.6462944,stage1_annotation,annotation,157376.0,D372_Biop_Int2_GGGTTGCCAATGAAAC-1-34,,
deepseek,624,490,1114,512,431,,,DeepSeekBackend,deepseek-v4-flash,1784094112.809903,stage1_annotation,annotation,87279.0,D354_Biop_Int2_GTCTTCGTCTGAAAGA-1-21,,
deepseek,635,256,891,512,216,,,DeepSeekBackend,deepseek-v4-flash,1784094113.3102531,stage1_annotation,annotation,69009.0,D344_Brus_Dis1_CACACAACATCGACGC-1-14,,
deepseek,635,181,816,512,178,,,DeepSeekBackend,deepseek-v4-flash,1784094113.7160943,stage1_annotation,annotation,168630.0,D354_Brus_Dis1_CTGCTGTCAGACACTT-1-22,,
deepseek,635,305,940,512,237,,,DeepSeekBackend,deepseek-v4-flash,1784094114.0803845,stage1_annotation,annotation,123234.0,D372_Brus_Dis1_GTCTTCGTCACGACTA-1-35,,
deepseek,635,230,865,512,168,,,DeepSeekBackend,deepseek-v4-flash,1784094114.1631591,stage1_annotation,annotation,109517.0,D367_Brus_Dis1_CTGCGGATCCCTAACC-1-30,,
deepseek,635,364,999,512,310,,,DeepSeekBackend,deepseek-v4-flash,1784094114.268952,stage1_annotation,annotation,5552.0,D367_Brus_Dis1_TGCGTGGCAGCTGGCT-1-30,,
deepseek,635,279,914,512,229,,,DeepSeekBackend,deepseek-v4-flash,1784094114.5476832,stage1_annotation,annotation,117448.0,D344_Brus_Dis1_TAAGCGTGTCCTCCAT-1-14,,
deepseek,635,303,938,512,226,,,DeepSeekBackend,deepseek-v4-flash,1784094114.5849562,stage1_annotation,annotation,86487.0,D367_Brus_Dis1_GACCTGGAGTACGACG-1-30,,
deepseek,635,354,989,512,277,,,DeepSeekBackend,deepseek-v4-flash,1784094114.7604864,stage1_annotation,annotation,154402.0,D353_Brus_Dis1_ACACCGGAGCCTCGTG-1-19,,
deepseek,635,239,874,512,188,,,DeepSeekBackend,deepseek-v4-flash,1784094115.0590355,stage1_annotation,annotation,131779.0,D344_Brus_Dis1_TCTTCGGAGCATCATC-1-14,,
deepseek,635,361,996,512,304,,,DeepSeekBackend,deepseek-v4-flash,1784094115.3024144,stage1_annotation,annotation,158644.0,D354_Brus_Dis1_AGTAGTCGTTTCGCTC-1-22,,
deepseek,635,406,1041,512,322,,,DeepSeekBackend,deepseek-v4-flash,1784094115.6767159,stage1_annotation,annotation,2034.0,D367_Brus_Dis1_TGCGCAGGTGAGGCTA-1-30,,
deepseek,635,311,946,512,237,,,DeepSeekBackend,deepseek-v4-flash,1784094115.7641718,stage1_annotation,annotation,91792.0,D372_Brus_Dis1_CAGAATCGTTGGTAAA-1-35,,
deepseek,635,417,1052,512,367,,,DeepSeekBackend,deepseek-v4-flash,1784094115.827805,stage1_annotation,annotation,84820.0,D344_Brus_Dis1_ACGGCCACAAGGACTG-1-14,,
deepseek,635,445,1080,512,394,,,DeepSeekBackend,deepseek-v4-flash,1784094116.10322,stage1_annotation,annotation,63663.0,D354_Brus_Dis1_AAGGAGCTCAGCCTAA-1-22,,
deepseek,635,409,1044,512,358,,,DeepSeekBackend,deepseek-v4-flash,1784094116.3703218,stage1_annotation,annotation,125108.0,D354_Brus_Dis1_GCCTCTAAGGGTTTCT-1-22,,
deepseek,635,439,1074,512,372,,,DeepSeekBackend,deepseek-v4-flash,1784094116.5747228,stage1_annotation,annotation,124946.0,D354_Brus_Dis1_ACTGCTCCATCTCCCA-1-22,,
deepseek,633,568,1201,512,503,,,DeepSeekBackend,deepseek-v4-flash,1784094118.43512,stage1_annotation,annotation,147998.0,D354_Biop_Pro1_GTGTTAGGTTAAGTAG-1-20,,
deepseek,633,274,907,512,215,,,DeepSeekBackend,deepseek-v4-flash,1784094118.8789735,stage1_annotation,annotation,37669.0,ATGACACGTCTCT_GRO-09_biopsy,,
deepseek,633,649,1282,512,585,,,DeepSeekBackend,deepseek-v4-flash,1784094118.9636111,stage1_annotation,annotation,110058.0,P3_3_GTTACAGTCGCGTTTC,,
deepseek,633,490,1123,512,410,,,DeepSeekBackend,deepseek-v4-flash,1784094119.2159102,stage1_annotation,annotation,109871.0,D339_Biop_Pro1_CTGTGCTAGCAATATG-1-8,,
deepseek,633,663,1296,512,585,,,DeepSeekBackend,deepseek-v4-flash,1784094119.2332268,stage1_annotation,annotation,71383.0,AGGGAGTGTAGCGTGA_GRO-08_biopsy,,
deepseek,633,536,1169,512,459,,,DeepSeekBackend,deepseek-v4-flash,1784094119.370739,stage1_annotation,annotation,16033.0,D339_Biop_Pro1_AGCGGTCGTCGCATAT-1-8,,
deepseek,633,303,936,512,238,,,DeepSeekBackend,deepseek-v4-flash,1784094119.5132365,stage1_annotation,annotation,112108.0,D344_Biop_Int1_ATAAGAGGTGGTGTAG-1-13,,
deepseek,633,774,1407,512,703,,,DeepSeekBackend,deepseek-v4-flash,1784094119.9850385,stage1_annotation,annotation,157415.0,D339_Biop_Pro1_ACTTTCAAGCGATGAC-1-8,,
deepseek,633,320,953,512,265,,,DeepSeekBackend,deepseek-v4-flash,1784094120.0556607,stage1_annotation,annotation,126698.0,D354_Biop_Int2_GCATGCGTCCCACTTG-1-21,,
deepseek,633,445,1078,512,369,,,DeepSeekBackend,deepseek-v4-flash,1784094120.08367,stage1_annotation,annotation,157826.0,D354_Biop_Int2_AATCGGTTCGGCGCAT-1-21,,
deepseek,633,512,1145,512,451,,,DeepSeekBackend,deepseek-v4-flash,1784094120.1168032,stage1_annotation,annotation,129449.0,TGCAGATCAGAATGTA_SC88,,
deepseek,633,539,1172,512,468,,,DeepSeekBackend,deepseek-v4-flash,1784094120.2531464,stage1_annotation,annotation,80304.0,D339_Biop_Pro1_CATCAGATCCTTTACA-1-8,,
deepseek,633,638,1271,512,562,,,DeepSeekBackend,deepseek-v4-flash,1784094120.7095075,stage1_annotation,annotation,59856.0,D344_Biop_Pro1_GAACGGAAGCGATAGC-1-12,,
deepseek,633,878,1511,512,821,,,DeepSeekBackend,deepseek-v4-flash,1784094121.555454,stage1_annotation,annotation,34744.0,TGGAGGAAGAGTATAC_SC88,,
deepseek,631,308,939,512,249,,,DeepSeekBackend,deepseek-v4-flash,1784094121.6080933,stage1_annotation,annotation,103001.0,D344_Biop_Int1_CTACACCAGTTAGCGG-1-13,,
deepseek,633,677,1310,512,580,,,DeepSeekBackend,deepseek-v4-flash,1784094121.6591806,stage1_annotation,annotation,152776.0,D372_Biop_Int2_ATCATCTAGGCTACGA-1-34,,
deepseek,631,277,908,512,213,,,DeepSeekBackend,deepseek-v4-flash,1784094121.9069743,stage1_annotation,annotation,111988.0,D372_Biop_Int1_ACACCCTAGGTTACCT-1-33,,
deepseek,633,579,1212,512,504,,,DeepSeekBackend,deepseek-v4-flash,1784094122.1716669,stage1_annotation,annotation,65177.0,D322_Biop_Pro1_CGAACATTCTTGCATT-1-1,,
deepseek,633,657,1290,512,577,,,DeepSeekBackend,deepseek-v4-flash,1784094122.3210273,stage1_annotation,annotation,87884.0,D354_Biop_Int2_GACACGCCATCATCCC-1-21,,
deepseek,633,780,1413,512,718,,,DeepSeekBackend,deepseek-v4-flash,1784094122.6537433,stage1_annotation,annotation,152897.0,TTGTTCAGTTAGAGAT_SC88,,
deepseek,631,336,967,512,282,,,DeepSeekBackend,deepseek-v4-flash,1784094122.691242,stage1_annotation,annotation,65375.0,P2_6_ATGTGTGGTGGTGTAG,,
deepseek,631,261,892,512,252,,,DeepSeekBackend,deepseek-v4-flash,1784094122.713187,stage1_annotation,annotation,140673.0,TCATTTTCTTATCT_GRO-03_biopsy,,
deepseek,633,1087,1720,512,991,,,DeepSeekBackend,deepseek-v4-flash,1784094122.9746933,stage1_annotation,annotation,42667.0,D344_Biop_Pro1_GGGTCTGGTGCTTCTC-1-12,,
deepseek,631,396,1027,512,342,,,DeepSeekBackend,deepseek-v4-flash,1784094123.0382125,stage1_annotation,annotation,5449.0,P3_4_GTTCATTCAGGGAGAG,,
deepseek,631,405,1036,512,350,,,DeepSeekBackend,deepseek-v4-flash,1784094123.1637137,stage1_annotation,annotation,54435.0,P3_4_CGGACACCATCCGCGA,,
deepseek,631,498,1129,512,436,,,DeepSeekBackend,deepseek-v4-flash,1784094123.7689173,stage1_annotation,annotation,59829.0,TGCCCTACAGGACCCT_GRO-10_biopsy,,
deepseek,631,414,1045,512,363,,,DeepSeekBackend,deepseek-v4-flash,1784094123.9060004,stage1_annotation,annotation,169142.0,CTCTGTTCCAATGGT_GRO-09_biopsy,,
deepseek,631,235,866,512,187,,,DeepSeekBackend,deepseek-v4-flash,1784094124.0075195,stage1_annotation,annotation,70946.0,AGCTCTCGTGAACCTT_GRO-10_biopsy,,
deepseek,631,424,1055,512,382,,,DeepSeekBackend,deepseek-v4-flash,1784094124.1216366,stage1_annotation,annotation,153304.0,TATTCTCATGCAATC_GRO-04_biopsy,,
deepseek,631,439,1070,512,378,,,DeepSeekBackend,deepseek-v4-flash,1784094124.2279289,stage1_annotation,annotation,66900.0,P3_4_TTCTCAAGTGACGCCT,,
deepseek,631,483,1114,512,409,,,DeepSeekBackend,deepseek-v4-flash,1784094124.4906185,stage1_annotation,annotation,167993.0,CCGTGGAAGACGACGT_GRO-10_biopsy,,
deepseek,631,405,1036,512,356,,,DeepSeekBackend,deepseek-v4-flash,1784094124.630465,stage1_annotation,annotation,35400.0,P3_4_CGGACGTGTAATAGCA,,
deepseek,631,623,1254,512,559,,,DeepSeekBackend,deepseek-v4-flash,1784094124.7622678,stage1_annotation,annotation,104948.0,P3_4_GGAACTTAGTGTTGAA,,
deepseek,631,390,1021,512,339,,,DeepSeekBackend,deepseek-v4-flash,1784094125.5444148,stage1_annotation,annotation,127450.0,P3_4_ATCTACTGTGCAGGTA,,
deepseek,631,450,1081,512,386,,,DeepSeekBackend,deepseek-v4-flash,1784094126.1434164,stage1_annotation,annotation,159878.0,CGCCAAGTTCCATGA_GRO-10_biopsy,,
deepseek,631,363,994,512,308,,,DeepSeekBackend,deepseek-v4-flash,1784094126.1665893,stage1_annotation,annotation,79604.0,P3_3_TCAATCTGTTCGAATC,,
deepseek,631,522,1153,512,466,,,DeepSeekBackend,deepseek-v4-flash,1784094126.402264,stage1_annotation,annotation,109476.0,CTCCTAAGGCCCTT_GRO-10_biopsy,,
deepseek,633,1346,1979,512,1283,,,DeepSeekBackend,deepseek-v4-flash,1784094126.4196086,stage1_annotation,annotation,168461.0,D354_Biop_Pro1_CATCAAGTCCGCAGTG-1-20,,
deepseek,631,528,1159,512,467,,,DeepSeekBackend,deepseek-v4-flash,1784094127.0041275,stage1_annotation,annotation,112132.0,CGAACATGTAGCAAAT_GRO-10_biopsy,,
deepseek,630,504,1134,512,432,,,DeepSeekBackend,deepseek-v4-flash,1784094129.5126297,stage1_annotation,annotation,34895.0,TACTCGCCAACGATCT_GRO-10_biopsy,,
deepseek,631,850,1481,512,805,,,DeepSeekBackend,deepseek-v4-flash,1784094129.724106,stage1_annotation,annotation,67927.0,P2_8_ACGCAGCTCCTTTACA,,
deepseek,630,336,966,512,270,,,DeepSeekBackend,deepseek-v4-flash,1784094129.8796535,stage1_annotation,annotation,90991.0,AGTCTTTAGTGTAC_GRO-07_biopsy,,
deepseek,630,658,1288,512,578,,,DeepSeekBackend,deepseek-v4-flash,1784094130.9474578,stage1_annotation,annotation,83692.0,D372_Biop_Int2_GCATGTAAGGTGATTA-1-34,,
deepseek,630,524,1154,512,453,,,DeepSeekBackend,deepseek-v4-flash,1784094131.3074274,stage1_annotation,annotation,83497.0,CACCACTGTTTGTTTC_GRO-10_biopsy,,
deepseek,630,581,1211,512,501,,,DeepSeekBackend,deepseek-v4-flash,1784094131.784119,stage1_annotation,annotation,10065.0,D326_Biop_Pro1_GACTACATCATCATTC-1-3,,
deepseek,630,674,1304,512,591,,,DeepSeekBackend,deepseek-v4-flash,1784094131.9727664,stage1_annotation,annotation,35472.0,TAAGAGATCACATAGC_GRO-09_biopsy,,
deepseek,630,584,1214,512,522,,,DeepSeekBackend,deepseek-v4-flash,1784094132.3478186,stage1_annotation,annotation,60121.0,AGCAATCCGTTGCT_GRO-11_biopsy,,
deepseek,630,788,1418,512,714,,,DeepSeekBackend,deepseek-v4-flash,1784094132.4296687,stage1_annotation,annotation,48328.0,ATCTAGAGATGCCTT_GRO-10_biopsy,,
deepseek,630,552,1182,512,493,,,DeepSeekBackend,deepseek-v4-flash,1784094132.8392508,stage1_annotation,annotation,59078.0,P3_2_CACCAGGTCATACGGT,,
deepseek,630,600,1230,512,509,,,DeepSeekBackend,deepseek-v4-flash,1784094133.3228912,stage1_annotation,annotation,17307.0,D339_Biop_Int1_CTAGTGAAGATGTTAG-1-9,,
deepseek,630,959,1589,512,854,,,DeepSeekBackend,deepseek-v4-flash,1784094133.480952,stage1_annotation,annotation,152445.0,D322_Biop_Pro1_TGCCCATAGCTCCTCT-1-1,,
deepseek,630,1015,1645,512,929,,,DeepSeekBackend,deepseek-v4-flash,1784094133.9172938,stage1_annotation,annotation,82549.0,D353_Biop_Int2_TAGCCGGGTCCGTGAC-1-18,,
deepseek,630,856,1486,512,783,,,DeepSeekBackend,deepseek-v4-flash,1784094133.9480827,stage1_annotation,annotation,32428.0,CGCTATCGTGCTGTAT_GRO-10_biopsy,,
deepseek,630,615,1245,512,544,,,DeepSeekBackend,deepseek-v4-flash,1784094134.0193896,stage1_annotation,annotation,42086.0,D372_Biop_Int1_AGCAGCCAGAAGGTGA-1-33,,
deepseek,630,810,1440,512,752,,,DeepSeekBackend,deepseek-v4-flash,1784094135.8414645,stage1_annotation,annotation,165268.0,CTCGTACGTCGCGAAA_GRO-03_biopsy,,
deepseek,630,945,1575,512,864,,,DeepSeekBackend,deepseek-v4-flash,1784094135.9813185,stage1_annotation,annotation,126192.0,D372_Biop_Int1_CGCTGGACATTACCTT-1-33,,
deepseek,630,1031,1661,512,982,,,DeepSeekBackend,deepseek-v4-flash,1784094135.9858103,stage1_annotation,annotation,3958.0,CTCGGAGTCCTAGAAC_GRO-10_biopsy,,
deepseek,630,827,1457,512,728,,,DeepSeekBackend,deepseek-v4-flash,1784094136.1172285,stage1_annotation,annotation,130547.0,D353_Biop_Int2_ATTTCTGCATTACGAC-1-18,,
deepseek,630,651,1281,512,567,,,DeepSeekBackend,deepseek-v4-flash,1784094136.1703641,stage1_annotation,annotation,101809.0,CTAAGACGTCCATGAT_GRO-10_biopsy,,
deepseek,630,1065,1695,512,962,,,DeepSeekBackend,deepseek-v4-flash,1784094137.0764084,stage1_annotation,annotation,168758.0,D372_Biop_Int2_GAAATGATCGGACAAG-1-34,,
deepseek,60,41,101,0,39,,,DeepSeekBackend,deepseek-v4-flash,1784094139.0782852,llm_judge_binary,evaluation,,,3.0,3.0
deepseek,60,45,105,0,43,,,DeepSeekBackend,deepseek-v4-flash,1784094139.0831797,llm_judge_binary,evaluation,,,0.0,0.0
deepseek,60,43,103,0,41,,,DeepSeekBackend,deepseek-v4-flash,1784094139.0871637,llm_judge_binary,evaluation,,,4.0,4.0
deepseek,60,56,116,0,54,,,DeepSeekBackend,deepseek-v4-flash,1784094139.0939054,llm_judge_binary,evaluation,,,2.0,2.0
deepseek,60,34,94,0,32,,,DeepSeekBackend,deepseek-v4-flash,1784094139.1013124,llm_judge_binary,evaluation,,,1.0,1.0
deepseek,60,39,99,0,37,,,DeepSeekBackend,deepseek-v4-flash,1784094139.106142,llm_judge_binary,evaluation,,,7.0,7.0
deepseek,60,33,93,0,31,,,DeepSeekBackend,deepseek-v4-flash,1784094139.8156922,llm_judge_binary,evaluation,,,19.0,19.0
deepseek,60,37,97,0,35,,,DeepSeekBackend,deepseek-v4-flash,1784094139.8788688,llm_judge_binary,evaluation,,,14.0,14.0
deepseek,60,35,95,0,33,,,DeepSeekBackend,deepseek-v4-flash,1784094139.9404616,llm_judge_binary,evaluation,,,10.0,10.0
deepseek,60,56,116,0,54,,,DeepSeekBackend,deepseek-v4-flash,1784094139.9473596,llm_judge_binary,evaluation,,,6.0,6.0
deepseek,60,55,115,0,53,,,DeepSeekBackend,deepseek-v4-flash,1784094139.9626398,llm_judge_binary,evaluation,,,16.0,16.0
deepseek,60,31,91,0,29,,,DeepSeekBackend,deepseek-v4-flash,1784094139.969813,llm_judge_binary,evaluation,,,11.0,11.0
deepseek,70,42,112,0,40,,,DeepSeekBackend,deepseek-v4-flash,1784094139.9751234,llm_judge_binary,evaluation,,,24.0,24.0
deepseek,60,34,94,0,32,,,DeepSeekBackend,deepseek-v4-flash,1784094140.0504148,llm_judge_binary,evaluation,,,8.0,8.0
deepseek,60,44,104,0,42,,,DeepSeekBackend,deepseek-v4-flash,1784094140.0795581,llm_judge_binary,evaluation,,,17.0,17.0
deepseek,60,53,113,0,51,,,DeepSeekBackend,deepseek-v4-flash,1784094140.0940106,llm_judge_binary,evaluation,,,5.0,5.0
deepseek,60,50,110,0,48,,,DeepSeekBackend,deepseek-v4-flash,1784094140.101502,llm_judge_binary,evaluation,,,15.0,15.0
deepseek,60,47,107,0,45,,,DeepSeekBackend,deepseek-v4-flash,1784094140.1175113,llm_judge_binary,evaluation,,,12.0,12.0
deepseek,60,31,91,0,29,,,DeepSeekBackend,deepseek-v4-flash,1784094140.1525795,llm_judge_binary,evaluation,,,13.0,13.0
deepseek,70,57,127,0,55,,,DeepSeekBackend,deepseek-v4-flash,1784094140.1679919,llm_judge_binary,evaluation,,,23.0,23.0
deepseek,60,32,92,0,30,,,DeepSeekBackend,deepseek-v4-flash,1784094140.1746626,llm_judge_binary,evaluation,,,18.0,18.0
deepseek,60,54,114,0,52,,,DeepSeekBackend,deepseek-v4-flash,1784094140.1852045,llm_judge_binary,evaluation,,,9.0,9.0
deepseek,70,51,121,0,49,,,DeepSeekBackend,deepseek-v4-flash,1784094140.1920557,llm_judge_binary,evaluation,,,25.0,25.0
deepseek,70,47,117,0,45,,,DeepSeekBackend,deepseek-v4-flash,1784094140.207495,llm_judge_binary,evaluation,,,21.0,21.0
deepseek,65,74,139,0,72,,,DeepSeekBackend,deepseek-v4-flash,1784094140.2540936,llm_judge_binary,evaluation,,,22.0,22.0
deepseek,65,96,161,0,94,,,DeepSeekBackend,deepseek-v4-flash,1784094140.6398854,llm_judge_binary,evaluation,,,20.0,20.0
deepseek,70,44,114,0,42,,,DeepSeekBackend,deepseek-v4-flash,1784094140.7315419,llm_judge_binary,evaluation,,,27.0,27.0
deepseek,70,56,126,0,54,,,DeepSeekBackend,deepseek-v4-flash,1784094140.8131633,llm_judge_binary,evaluation,,,30.0,30.0
deepseek,70,52,122,0,50,,,DeepSeekBackend,deepseek-v4-flash,1784094140.8639789,llm_judge_binary,evaluation,,,29.0,29.0
deepseek,70,53,123,0,51,,,DeepSeekBackend,deepseek-v4-flash,1784094140.8908465,llm_judge_binary,evaluation,,,28.0,28.0
deepseek,70,59,129,0,57,,,DeepSeekBackend,deepseek-v4-flash,1784094140.9032052,llm_judge_binary,evaluation,,,26.0,26.0
deepseek,70,56,126,0,54,,,DeepSeekBackend,deepseek-v4-flash,1784094140.9592748,llm_judge_binary,evaluation,,,32.0,32.0
deepseek,70,40,110,0,38,,,DeepSeekBackend,deepseek-v4-flash,1784094140.9898467,llm_judge_binary,evaluation,,,39.0,39.0
deepseek,70,55,125,0,53,,,DeepSeekBackend,deepseek-v4-flash,1784094141.0460093,llm_judge_binary,evaluation,,,36.0,36.0
deepseek,70,54,124,0,52,,,DeepSeekBackend,deepseek-v4-flash,1784094141.0541446,llm_judge_binary,evaluation,,,35.0,35.0
deepseek,70,54,124,0,52,,,DeepSeekBackend,deepseek-v4-flash,1784094141.1591644,llm_judge_binary,evaluation,,,33.0,33.0
deepseek,72,45,117,0,43,,,DeepSeekBackend,deepseek-v4-flash,1784094141.1925828,llm_judge_binary,evaluation,,,42.0,42.0
deepseek,70,54,124,0,52,,,DeepSeekBackend,deepseek-v4-flash,1784094141.213701,llm_judge_binary,evaluation,,,38.0,38.0
deepseek,70,46,116,0,44,,,DeepSeekBackend,deepseek-v4-flash,1784094141.2209945,llm_judge_binary,evaluation,,,37.0,37.0
deepseek,66,76,142,0,74,,,DeepSeekBackend,deepseek-v4-flash,1784094141.3243012,llm_judge_binary,evaluation,,,41.0,41.0
deepseek,66,84,150,0,82,,,DeepSeekBackend,deepseek-v4-flash,1784094141.3798046,llm_judge_binary,evaluation,,,40.0,40.0
deepseek,65,87,152,0,85,,,DeepSeekBackend,deepseek-v4-flash,1784094141.5445127,llm_judge_binary,evaluation,,,34.0,34.0
deepseek,65,81,146,0,79,,,DeepSeekBackend,deepseek-v4-flash,1784094141.5725975,llm_judge_binary,evaluation,,,31.0,31.0
deepseek,66,76,142,0,74,,,DeepSeekBackend,deepseek-v4-flash,1784094141.6955438,llm_judge_binary,evaluation,,,44.0,44.0
deepseek,72,59,131,0,57,,,DeepSeekBackend,deepseek-v4-flash,1784094142.074473,llm_judge_binary,evaluation,,,52.0,52.0
deepseek,66,191,257,0,189,,,DeepSeekBackend,deepseek-v4-flash,1784094142.357536,llm_judge_binary,evaluation,,,43.0,43.0
deepseek,66,130,196,0,128,,,DeepSeekBackend,deepseek-v4-flash,1784094142.4582717,llm_judge_binary,evaluation,,,46.0,46.0
deepseek,66,93,159,0,91,,,DeepSeekBackend,deepseek-v4-flash,1784094142.4866538,llm_judge_binary,evaluation,,,55.0,55.0
deepseek,66,74,140,0,72,,,DeepSeekBackend,deepseek-v4-flash,1784094142.520903,llm_judge_binary,evaluation,,,58.0,58.0
deepseek,66,151,217,0,149,,,DeepSeekBackend,deepseek-v4-flash,1784094142.5348704,llm_judge_binary,evaluation,,,45.0,45.0
deepseek,72,71,143,0,69,,,DeepSeekBackend,deepseek-v4-flash,1784094142.5499868,llm_judge_binary,evaluation,,,61.0,61.0
deepseek,72,46,118,0,44,,,DeepSeekBackend,deepseek-v4-flash,1784094142.6019645,llm_judge_binary,evaluation,,,60.0,60.0
deepseek,72,48,120,0,46,,,DeepSeekBackend,deepseek-v4-flash,1784094142.6122668,llm_judge_binary,evaluation,,,63.0,63.0
deepseek,66,128,194,0,126,,,DeepSeekBackend,deepseek-v4-flash,1784094142.6496387,llm_judge_binary,evaluation,,,49.0,49.0
deepseek,66,122,188,0,120,,,DeepSeekBackend,deepseek-v4-flash,1784094142.6582537,llm_judge_binary,evaluation,,,53.0,53.0
deepseek,66,93,159,0,91,,,DeepSeekBackend,deepseek-v4-flash,1784094142.7337818,llm_judge_binary,evaluation,,,59.0,59.0
deepseek,72,57,129,0,55,,,DeepSeekBackend,deepseek-v4-flash,1784094142.778125,llm_judge_binary,evaluation,,,62.0,62.0
deepseek,66,100,166,0,98,,,DeepSeekBackend,deepseek-v4-flash,1784094142.7850804,llm_judge_binary,evaluation,,,56.0,56.0
deepseek,66,112,178,0,110,,,DeepSeekBackend,deepseek-v4-flash,1784094142.9261503,llm_judge_binary,evaluation,,,57.0,57.0
deepseek,66,195,261,0,193,,,DeepSeekBackend,deepseek-v4-flash,1784094142.970005,llm_judge_binary,evaluation,,,48.0,48.0
deepseek,66,139,205,0,137,,,DeepSeekBackend,deepseek-v4-flash,1784094143.0866377,llm_judge_binary,evaluation,,,54.0,54.0
deepseek,72,57,129,0,55,,,DeepSeekBackend,deepseek-v4-flash,1784094143.2037632,llm_judge_binary,evaluation,,,64.0,64.0
deepseek,66,194,260,0,192,,,DeepSeekBackend,deepseek-v4-flash,1784094143.2133057,llm_judge_binary,evaluation,,,50.0,50.0
deepseek,66,168,234,0,166,,,DeepSeekBackend,deepseek-v4-flash,1784094143.2201083,llm_judge_binary,evaluation,,,51.0,51.0
deepseek,72,42,114,0,40,,,DeepSeekBackend,deepseek-v4-flash,1784094143.2697072,llm_judge_binary,evaluation,,,65.0,65.0
deepseek,72,44,116,0,42,,,DeepSeekBackend,deepseek-v4-flash,1784094143.5220168,llm_judge_binary,evaluation,,,72.0,72.0
deepseek,72,54,126,0,52,,,DeepSeekBackend,deepseek-v4-flash,1784094143.529717,llm_judge_binary,evaluation,,,67.0,67.0
deepseek,72,55,127,0,53,,,DeepSeekBackend,deepseek-v4-flash,1784094143.5704858,llm_judge_binary,evaluation,,,71.0,71.0
deepseek,72,55,127,0,53,,,DeepSeekBackend,deepseek-v4-flash,1784094143.612983,llm_judge_binary,evaluation,,,74.0,74.0
deepseek,72,65,137,0,63,,,DeepSeekBackend,deepseek-v4-flash,1784094143.623759,llm_judge_binary,evaluation,,,66.0,66.0
deepseek,72,56,128,0,54,,,DeepSeekBackend,deepseek-v4-flash,1784094143.674686,llm_judge_binary,evaluation,,,77.0,77.0
deepseek,72,42,114,0,40,,,DeepSeekBackend,deepseek-v4-flash,1784094143.6935215,llm_judge_binary,evaluation,,,73.0,73.0
deepseek,72,56,128,0,54,,,DeepSeekBackend,deepseek-v4-flash,1784094143.70069,llm_judge_binary,evaluation,,,68.0,68.0
deepseek,72,61,133,0,59,,,DeepSeekBackend,deepseek-v4-flash,1784094143.7082434,llm_judge_binary,evaluation,,,69.0,69.0
deepseek,72,53,125,0,51,,,DeepSeekBackend,deepseek-v4-flash,1784094143.7924984,llm_judge_binary,evaluation,,,70.0,70.0
deepseek,60,37,97,0,35,,,DeepSeekBackend,deepseek-v4-flash,1784094143.9739604,llm_judge_binary,evaluation,,,80.0,80.0
deepseek,72,60,132,0,58,,,DeepSeekBackend,deepseek-v4-flash,1784094143.9803295,llm_judge_binary,evaluation,,,76.0,76.0
deepseek,72,59,131,0,57,,,DeepSeekBackend,deepseek-v4-flash,1784094143.9886124,llm_judge_binary,evaluation,,,79.0,79.0
deepseek,60,39,99,0,37,,,DeepSeekBackend,deepseek-v4-flash,1784094144.0618525,llm_judge_binary,evaluation,,,82.0,82.0
deepseek,72,51,123,0,49,,,DeepSeekBackend,deepseek-v4-flash,1784094144.0689151,llm_judge_binary,evaluation,,,78.0,78.0
deepseek,60,45,105,0,43,,,DeepSeekBackend,deepseek-v4-flash,1784094144.0788379,llm_judge_binary,evaluation,,,83.0,83.0
deepseek,60,32,92,0,30,,,DeepSeekBackend,deepseek-v4-flash,1784094144.0881562,llm_judge_binary,evaluation,,,81.0,81.0
deepseek,60,37,97,0,35,,,DeepSeekBackend,deepseek-v4-flash,1784094144.3483727,llm_judge_binary,evaluation,,,84.0,84.0
deepseek,60,39,99,0,37,,,DeepSeekBackend,deepseek-v4-flash,1784094144.4081318,llm_judge_binary,evaluation,,,86.0,86.0
deepseek,66,338,404,0,336,,,DeepSeekBackend,deepseek-v4-flash,1784094144.4132318,llm_judge_binary,evaluation,,,47.0,47.0
deepseek,60,32,92,0,30,,,DeepSeekBackend,deepseek-v4-flash,1784094144.4857526,llm_judge_binary,evaluation,,,89.0,89.0
deepseek,60,35,95,0,33,,,DeepSeekBackend,deepseek-v4-flash,1784094144.6192038,llm_judge_binary,evaluation,,,88.0,88.0
deepseek,60,51,111,0,49,,,DeepSeekBackend,deepseek-v4-flash,1784094144.6848705,llm_judge_binary,evaluation,,,85.0,85.0
deepseek,60,39,99,0,37,,,DeepSeekBackend,deepseek-v4-flash,1784094144.7093751,llm_judge_binary,evaluation,,,90.0,90.0
deepseek,60,35,95,0,33,,,DeepSeekBackend,deepseek-v4-flash,1784094144.8065262,llm_judge_binary,evaluation,,,92.0,92.0
deepseek,60,37,97,0,35,,,DeepSeekBackend,deepseek-v4-flash,1784094144.814001,llm_judge_binary,evaluation,,,91.0,91.0
deepseek,66,70,136,0,68,,,DeepSeekBackend,deepseek-v4-flash,1784094144.831464,llm_judge_binary,evaluation,,,87.0,87.0
deepseek,60,38,98,0,36,,,DeepSeekBackend,deepseek-v4-flash,1784094144.8459487,llm_judge_binary,evaluation,,,96.0,96.0
deepseek,60,44,104,0,42,,,DeepSeekBackend,deepseek-v4-flash,1784094144.8912227,llm_judge_binary,evaluation,,,93.0,93.0
deepseek,60,40,100,0,38,,,DeepSeekBackend,deepseek-v4-flash,1784094144.9208312,llm_judge_binary,evaluation,,,94.0,94.0
deepseek,60,43,103,0,41,,,DeepSeekBackend,deepseek-v4-flash,1784094144.9295962,llm_judge_binary,evaluation,,,97.0,97.0
deepseek,60,43,103,0,41,,,DeepSeekBackend,deepseek-v4-flash,1784094144.9474494,llm_judge_binary,evaluation,,,98.0,98.0
deepseek,66,54,120,0,52,,,DeepSeekBackend,deepseek-v4-flash,1784094145.0290372,llm_judge_binary,evaluation,,,99.0,99.0
deepseek,60,46,106,0,44,,,DeepSeekBackend,deepseek-v4-flash,1784094145.051401,llm_judge_binary,evaluation,,,95.0,95.0
deepseek,61,59,120,0,57,,,DeepSeekBackend,deepseek-v4-flash,1784094145.4231586,llm_judge_binary,evaluation,,,103.0,103.0
deepseek,66,71,137,0,69,,,DeepSeekBackend,deepseek-v4-flash,1784094145.457875,llm_judge_binary,evaluation,,,101.0,101.0
deepseek,61,73,134,0,71,,,DeepSeekBackend,deepseek-v4-flash,1784094145.4708512,llm_judge_binary,evaluation,,,100.0,100.0
deepseek,66,238,304,0,236,,,DeepSeekBackend,deepseek-v4-flash,1784094145.6005664,llm_judge_binary,evaluation,,,75.0,75.0
deepseek,61,66,127,0,64,,,DeepSeekBackend,deepseek-v4-flash,1784094145.6422555,llm_judge_binary,evaluation,,,105.0,105.0
deepseek,61,60,121,0,58,,,DeepSeekBackend,deepseek-v4-flash,1784094145.6599665,llm_judge_binary,evaluation,,,102.0,102.0
deepseek,66,82,148,0,80,,,DeepSeekBackend,deepseek-v4-flash,1784094145.6901958,llm_judge_binary,evaluation,,,104.0,104.0
deepseek,61,59,120,0,57,,,DeepSeekBackend,deepseek-v4-flash,1784094145.7442415,llm_judge_binary,evaluation,,,106.0,106.0
deepseek,61,60,121,0,58,,,DeepSeekBackend,deepseek-v4-flash,1784094145.791459,llm_judge_binary,evaluation,,,108.0,108.0
deepseek,61,55,116,0,53,,,DeepSeekBackend,deepseek-v4-flash,1784094145.8840358,llm_judge_binary,evaluation,,,112.0,112.0
deepseek,61,66,127,0,64,,,DeepSeekBackend,deepseek-v4-flash,1784094146.078296,llm_judge_binary,evaluation,,,113.0,113.0
deepseek,61,94,155,0,92,,,DeepSeekBackend,deepseek-v4-flash,1784094146.1093137,llm_judge_binary,evaluation,,,111.0,111.0
deepseek,66,71,137,0,69,,,DeepSeekBackend,deepseek-v4-flash,1784094146.1473246,llm_judge_binary,evaluation,,,109.0,109.0
deepseek,61,68,129,0,66,,,DeepSeekBackend,deepseek-v4-flash,1784094146.1719933,llm_judge_binary,evaluation,,,114.0,114.0
deepseek,66,49,115,0,47,,,DeepSeekBackend,deepseek-v4-flash,1784094146.3022301,llm_judge_binary,evaluation,,,121.0,121.0
deepseek,61,100,161,0,98,,,DeepSeekBackend,deepseek-v4-flash,1784094146.3880925,llm_judge_binary,evaluation,,,117.0,117.0
deepseek,66,101,167,0,99,,,DeepSeekBackend,deepseek-v4-flash,1784094146.4372685,llm_judge_binary,evaluation,,,115.0,115.0
deepseek,66,45,111,0,43,,,DeepSeekBackend,deepseek-v4-flash,1784094146.6240735,llm_judge_binary,evaluation,,,120.0,120.0
deepseek,61,100,161,0,98,,,DeepSeekBackend,deepseek-v4-flash,1784094146.688319,llm_judge_binary,evaluation,,,118.0,118.0
deepseek,66,52,118,0,50,,,DeepSeekBackend,deepseek-v4-flash,1784094146.960329,llm_judge_binary,evaluation,,,131.0,131.0
deepseek,66,55,121,0,53,,,DeepSeekBackend,deepseek-v4-flash,1784094146.9798849,llm_judge_binary,evaluation,,,125.0,125.0
deepseek,67,105,172,0,103,,,DeepSeekBackend,deepseek-v4-flash,1784094147.0593634,llm_judge_binary,evaluation,,,122.0,122.0
deepseek,67,88,155,0,86,,,DeepSeekBackend,deepseek-v4-flash,1784094147.0666592,llm_judge_binary,evaluation,,,123.0,123.0
deepseek,67,76,143,0,74,,,DeepSeekBackend,deepseek-v4-flash,1784094147.072231,llm_judge_binary,evaluation,,,124.0,124.0
deepseek,61,86,147,0,84,,,DeepSeekBackend,deepseek-v4-flash,1784094147.1230314,llm_judge_binary,evaluation,,,119.0,119.0
deepseek,67,91,158,0,89,,,DeepSeekBackend,deepseek-v4-flash,1784094147.2703602,llm_judge_binary,evaluation,,,130.0,130.0
deepseek,67,89,156,0,87,,,DeepSeekBackend,deepseek-v4-flash,1784094147.2990754,llm_judge_binary,evaluation,,,128.0,128.0
deepseek,67,86,153,0,84,,,DeepSeekBackend,deepseek-v4-flash,1784094147.3468304,llm_judge_binary,evaluation,,,127.0,127.0
deepseek,67,104,171,0,102,,,DeepSeekBackend,deepseek-v4-flash,1784094147.4283187,llm_judge_binary,evaluation,,,126.0,126.0
deepseek,66,37,103,0,35,,,DeepSeekBackend,deepseek-v4-flash,1784094147.514165,llm_judge_binary,evaluation,,,135.0,135.0
deepseek,66,337,403,0,335,,,DeepSeekBackend,deepseek-v4-flash,1784094147.8796792,llm_judge_binary,evaluation,,,107.0,107.0
deepseek,67,73,140,0,71,,,DeepSeekBackend,deepseek-v4-flash,1784094147.9368253,llm_judge_binary,evaluation,,,137.0,137.0
deepseek,67,112,179,0,110,,,DeepSeekBackend,deepseek-v4-flash,1784094148.0430968,llm_judge_binary,evaluation,,,133.0,133.0
deepseek,66,48,114,0,46,,,DeepSeekBackend,deepseek-v4-flash,1784094148.0960062,llm_judge_binary,evaluation,,,139.0,139.0
deepseek,67,79,146,0,77,,,DeepSeekBackend,deepseek-v4-flash,1784094148.1024384,llm_judge_binary,evaluation,,,138.0,138.0
deepseek,60,35,95,0,33,,,DeepSeekBackend,deepseek-v4-flash,1784094148.1173623,llm_judge_binary,evaluation,,,141.0,141.0
deepseek,67,117,184,0,115,,,DeepSeekBackend,deepseek-v4-flash,1784094148.1240537,llm_judge_binary,evaluation,,,136.0,136.0
deepseek,60,32,92,0,30,,,DeepSeekBackend,deepseek-v4-flash,1784094148.151444,llm_judge_binary,evaluation,,,143.0,143.0
deepseek,60,37,97,0,35,,,DeepSeekBackend,deepseek-v4-flash,1784094148.1579242,llm_judge_binary,evaluation,,,146.0,146.0
deepseek,67,137,204,0,135,,,DeepSeekBackend,deepseek-v4-flash,1784094148.1639416,llm_judge_binary,evaluation,,,129.0,129.0
deepseek,60,30,90,0,28,,,DeepSeekBackend,deepseek-v4-flash,1784094148.1695614,llm_judge_binary,evaluation,,,145.0,145.0
deepseek,60,42,102,0,40,,,DeepSeekBackend,deepseek-v4-flash,1784094148.1762698,llm_judge_binary,evaluation,,,142.0,142.0
deepseek,60,39,99,0,37,,,DeepSeekBackend,deepseek-v4-flash,1784094148.2062817,llm_judge_binary,evaluation,,,140.0,140.0
deepseek,60,35,95,0,33,,,DeepSeekBackend,deepseek-v4-flash,1784094148.3126605,llm_judge_binary,evaluation,,,144.0,144.0
deepseek,60,37,97,0,35,,,DeepSeekBackend,deepseek-v4-flash,1784094148.3456576,llm_judge_binary,evaluation,,,148.0,148.0
deepseek,64,358,422,0,356,,,DeepSeekBackend,deepseek-v4-flash,1784094148.4113603,llm_judge_binary,evaluation,,,110.0,110.0
deepseek,60,32,92,0,30,,,DeepSeekBackend,deepseek-v4-flash,1784094148.4473689,llm_judge_binary,evaluation,,,147.0,147.0
deepseek,60,33,93,0,31,,,DeepSeekBackend,deepseek-v4-flash,1784094148.6757033,llm_judge_binary,evaluation,,,149.0,149.0
deepseek,60,34,94,0,32,,,DeepSeekBackend,deepseek-v4-flash,1784094148.9038942,llm_judge_binary,evaluation,,,157.0,157.0
deepseek,67,215,282,0,213,,,DeepSeekBackend,deepseek-v4-flash,1784094148.9551048,llm_judge_binary,evaluation,,,132.0,132.0
deepseek,60,39,99,0,37,,,DeepSeekBackend,deepseek-v4-flash,1784094148.9732656,llm_judge_binary,evaluation,,,156.0,156.0
deepseek,60,37,97,0,35,,,DeepSeekBackend,deepseek-v4-flash,1784094148.979962,llm_judge_binary,evaluation,,,150.0,150.0
deepseek,60,43,103,0,41,,,DeepSeekBackend,deepseek-v4-flash,1784094149.0045617,llm_judge_binary,evaluation,,,159.0,159.0
deepseek,60,41,101,0,39,,,DeepSeekBackend,deepseek-v4-flash,1784094149.0239038,llm_judge_binary,evaluation,,,155.0,155.0
deepseek,67,202,269,0,200,,,DeepSeekBackend,deepseek-v4-flash,1784094149.036364,llm_judge_binary,evaluation,,,134.0,134.0
deepseek,60,43,103,0,41,,,DeepSeekBackend,deepseek-v4-flash,1784094149.12446,llm_judge_binary,evaluation,,,154.0,154.0
deepseek,60,45,105,0,43,,,DeepSeekBackend,deepseek-v4-flash,1784094149.1336322,llm_judge_binary,evaluation,,,151.0,151.0
deepseek,60,41,101,0,39,,,DeepSeekBackend,deepseek-v4-flash,1784094149.1503546,llm_judge_binary,evaluation,,,152.0,152.0
deepseek,60,61,121,0,59,,,DeepSeekBackend,deepseek-v4-flash,1784094149.1809895,llm_judge_binary,evaluation,,,153.0,153.0
deepseek,60,51,111,0,49,,,DeepSeekBackend,deepseek-v4-flash,1784094149.3745837,llm_judge_binary,evaluation,,,158.0,158.0
deepseek,64,479,543,0,477,,,DeepSeekBackend,deepseek-v4-flash,1784094149.825265,llm_judge_binary,evaluation,,,116.0,116.0
deepseek,68,85,153,0,83,,,DeepSeekBackend,deepseek-v4-flash,1784094149.8313446,llm_judge_binary,evaluation,,,162.0,162.0
deepseek,69,113,182,0,111,,,DeepSeekBackend,deepseek-v4-flash,1784094150.041782,llm_judge_binary,evaluation,,,164.0,164.0
deepseek,68,102,170,0,100,,,DeepSeekBackend,deepseek-v4-flash,1784094150.0551934,llm_judge_binary,evaluation,,,166.0,166.0
deepseek,68,106,174,0,104,,,DeepSeekBackend,deepseek-v4-flash,1784094150.1685994,llm_judge_binary,evaluation,,,165.0,165.0
deepseek,69,82,151,0,80,,,DeepSeekBackend,deepseek-v4-flash,1784094150.3871887,llm_judge_binary,evaluation,,,173.0,173.0
deepseek,68,101,169,0,99,,,DeepSeekBackend,deepseek-v4-flash,1784094150.3967557,llm_judge_binary,evaluation,,,171.0,171.0
deepseek,68,93,161,0,91,,,DeepSeekBackend,deepseek-v4-flash,1784094150.4031465,llm_judge_binary,evaluation,,,168.0,168.0
deepseek,69,180,249,0,178,,,DeepSeekBackend,deepseek-v4-flash,1784094150.4472632,llm_judge_binary,evaluation,,,161.0,161.0
deepseek,68,150,218,0,148,,,DeepSeekBackend,deepseek-v4-flash,1784094150.6002724,llm_judge_binary,evaluation,,,172.0,172.0
deepseek,68,123,191,0,121,,,DeepSeekBackend,deepseek-v4-flash,1784094150.7073853,llm_judge_binary,evaluation,,,177.0,177.0
deepseek,69,111,180,0,109,,,DeepSeekBackend,deepseek-v4-flash,1784094150.7388887,llm_judge_binary,evaluation,,,176.0,176.0
deepseek,68,150,218,0,148,,,DeepSeekBackend,deepseek-v4-flash,1784094150.8161242,llm_judge_binary,evaluation,,,175.0,175.0
deepseek,69,202,271,0,200,,,DeepSeekBackend,deepseek-v4-flash,1784094150.824682,llm_judge_binary,evaluation,,,163.0,163.0
deepseek,68,155,223,0,153,,,DeepSeekBackend,deepseek-v4-flash,1784094150.9906497,llm_judge_binary,evaluation,,,167.0,167.0
deepseek,70,216,286,0,214,,,DeepSeekBackend,deepseek-v4-flash,1784094151.2653744,llm_judge_binary,evaluation,,,170.0,170.0
deepseek,64,86,150,0,84,,,DeepSeekBackend,deepseek-v4-flash,1784094151.3113825,llm_judge_binary,evaluation,,,180.0,180.0
deepseek,68,196,264,0,194,,,DeepSeekBackend,deepseek-v4-flash,1784094151.3869996,llm_judge_binary,evaluation,,,169.0,169.0
deepseek,68,292,360,0,290,,,DeepSeekBackend,deepseek-v4-flash,1784094151.4168942,llm_judge_binary,evaluation,,,160.0,160.0
deepseek,64,82,146,0,80,,,DeepSeekBackend,deepseek-v4-flash,1784094151.461539,llm_judge_binary,evaluation,,,183.0,183.0
deepseek,68,226,294,0,224,,,DeepSeekBackend,deepseek-v4-flash,1784094151.651392,llm_judge_binary,evaluation,,,174.0,174.0
deepseek,64,92,156,0,90,,,DeepSeekBackend,deepseek-v4-flash,1784094151.8064919,llm_judge_binary,evaluation,,,187.0,187.0
deepseek,64,109,173,0,107,,,DeepSeekBackend,deepseek-v4-flash,1784094151.8128672,llm_judge_binary,evaluation,,,182.0,182.0
deepseek,69,158,227,0,156,,,DeepSeekBackend,deepseek-v4-flash,1784094151.934263,llm_judge_binary,evaluation,,,179.0,179.0
deepseek,68,251,319,0,249,,,DeepSeekBackend,deepseek-v4-flash,1784094151.941565,llm_judge_binary,evaluation,,,178.0,178.0
deepseek,64,103,167,0,101,,,DeepSeekBackend,deepseek-v4-flash,1784094151.9826827,llm_judge_binary,evaluation,,,184.0,184.0
deepseek,64,94,158,0,92,,,DeepSeekBackend,deepseek-v4-flash,1784094152.0186243,llm_judge_binary,evaluation,,,189.0,189.0
deepseek,64,122,186,0,120,,,DeepSeekBackend,deepseek-v4-flash,1784094152.0389261,llm_judge_binary,evaluation,,,185.0,185.0
deepseek,64,142,206,0,140,,,DeepSeekBackend,deepseek-v4-flash,1784094152.0660274,llm_judge_binary,evaluation,,,181.0,181.0
deepseek,64,111,175,0,109,,,DeepSeekBackend,deepseek-v4-flash,1784094152.082162,llm_judge_binary,evaluation,,,186.0,186.0
deepseek,64,86,150,0,84,,,DeepSeekBackend,deepseek-v4-flash,1784094152.0987225,llm_judge_binary,evaluation,,,188.0,188.0
deepseek,64,86,150,0,84,,,DeepSeekBackend,deepseek-v4-flash,1784094152.210914,llm_judge_binary,evaluation,,,190.0,190.0
deepseek,64,81,145,0,79,,,DeepSeekBackend,deepseek-v4-flash,1784094152.2274728,llm_judge_binary,evaluation,,,192.0,192.0
deepseek,64,89,153,0,87,,,DeepSeekBackend,deepseek-v4-flash,1784094152.3972797,llm_judge_binary,evaluation,,,191.0,191.0
deepseek,64,69,133,0,67,,,DeepSeekBackend,deepseek-v4-flash,1784094152.4079723,llm_judge_binary,evaluation,,,193.0,193.0
deepseek,64,79,143,0,77,,,DeepSeekBackend,deepseek-v4-flash,1784094152.7055845,llm_judge_binary,evaluation,,,194.0,194.0
deepseek,64,94,158,0,92,,,DeepSeekBackend,deepseek-v4-flash,1784094152.725568,llm_judge_binary,evaluation,,,197.0,197.0
deepseek,64,81,145,0,79,,,DeepSeekBackend,deepseek-v4-flash,1784094152.8813238,llm_judge_binary,evaluation,,,196.0,196.0
deepseek,64,109,173,0,107,,,DeepSeekBackend,deepseek-v4-flash,1784094152.9090173,llm_judge_binary,evaluation,,,195.0,195.0
deepseek,64,91,155,0,89,,,DeepSeekBackend,deepseek-v4-flash,1784094153.034873,llm_judge_binary,evaluation,,,198.0,198.0
deepseek,68,38,106,0,36,,,DeepSeekBackend,deepseek-v4-flash,1784094153.0553658,llm_judge_binary,evaluation,,,209.0,209.0
deepseek,64,88,152,0,86,,,DeepSeekBackend,deepseek-v4-flash,1784094153.1527271,llm_judge_binary,evaluation,,,199.0,199.0
deepseek,68,42,110,0,40,,,DeepSeekBackend,deepseek-v4-flash,1784094153.3016608,llm_judge_binary,evaluation,,,211.0,211.0
deepseek,67,63,130,0,61,,,DeepSeekBackend,deepseek-v4-flash,1784094153.37371,llm_judge_binary,evaluation,,,206.0,206.0
deepseek,68,83,151,0,81,,,DeepSeekBackend,deepseek-v4-flash,1784094153.4606419,llm_judge_binary,evaluation,,,205.0,205.0
deepseek,67,81,148,0,79,,,DeepSeekBackend,deepseek-v4-flash,1784094153.5281365,llm_judge_binary,evaluation,,,213.0,213.0
deepseek,67,100,167,0,98,,,DeepSeekBackend,deepseek-v4-flash,1784094153.5358367,llm_judge_binary,evaluation,,,210.0,210.0
deepseek,68,75,143,0,73,,,DeepSeekBackend,deepseek-v4-flash,1784094153.570388,llm_judge_binary,evaluation,,,212.0,212.0
deepseek,67,126,193,0,124,,,DeepSeekBackend,deepseek-v4-flash,1784094153.7045004,llm_judge_binary,evaluation,,,202.0,202.0
deepseek,68,47,115,0,45,,,DeepSeekBackend,deepseek-v4-flash,1784094153.868313,llm_judge_binary,evaluation,,,214.0,214.0
deepseek,67,155,222,0,153,,,DeepSeekBackend,deepseek-v4-flash,1784094154.024049,llm_judge_binary,evaluation,,,207.0,207.0
deepseek,68,55,123,0,53,,,DeepSeekBackend,deepseek-v4-flash,1784094154.1362612,llm_judge_binary,evaluation,,,216.0,216.0
deepseek,68,46,114,0,44,,,DeepSeekBackend,deepseek-v4-flash,1784094154.149539,llm_judge_binary,evaluation,,,217.0,217.0
deepseek,71,79,150,0,77,,,DeepSeekBackend,deepseek-v4-flash,1784094154.2873857,llm_judge_binary,evaluation,,,220.0,220.0
deepseek,67,208,275,0,206,,,DeepSeekBackend,deepseek-v4-flash,1784094154.3067367,llm_judge_binary,evaluation,,,200.0,200.0
deepseek,71,69,140,0,67,,,DeepSeekBackend,deepseek-v4-flash,1784094154.4138947,llm_judge_binary,evaluation,,,222.0,222.0
deepseek,67,196,263,0,194,,,DeepSeekBackend,deepseek-v4-flash,1784094154.4469376,llm_judge_binary,evaluation,,,203.0,203.0
deepseek,67,203,270,0,201,,,DeepSeekBackend,deepseek-v4-flash,1784094154.577951,llm_judge_binary,evaluation,,,204.0,204.0
deepseek,67,186,253,0,184,,,DeepSeekBackend,deepseek-v4-flash,1784094154.6151574,llm_judge_binary,evaluation,,,208.0,208.0
deepseek,67,154,221,0,152,,,DeepSeekBackend,deepseek-v4-flash,1784094154.6214526,llm_judge_binary,evaluation,,,215.0,215.0
deepseek,66,74,140,0,72,,,DeepSeekBackend,deepseek-v4-flash,1784094154.7910774,llm_judge_binary,evaluation,,,224.0,224.0
deepseek,71,76,147,0,74,,,DeepSeekBackend,deepseek-v4-flash,1784094154.8533013,llm_judge_binary,evaluation,,,225.0,225.0
deepseek,71,107,178,0,105,,,DeepSeekBackend,deepseek-v4-flash,1784094154.869154,llm_judge_binary,evaluation,,,221.0,221.0
deepseek,67,133,200,0,131,,,DeepSeekBackend,deepseek-v4-flash,1784094154.9432604,llm_judge_binary,evaluation,,,218.0,218.0
deepseek,67,299,366,0,297,,,DeepSeekBackend,deepseek-v4-flash,1784094154.9977367,llm_judge_binary,evaluation,,,201.0,201.0
deepseek,71,87,158,0,85,,,DeepSeekBackend,deepseek-v4-flash,1784094155.0404274,llm_judge_binary,evaluation,,,227.0,227.0
deepseek,69,94,163,0,92,,,DeepSeekBackend,deepseek-v4-flash,1784094155.0472474,llm_judge_binary,evaluation,,,223.0,223.0
deepseek,71,93,164,0,91,,,DeepSeekBackend,deepseek-v4-flash,1784094155.1326241,llm_judge_binary,evaluation,,,226.0,226.0
deepseek,67,156,223,0,154,,,DeepSeekBackend,deepseek-v4-flash,1784094155.1636422,llm_judge_binary,evaluation,,,219.0,219.0
deepseek,71,62,133,0,60,,,DeepSeekBackend,deepseek-v4-flash,1784094155.199759,llm_judge_binary,evaluation,,,231.0,231.0
deepseek,66,60,126,0,58,,,DeepSeekBackend,deepseek-v4-flash,1784094155.3639412,llm_judge_binary,evaluation,,,232.0,232.0
deepseek,71,98,169,0,96,,,DeepSeekBackend,deepseek-v4-flash,1784094155.4231148,llm_judge_binary,evaluation,,,230.0,230.0
deepseek,69,102,171,0,100,,,DeepSeekBackend,deepseek-v4-flash,1784094155.4717996,llm_judge_binary,evaluation,,,228.0,228.0
deepseek,71,93,164,0,91,,,DeepSeekBackend,deepseek-v4-flash,1784094155.5046089,llm_judge_binary,evaluation,,,229.0,229.0
deepseek,71,55,126,0,53,,,DeepSeekBackend,deepseek-v4-flash,1784094155.5191386,llm_judge_binary,evaluation,,,238.0,238.0
deepseek,71,84,155,0,82,,,DeepSeekBackend,deepseek-v4-flash,1784094155.5872343,llm_judge_binary,evaluation,,,233.0,233.0
deepseek,71,69,140,0,67,,,DeepSeekBackend,deepseek-v4-flash,1784094155.6978197,llm_judge_binary,evaluation,,,239.0,239.0
deepseek,62,34,96,0,32,,,DeepSeekBackend,deepseek-v4-flash,1784094155.733336,llm_judge_binary,evaluation,,,242.0,242.0
deepseek,62,41,103,0,39,,,DeepSeekBackend,deepseek-v4-flash,1784094155.753555,llm_judge_binary,evaluation,,,240.0,240.0
deepseek,62,44,106,0,42,,,DeepSeekBackend,deepseek-v4-flash,1784094155.840628,llm_judge_binary,evaluation,,,243.0,243.0
deepseek,71,85,156,0,83,,,DeepSeekBackend,deepseek-v4-flash,1784094155.8592012,llm_judge_binary,evaluation,,,236.0,236.0
deepseek,69,104,173,0,102,,,DeepSeekBackend,deepseek-v4-flash,1784094155.8779566,llm_judge_binary,evaluation,,,234.0,234.0
deepseek,62,34,96,0,32,,,DeepSeekBackend,deepseek-v4-flash,1784094155.9605637,llm_judge_binary,evaluation,,,241.0,241.0
deepseek,71,85,156,0,83,,,DeepSeekBackend,deepseek-v4-flash,1784094155.9676511,llm_judge_binary,evaluation,,,235.0,235.0
deepseek,62,33,95,0,31,,,DeepSeekBackend,deepseek-v4-flash,1784094155.979625,llm_judge_binary,evaluation,,,244.0,244.0
deepseek,62,44,106,0,42,,,DeepSeekBackend,deepseek-v4-flash,1784094156.0903997,llm_judge_binary,evaluation,,,245.0,245.0
deepseek,62,57,119,0,55,,,DeepSeekBackend,deepseek-v4-flash,1784094156.1064756,llm_judge_binary,evaluation,,,246.0,246.0
deepseek,62,38,100,0,36,,,DeepSeekBackend,deepseek-v4-flash,1784094156.1135585,llm_judge_binary,evaluation,,,248.0,248.0
deepseek,69,75,144,0,73,,,DeepSeekBackend,deepseek-v4-flash,1784094156.1257782,llm_judge_binary,evaluation,,,237.0,237.0
deepseek,62,35,97,0,33,,,DeepSeekBackend,deepseek-v4-flash,1784094156.1830416,llm_judge_binary,evaluation,,,247.0,247.0
deepseek,62,44,106,0,42,,,DeepSeekBackend,deepseek-v4-flash,1784094156.2601218,llm_judge_binary,evaluation,,,249.0,249.0
deepseek,62,44,106,0,42,,,DeepSeekBackend,deepseek-v4-flash,1784094156.35137,llm_judge_binary,evaluation,,,253.0,253.0
deepseek,62,35,97,0,33,,,DeepSeekBackend,deepseek-v4-flash,1784094156.3950748,llm_judge_binary,evaluation,,,250.0,250.0
deepseek,62,46,108,0,44,,,DeepSeekBackend,deepseek-v4-flash,1784094156.51675,llm_judge_binary,evaluation,,,251.0,251.0
deepseek,62,46,108,0,44,,,DeepSeekBackend,deepseek-v4-flash,1784094156.5236685,llm_judge_binary,evaluation,,,252.0,252.0
deepseek,62,37,99,0,35,,,DeepSeekBackend,deepseek-v4-flash,1784094156.5407312,llm_judge_binary,evaluation,,,256.0,256.0
deepseek,62,36,98,0,34,,,DeepSeekBackend,deepseek-v4-flash,1784094156.5493853,llm_judge_binary,evaluation,,,254.0,254.0
deepseek,62,35,97,0,33,,,DeepSeekBackend,deepseek-v4-flash,1784094156.6911008,llm_judge_binary,evaluation,,,255.0,255.0
deepseek,62,35,97,0,33,,,DeepSeekBackend,deepseek-v4-flash,1784094156.7885401,llm_judge_binary,evaluation,,,262.0,262.0
deepseek,62,46,108,0,44,,,DeepSeekBackend,deepseek-v4-flash,1784094156.7980647,llm_judge_binary,evaluation,,,257.0,257.0
deepseek,62,43,105,0,41,,,DeepSeekBackend,deepseek-v4-flash,1784094156.8102186,llm_judge_binary,evaluation,,,260.0,260.0
deepseek,62,42,104,0,40,,,DeepSeekBackend,deepseek-v4-flash,1784094156.826286,llm_judge_binary,evaluation,,,259.0,259.0
deepseek,62,45,107,0,43,,,DeepSeekBackend,deepseek-v4-flash,1784094156.9098775,llm_judge_binary,evaluation,,,261.0,261.0
deepseek,62,42,104,0,40,,,DeepSeekBackend,deepseek-v4-flash,1784094156.9181545,llm_judge_binary,evaluation,,,266.0,266.0
deepseek,62,40,102,0,38,,,DeepSeekBackend,deepseek-v4-flash,1784094156.948537,llm_judge_binary,evaluation,,,265.0,265.0
deepseek,62,39,101,0,37,,,DeepSeekBackend,deepseek-v4-flash,1784094156.9605842,llm_judge_binary,evaluation,,,258.0,258.0
deepseek,62,39,101,0,37,,,DeepSeekBackend,deepseek-v4-flash,1784094157.0460715,llm_judge_binary,evaluation,,,264.0,264.0
deepseek,61,71,132,0,69,,,DeepSeekBackend,deepseek-v4-flash,1784094157.0584378,llm_judge_binary,evaluation,,,263.0,263.0
deepseek,62,46,108,0,44,,,DeepSeekBackend,deepseek-v4-flash,1784094157.1782804,llm_judge_binary,evaluation,,,268.0,268.0
deepseek,62,33,95,0,31,,,DeepSeekBackend,deepseek-v4-flash,1784094157.2452185,llm_judge_binary,evaluation,,,270.0,270.0
deepseek,62,49,111,0,47,,,DeepSeekBackend,deepseek-v4-flash,1784094157.3031664,llm_judge_binary,evaluation,,,267.0,267.0
deepseek,62,37,99,0,35,,,DeepSeekBackend,deepseek-v4-flash,1784094157.4153833,llm_judge_binary,evaluation,,,274.0,274.0
deepseek,62,48,110,0,46,,,DeepSeekBackend,deepseek-v4-flash,1784094157.4776924,llm_judge_binary,evaluation,,,269.0,269.0
deepseek,62,45,107,0,43,,,DeepSeekBackend,deepseek-v4-flash,1784094157.4849503,llm_judge_binary,evaluation,,,272.0,272.0
deepseek,62,48,110,0,46,,,DeepSeekBackend,deepseek-v4-flash,1784094157.6012537,llm_judge_binary,evaluation,,,271.0,271.0
deepseek,62,38,100,0,36,,,DeepSeekBackend,deepseek-v4-flash,1784094157.6075594,llm_judge_binary,evaluation,,,276.0,276.0
deepseek,62,44,106,0,42,,,DeepSeekBackend,deepseek-v4-flash,1784094157.650374,llm_judge_binary,evaluation,,,273.0,273.0
deepseek,60,38,98,0,36,,,DeepSeekBackend,deepseek-v4-flash,1784094157.7733524,llm_judge_binary,evaluation,,,283.0,283.0
deepseek,62,47,109,0,45,,,DeepSeekBackend,deepseek-v4-flash,1784094157.7819612,llm_judge_binary,evaluation,,,278.0,278.0
deepseek,62,54,116,0,52,,,DeepSeekBackend,deepseek-v4-flash,1784094157.790884,llm_judge_binary,evaluation,,,277.0,277.0
deepseek,62,53,115,0,51,,,DeepSeekBackend,deepseek-v4-flash,1784094157.8202605,llm_judge_binary,evaluation,,,275.0,275.0
deepseek,62,27,89,0,25,,,DeepSeekBackend,deepseek-v4-flash,1784094157.8554206,llm_judge_binary,evaluation,,,279.0,279.0
deepseek,60,32,92,0,30,,,DeepSeekBackend,deepseek-v4-flash,1784094157.9216018,llm_judge_binary,evaluation,,,282.0,282.0
deepseek,60,36,96,0,34,,,DeepSeekBackend,deepseek-v4-flash,1784094157.9651725,llm_judge_binary,evaluation,,,280.0,280.0
deepseek,60,33,93,0,31,,,DeepSeekBackend,deepseek-v4-flash,1784094157.9713297,llm_judge_binary,evaluation,,,284.0,284.0
deepseek,60,33,93,0,31,,,DeepSeekBackend,deepseek-v4-flash,1784094158.1048355,llm_judge_binary,evaluation,,,285.0,285.0
deepseek,60,28,88,0,26,,,DeepSeekBackend,deepseek-v4-flash,1784094158.150406,llm_judge_binary,evaluation,,,288.0,288.0
deepseek,60,50,110,0,48,,,DeepSeekBackend,deepseek-v4-flash,1784094158.1567593,llm_judge_binary,evaluation,,,281.0,281.0
deepseek,60,41,101,0,39,,,DeepSeekBackend,deepseek-v4-flash,1784094158.21424,llm_judge_binary,evaluation,,,286.0,286.0
deepseek,60,42,102,0,40,,,DeepSeekBackend,deepseek-v4-flash,1784094158.324254,llm_judge_binary,evaluation,,,292.0,292.0
deepseek,60,35,95,0,33,,,DeepSeekBackend,deepseek-v4-flash,1784094158.3303607,llm_judge_binary,evaluation,,,291.0,291.0
deepseek,60,37,97,0,35,,,DeepSeekBackend,deepseek-v4-flash,1784094158.3767827,llm_judge_binary,evaluation,,,287.0,287.0
deepseek,60,43,103,0,41,,,DeepSeekBackend,deepseek-v4-flash,1784094158.4224973,llm_judge_binary,evaluation,,,289.0,289.0
deepseek,60,35,95,0,33,,,DeepSeekBackend,deepseek-v4-flash,1784094158.5213358,llm_judge_binary,evaluation,,,293.0,293.0
deepseek,60,42,102,0,40,,,DeepSeekBackend,deepseek-v4-flash,1784094158.6469994,llm_judge_binary,evaluation,,,298.0,298.0
deepseek,60,30,90,0,28,,,DeepSeekBackend,deepseek-v4-flash,1784094158.6535273,llm_judge_binary,evaluation,,,294.0,294.0
deepseek,60,43,103,0,41,,,DeepSeekBackend,deepseek-v4-flash,1784094158.6753626,llm_judge_binary,evaluation,,,296.0,296.0
deepseek,60,40,100,0,38,,,DeepSeekBackend,deepseek-v4-flash,1784094158.8110428,llm_judge_binary,evaluation,,,297.0,297.0
deepseek,60,48,108,0,46,,,DeepSeekBackend,deepseek-v4-flash,1784094158.8316352,llm_judge_binary,evaluation,,,295.0,295.0
deepseek,60,37,97,0,35,,,DeepSeekBackend,deepseek-v4-flash,1784094158.8433897,llm_judge_binary,evaluation,,,299.0,299.0
deepseek,62,29,91,0,27,,,DeepSeekBackend,deepseek-v4-flash,1784094158.8660827,llm_judge_binary,evaluation,,,303.0,303.0
deepseek,62,36,98,0,34,,,DeepSeekBackend,deepseek-v4-flash,1784094158.9406807,llm_judge_binary,evaluation,,,300.0,300.0
deepseek,60,82,142,0,80,,,DeepSeekBackend,deepseek-v4-flash,1784094159.035844,llm_judge_binary,evaluation,,,290.0,290.0
deepseek,62,49,111,0,47,,,DeepSeekBackend,deepseek-v4-flash,1784094159.1390166,llm_judge_binary,evaluation,,,301.0,301.0
deepseek,62,36,98,0,34,,,DeepSeekBackend,deepseek-v4-flash,1784094159.2054782,llm_judge_binary,evaluation,,,307.0,307.0
deepseek,62,37,99,0,35,,,DeepSeekBackend,deepseek-v4-flash,1784094159.2322297,llm_judge_binary,evaluation,,,306.0,306.0
deepseek,62,46,108,0,44,,,DeepSeekBackend,deepseek-v4-flash,1784094159.269625,llm_judge_binary,evaluation,,,305.0,305.0
deepseek,66,94,160,0,92,,,DeepSeekBackend,deepseek-v4-flash,1784094159.4269576,llm_judge_binary,evaluation,,,302.0,302.0
deepseek,62,49,111,0,47,,,DeepSeekBackend,deepseek-v4-flash,1784094159.4944873,llm_judge_binary,evaluation,,,308.0,308.0
deepseek,62,45,107,0,43,,,DeepSeekBackend,deepseek-v4-flash,1784094159.5396519,llm_judge_binary,evaluation,,,309.0,309.0
deepseek,62,33,95,0,31,,,DeepSeekBackend,deepseek-v4-flash,1784094159.612383,llm_judge_binary,evaluation,,,311.0,311.0
deepseek,62,41,103,0,39,,,DeepSeekBackend,deepseek-v4-flash,1784094159.702279,llm_judge_binary,evaluation,,,312.0,312.0
deepseek,62,32,94,0,30,,,DeepSeekBackend,deepseek-v4-flash,1784094159.723336,llm_judge_binary,evaluation,,,318.0,318.0
deepseek,62,33,95,0,31,,,DeepSeekBackend,deepseek-v4-flash,1784094159.7736747,llm_judge_binary,evaluation,,,315.0,315.0
deepseek,62,38,100,0,36,,,DeepSeekBackend,deepseek-v4-flash,1784094159.7927978,llm_judge_binary,evaluation,,,313.0,313.0
deepseek,62,43,105,0,41,,,DeepSeekBackend,deepseek-v4-flash,1784094159.8315766,llm_judge_binary,evaluation,,,316.0,316.0
deepseek,62,37,99,0,35,,,DeepSeekBackend,deepseek-v4-flash,1784094159.9489598,llm_judge_binary,evaluation,,,319.0,319.0
deepseek,62,36,98,0,34,,,DeepSeekBackend,deepseek-v4-flash,1784094160.030257,llm_judge_binary,evaluation,,,317.0,317.0
deepseek,61,41,102,0,39,,,DeepSeekBackend,deepseek-v4-flash,1784094160.111486,llm_judge_binary,evaluation,,,320.0,320.0
deepseek,60,38,98,0,36,,,DeepSeekBackend,deepseek-v4-flash,1784094160.173169,llm_judge_binary,evaluation,,,321.0,321.0
deepseek,66,140,206,0,138,,,DeepSeekBackend,deepseek-v4-flash,1784094160.398473,llm_judge_binary,evaluation,,,310.0,310.0
deepseek,65,52,117,0,50,,,DeepSeekBackend,deepseek-v4-flash,1784094160.5269907,llm_judge_binary,evaluation,,,324.0,324.0
deepseek,65,70,135,0,68,,,DeepSeekBackend,deepseek-v4-flash,1784094160.5336175,llm_judge_binary,evaluation,,,322.0,322.0
deepseek,65,73,138,0,71,,,DeepSeekBackend,deepseek-v4-flash,1784094160.54806,llm_judge_binary,evaluation,,,325.0,325.0
deepseek,66,135,201,0,133,,,DeepSeekBackend,deepseek-v4-flash,1784094160.69136,llm_judge_binary,evaluation,,,314.0,314.0
deepseek,61,234,295,0,232,,,DeepSeekBackend,deepseek-v4-flash,1784094160.7639763,llm_judge_binary,evaluation,,,304.0,304.0
deepseek,61,93,154,0,91,,,DeepSeekBackend,deepseek-v4-flash,1784094160.7928197,llm_judge_binary,evaluation,,,323.0,323.0
deepseek,65,79,144,0,77,,,DeepSeekBackend,deepseek-v4-flash,1784094160.9348614,llm_judge_binary,evaluation,,,327.0,327.0
deepseek,65,76,141,0,74,,,DeepSeekBackend,deepseek-v4-flash,1784094160.9542038,llm_judge_binary,evaluation,,,329.0,329.0
deepseek,61,86,147,0,84,,,DeepSeekBackend,deepseek-v4-flash,1784094161.0345106,llm_judge_binary,evaluation,,,328.0,328.0
deepseek,65,56,121,0,54,,,DeepSeekBackend,deepseek-v4-flash,1784094161.0769572,llm_judge_binary,evaluation,,,332.0,332.0
deepseek,65,68,133,0,66,,,DeepSeekBackend,deepseek-v4-flash,1784094161.0838535,llm_judge_binary,evaluation,,,331.0,331.0
deepseek,65,80,145,0,78,,,DeepSeekBackend,deepseek-v4-flash,1784094161.174604,llm_judge_binary,evaluation,,,330.0,330.0
deepseek,65,93,158,0,91,,,DeepSeekBackend,deepseek-v4-flash,1784094161.24545,llm_judge_binary,evaluation,,,326.0,326.0
deepseek,61,82,143,0,80,,,DeepSeekBackend,deepseek-v4-flash,1784094161.3573446,llm_judge_binary,evaluation,,,334.0,334.0
deepseek,61,87,148,0,85,,,DeepSeekBackend,deepseek-v4-flash,1784094161.4303298,llm_judge_binary,evaluation,,,335.0,335.0
deepseek,61,104,165,0,102,,,DeepSeekBackend,deepseek-v4-flash,1784094161.4434323,llm_judge_binary,evaluation,,,333.0,333.0
deepseek,65,72,137,0,70,,,DeepSeekBackend,deepseek-v4-flash,1784094161.5909555,llm_judge_binary,evaluation,,,337.0,337.0
deepseek,61,69,130,0,67,,,DeepSeekBackend,deepseek-v4-flash,1784094161.6520941,llm_judge_binary,evaluation,,,338.0,338.0
deepseek,60,96,156,0,94,,,DeepSeekBackend,deepseek-v4-flash,1784094162.0795887,llm_judge_binary,evaluation,,,341.0,341.0
deepseek,65,101,166,0,99,,,DeepSeekBackend,deepseek-v4-flash,1784094162.0967512,llm_judge_binary,evaluation,,,339.0,339.0
deepseek,60,90,150,0,88,,,DeepSeekBackend,deepseek-v4-flash,1784094162.1139169,llm_judge_binary,evaluation,,,340.0,340.0
deepseek,60,55,115,0,53,,,DeepSeekBackend,deepseek-v4-flash,1784094162.228686,llm_judge_binary,evaluation,,,344.0,344.0
deepseek,60,87,147,0,85,,,DeepSeekBackend,deepseek-v4-flash,1784094162.2357824,llm_judge_binary,evaluation,,,343.0,343.0
deepseek,61,183,244,0,181,,,DeepSeekBackend,deepseek-v4-flash,1784094162.257064,llm_judge_binary,evaluation,,,336.0,336.0
deepseek,61,80,141,0,78,,,DeepSeekBackend,deepseek-v4-flash,1784094162.282378,llm_judge_binary,evaluation,,,345.0,345.0
deepseek,60,63,123,0,61,,,DeepSeekBackend,deepseek-v4-flash,1784094162.3009148,llm_judge_binary,evaluation,,,346.0,346.0
deepseek,61,114,175,0,112,,,DeepSeekBackend,deepseek-v4-flash,1784094162.3943985,llm_judge_binary,evaluation,,,342.0,342.0
deepseek,61,67,128,0,65,,,DeepSeekBackend,deepseek-v4-flash,1784094162.4011607,llm_judge_binary,evaluation,,,347.0,347.0
deepseek,60,67,127,0,65,,,DeepSeekBackend,deepseek-v4-flash,1784094162.4540203,llm_judge_binary,evaluation,,,349.0,349.0
deepseek,60,86,146,0,84,,,DeepSeekBackend,deepseek-v4-flash,1784094162.5134528,llm_judge_binary,evaluation,,,348.0,348.0
deepseek,60,85,145,0,83,,,DeepSeekBackend,deepseek-v4-flash,1784094162.6104274,llm_judge_binary,evaluation,,,352.0,352.0
deepseek,60,88,148,0,86,,,DeepSeekBackend,deepseek-v4-flash,1784094162.7199316,llm_judge_binary,evaluation,,,351.0,351.0
deepseek,60,78,138,0,76,,,DeepSeekBackend,deepseek-v4-flash,1784094162.9442718,llm_judge_binary,evaluation,,,354.0,354.0
deepseek,60,74,134,0,72,,,DeepSeekBackend,deepseek-v4-flash,1784094163.0941217,llm_judge_binary,evaluation,,,356.0,356.0
deepseek,60,140,200,0,138,,,DeepSeekBackend,deepseek-v4-flash,1784094163.120759,llm_judge_binary,evaluation,,,350.0,350.0
deepseek,60,97,157,0,95,,,DeepSeekBackend,deepseek-v4-flash,1784094163.161102,llm_judge_binary,evaluation,,,355.0,355.0
deepseek,66,40,106,0,38,,,DeepSeekBackend,deepseek-v4-flash,1784094163.1921296,llm_judge_binary,evaluation,,,360.0,360.0
deepseek,66,38,104,0,36,,,DeepSeekBackend,deepseek-v4-flash,1784094163.1985056,llm_judge_binary,evaluation,,,361.0,361.0
deepseek,60,73,133,0,71,,,DeepSeekBackend,deepseek-v4-flash,1784094163.263158,llm_judge_binary,evaluation,,,359.0,359.0
deepseek,66,40,106,0,38,,,DeepSeekBackend,deepseek-v4-flash,1784094163.3429723,llm_judge_binary,evaluation,,,363.0,363.0
deepseek,66,48,114,0,46,,,DeepSeekBackend,deepseek-v4-flash,1784094163.3710458,llm_judge_binary,evaluation,,,369.0,369.0
deepseek,61,68,129,0,66,,,DeepSeekBackend,deepseek-v4-flash,1784094163.4518764,llm_judge_binary,evaluation,,,358.0,358.0
deepseek,66,50,116,0,48,,,DeepSeekBackend,deepseek-v4-flash,1784094163.466452,llm_judge_binary,evaluation,,,362.0,362.0
deepseek,66,37,103,0,35,,,DeepSeekBackend,deepseek-v4-flash,1784094163.4869962,llm_judge_binary,evaluation,,,368.0,368.0
deepseek,66,46,112,0,44,,,DeepSeekBackend,deepseek-v4-flash,1784094163.4914246,llm_judge_binary,evaluation,,,364.0,364.0
deepseek,66,40,106,0,38,,,DeepSeekBackend,deepseek-v4-flash,1784094163.500825,llm_judge_binary,evaluation,,,365.0,365.0
deepseek,61,119,180,0,117,,,DeepSeekBackend,deepseek-v4-flash,1784094163.516844,llm_judge_binary,evaluation,,,357.0,357.0
deepseek,66,40,106,0,38,,,DeepSeekBackend,deepseek-v4-flash,1784094163.5515654,llm_judge_binary,evaluation,,,366.0,366.0
deepseek,66,39,105,0,37,,,DeepSeekBackend,deepseek-v4-flash,1784094163.567774,llm_judge_binary,evaluation,,,367.0,367.0
deepseek,66,41,107,0,39,,,DeepSeekBackend,deepseek-v4-flash,1784094163.69272,llm_judge_binary,evaluation,,,370.0,370.0
deepseek,66,45,111,0,43,,,DeepSeekBackend,deepseek-v4-flash,1784094163.723767,llm_judge_binary,evaluation,,,371.0,371.0
deepseek,60,155,215,0,153,,,DeepSeekBackend,deepseek-v4-flash,1784094163.7342663,llm_judge_binary,evaluation,,,353.0,353.0
deepseek,66,48,114,0,46,,,DeepSeekBackend,deepseek-v4-flash,1784094163.92984,llm_judge_binary,evaluation,,,372.0,372.0
deepseek,66,50,116,0,48,,,DeepSeekBackend,deepseek-v4-flash,1784094164.01061,llm_judge_binary,evaluation,,,374.0,374.0
deepseek,66,54,120,0,52,,,DeepSeekBackend,deepseek-v4-flash,1784094164.0171442,llm_judge_binary,evaluation,,,377.0,377.0
deepseek,66,47,113,0,45,,,DeepSeekBackend,deepseek-v4-flash,1784094164.0615394,llm_judge_binary,evaluation,,,373.0,373.0
deepseek,66,53,119,0,51,,,DeepSeekBackend,deepseek-v4-flash,1784094164.168088,llm_judge_binary,evaluation,,,378.0,378.0
deepseek,66,40,106,0,38,,,DeepSeekBackend,deepseek-v4-flash,1784094164.3008513,llm_judge_binary,evaluation,,,375.0,375.0
deepseek,66,52,118,0,50,,,DeepSeekBackend,deepseek-v4-flash,1784094164.3366477,llm_judge_binary,evaluation,,,376.0,376.0
deepseek,66,49,115,0,47,,,DeepSeekBackend,deepseek-v4-flash,1784094164.5002139,llm_judge_binary,evaluation,,,379.0,379.0
deepseek,64,83,147,0,81,,,DeepSeekBackend,deepseek-v4-flash,1784094164.765074,llm_judge_binary,evaluation,,,386.0,386.0
deepseek,64,91,155,0,89,,,DeepSeekBackend,deepseek-v4-flash,1784094164.8416278,llm_judge_binary,evaluation,,,384.0,384.0
deepseek,64,112,176,0,110,,,DeepSeekBackend,deepseek-v4-flash,1784094164.970308,llm_judge_binary,evaluation,,,385.0,385.0
deepseek,64,113,177,0,111,,,DeepSeekBackend,deepseek-v4-flash,1784094165.0310864,llm_judge_binary,evaluation,,,382.0,382.0
deepseek,64,93,157,0,91,,,DeepSeekBackend,deepseek-v4-flash,1784094165.042873,llm_judge_binary,evaluation,,,388.0,388.0
deepseek,64,84,148,0,82,,,DeepSeekBackend,deepseek-v4-flash,1784094165.1588697,llm_judge_binary,evaluation,,,395.0,395.0
deepseek,64,111,175,0,109,,,DeepSeekBackend,deepseek-v4-flash,1784094165.193356,llm_judge_binary,evaluation,,,390.0,390.0
deepseek,64,83,147,0,81,,,DeepSeekBackend,deepseek-v4-flash,1784094165.2194712,llm_judge_binary,evaluation,,,391.0,391.0
deepseek,64,96,160,0,94,,,DeepSeekBackend,deepseek-v4-flash,1784094165.2497349,llm_judge_binary,evaluation,,,392.0,392.0
deepseek,64,115,179,0,113,,,DeepSeekBackend,deepseek-v4-flash,1784094165.2854705,llm_judge_binary,evaluation,,,387.0,387.0
deepseek,64,175,239,0,173,,,DeepSeekBackend,deepseek-v4-flash,1784094165.4217277,llm_judge_binary,evaluation,,,381.0,381.0
deepseek,64,173,237,0,171,,,DeepSeekBackend,deepseek-v4-flash,1784094165.5106382,llm_judge_binary,evaluation,,,380.0,380.0
deepseek,64,188,252,0,186,,,DeepSeekBackend,deepseek-v4-flash,1784094165.5706446,llm_judge_binary,evaluation,,,383.0,383.0
deepseek,64,188,252,0,186,,,DeepSeekBackend,deepseek-v4-flash,1784094165.6086853,llm_judge_binary,evaluation,,,389.0,389.0
deepseek,64,92,156,0,90,,,DeepSeekBackend,deepseek-v4-flash,1784094165.697297,llm_judge_binary,evaluation,,,397.0,397.0
deepseek,64,125,189,0,123,,,DeepSeekBackend,deepseek-v4-flash,1784094165.7194421,llm_judge_binary,evaluation,,,394.0,394.0
deepseek,61,68,129,0,66,,,DeepSeekBackend,deepseek-v4-flash,1784094165.9460142,llm_judge_binary,evaluation,,,402.0,402.0
deepseek,64,88,152,0,86,,,DeepSeekBackend,deepseek-v4-flash,1784094165.952638,llm_judge_binary,evaluation,,,399.0,399.0
deepseek,60,37,97,0,35,,,DeepSeekBackend,deepseek-v4-flash,1784094165.9596226,llm_judge_binary,evaluation,,,404.0,404.0
deepseek,63,61,124,0,59,,,DeepSeekBackend,deepseek-v4-flash,1784094166.0027003,llm_judge_binary,evaluation,,,400.0,400.0
deepseek,64,111,175,0,109,,,DeepSeekBackend,deepseek-v4-flash,1784094166.0165782,llm_judge_binary,evaluation,,,396.0,396.0
deepseek,64,141,205,0,139,,,DeepSeekBackend,deepseek-v4-flash,1784094166.0435252,llm_judge_binary,evaluation,,,393.0,393.0
deepseek,60,48,108,0,46,,,DeepSeekBackend,deepseek-v4-flash,1784094166.1251256,llm_judge_binary,evaluation,,,405.0,405.0
deepseek,60,40,100,0,38,,,DeepSeekBackend,deepseek-v4-flash,1784094166.1308625,llm_judge_binary,evaluation,,,408.0,408.0
deepseek,60,48,108,0,46,,,DeepSeekBackend,deepseek-v4-flash,1784094166.163442,llm_judge_binary,evaluation,,,403.0,403.0
deepseek,60,45,105,0,43,,,DeepSeekBackend,deepseek-v4-flash,1784094166.1707368,llm_judge_binary,evaluation,,,406.0,406.0
deepseek,60,40,100,0,38,,,DeepSeekBackend,deepseek-v4-flash,1784094166.2155604,llm_judge_binary,evaluation,,,409.0,409.0
deepseek,60,34,94,0,32,,,DeepSeekBackend,deepseek-v4-flash,1784094166.2895095,llm_judge_binary,evaluation,,,407.0,407.0
deepseek,60,39,99,0,37,,,DeepSeekBackend,deepseek-v4-flash,1784094166.3236783,llm_judge_binary,evaluation,,,410.0,410.0
deepseek,60,33,93,0,31,,,DeepSeekBackend,deepseek-v4-flash,1784094166.4773595,llm_judge_binary,evaluation,,,411.0,411.0
deepseek,60,40,100,0,38,,,DeepSeekBackend,deepseek-v4-flash,1784094166.4985948,llm_judge_binary,evaluation,,,413.0,413.0
deepseek,61,125,186,0,123,,,DeepSeekBackend,deepseek-v4-flash,1784094166.5303507,llm_judge_binary,evaluation,,,401.0,401.0
deepseek,64,202,266,0,200,,,DeepSeekBackend,deepseek-v4-flash,1784094166.5815353,llm_judge_binary,evaluation,,,398.0,398.0
deepseek,60,43,103,0,41,,,DeepSeekBackend,deepseek-v4-flash,1784094166.6065078,llm_judge_binary,evaluation,,,412.0,412.0
deepseek,60,46,106,0,44,,,DeepSeekBackend,deepseek-v4-flash,1784094166.6376011,llm_judge_binary,evaluation,,,415.0,415.0
deepseek,60,38,98,0,36,,,DeepSeekBackend,deepseek-v4-flash,1784094166.7931376,llm_judge_binary,evaluation,,,416.0,416.0
deepseek,60,43,103,0,41,,,DeepSeekBackend,deepseek-v4-flash,1784094166.8412828,llm_judge_binary,evaluation,,,419.0,419.0
deepseek,60,43,103,0,41,,,DeepSeekBackend,deepseek-v4-flash,1784094166.8741317,llm_judge_binary,evaluation,,,417.0,417.0
deepseek,60,42,102,0,40,,,DeepSeekBackend,deepseek-v4-flash,1784094166.9823186,llm_judge_binary,evaluation,,,418.0,418.0
deepseek,60,41,101,0,39,,,DeepSeekBackend,deepseek-v4-flash,1784094166.9927647,llm_judge_binary,evaluation,,,422.0,422.0
deepseek,60,31,91,0,29,,,DeepSeekBackend,deepseek-v4-flash,1784094167.0376182,llm_judge_binary,evaluation,,,420.0,420.0
deepseek,60,48,108,0,46,,,DeepSeekBackend,deepseek-v4-flash,1784094167.1342587,llm_judge_binary,evaluation,,,421.0,421.0
deepseek,60,56,116,0,54,,,DeepSeekBackend,deepseek-v4-flash,1784094167.2576485,llm_judge_binary,evaluation,,,427.0,427.0
deepseek,60,51,111,0,49,,,DeepSeekBackend,deepseek-v4-flash,1784094167.452145,llm_judge_binary,evaluation,,,426.0,426.0
deepseek,60,70,130,0,68,,,DeepSeekBackend,deepseek-v4-flash,1784094167.459069,llm_judge_binary,evaluation,,,423.0,423.0
deepseek,64,119,183,0,117,,,DeepSeekBackend,deepseek-v4-flash,1784094167.484843,llm_judge_binary,evaluation,,,414.0,414.0
deepseek,60,62,122,0,60,,,DeepSeekBackend,deepseek-v4-flash,1784094167.6563358,llm_judge_binary,evaluation,,,429.0,429.0
deepseek,60,53,113,0,51,,,DeepSeekBackend,deepseek-v4-flash,1784094167.7030833,llm_judge_binary,evaluation,,,434.0,434.0
deepseek,60,84,144,0,82,,,DeepSeekBackend,deepseek-v4-flash,1784094167.7138052,llm_judge_binary,evaluation,,,428.0,428.0
deepseek,60,56,116,0,54,,,DeepSeekBackend,deepseek-v4-flash,1784094167.8192139,llm_judge_binary,evaluation,,,436.0,436.0
deepseek,60,112,172,0,110,,,DeepSeekBackend,deepseek-v4-flash,1784094167.9168763,llm_judge_binary,evaluation,,,425.0,425.0
deepseek,60,64,124,0,62,,,DeepSeekBackend,deepseek-v4-flash,1784094167.9943976,llm_judge_binary,evaluation,,,435.0,435.0
deepseek,60,158,218,0,156,,,DeepSeekBackend,deepseek-v4-flash,1784094168.0820372,llm_judge_binary,evaluation,,,424.0,424.0
deepseek,60,123,183,0,121,,,DeepSeekBackend,deepseek-v4-flash,1784094168.1124263,llm_judge_binary,evaluation,,,431.0,431.0
deepseek,60,61,121,0,59,,,DeepSeekBackend,deepseek-v4-flash,1784094168.1488206,llm_judge_binary,evaluation,,,437.0,437.0
deepseek,60,101,161,0,99,,,DeepSeekBackend,deepseek-v4-flash,1784094168.2863536,llm_judge_binary,evaluation,,,432.0,432.0
deepseek,62,73,135,0,71,,,DeepSeekBackend,deepseek-v4-flash,1784094168.3680909,llm_judge_binary,evaluation,,,438.0,438.0
deepseek,60,63,123,0,61,,,DeepSeekBackend,deepseek-v4-flash,1784094168.407291,llm_judge_binary,evaluation,,,441.0,441.0
deepseek,64,39,103,0,37,,,DeepSeekBackend,deepseek-v4-flash,1784094168.6333246,llm_judge_binary,evaluation,,,448.0,448.0
deepseek,60,131,191,0,129,,,DeepSeekBackend,deepseek-v4-flash,1784094168.7395787,llm_judge_binary,evaluation,,,440.0,440.0
deepseek,60,77,137,0,75,,,DeepSeekBackend,deepseek-v4-flash,1784094168.7456665,llm_judge_binary,evaluation,,,442.0,442.0
deepseek,62,139,201,0,137,,,DeepSeekBackend,deepseek-v4-flash,1784094168.897365,llm_judge_binary,evaluation,,,439.0,439.0
deepseek,67,100,167,0,98,,,DeepSeekBackend,deepseek-v4-flash,1784094168.9362955,llm_judge_binary,evaluation,,,445.0,445.0
deepseek,65,94,159,0,92,,,DeepSeekBackend,deepseek-v4-flash,1784094168.942867,llm_judge_binary,evaluation,,,447.0,447.0
deepseek,64,66,130,0,64,,,DeepSeekBackend,deepseek-v4-flash,1784094169.0889006,llm_judge_binary,evaluation,,,449.0,449.0
deepseek,60,177,237,0,175,,,DeepSeekBackend,deepseek-v4-flash,1784094169.1212487,llm_judge_binary,evaluation,,,433.0,433.0
deepseek,60,252,312,0,250,,,DeepSeekBackend,deepseek-v4-flash,1784094169.19458,llm_judge_binary,evaluation,,,430.0,430.0
deepseek,65,95,160,0,93,,,DeepSeekBackend,deepseek-v4-flash,1784094169.2958016,llm_judge_binary,evaluation,,,452.0,452.0
deepseek,67,92,159,0,90,,,DeepSeekBackend,deepseek-v4-flash,1784094169.3058434,llm_judge_binary,evaluation,,,451.0,451.0
deepseek,64,47,111,0,45,,,DeepSeekBackend,deepseek-v4-flash,1784094169.3530889,llm_judge_binary,evaluation,,,455.0,455.0
deepseek,63,124,187,0,122,,,DeepSeekBackend,deepseek-v4-flash,1784094169.442893,llm_judge_binary,evaluation,,,444.0,444.0
deepseek,66,93,159,0,91,,,DeepSeekBackend,deepseek-v4-flash,1784094169.4691691,llm_judge_binary,evaluation,,,450.0,450.0
deepseek,66,71,137,0,69,,,DeepSeekBackend,deepseek-v4-flash,1784094169.7280877,llm_judge_binary,evaluation,,,460.0,460.0
deepseek,67,105,172,0,103,,,DeepSeekBackend,deepseek-v4-flash,1784094169.8718476,llm_judge_binary,evaluation,,,453.0,453.0
deepseek,67,146,213,0,144,,,DeepSeekBackend,deepseek-v4-flash,1784094169.9441385,llm_judge_binary,evaluation,,,446.0,446.0
deepseek,67,81,148,0,79,,,DeepSeekBackend,deepseek-v4-flash,1784094169.9517057,llm_judge_binary,evaluation,,,458.0,458.0
deepseek,60,35,95,0,33,,,DeepSeekBackend,deepseek-v4-flash,1784094170.0266254,llm_judge_binary,evaluation,,,463.0,463.0
deepseek,65,89,154,0,87,,,DeepSeekBackend,deepseek-v4-flash,1784094170.0351565,llm_judge_binary,evaluation,,,461.0,461.0
deepseek,60,42,102,0,40,,,DeepSeekBackend,deepseek-v4-flash,1784094170.073128,llm_judge_binary,evaluation,,,465.0,465.0
deepseek,67,149,216,0,147,,,DeepSeekBackend,deepseek-v4-flash,1784094170.0799847,llm_judge_binary,evaluation,,,454.0,454.0
deepseek,60,51,111,0,49,,,DeepSeekBackend,deepseek-v4-flash,1784094170.1684446,llm_judge_binary,evaluation,,,464.0,464.0
deepseek,67,103,170,0,101,,,DeepSeekBackend,deepseek-v4-flash,1784094170.1816936,llm_judge_binary,evaluation,,,457.0,457.0
deepseek,67,132,199,0,130,,,DeepSeekBackend,deepseek-v4-flash,1784094170.207453,llm_judge_binary,evaluation,,,456.0,456.0
deepseek,65,73,138,0,71,,,DeepSeekBackend,deepseek-v4-flash,1784094170.233608,llm_judge_binary,evaluation,,,462.0,462.0
deepseek,60,34,94,0,32,,,DeepSeekBackend,deepseek-v4-flash,1784094170.2397058,llm_judge_binary,evaluation,,,467.0,467.0
deepseek,60,42,102,0,40,,,DeepSeekBackend,deepseek-v4-flash,1784094170.2728753,llm_judge_binary,evaluation,,,466.0,466.0
deepseek,60,43,103,0,41,,,DeepSeekBackend,deepseek-v4-flash,1784094170.3493075,llm_judge_binary,evaluation,,,471.0,471.0
deepseek,63,225,288,0,223,,,DeepSeekBackend,deepseek-v4-flash,1784094170.364422,llm_judge_binary,evaluation,,,443.0,443.0
deepseek,67,100,167,0,98,,,DeepSeekBackend,deepseek-v4-flash,1784094170.3712213,llm_judge_binary,evaluation,,,459.0,459.0
deepseek,60,35,95,0,33,,,DeepSeekBackend,deepseek-v4-flash,1784094170.3995903,llm_judge_binary,evaluation,,,469.0,469.0
deepseek,60,44,104,0,42,,,DeepSeekBackend,deepseek-v4-flash,1784094170.4823422,llm_judge_binary,evaluation,,,468.0,468.0
deepseek,60,45,105,0,43,,,DeepSeekBackend,deepseek-v4-flash,1784094170.5261428,llm_judge_binary,evaluation,,,470.0,470.0
deepseek,60,35,95,0,33,,,DeepSeekBackend,deepseek-v4-flash,1784094170.793775,llm_judge_binary,evaluation,,,475.0,475.0
deepseek,60,38,98,0,36,,,DeepSeekBackend,deepseek-v4-flash,1784094170.826074,llm_judge_binary,evaluation,,,476.0,476.0
deepseek,60,43,103,0,41,,,DeepSeekBackend,deepseek-v4-flash,1784094170.836391,llm_judge_binary,evaluation,,,473.0,473.0
deepseek,60,32,92,0,30,,,DeepSeekBackend,deepseek-v4-flash,1784094170.8928282,llm_judge_binary,evaluation,,,477.0,477.0
deepseek,60,44,104,0,42,,,DeepSeekBackend,deepseek-v4-flash,1784094170.9015086,llm_judge_binary,evaluation,,,472.0,472.0
deepseek,60,46,106,0,44,,,DeepSeekBackend,deepseek-v4-flash,1784094170.9577503,llm_judge_binary,evaluation,,,474.0,474.0
deepseek,60,37,97,0,35,,,DeepSeekBackend,deepseek-v4-flash,1784094170.9896367,llm_judge_binary,evaluation,,,480.0,480.0
deepseek,60,35,95,0,33,,,DeepSeekBackend,deepseek-v4-flash,1784094171.0466585,llm_judge_binary,evaluation,,,479.0,479.0
deepseek,60,35,95,0,33,,,DeepSeekBackend,deepseek-v4-flash,1784094171.0646205,llm_judge_binary,evaluation,,,482.0,482.0
deepseek,60,35,95,0,33,,,DeepSeekBackend,deepseek-v4-flash,1784094171.1002445,llm_judge_binary,evaluation,,,481.0,481.0
deepseek,60,43,103,0,41,,,DeepSeekBackend,deepseek-v4-flash,1784094171.1466951,llm_judge_binary,evaluation,,,478.0,478.0
deepseek,66,91,157,0,89,,,DeepSeekBackend,deepseek-v4-flash,1784094171.4545274,llm_judge_binary,evaluation,,,484.0,484.0
deepseek,68,83,151,0,81,,,DeepSeekBackend,deepseek-v4-flash,1784094171.4623091,llm_judge_binary,evaluation,,,485.0,485.0
deepseek,65,80,145,0,78,,,DeepSeekBackend,deepseek-v4-flash,1784094171.477532,llm_judge_binary,evaluation,,,483.0,483.0
deepseek,67,102,169,0,100,,,DeepSeekBackend,deepseek-v4-flash,1784094171.6479352,llm_judge_binary,evaluation,,,486.0,486.0
deepseek,68,77,145,0,75,,,DeepSeekBackend,deepseek-v4-flash,1784094171.7006803,llm_judge_binary,evaluation,,,488.0,488.0
deepseek,67,94,161,0,92,,,DeepSeekBackend,deepseek-v4-flash,1784094171.8162384,llm_judge_binary,evaluation,,,489.0,489.0
deepseek,68,98,166,0,96,,,DeepSeekBackend,deepseek-v4-flash,1784094171.8374438,llm_judge_binary,evaluation,,,491.0,491.0
deepseek,66,75,141,0,73,,,DeepSeekBackend,deepseek-v4-flash,1784094171.9627392,llm_judge_binary,evaluation,,,494.0,494.0
deepseek,68,77,145,0,75,,,DeepSeekBackend,deepseek-v4-flash,1784094172.130073,llm_judge_binary,evaluation,,,498.0,498.0
deepseek,67,118,185,0,116,,,DeepSeekBackend,deepseek-v4-flash,1784094172.1482637,llm_judge_binary,evaluation,,,492.0,492.0
deepseek,68,148,216,0,146,,,DeepSeekBackend,deepseek-v4-flash,1784094172.1552,llm_judge_binary,evaluation,,,490.0,490.0
deepseek,67,96,163,0,94,,,DeepSeekBackend,deepseek-v4-flash,1784094172.1991808,llm_judge_binary,evaluation,,,496.0,496.0
deepseek,67,86,153,0,84,,,DeepSeekBackend,deepseek-v4-flash,1784094172.37566,llm_judge_binary,evaluation,,,500.0,500.0
deepseek,68,121,189,0,119,,,DeepSeekBackend,deepseek-v4-flash,1784094172.4159946,llm_judge_binary,evaluation,,,499.0,499.0
deepseek,62,133,195,0,131,,,DeepSeekBackend,deepseek-v4-flash,1784094172.438908,llm_judge_binary,evaluation,,,487.0,487.0
deepseek,78,53,131,0,51,,,DeepSeekBackend,deepseek-v4-flash,1784094172.5164433,llm_judge_binary,evaluation,,,505.0,505.0
deepseek,66,111,177,0,109,,,DeepSeekBackend,deepseek-v4-flash,1784094172.5520532,llm_judge_binary,evaluation,,,501.0,501.0
deepseek,78,54,132,0,52,,,DeepSeekBackend,deepseek-v4-flash,1784094172.562574,llm_judge_binary,evaluation,,,507.0,507.0
deepseek,78,56,134,0,54,,,DeepSeekBackend,deepseek-v4-flash,1784094172.592191,llm_judge_binary,evaluation,,,506.0,506.0
deepseek,62,123,185,0,121,,,DeepSeekBackend,deepseek-v4-flash,1784094172.6489983,llm_judge_binary,evaluation,,,493.0,493.0
deepseek,78,66,144,0,64,,,DeepSeekBackend,deepseek-v4-flash,1784094172.6763587,llm_judge_binary,evaluation,,,504.0,504.0
deepseek,66,85,151,0,83,,,DeepSeekBackend,deepseek-v4-flash,1784094172.68238,llm_judge_binary,evaluation,,,503.0,503.0
deepseek,78,59,137,0,57,,,DeepSeekBackend,deepseek-v4-flash,1784094172.7516947,llm_judge_binary,evaluation,,,508.0,508.0
deepseek,78,66,144,0,64,,,DeepSeekBackend,deepseek-v4-flash,1784094172.7742577,llm_judge_binary,evaluation,,,509.0,509.0
deepseek,78,48,126,0,46,,,DeepSeekBackend,deepseek-v4-flash,1784094172.887867,llm_judge_binary,evaluation,,,514.0,514.0
deepseek,68,99,167,0,97,,,DeepSeekBackend,deepseek-v4-flash,1784094173.0351875,llm_judge_binary,evaluation,,,502.0,502.0
deepseek,78,55,133,0,53,,,DeepSeekBackend,deepseek-v4-flash,1784094173.0548253,llm_judge_binary,evaluation,,,513.0,513.0
deepseek,78,64,142,0,62,,,DeepSeekBackend,deepseek-v4-flash,1784094173.121205,llm_judge_binary,evaluation,,,512.0,512.0
deepseek,69,81,150,0,79,,,DeepSeekBackend,deepseek-v4-flash,1784094173.1313627,llm_judge_binary,evaluation,,,510.0,510.0
deepseek,72,77,149,0,75,,,DeepSeekBackend,deepseek-v4-flash,1784094173.2552946,llm_judge_binary,evaluation,,,511.0,511.0
deepseek,78,61,139,0,59,,,DeepSeekBackend,deepseek-v4-flash,1784094173.3415062,llm_judge_binary,evaluation,,,515.0,515.0
deepseek,78,65,143,0,63,,,DeepSeekBackend,deepseek-v4-flash,1784094173.379377,llm_judge_binary,evaluation,,,516.0,516.0
deepseek,78,61,139,0,59,,,DeepSeekBackend,deepseek-v4-flash,1784094173.4833179,llm_judge_binary,evaluation,,,517.0,517.0
deepseek,78,43,121,0,41,,,DeepSeekBackend,deepseek-v4-flash,1784094173.6088557,llm_judge_binary,evaluation,,,522.0,522.0
deepseek,78,61,139,0,59,,,DeepSeekBackend,deepseek-v4-flash,1784094173.640795,llm_judge_binary,evaluation,,,518.0,518.0
deepseek,78,55,133,0,53,,,DeepSeekBackend,deepseek-v4-flash,1784094173.664543,llm_judge_binary,evaluation,,,521.0,521.0
deepseek,78,51,129,0,49,,,DeepSeekBackend,deepseek-v4-flash,1784094173.682379,llm_judge_binary,evaluation,,,519.0,519.0
deepseek,78,46,124,0,44,,,DeepSeekBackend,deepseek-v4-flash,1784094173.7032094,llm_judge_binary,evaluation,,,520.0,520.0
deepseek,78,57,135,0,55,,,DeepSeekBackend,deepseek-v4-flash,1784094173.9163783,llm_judge_binary,evaluation,,,523.0,523.0
deepseek,68,316,384,0,314,,,DeepSeekBackend,deepseek-v4-flash,1784094173.926774,llm_judge_binary,evaluation,,,495.0,495.0
deepseek,62,97,159,0,95,,,DeepSeekBackend,deepseek-v4-flash,1784094174.0768394,llm_judge_binary,evaluation,,,526.0,526.0
deepseek,62,80,142,0,78,,,DeepSeekBackend,deepseek-v4-flash,1784094174.0949628,llm_judge_binary,evaluation,,,524.0,524.0
deepseek,62,82,144,0,80,,,DeepSeekBackend,deepseek-v4-flash,1784094174.1408458,llm_judge_binary,evaluation,,,527.0,527.0
deepseek,62,83,145,0,81,,,DeepSeekBackend,deepseek-v4-flash,1784094174.1929002,llm_judge_binary,evaluation,,,529.0,529.0
deepseek,62,80,142,0,78,,,DeepSeekBackend,deepseek-v4-flash,1784094174.227012,llm_judge_binary,evaluation,,,528.0,528.0
deepseek,62,86,148,0,84,,,DeepSeekBackend,deepseek-v4-flash,1784094174.2926662,llm_judge_binary,evaluation,,,525.0,525.0
deepseek,62,66,128,0,64,,,DeepSeekBackend,deepseek-v4-flash,1784094174.3271227,llm_judge_binary,evaluation,,,530.0,530.0
deepseek,62,84,146,0,82,,,DeepSeekBackend,deepseek-v4-flash,1784094174.515373,llm_judge_binary,evaluation,,,532.0,532.0
deepseek,62,94,156,0,92,,,DeepSeekBackend,deepseek-v4-flash,1784094174.6392155,llm_judge_binary,evaluation,,,531.0,531.0
deepseek,62,66,128,0,64,,,DeepSeekBackend,deepseek-v4-flash,1784094174.8303967,llm_judge_binary,evaluation,,,536.0,536.0
deepseek,62,102,164,0,100,,,DeepSeekBackend,deepseek-v4-flash,1784094174.8367057,llm_judge_binary,evaluation,,,535.0,535.0
deepseek,62,89,151,0,87,,,DeepSeekBackend,deepseek-v4-flash,1784094174.9103084,llm_judge_binary,evaluation,,,537.0,537.0
deepseek,62,75,137,0,73,,,DeepSeekBackend,deepseek-v4-flash,1784094174.9710546,llm_judge_binary,evaluation,,,533.0,533.0
deepseek,62,101,163,0,99,,,DeepSeekBackend,deepseek-v4-flash,1784094174.9976573,llm_judge_binary,evaluation,,,534.0,534.0
deepseek,62,95,157,0,93,,,DeepSeekBackend,deepseek-v4-flash,1784094175.0698388,llm_judge_binary,evaluation,,,538.0,538.0
deepseek,62,106,168,0,104,,,DeepSeekBackend,deepseek-v4-flash,1784094175.0886242,llm_judge_binary,evaluation,,,539.0,539.0
deepseek,62,88,150,0,86,,,DeepSeekBackend,deepseek-v4-flash,1784094175.3224783,llm_judge_binary,evaluation,,,540.0,540.0
deepseek,62,84,146,0,82,,,DeepSeekBackend,deepseek-v4-flash,1784094175.4255843,llm_judge_binary,evaluation,,,542.0,542.0
deepseek,62,98,160,0,96,,,DeepSeekBackend,deepseek-v4-flash,1784094175.4325235,llm_judge_binary,evaluation,,,541.0,541.0
deepseek,62,80,142,0,78,,,DeepSeekBackend,deepseek-v4-flash,1784094175.545818,llm_judge_binary,evaluation,,,543.0,543.0
deepseek,68,137,205,0,135,,,DeepSeekBackend,deepseek-v4-flash,1784094175.7619047,llm_judge_binary,evaluation,,,545.0,545.0
deepseek,68,149,217,0,147,,,DeepSeekBackend,deepseek-v4-flash,1784094176.0042803,llm_judge_binary,evaluation,,,547.0,547.0
deepseek,68,138,206,0,136,,,DeepSeekBackend,deepseek-v4-flash,1784094176.02958,llm_judge_binary,evaluation,,,544.0,544.0
deepseek,68,170,238,0,168,,,DeepSeekBackend,deepseek-v4-flash,1784094176.2179077,llm_judge_binary,evaluation,,,549.0,549.0
deepseek,68,149,217,0,147,,,DeepSeekBackend,deepseek-v4-flash,1784094176.3153822,llm_judge_binary,evaluation,,,551.0,551.0
deepseek,68,127,195,0,125,,,DeepSeekBackend,deepseek-v4-flash,1784094176.4464083,llm_judge_binary,evaluation,,,553.0,553.0
deepseek,62,530,592,0,528,,,DeepSeekBackend,deepseek-v4-flash,1784094176.4999583,llm_judge_binary,evaluation,,,497.0,497.0
deepseek,68,143,211,0,141,,,DeepSeekBackend,deepseek-v4-flash,1784094176.518893,llm_judge_binary,evaluation,,,552.0,552.0
deepseek,68,191,259,0,189,,,DeepSeekBackend,deepseek-v4-flash,1784094176.5507095,llm_judge_binary,evaluation,,,548.0,548.0
deepseek,68,177,245,0,175,,,DeepSeekBackend,deepseek-v4-flash,1784094176.602237,llm_judge_binary,evaluation,,,550.0,550.0
deepseek,68,161,229,0,159,,,DeepSeekBackend,deepseek-v4-flash,1784094176.6401463,llm_judge_binary,evaluation,,,554.0,554.0
deepseek,68,133,201,0,131,,,DeepSeekBackend,deepseek-v4-flash,1784094176.8612125,llm_judge_binary,evaluation,,,556.0,556.0
deepseek,68,120,188,0,118,,,DeepSeekBackend,deepseek-v4-flash,1784094176.893758,llm_judge_binary,evaluation,,,559.0,559.0
deepseek,68,174,242,0,172,,,DeepSeekBackend,deepseek-v4-flash,1784094177.1942039,llm_judge_binary,evaluation,,,555.0,555.0
deepseek,68,152,220,0,150,,,DeepSeekBackend,deepseek-v4-flash,1784094177.2766936,llm_judge_binary,evaluation,,,561.0,561.0
deepseek,64,69,133,0,67,,,DeepSeekBackend,deepseek-v4-flash,1784094177.393562,llm_judge_binary,evaluation,,,565.0,565.0
deepseek,68,194,262,0,192,,,DeepSeekBackend,deepseek-v4-flash,1784094177.5450323,llm_judge_binary,evaluation,,,558.0,558.0
deepseek,68,218,286,0,216,,,DeepSeekBackend,deepseek-v4-flash,1784094177.5937965,llm_judge_binary,evaluation,,,557.0,557.0
deepseek,64,107,171,0,105,,,DeepSeekBackend,deepseek-v4-flash,1784094177.6728685,llm_judge_binary,evaluation,,,564.0,564.0
deepseek,68,167,235,0,165,,,DeepSeekBackend,deepseek-v4-flash,1784094177.770042,llm_judge_binary,evaluation,,,562.0,562.0
deepseek,68,323,391,0,321,,,DeepSeekBackend,deepseek-v4-flash,1784094177.7767282,llm_judge_binary,evaluation,,,546.0,546.0
deepseek,64,97,161,0,95,,,DeepSeekBackend,deepseek-v4-flash,1784094177.853059,llm_judge_binary,evaluation,,,567.0,567.0
deepseek,64,83,147,0,81,,,DeepSeekBackend,deepseek-v4-flash,1784094177.9302156,llm_judge_binary,evaluation,,,569.0,569.0
deepseek,64,127,191,0,125,,,DeepSeekBackend,deepseek-v4-flash,1784094177.9369667,llm_judge_binary,evaluation,,,568.0,568.0
deepseek,64,115,179,0,113,,,DeepSeekBackend,deepseek-v4-flash,1784094177.9946566,llm_judge_binary,evaluation,,,570.0,570.0
deepseek,64,102,166,0,100,,,DeepSeekBackend,deepseek-v4-flash,1784094178.006305,llm_judge_binary,evaluation,,,566.0,566.0
deepseek,68,214,282,0,212,,,DeepSeekBackend,deepseek-v4-flash,1784094178.0130396,llm_judge_binary,evaluation,,,560.0,560.0
deepseek,64,76,140,0,74,,,DeepSeekBackend,deepseek-v4-flash,1784094178.0602114,llm_judge_binary,evaluation,,,574.0,574.0
deepseek,64,102,166,0,100,,,DeepSeekBackend,deepseek-v4-flash,1784094178.1434288,llm_judge_binary,evaluation,,,573.0,573.0
deepseek,64,99,163,0,97,,,DeepSeekBackend,deepseek-v4-flash,1784094178.1518543,llm_judge_binary,evaluation,,,572.0,572.0
deepseek,68,234,302,0,232,,,DeepSeekBackend,deepseek-v4-flash,1784094178.2568116,llm_judge_binary,evaluation,,,563.0,563.0
deepseek,64,120,184,0,118,,,DeepSeekBackend,deepseek-v4-flash,1784094178.339593,llm_judge_binary,evaluation,,,575.0,575.0
deepseek,64,160,224,0,158,,,DeepSeekBackend,deepseek-v4-flash,1784094178.4628668,llm_judge_binary,evaluation,,,571.0,571.0
deepseek,64,110,174,0,108,,,DeepSeekBackend,deepseek-v4-flash,1784094178.6513367,llm_judge_binary,evaluation,,,577.0,577.0
deepseek,62,39,101,0,37,,,DeepSeekBackend,deepseek-v4-flash,1784094178.7940469,llm_judge_binary,evaluation,,,586.0,586.0
deepseek,62,44,106,0,42,,,DeepSeekBackend,deepseek-v4-flash,1784094178.821877,llm_judge_binary,evaluation,,,585.0,585.0
deepseek,64,100,164,0,98,,,DeepSeekBackend,deepseek-v4-flash,1784094178.9078374,llm_judge_binary,evaluation,,,578.0,578.0
deepseek,62,50,112,0,48,,,DeepSeekBackend,deepseek-v4-flash,1784094178.9403286,llm_judge_binary,evaluation,,,584.0,584.0
deepseek,62,45,107,0,43,,,DeepSeekBackend,deepseek-v4-flash,1784094178.9896467,llm_judge_binary,evaluation,,,587.0,587.0
deepseek,62,42,104,0,40,,,DeepSeekBackend,deepseek-v4-flash,1784094179.0071836,llm_judge_binary,evaluation,,,590.0,590.0
deepseek,64,98,162,0,96,,,DeepSeekBackend,deepseek-v4-flash,1784094179.0213132,llm_judge_binary,evaluation,,,579.0,579.0
deepseek,62,37,99,0,35,,,DeepSeekBackend,deepseek-v4-flash,1784094179.1077769,llm_judge_binary,evaluation,,,589.0,589.0
deepseek,64,128,192,0,126,,,DeepSeekBackend,deepseek-v4-flash,1784094179.1197124,llm_judge_binary,evaluation,,,576.0,576.0
deepseek,64,87,151,0,85,,,DeepSeekBackend,deepseek-v4-flash,1784094179.1311207,llm_judge_binary,evaluation,,,582.0,582.0
deepseek,62,45,107,0,43,,,DeepSeekBackend,deepseek-v4-flash,1784094179.137648,llm_judge_binary,evaluation,,,592.0,592.0
deepseek,62,48,110,0,46,,,DeepSeekBackend,deepseek-v4-flash,1784094179.1446867,llm_judge_binary,evaluation,,,588.0,588.0
deepseek,64,89,153,0,87,,,DeepSeekBackend,deepseek-v4-flash,1784094179.1974638,llm_judge_binary,evaluation,,,583.0,583.0
deepseek,64,94,158,0,92,,,DeepSeekBackend,deepseek-v4-flash,1784094179.215765,llm_judge_binary,evaluation,,,580.0,580.0
deepseek,62,42,104,0,40,,,DeepSeekBackend,deepseek-v4-flash,1784094179.2437322,llm_judge_binary,evaluation,,,593.0,593.0
deepseek,64,108,172,0,106,,,DeepSeekBackend,deepseek-v4-flash,1784094179.2900984,llm_judge_binary,evaluation,,,581.0,581.0
deepseek,62,46,108,0,44,,,DeepSeekBackend,deepseek-v4-flash,1784094179.298337,llm_judge_binary,evaluation,,,591.0,591.0
deepseek,62,46,108,0,44,,,DeepSeekBackend,deepseek-v4-flash,1784094179.363163,llm_judge_binary,evaluation,,,595.0,595.0
deepseek,62,51,113,0,49,,,DeepSeekBackend,deepseek-v4-flash,1784094179.3698878,llm_judge_binary,evaluation,,,594.0,594.0
deepseek,62,44,106,0,42,,,DeepSeekBackend,deepseek-v4-flash,1784094179.4998822,llm_judge_binary,evaluation,,,596.0,596.0
deepseek,62,44,106,0,42,,,DeepSeekBackend,deepseek-v4-flash,1784094179.7025092,llm_judge_binary,evaluation,,,598.0,598.0
deepseek,62,49,111,0,47,,,DeepSeekBackend,deepseek-v4-flash,1784094179.7092469,llm_judge_binary,evaluation,,,597.0,597.0
deepseek,62,43,105,0,41,,,DeepSeekBackend,deepseek-v4-flash,1784094179.8536077,llm_judge_binary,evaluation,,,599.0,599.0
deepseek,62,31,93,0,29,,,DeepSeekBackend,deepseek-v4-flash,1784094179.9051714,llm_judge_binary,evaluation,,,602.0,602.0
deepseek,66,50,116,0,48,,,DeepSeekBackend,deepseek-v4-flash,1784094179.9330518,llm_judge_binary,evaluation,,,609.0,609.0
deepseek,66,53,119,0,51,,,DeepSeekBackend,deepseek-v4-flash,1784094180.0102835,llm_judge_binary,evaluation,,,607.0,607.0
deepseek,62,52,114,0,50,,,DeepSeekBackend,deepseek-v4-flash,1784094180.0172145,llm_judge_binary,evaluation,,,600.0,600.0
deepseek,66,43,109,0,41,,,DeepSeekBackend,deepseek-v4-flash,1784094180.0569184,llm_judge_binary,evaluation,,,608.0,608.0
deepseek,62,48,110,0,46,,,DeepSeekBackend,deepseek-v4-flash,1784094180.0630293,llm_judge_binary,evaluation,,,603.0,603.0
deepseek,62,44,106,0,42,,,DeepSeekBackend,deepseek-v4-flash,1784094180.084275,llm_judge_binary,evaluation,,,601.0,601.0
deepseek,64,50,114,0,48,,,DeepSeekBackend,deepseek-v4-flash,1784094180.1295302,llm_judge_binary,evaluation,,,611.0,611.0
deepseek,66,52,118,0,50,,,DeepSeekBackend,deepseek-v4-flash,1784094180.1710737,llm_judge_binary,evaluation,,,610.0,610.0
deepseek,64,70,134,0,68,,,DeepSeekBackend,deepseek-v4-flash,1784094180.236416,llm_judge_binary,evaluation,,,606.0,606.0
deepseek,66,43,109,0,41,,,DeepSeekBackend,deepseek-v4-flash,1784094180.247222,llm_judge_binary,evaluation,,,605.0,605.0
deepseek,66,35,101,0,33,,,DeepSeekBackend,deepseek-v4-flash,1784094180.3756366,llm_judge_binary,evaluation,,,616.0,616.0
deepseek,64,46,110,0,44,,,DeepSeekBackend,deepseek-v4-flash,1784094180.3851228,llm_judge_binary,evaluation,,,613.0,613.0
deepseek,63,67,130,0,65,,,DeepSeekBackend,deepseek-v4-flash,1784094180.42147,llm_judge_binary,evaluation,,,604.0,604.0
deepseek,63,73,136,0,71,,,DeepSeekBackend,deepseek-v4-flash,1784094180.5020726,llm_judge_binary,evaluation,,,614.0,614.0
deepseek,66,50,116,0,48,,,DeepSeekBackend,deepseek-v4-flash,1784094180.5177464,llm_judge_binary,evaluation,,,615.0,615.0
deepseek,66,39,105,0,37,,,DeepSeekBackend,deepseek-v4-flash,1784094180.6109862,llm_judge_binary,evaluation,,,618.0,618.0
deepseek,63,59,122,0,57,,,DeepSeekBackend,deepseek-v4-flash,1784094180.6912673,llm_judge_binary,evaluation,,,617.0,617.0
deepseek,66,43,109,0,41,,,DeepSeekBackend,deepseek-v4-flash,1784094180.7021918,llm_judge_binary,evaluation,,,620.0,620.0
deepseek,63,95,158,0,93,,,DeepSeekBackend,deepseek-v4-flash,1784094180.742304,llm_judge_binary,evaluation,,,612.0,612.0
deepseek,60,32,92,0,30,,,DeepSeekBackend,deepseek-v4-flash,1784094180.9463565,llm_judge_binary,evaluation,,,625.0,625.0
deepseek,60,35,95,0,33,,,DeepSeekBackend,deepseek-v4-flash,1784094181.0026524,llm_judge_binary,evaluation,,,628.0,628.0
deepseek,60,45,105,0,43,,,DeepSeekBackend,deepseek-v4-flash,1784094181.0851738,llm_judge_binary,evaluation,,,629.0,629.0
deepseek,60,38,98,0,36,,,DeepSeekBackend,deepseek-v4-flash,1784094181.1688597,llm_judge_binary,evaluation,,,626.0,626.0
deepseek,60,31,91,0,29,,,DeepSeekBackend,deepseek-v4-flash,1784094181.178766,llm_judge_binary,evaluation,,,630.0,630.0
deepseek,60,50,110,0,48,,,DeepSeekBackend,deepseek-v4-flash,1784094181.2076979,llm_judge_binary,evaluation,,,627.0,627.0
deepseek,60,32,92,0,30,,,DeepSeekBackend,deepseek-v4-flash,1784094181.2149816,llm_judge_binary,evaluation,,,632.0,632.0
deepseek,64,53,117,0,51,,,DeepSeekBackend,deepseek-v4-flash,1784094181.2674665,llm_judge_binary,evaluation,,,621.0,621.0
deepseek,63,85,148,0,83,,,DeepSeekBackend,deepseek-v4-flash,1784094181.2861626,llm_judge_binary,evaluation,,,619.0,619.0
deepseek,63,94,157,0,92,,,DeepSeekBackend,deepseek-v4-flash,1784094181.308781,llm_judge_binary,evaluation,,,623.0,623.0
deepseek,64,68,132,0,66,,,DeepSeekBackend,deepseek-v4-flash,1784094181.335168,llm_judge_binary,evaluation,,,622.0,622.0
deepseek,60,41,101,0,39,,,DeepSeekBackend,deepseek-v4-flash,1784094181.3618283,llm_judge_binary,evaluation,,,633.0,633.0
deepseek,60,42,102,0,40,,,DeepSeekBackend,deepseek-v4-flash,1784094181.3798184,llm_judge_binary,evaluation,,,634.0,634.0
deepseek,60,40,100,0,38,,,DeepSeekBackend,deepseek-v4-flash,1784094181.459858,llm_judge_binary,evaluation,,,636.0,636.0
deepseek,60,85,145,0,83,,,DeepSeekBackend,deepseek-v4-flash,1784094181.5043283,llm_judge_binary,evaluation,,,624.0,624.0
deepseek,60,36,96,0,34,,,DeepSeekBackend,deepseek-v4-flash,1784094181.5247128,llm_judge_binary,evaluation,,,637.0,637.0
deepseek,60,55,115,0,53,,,DeepSeekBackend,deepseek-v4-flash,1784094181.532646,llm_judge_binary,evaluation,,,631.0,631.0
deepseek,60,41,101,0,39,,,DeepSeekBackend,deepseek-v4-flash,1784094181.5556993,llm_judge_binary,evaluation,,,638.0,638.0
deepseek,60,38,98,0,36,,,DeepSeekBackend,deepseek-v4-flash,1784094181.6570582,llm_judge_binary,evaluation,,,639.0,639.0
deepseek,60,97,157,0,95,,,DeepSeekBackend,deepseek-v4-flash,1784094181.920892,llm_judge_binary,evaluation,,,635.0,635.0
deepseek,60,34,94,0,32,,,DeepSeekBackend,deepseek-v4-flash,1784094182.0187783,llm_judge_binary,evaluation,,,643.0,643.0
deepseek,60,32,92,0,30,,,DeepSeekBackend,deepseek-v4-flash,1784094182.028727,llm_judge_binary,evaluation,,,641.0,641.0
deepseek,68,45,113,0,43,,,DeepSeekBackend,deepseek-v4-flash,1784094182.191447,llm_judge_binary,evaluation,,,650.0,650.0
deepseek,68,42,110,0,40,,,DeepSeekBackend,deepseek-v4-flash,1784094182.2186139,llm_judge_binary,evaluation,,,651.0,651.0
deepseek,60,60,120,0,58,,,DeepSeekBackend,deepseek-v4-flash,1784094182.2458718,llm_judge_binary,evaluation,,,640.0,640.0
deepseek,68,49,117,0,47,,,DeepSeekBackend,deepseek-v4-flash,1784094182.2521243,llm_judge_binary,evaluation,,,645.0,645.0
deepseek,68,44,112,0,42,,,DeepSeekBackend,deepseek-v4-flash,1784094182.2566707,llm_judge_binary,evaluation,,,644.0,644.0
deepseek,68,51,119,0,49,,,DeepSeekBackend,deepseek-v4-flash,1784094182.2748382,llm_judge_binary,evaluation,,,646.0,646.0
deepseek,60,50,110,0,48,,,DeepSeekBackend,deepseek-v4-flash,1784094182.2865968,llm_judge_binary,evaluation,,,642.0,642.0
deepseek,68,50,118,0,48,,,DeepSeekBackend,deepseek-v4-flash,1784094182.3172033,llm_judge_binary,evaluation,,,649.0,649.0
deepseek,68,40,108,0,38,,,DeepSeekBackend,deepseek-v4-flash,1784094182.3726397,llm_judge_binary,evaluation,,,653.0,653.0
deepseek,68,47,115,0,45,,,DeepSeekBackend,deepseek-v4-flash,1784094182.3794699,llm_judge_binary,evaluation,,,655.0,655.0
deepseek,68,45,113,0,43,,,DeepSeekBackend,deepseek-v4-flash,1784094182.3848016,llm_judge_binary,evaluation,,,656.0,656.0
deepseek,68,54,122,0,52,,,DeepSeekBackend,deepseek-v4-flash,1784094182.4093227,llm_judge_binary,evaluation,,,647.0,647.0
deepseek,68,50,118,0,48,,,DeepSeekBackend,deepseek-v4-flash,1784094182.4364083,llm_judge_binary,evaluation,,,657.0,657.0
deepseek,64,75,139,0,73,,,DeepSeekBackend,deepseek-v4-flash,1784094182.4691548,llm_judge_binary,evaluation,,,648.0,648.0
deepseek,68,52,120,0,50,,,DeepSeekBackend,deepseek-v4-flash,1784094182.5399778,llm_judge_binary,evaluation,,,652.0,652.0
deepseek,68,50,118,0,48,,,DeepSeekBackend,deepseek-v4-flash,1784094182.6065588,llm_judge_binary,evaluation,,,654.0,654.0
deepseek,68,52,120,0,50,,,DeepSeekBackend,deepseek-v4-flash,1784094182.7121692,llm_judge_binary,evaluation,,,658.0,658.0
deepseek,68,50,118,0,48,,,DeepSeekBackend,deepseek-v4-flash,1784094182.8464801,llm_judge_binary,evaluation,,,660.0,660.0
deepseek,68,53,121,0,51,,,DeepSeekBackend,deepseek-v4-flash,1784094183.0667226,llm_judge_binary,evaluation,,,659.0,659.0
deepseek,68,51,119,0,49,,,DeepSeekBackend,deepseek-v4-flash,1784094183.1151817,llm_judge_binary,evaluation,,,661.0,661.0
deepseek,68,43,111,0,41,,,DeepSeekBackend,deepseek-v4-flash,1784094183.1218178,llm_judge_binary,evaluation,,,662.0,662.0
deepseek,66,58,124,0,56,,,DeepSeekBackend,deepseek-v4-flash,1784094183.20593,llm_judge_binary,evaluation,,,664.0,664.0
deepseek,68,50,118,0,48,,,DeepSeekBackend,deepseek-v4-flash,1784094183.2839193,llm_judge_binary,evaluation,,,663.0,663.0
deepseek,66,81,147,0,79,,,DeepSeekBackend,deepseek-v4-flash,1784094183.314393,llm_judge_binary,evaluation,,,666.0,666.0
deepseek,66,77,143,0,75,,,DeepSeekBackend,deepseek-v4-flash,1784094183.3519607,llm_judge_binary,evaluation,,,670.0,670.0
deepseek,62,71,133,0,69,,,DeepSeekBackend,deepseek-v4-flash,1784094183.5510843,llm_judge_binary,evaluation,,,673.0,673.0
deepseek,62,92,154,0,90,,,DeepSeekBackend,deepseek-v4-flash,1784094183.632178,llm_judge_binary,evaluation,,,672.0,672.0
deepseek,62,99,161,0,97,,,DeepSeekBackend,deepseek-v4-flash,1784094183.6938217,llm_judge_binary,evaluation,,,667.0,667.0
deepseek,62,82,144,0,80,,,DeepSeekBackend,deepseek-v4-flash,1784094183.7810674,llm_judge_binary,evaluation,,,671.0,671.0
deepseek,66,60,126,0,58,,,DeepSeekBackend,deepseek-v4-flash,1784094183.8193173,llm_judge_binary,evaluation,,,676.0,676.0
deepseek,62,115,177,0,113,,,DeepSeekBackend,deepseek-v4-flash,1784094183.8262212,llm_judge_binary,evaluation,,,665.0,665.0
deepseek,62,91,153,0,89,,,DeepSeekBackend,deepseek-v4-flash,1784094183.881741,llm_judge_binary,evaluation,,,669.0,669.0
deepseek,62,97,159,0,95,,,DeepSeekBackend,deepseek-v4-flash,1784094183.9107635,llm_judge_binary,evaluation,,,675.0,675.0
deepseek,62,103,165,0,101,,,DeepSeekBackend,deepseek-v4-flash,1784094183.9218893,llm_judge_binary,evaluation,,,677.0,677.0
deepseek,66,126,192,0,124,,,DeepSeekBackend,deepseek-v4-flash,1784094184.038123,llm_judge_binary,evaluation,,,674.0,674.0
deepseek,62,104,166,0,102,,,DeepSeekBackend,deepseek-v4-flash,1784094184.1488867,llm_judge_binary,evaluation,,,678.0,678.0
deepseek,68,47,115,0,45,,,DeepSeekBackend,deepseek-v4-flash,1784094184.1920426,llm_judge_binary,evaluation,,,684.0,684.0
deepseek,66,78,144,0,76,,,DeepSeekBackend,deepseek-v4-flash,1784094184.1987598,llm_judge_binary,evaluation,,,679.0,679.0
deepseek,66,75,141,0,73,,,DeepSeekBackend,deepseek-v4-flash,1784094184.2595644,llm_judge_binary,evaluation,,,680.0,680.0
deepseek,68,48,116,0,46,,,DeepSeekBackend,deepseek-v4-flash,1784094184.270257,llm_judge_binary,evaluation,,,686.0,686.0
deepseek,68,43,111,0,41,,,DeepSeekBackend,deepseek-v4-flash,1784094184.3058898,llm_judge_binary,evaluation,,,685.0,685.0
deepseek,62,84,146,0,82,,,DeepSeekBackend,deepseek-v4-flash,1784094184.3135831,llm_judge_binary,evaluation,,,681.0,681.0
deepseek,66,179,245,0,177,,,DeepSeekBackend,deepseek-v4-flash,1784094184.3720496,llm_judge_binary,evaluation,,,668.0,668.0
deepseek,66,94,160,0,92,,,DeepSeekBackend,deepseek-v4-flash,1784094184.3889563,llm_judge_binary,evaluation,,,683.0,683.0
deepseek,68,41,109,0,39,,,DeepSeekBackend,deepseek-v4-flash,1784094184.4787545,llm_judge_binary,evaluation,,,688.0,688.0
deepseek,68,41,109,0,39,,,DeepSeekBackend,deepseek-v4-flash,1784094184.556461,llm_judge_binary,evaluation,,,687.0,687.0
deepseek,66,124,190,0,122,,,DeepSeekBackend,deepseek-v4-flash,1784094184.7778542,llm_judge_binary,evaluation,,,682.0,682.0
deepseek,68,57,125,0,55,,,DeepSeekBackend,deepseek-v4-flash,1784094184.802751,llm_judge_binary,evaluation,,,689.0,689.0
deepseek,68,50,118,0,48,,,DeepSeekBackend,deepseek-v4-flash,1784094184.8356256,llm_judge_binary,evaluation,,,694.0,694.0
deepseek,68,46,114,0,44,,,DeepSeekBackend,deepseek-v4-flash,1784094184.8991792,llm_judge_binary,evaluation,,,691.0,691.0
deepseek,68,53,121,0,51,,,DeepSeekBackend,deepseek-v4-flash,1784094184.9186306,llm_judge_binary,evaluation,,,692.0,692.0
deepseek,68,56,124,0,54,,,DeepSeekBackend,deepseek-v4-flash,1784094184.931436,llm_judge_binary,evaluation,,,690.0,690.0
deepseek,68,52,120,0,50,,,DeepSeekBackend,deepseek-v4-flash,1784094185.0195575,llm_judge_binary,evaluation,,,696.0,696.0
deepseek,68,51,119,0,49,,,DeepSeekBackend,deepseek-v4-flash,1784094185.0736976,llm_judge_binary,evaluation,,,695.0,695.0
deepseek,68,44,112,0,42,,,DeepSeekBackend,deepseek-v4-flash,1784094185.091389,llm_judge_binary,evaluation,,,700.0,700.0
deepseek,68,50,118,0,48,,,DeepSeekBackend,deepseek-v4-flash,1784094185.1090581,llm_judge_binary,evaluation,,,697.0,697.0
deepseek,68,47,115,0,45,,,DeepSeekBackend,deepseek-v4-flash,1784094185.1209395,llm_judge_binary,evaluation,,,698.0,698.0
deepseek,68,44,112,0,42,,,DeepSeekBackend,deepseek-v4-flash,1784094185.174574,llm_judge_binary,evaluation,,,699.0,699.0
deepseek,68,47,115,0,45,,,DeepSeekBackend,deepseek-v4-flash,1784094185.2277505,llm_judge_binary,evaluation,,,701.0,701.0
deepseek,68,54,122,0,52,,,DeepSeekBackend,deepseek-v4-flash,1784094185.3799224,llm_judge_binary,evaluation,,,706.0,706.0
deepseek,68,40,108,0,38,,,DeepSeekBackend,deepseek-v4-flash,1784094185.3889904,llm_judge_binary,evaluation,,,704.0,704.0
deepseek,68,50,118,0,48,,,DeepSeekBackend,deepseek-v4-flash,1784094185.5062032,llm_judge_binary,evaluation,,,702.0,702.0
deepseek,68,54,122,0,52,,,DeepSeekBackend,deepseek-v4-flash,1784094185.5409727,llm_judge_binary,evaluation,,,703.0,703.0
deepseek,68,48,116,0,46,,,DeepSeekBackend,deepseek-v4-flash,1784094185.5645962,llm_judge_binary,evaluation,,,705.0,705.0
deepseek,68,53,121,0,51,,,DeepSeekBackend,deepseek-v4-flash,1784094185.7624445,llm_judge_binary,evaluation,,,707.0,707.0
deepseek,68,52,120,0,50,,,DeepSeekBackend,deepseek-v4-flash,1784094185.772092,llm_judge_binary,evaluation,,,710.0,710.0
deepseek,68,43,111,0,41,,,DeepSeekBackend,deepseek-v4-flash,1784094185.80925,llm_judge_binary,evaluation,,,708.0,708.0
deepseek,68,55,123,0,53,,,DeepSeekBackend,deepseek-v4-flash,1784094185.8441691,llm_judge_binary,evaluation,,,711.0,711.0
deepseek,68,52,120,0,50,,,DeepSeekBackend,deepseek-v4-flash,1784094185.8624668,llm_judge_binary,evaluation,,,712.0,712.0
deepseek,68,47,115,0,45,,,DeepSeekBackend,deepseek-v4-flash,1784094185.9229999,llm_judge_binary,evaluation,,,713.0,713.0
deepseek,68,47,115,0,45,,,DeepSeekBackend,deepseek-v4-flash,1784094185.99643,llm_judge_binary,evaluation,,,709.0,709.0
deepseek,68,53,121,0,51,,,DeepSeekBackend,deepseek-v4-flash,1784094186.0089684,llm_judge_binary,evaluation,,,717.0,717.0
deepseek,68,50,118,0,48,,,DeepSeekBackend,deepseek-v4-flash,1784094186.025616,llm_judge_binary,evaluation,,,718.0,718.0
deepseek,68,42,110,0,40,,,DeepSeekBackend,deepseek-v4-flash,1784094186.1112704,llm_judge_binary,evaluation,,,714.0,714.0
deepseek,68,160,228,0,158,,,DeepSeekBackend,deepseek-v4-flash,1784094186.1306376,llm_judge_binary,evaluation,,,693.0,693.0
deepseek,68,53,121,0,51,,,DeepSeekBackend,deepseek-v4-flash,1784094186.1794543,llm_judge_binary,evaluation,,,716.0,716.0
deepseek,68,45,113,0,43,,,DeepSeekBackend,deepseek-v4-flash,1784094186.2424524,llm_judge_binary,evaluation,,,715.0,715.0
deepseek,68,51,119,0,49,,,DeepSeekBackend,deepseek-v4-flash,1784094186.3083797,llm_judge_binary,evaluation,,,719.0,719.0
deepseek,68,49,117,0,47,,,DeepSeekBackend,deepseek-v4-flash,1784094186.340332,llm_judge_binary,evaluation,,,720.0,720.0
deepseek,68,48,116,0,46,,,DeepSeekBackend,deepseek-v4-flash,1784094186.419177,llm_judge_binary,evaluation,,,722.0,722.0
deepseek,68,50,118,0,48,,,DeepSeekBackend,deepseek-v4-flash,1784094186.5592873,llm_judge_binary,evaluation,,,723.0,723.0
deepseek,68,54,122,0,52,,,DeepSeekBackend,deepseek-v4-flash,1784094186.5796893,llm_judge_binary,evaluation,,,721.0,721.0
deepseek,64,46,110,0,44,,,DeepSeekBackend,deepseek-v4-flash,1784094186.7595272,llm_judge_binary,evaluation,,,728.0,728.0
deepseek,63,95,158,0,93,,,DeepSeekBackend,deepseek-v4-flash,1784094186.9133434,llm_judge_binary,evaluation,,,725.0,725.0
deepseek,63,84,147,0,82,,,DeepSeekBackend,deepseek-v4-flash,1784094187.1714988,llm_judge_binary,evaluation,,,733.0,733.0
deepseek,63,150,213,0,148,,,DeepSeekBackend,deepseek-v4-flash,1784094187.3008094,llm_judge_binary,evaluation,,,724.0,724.0
deepseek,63,122,185,0,120,,,DeepSeekBackend,deepseek-v4-flash,1784094187.4780633,llm_judge_binary,evaluation,,,730.0,730.0
deepseek,63,72,135,0,70,,,DeepSeekBackend,deepseek-v4-flash,1784094187.6317642,llm_judge_binary,evaluation,,,738.0,738.0
deepseek,63,80,143,0,78,,,DeepSeekBackend,deepseek-v4-flash,1784094187.6465876,llm_judge_binary,evaluation,,,737.0,737.0
deepseek,64,44,108,0,42,,,DeepSeekBackend,deepseek-v4-flash,1784094187.8462284,llm_judge_binary,evaluation,,,744.0,744.0
deepseek,63,181,244,0,179,,,DeepSeekBackend,deepseek-v4-flash,1784094187.95773,llm_judge_binary,evaluation,,,726.0,726.0
deepseek,64,40,104,0,38,,,DeepSeekBackend,deepseek-v4-flash,1784094187.9843683,llm_judge_binary,evaluation,,,746.0,746.0
deepseek,63,168,231,0,166,,,DeepSeekBackend,deepseek-v4-flash,1784094188.0512724,llm_judge_binary,evaluation,,,732.0,732.0
deepseek,63,187,250,0,185,,,DeepSeekBackend,deepseek-v4-flash,1784094188.080199,llm_judge_binary,evaluation,,,731.0,731.0
deepseek,64,39,103,0,37,,,DeepSeekBackend,deepseek-v4-flash,1784094188.1140652,llm_judge_binary,evaluation,,,747.0,747.0
deepseek,63,165,228,0,163,,,DeepSeekBackend,deepseek-v4-flash,1784094188.1252444,llm_judge_binary,evaluation,,,727.0,727.0
deepseek,64,34,98,0,32,,,DeepSeekBackend,deepseek-v4-flash,1784094188.244038,llm_judge_binary,evaluation,,,745.0,745.0
deepseek,63,147,210,0,145,,,DeepSeekBackend,deepseek-v4-flash,1784094188.2573156,llm_judge_binary,evaluation,,,736.0,736.0
deepseek,63,132,195,0,130,,,DeepSeekBackend,deepseek-v4-flash,1784094188.2713792,llm_judge_binary,evaluation,,,743.0,743.0
deepseek,63,167,230,0,165,,,DeepSeekBackend,deepseek-v4-flash,1784094188.3259351,llm_judge_binary,evaluation,,,735.0,735.0
deepseek,63,180,243,0,178,,,DeepSeekBackend,deepseek-v4-flash,1784094188.4617922,llm_judge_binary,evaluation,,,740.0,740.0
deepseek,63,219,282,0,217,,,DeepSeekBackend,deepseek-v4-flash,1784094188.5635562,llm_judge_binary,evaluation,,,729.0,729.0
deepseek,63,191,254,0,189,,,DeepSeekBackend,deepseek-v4-flash,1784094188.5908446,llm_judge_binary,evaluation,,,739.0,739.0
deepseek,64,48,112,0,46,,,DeepSeekBackend,deepseek-v4-flash,1784094188.6279745,llm_judge_binary,evaluation,,,748.0,748.0
deepseek,63,213,276,0,211,,,DeepSeekBackend,deepseek-v4-flash,1784094188.6923828,llm_judge_binary,evaluation,,,734.0,734.0
deepseek,64,41,105,0,39,,,DeepSeekBackend,deepseek-v4-flash,1784094188.710199,llm_judge_binary,evaluation,,,749.0,749.0
deepseek,64,38,102,0,36,,,DeepSeekBackend,deepseek-v4-flash,1784094188.7479947,llm_judge_binary,evaluation,,,750.0,750.0
deepseek,64,42,106,0,40,,,DeepSeekBackend,deepseek-v4-flash,1784094188.852496,llm_judge_binary,evaluation,,,751.0,751.0
deepseek,63,179,242,0,177,,,DeepSeekBackend,deepseek-v4-flash,1784094189.0163708,llm_judge_binary,evaluation,,,742.0,742.0
deepseek,64,43,107,0,41,,,DeepSeekBackend,deepseek-v4-flash,1784094189.1155872,llm_judge_binary,evaluation,,,755.0,755.0
deepseek,64,46,110,0,44,,,DeepSeekBackend,deepseek-v4-flash,1784094189.1225026,llm_judge_binary,evaluation,,,754.0,754.0
deepseek,64,51,115,0,49,,,DeepSeekBackend,deepseek-v4-flash,1784094189.1291978,llm_judge_binary,evaluation,,,752.0,752.0
deepseek,64,47,111,0,45,,,DeepSeekBackend,deepseek-v4-flash,1784094189.1339426,llm_judge_binary,evaluation,,,757.0,757.0
deepseek,64,49,113,0,47,,,DeepSeekBackend,deepseek-v4-flash,1784094189.1768255,llm_judge_binary,evaluation,,,753.0,753.0
deepseek,64,38,102,0,36,,,DeepSeekBackend,deepseek-v4-flash,1784094189.195219,llm_judge_binary,evaluation,,,759.0,759.0
deepseek,64,49,113,0,47,,,DeepSeekBackend,deepseek-v4-flash,1784094189.215697,llm_judge_binary,evaluation,,,758.0,758.0
deepseek,63,219,282,0,217,,,DeepSeekBackend,deepseek-v4-flash,1784094189.2302163,llm_judge_binary,evaluation,,,741.0,741.0
deepseek,64,45,109,0,43,,,DeepSeekBackend,deepseek-v4-flash,1784094189.2766404,llm_judge_binary,evaluation,,,760.0,760.0
deepseek,64,51,115,0,49,,,DeepSeekBackend,deepseek-v4-flash,1784094189.3295116,llm_judge_binary,evaluation,,,756.0,756.0
deepseek,64,38,102,0,36,,,DeepSeekBackend,deepseek-v4-flash,1784094189.3999727,llm_judge_binary,evaluation,,,761.0,761.0
deepseek,62,33,95,0,31,,,DeepSeekBackend,deepseek-v4-flash,1784094189.4873059,llm_judge_binary,evaluation,,,764.0,764.0
deepseek,64,45,109,0,43,,,DeepSeekBackend,deepseek-v4-flash,1784094189.5277786,llm_judge_binary,evaluation,,,762.0,762.0
deepseek,64,32,96,0,30,,,DeepSeekBackend,deepseek-v4-flash,1784094189.610404,llm_judge_binary,evaluation,,,763.0,763.0
deepseek,62,41,103,0,39,,,DeepSeekBackend,deepseek-v4-flash,1784094189.8899248,llm_judge_binary,evaluation,,,767.0,767.0
deepseek,62,29,91,0,27,,,DeepSeekBackend,deepseek-v4-flash,1784094189.90323,llm_judge_binary,evaluation,,,769.0,769.0
deepseek,62,36,98,0,34,,,DeepSeekBackend,deepseek-v4-flash,1784094189.9100173,llm_judge_binary,evaluation,,,766.0,766.0
deepseek,62,40,102,0,38,,,DeepSeekBackend,deepseek-v4-flash,1784094189.9436991,llm_judge_binary,evaluation,,,768.0,768.0
deepseek,62,27,89,0,25,,,DeepSeekBackend,deepseek-v4-flash,1784094189.983569,llm_judge_binary,evaluation,,,770.0,770.0
deepseek,61,88,149,0,86,,,DeepSeekBackend,deepseek-v4-flash,1784094190.0372708,llm_judge_binary,evaluation,,,765.0,765.0
deepseek,62,43,105,0,41,,,DeepSeekBackend,deepseek-v4-flash,1784094190.0726433,llm_judge_binary,evaluation,,,776.0,776.0
deepseek,62,37,99,0,35,,,DeepSeekBackend,deepseek-v4-flash,1784094190.1092343,llm_judge_binary,evaluation,,,777.0,777.0
deepseek,62,48,110,0,46,,,DeepSeekBackend,deepseek-v4-flash,1784094190.1725752,llm_judge_binary,evaluation,,,772.0,772.0
deepseek,62,42,104,0,40,,,DeepSeekBackend,deepseek-v4-flash,1784094190.1794777,llm_judge_binary,evaluation,,,771.0,771.0
deepseek,62,44,106,0,42,,,DeepSeekBackend,deepseek-v4-flash,1784094190.1856067,llm_judge_binary,evaluation,,,775.0,775.0
deepseek,62,46,108,0,44,,,DeepSeekBackend,deepseek-v4-flash,1784094190.257935,llm_judge_binary,evaluation,,,781.0,781.0
deepseek,62,65,127,0,63,,,DeepSeekBackend,deepseek-v4-flash,1784094190.2742598,llm_judge_binary,evaluation,,,778.0,778.0
deepseek,61,63,124,0,61,,,DeepSeekBackend,deepseek-v4-flash,1784094190.2811618,llm_judge_binary,evaluation,,,773.0,773.0
deepseek,61,79,140,0,77,,,DeepSeekBackend,deepseek-v4-flash,1784094190.3093302,llm_judge_binary,evaluation,,,774.0,774.0
deepseek,62,36,98,0,34,,,DeepSeekBackend,deepseek-v4-flash,1784094190.3785806,llm_judge_binary,evaluation,,,780.0,780.0
deepseek,62,38,100,0,36,,,DeepSeekBackend,deepseek-v4-flash,1784094190.4398754,llm_judge_binary,evaluation,,,782.0,782.0
deepseek,62,45,107,0,43,,,DeepSeekBackend,deepseek-v4-flash,1784094190.5714428,llm_judge_binary,evaluation,,,783.0,783.0
deepseek,64,58,122,0,56,,,DeepSeekBackend,deepseek-v4-flash,1784094190.8316696,llm_judge_binary,evaluation,,,784.0,784.0
deepseek,62,84,146,0,82,,,DeepSeekBackend,deepseek-v4-flash,1784094190.8394468,llm_judge_binary,evaluation,,,779.0,779.0
deepseek,64,50,114,0,48,,,DeepSeekBackend,deepseek-v4-flash,1784094191.0473511,llm_judge_binary,evaluation,,,786.0,786.0
deepseek,64,64,128,0,62,,,DeepSeekBackend,deepseek-v4-flash,1784094191.0607858,llm_judge_binary,evaluation,,,788.0,788.0
deepseek,64,56,120,0,54,,,DeepSeekBackend,deepseek-v4-flash,1784094191.066862,llm_judge_binary,evaluation,,,787.0,787.0
deepseek,64,55,119,0,53,,,DeepSeekBackend,deepseek-v4-flash,1784094191.205783,llm_judge_binary,evaluation,,,789.0,789.0
deepseek,64,55,119,0,53,,,DeepSeekBackend,deepseek-v4-flash,1784094191.223506,llm_judge_binary,evaluation,,,793.0,793.0
deepseek,64,86,150,0,84,,,DeepSeekBackend,deepseek-v4-flash,1784094191.2362275,llm_judge_binary,evaluation,,,791.0,791.0
deepseek,64,65,129,0,63,,,DeepSeekBackend,deepseek-v4-flash,1784094191.297529,llm_judge_binary,evaluation,,,798.0,798.0
deepseek,64,84,148,0,82,,,DeepSeekBackend,deepseek-v4-flash,1784094191.315198,llm_judge_binary,evaluation,,,785.0,785.0
deepseek,64,83,147,0,81,,,DeepSeekBackend,deepseek-v4-flash,1784094191.384253,llm_judge_binary,evaluation,,,794.0,794.0
deepseek,64,86,150,0,84,,,DeepSeekBackend,deepseek-v4-flash,1784094191.4439971,llm_judge_binary,evaluation,,,790.0,790.0
deepseek,64,97,161,0,95,,,DeepSeekBackend,deepseek-v4-flash,1784094191.487817,llm_judge_binary,evaluation,,,792.0,792.0
deepseek,64,71,135,0,69,,,DeepSeekBackend,deepseek-v4-flash,1784094191.5763533,llm_judge_binary,evaluation,,,800.0,800.0
deepseek,64,56,120,0,54,,,DeepSeekBackend,deepseek-v4-flash,1784094191.5896046,llm_judge_binary,evaluation,,,801.0,801.0
deepseek,64,86,150,0,84,,,DeepSeekBackend,deepseek-v4-flash,1784094191.6141677,llm_judge_binary,evaluation,,,796.0,796.0
deepseek,64,81,145,0,79,,,DeepSeekBackend,deepseek-v4-flash,1784094191.654294,llm_judge_binary,evaluation,,,799.0,799.0
deepseek,64,88,152,0,86,,,DeepSeekBackend,deepseek-v4-flash,1784094191.6654232,llm_judge_binary,evaluation,,,797.0,797.0
deepseek,64,59,123,0,57,,,DeepSeekBackend,deepseek-v4-flash,1784094191.6902974,llm_judge_binary,evaluation,,,803.0,803.0
deepseek,64,97,161,0,95,,,DeepSeekBackend,deepseek-v4-flash,1784094191.7588909,llm_judge_binary,evaluation,,,795.0,795.0
deepseek,64,74,138,0,72,,,DeepSeekBackend,deepseek-v4-flash,1784094191.8942225,llm_judge_binary,evaluation,,,802.0,802.0
deepseek,66,50,116,0,48,,,DeepSeekBackend,deepseek-v4-flash,1784094191.9673676,llm_judge_binary,evaluation,,,805.0,805.0
deepseek,68,104,172,0,102,,,DeepSeekBackend,deepseek-v4-flash,1784094192.6827965,llm_judge_binary,evaluation,,,807.0,807.0
deepseek,68,158,226,0,156,,,DeepSeekBackend,deepseek-v4-flash,1784094192.739071,llm_judge_binary,evaluation,,,804.0,804.0
deepseek,68,160,228,0,158,,,DeepSeekBackend,deepseek-v4-flash,1784094192.8483558,llm_judge_binary,evaluation,,,806.0,806.0
deepseek,66,73,139,0,71,,,DeepSeekBackend,deepseek-v4-flash,1784094192.8711898,llm_judge_binary,evaluation,,,822.0,822.0
deepseek,66,76,142,0,74,,,DeepSeekBackend,deepseek-v4-flash,1784094192.905906,llm_judge_binary,evaluation,,,824.0,824.0
deepseek,68,75,143,0,73,,,DeepSeekBackend,deepseek-v4-flash,1784094192.928112,llm_judge_binary,evaluation,,,813.0,813.0
deepseek,68,103,171,0,101,,,DeepSeekBackend,deepseek-v4-flash,1784094192.9436696,llm_judge_binary,evaluation,,,814.0,814.0
deepseek,68,78,146,0,76,,,DeepSeekBackend,deepseek-v4-flash,1784094192.9604728,llm_judge_binary,evaluation,,,815.0,815.0
deepseek,66,78,144,0,76,,,DeepSeekBackend,deepseek-v4-flash,1784094192.9731221,llm_judge_binary,evaluation,,,817.0,817.0
deepseek,66,78,144,0,76,,,DeepSeekBackend,deepseek-v4-flash,1784094193.0079818,llm_judge_binary,evaluation,,,820.0,820.0
deepseek,68,115,183,0,113,,,DeepSeekBackend,deepseek-v4-flash,1784094193.0185492,llm_judge_binary,evaluation,,,809.0,809.0
deepseek,66,63,129,0,61,,,DeepSeekBackend,deepseek-v4-flash,1784094193.0393162,llm_judge_binary,evaluation,,,821.0,821.0
deepseek,66,78,144,0,76,,,DeepSeekBackend,deepseek-v4-flash,1784094193.0628395,llm_judge_binary,evaluation,,,818.0,818.0
deepseek,66,65,131,0,63,,,DeepSeekBackend,deepseek-v4-flash,1784094193.0734508,llm_judge_binary,evaluation,,,816.0,816.0
deepseek,66,92,158,0,90,,,DeepSeekBackend,deepseek-v4-flash,1784094193.1564772,llm_judge_binary,evaluation,,,819.0,819.0
deepseek,68,102,170,0,100,,,DeepSeekBackend,deepseek-v4-flash,1784094193.2855833,llm_judge_binary,evaluation,,,812.0,812.0
deepseek,66,74,140,0,72,,,DeepSeekBackend,deepseek-v4-flash,1784094193.3142478,llm_judge_binary,evaluation,,,823.0,823.0
deepseek,68,239,307,0,237,,,DeepSeekBackend,deepseek-v4-flash,1784094193.9170163,llm_judge_binary,evaluation,,,810.0,810.0
deepseek,66,56,122,0,54,,,DeepSeekBackend,deepseek-v4-flash,1784094193.9361126,llm_judge_binary,evaluation,,,825.0,825.0
deepseek,62,37,99,0,35,,,DeepSeekBackend,deepseek-v4-flash,1784094193.9698062,llm_judge_binary,evaluation,,,827.0,827.0
deepseek,66,71,137,0,69,,,DeepSeekBackend,deepseek-v4-flash,1784094193.9883726,llm_judge_binary,evaluation,,,830.0,830.0
deepseek,66,64,130,0,62,,,DeepSeekBackend,deepseek-v4-flash,1784094193.9946425,llm_judge_binary,evaluation,,,828.0,828.0
deepseek,66,66,132,0,64,,,DeepSeekBackend,deepseek-v4-flash,1784094194.0358267,llm_judge_binary,evaluation,,,831.0,831.0
deepseek,66,57,123,0,55,,,DeepSeekBackend,deepseek-v4-flash,1784094194.1072776,llm_judge_binary,evaluation,,,832.0,832.0
deepseek,68,280,348,0,278,,,DeepSeekBackend,deepseek-v4-flash,1784094194.1904502,llm_judge_binary,evaluation,,,808.0,808.0
deepseek,66,76,142,0,74,,,DeepSeekBackend,deepseek-v4-flash,1784094194.2057586,llm_judge_binary,evaluation,,,826.0,826.0
deepseek,66,60,126,0,58,,,DeepSeekBackend,deepseek-v4-flash,1784094194.3124003,llm_judge_binary,evaluation,,,829.0,829.0
deepseek,66,75,141,0,73,,,DeepSeekBackend,deepseek-v4-flash,1784094194.339191,llm_judge_binary,evaluation,,,834.0,834.0
deepseek,66,103,169,0,101,,,DeepSeekBackend,deepseek-v4-flash,1784094194.3959713,llm_judge_binary,evaluation,,,833.0,833.0
deepseek,65,80,145,0,78,,,DeepSeekBackend,deepseek-v4-flash,1784094194.4239752,llm_judge_binary,evaluation,,,837.0,837.0
deepseek,66,99,165,0,97,,,DeepSeekBackend,deepseek-v4-flash,1784094194.503524,llm_judge_binary,evaluation,,,835.0,835.0
deepseek,68,285,353,0,283,,,DeepSeekBackend,deepseek-v4-flash,1784094194.5194604,llm_judge_binary,evaluation,,,811.0,811.0
deepseek,65,144,209,0,142,,,DeepSeekBackend,deepseek-v4-flash,1784094195.0926416,llm_judge_binary,evaluation,,,841.0,841.0
deepseek,65,144,209,0,142,,,DeepSeekBackend,deepseek-v4-flash,1784094195.1066694,llm_judge_binary,evaluation,,,836.0,836.0
deepseek,65,167,232,0,165,,,DeepSeekBackend,deepseek-v4-flash,1784094195.1500382,llm_judge_binary,evaluation,,,839.0,839.0
deepseek,65,90,155,0,88,,,DeepSeekBackend,deepseek-v4-flash,1784094195.334265,llm_judge_binary,evaluation,,,842.0,842.0
deepseek,65,89,154,0,87,,,DeepSeekBackend,deepseek-v4-flash,1784094195.6229105,llm_judge_binary,evaluation,,,853.0,853.0
deepseek,65,129,194,0,127,,,DeepSeekBackend,deepseek-v4-flash,1784094195.656307,llm_judge_binary,evaluation,,,849.0,849.0
deepseek,65,91,156,0,89,,,DeepSeekBackend,deepseek-v4-flash,1784094195.7334757,llm_judge_binary,evaluation,,,848.0,848.0
deepseek,65,226,291,0,224,,,DeepSeekBackend,deepseek-v4-flash,1784094195.8712964,llm_judge_binary,evaluation,,,838.0,838.0
deepseek,66,79,145,0,77,,,DeepSeekBackend,deepseek-v4-flash,1784094196.0048783,llm_judge_binary,evaluation,,,856.0,856.0
deepseek,65,121,186,0,119,,,DeepSeekBackend,deepseek-v4-flash,1784094196.015685,llm_judge_binary,evaluation,,,852.0,852.0
deepseek,65,193,258,0,191,,,DeepSeekBackend,deepseek-v4-flash,1784094196.1557596,llm_judge_binary,evaluation,,,846.0,846.0
deepseek,65,185,250,0,183,,,DeepSeekBackend,deepseek-v4-flash,1784094196.2487628,llm_judge_binary,evaluation,,,845.0,845.0
deepseek,66,77,143,0,75,,,DeepSeekBackend,deepseek-v4-flash,1784094196.3457289,llm_judge_binary,evaluation,,,857.0,857.0
deepseek,65,180,245,0,178,,,DeepSeekBackend,deepseek-v4-flash,1784094196.4253373,llm_judge_binary,evaluation,,,844.0,844.0
deepseek,66,74,140,0,72,,,DeepSeekBackend,deepseek-v4-flash,1784094196.4459999,llm_judge_binary,evaluation,,,858.0,858.0
deepseek,65,216,281,0,214,,,DeepSeekBackend,deepseek-v4-flash,1784094196.5046442,llm_judge_binary,evaluation,,,843.0,843.0
deepseek,66,48,114,0,46,,,DeepSeekBackend,deepseek-v4-flash,1784094196.721623,llm_judge_binary,evaluation,,,862.0,862.0
deepseek,66,102,168,0,100,,,DeepSeekBackend,deepseek-v4-flash,1784094196.7347672,llm_judge_binary,evaluation,,,859.0,859.0
deepseek,65,177,242,0,175,,,DeepSeekBackend,deepseek-v4-flash,1784094196.7595453,llm_judge_binary,evaluation,,,854.0,854.0
deepseek,66,82,148,0,80,,,DeepSeekBackend,deepseek-v4-flash,1784094196.842087,llm_judge_binary,evaluation,,,860.0,860.0
deepseek,66,100,166,0,98,,,DeepSeekBackend,deepseek-v4-flash,1784094196.872003,llm_judge_binary,evaluation,,,861.0,861.0
deepseek,65,230,295,0,228,,,DeepSeekBackend,deepseek-v4-flash,1784094196.8786552,llm_judge_binary,evaluation,,,847.0,847.0
deepseek,61,249,310,0,247,,,DeepSeekBackend,deepseek-v4-flash,1784094197.0163317,llm_judge_binary,evaluation,,,850.0,850.0
deepseek,61,328,389,0,326,,,DeepSeekBackend,deepseek-v4-flash,1784094197.2193227,llm_judge_binary,evaluation,,,840.0,840.0
deepseek,61,212,273,0,210,,,DeepSeekBackend,deepseek-v4-flash,1784094197.2988715,llm_judge_binary,evaluation,,,855.0,855.0
deepseek,66,98,164,0,96,,,DeepSeekBackend,deepseek-v4-flash,1784094197.3067122,llm_judge_binary,evaluation,,,863.0,863.0
deepseek,66,72,138,0,70,,,DeepSeekBackend,deepseek-v4-flash,1784094197.3407085,llm_judge_binary,evaluation,,,867.0,867.0
deepseek,66,90,156,0,88,,,DeepSeekBackend,deepseek-v4-flash,1784094197.3552577,llm_judge_binary,evaluation,,,865.0,865.0
deepseek,65,294,359,0,292,,,DeepSeekBackend,deepseek-v4-flash,1784094197.4012427,llm_judge_binary,evaluation,,,851.0,851.0
deepseek,66,125,191,0,123,,,DeepSeekBackend,deepseek-v4-flash,1784094197.492924,llm_judge_binary,evaluation,,,864.0,864.0
deepseek,66,97,163,0,95,,,DeepSeekBackend,deepseek-v4-flash,1784094197.5159354,llm_judge_binary,evaluation,,,866.0,866.0
deepseek,66,82,148,0,80,,,DeepSeekBackend,deepseek-v4-flash,1784094197.6540763,llm_judge_binary,evaluation,,,868.0,868.0
deepseek,66,84,150,0,82,,,DeepSeekBackend,deepseek-v4-flash,1784094197.7190306,llm_judge_binary,evaluation,,,871.0,871.0
deepseek,70,41,111,0,39,,,DeepSeekBackend,deepseek-v4-flash,1784094197.8263702,llm_judge_binary,evaluation,,,876.0,876.0
deepseek,66,97,163,0,95,,,DeepSeekBackend,deepseek-v4-flash,1784094197.838147,llm_judge_binary,evaluation,,,869.0,869.0
deepseek,70,47,117,0,45,,,DeepSeekBackend,deepseek-v4-flash,1784094197.9101417,llm_judge_binary,evaluation,,,878.0,878.0
deepseek,70,53,123,0,51,,,DeepSeekBackend,deepseek-v4-flash,1784094197.973049,llm_judge_binary,evaluation,,,879.0,879.0
deepseek,66,94,160,0,92,,,DeepSeekBackend,deepseek-v4-flash,1784094198.022753,llm_judge_binary,evaluation,,,872.0,872.0
deepseek,66,112,178,0,110,,,DeepSeekBackend,deepseek-v4-flash,1784094198.0474768,llm_judge_binary,evaluation,,,870.0,870.0
deepseek,66,84,150,0,82,,,DeepSeekBackend,deepseek-v4-flash,1784094198.058439,llm_judge_binary,evaluation,,,873.0,873.0
deepseek,66,86,152,0,84,,,DeepSeekBackend,deepseek-v4-flash,1784094198.1474266,llm_judge_binary,evaluation,,,874.0,874.0
deepseek,70,52,122,0,50,,,DeepSeekBackend,deepseek-v4-flash,1784094198.164256,llm_judge_binary,evaluation,,,880.0,880.0
deepseek,70,54,124,0,52,,,DeepSeekBackend,deepseek-v4-flash,1784094198.2224245,llm_judge_binary,evaluation,,,882.0,882.0
deepseek,66,98,164,0,96,,,DeepSeekBackend,deepseek-v4-flash,1784094198.338891,llm_judge_binary,evaluation,,,875.0,875.0
deepseek,70,52,122,0,50,,,DeepSeekBackend,deepseek-v4-flash,1784094198.3681316,llm_judge_binary,evaluation,,,883.0,883.0
deepseek,70,54,124,0,52,,,DeepSeekBackend,deepseek-v4-flash,1784094198.4463007,llm_judge_binary,evaluation,,,884.0,884.0
deepseek,70,47,117,0,45,,,DeepSeekBackend,deepseek-v4-flash,1784094198.4797113,llm_judge_binary,evaluation,,,886.0,886.0
deepseek,70,41,111,0,39,,,DeepSeekBackend,deepseek-v4-flash,1784094198.5229146,llm_judge_binary,evaluation,,,889.0,889.0
deepseek,68,89,157,0,87,,,DeepSeekBackend,deepseek-v4-flash,1784094198.6132002,llm_judge_binary,evaluation,,,885.0,885.0
deepseek,70,55,125,0,53,,,DeepSeekBackend,deepseek-v4-flash,1784094198.7001555,llm_judge_binary,evaluation,,,890.0,890.0
deepseek,68,112,180,0,110,,,DeepSeekBackend,deepseek-v4-flash,1784094198.7816,llm_judge_binary,evaluation,,,881.0,881.0
deepseek,70,47,117,0,45,,,DeepSeekBackend,deepseek-v4-flash,1784094198.8003442,llm_judge_binary,evaluation,,,895.0,895.0
deepseek,70,52,122,0,50,,,DeepSeekBackend,deepseek-v4-flash,1784094198.842722,llm_judge_binary,evaluation,,,891.0,891.0
deepseek,70,43,113,0,41,,,DeepSeekBackend,deepseek-v4-flash,1784094198.8812551,llm_judge_binary,evaluation,,,894.0,894.0
deepseek,70,47,117,0,45,,,DeepSeekBackend,deepseek-v4-flash,1784094198.9427533,llm_judge_binary,evaluation,,,896.0,896.0
deepseek,70,58,128,0,56,,,DeepSeekBackend,deepseek-v4-flash,1784094198.9743774,llm_judge_binary,evaluation,,,892.0,892.0
deepseek,70,47,117,0,45,,,DeepSeekBackend,deepseek-v4-flash,1784094199.0988758,llm_judge_binary,evaluation,,,897.0,897.0
deepseek,70,43,113,0,41,,,DeepSeekBackend,deepseek-v4-flash,1784094199.1812391,llm_judge_binary,evaluation,,,898.0,898.0
deepseek,70,47,117,0,45,,,DeepSeekBackend,deepseek-v4-flash,1784094199.2341356,llm_judge_binary,evaluation,,,900.0,900.0
deepseek,70,45,115,0,43,,,DeepSeekBackend,deepseek-v4-flash,1784094199.2792327,llm_judge_binary,evaluation,,,901.0,901.0
deepseek,68,139,207,0,137,,,DeepSeekBackend,deepseek-v4-flash,1784094199.2961595,llm_judge_binary,evaluation,,,887.0,887.0
deepseek,70,52,122,0,50,,,DeepSeekBackend,deepseek-v4-flash,1784094199.3273835,llm_judge_binary,evaluation,,,903.0,903.0
deepseek,70,107,177,0,105,,,DeepSeekBackend,deepseek-v4-flash,1784094199.4353557,llm_judge_binary,evaluation,,,893.0,893.0
deepseek,70,52,122,0,50,,,DeepSeekBackend,deepseek-v4-flash,1784094199.4764352,llm_judge_binary,evaluation,,,905.0,905.0
deepseek,70,54,124,0,52,,,DeepSeekBackend,deepseek-v4-flash,1784094199.5009046,llm_judge_binary,evaluation,,,902.0,902.0
deepseek,70,53,123,0,51,,,DeepSeekBackend,deepseek-v4-flash,1784094199.533626,llm_judge_binary,evaluation,,,906.0,906.0
deepseek,70,54,124,0,52,,,DeepSeekBackend,deepseek-v4-flash,1784094199.5843668,llm_judge_binary,evaluation,,,907.0,907.0
deepseek,70,45,115,0,43,,,DeepSeekBackend,deepseek-v4-flash,1784094199.6188662,llm_judge_binary,evaluation,,,910.0,910.0
deepseek,70,48,118,0,46,,,DeepSeekBackend,deepseek-v4-flash,1784094199.6697063,llm_judge_binary,evaluation,,,908.0,908.0
deepseek,66,140,206,0,138,,,DeepSeekBackend,deepseek-v4-flash,1784094199.7882154,llm_judge_binary,evaluation,,,899.0,899.0
deepseek,70,48,118,0,46,,,DeepSeekBackend,deepseek-v4-flash,1784094199.892295,llm_judge_binary,evaluation,,,911.0,911.0
deepseek,70,38,108,0,36,,,DeepSeekBackend,deepseek-v4-flash,1784094199.9450045,llm_judge_binary,evaluation,,,909.0,909.0
deepseek,70,45,115,0,43,,,DeepSeekBackend,deepseek-v4-flash,1784094199.9961057,llm_judge_binary,evaluation,,,912.0,912.0
deepseek,70,54,124,0,52,,,DeepSeekBackend,deepseek-v4-flash,1784094200.0037003,llm_judge_binary,evaluation,,,913.0,913.0
deepseek,68,185,253,0,183,,,DeepSeekBackend,deepseek-v4-flash,1784094200.058854,llm_judge_binary,evaluation,,,888.0,888.0
deepseek,70,43,113,0,41,,,DeepSeekBackend,deepseek-v4-flash,1784094200.174822,llm_judge_binary,evaluation,,,915.0,915.0
deepseek,68,376,444,0,374,,,DeepSeekBackend,deepseek-v4-flash,1784094200.6342597,llm_judge_binary,evaluation,,,877.0,877.0
deepseek,62,86,148,0,84,,,DeepSeekBackend,deepseek-v4-flash,1784094200.666522,llm_judge_binary,evaluation,,,918.0,918.0
deepseek,62,80,142,0,78,,,DeepSeekBackend,deepseek-v4-flash,1784094200.8853269,llm_judge_binary,evaluation,,,919.0,919.0
deepseek,62,98,160,0,96,,,DeepSeekBackend,deepseek-v4-flash,1784094200.898341,llm_judge_binary,evaluation,,,916.0,916.0
deepseek,66,194,260,0,192,,,DeepSeekBackend,deepseek-v4-flash,1784094200.918186,llm_judge_binary,evaluation,,,904.0,904.0
deepseek,62,112,174,0,110,,,DeepSeekBackend,deepseek-v4-flash,1784094201.189531,llm_judge_binary,evaluation,,,923.0,923.0
deepseek,62,121,183,0,119,,,DeepSeekBackend,deepseek-v4-flash,1784094201.3079748,llm_judge_binary,evaluation,,,924.0,924.0
deepseek,62,88,150,0,86,,,DeepSeekBackend,deepseek-v4-flash,1784094201.3104234,llm_judge_binary,evaluation,,,929.0,929.0
deepseek,62,85,147,0,83,,,DeepSeekBackend,deepseek-v4-flash,1784094201.3640797,llm_judge_binary,evaluation,,,930.0,930.0
deepseek,62,143,205,0,141,,,DeepSeekBackend,deepseek-v4-flash,1784094201.5222833,llm_judge_binary,evaluation,,,922.0,922.0
deepseek,63,80,143,0,78,,,DeepSeekBackend,deepseek-v4-flash,1784094201.5425465,llm_judge_binary,evaluation,,,931.0,931.0
deepseek,62,188,250,0,186,,,DeepSeekBackend,deepseek-v4-flash,1784094201.5928304,llm_judge_binary,evaluation,,,917.0,917.0
deepseek,66,204,270,0,202,,,DeepSeekBackend,deepseek-v4-flash,1784094201.6621366,llm_judge_binary,evaluation,,,914.0,914.0
deepseek,62,64,126,0,62,,,DeepSeekBackend,deepseek-v4-flash,1784094201.7189412,llm_judge_binary,evaluation,,,934.0,934.0
deepseek,62,128,190,0,126,,,DeepSeekBackend,deepseek-v4-flash,1784094201.7274122,llm_judge_binary,evaluation,,,928.0,928.0
deepseek,62,193,255,0,191,,,DeepSeekBackend,deepseek-v4-flash,1784094201.7544725,llm_judge_binary,evaluation,,,920.0,920.0
deepseek,62,113,175,0,111,,,DeepSeekBackend,deepseek-v4-flash,1784094201.8540056,llm_judge_binary,evaluation,,,932.0,932.0
deepseek,62,173,235,0,171,,,DeepSeekBackend,deepseek-v4-flash,1784094201.8831096,llm_judge_binary,evaluation,,,921.0,921.0
deepseek,62,79,141,0,77,,,DeepSeekBackend,deepseek-v4-flash,1784094201.9689152,llm_judge_binary,evaluation,,,933.0,933.0
deepseek,62,185,247,0,183,,,DeepSeekBackend,deepseek-v4-flash,1784094202.2812006,llm_judge_binary,evaluation,,,926.0,926.0
deepseek,62,85,147,0,83,,,DeepSeekBackend,deepseek-v4-flash,1784094202.3166595,llm_judge_binary,evaluation,,,935.0,935.0
deepseek,62,283,345,0,281,,,DeepSeekBackend,deepseek-v4-flash,1784094202.8133361,llm_judge_binary,evaluation,,,925.0,925.0
deepseek,62,242,304,0,240,,,DeepSeekBackend,deepseek-v4-flash,1784094202.8525205,llm_judge_binary,evaluation,,,927.0,927.0
